,state,label,pred,predbase,target,mae,mse
0,0,1,-0.18246365,-0.10656023,-0.1440307705623973,0.03843288,0.0014770863
1,0,1,0.13314438,0.08626747,0.2029145686219999,0.06977019,0.004867879
2,0,1,-0.1901784,-0.11193848,-0.1166865478836065,0.07349185,0.005401052
3,0,1,0.10759401,0.083133936,0.1196520280184136,0.012058012,0.00014539566
4,0,1,-0.11286473,-0.046723127,-0.1513994416498074,0.038534716,0.0014849243
5,0,1,0.1400299,0.086806536,0.1502411806338957,0.010211274,0.00010427012
6,0,1,-0.1412983,-0.07338834,-0.1089473816184432,0.032350913,0.0010465815
7,0,1,0.10036254,0.081924915,0.2141580199879644,0.113795474,0.01294941
8,0,1,-0.200598,-0.11832285,-0.1864586071025411,0.014139399,0.00019992261
9,0,1,0.17278743,0.0875783,0.0443734559826083,0.12841398,0.016490148
10,0,1,-0.04276538,-0.023934364,0.0543863261410186,0.097151704,0.009438453
11,0,1,-0.052098513,-0.032433033,0.0778234181851411,0.12992193,0.016879708
12,0,1,-0.07393336,-0.043691397,-0.2443813149709757,0.17044795,0.029052502
13,0,1,0.2268877,0.08232474,0.0865040703504789,0.14038363,0.019707564
14,0,1,-0.082016945,-0.04441428,0.0167707263796716,0.09878767,0.009759004
15,0,1,-0.017024994,-0.0009865761,0.1853464095729946,0.2023714,0.040954184
16,0,1,-0.17388797,-0.10027361,0.0161218540176695,0.19000982,0.03610373
17,0,1,-0.016420126,-0.00045490265,-0.0198392522071717,0.0034191255,1.1690418e-05
18,0,1,0.017136812,0.028342485,-0.0470652705693868,0.064202085,0.0041219075
19,0,1,0.04255724,0.049314976,0.0904234586538761,0.047866218,0.0022911748
20,0,1,-0.08566594,-0.044724226,0.0481014539623285,0.1337674,0.017893717
21,0,1,-0.04624057,-0.027088404,-0.1018747199994503,0.05563415,0.0030951584
22,0,1,0.09375501,0.080694914,0.2674887050640033,0.17373371,0.030183403
23,0,1,-0.2499373,-0.12973261,-0.2828478569804051,0.032910556,0.0010831046
24,0,1,0.2627921,0.0743134,0.2574089068693626,0.0053831935,2.8978771e-05
25,0,1,-0.24062228,-0.12980843,-0.0552795190099359,0.18534276,0.034351937
26,0,1,0.050228357,0.05550003,-0.0780907787397393,0.12831914,0.016465804
27,0,1,0.07153487,0.07232666,0.1176247768866423,0.046089903,0.002124279
28,0,1,-0.110979795,-0.046601772,-0.0458987117073972,0.06508108,0.0042355475
29,0,1,0.041467667,0.048431158,-0.0533848555741585,0.09485252,0.008997001
30,0,1,0.0484581,0.054079294,0.0671828969591579,0.0187248,0.0003506181
31,0,1,-0.064022064,-0.042740583,0.0131794548376276,0.077201515,0.005960074
32,0,1,-0.01367569,0.0019471645,0.0542474559290222,0.06792314,0.0046135536
33,0,1,-0.051968813,-0.032314777,-0.0376871761264645,0.014281638,0.00020396519
34,0,1,0.03379941,0.04217267,-0.1098363635997241,0.14363578,0.020631237
35,0,1,0.10119343,0.08207083,0.1242709785352995,0.023077548,0.0005325732
36,0,1,-0.11716056,-0.050388098,-0.1362294917745781,0.019068927,0.00036362396
37,0,1,0.12585545,0.08555579,0.1469219961319052,0.021066546,0.0004437994
38,0,1,-0.13821554,-0.07059693,-0.0762493330973463,0.06196621,0.0038398113
39,0,1,0.06981492,0.07098746,0.1075889933282088,0.03777407,0.0014268805
40,0,1,-0.101643085,-0.045964718,-0.0838371403833213,0.017805941,0.00031705154
41,0,1,0.07690287,0.07648373,0.0477422923175065,0.029160574,0.00085033907
42,0,1,-0.04590559,-0.026783705,-0.1305160906780522,0.08461051,0.007158938
43,0,1,0.12051654,0.08494234,0.1135729368447338,0.0069435984,4.821356e-05
44,0,0,-0.10721016,-0.046352625,0.0650537030737337,0.17226386,0.029674837
45,0,0,-0.062038183,-0.041588306,0.293077667052477,0.35511586,0.12610728
46,0,0,-0.27356195,-0.12771821,0.3206930058239301,0.594255,0.35313898
47,0,0,-0.2990167,-0.12261152,0.3154265540860974,0.6144433,0.37754056
48,0,0,-0.2941656,-0.12381959,0.2619067939362929,0.5560724,0.30921653
49,1,0,0.25888276,-0.12982512,0.1774997290453557,0.081383035,0.0066231983
50,1,0,0.17275286,-0.09467983,0.140012969849185,0.032739893,0.0010719006
51,1,0,0.13451266,-0.06464815,0.0326695747802272,0.10184309,0.010372015
52,1,0,0.025087118,-0.014117479,0.0275550502536732,0.0024679322,6.090689e-06
53,1,0,0.01987648,-0.0098667145,0.0217345134267055,0.0018580332,3.4522875e-06
54,1,0,0.013948679,-0.0050606728,-0.1413359207054467,0.1552846,0.024113307
55,1,0,-0.15188527,0.086037874,-0.2379741459893996,0.08608888,0.0074112955
56,1,0,-0.24984717,0.08330798,-0.1611524429018924,0.08869474,0.007866756
57,1,0,-0.17199516,0.087319136,0.0144125005579267,0.18640767,0.03474782
58,1,0,0.0064911842,0.00094151497,0.07278202671481,0.06629084,0.0043944754
59,1,0,0.06596136,-0.04325056,0.0970554423565031,0.031094082,0.00096684194
60,1,0,0.09070492,-0.04522586,0.0520233331089508,0.038681585,0.0014962651
61,1,0,0.04480529,-0.03041935,0.1582404444679328,0.11343515,0.012867533
62,1,0,0.15310454,-0.07993722,0.1520597370459078,0.0010448098,1.0916276e-06
63,1,0,0.14680004,-0.07490015,0.3944807230810729,0.2476807,0.061345726
64,1,0,0.39415932,-0.08905363,0.7774035525133738,0.38324422,0.14687613
65,1,0,0.7836361,0.40650678,0.8923577096072419,0.108721614,0.011820389
66,1,0,0.89983296,0.55643797,0.886562854664033,0.01327008,0.00017609503
67,1,0,0.89398694,0.54840803,0.876161658688098,0.017825305,0.0003177415
68,1,0,0.8834901,0.53412247,0.743744188152184,0.13974589,0.019528914
69,1,0,0.749532,0.36627746,0.9483563047545248,0.19882435,0.03953112
70,1,0,0.95626473,0.61500025,1.081238051475805,0.1249733,0.015618325
71,1,0,1.0862808,0.73633957,1.2510053386048732,0.16472447,0.02713415
72,1,0,1.2563419,0.8957634,1.2232148780847258,0.03312707,0.0010974028
73,1,0,1.2283926,0.86919737,1.1276972217412156,0.10069537,0.0101395575
74,1,0,1.1324914,0.77927923,1.2458737664487072,0.11338246,0.012855582
75,1,0,1.251179,0.8908434,1.123217487049574,0.12796152,0.01637415
76,1,0,1.1280005,0.77511644,1.2977238824423734,0.16972339,0.028806029
77,1,0,1.3033693,0.94083214,1.1602856252043892,0.14308369,0.020472942
78,1,0,1.1651814,0.8097112,1.35147041218245,0.18628907,0.03470362
79,1,0,1.3575304,0.99330235,1.262698435068327,0.09483194,0.008993098
80,1,0,1.2681074,0.90699625,1.2503686377081058,0.01773882,0.0003146657
81,1,0,1.2557008,0.8951533,1.0491811500397137,0.20651972,0.042650394
82,1,0,1.0563066,0.7070186,1.1862861990182876,0.12997961,0.0168947
83,1,0,1.1912844,0.8341749,1.203225621066509,0.0119411945,0.00014259212
84,1,0,1.2083018,0.85019827,1.2763035716247582,0.06800175,0.004624238
85,1,0,1.2818005,0.9201052,1.2721327035369403,0.009667754,9.346547e-05
86,1,0,1.2776027,0.9160824,1.371876787620362,0.09427416,0.008887618
87,1,0,1.3781075,1.0133934,1.3427481869910864,0.035359383,0.0012502859
88,1,0,1.3487363,0.9847417,1.4230197502620947,0.07428348,0.0055180355
89,1,0,1.4297123,1.0641582,1.5135165472812804,0.08380425,0.0070231524
90,1,0,1.521112,1.1553779,1.4182418682824234,0.10287011,0.010582259
91,1,0,1.4248896,1.0593917,1.5154870779245742,0.09059751,0.008207909
92,1,0,1.5231037,1.1573834,1.6376472324959042,0.11454356,0.013120227
93,1,0,1.6465936,1.2832718,1.6383252241676476,0.008268356,6.836571e-05
94,1,0,1.6472793,1.2839792,1.5431953712763478,0.104083896,0.010833457
95,1,0,1.551106,1.1856704,1.603240089243744,0.052134156,0.0027179702
96,1,0,1.6118045,1.2475104,1.5417485646020794,0.07005596,0.0049078376
97,1,0,1.5496435,1.1841891,1.4920644778566667,0.05757904,0.0033153458
98,1,0,1.4994369,1.1335952,1.5230587244517984,0.023621917,0.00055799494
99,1,0,1.5307546,1.165097,1.4037411082875226,0.12701344,0.016132414
100,1,0,1.410254,1.0449545,1.4307065475433238,0.0204525,0.00041830473
101,1,0,1.4374719,1.0718384,1.378301436442507,0.059170485,0.0035011463
102,1,0,1.3845878,1.0197387,1.2139941832791017,0.17059362,0.029102184
103,1,0,1.2191241,0.86042166,1.1030469174739914,0.116077185,0.013473913
104,1,0,1.1077874,0.75643134,1.1211072192016585,0.01331985,0.0001774184
105,1,0,1.125885,0.7731569,1.1161286849275744,0.009756327,9.518591e-05
106,1,0,1.1208956,0.76853895,1.1365912663504445,0.015695691,0.00024635473
107,1,0,1.1414101,0.78756046,1.1698473183409672,0.028437257,0.0008086776
108,1,0,1.1747787,0.81868863,1.242984822319975,0.06820607,0.004652068
109,1,0,1.2482731,0.8880782,1.104514291713989,0.1437589,0.02066662
110,1,0,1.1092572,0.7577872,1.00361024812273,0.10564697,0.011161282
111,1,0,1.0118229,0.6657734,0.9358670913560068,0.07595587,0.0057692938
112,1,0,0.94369006,0.60288596,0.9013855230271396,0.042304516,0.0017896721
113,1,0,0.90893936,0.5690479,0.8489284559487258,0.06001091,0.0036013094
114,1,0,0.8559878,0.49748826,0.9566012460333236,0.100613475,0.010123071
115,1,0,0.96456385,0.623044,1.1570972042153405,0.19253337,0.0370691
116,1,0,1.1619813,0.80672264,1.075821921020386,0.08615947,0.007423454
117,1,0,1.0812178,0.73136854,0.9216557632069202,0.15956199,0.025460029
118,1,0,0.92937326,0.58920693,0.8725762519281379,0.056797028,0.0032259023
119,1,0,0.8798704,0.5292361,0.9780350677136548,0.09816468,0.009636304
120,1,0,0.9861233,0.6428523,0.9418065574920056,0.04431677,0.001963976
121,1,0,0.9496715,0.6086366,1.0566151828057566,0.10694373,0.011436961
122,1,0,1.0632582,0.7137964,1.0216151814152852,0.041643023,0.0017341414
123,1,0,1.0298982,0.682009,0.9576131448961878,0.072285,0.0052251206
124,1,0,0.9655819,0.6240344,0.9571704103402844,0.008411467,7.075278e-05
125,1,0,0.9651363,0.6236017,0.9767321013101724,0.011595786,0.00013446224
126,1,0,0.9848132,0.6416874,0.9276915531231889,0.057121634,0.0032628812
127,1,0,0.9354551,0.5950029,0.9671833656619366,0.031728268,0.001006683
128,1,0,0.9752102,0.6331749,1.0018818986325355,0.026671767,0.0007113832
129,1,0,1.0100877,0.6642194,1.0331882610196286,0.023100495,0.0005336329
130,1,0,1.0413516,0.6924856,1.1778839696772736,0.13653243,0.018641103
131,1,0,1.182847,0.82625175,1.057700599906318,0.12514639,0.01566162
132,1,0,1.0642734,0.714787,1.0339726146122552,0.030300736,0.00091813464
133,1,1,1.0420849,0.69319797,-0.9837994986911668,2.0258844,4.1042075
134,1,1,-0.9913622,-0.5714421,0.8348703257670045,1.8262326,3.3351254
135,1,1,0.84177995,0.4790094,-0.7498831687449994,1.5916631,2.5333915
136,0,1,0.6942508,-0.30223393,1.0584317349593353,0.36418092,0.13262774
137,0,1,-0.9601507,0.7154548,-0.8059168194339144,0.15423387,0.023788087
138,0,1,0.7451,-0.37889695,0.7966290022444587,0.05152899,0.0026552367
139,0,1,-0.72905517,0.43022394,-0.6809410266615472,0.04811412,0.0023149687
140,0,1,0.6313436,-0.21620059,0.490351672785104,0.14099193,0.019878723
141,0,1,-0.45437217,-0.012469292,-0.413629352950442,0.040742815,0.0016599769
142,0,1,0.38460875,0.020047903,0.3797626832385723,0.0048460662,2.3484357e-05
143,0,1,-0.35331893,-0.09750414,-0.4433264619677888,0.09000754,0.008101358
144,0,1,0.4121945,0.0019545555,0.461284903578055,0.049090415,0.0024098689
145,0,1,-0.42789412,-0.039648533,-0.3818827882430926,0.04601133,0.0021170424
146,0,1,0.35508347,0.037044525,0.1043531620653239,0.2507303,0.06286569
147,0,1,-0.09863138,-0.045744896,-0.3408257800453413,0.24219438,0.05865812
148,0,1,0.31685352,0.055398703,0.4048823567582289,0.08802885,0.0077490783
149,0,1,-0.37634563,-0.08255315,-0.2816132101106334,0.09473243,0.008974234
150,0,1,0.26164055,0.07462573,0.2613657879594582,0.0002747476,7.548625e-08
151,0,1,-0.24427938,-0.12982774,-0.3072149809725881,0.06293559,0.0039608884
152,0,1,0.28552222,0.06736493,0.3883916148203421,0.10286939,0.010582112
153,0,1,-0.36123347,-0.092656136,-0.3416177671499905,0.01961571,0.00038477607
154,0,1,0.31759095,0.05508232,0.2513589165348726,0.066232026,0.004386681
155,0,1,-0.23502898,-0.12965798,-0.3781372106992107,0.14310822,0.020479962
156,0,1,0.3515985,0.038888454,0.3753976285669833,0.023799121,0.0005663982
157,0,1,-0.3493135,-0.09984231,-0.4292521417864088,0.07993865,0.006390188
158,0,1,0.39912462,0.010794163,0.4669675729241196,0.06784296,0.0046026674
159,0,1,-0.4330752,-0.034606695,-0.2204927821681641,0.21258241,0.04519128
160,0,1,0.20458007,0.08548069,0.2510136725426846,0.046433598,0.002156079
161,0,1,-0.23470998,-0.12964487,-0.3665569930993388,0.13184702,0.017383637
162,0,1,0.34081864,0.044374228,0.3725109164502953,0.031692266,0.0010043997
163,0,1,-0.3466637,-0.101346016,-0.2337407565226068,0.11292295,0.012751593
164,0,1,0.21695209,0.08390236,0.1435663513352691,0.07338573,0.0053854655
165,0,1,-0.13509703,-0.06773114,-0.0768860795284509,0.058210947,0.0033885143
166,0,1,0.07040954,0.071451664,0.0845259678297436,0.014116429,0.00019927356
167,0,1,-0.08017564,-0.044254303,-0.1242737986042321,0.04409816,0.0019446479
168,0,1,0.11468387,0.084181786,0.1928188307704492,0.07813497,0.0061050733
169,0,1,-0.18081832,-0.105378866,0.126832362142176,0.3076507,0.09464894
170,0,1,-0.11954188,-0.05277443,-0.2293448176242267,0.10980293,0.012056684
171,0,1,0.21284652,0.08447409,0.1769915372692803,0.03585498,0.0012855796
172,0,1,-0.16613674,-0.09430957,-0.2283915972095118,0.06225486,0.0038756677
173,0,1,0.21195602,0.08459115,0.2292516868244081,0.017295659,0.0002991398
174,0,1,-0.21457529,-0.1238842,-0.0212908758627827,0.19328442,0.03735887
175,0,1,0.018492699,0.029479027,-0.0089689210041479,0.02746162,0.00075414055
176,0,1,0.0069904327,0.019767761,-0.0437864340387679,0.050776865,0.00257829
177,0,1,0.039494276,0.04682684,0.0981884363711005,0.05869416,0.0034450046
178,0,1,-0.092894316,-0.04530883,-0.0282637209313514,0.0646306,0.004177114
179,0,1,0.025001764,0.034909487,-0.0326698077804916,0.057671573,0.0033260104
180,0,1,0.0291152,0.038315535,-0.0285090166190049,0.057624217,0.0033205503
181,0,1,0.025230408,0.035099268,-0.2069741177537283,0.23220453,0.053918943
182,0,1,0.19195247,0.08665085,0.2741465656906419,0.08219409,0.0067558684
183,0,1,-0.25608683,-0.12946057,-0.2439981582279138,0.012088671,0.00014613598
184,0,1,0.22652936,0.082386255,0.1655610344404912,0.060968325,0.0037171366
185,0,1,-0.15552664,-0.08571172,-0.128931556221564,0.026595086,0.0007072986
186,0,1,0.11903572,0.08475757,0.217646098707585,0.09861037,0.009724005
187,0,1,-0.20382762,-0.11968827,-0.2754259009828868,0.07159829,0.005126315
188,0,1,0.25586677,0.076140404,0.396948963415153,0.1410822,0.019904187
189,0,1,-0.36907673,-0.08755016,-0.5432438916437965,0.17416716,0.030334199
190,0,1,0.50472665,-0.074231625,0.4462178274291428,0.058508813,0.0034232812
191,0,1,-0.41414547,-0.0523777,-0.3241812580780463,0.08996421,0.008093559
192,0,1,0.3013413,0.06166935,0.5476974866407258,0.24635619,0.06069137
193,0,1,-0.5064204,0.051323175,-0.5923448318257996,0.08592445,0.0073830104
194,0,1,0.5500107,-0.12008858,0.6848776173944553,0.13486695,0.018189095
195,0,1,-0.62981987,0.25899553,-0.5130534851060031,0.11676639,0.01363439
196,0,1,0.4768176,-0.048757076,0.4180009929332722,0.05881661,0.0034593937
197,0,1,-0.38835526,-0.07372761,-0.4274477171326905,0.03909245,0.0015282198
198,0,1,0.39744878,0.011893034,0.3870689399549447,0.010379851,0.0001077413
199,0,1,-0.36002016,-0.093417645,-0.2523211578340736,0.10769901,0.011599076
200,0,1,0.23430157,0.080967665,0.1613610395675668,0.07294053,0.005320321
201,0,1,-0.15162706,-0.0824244,-0.2916665323449434,0.14003947,0.019611055
202,0,1,0.27101946,0.071965456,0.2928928128772665,0.021873355,0.00047844366
203,0,1,-0.273391,-0.12774253,-0.4739054399123961,0.20051444,0.040206037
204,0,1,0.44056153,-0.01887393,0.4253575673444296,0.015203953,0.00023116019
205,0,1,-0.39508414,-0.0684731,-0.2838409630327505,0.11124319,0.0123750465
206,0,1,0.2637186,0.07405853,0.1025045814212037,0.16121402,0.02598996
207,0,1,-0.09691143,-0.04561758,0.0447137364822842,0.14162517,0.020057688
208,0,1,-0.043082476,-0.024221659,-0.0400845027420833,0.002997972,8.987837e-06
209,0,1,0.0360384,0.04400611,0.0559472032668,0.019908804,0.0003963605
210,0,1,-0.053552628,-0.03376603,0.0327940623009483,0.086346686,0.0074557504
211,0,1,-0.031969547,-0.01422143,0.0245188832444513,0.056488432,0.003190943
212,0,1,-0.024252415,-0.00735569,-0.1316639951005958,0.10741158,0.011537247
213,0,1,0.12158871,0.08507156,0.1794326741417937,0.05784397,0.0033459247
214,0,1,-0.16840172,-0.09607983,-0.1054314238549913,0.062970296,0.003965258
215,0,1,0.09707785,0.08132815,-0.0143863186523165,0.111464165,0.01242426
216,0,1,0.012047052,0.024055243,-0.1271206152721959,0.13916767,0.019367639
217,0,1,0.117344856,0.08453989,0.0039160873365515,0.11342877,0.012866086
218,0,1,-0.005033016,0.009457111,0.0028837739035019,0.00791679,6.267557e-05
219,0,1,-0.004069805,0.010288715,0.0884974159937637,0.09256722,0.00856869
220,0,1,-0.08387327,-0.04457259,-0.0335664571053331,0.050306816,0.0025307757
221,0,1,0.02995205,0.039007425,-0.02533150641371,0.055283554,0.0030562712
222,0,1,0.022264242,0.032631397,-0.021625151088553,0.043889396,0.001926279
223,0,1,0.018803835,0.029739857,-0.0292735702607647,0.048077404,0.002311437
224,0,1,0.02594471,0.0356915,0.1559725056880974,0.1300278,0.016907228
225,0,1,-0.1466229,-0.0781064,-0.1975719943645968,0.050949097,0.0025958105
226,0,1,0.18316913,0.08720207,0.1466428503217041,0.036526278,0.001334169
227,0,1,-0.13795614,-0.0703609,-0.1655974801443513,0.027641341,0.0007640437
228,0,1,0.15329647,0.08747578,0.2280763915205348,0.07477993,0.0055920375
229,0,1,-0.21348715,-0.123482704,-0.1150295049437462,0.09845764,0.009693908
230,0,1,0.10604596,0.08288765,-0.0173584721192368,0.123404436,0.015228655
231,0,1,0.014821529,0.02639556,0.1349409965608639,0.12011947,0.014428686
232,0,1,-0.12708068,-0.0601604,-0.0837007211535612,0.043379955,0.0018818205
233,0,1,0.07677579,0.07638502,0.0053601051226022,0.071415685,0.0051002
234,0,1,-0.0063803196,0.008291721,0.0804759882534935,0.086856306,0.007544018
235,0,1,-0.076404095,-0.04391861,-0.1242035672154266,0.047799475,0.00228479
236,0,1,0.11461854,0.08417392,0.0973743386377457,0.017244205,0.0002973626
237,0,1,-0.09213638,-0.045249462,-0.0527087135761519,0.039427668,0.0015545409
238,0,1,0.047827005,0.0535717,0.0747876112039622,0.026960604,0.00072687416
239,0,1,-0.071106195,-0.043427706,0.0165929823864758,0.087699175,0.0076911454
240,0,1,-0.01685977,-0.0008409023,-0.0368672105567093,0.020007439,0.0004002976
241,0,1,0.03303504,0.0415442,0.0269066649131821,0.0061283745,3.7556973e-05
242,0,1,-0.026479244,-0.009329796,0.0897369767471514,0.11621622,0.0135062095
243,0,1,-0.08502793,-0.04467082,-0.2085320865514481,0.12350415,0.015253275
244,0,1,0.1934073,0.086538315,0.2230568218111575,0.029649526,0.0008790944
245,0,1,-0.20883942,-0.1217103,-0.2830351312190124,0.07419571,0.005505004
246,0,1,0.26296663,0.07426572,0.2562166049343912,0.0067500174,4.5562734e-05
247,0,1,-0.23952031,-0.12978983,-0.23824724035578,0.0012730658,1.6206966e-06
248,0,1,0.22115993,0.08326721,0.1492957497856197,0.07186419,0.0051644617
249,0,1,-0.1404202,-0.07259822,-0.1191134520005805,0.021306746,0.0004539774
250,0,1,0.10986209,0.08348465,0.1519271667368515,0.042065084,0.0017694713
251,0,1,-0.14286542,-0.07479,0.0606717852735001,0.2035372,0.04142739
252,0,1,-0.05795622,-0.037815094,0.0259329426622345,0.083889164,0.007037392
253,0,1,-0.025571346,-0.008524656,0.1145240789048975,0.14009543,0.01962673
254,0,1,-0.10809517,-0.04641223,-0.1706507095095717,0.06255554,0.0039131953
255,0,1,0.15801835,0.087596655,0.1281039467200573,0.029914409,0.0008948719
256,0,1,-0.12072492,-0.05395031,-0.1238466232453592,0.0031217039,9.745035e-06
257,0,1,0.114284754,0.084127426,0.0138489760892572,0.10043578,0.010087346
258,0,1,-0.014300108,0.0014014244,-0.1194492611204767,0.10514915,0.011056344
259,0,1,0.11017585,0.08353281,0.225689375217331,0.11551353,0.013343376
260,0,1,-0.21127725,-0.122653484,-0.1566616441579364,0.054615602,0.002982864
261,0,1,0.14494658,0.08711028,0.1755896199470101,0.030643046,0.00093899627
262,0,1,-0.16483498,-0.093281746,-0.1545420661599124,0.010292903,0.000105943844
263,0,1,0.14296627,0.08699632,0.3707048366603245,0.22773856,0.05186485
264,0,1,-0.34500575,-0.10226989,-0.2679066431117829,0.077099115,0.0059442734
265,0,1,0.24884915,0.07785463,0.2701842186945495,0.021335065,0.000455185
266,0,1,-0.2524271,-0.12964463,-0.3182556358634452,0.06582853,0.0043333955
267,0,1,0.29581714,0.06373787,0.3893444598332976,0.09352732,0.008747359
268,0,1,-0.36210728,-0.09210253,-0.3022163998814418,0.059890866,0.0035869158
269,0,1,0.28086066,0.06890869,0.3279904081397773,0.04712975,0.0022212134
270,0,1,-0.30573606,-0.12030125,-0.1240573113000849,0.18167876,0.03300717
271,0,1,0.114481926,0.084154606,0.11469984708642,0.00021792203,4.7490012e-08
272,0,1,-0.10825801,-0.04642272,-0.0582157774711933,0.05004223,0.002504225
273,0,1,0.052970648,0.057695627,0.0660364729996563,0.013065822,0.00017071572
274,0,1,-0.06295395,-0.042437553,0.1969532547031982,0.2599072,0.06755175
275,0,1,-0.18465257,-0.10811186,-0.2519803906704414,0.06732783,0.004533036
276,0,1,0.23398209,0.08102846,0.3478300695924745,0.11384797,0.012961361
277,0,1,-0.3239894,-0.11283755,-0.3955135541259937,0.07152417,0.0051157074
278,0,1,0.36776495,0.030044556,0.1505356794840184,0.21722928,0.047188558
279,0,1,-0.141572,-0.073634624,-0.1308795828080171,0.010692418,0.00011432779
280,0,1,0.12085581,0.08498335,0.0153146275330833,0.105541185,0.011138942
281,0,1,-0.015666962,0.00020503998,-0.0130423893136337,0.0026245723,6.8883796e-06
282,0,1,0.010792732,0.02299428,0.1380899019378998,0.12729716,0.016204568
283,0,1,-0.13000703,-0.06295967,-0.1535151472239868,0.023508117,0.00055263157
284,0,1,0.14200711,0.08693719,0.0164318619535497,0.12557524,0.015769143
285,0,1,-0.01670909,-0.00070858,0.0787660588926857,0.095475145,0.009115503
286,0,1,-0.0748117,-0.043773174,-0.2018975470663808,0.12708585,0.016150814
287,0,1,0.18721056,0.08697605,0.3772041789327058,0.18999362,0.036097575
288,0,1,-0.35097098,-0.098884344,-0.2681766868153907,0.08279431,0.0068548974
289,0,1,0.24910116,0.07779455,0.1486804681540197,0.1004207,0.010084317
290,0,1,-0.13984847,-0.072081566,-0.0335267219202797,0.10632175,0.011304315
291,0,1,0.029915571,0.03897667,-0.177095211923,0.20701078,0.04285346
292,0,1,0.1640389,0.08766198,0.0415071959995323,0.1225317,0.015014017
293,0,1,-0.040093422,-0.021518469,-0.0132941356178779,0.026799288,0.0007182018
294,0,1,0.011028051,0.02319336,0.1701007938690009,0.15907274,0.025304137
295,0,1,-0.15974116,-0.08918667,-0.082716335810129,0.077024825,0.0059328238
296,0,1,0.07585621,0.07567549,0.3340313202691973,0.2581751,0.066654384
297,0,1,-0.31129646,-0.11819601,-0.1645656098779957,0.14673086,0.021529945
298,0,1,0.15233254,0.08744335,0.1680326503207916,0.015700102,0.0002464932
299,0,1,-0.15782094,-0.08761239,-0.2322593561771362,0.07443842,0.0055410787
300,0,1,0.21556854,0.08409929,0.1486136705225158,0.066954866,0.0044829543
301,0,1,-0.1397872,-0.072025776,-0.2916932398345091,0.15190604,0.023075446
302,0,1,0.2710445,0.071958065,0.3305513569613825,0.059506863,0.0035410668
303,0,1,-0.30809355,-0.11942577,-0.3156487338217055,0.0075551867,5.7080848e-05
304,0,1,0.29338646,0.06462145,0.3201812495770739,0.026794791,0.0007179608
305,0,1,-0.2985456,-0.122733116,-0.2541451828952179,0.044400424,0.0019713975
306,0,1,0.23600411,0.0806334,0.3778246395618914,0.14182052,0.02011306
307,0,1,-0.3515408,-0.09855151,-0.3290775598346065,0.022463232,0.0005045968
308,0,1,0.30590534,0.059894323,0.5175694905633339,0.21166414,0.04480171
309,0,1,-0.47910738,0.016122103,-0.4626663154042414,0.016441077,0.000270309
310,0,1,0.43013978,-0.010960579,0.4804802904052523,0.050340503,0.0025341662
311,0,1,-0.44538665,-0.022087336,-0.2361207416690445,0.2092659,0.043792218
312,0,1,0.21917415,0.083574295,0.135725607988641,0.083448544,0.0069636595
313,0,1,-0.12780976,-0.060862064,-0.1915750691713453,0.0637653,0.0040660137
314,0,1,0.177567,0.08744216,0.3133349904972915,0.135768,0.018432949
315,0,1,-0.29223824,-0.12426877,-0.1999823037854473,0.092255935,0.008511158
316,0,1,0.18542123,0.087082624,0.2561416189034768,0.070720404,0.0050013755
317,0,1,-0.23945093,-0.12978792,-0.1427134853870533,0.096737444,0.009358133
318,0,1,0.13191366,0.08615756,0.1879387399059608,0.056025073,0.0031388088
319,0,1,-0.17629218,-0.10206914,-0.2955489718896027,0.119256794,0.014222183
320,0,1,0.27464128,0.07087207,0.3862922034396741,0.111650914,0.012465927
321,0,1,-0.35930872,-0.09386301,-0.3693988905069005,0.010090172,0.00010181158
322,0,1,0.3434651,0.043058634,0.328216833564054,0.015248269,0.0002325097
323,0,1,-0.30594468,-0.120224,-0.2424260314930664,0.06351864,0.004034618
324,0,1,0.2250619,0.082634926,0.1818270499152703,0.04323484,0.0018692514
325,0,1,-0.17062306,-0.0977931,-0.0352271341495407,0.13539593,0.018332059
326,0,1,0.031502962,0.040284872,-0.096709229415834,0.12821218,0.016438365
327,0,1,0.08892846,0.079722404,-0.07885154492224,0.16778001,0.028150132
328,0,1,0.07224512,0.072879314,0.1624304396452904,0.090185314,0.008133391
329,0,1,-0.15261984,-0.08326745,-0.1120166038543195,0.040603235,0.0016486227
330,0,1,0.10323048,0.08242154,0.2184399695481138,0.11520949,0.013273227
331,0,1,-0.20456433,-0.119992256,-0.1243497141981277,0.08021462,0.006434385
332,0,1,0.11475444,0.08419299,-0.0525249568213284,0.16727939,0.027982395
333,0,1,0.047655344,0.05343342,0.1543639364762379,0.106708586,0.011386722
334,0,1,-0.14512825,-0.07679558,-0.2004520146381736,0.055323765,0.003060719
335,0,1,0.18586016,0.0870564,0.1323056834503426,0.053554475,0.002868082
336,0,1,-0.12463069,-0.057789087,-0.1759082517808932,0.051277563,0.0026293884
337,0,1,0.16293001,0.08765745,0.2195569944684239,0.056626976,0.0032066144
338,0,1,-0.20559812,-0.12041712,-0.2832088141647677,0.0776107,0.006023421
339,0,1,0.26312923,0.0742197,0.3347912429690245,0.07166201,0.0051354435
340,0,1,-0.31199622,-0.11792016,-0.3646713764467497,0.052675158,0.0027746723
341,0,1,0.33906293,0.045237303,0.3697492564658713,0.030686319,0.0009416502
342,0,1,-0.3441291,-0.10275483,-0.2705008731320446,0.07362822,0.005421114
343,0,1,0.25126982,0.07727909,0.0519102521609582,0.19935957,0.039744236
344,0,1,-0.049791098,-0.030322552,-0.104538697734656,0.054747596,0.0029972994
345,0,1,0.09624338,0.08117151,0.0561903237792367,0.04005306,0.0016042475
346,0,1,-0.053779602,-0.03397417,-0.2094352565988204,0.15565565,0.024228683
347,0,1,0.19425178,0.08647132,0.023535681506758,0.17071609,0.029143983
348,0,1,-0.023335218,-0.0065438747,0.0473202231166691,0.07065544,0.0049921917
349,0,1,-0.045512676,-0.026426792,-0.0059953328274287,0.039517343,0.0015616204
350,0,1,0.0042164326,0.01740241,0.0477370104575451,0.043520577,0.0018940406
351,0,1,-0.045900583,-0.026779175,-0.2437749765945556,0.1978744,0.039154276
352,0,1,0.22632194,0.08242202,0.2156208531078181,0.010701075,0.00011451301
353,0,1,-0.20195246,-0.11890149,-0.1051039212297788,0.09684853,0.009379638
354,0,1,0.09677172,0.08127117,0.1116060614439153,0.014834344,0.00022005777
355,0,1,-0.10538006,-0.046227455,-0.1845690275396712,0.07918897,0.0062708934
356,0,1,0.17102122,0.08761144,0.228061197966265,0.057039976,0.0032535589
357,0,1,-0.21347284,-0.12347746,-0.1008344210317129,0.11263842,0.012687414
358,0,1,0.092782736,0.08050418,-0.0734316726958335,0.1662144,0.02762723
359,0,1,0.06718254,0.06893253,-0.0584760113742741,0.12565856,0.015790073
360,0,1,0.053213596,0.05788946,0.0635272366178192,0.010313638,0.00010637112
361,0,1,-0.060616255,-0.040272236,-0.087318429832186,0.026702173,0.00071300607
362,0,1,0.08015537,0.07779288,0.0624989904220121,0.017656382,0.00031174783
363,0,1,-0.05965805,-0.039386988,-0.0903353644234936,0.030677311,0.00094109745
364,0,1,0.08297372,0.07843542,0.1175227483755789,0.034549028,0.0011936353
365,0,1,-0.11088419,-0.04659629,-0.0384922715124038,0.07239192,0.00524059
366,0,1,0.03455186,0.042789698,0.0430486713718329,0.0084968135,7.219584e-05
367,0,1,-0.04153037,-0.022817373,-0.0663143997901851,0.024784029,0.00061424804
368,0,1,0.060534477,0.06370497,0.0313635131186416,0.029170964,0.0008509451
369,0,1,-0.030635595,-0.013029337,0.0176892516505815,0.048324846,0.0023352907
370,0,1,-0.017882347,-0.0017383099,-0.0789080818768961,0.06102573,0.0037241399
371,0,1,0.07229853,0.07291937,0.101131417070571,0.02883289,0.00083133555
372,0,1,-0.095633745,-0.045520306,-0.1281834668842587,0.032549724,0.0010594846
373,0,1,0.11833668,0.08466864,0.0305718887541623,0.087764785,0.0077026575
374,0,0,-0.029896975,-0.012371302,0.1581321693314374,0.18802914,0.035354957
375,0,0,-0.14862776,-0.079850435,-0.0412128168114449,0.107414946,0.011537971
376,0,0,0.037091732,0.044867277,-0.156421119633082,0.19351286,0.037447225
377,0,0,0.14472198,0.08709741,-0.0805453538743208,0.22526734,0.05074537
378,0,0,0.07382798,0.07410693,0.089341553157261,0.015513569,0.00024067082
379,0,0,-0.0846591,-0.04463935,-0.0876973578712094,0.0030382574,9.231007e-06
380,0,0,0.080509186,0.07787442,-0.0708557594509633,0.15136495,0.02291135
381,0,0,0.064777136,0.067046165,-0.0098851985602954,0.074662335,0.0055744643
382,0,0,0.00784564,0.020495176,-0.0815063793421013,0.08935202,0.007983783
383,0,0,0.07472563,0.074801445,-0.1455216019211742,0.22024722,0.048508838
384,0,0,0.1345377,0.08638668,-0.2511391465896992,0.38567683,0.14874662
385,0,0,0.23319626,0.08117914,-0.2102870533685585,0.4434833,0.19667743
386,0,0,0.19504762,0.08640504,-0.2612661350426317,0.45631376,0.20822224
387,0,0,0.24265099,0.07925296,-0.3818557719668463,0.6245068,0.39000872
388,0,0,0.35505915,0.037056923,-0.3301777861729946,0.68523693,0.46954966
389,1,0,-0.3430307,0.059488535,-0.4112307765365024,0.06820008,0.0046512512
390,1,0,-0.42467642,0.021418095,-0.4486924848753975,0.024016052,0.00057677075
391,1,0,-0.4623177,-0.0015394688,-0.3928662516859718,0.06945145,0.004823504
392,1,0,-0.4062016,0.03144002,-0.3610158264373253,0.045185775,0.0020417543
393,1,0,-0.3741262,0.0468843,-0.4285119959590679,0.05438581,0.0029578165
394,1,0,-0.44204807,0.011245251,-0.4766694889495459,0.034621418,0.0011986425
395,1,0,-0.49038672,-0.02086711,-0.528469176928128,0.03808248,0.0014502753
396,1,0,-0.5422573,-0.06150174,-0.4340452408876998,0.108212054,0.011709848
397,1,0,-0.447608,0.007836819,-0.5132083230286812,0.065600336,0.004303404
398,1,0,-0.526989,-0.048882484,-0.4163828565741601,0.110606134,0.012233716
399,1,0,-0.4298575,0.018460274,-0.4244007277980803,0.0054567754,2.9776398e-05
400,1,0,-0.43791652,0.013729811,-0.3881426754751449,0.049773842,0.0024774354
401,1,0,-0.4014473,0.03388548,-0.4067167708366801,0.005269468,2.7767292e-05
402,1,1,-0.42013693,0.023956776,0.2626026224919489,0.68273956,0.4661333
403,1,1,0.2595935,-0.12982035,-0.2904123083492034,0.5500058,0.3025064
404,1,1,-0.30287957,0.07231188,0.1292608364671363,0.4321404,0.18674533
405,1,1,0.12354565,-0.055013895,-0.0956763379537952,0.21922198,0.048058275
406,1,1,-0.10551,0.07952118,-0.0654528248284562,0.040057175,0.0016045773
407,1,1,-0.074786425,0.06306839,0.2860222470711382,0.36080867,0.13018289
408,1,1,0.28349304,-0.12853503,-0.2522895121352304,0.5357826,0.28706297
409,1,1,-0.26433396,0.08097339,0.1534938784869792,0.41782784,0.17458011
410,1,1,0.14826345,-0.076082945,-0.1181651468907869,0.2664286,0.07098419
411,0,1,0.10897589,0.083349705,-0.0491134939994863,0.15808938,0.024992254
412,0,1,0.044469357,0.05086398,-0.0158656132215377,0.06033497,0.0036403085
413,0,1,0.013427973,0.025221348,-0.2402876205192003,0.25371557,0.06437159
414,0,1,0.2230649,0.08296442,0.2193152062871717,0.0037496984,1.4060238e-05
415,0,1,-0.20537448,-0.120325565,-0.0586558913293644,0.14671859,0.021526346
416,0,1,0.05338168,0.058024168,-0.1220447111259668,0.1754264,0.03077442
417,0,1,0.11260128,0.08388901,0.058802808488485,0.05379847,0.0028942754
418,0,1,-0.056213856,-0.036210537,-0.0620996617968785,0.005885806,3.464271e-05
419,0,1,0.056598186,0.0605855,0.0266335529865817,0.029964633,0.00089787925
420,0,1,-0.026224613,-0.00910449,-0.0218438511210838,0.0043807626,1.919108e-05
421,0,1,0.019008398,0.029910803,0.049005391654707,0.029996995,0.0008998197
422,0,1,-0.04708314,-0.02785492,0.0681963859573797,0.115279526,0.013289369
423,0,1,-0.06496644,-0.042834282,0.0519026016138619,0.11686905,0.013658375
424,0,1,-0.04978323,-0.030316591,-0.0499110313651449,0.00012779981,1.6332791e-08
425,0,1,0.045214415,0.05146575,0.2119786812139206,0.16676426,0.027810318
426,0,1,-0.19857836,-0.11744499,-0.1326577644810869,0.06592059,0.0043455246
427,0,1,0.12251735,0.085181236,0.2204090846411479,0.09789173,0.0095827915
428,0,1,-0.20638752,-0.120735645,-0.2625922533873126,0.056204736,0.0031589724
429,0,1,0.24388885,0.07898235,0.3206126994763294,0.076723844,0.005886548
430,0,1,-0.29894304,-0.12263107,-0.3145679810045556,0.01562494,0.00024413876
431,0,1,0.29237866,0.06498289,0.4699780432392368,0.17759937,0.031541537
432,0,1,-0.4358194,-0.031882524,-0.5007802556063217,0.0649609,0.004219918
433,0,1,0.4654596,-0.039002895,0.4907959466123408,0.025336355,0.0006419309
434,0,1,-0.45477557,-0.012026787,-0.4874096614030194,0.03263408,0.0010649832
435,0,1,0.45307684,-0.028776169,0.5094666247648614,0.05638981,0.0031798105
436,0,1,-0.47174907,0.0072922707,-0.4655216335378642,0.0062274337,3.878093e-05
437,0,1,0.4327886,-0.012942791,0.3357613263419288,0.09702727,0.009414292
438,0,1,-0.31288862,-0.11756468,-0.2594009896577538,0.05348763,0.0028609263
439,0,1,0.24090934,0.07962775,0.4402656499037261,0.19935632,0.039742943
440,0,1,-0.40870953,-0.057150364,-0.607771103145105,0.19906157,0.03962551
441,0,1,0.5642092,-0.13560629,0.5109818935302299,0.053227305,0.0028331461
442,0,1,-0.47312546,0.008922815,-0.4865906355910825,0.013465166,0.0001813107
443,0,1,0.45231748,-0.02816391,0.4348503884018591,0.017467082,0.00030509895
444,0,1,-0.40376282,-0.061368465,-0.4001125114252764,0.0036503077,1.3324746e-05
445,0,1,0.37204242,0.027582407,0.3375365691494432,0.034505844,0.0011906533
446,0,1,-0.31452227,-0.116906404,-0.2481114563054585,0.06641081,0.004410396
447,0,1,0.23037052,0.081706524,0.0353248650412019,0.19504565,0.038042806
448,0,1,-0.034329653,-0.016333342,0.0095784773593314,0.04390813,0.0019279239
449,0,1,-0.0103161335,0.004876137,0.1225594906835274,0.13287562,0.017655931
450,0,1,-0.115568876,-0.048776627,-0.0530567966871302,0.062512085,0.0039077606
451,0,1,0.04815221,0.053833246,0.1143973837406906,0.066245176,0.004388423
452,0,1,-0.1079762,-0.046403646,-0.085453142233435,0.022523053,0.0005072879
453,0,1,0.07841253,0.07738519,0.0325663952204289,0.04584614,0.0021018684
454,0,1,-0.031757355,-0.01403141,-0.107369092542759,0.07561174,0.0057171355
455,0,1,0.098888636,0.08166075,0.0098322401044139,0.089056395,0.0079310415
456,0,1,-0.010552645,0.004670143,-0.0968395345489225,0.08628689,0.007445427
457,0,1,0.08905029,0.07974768,0.0759229967793859,0.013127297,0.00017232593
458,0,1,-0.07216406,-0.043527365,-0.1964370180126491,0.12427296,0.015443768
459,0,1,0.18210888,0.087254286,0.188655737559563,0.006546855,4.286131e-05
460,0,1,-0.17695808,-0.10256076,-0.1012151170490596,0.07574297,0.005736997
461,0,1,0.09313893,0.080574274,0.0484619909866017,0.04467694,0.001996029
462,0,1,-0.046577215,-0.02739358,-0.0722923915123954,0.02571518,0.00066127046
463,0,1,0.06611824,0.06809902,0.054115224257123,0.012003016,0.00014407239
464,0,1,-0.05184555,-0.032202005,-0.0990773516132152,0.0472318,0.002230843
465,0,1,0.09114146,0.08017588,0.2369217168565818,0.14578025,0.021251881
466,0,1,-0.22167444,-0.12636471,-0.271014710368616,0.049340278,0.002434463
467,0,1,0.25174952,0.07716322,0.2671045298462293,0.015355021,0.00023577666
468,0,1,-0.24958253,-0.12974262,-0.2730421255620769,0.023459584,0.00055035204
469,0,1,0.25364232,0.07669926,0.3194655092580074,0.0658232,0.0043326933
470,0,1,-0.29788685,-0.12290263,-0.216615011437899,0.08127184,0.0066051125
471,0,1,0.20095801,0.0858624,0.1625820235188331,0.03837599,0.0014727165
472,0,1,-0.15276003,-0.08338761,-0.2645110229133331,0.11175099,0.012488284
473,0,1,0.24567962,0.078583,0.2247045510471084,0.020975068,0.0004399535
474,0,1,-0.21036553,-0.122303724,-0.1972694875220746,0.013096049,0.00017150652
475,0,1,0.1828866,0.08721781,0.1306741708494541,0.052212432,0.002726138
476,0,1,-0.12311387,-0.056307077,-0.0771546762416361,0.045959197,0.0021122477
477,0,1,0.07066035,0.07164669,0.0980557970237177,0.027395442,0.00075051025
478,0,1,-0.092770815,-0.045298815,-0.0158807571133507,0.07689006,0.0059120813
479,0,1,0.013442278,0.02523303,0.1906437908117477,0.17720151,0.031400375
480,0,1,-0.1788013,-0.10391545,-0.1731157153052342,0.0056855828,3.232585e-05
481,0,1,0.16032147,0.08763456,0.2620475458699185,0.101726085,0.010348196
482,0,1,-0.24490952,-0.12982368,-0.0930212886390138,0.15188824,0.023070036
483,0,1,0.08548355,0.07898927,0.2549462755763056,0.16946271,0.028717611
484,0,1,-0.23834562,-0.1297636,-0.290525143453217,0.052179515,0.0027227018
485,0,1,0.26995516,0.07228041,0.3920886086411546,0.12213346,0.014916583
486,0,1,-0.3646233,-0.09048581,-0.3343759678821616,0.03024733,0.00091490103
487,0,1,0.31084323,0.05790782,0.4221207449640611,0.11127752,0.012382686
488,0,1,-0.39212346,-0.07081103,-0.4747717033320575,0.08264825,0.006830733
489,0,1,0.44136524,-0.01949668,0.4679390828806391,0.026573837,0.0007061688
490,0,1,-0.43396163,-0.033731937,-0.3736982307479963,0.060263395,0.0036316768
491,0,1,0.3474667,0.041029453,0.1702035939728761,0.17726311,0.03142221
492,0,1,-0.15983605,-0.089263916,-0.1131693093133776,0.04666674,0.0021777847
493,0,1,0.10430789,0.08260274,0.2607121411201647,0.15640426,0.024462292
494,0,1,-0.24367571,-0.12982821,-0.2091686858576102,0.03450702,0.0011907346
495,0,1,0.19400215,0.08649087,0.2772483169404252,0.08324617,0.006929925
496,0,1,-0.25895095,-0.1292727,-0.2589495233865038,1.4305115e-06,2.046363e-12
497,0,1,0.24048853,0.07971573,0.2443038319116217,0.0038153082,1.4556576e-05
498,0,1,-0.2285037,-0.12853527,-0.2322733924023849,0.0037696958,1.4210606e-05
499,0,1,0.21558237,0.08409929,0.2336264555898775,0.018044084,0.00032558898
500,0,1,-0.21862483,-0.12532663,-0.1484721177479429,0.070152715,0.0049214032
501,0,1,0.13729405,0.08660793,0.1906799599705002,0.053385913,0.0028500557
502,0,1,-0.17883539,-0.10394001,-0.0733027142878142,0.105532676,0.011137146
503,0,1,0.06706214,0.06883788,0.2573391374378224,0.19027701,0.03620534
504,0,1,-0.24055767,-0.12980652,-0.2359861764700683,0.0045714974,2.089859e-05
505,0,1,0.21904922,0.08359337,0.3114541048221197,0.0924049,0.008538666
506,0,1,-0.29050565,-0.124657154,-0.2753892283780192,0.015116423,0.00022850625
507,0,1,0.25583243,0.07614851,0.1184214169869783,0.13741101,0.018881787
508,0,1,-0.11171985,-0.04664874,0.0771878764724194,0.18890771,0.035686124
509,0,1,-0.07334113,-0.043637276,0.0339502021792443,0.10729133,0.01151143
510,0,1,-0.033047676,-0.015184879,-0.1060435502886298,0.07299587,0.0053283973
511,0,1,0.09764981,0.08143377,0.0440536679979799,0.053596146,0.002872547
512,0,1,-0.04246831,-0.023664474,-0.1127030034319802,0.07023469,0.004932912
513,0,1,0.10387206,0.08252978,0.0289101770964679,0.074961886,0.005619284
514,0,1,-0.02834773,-0.01099062,0.0072738944937507,0.035621624,0.0012689001
515,0,1,-0.008166313,0.0067443848,-0.0336412299748678,0.025474917,0.0006489714
516,0,1,0.030022144,0.03906417,0.1077960702615303,0.07777393,0.006048784
517,0,1,-0.10183525,-0.045978546,0.0174998951233837,0.119335145,0.014240877
518,0,1,-0.017706156,-0.0015830994,-0.1358246312346809,0.11811848,0.013951975
519,0,1,0.12547684,0.085514784,0.1609643289324451,0.035487488,0.0012593617
520,0,1,-0.15125823,-0.08211064,-0.1495679419898685,0.0016902834,2.857058e-06
521,0,1,0.13831925,0.08668518,-0.0113077870059963,0.14962704,0.022388253
522,0,1,0.0091741085,0.021621943,-0.0989069121034087,0.10808102,0.011681507
523,0,1,0.09098196,0.08014369,0.2180109904433829,0.12702903,0.016136374
524,0,1,-0.20416689,-0.11982894,-0.2168823579432106,0.012715474,0.00016168327
525,0,1,0.20120764,0.085837364,0.2268997941458543,0.02569215,0.0006600866
526,0,1,-0.21239805,-0.123076916,-0.2562869440869302,0.043888897,0.0019262353
527,0,1,0.23800302,0.08023095,0.4249204636098618,0.18691745,0.034938134
528,0,1,-0.3946836,-0.06879234,-0.4124053609464124,0.017721772,0.0003140612
529,0,1,0.38347054,0.020748854,0.2101560503159221,0.17331448,0.03003791
530,0,1,-0.1968894,-0.11640358,-0.3284631488697598,0.13157374,0.017311648
531,0,1,0.30533314,0.060119867,0.380648045908174,0.07531491,0.0056723356
532,0,1,-0.35413122,-0.0970211,-0.3950424120600426,0.040911198,0.0016737261
533,0,1,0.3673265,0.030293941,0.3957272261866702,0.02840072,0.00080660084
534,0,1,-0.3679576,-0.08829689,-0.4402045617874308,0.07224697,0.0052196244
535,0,1,0.40929627,0.003956318,0.466112467721703,0.05681619,0.0032280795
536,0,1,-0.43229628,-0.035373926,-0.4095876988768032,0.022708565,0.0005156789
537,0,1,0.3808515,0.022347212,0.3847049500273773,0.0038534403,1.4849002e-05
538,0,1,-0.35785222,-0.094763994,-0.2497679082037076,0.108084306,0.011682217
539,0,1,0.2319169,0.0814209,0.170031231617656,0.06188567,0.0038298361
540,0,1,-0.15967584,-0.08913374,-0.1454661237723207,0.0142097175,0.00020191607
541,0,1,0.13448596,0.086383104,0.2594741923822807,0.12498823,0.015622057
542,0,1,-0.24253154,-0.1298263,-0.3960040120578711,0.15347248,0.023553804
543,0,1,0.3682208,0.029784918,0.4607837414447631,0.09256294,0.0085678985
544,0,1,-0.4274373,-0.040086746,-0.4649842815319505,0.037546962,0.0014097744
545,0,1,0.43229008,-0.012568951,0.379633384972478,0.05265668,0.002772726
546,0,1,-0.35319996,-0.09757447,-0.1769281234668476,0.17627184,0.031071762
547,0,1,0.16388321,0.08766222,0.1331913310428309,0.030691877,0.00094199134
548,0,1,-0.12545371,-0.05858946,-0.0814650956164624,0.043988615,0.0019349983
549,0,1,0.074687004,0.07477164,0.1872092131876921,0.112522215,0.012661248
550,0,1,-0.17561579,-0.10156608,-0.224433134309772,0.04881735,0.0023831339
551,0,1,0.2082603,0.08505678,0.1269536284514645,0.081306666,0.006610774
552,0,1,-0.11965513,-0.052886724,-0.0531877019436342,0.066467434,0.00441792
553,0,1,0.048274755,0.053930998,-0.0314995567837987,0.07977431,0.006363941
554,0,1,0.02802205,0.037413597,0.0243719010953373,0.0036501493,1.332359e-05
555,0,1,-0.024115324,-0.0072340965,-0.0962400290144422,0.072124705,0.005201973
556,0,1,0.08849025,0.07963085,0.1311393571013615,0.042649105,0.0018189462
557,0,1,-0.12354636,-0.056730986,-0.3053383344736975,0.18179196,0.033048317
558,0,1,0.28377247,0.06795144,0.1092096186982529,0.17456284,0.030472185
559,0,1,-0.10315132,-0.046072006,-0.1726240320545349,0.069472715,0.004826458
560,0,1,0.1598618,0.08762765,-0.0368572246733158,0.19671902,0.03869837
561,0,1,0.03302431,0.04153633,0.0580629822585643,0.02503867,0.00062693504
562,0,1,-0.05552411,-0.035576582,0.0184304755350037,0.07395458,0.0054692803
563,0,1,-0.018574238,-0.002345562,0.1092191618082498,0.1277934,0.016331153
564,0,1,-0.103159666,-0.046072006,-0.2405567661733494,0.1373971,0.018877963
565,0,1,0.22331667,0.082924604,0.2515570171517267,0.028240353,0.00079751754
566,0,1,-0.23521161,-0.12966442,-0.2560492265031451,0.020837605,0.00043420578
567,0,1,0.23778057,0.08027625,0.1586807148878817,0.07909985,0.006256786
568,0,1,-0.1491375,-0.08029103,-0.0779565243403506,0.07118097,0.0050667305
569,0,1,0.07140994,0.072229385,0.0119030036255134,0.059506938,0.0035410756
570,0,1,-0.0124845505,0.0029871464,0.2683491349317948,0.2808337,0.07886756
571,0,1,-0.25073266,-0.1297071,-0.3834790129061254,0.13274634,0.01762159
572,0,1,0.35656905,0.03624773,0.3030478210751295,0.053521216,0.0028645205
573,0,1,-0.28275633,-0.12622404,-0.4339809130178902,0.15122458,0.022868875
574,0,1,0.40351653,0.007877111,0.4614380978646064,0.05792156,0.003354907
575,0,1,-0.42803407,-0.03951502,-0.5824830614933654,0.15444899,0.023854489
576,0,1,0.5409267,-0.11044431,0.3950271835122336,0.1458995,0.021286665
577,0,1,-0.36731672,-0.088722706,-0.3243634381636493,0.042953283,0.0018449845
578,0,1,0.30151105,0.061604977,0.2928661626121678,0.008644879,7.473393e-05
579,0,1,-0.27336645,-0.12774563,-0.2867208773916858,0.013354421,0.00017834055
580,0,1,0.26640582,0.07330489,0.1689029076371917,0.09750292,0.009506819
581,0,1,-0.15862846,-0.08827758,-0.1503678999325672,0.008260563,6.82369e-05
582,0,1,0.13906574,0.086738825,0.0785993765879822,0.060466364,0.0036561813
583,0,1,-0.074656725,-0.043759108,-0.0281165410111214,0.046540186,0.0021659888
584,0,1,0.024864912,0.034794807,0.0540037268783382,0.029138815,0.0008490705
585,0,1,-0.05174136,-0.0321064,-0.066741443811269,0.015000083,0.00022500247
586,0,1,0.06093335,0.06401992,-0.0802875599992747,0.14122091,0.019943345
587,0,1,0.07358718,0.07392001,0.0579709757395514,0.015616205,0.00024386584
588,0,1,-0.055439472,-0.03549862,-0.0490197032210057,0.0064197704,4.121345e-05
589,0,1,0.044382334,0.050793648,0.0488919893099408,0.004509654,2.0336978e-05
590,0,1,-0.046977997,-0.027758598,-0.0846909539824261,0.037712954,0.0014222669
591,0,1,0.07770109,0.07709837,0.2759088058974739,0.1982077,0.039286293
592,0,1,-0.25771523,-0.12935853,-0.2347296192553782,0.022985607,0.00052833813
593,0,1,0.21787572,0.083767176,0.2422767584129528,0.024401039,0.0005954107
594,0,1,-0.22662902,-0.12795949,-0.2656240457988192,0.038995028,0.0015206122
595,0,1,0.24671912,0.07834768,0.1278490367085512,0.11887008,0.014130096
596,0,1,-0.12048721,-0.05371499,0.0117205177383055,0.13220774,0.017478885
597,0,1,-0.012314796,0.0031347275,-0.1525079596626626,0.14019316,0.019654123
598,0,1,0.14106607,0.08687544,0.1788765307418667,0.03781046,0.0014296309
599,0,1,-0.16788578,-0.09567666,-0.1649665311461565,0.0029192418,8.521973e-06
600,0,1,0.15270686,0.08745599,0.215052103303766,0.062345237,0.0038869285
601,0,1,-0.20142627,-0.11867738,-0.2480323650864351,0.046606094,0.002172128
602,0,1,0.23029733,0.08171916,0.2744981323025959,0.044200808,0.0019537115
603,0,1,-0.25641227,-0.12944221,-0.2717827103420589,0.015370429,0.00023625007
604,0,1,0.25246668,0.07698822,0.386054019772978,0.13358733,0.017845575
605,0,1,-0.3590896,-0.09399772,-0.3703507681694336,0.011261165,0.00012681384
606,0,1,0.34435105,0.04261303,0.4068402043633083,0.062489152,0.0039048942
607,0,1,-0.37813878,-0.08127928,-0.2787753391718577,0.099363446,0.009873094
608,0,1,0.25899196,0.07533169,0.1921727294427153,0.06681922,0.0044648084
609,0,1,-0.18021941,-0.1049459,-0.1053295667328679,0.074889846,0.0056084893
610,0,1,0.09698248,0.08131099,-0.029043743292453,0.12602623,0.01588261
611,0,1,0.025729418,0.03551364,0.0561155993643418,0.030386183,0.0009233201
612,0,1,-0.053710222,-0.03391075,-0.0025408948541585,0.05116933,0.0026183003
613,0,1,0.0009920597,0.014644146,0.1179648253075145,0.11697277,0.013682628
614,0,1,-0.11129594,-0.0466218,-0.0575722664438251,0.05372367,0.0028862327
615,0,1,0.052369356,0.05721569,0.024944964600376,0.027424391,0.0007520972
616,0,1,-0.024650097,-0.007707596,-0.0320739936116933,0.0074238963,5.5114237e-05
617,0,1,0.028558731,0.037856817,0.0745453516913912,0.045986623,0.0021147695
618,0,1,-0.07088089,-0.0434072,-0.0439469896925741,0.026933901,0.00072543503
619,0,1,0.03964472,0.046949625,-0.0392436202728592,0.07888834,0.0062233703
620,0,1,0.035253286,0.043363333,0.2890816926923496,0.2538284,0.06442886
621,0,1,-0.26987433,-0.12820482,-0.1586602180473315,0.111214116,0.012368579
622,0,1,0.14681458,0.08720899,0.2153843185954023,0.068569735,0.0047018086
623,0,1,-0.20173335,-0.11880946,-0.2821962026183868,0.08046284,0.006474269
624,0,1,0.26218462,0.07447839,0.1979547531871599,0.06422986,0.004125475
625,0,1,-0.18558049,-0.10876489,-0.1270108031790582,0.058569685,0.003430408
626,0,1,0.117241144,0.08452678,0.0310736754553468,0.08616747,0.007424833
627,0,1,-0.030365467,-0.012788296,-0.0241404485886724,0.006225018,3.8750848e-05
628,0,1,0.021152496,0.031702995,0.0990517751475508,0.07789928,0.006068297
629,0,1,-0.093698025,-0.045371532,-0.1952246184252501,0.10152659,0.010307648
630,0,1,0.18097615,0.08730769,0.2553840230675521,0.074407876,0.005536532
631,0,1,-0.2387507,-0.12977386,-0.1947820487914344,0.043968648,0.001933242
632,0,1,0.18056345,0.08732486,0.1404327076659743,0.04013075,0.001610477
633,0,1,-0.13218474,-0.0650146,0.1933253112048021,0.32551005,0.10595679
634,0,1,-0.18128753,-0.105718136,-0.3173142027617475,0.13602668,0.018503258
635,0,1,0.29493904,0.06405926,0.3950027091948409,0.10006368,0.01001274
636,0,1,-0.3672943,-0.088737726,-0.2787518781786113,0.08854243,0.007839763
637,0,1,0.25897002,0.075338125,0.2424505534988954,0.016519472,0.00027289297
638,0,1,-0.22678971,-0.12800956,-0.2732108632650827,0.04642114,0.0021549223
639,0,1,0.2537992,0.076660156,0.2085122984903598,0.04528691,0.002050904
640,0,1,-0.19536614,-0.115407705,-0.3865404273130823,0.19117427,0.0365476
641,0,1,0.35941768,0.034702778,0.4779531086893698,0.11853543,0.014050648
642,0,1,-0.44308472,-0.024485111,-0.3952426406256912,0.047842085,0.0022888652
643,0,1,0.36751318,0.030187845,0.3066291296525429,0.06088406,0.0037068685
644,0,1,-0.2860582,-0.12559175,-0.2130192361833489,0.07303895,0.0053346884
645,0,1,0.19759941,0.086182594,0.2699046079849618,0.0723052,0.005228042
646,0,1,-0.25216913,-0.12965512,-0.2830365815139819,0.030867457,0.0009527999
647,0,1,0.26296806,0.07426453,0.1881144571586821,0.0748536,0.0056030615
648,0,1,-0.1764555,-0.10218978,-0.160247272691917,0.016208231,0.00026270677
649,0,1,0.14829707,0.08728027,0.3068150638767517,0.15851799,0.025127953
650,0,1,-0.2862301,-0.12555742,-0.3159945075667201,0.029764414,0.0008859203
651,0,1,0.29370832,0.064504385,0.2648594025319948,0.028848916,0.00083225995
652,0,1,-0.24750805,-0.12979198,-0.2663171547891796,0.01880911,0.0003537826
653,0,0,0.24736547,0.07819891,-0.3443158338740133,0.5916813,0.35008675
654,0,0,0.3201046,0.053997755,-0.3528686662321165,0.6729733,0.45289302
655,0,0,0.32807207,0.05044031,-0.3233921549169425,0.6514642,0.42440563
656,0,0,0.30060506,0.061950684,-0.364646347927513,0.6652514,0.4425594
657,0,0,0.3390398,0.04524827,-0.3739433146384767,0.71298313,0.50834495
658,0,0,0.34769487,0.040913343,-0.2462797603886528,0.59397465,0.35280588
659,1,0,-0.25825334,0.0820148,-0.4918513147818801,0.23359796,0.054568008
660,1,0,-0.5056021,-0.032126904,-0.5923004415095585,0.08669829,0.007516594
661,1,0,-0.6059854,-0.12004471,-0.6110118837741436,0.0050264597,2.5265297e-05
662,1,0,-0.62462544,-0.1389327,-0.5626496329148356,0.061975837,0.0038410043
663,1,0,-0.5764086,-0.091706514,-0.4598467323189084,0.11656189,0.013586674
664,1,0,-0.47351313,-0.009022474,-0.6806392126209428,0.20712608,0.042901214
665,1,0,-0.69381034,-0.2158444,-0.600859672315186,0.09295064,0.008639822
666,1,0,-0.6145146,-0.12858915,-0.7056359903233258,0.091121376,0.008303105
667,1,0,-0.71857727,-0.2459259,-0.568882443612345,0.1496948,0.022408534
668,1,0,-0.5826309,-0.09749961,-0.4757047849502553,0.10692608,0.011433187
669,1,0,-0.48941898,-0.020168781,-0.5018028970497839,0.012383938,0.00015336192
670,1,0,-0.5155704,-0.039801836,-0.6664682638162382,0.15089786,0.022770165
671,1,0,-0.67975247,-0.19936085,-0.5690783188409472,0.11067414,0.012248766
672,1,1,-0.58282614,-0.09768295,0.4399679921778907,1.0227941,1.0461078
673,1,1,0.44055033,-0.057385445,-0.5564221184964899,0.99697244,0.99395406
674,1,1,-0.5701914,-0.08600545,0.4812179414469413,1.0514094,1.1054616
675,1,1,0.48260093,-0.021382809,-0.5051632489988926,0.9877642,0.9756781
676,0,1,0.46951556,-0.04244542,0.4981254462793503,0.028609872,0.00081852474
677,0,1,-0.46144223,-0.0046141148,-0.6486216739689488,0.18717945,0.035036147
678,0,1,0.60173416,-0.17919779,0.6438909513397424,0.042156816,0.0017771971
679,0,1,-0.5931246,0.18879604,-0.3898950335491018,0.2032296,0.04130227
680,0,1,0.36253834,0.03298378,0.3965863664850695,0.03404802,0.0011592677
681,0,1,-0.3687451,-0.087773085,-0.1879112511010761,0.18083383,0.032700874
682,0,1,0.1741445,0.08754659,0.0631236912602566,0.11102082,0.012325622
683,0,1,-0.06024027,-0.039923906,-0.1613598315904649,0.10111956,0.010225166
684,0,1,0.14933681,0.087327,0.1398019633013949,0.009534851,9.091338e-05
685,0,1,-0.13159847,-0.06446457,-0.0155557135610573,0.11604276,0.013465923
686,0,1,0.013138771,0.02497673,-0.1037874827164979,0.11692625,0.013671748
687,0,1,0.095541716,0.08103919,0.1362735860225452,0.040731877,0.0016590859
688,0,1,-0.12831879,-0.061348915,-0.1585215704209219,0.030202791,0.0009122086
689,0,1,0.14668417,0.08720231,0.287405613734236,0.14072144,0.019802524
690,0,1,-0.2683282,-0.12839007,-0.1665905590208116,0.10173763,0.010350546
691,0,1,0.15422392,0.08750415,0.0581313311491791,0.09609259,0.009233786
692,0,1,-0.05558777,-0.035636187,-0.0686010894695408,0.013013318,0.00016934644
693,0,1,0.06267047,0.06538963,0.2605779107078456,0.19790745,0.03916736
694,0,1,-0.24355102,-0.12982845,-0.2509324617899113,0.007381439,5.4485645e-05
695,0,1,0.23300362,0.081214905,0.1869477066453999,0.046055913,0.0021211472
696,0,1,-0.1753738,-0.101385355,-0.2231370401497443,0.047763243,0.0022813275
697,0,1,0.20704961,0.08520031,0.1289616255678951,0.078087986,0.0060977335
698,0,1,-0.12152147,-0.054739952,-0.0584952707908463,0.063026205,0.0039723027
699,0,1,0.053231478,0.057903767,-0.1070306209738434,0.16026211,0.025683943
700,0,1,0.098572254,0.08160281,0.0401195016768198,0.05845275,0.0034167243
701,0,1,-0.038799286,-0.020351887,0.055865815542619,0.0946651,0.008961482
702,0,1,-0.053478003,-0.03369665,-0.0749328377813984,0.021454833,0.00046030988
703,0,1,0.068585634,0.07002759,-0.0080407920387215,0.07662643,0.0058716093
704,0,1,0.006124735,0.019030571,0.0149476617902002,0.008822927,7.7844044e-05
705,0,1,-0.015325308,0.00050473213,0.0409774408578136,0.05630275,0.0031699995
706,0,1,-0.039599895,-0.021073103,-0.0689891078257374,0.02938921,0.00086372567
707,0,1,0.063033104,0.0656755,-0.0577828463650318,0.12081595,0.014596493
708,0,1,0.052565813,0.057371855,-0.0159637118690509,0.068529524,0.0046962956
709,0,1,0.0135195255,0.025297642,-0.0368777411944813,0.050397266,0.0025398843
710,0,1,0.03304386,0.041552067,-0.040351265995199,0.073395126,0.0053868443
711,0,1,0.036287785,0.044210672,0.0189487623237725,0.017339023,0.00030064172
712,0,1,-0.019057512,-0.0027709007,-0.1313277086344531,0.11227019,0.012604596
713,0,1,0.12127495,0.085033655,0.18358249170543,0.062307537,0.003882229
714,0,1,-0.17225122,-0.09903669,-0.2302545335893251,0.058003306,0.0033643835
715,0,1,0.21369672,0.08435917,0.3125457514052163,0.09884903,0.00977113
716,0,1,-0.29151177,-0.124433994,-0.1170075485419284,0.17450422,0.030451722
717,0,1,0.107893944,0.08318162,0.1367315778471929,0.028837636,0.00083160924
718,0,1,-0.12874484,-0.06175661,-0.1055527952715347,0.023192048,0.0005378711
719,0,1,0.09719181,0.08134985,0.1105088919576231,0.013317078,0.00017734457
720,0,1,-0.10435939,-0.046156645,-0.0522410953632324,0.052118294,0.0027163166
721,0,1,0.047390938,0.053220987,0.0337097287989824,0.013681211,0.00018717552
722,0,1,-0.032823324,-0.014985323,0.0473493308229868,0.08017266,0.006427655
723,0,1,-0.045539618,-0.02645111,-0.2633446462921736,0.21780503,0.04743903
724,0,1,0.244591,0.07882714,0.1600381584950176,0.08455284,0.0071491827
725,0,1,-0.15039802,-0.08137488,-0.1120857145033364,0.0383123,0.0014678324
726,0,1,0.1032958,0.08243251,-0.0404475206526786,0.14374332,0.020662142
727,0,1,0.03637767,0.044283867,0.0380327834474427,0.0016551167,2.7394112e-06
728,0,1,-0.036854744,-0.018600225,0.1409309728149836,0.17778571,0.03160776
729,0,1,-0.13264799,-0.06545043,-0.0928020721685758,0.03984592,0.0015876974
730,0,1,0.08527827,0.07894516,0.0970877740787563,0.011809498,0.00013946425
731,0,1,-0.09187055,-0.045228004,-0.0506680654949911,0.04120248,0.0016976445
732,0,1,0.04592085,0.052036047,-0.0018525863151825,0.047773436,0.0022823012
733,0,1,0.00034999847,0.014092207,0.0259796586675666,0.02562966,0.00065687945
734,0,1,-0.025615215,-0.008562803,-0.0448332914347573,0.019218076,0.00036933445
735,0,1,0.04047227,0.047623634,0.0194523723251034,0.021019896,0.00044183605
736,0,1,-0.019527435,-0.003184557,0.0474358620280805,0.0669633,0.0044840835
737,0,1,-0.045620203,-0.02652359,0.0264865333983781,0.072106734,0.005199381
738,0,1,-0.02608776,-0.00898242,-0.0174302838686726,0.008657478,7.4951924e-05
739,0,1,0.014888048,0.026451826,-0.0098426627262622,0.024730712,0.00061160815
740,0,1,0.0078060627,0.020460367,0.0298182728802243,0.02201221,0.00048453736
741,0,1,-0.029195309,-0.011744976,0.0474315543441656,0.07662687,0.005871677
742,0,1,-0.04561591,-0.026521206,-0.1390307460256665,0.09341483,0.0087263305
743,0,1,0.12847304,0.08582878,0.2809709379204306,0.15249789,0.023255605
744,0,1,-0.26238823,-0.12899685,-0.2174318526723189,0.04495637,0.0020210752
745,0,1,0.20172119,0.08578491,0.2622069928858876,0.06048581,0.0036585333
746,0,1,-0.24505758,-0.12982297,-0.4156224033348028,0.17056483,0.029092362
747,0,1,0.38646102,0.018900156,0.6690894696402969,0.28262848,0.07987886
748,0,1,-0.61570287,0.23113179,-0.6649639561923228,0.049261093,0.0024266553
749,0,1,0.61671567,-0.19763589,0.5884102550941295,0.028305411,0.0008011963
750,0,1,-0.54321337,0.1048398,-0.5327579640042708,0.01045543,0.00010931601
751,0,1,0.49503875,-0.06514573,0.3814484552752035,0.1135903,0.012902756
752,0,1,-0.35486603,-0.09658003,-0.3266590961044278,0.028206944,0.0007956317
753,0,1,0.30365062,0.060779095,0.1294332630400454,0.17421736,0.030351687
754,0,1,-0.1219604,-0.055171967,-0.2022976980940085,0.0803373,0.0064540817
755,0,1,0.18758392,0.086952925,0.1768391575057744,0.010744765,0.000115449984
756,0,1,-0.16599488,-0.09419775,-0.1695471640227004,0.0035522878,1.2618749e-05
757,0,1,0.15698671,0.08757591,0.1526179790114468,0.0043687373,1.9085866e-05
758,0,1,-0.14350653,-0.075360775,-0.1934369375980598,0.04993041,0.0024930458
759,0,1,0.17930675,0.08737779,0.2949029694997787,0.115596235,0.01336249
760,0,1,-0.2752452,-0.12747383,-0.2047992393760598,0.070445955,0.0049626324
761,0,1,0.18992114,0.08679724,0.2649048698473746,0.074983716,0.005622558
762,0,1,-0.2475493,-0.12979126,-0.3211808795592707,0.073631585,0.00542161
763,0,1,0.29854417,0.062728405,0.3925854717626027,0.09404132,0.008843769
764,0,1,-0.3650782,-0.09019017,-0.4133955466875711,0.048317343,0.0023345656
765,0,1,0.38439107,0.020182133,0.4236362022971423,0.03924513,0.0015401802
766,0,1,-0.3935101,-0.06972313,-0.3818043386683638,0.011705756,0.00013702473
767,0,1,0.35501122,0.037082672,0.2461129203390055,0.10889831,0.011858842
768,0,1,-0.23017645,-0.12903428,-0.0355989069082398,0.19457754,0.03786042
769,0,1,0.0318501,0.04057002,-0.1012815857593985,0.13313168,0.017724045
770,0,1,0.093200445,0.08058643,-0.0106571552773155,0.1038576,0.010786401
771,0,1,0.008566856,0.021106958,0.0998155544694188,0.0912487,0.008326325
772,0,1,-0.094409466,-0.045426846,-0.1090689772449606,0.014659509,0.0002149012
773,0,1,0.10047674,0.081944704,0.1782871421199501,0.07781041,0.0060544596
774,0,1,-0.16733909,-0.09525156,-0.1943575696608626,0.027018487,0.0007299987
775,0,1,0.18016696,0.0873425,0.2254133081415541,0.045246348,0.002047232
776,0,1,-0.21102142,-0.122555256,-0.1159599049769268,0.09506152,0.009036692
777,0,1,0.106915,0.083026886,0.1994391277626781,0.092524126,0.008560714
778,0,1,-0.1869564,-0.10972476,-0.1620517926699092,0.024904609,0.00062023953
779,0,1,0.14998388,0.08735418,0.0882412131753285,0.06174267,0.0038121573
780,0,1,-0.083634615,-0.044552565,-0.0603018942932753,0.023332722,0.00054441596
781,0,1,0.054918766,0.0592494,0.1084211213693797,0.05350236,0.0028625024
782,0,1,-0.10241747,-0.046019316,-0.2247752915382546,0.122357816,0.014971435
783,0,1,0.20857906,0.08501792,0.2864299398969683,0.07785088,0.006060759
784,0,1,-0.26742768,-0.12849212,-0.2578004221284917,0.009627253,9.2684e-05
785,0,1,0.23941588,0.079940796,0.149925087684593,0.0894908,0.008008604
786,0,1,-0.14100504,-0.07312536,0.0723032032763972,0.21330824,0.04550041
787,0,1,-0.068792105,-0.043207645,-0.1179450513333462,0.049152948,0.0024160123
788,0,1,0.10877037,0.08331823,0.2104077735798331,0.10163741,0.010330163
789,0,1,-0.19712234,-0.1165545,-0.2885836865097917,0.09146136,0.00836518
790,0,1,0.2681439,0.07280755,0.2893983606030184,0.02125448,0.00045175292
791,0,1,-0.27016687,-0.12816882,-0.31648148021945,0.046314597,0.002145042
792,0,1,0.29416227,0.06434059,0.243737400807376,0.050424874,0.0025426678
793,0,1,-0.22798038,-0.12837481,-0.0953436557732922,0.13263673,0.0175925
794,0,1,0.08765268,0.07945442,0.0849584646605037,0.0026942194,7.2588177e-06
795,0,1,-0.080578566,-0.044289112,-0.2029520978402659,0.122373536,0.014975282
796,0,1,0.18819547,0.08691311,0.2179645857186236,0.029769123,0.00088620064
797,0,1,-0.20412326,-0.11981034,-0.0053824081622582,0.19874085,0.039497927
798,0,1,0.0036439896,0.016913414,0.0269936336074727,0.023349645,0.0005452059
799,0,1,-0.026560783,-0.0094025135,-0.0394155975044148,0.0128548145,0.00016524625
800,0,1,0.035413742,0.043495655,-0.0096363130978405,0.045050055,0.0020295074
801,0,1,0.0076141357,0.020297527,0.0319473283584925,0.024333194,0.00059210433
802,0,1,-0.031180382,-0.013515949,-0.0060427789340367,0.025137603,0.0006318991
803,0,1,0.004260063,0.017440796,-0.06597774489587,0.07023781,0.00493335
804,0,1,0.060219765,0.06345606,-0.0099563674812039,0.07017613,0.0049246894
805,0,1,0.007912397,0.020551682,-0.0563792143998269,0.06429161,0.004133411
806,0,1,0.051255465,0.056323767,0.1041457338970719,0.05289027,0.0027973808
807,0,1,-0.09843874,-0.04573083,0.0862288935027648,0.18466763,0.034102134
808,0,1,-0.08176088,-0.04439211,-0.1041492182297929,0.022388332,0.0005012374
809,0,1,0.09588003,0.08110309,0.0118305696914284,0.08404946,0.007064312
810,0,1,-0.01241684,0.0030460358,-0.153180249695024,0.14076342,0.01981434
811,0,1,0.14169359,0.086916685,0.0475561582354928,0.09413743,0.008861856
812,0,1,-0.04573226,-0.026625395,-0.0670956251270391,0.021363363,0.00045639326
813,0,1,0.061264515,0.06428099,-0.0645301125363224,0.12579462,0.015824286
814,0,1,0.058867455,0.062386036,-0.0295769448467324,0.0884444,0.007822411
815,0,1,0.026227713,0.035925627,0.0247700908510557,0.0014576223,2.1246626e-06
816,0,1,-0.02448678,-0.007563591,-0.0561197918065738,0.031633012,0.0010006474
817,0,1,0.051012993,0.056129456,0.1084349119789527,0.057421923,0.0032972773
818,0,1,-0.10243082,-0.046020746,0.0812132769381812,0.1836441,0.033725157
819,0,1,-0.07709098,-0.043979883,-0.0109352826139534,0.066155694,0.004376576
820,0,1,0.008826494,0.021327496,0.1354512282479301,0.12662473,0.016033823
821,0,1,-0.12755466,-0.060616493,-0.1577251367642431,0.030170485,0.0009102582
822,0,1,0.14594007,0.08716369,0.1753972089643198,0.029457137,0.0008677229
823,0,1,-0.16465616,-0.09314084,-0.305260849043353,0.14060467,0.019769674
824,0,1,0.28370023,0.067975044,0.2190203840326696,0.064679846,0.0041834824
825,0,1,-0.20510125,-0.120214224,-0.1180098296094294,0.08709142,0.007584916
826,0,1,0.10883045,0.08332729,0.164117344923619,0.0552869,0.0030566412
827,0,1,-0.15418625,-0.08458972,-0.1326359263642746,0.021550328,0.0004644166
828,0,1,0.12249684,0.08517909,0.1009275888056735,0.021569252,0.00046523265
829,0,1,-0.095443964,-0.045505524,-0.1284822861283476,0.03303832,0.0010915304
830,0,1,0.11861682,0.084705114,-0.0223042159213107,0.14092104,0.01985874
831,0,1,0.019438028,0.030270815,0.0546780744327803,0.035240047,0.0012418609
832,0,1,-0.05237055,-0.032682657,0.0211867461798531,0.073557295,0.0054106754
833,0,1,-0.021144867,-0.0046093464,0.0104134681885401,0.031558335,0.0009959285
834,0,1,-0.011095285,0.004198551,-0.2076706407547508,0.19657536,0.03864187
835,0,1,0.19260287,0.08660221,0.1513904977094324,0.04121238,0.0016984603
836,0,1,-0.14236593,-0.07434511,-0.142728076014647,0.00036214292,1.311475e-07
837,0,1,0.13192749,0.086158276,0.1431510229975168,0.01122354,0.00012596784
838,0,1,-0.13471103,-0.06737423,-0.2591537447569645,0.12444273,0.015485992
839,0,1,0.2406795,0.079675436,0.1714997198468841,0.06917979,0.004785843
840,0,1,-0.16103959,-0.09024191,-0.1153497966795034,0.04568979,0.002087557
841,0,1,0.10634518,0.08293533,0.1766622884719422,0.070317104,0.0049444954
842,0,1,-0.16583085,-0.094068766,-0.2976198624944217,0.131789,0.01736834
843,0,1,0.27657366,0.070273876,0.3174833168600042,0.040909648,0.0016735992
844,0,1,-0.29606032,-0.12335968,-0.0294295834085387,0.26663074,0.07109195
845,0,1,0.026090145,0.03581214,0.0104583154277699,0.015631828,0.00024435407
846,0,1,-0.01113677,0.004162073,-0.0711425799254459,0.060005806,0.0036006968
847,0,1,0.065044165,0.067255974,0.0356938271161255,0.029350337,0.00086144224
848,0,1,-0.034673214,-0.016642094,0.019746246702927,0.054419458,0.0029614775
849,0,1,-0.019800901,-0.0034253597,-0.0355227089423491,0.01572181,0.00024717528
850,0,1,0.031778574,0.040512085,0.0806643856506794,0.048885815,0.0023898229
851,0,1,-0.07657981,-0.043934107,-0.1202954382553267,0.043715626,0.001911056
852,0,1,0.11096597,0.08365035,0.1949304779012455,0.08396451,0.0070500392
853,0,1,-0.18277717,-0.10678315,-0.0176621889219492,0.16511498,0.027262958
854,0,1,0.015104532,0.026633978,-0.2162134115795226,0.23131794,0.053507987
855,0,1,0.20058274,0.08589983,0.2090036891945419,0.008420944,7.09123e-05
856,0,1,-0.195822,-0.115706444,-0.3040570762977679,0.10823506,0.011714828
857,0,1,0.28257728,0.068347216,0.2935736306866165,0.010996342,0.00012091953
858,0,1,-0.274019,-0.12765336,-0.2799620052656379,0.0059430003,3.531925e-05
859,0,1,0.26009965,0.07503986,0.1889375950597531,0.07116206,0.0050640386
860,0,1,-0.17721891,-0.10275388,-0.2413594457639867,0.06414053,0.0041140076
861,0,1,0.22406602,0.08280063,0.0020677508865181,0.22199827,0.049283233
862,0,1,-0.0033082962,0.010946035,-0.0130516684601564,0.009743372,9.49333e-05
863,0,1,0.010801554,0.023000956,-0.0619468820485167,0.07274844,0.005292335
864,0,1,0.056455135,0.06047201,0.123286688321655,0.06683155,0.0044664564
865,0,1,-0.11624503,-0.04946208,-0.1259088103320311,0.009663776,9.338856e-05
866,0,1,0.11621165,0.08439064,-0.0440597020408359,0.16027135,0.025686905
867,0,1,0.0397501,0.047035217,0.139970371589162,0.10022028,0.010044104
868,0,1,-0.13175511,-0.06461048,0.0256145480841034,0.15736966,0.02476521
869,0,1,-0.025274515,-0.008261681,0.2046234320818811,0.22989795,0.052853066
870,0,1,-0.19176221,-0.11301017,-0.1997225795686934,0.007960364,6.33674e-05
871,0,1,0.18517876,0.087094545,0.069191078216821,0.11598768,0.013453142
872,0,1,-0.06589317,-0.042925835,0.1285050905156639,0.19439827,0.037790686
873,0,1,-0.12109709,-0.054320812,-0.0711173403617988,0.049979746,0.002497975
874,0,1,0.06502104,0.067237854,0.1646305019660441,0.099609464,0.009922045
875,0,1,-0.15466237,-0.084988594,-0.0661280601263141,0.08853431,0.007838324
876,0,1,0.060360193,0.0635674,0.0807660189567269,0.020405829,0.00041639784
877,0,1,-0.076673746,-0.043942213,0.119839597363978,0.19651334,0.03861749
878,0,1,-0.11303902,-0.04673338,-0.0337494408500451,0.07928957,0.0062868358
879,0,1,0.030123234,0.039147615,-0.082227358081786,0.11235059,0.012622655
880,0,1,0.07539892,0.07532334,0.0898816076709683,0.014482684,0.00020974815
881,0,1,-0.085161924,-0.044681787,0.0423561298793662,0.12751806,0.016260855
882,0,1,-0.04088545,-0.022233486,-0.1812345385255103,0.14034909,0.019697867
883,0,1,0.16790652,0.08765149,0.1266320777943228,0.041274443,0.0017035797
884,0,1,-0.1193552,-0.052589417,-0.0731159680066126,0.046239235,0.0021380668
885,0,1,0.066887856,0.06870079,0.0058416762821846,0.06104618,0.003726636
886,0,1,-0.0068297386,0.007902622,-0.0420907683058486,0.03526103,0.0012433403
887,0,1,0.037911415,0.04553771,0.0844235730995586,0.046512157,0.0021633806
888,0,1,-0.080079794,-0.04424572,-0.1187789804798629,0.038699187,0.0014976271
889,0,1,0.10954952,0.08343744,0.0462590709920336,0.06329045,0.004005681
890,0,1,-0.044523716,-0.025527954,0.0701064740344445,0.11463019,0.013140081
891,0,1,-0.06674552,-0.04300952,-0.1400299609984174,0.07328445,0.0053706104
892,0,1,0.12940598,0.08592129,0.2747718205911971,0.14536583,0.021131225
893,0,1,-0.2566645,-0.12942553,-0.1243955398974514,0.13226897,0.017495079
894,0,1,0.114797115,0.084198475,0.148152417769082,0.033355296,0.0011125758
895,0,1,-0.13935876,-0.07163715,-0.1762545761756024,0.03689581,0.0013613009
896,0,1,0.16325378,0.087659836,0.1761888262922206,0.012935042,0.00016731532
897,0,1,-0.1653912,-0.09372258,-0.2631805919921075,0.09778938,0.009562762
898,0,1,0.24443793,0.078861475,0.2073554265684674,0.03708251,0.0013751124
899,0,1,-0.19429398,-0.114700556,-0.2120777974405894,0.01778382,0.00031626428
900,0,1,0.19671988,0.086260796,0.2950668270221555,0.09834695,0.009672122
901,0,1,-0.27539635,-0.12745261,-0.4088295584685375,0.13343322,0.017804425
902,0,1,0.38014674,0.022773981,0.3938364965435781,0.013689756,0.00018740943
903,0,1,-0.36622524,-0.08944082,-0.4726395159961001,0.10641429,0.011324001
904,0,1,0.439389,-0.01796794,0.400088925848566,0.039300054,0.0015444943
905,0,1,-0.37195492,-0.08560228,-0.4911901531273801,0.11923525,0.014217044
906,0,0,0.45657897,-0.03162527,-0.3437754554156891,0.8003544,0.6405672
907,0,0,0.31960106,0.0542171,-0.381715898824595,0.70131695,0.49184546
908,0,0,0.35492897,0.037125826,-0.3555501101172096,0.7104791,0.50478053
909,0,0,0.33057046,0.04928732,-0.3887379773109916,0.71930844,0.5174046
910,0,0,0.36146235,0.033580065,-0.5924613571374038,0.9539237,0.9099704
911,0,0,0.5501182,-0.12020326,-0.5724950928824266,1.1226133,1.2602607
912,1,0,-0.5862353,-0.100898504,-0.6933184624154269,0.1070832,0.011466812
913,1,0,-0.70637715,-0.23094392,-0.7512573301202383,0.04488015,0.002014228
914,1,0,-0.7636795,-0.30404472,-0.8782540238888281,0.11457449,0.013127314
915,1,0,-0.88850343,-0.4734702,-0.7001591080206788,0.1883443,0.035473574
916,1,0,-0.7131541,-0.2392273,-0.7620632178897104,0.048909128,0.0023921027
917,1,0,-0.7743422,-0.31840086,-0.5296834640649948,0.24465871,0.059857883
918,1,0,-0.54347086,-0.062529564,-0.469847223131886,0.07362363,0.0054204385
919,1,0,-0.48354578,-0.015981913,-0.3088389111753407,0.17470688,0.030522492
920,1,0,-0.32149196,0.06684995,-0.1615391626528564,0.15995279,0.025584895
921,1,0,-0.17238736,0.08733463,-0.4595185562862798,0.2871312,0.08244432
922,1,0,-0.4731834,-0.008798599,-0.447355652795502,0.025827736,0.0006670719
923,1,0,-0.4609754,-0.00066304207,-0.3417749640749776,0.11920044,0.014208744
924,1,0,-0.35472894,0.055021048,-0.4015190744898933,0.046790123,0.0021893156
925,1,0,-0.41490793,0.026818514,-0.3761194003445141,0.038788527,0.0015045499
926,1,0,-0.3893416,0.039866924,-0.4356958621729614,0.046354264,0.0021487179
927,1,0,-0.4492662,0.0068058968,-0.3319098442560833,0.11735636,0.013772516
928,1,0,-0.34477806,0.058841467,-0.4023343423861152,0.05755627,0.0033127244
929,1,0,-0.4157281,0.02637434,-0.4492838023787775,0.033555716,0.0011259861
930,1,0,-0.4629116,-0.0019290447,-0.2894844660382034,0.17342713,0.030076971
931,1,0,-0.30194283,0.07256484,-0.2197660517688615,0.082176775,0.0067530223
932,1,0,-0.2314105,0.085555315,-0.2004569611769788,0.030953541,0.00095812173
933,1,0,-0.21184874,0.08705592,0.062220284331532,0.274069,0.075113826
934,1,0,0.055196285,-0.039146423,0.1499551639343588,0.09475888,0.008979246
935,1,0,0.14465308,-0.07315016,0.1754896290850935,0.030836552,0.000950893
936,1,0,0.17070174,-0.09320712,0.0511967312489907,0.11950501,0.014281448
937,1,0,0.043963194,-0.029716015,0.1010266778997888,0.057063483,0.003256241
938,1,0,0.094754696,-0.045512438,-0.0118573739212064,0.10661207,0.011366134
939,1,0,-0.02025652,0.022057772,-0.014439567751435,0.0058169514,3.3836925e-05
940,1,0,-0.022885561,0.02409625,-0.0839166589564546,0.061031096,0.0037247946
941,1,0,-0.09355807,0.076541185,-0.0722410924773191,0.021316983,0.00045441376
942,1,0,-0.08168936,0.06806111,-0.1300583612313191,0.048369005,0.0023395608
943,1,0,-0.14043617,0.08488965,-0.18759457710838,0.047158405,0.0022239152
944,1,0,-0.19881225,0.08755374,-0.1413182476910521,0.057494,0.00330556
945,1,0,-0.15186691,0.08603644,-0.0844691815903044,0.06739773,0.0045424537
946,1,0,-0.0941205,0.07694006,-0.0125701952762771,0.08155031,0.0066504525
947,1,0,-0.020982027,0.022620916,-0.1062089959630268,0.08522697,0.007263636
948,1,0,-0.11621261,0.08146262,-0.0691795576046425,0.04703305,0.0022121076
949,1,0,-0.07857609,0.06581545,-0.1454233507713929,0.066847265,0.004468557
950,1,0,-0.15603423,0.086380005,-0.087479581922317,0.06855465,0.0046997396
951,1,0,-0.09717965,0.07782698,-0.0014126477258344,0.09576701,0.009171319
952,1,0,-0.009623051,0.013741255,0.0361400756882344,0.045763128,0.002094264
953,1,0,0.028621674,-0.017015457,-0.0237910957748774,0.05241277,0.0027470984
954,1,0,-0.032403708,0.031430483,-0.1981867318428047,0.16578302,0.027484009
955,1,0,-0.20954871,0.087172985,-0.3283009567320318,0.11875224,0.014102095
956,1,0,-0.34113717,0.06017995,-0.2711689351956066,0.06996822,0.0048955525
957,1,0,-0.28342915,0.077127695,-0.1105806541512697,0.1728485,0.029876601
958,1,0,-0.120654106,0.08219123,-0.1844596169997117,0.063805506,0.0040711425
959,1,0,-0.19563341,0.08761358,-0.2389075579847168,0.04327415,0.001872652
960,1,0,-0.25079203,0.08317089,-0.297483005484326,0.04669097,0.0021800466
961,1,0,-0.3100233,0.07031393,-0.3730795597427088,0.06305626,0.0039760917
962,1,0,-0.38628006,0.04132414,-0.3985366135435604,0.012256563,0.00015022334
963,1,0,-0.41190815,0.028431892,-0.3928934072889194,0.019014746,0.00036156055
964,1,0,-0.40622902,0.031425,-0.3603845569147559,0.045844465,0.002101715
965,1,0,-0.37348962,0.04716587,-0.5119191016434468,0.13842946,0.019162716
966,1,0,-0.52569866,-0.04783988,-0.4171063697809938,0.1085923,0.011792288
967,1,0,-0.43058395,0.01804018,-0.4783507281231851,0.047766775,0.0022816649
968,1,0,-0.4920721,-0.022086143,-0.6048236273053855,0.11275154,0.012712911
969,1,0,-0.61846256,-0.1326015,-0.5113733063951789,0.10708928,0.011468114
970,1,0,-0.5251527,-0.04740095,-0.5326472129028126,0.007494509,5.6167668e-05
971,1,0,-0.54643416,-0.06505108,-0.5708921202139376,0.024457932,0.0005981904
972,1,0,-0.584636,-0.09938669,-0.4454149255463902,0.13922104,0.0193825
973,1,0,-0.45902658,0.000603199,-0.4222060689540114,0.0368205,0.0013557493
974,1,0,-0.43571115,0.015040159,-0.4306243234261084,0.0050868094,2.587563e-05
975,1,0,-0.4441712,0.0099515915,-0.3632013555660376,0.08096984,0.006556115
976,1,0,-0.376328,0.045903444,-0.4129740925518321,0.036646098,0.0013429365
977,1,0,-0.42643023,0.020424604,-0.5812131291225149,0.15478289,0.023957744
978,1,0,-0.5949321,-0.10921812,-0.6532333023015062,0.05830121,0.0033990312
979,1,0,-0.66661143,-0.18434381,-0.6148121407809879,0.051799297,0.002683167
980,1,0,-0.6284083,-0.1428616,-0.6848935357140284,0.056485236,0.003190582
981,1,0,-0.69802785,-0.22087383,-0.6668989179263114,0.031128943,0.0009690111
982,1,0,-0.6801791,-0.19985652,-0.6466787748080742,0.033500373,0.001122275
983,1,0,-0.66010106,-0.17704463,-0.4325713861150975,0.22752967,0.051769752
984,1,0,-0.4461274,0.008752108,-0.4418474672854513,0.0042799413,1.8317898e-05
985,1,0,-0.45544505,0.0029058456,-0.4115068017517171,0.04393825,0.0019305698
986,1,0,-0.42495465,0.021260977,-0.3384068049065969,0.08654785,0.0074905306
987,1,0,-0.3513322,0.056351423,-0.3136189746508697,0.0377132,0.0014222855
988,1,0,-0.32631874,0.065297365,-0.2884476898187258,0.037871063,0.0014342174
989,1,0,-0.3008945,0.07284427,-0.291914651346147,0.008979857,8.063783e-05
990,1,0,-0.30439758,0.07189703,-0.2964411333934875,0.007956445,6.330502e-05
991,1,0,-0.30897093,0.07061577,-0.2338338638541319,0.075137064,0.0056455783
992,1,0,-0.24565625,0.08388996,-0.1597022193038353,0.085954025,0.0073880944
993,1,0,-0.1705234,0.08725619,-0.1894532620362654,0.018929854,0.00035833937
994,1,0,-0.20069575,0.08750582,-0.1246355733466137,0.07606018,0.0057851514
995,1,0,-0.13492942,0.08422899,-0.1816005745098743,0.046671152,0.0021781963
996,1,0,-0.19273424,0.08764768,-0.2006384824653553,0.007904246,6.247711e-05
997,1,0,-0.21203303,0.08704686,-0.38799566931324,0.17596263,0.030962845
998,1,0,-0.401299,0.033961058,-0.4891551908153801,0.0878562,0.0077187126
999,1,0,-0.5029011,-0.030088186,-0.5384210409922048,0.035519958,0.0012616673
1000,1,0,-0.5522065,-0.0700202,-0.4889602256682162,0.06324628,0.004000092
1001,1,0,-0.50270605,-0.029940844,-0.6171422222750356,0.11443615,0.013095632
1002,1,0,-0.63072824,-0.14528656,-0.5855199485086442,0.045208275,0.002043788
1003,1,0,-0.59922624,-0.1133914,-0.5635414433933517,0.035684764,0.0012734024
1004,1,0,-0.5772996,-0.092529535,-0.4199444994091617,0.1573551,0.024760628
1005,1,0,-0.4334376,0.016378641,-0.4547682770678878,0.021330684,0.0004549981
1006,1,0,-0.46841645,-0.0055787563,-0.5367564776932432,0.06834,0.004670356
1007,1,0,-0.55054307,-0.06858015,-0.602051546214835,0.051508486,0.002653124
1008,1,0,-0.6157017,-0.12979126,-0.692600287802354,0.076898634,0.0059134
1009,1,0,-0.70566595,-0.2300806,-0.6345560259954297,0.07110989,0.0050566164
1010,1,0,-0.64805114,-0.16378379,-0.5821513595843144,0.06589979,0.0043427823
1011,1,0,-0.5958674,-0.110123634,-0.6636205725840028,0.067753196,0.0045904955
1012,1,0,-0.6769258,-0.19609761,-0.729398635951156,0.05247283,0.002753398
1013,1,0,-0.7420863,-0.27568817,-0.7424612180053478,0.00037491322,1.4055992e-07
1014,1,0,-0.75499475,-0.29252195,-0.8138405692216248,0.058845818,0.0034628303
1015,1,0,-0.8253306,-0.39020061,-0.8789871020168203,0.05365646,0.0028790156
1016,1,0,-0.88922095,-0.4741199,-0.9444277823219815,0.055206835,0.0030477946
1017,1,0,-0.953091,-0.53385043,-1.073502389419117,0.120411396,0.014498904
1018,1,0,-1.0780962,-0.6615304,-1.1690356224312548,0.09093952,0.008269996
1019,1,0,-1.169729,-0.76376724,-1.2100685271431668,0.04033959,0.0016272825
1020,1,0,-1.2088407,-0.809477,-1.1338382345632436,0.07500255,0.0056253825
1021,1,0,-1.1360608,-0.72539234,-1.091315329743063,0.044745445,0.002002155
1022,1,0,-1.0952414,-0.6801226,-1.1371709839172706,0.041929603,0.0017580916
1023,1,0,-1.1392541,-0.72899115,-1.070198814119617,0.06905532,0.004768637
1024,1,0,-1.0749141,-0.65810704,-0.9697128953160848,0.105201185,0.011067289
1025,1,0,-0.9776833,-0.55785227,-0.9406648948372104,0.03701842,0.0013703633
1026,1,0,-0.9494275,-0.5303223,-0.829470496110247,0.11995697,0.014389675
1027,1,0,-0.84068596,-0.4128201,-0.8717076603357308,0.031021714,0.00096234673
1028,1,0,-0.88209736,-0.4676926,-0.8440090279372008,0.03808832,0.0014507202
1029,1,1,-0.8549545,-0.43423748,0.7452852136352734,1.6002398,2.5607672
1030,1,1,0.7510941,0.36808372,-0.7228112149754509,1.4739053,2.172397
1031,1,1,-0.7355721,-0.26732588,0.7291277733198727,1.4646999,2.1453457
1032,0,1,-0.66926086,0.34257007,-0.5837239369018263,0.0855369,0.007316561
1033,0,1,0.5420697,-0.111646175,0.662594275560175,0.120524585,0.014526175
1034,0,1,-0.6098888,0.2199688,-0.5231615344083291,0.08672726,0.0075216177
1035,0,1,0.48616743,-0.057050943,0.6238853386906658,0.1377179,0.01896622
1036,0,1,-0.5751579,0.15705395,-0.5913140907246475,0.016156197,0.00026102268
1037,0,1,0.5490618,-0.11907077,0.6833201128085156,0.13425833,0.0180253
1038,0,1,-0.6284282,0.25620103,-0.5375302893503036,0.09089792,0.008262431
1039,0,1,0.49944806,-0.06924987,0.3322617904775193,0.16718626,0.027951246
1040,0,1,-0.30966806,-0.118827105,-0.4973238331932674,0.18765578,0.035214692
1041,0,1,0.46225858,-0.036319733,0.3322685817491475,0.12998998,0.016897395
1042,0,1,-0.30967474,-0.11882448,-0.3207181168396724,0.01104337,0.000121956014
1043,0,1,0.2981124,0.062888145,0.3774722908145698,0.07935989,0.006297992
1044,0,1,-0.35121775,-0.098740816,-0.3500428736336922,0.0011748672,1.3803128e-06
1045,0,1,0.32543993,0.05163455,0.4384526633716694,0.11301273,0.012771877
1046,0,1,-0.40705347,-0.058576107,-0.2706473153683681,0.13640615,0.018606639
1047,0,1,0.2514069,0.07724476,0.2358145090443963,0.015592396,0.00024312282
1048,0,1,-0.22064877,-0.12602043,-0.3443890915287233,0.123740315,0.015311666
1049,0,1,0.3201728,0.053967714,0.2654863276391452,0.054686457,0.0029906086
1050,0,1,-0.24808717,-0.12977958,-0.2555049610221971,0.007417798,5.5023727e-05
1051,0,1,0.23727298,0.080379725,-0.0008570669662151,0.23813005,0.05670592
1052,0,1,-0.0005788803,0.0132956505,-0.0444402218648094,0.04386134,0.0019238172
1053,0,1,0.04010582,0.04732442,-0.011332299094398,0.05143812,0.0026458802
1054,0,1,0.009197235,0.021641731,0.1646868461145239,0.15548961,0.024177019
1055,0,1,-0.15471506,-0.0850327,-0.1356171523805289,0.01909791,0.00036473013
1056,0,1,0.12528276,0.08549309,0.1147334685622571,0.010549299,0.00011128772
1057,0,1,-0.10828924,-0.046425104,-0.0845571992100464,0.023732044,0.0005632099
1058,0,1,0.07757497,0.077002764,-0.0236326983552572,0.101207666,0.010242992
1059,0,1,0.020678043,0.03130746,0.1262689640109204,0.105590925,0.011149444
1060,0,1,-0.1190176,-0.052251577,-0.2401217731758169,0.121104166,0.014666219
1061,0,1,0.2229104,0.082989454,0.2451083613454421,0.022197962,0.0004927495
1062,0,1,-0.22924829,-0.12875772,-0.2724618563426726,0.043213576,0.0018674132
1063,0,1,0.25309968,0.076832056,0.2139702019312857,0.03912948,0.0015311163
1064,0,1,-0.200423,-0.11824775,-0.2162207815448393,0.015797779,0.00024956983
1065,0,1,0.20058966,0.08589792,0.3136013495982626,0.11301169,0.012771642
1066,0,1,-0.29248405,-0.124212265,-0.2114365695177795,0.081047475,0.006568693
1067,0,1,0.19612074,0.08631396,0.1399726662617242,0.056148067,0.0031526054
1068,0,1,-0.1317575,-0.06461358,-0.0349691236027891,0.09678838,0.009367989
1069,0,1,0.03126192,0.04008627,-0.0001145853049209,0.031376507,0.0009844851
1070,0,1,-0.00127244,0.012699842,0.0146487051073398,0.015921146,0.00025348287
1071,0,1,-0.0150465965,0.0007483959,-0.0712087343570275,0.05616214,0.003154186
1072,0,1,0.065105915,0.06730461,0.1123618502757795,0.047255933,0.0022331232
1073,0,1,-0.10608363,-0.046276093,0.0374218276201419,0.14350545,0.020593815
1074,0,1,-0.036284685,-0.018088102,0.1203584251241802,0.15664311,0.024537062
1075,0,1,-0.11352134,-0.04676366,-0.1750027842696622,0.061481446,0.0037799682
1076,0,1,0.16208386,0.087652445,0.0990023537692983,0.06308151,0.003979277
1077,0,1,-0.09365225,-0.045367956,-0.0813184437921763,0.012333803,0.0001521227
1078,0,1,0.07455015,0.07466602,0.2305314776190723,0.15598133,0.024330176
1079,0,1,-0.21575975,-0.12431431,-0.2949271217076639,0.079167366,0.0062674717
1080,0,1,0.2740612,0.07104945,0.2871848114400035,0.013123602,0.00017222892
1081,0,1,-0.26812387,-0.12841415,-0.38131061743502,0.11318675,0.01281124
1082,0,1,0.35455203,0.03732729,0.6050136131618222,0.25046158,0.062731005
1083,0,1,-0.55817795,0.12862921,-0.6420541115132454,0.08387619,0.007035216
1084,0,1,0.5957086,-0.17194891,0.6926915273907657,0.0969829,0.009405682
1085,0,1,-0.63679826,0.27316618,-0.6340451305377413,0.0027531385,7.579772e-06
1086,0,1,0.5883572,-0.16323137,0.6981646177557441,0.10980743,0.012057672
1087,0,1,-0.64168215,0.28324175,-0.5813696928753487,0.06031245,0.0036375916
1088,0,1,0.53990054,-0.10936904,0.4104179821526732,0.12948257,0.016765736
1089,0,1,-0.38141394,-0.07891393,-0.5231853340286019,0.14177138,0.020099124
1090,0,1,0.48618913,-0.057072163,0.6176979217644174,0.13150877,0.017294556
1091,0,1,-0.56959414,0.14757228,-0.521256601938735,0.04833752,0.0023365158
1092,0,1,0.48440552,-0.055470467,0.2170790807842784,0.2673264,0.07146341
1093,0,1,-0.20330334,-0.119470835,-0.387037392460853,0.18373406,0.033758204
1094,0,1,0.3598802,0.034449816,0.4483360937269012,0.088455886,0.007824443
1095,0,1,-0.41607904,-0.050644636,-0.3343016475388856,0.081777394,0.006687542
1096,0,1,0.31077385,0.0579381,0.2699854161266128,0.040788442,0.001663697
1097,0,1,-0.25224447,-0.12965155,-0.233270812718044,0.018973663,0.00035999992
1098,0,1,0.21651316,0.0839653,0.2619159405201414,0.045402795,0.0020614138
1099,0,1,-0.24478817,-0.12982464,-0.1845559547058797,0.060232222,0.0036279205
1100,0,1,0.17100954,0.08761239,0.325135572860121,0.15412602,0.02375483
1101,0,1,-0.30310845,-0.121245384,-0.2483465063127705,0.054761946,0.0029988708
1102,0,1,0.23058963,0.08166599,0.3505342089659176,0.11994457,0.0143867005
1103,0,1,-0.32647562,-0.1116972,-0.3476111951998857,0.021135569,0.00044671225
1104,0,1,0.3231752,0.05264759,0.3874321450534643,0.064256966,0.0041289576
1105,0,1,-0.36035395,-0.093209505,-0.6120685642923296,0.25171465,0.06336027
1106,0,1,0.5681622,-0.14002228,0.486753184321107,0.08140901,0.0066274265
1107,0,1,-0.45109725,-0.016021729,-0.4302927947171113,0.020804465,0.00043282576
1108,0,1,0.4000914,0.010156155,0.4208298300234987,0.020738423,0.00043008217
1109,0,1,-0.39094257,-0.071733,-0.5028757428243793,0.11193317,0.012529035
1110,0,1,0.46739912,-0.0406425,0.3215213462480055,0.14587778,0.021280326
1111,0,1,-0.29978013,-0.12239432,-0.3408933820200701,0.041113257,0.0016903
1112,0,1,0.31691575,0.05537176,0.3087370245471939,0.008178741,6.68918e-05
1113,0,1,-0.2880013,-0.12519622,-0.2893874178390185,0.001386106,1.9212898e-06
1114,0,1,0.2688942,0.07259011,0.3511795728003553,0.082285374,0.0067708828
1115,0,1,-0.3270688,-0.11142063,-0.2521142560922937,0.07495454,0.005618183
1116,0,1,0.23410702,0.08100462,0.0966638587204906,0.13744316,0.018890621
1117,0,1,-0.09147549,-0.04519701,-0.2750584579508985,0.18358296,0.033702705
1118,0,1,0.25552297,0.07622719,0.0943790484716418,0.16114393,0.025967365
1119,0,1,-0.08934879,-0.045026302,-0.001626732678666,0.08772206,0.0076951603
1120,0,1,0.00013923645,0.013912678,0.0912850995124014,0.091145866,0.008307569
1121,0,1,-0.08646822,-0.044790983,-0.1700786087016199,0.083610386,0.006990697
1122,0,1,0.15748286,0.08758664,0.1004983500742429,0.056984514,0.0032472347
1123,0,1,-0.0950439,-0.045475245,-0.1621380684609654,0.06709418,0.0045016287
1124,0,1,0.15006351,0.08735728,0.119497638997196,0.030565873,0.0009342726
1125,0,1,-0.112721205,-0.04671359,-0.0342625371635767,0.07845867,0.0061557624
1126,0,1,0.030602217,0.0395422,0.0097785613216205,0.020823656,0.00043362463
1127,0,1,-0.010502815,0.004714012,0.2603577286055807,0.27086055,0.07336544
1128,0,1,-0.24334717,-0.12982821,-0.2293098463813385,0.014037326,0.00019704652
1129,0,1,0.2128141,0.08447766,0.0902094187614253,0.122604676,0.015031907
1130,0,1,-0.08546758,-0.04470706,-0.0834924031342145,0.0019751713,3.9013016e-06
1131,0,1,0.07658124,0.07623577,0.1189097880487861,0.04232855,0.0017917063
1132,0,1,-0.11217427,-0.04667878,-0.0866287540379207,0.025545515,0.00065257336
1133,0,1,0.07951093,0.077643156,0.1061103255439812,0.0265994,0.0007075281
1134,0,1,-0.10026717,-0.045865297,-0.2215404634319702,0.121273294,0.014707211
1135,0,1,0.20555782,0.085371494,0.1685658089225818,0.036992013,0.001368409
1136,0,1,-0.15831566,-0.08801985,-0.022442709666012,0.13587295,0.018461457
1137,0,1,0.01956749,0.030378819,-0.0411854228303276,0.060752913,0.0036909166
1138,0,1,0.037065983,0.04484725,0.2554896505587929,0.21842366,0.0477089
1139,0,1,-0.23884797,-0.12977624,-0.2505176161415945,0.011669636,0.0001361804
1140,0,1,0.2326169,0.08128929,0.0944082388264768,0.13820866,0.019101633
1141,0,1,-0.08937645,-0.045029163,-0.0994681009018965,0.010091655,0.0001018415
1142,0,1,0.09150624,0.08024931,0.1223457864458548,0.03083954,0.0009510772
1143,0,1,-0.115370035,-0.04857564,-0.3077622912785602,0.19239226,0.037014782
1144,0,1,0.28603268,0.067191124,0.2586649442555018,0.02736774,0.00074899325
1145,0,1,-0.24178338,-0.1298213,-0.1581558134757421,0.08362757,0.00699357
1146,0,1,0.14634323,0.08718586,0.1636486847279266,0.017305449,0.00029947856
1147,0,1,-0.15375042,-0.08422303,0.0837546917439948,0.23750511,0.056408677
1148,0,1,-0.07945728,-0.044190407,0.0599914793472566,0.13944876,0.019445958
1149,0,1,-0.05732155,-0.03723097,-0.0358728531546486,0.021448694,0.0004600465
1150,0,1,0.032105446,0.04078126,0.1759414590031114,0.143836,0.020688796
1151,0,1,-0.16516232,-0.09354019,-0.2360142123317214,0.07085189,0.0050199907
1152,0,1,0.2190752,0.08358884,0.1209991989566083,0.098076,0.009618902
1153,0,1,-0.11411762,-0.04729891,-0.0789590793140142,0.035158545,0.0012361233
1154,0,1,0.072345495,0.072957516,-0.0007371491794598,0.07308264,0.0053410726
1155,0,1,-0.0006914139,0.013199329,-0.02863382336584,0.02794241,0.00078077824
1156,0,1,0.025346756,0.03519559,0.0568718373839645,0.031525083,0.0009938309
1157,0,1,-0.054414272,-0.034557104,-0.0817460060255315,0.027331732,0.00074702356
1158,0,1,0.0749495,0.074974775,0.1468107869773183,0.07186128,0.005164044
1159,0,1,-0.13811135,-0.07050371,-0.0220463366577634,0.11606502,0.013471088
1160,0,1,0.019197702,0.030069113,-0.186248998998145,0.2054467,0.042208347
1161,0,1,0.17259121,0.0875833,0.0513501302983634,0.12124108,0.014699399
1162,0,1,-0.0492692,-0.02984643,-0.1074003344508658,0.058131136,0.003379229
1163,0,1,0.09891772,0.081665516,0.0723802198696614,0.0265375,0.00070423895
1164,0,1,-0.06886339,-0.04321432,-0.1312975714294051,0.06243418,0.0038980271
1165,0,1,0.12124658,0.08503127,0.3146559810987872,0.19340941,0.0374072
1166,0,1,-0.29345584,-0.12398672,-0.3535358395647434,0.06007999,0.0036096054
1167,0,1,0.3286934,0.05015564,0.2747833079355084,0.053910077,0.0029062964
1168,0,1,-0.256675,-0.12942553,-0.5028675775268172,0.24619257,0.060610782
1169,0,1,0.46739173,-0.040636063,0.2246469685915526,0.24274476,0.058925018
1170,0,1,-0.2103126,-0.122282505,-0.2485989892276472,0.038286388,0.0014658475
1171,0,1,0.23082542,0.08162236,0.2609166647591259,0.030091226,0.00090548187
1172,0,1,-0.24386501,-0.12982798,0.1128967425652414,0.35676175,0.12727895
1173,0,1,-0.106580496,-0.04630971,-0.1346705108491472,0.028090015,0.00078904897
1174,0,1,0.12439823,0.08539605,0.1623162533282145,0.037918016,0.0014377759
1175,0,1,-0.1525147,-0.08317852,-0.2164444937502518,0.063929796,0.004087019
1176,0,1,0.20079851,0.08587766,0.2157086957321619,0.014910191,0.0002223138
1177,0,1,-0.20203352,-0.11893678,-0.3029442282136738,0.10091072,0.010182974
1178,0,1,0.28153872,0.06868696,0.2498421455885777,0.031696573,0.0010046727
1179,0,1,-0.23362613,-0.12959671,-0.2481350416279375,0.014508918,0.0002105087
1180,0,1,0.23039246,0.08170271,0.2403031237162727,0.009910673,9.822144e-05
1181,0,1,-0.22480297,-0.12738514,-0.208006095932836,0.016796872,0.00028213492
1182,0,1,0.19291663,0.08657718,0.1453643428597293,0.047552288,0.00226122
1183,0,1,-0.13676786,-0.069272995,-0.1944253773075499,0.05765751,0.0033243885
1184,0,1,0.18022943,0.08733916,0.0575840884309548,0.12264533,0.0150418775
1185,0,1,-0.055078506,-0.035167456,-0.0781543984546226,0.023075894,0.00053249684
1186,0,1,0.071594,0.07237339,0.0108073842835545,0.060786616,0.0036950128
1187,0,1,-0.011462688,0.003878355,-0.0646564448071846,0.053193755,0.0028295757
1188,0,1,0.058986425,0.06248021,0.1575292677359172,0.09854284,0.009710691
1189,0,1,-0.14806843,-0.07936454,-0.2007433795312221,0.05267495,0.0027746502
1190,0,1,0.18613243,0.0870409,0.2488392265225192,0.0627068,0.0039321426
1191,0,1,-0.23269892,-0.12955213,-0.1035789125708768,0.12912,0.016671976
1192,0,1,0.095347166,0.081002,0.2077469681887853,0.1123998,0.012633716
1193,0,1,-0.19465709,-0.11494064,-0.3991266009915608,0.2044695,0.04180778
1194,0,1,0.37112474,0.028114319,0.4628600350420919,0.0917353,0.008415366
1195,0,1,-0.42933083,-0.038264275,-0.5205239000443154,0.09119308,0.008316178
1196,0,1,0.48372793,-0.054864407,0.5373166843406731,0.053588748,0.0028717539
1197,0,1,-0.49701834,0.038772106,-0.3273892786424466,0.16962907,0.028774021
1198,0,1,0.30433154,0.060513258,0.1223292599855265,0.18200228,0.033124827
1199,0,1,-0.11535478,-0.048559666,-0.2476402451066874,0.13228548,0.017499447
1200,0,1,0.2299304,0.081786394,0.1902314601826189,0.039698943,0.0015760061
1201,0,1,-0.17841959,-0.10363555,-0.3185945680578954,0.14017498,0.019649027
1202,0,1,0.29613304,0.06362295,0.3641186777059841,0.067985624,0.004622045
1203,0,1,-0.33895826,-0.10552859,-0.2937804382634845,0.045177817,0.002041035
1204,0,1,0.2729919,0.071374655,0.1493781958435538,0.1236137,0.015280347
1205,0,1,-0.14049745,-0.07266641,-0.2054411204832531,0.06494367,0.0042176805
1206,0,1,0.19052052,0.08675504,0.2991177519595407,0.10859722,0.011793356
1207,0,1,-0.27913284,-0.12686133,-0.1530851955942553,0.12604764,0.015888007
1208,0,1,0.14160514,0.0869112,0.0604111071251387,0.08119403,0.00659247
1209,0,1,-0.057712793,-0.037591457,-0.0337479549776023,0.023964837,0.0005743134
1210,0,1,0.030121565,0.03914714,-0.1957479949253753,0.22586957,0.05101706
1211,0,1,0.18146586,0.08728576,0.3098943297734289,0.12842846,0.01649387
1212,0,1,-0.28906822,-0.124970436,-0.103373094470982,0.18569513,0.03448268
1213,0,1,0.095155,0.08096528,0.0612773669583814,0.033877634,0.0011476941
1214,0,1,-0.05851984,-0.03833556,0.0173369017320887,0.075856745,0.005754246
1215,0,1,-0.017553091,-0.0014493465,0.1839184459024649,0.20147154,0.04059078
1216,0,1,-0.17256355,-0.099273205,-0.2054307818869833,0.032867223,0.0010802543
1217,0,1,0.19051051,0.08675647,0.1641316623434696,0.026378855,0.000695844
1218,0,1,-0.1541996,-0.08460069,-0.0906772888405185,0.06352231,0.0040350836
1219,0,1,0.08329344,0.0785079,0.2599471382145215,0.17665371,0.031206535
1220,0,1,-0.24296856,-0.12982726,-0.3789119723566654,0.13594341,0.018480612
1221,0,1,0.35231996,0.038508892,0.1442465263254648,0.20807342,0.04329455
1222,0,1,-0.1357286,-0.0683167,-0.1158414140253971,0.019887187,0.0003955002
1223,0,1,0.10680413,0.08300948,0.1254205126885361,0.018616378,0.00034656955
1224,0,1,-0.11822915,-0.05146146,-0.1612634139013073,0.04303427,0.0018519484
1225,0,1,0.1492467,0.08732271,0.2483596384614106,0.09911294,0.009823375
1226,0,1,-0.23225546,-0.12952828,-0.313596658077877,0.08134121,0.006616392
1227,0,1,0.29147315,0.06530452,0.3297047150243188,0.03823155,0.0014616515
1228,0,1,-0.30731463,-0.11971903,-0.3562198739348088,0.048905253,0.002391724
1229,0,1,0.33119392,0.048997164,0.4269842150465677,0.0957903,0.009175781
1230,0,1,-0.3965714,-0.06728196,-0.3997915869504926,0.0032202005,1.0369691e-05
1231,0,1,0.37174344,0.027755737,0.5146432197793547,0.14289975,0.020420339
1232,0,1,-0.47645116,0.0129032135,-0.394852464926632,0.0815987,0.006658348
1233,0,1,0.36714983,0.030394077,0.453363439338005,0.08621362,0.007432788
1234,0,1,-0.42066836,-0.046456337,-0.3363739946432047,0.08429438,0.0071055423
1235,0,1,0.3127048,0.05714178,0.4408654979396389,0.12816069,0.01642516
1236,0,1,-0.40925765,-0.056676865,-0.3214819822689114,0.08777568,0.0077045695
1237,0,1,0.2988248,0.06262231,0.3490190721601385,0.050194293,0.0025194671
1238,0,1,-0.32508302,-0.112339735,-0.4666543311972821,0.14157131,0.020042436
1239,0,1,0.43383813,-0.013734579,0.4741649611696625,0.040326834,0.0016262535
1240,0,1,-0.4396348,-0.028032541,-0.4182055818057679,0.02142921,0.0004592111
1241,0,1,0.38886166,0.017397404,0.4209280392029026,0.032066375,0.0010282524
1242,0,1,-0.39103317,-0.07166338,-0.3864395967950917,0.004593581,2.1100986e-05
1243,0,1,0.35932422,0.034754038,0.5399482344636732,0.18062401,0.03262503
1244,0,1,-0.49940205,0.041911364,-0.4023468610886618,0.0970552,0.009419711
1245,0,1,0.37411976,0.026367426,0.2780433656941432,0.0960764,0.009230674
1246,0,1,-0.25968504,-0.12921906,-0.2126252567740878,0.04705979,0.0022146238
1247,0,1,0.19723082,0.08621526,0.2607852097173468,0.063554406,0.004039163
1248,0,1,-0.24374294,-0.12982774,-0.2305463857679055,0.013196558,0.00017414914
1249,0,1,0.21396899,0.08432174,0.2757175892012977,0.061748594,0.0038128889
1250,0,1,-0.25753832,-0.12937069,-0.1431695412393909,0.11436878,0.013080218
1251,0,1,0.13233972,0.0861969,0.1998230198136559,0.067483306,0.0045539965
1252,0,1,-0.18731236,-0.10997057,-0.0788429751905042,0.10846939,0.011765609
1253,0,1,0.07223773,0.07287288,0.2531883692701719,0.18095064,0.032743134
1254,0,1,-0.23672104,-0.12971854,-0.2726471313953218,0.035926104,0.0012906849
1255,0,1,0.2532735,0.07678938,0.1584556871524922,0.0948178,0.008990415
1256,0,1,-0.14892864,-0.08011103,-0.2435358373421592,0.09460719,0.00895052
1257,0,1,0.2260983,0.08245969,0.2042177229690804,0.021880582,0.00047875987
1258,0,1,-0.19138646,-0.11275697,-0.0873383163448564,0.10404815,0.010826017
1259,0,1,0.08017421,0.07779741,0.1159218124772603,0.035747603,0.0012778911
1260,0,1,-0.109395266,-0.04649806,-0.2391625930191057,0.12976733,0.01683956
1261,0,1,0.2220149,0.083132744,0.2821608619839373,0.060145944,0.0036175346
1262,0,1,-0.26348686,-0.1288979,-0.4641684023121391,0.20068154,0.040273078
1263,0,1,0.4315331,-0.012000799,0.2634594795859128,0.16807362,0.028248744
1264,0,1,-0.24621391,-0.12981176,-0.228989972737724,0.01722394,0.00029666407
1265,0,1,0.21251488,0.08451748,0.1228425164283106,0.089672364,0.008041133
1266,0,1,-0.115831375,-0.049043894,-0.2091020625440225,0.09327069,0.008699422
1267,0,1,0.19393992,0.086496115,0.2586042592539015,0.064664334,0.0041814763
1268,0,1,-0.24172711,-0.12982035,-0.2811292293892506,0.039402127,0.0015525277
1269,0,1,0.26118827,0.0747478,0.3894782379814439,0.12828997,0.016458316
1270,0,1,-0.36223006,-0.09202385,-0.4567095375164274,0.09447947,0.00892637
1271,0,1,0.42461467,-0.006888628,0.5039430083792191,0.07932836,0.0062929885
1272,0,1,-0.4667306,0.0014283657,-0.4559018052422168,0.010828793,0.00011726276
1273,0,1,0.42386508,-0.0063426495,0.4039074761443642,0.019957602,0.00039830589
1274,0,1,-0.37545252,-0.08318043,-0.44185803658049,0.066405505,0.0044096913
1275,0,1,0.41083097,0.0028989315,0.3621405879661954,0.04869038,0.0023707529
1276,0,1,-0.33714175,-0.106473684,-0.2632228945311707,0.07391885,0.0054639964
1277,0,1,0.24447751,0.07885265,0.2205421400324403,0.023935378,0.0005729023
1278,0,1,-0.20651078,-0.12078476,-0.238041004161559,0.031530216,0.0009941545
1279,0,1,0.22096753,0.08329749,0.1874143738479343,0.033553153,0.001125814
1280,0,1,-0.17580605,-0.10170722,-0.3255878264640586,0.1497818,0.022434585
1281,0,1,0.3026526,0.06116557,0.477032031967004,0.17437944,0.030408189
1282,0,1,-0.44224668,-0.025352955,-0.4336605653973917,0.008586109,7.372126e-05
1283,0,1,0.40321875,0.008075714,0.3673549554312205,0.035863787,0.0012862112
1284,0,1,-0.34192967,-0.103949785,-0.3907755117356077,0.048845828,0.0023859148
1285,0,1,0.3633573,0.03252864,0.4557629195406822,0.09240562,0.008538798
1286,0,1,-0.42285752,-0.044420958,-0.3016454042955865,0.121212125,0.014692379
1287,0,1,0.28032804,0.06908107,0.0631346220801689,0.21719341,0.04717298
1288,0,1,-0.06025052,-0.03993368,-0.0820326650450908,0.021782145,0.00047446185
1289,0,1,0.075217724,0.07518196,0.3386370295882752,0.2634193,0.06938973
1290,0,1,-0.3155346,-0.116491556,-0.3664996916430603,0.0509651,0.0025974414
1291,0,1,0.34076548,0.04440093,0.4419362457890918,0.10117078,0.010235527
1292,0,1,-0.4102354,-0.05582595,-0.2761037194532716,0.1341317,0.017991314
1293,0,1,0.25649905,0.07597947,0.151027508947823,0.10547154,0.011124245
1294,0,1,-0.14202905,-0.07404351,-0.2905038244351341,0.14847478,0.022044761
1295,0,1,0.26993465,0.072285414,0.2683353202562335,0.0015993416,2.5578936e-06
1296,0,1,-0.25072002,-0.12970734,-0.3856537684981767,0.13493374,0.018207114
1297,0,1,0.358593,0.035152674,0.3512028710750701,0.0073901117,5.461375e-05
1298,0,1,-0.3270905,-0.111411095,-0.1849897069372419,0.1421008,0.020192636
1299,0,1,0.17141557,0.08760595,0.1608026827312367,0.01061289,0.00011263344
1300,0,1,-0.1511085,-0.0819819,-0.377118072512097,0.22600958,0.051080327
1301,0,1,0.3506496,0.039384365,0.2821840503847888,0.06846553,0.004687529
1302,0,1,-0.2635088,-0.128896,-0.1380760795220967,0.12543271,0.015733367
1303,0,1,0.1275804,0.08573723,0.0960437435691448,0.03153666,0.000994561
1304,0,1,-0.09089875,-0.04515052,-0.0984453788162627,0.007546626,5.6951565e-05
1305,0,1,0.0905509,0.08005667,0.0757090643658835,0.014841832,0.00022027998
1306,0,1,-0.07196474,-0.043508768,-0.1687785150055107,0.09681377,0.009372906
1307,0,1,0.15626812,0.08756018,0.0497481889634139,0.10651993,0.011346496
1308,0,1,-0.047775745,-0.028484344,-0.125580878273126,0.07780513,0.0060536386
1309,0,1,0.11590505,0.084349394,0.1745343820175811,0.058629334,0.0034373987
1310,0,1,-0.16385603,-0.092504025,-0.1853248691565374,0.021468833,0.0004609108
1311,0,1,0.17172837,0.087599516,0.1991496013147657,0.027421236,0.0007519242
1312,0,1,-0.1866889,-0.1095376,-0.3655448857377301,0.17885599,0.031989463
1313,0,1,0.3398769,0.044838667,0.530095840503749,0.19021893,0.036183238
1314,0,1,-0.49047208,0.030303478,-0.5155690168188878,0.025096953,0.00062985707
1315,0,1,0.4791453,-0.05079961,0.3385200067657727,0.14062527,0.019775467
1316,0,1,-0.31542754,-0.11653662,-0.2860947042888702,0.029332846,0.00086041586
1317,0,1,0.26582146,0.073470354,0.2008789506499133,0.06494251,0.0042175297
1318,0,1,-0.18829155,-0.11064744,-0.4044184474264245,0.21612689,0.046710834
1319,0,1,0.3760457,0.025230885,0.217755955646993,0.15828975,0.025055643
1320,0,1,-0.20393062,-0.119731426,-0.2518442431285583,0.04791364,0.002295717
1321,0,1,0.23385501,0.08105254,0.2033122426923577,0.030542761,0.00093286025
1322,0,1,-0.19054699,-0.11218834,-0.2600239006094984,0.0694769,0.00482704
1323,0,1,0.24149108,0.079503775,0.1579363935695292,0.083554685,0.0069813854
1324,0,1,-0.14844608,-0.07969308,-0.2410475583069531,0.09260148,0.008575033
1325,0,1,0.22377491,0.082849026,0.1559978445808649,0.06777707,0.004593731
1326,0,1,-0.14664626,-0.07812762,-0.0926299788444073,0.054016285,0.0029177591
1327,0,1,0.085118055,0.078909636,0.048624070994911,0.036493983,0.0013318108
1328,0,1,-0.046728134,-0.027531147,0.1545023453704392,0.20123048,0.040493708
1329,0,1,-0.145257,-0.076909065,-0.1644755223638334,0.01921852,0.00036935147
1330,0,1,0.1522479,0.08744097,0.1728755656021481,0.020627663,0.00042550048
1331,0,1,-0.16231656,-0.09127188,-0.1441023807484645,0.018214181,0.0003317564
1332,0,1,0.13321137,0.08627415,0.1652114617727291,0.032000095,0.001024006
1333,0,1,-0.15520191,-0.08543992,0.1083944747846001,0.2635964,0.06948306
1334,0,1,-0.10239148,-0.046018124,0.0140091536064828,0.11640064,0.013549108
1335,0,1,-0.014450073,0.001270771,0.0945123914509213,0.10896246,0.011872818
1336,0,1,-0.08947277,-0.04503727,0.0537417135311493,0.14321448,0.020510387
1337,0,1,-0.051498175,-0.031883,-0.1254448593757073,0.073946685,0.005468112
1338,0,1,0.11577821,0.084332705,0.3216982061785076,0.20592001,0.04240305
1339,0,1,-0.29994273,-0.122339725,-0.4443116424663635,0.14436892,0.020842385
1340,0,1,0.41310883,0.0013184547,0.463709956209331,0.050601125,0.0025604737
1341,0,1,-0.43010545,-0.037513256,-0.4854694087957036,0.055363953,0.0030651672
1342,0,1,0.4512794,-0.027328253,0.3093702698063589,0.14190912,0.020138199
1343,0,1,-0.28858495,-0.12507296,-0.1672854421600331,0.121299505,0.01471357
1344,0,1,0.1548729,0.08752346,0.0983545335721589,0.05651836,0.0031943251
1345,0,1,-0.09304905,-0.045321465,-0.1117850348683853,0.018735982,0.00035103704
1346,0,1,0.103014946,0.082384825,-0.0236678690457159,0.12668282,0.016048536
1347,0,1,0.020710945,0.031334877,0.2229381869123385,0.20222723,0.040895853
1348,0,1,-0.2087295,-0.1216681,-0.3805307427233013,0.17180124,0.029515665
1349,0,1,0.35382605,0.03771329,0.2181709801110507,0.13565506,0.018402295
1350,0,1,-0.20431423,-0.119889736,-0.2148636782324651,0.010549441,0.000111290705
1351,0,1,0.19932222,0.086022615,0.0237602539025898,0.17556196,0.030822003
1352,0,1,-0.023545504,-0.0067300797,-0.0464718010341278,0.022926297,0.0005256151
1353,0,1,0.042002678,0.048866034,0.0243006070211713,0.017702071,0.00031336333
1354,0,1,-0.024048567,-0.0071759224,-0.0906978911347966,0.066649325,0.0044421325
1355,0,1,0.08331275,0.078511715,0.1842179277799513,0.10090518,0.010181855
1356,0,1,-0.17284107,-0.0994823,-0.2869361327205353,0.11409506,0.013017683
1357,0,1,0.2666068,0.07324839,0.2775907155798713,0.010983914,0.00012064637
1358,0,1,-0.25926733,-0.12925029,-0.1722891670783504,0.08697817,0.0075652017
1359,0,1,0.15954924,0.08762264,0.2620620058575285,0.10251278,0.01050887
1360,0,1,-0.24492264,-0.12982392,-0.2204720244329676,0.024450615,0.00059783255
1361,0,1,0.20456028,0.08548236,0.2804135903762099,0.07585332,0.0057537258
1362,0,1,-0.26187444,-0.12904167,-0.4506847800506728,0.18881035,0.035649348
1363,0,1,0.419024,-0.0028545856,0.4907637270421849,0.07173973,0.005146589
1364,0,1,-0.45474625,-0.0120584965,-0.3535656008005197,0.10118064,0.010237522
1365,0,1,0.3287208,0.050142765,0.2956368256694617,0.033083975,0.0010945494
1366,0,1,-0.27592254,-0.1273725,-0.3742276995783218,0.098305166,0.009663906
1367,0,1,0.34795976,0.04077673,0.2832427957183756,0.064716965,0.0041882857
1368,0,1,-0.26448607,-0.12880158,-0.164906333194172,0.09957974,0.009916124
1369,0,1,0.15265083,0.08745551,0.0592803472279981,0.09337048,0.008718047
1370,0,1,-0.056658506,-0.03662014,-0.0481107513373757,0.008547757,7.306415e-05
1371,0,1,0.043533325,0.05010581,0.0747789300060142,0.031245604,0.00097628776
1372,0,1,-0.07109761,-0.043426752,0.0443998343419065,0.11549745,0.01333966
1373,0,1,-0.042789698,-0.023956537,-0.0927040548970943,0.04991436,0.0024914434
1374,0,1,0.08518696,0.07892513,0.007966681027649,0.077220276,0.005962971
1375,0,1,-0.0088124275,0.006182909,-0.0417966720630267,0.032984246,0.0010879604
1376,0,1,0.037636995,0.04531312,0.1011809465827671,0.06354395,0.004037834
1377,0,1,-0.095679045,-0.045523405,-0.1462860129748571,0.050606966,0.002561065
1378,0,1,0.135252,0.08644676,0.2589594667584793,0.12370747,0.015303539
1379,0,1,-0.24205565,-0.12982392,-0.0062180377232685,0.23583762,0.055619385
1380,0,1,0.0044231415,0.017579556,-0.0082925421422812,0.012715683,0.0001616886
1381,0,1,0.0063593388,0.019230127,0.2019626995335763,0.19560336,0.038260672
1382,0,1,-0.18929648,-0.11133695,-0.2172872670085031,0.027990788,0.0007834842
1383,0,1,0.20158553,0.0857985,0.2426471215473959,0.041061595,0.0016860546
1384,0,1,-0.22697139,-0.1280663,-0.1237857993495477,0.10318559,0.010647265
1385,0,1,0.11422801,0.08411932,0.2239454505422062,0.10971744,0.012037917
1386,0,1,-0.20966268,-0.12203264,-0.2463296050904539,0.03666693,0.0013444638
1387,0,1,0.22870755,0.082006454,0.1472760827705479,0.08143146,0.0066310833
1388,0,1,-0.13854384,-0.07089758,-0.136970673427077,0.0015731752,2.4748801e-06
1389,0,1,0.12654781,0.08562946,0.2157315206907055,0.0891837,0.007953733
1390,0,1,-0.20205545,-0.11894488,-0.1908227738617154,0.011232674,0.00012617296
1391,0,1,0.17686462,0.08746576,0.1732751317927552,0.003589496,1.2884481e-05
1392,0,1,-0.16268706,-0.09157014,-0.2039305520659291,0.041243494,0.0017010258
1393,0,1,0.18910956,0.086853266,0.3242084334451047,0.13509887,0.018251706
1394,0,1,-0.30225444,-0.12154579,-0.2523101209592284,0.04994431,0.0024944341
1395,0,1,0.2342906,0.08096886,0.2002986832168765,0.033991918,0.0011554505
1396,0,1,-0.18775392,-0.11027622,-0.1765362421851666,0.011217669,0.00012583609
1397,0,1,0.163517,0.08766055,0.1353937351339924,0.02812326,0.0007909177
1398,0,1,-0.12750173,-0.060565233,-0.1849646058996921,0.057462886,0.0033019832
1399,0,1,0.17139149,0.08760595,0.2420232724794329,0.07063179,0.004988849
1400,0,1,-0.22639418,-0.1278863,-0.2812943044253337,0.05490014,0.0030140253
1401,0,1,0.26134253,0.07470584,0.2665668039527897,0.0052242875,2.729318e-05
1402,0,1,-0.24908543,-0.12975645,-0.1403894038643502,0.10869603,0.011814826
1403,0,1,0.12974167,0.085953,0.0996795819584077,0.030062087,0.00090372906
1404,0,1,-0.09428215,-0.04541588,0.0806718982359453,0.17495406,0.030608922
1405,0,1,-0.07658696,-0.043934107,0.0109220896755442,0.08750905,0.007657834
1406,0,1,-0.0115695,0.003784895,-0.0151556865178168,0.003586186,1.2860731e-05
1407,0,1,0.012765646,0.024662018,-0.0059787908677146,0.018744437,0.00035135393
1408,0,1,0.0041999817,0.017389059,0.0027945648060399,0.001405417,1.975197e-06
1409,0,1,-0.0039868355,0.010360956,-0.206441911179533,0.20245507,0.040988058
1410,0,1,0.1914556,0.08668804,0.2546735658457275,0.06321797,0.0039965115
1411,0,1,-0.23809361,-0.12975955,-0.1930481684087515,0.04504545,0.0020290925
1412,0,1,0.17894268,0.087391615,0.2657256298361536,0.08678296,0.0075312825
1413,0,1,-0.24830818,-0.12977481,-0.4191837766475461,0.17087561,0.029198473
1414,0,1,0.38977075,0.016825438,0.6223446497702398,0.23257393,0.05409063
1415,0,1,-0.5737734,0.15467834,-0.7417867810240468,0.1680134,0.0282285
1416,0,1,0.686882,-0.29164505,0.924736589191355,0.23785454,0.056574784
1417,0,1,-0.84287906,0.59216285,-0.7600542852195742,0.08282477,0.006859942
1418,0,1,0.70350075,-0.3157146,0.6761744339875677,0.027326286,0.0007467259
1419,0,1,-0.62204146,0.24350834,-0.6376295284178266,0.015588045,0.00024298715
1420,0,1,0.5916474,-0.16711569,0.4820877073045881,0.109559685,0.012003325
1421,0,1,-0.4468503,-0.02054882,-0.3370386711190036,0.109811634,0.012058595
1422,0,1,0.31332493,0.056885004,0.2178581323585642,0.09546679,0.009113909
1423,0,1,-0.20402479,-0.11977053,-0.3631855003687527,0.1591607,0.025332129
1424,0,1,0.3376801,0.04591179,0.3864934485674647,0.048813343,0.0023827425
1425,0,1,-0.35949302,-0.093747854,-0.1472915426567005,0.21220148,0.045029465
1426,0,1,0.13619208,0.086521626,0.0648740054316916,0.071318075,0.005086268
1427,0,1,-0.06187129,-0.041433334,0.0859726428723686,0.14784393,0.021857826
1428,0,1,-0.0815227,-0.044371605,0.0085448533853238,0.09006756,0.008112165
1429,0,1,-0.009351969,0.0057151318,0.1940094222607196,0.20336139,0.041355856
1430,0,1,-0.18192267,-0.10617304,-0.1331251393378929,0.048797533,0.0023811993
1431,0,1,0.12295437,0.08523226,0.2667466609200444,0.1437923,0.020676225
1432,0,1,-0.2492516,-0.12975216,-0.2734381039054239,0.024186492,0.0005849864
1433,0,1,0.25401163,0.07660699,0.1581194633369773,0.09589216,0.009195306
1434,0,1,-0.14861679,-0.07984066,-0.1611009049243366,0.012484118,0.00015585321
1435,0,1,0.14909458,0.08731651,0.1104387152842734,0.03865587,0.0014942762
1436,0,1,-0.10429382,-0.04615259,-0.0473030153828357,0.056990806,0.0032479519
1437,0,1,0.042779207,0.04949546,0.0879719285406688,0.04519272,0.0020423818
1438,0,1,-0.08338404,-0.044531584,0.1150188789437205,0.19840291,0.039363716
1439,0,1,-0.10855532,-0.04644251,-0.1640832470390116,0.055527925,0.0030833506
1440,0,1,0.1518817,0.08742809,0.1703280491753878,0.018446356,0.00034026804
1441,0,1,-0.1599524,-0.08935809,-0.1236820469216781,0.036270358,0.0013155389
1442,0,1,0.1141305,0.08410573,-0.0222373618952667,0.13636786,0.018596193
1443,0,1,0.019375563,0.030218363,-0.0932012321996711,0.1125768,0.012673535
1444,0,1,0.0856514,0.079025984,0.1781872819156564,0.09253588,0.00856289
1445,0,1,-0.16724563,-0.09517884,0.0009725267847828,0.16821815,0.028297346
1446,0,1,-0.0022864342,0.011826992,0.1396137588174597,0.1419002,0.020135665
1447,0,1,-0.13142395,-0.06429958,0.0416649803804127,0.17308894,0.029959781
1448,0,1,-0.040240526,-0.021651506,-0.0378012927100401,0.0024392344,5.9498643e-06
1449,0,1,0.0339067,0.042260647,0.0790280210047713,0.04512132,0.0020359335
1450,0,1,-0.07505536,-0.043795347,-0.1773740690115022,0.102318704,0.010469117
1451,0,1,0.16429973,0.08766222,0.0818439517232141,0.08245578,0.006798955
1452,0,1,-0.07767773,-0.044032574,0.202004220057764,0.27968195,0.07822199
1453,0,1,-0.18933487,-0.111362696,-0.0415918426165315,0.14774303,0.021828003
1454,0,1,0.037445784,0.045157433,0.062055497093568,0.024609715,0.0006056381
1455,0,1,-0.05924487,-0.03900504,-0.0128207362788566,0.046424136,0.0021552003
1456,0,1,0.0105855465,0.022818327,0.00626630305499,0.0043192436,1.8655865e-05
1457,0,1,-0.007225275,0.007559538,-0.0114008245250651,0.0041755494,1.7435212e-05
1458,0,1,0.009260893,0.02169609,0.0443063131870462,0.03504542,0.0012281814
1459,0,1,-0.04270315,-0.02387762,0.0131679484159135,0.0558711,0.0031215798
1460,0,1,-0.013664484,0.0019564629,-0.0223832293174433,0.008718746,7.601653e-05
1461,0,1,0.019511938,0.030332088,0.0128837305812976,0.006628208,4.3933138e-05
1462,0,1,-0.013399839,0.0021879673,0.0096016744874507,0.023001514,0.0005290697
1463,0,1,-0.010337353,0.0048577785,0.0292398188560962,0.03957717,0.0015663524
1464,0,1,-0.028655767,-0.011264324,0.085366493223197,0.11402226,0.013001076
1465,0,1,-0.08095765,-0.044322252,-0.1404565653842948,0.05949892,0.0035401217
1466,0,1,0.12980437,0.085959196,0.0406670775592208,0.08913729,0.0079454575
1467,0,1,-0.039310217,-0.020812035,-0.0804232423586737,0.041113026,0.001690281
1468,0,1,0.07371402,0.074018955,0.0314076440521597,0.042306375,0.0017898293
1469,0,1,-0.03067708,-0.013066053,-0.0602548882210762,0.029577807,0.00087484665
1470,0,1,0.054875135,0.05921483,0.0949898388293442,0.0401147,0.0016091892
1471,0,1,-0.0899179,-0.045072317,-0.1310225122393453,0.041104615,0.0016895893
1472,0,1,0.12098956,0.08499932,0.2311503574271363,0.1101608,0.012135401
1473,0,1,-0.21633196,-0.12451911,-0.2332862015484011,0.016954243,0.00028744637
1474,0,1,0.21652746,0.08396411,0.1974916122702739,0.019035846,0.00036236344
1475,0,1,-0.18515134,-0.10846424,-0.1527246239351476,0.032426715,0.0010514918
1476,0,1,0.14126778,0.08688903,0.2114294799879927,0.0701617,0.0049226643
1477,0,1,-0.19806933,-0.11716843,-0.1917176149770454,0.0063517243,4.0344403e-05
1478,0,1,0.17770076,0.08743811,0.3084150547648172,0.1307143,0.017086228
1479,0,1,-0.28770447,-0.12525678,-0.4577566397872386,0.17005217,0.028917741
1480,0,1,0.42558527,-0.0075979233,0.3974559092131593,0.028129369,0.0007912614
1481,0,1,-0.36954212,-0.08723855,-0.3969662139973917,0.027424097,0.0007520811
1482,0,1,0.3691163,0.029272318,0.279863257688675,0.08925304,0.007966105
1483,0,1,-0.26136613,-0.12908554,-0.3190942202081293,0.057728082,0.0033325315
1484,0,1,0.2965989,0.06345105,0.1228312431348839,0.17376767,0.030195203
1485,0,1,-0.11582136,-0.049033403,-0.0431155298791301,0.072705835,0.0052861385
1486,0,1,0.038868904,0.04631853,0.1391392066274686,0.1002703,0.010054133
1487,0,1,-0.1309824,-0.06388259,0.0169706571190961,0.14795306,0.02189011
1488,0,1,-0.017212152,-0.001149416,-0.078165894336625,0.060953744,0.003715359
1489,0,1,0.071605206,0.07238197,0.1564105505369482,0.08480534,0.007191946
1490,0,1,-0.14702916,-0.078462124,-0.1953636685562356,0.04833451,0.0023362248
1491,0,1,0.1811068,0.087301254,0.1411357268527275,0.039971083,0.0015976875
1492,0,1,-0.13283801,-0.06562829,0.0797630029399036,0.212601,0.04519919
1493,0,1,-0.07573986,-0.043857336,-0.0372296062539145,0.038510256,0.0014830398
1494,0,1,0.03337264,0.041822433,0.0294117971783367,0.003960844,1.5688287e-05
1495,0,1,-0.028815985,-0.011407375,-0.0167731275700542,0.012042858,0.00014503043
1496,0,1,0.014274836,0.025934458,0.1248020591123735,0.110527225,0.012216267
1497,0,1,-0.11765289,-0.050884485,-0.0352644485697144,0.082388446,0.006787856
1498,0,1,0.03153777,0.040313482,0.0385960250171457,0.0070582554,4.981897e-05
1499,0,1,-0.03737974,-0.019072056,0.0251416315064298,0.062521376,0.0039089224
1500,0,1,-0.024833918,-0.007870436,-0.107401731317513,0.08256781,0.0068174433
1501,0,1,0.0989182,0.08166647,0.1491856767034725,0.050267473,0.0025268188
1502,0,1,-0.1403172,-0.07250619,-0.1458380373674321,0.0055208355,3.0479625e-05
1503,0,1,0.13483357,0.08641195,0.1348339108734904,3.427267e-07,1.174616e-13
1504,0,1,-0.12698126,-0.060064793,-0.1505925069713831,0.023611248,0.00055749103
1505,0,1,0.13927579,0.08675313,0.1025310251332611,0.036744766,0.0013501778
1506,0,1,-0.096936464,-0.045618296,-0.2496953723963924,0.15275891,0.023335285
1507,0,1,0.2318492,0.081433296,0.1997868076569227,0.03206238,0.0010279963
1508,0,1,-0.18727899,-0.10994768,-0.2184013359452752,0.031122357,0.0009686011
1509,0,1,0.20262551,0.08569145,0.020980860334399,0.18164465,0.032994777
1510,0,1,-0.020953178,-0.0044403076,-0.0316605016172011,0.0107073225,0.000114646755
1511,0,1,0.028172255,0.037537575,-0.1119373740476246,0.14010963,0.019630708
1512,0,1,0.103156805,0.08240867,-0.1356602292997881,0.23881704,0.057033576
1513,0,1,0.12532306,0.08549833,0.0314557149973326,0.09386735,0.008811079
1514,0,1,-0.030722141,-0.013106823,-0.0499548699920038,0.019232728,0.0003698978
1515,0,1,0.045255184,0.051499367,0.0443020854405626,0.0009530969,9.083937e-07
1516,0,1,-0.042699337,-0.023874044,-0.2153907960873291,0.17269146,0.029822342
1517,0,1,0.19981432,0.08597469,0.1748817739339654,0.024932548,0.000621632
1518,0,1,-0.1641779,-0.092760324,-0.0876143074834203,0.07656359,0.005861983
1519,0,1,0.0804317,0.077857256,0.2031796935682495,0.12274799,0.015067069
1520,0,1,-0.19042468,-0.11210561,-0.0584503485916689,0.13197434,0.017417226
1521,0,1,0.053189754,0.05787015,0.1617394456958645,0.108549684,0.011783034
1522,0,1,-0.15197825,-0.082722425,-0.1044893839294625,0.04748887,0.0022551925
1523,0,1,0.09619784,0.08116341,0.1759102384081119,0.07971239,0.006354065
1524,0,1,-0.16513324,-0.09351683,-0.0561532497372252,0.108979985,0.011876637
1525,0,1,0.051044226,0.05615449,0.0509107309891461,0.00013349578,1.7821122e-08
1526,0,1,-0.048859358,-0.029473066,-0.056746893319707,0.007887535,6.221321e-05
1527,0,1,0.05159855,0.056598186,0.0894340530084369,0.0378355,0.0014315251
1528,0,1,-0.08474517,-0.0446465,-0.355224951747362,0.27047977,0.07315931
1529,0,1,0.33026648,0.049427986,0.1321557579935968,0.19811071,0.039247856
1530,0,1,-0.12449169,-0.05765319,-0.2104926932752362,0.08600101,0.0073961737
1531,0,1,0.19523907,0.08638859,0.2578073209692286,0.06256825,0.0039147856
1532,0,1,-0.2409904,-0.12981296,-0.0817307847616306,0.15925962,0.025363626
1533,0,1,0.0749352,0.07496405,0.0731346214503441,0.0018005744,3.242068e-06
1534,0,1,-0.06956625,-0.04328251,-0.0065548223311053,0.06301143,0.0039704405
1535,0,1,0.0047376156,0.017848253,0.05269669934802,0.047959086,0.0023000739
1536,0,1,-0.05052328,-0.030991793,-0.1723480246148008,0.12182474,0.014841268
1537,0,1,0.15960312,0.087623835,0.1305073957328684,0.029095724,0.00084656116
1538,0,1,-0.12295914,-0.05615425,-0.1658391732588522,0.042880043,0.0018386982
1539,0,1,0.15352201,0.08748317,0.1165266576850569,0.03699536,0.0013686565
1540,0,1,-0.10995722,-0.046535015,-0.1564094886327325,0.04645227,0.0021578134
1541,0,1,0.14471102,0.08709741,0.1528601533528171,0.008149132,6.6408356e-05
1542,0,1,-0.1437316,-0.07556033,-0.2939092636672296,0.15017766,0.022553328
1543,0,1,0.27311206,0.071338415,0.3009009418059212,0.027788877,0.0007722217
1544,0,1,-0.28077698,-0.12658048,-0.294698108968499,0.013921142,0.00019379819
1545,0,1,0.27384806,0.07111478,0.1965648224377356,0.07728323,0.0059726983
1546,0,1,-0.18429208,-0.10785866,-0.2008298957940399,0.016537815,0.00027349935
1547,0,0,0.18621325,0.08703518,-0.2868343950627587,0.47304764,0.22377408
1548,0,0,0.26651192,0.073275805,-0.4329888248192333,0.69950074,0.4893013
1549,0,0,0.40259576,0.008492947,-0.4842110102745165,0.8868067,0.7864262
1550,0,0,0.45011306,-0.026393175,-0.3878575184782789,0.8379706,0.70219475
1551,0,0,0.36064267,0.034030676,-0.3840623792740651,0.7447051,0.55458564
1552,1,0,-0.39733958,0.035954475,-0.3770563037511696,0.020283282,0.0004114115
1553,1,0,-0.39028525,0.039414167,-0.2363776873459433,0.15390757,0.02368754
1554,1,0,-0.24823117,0.08353734,-0.0589564474714854,0.18927473,0.03582492
1555,1,0,-0.06818032,0.058248043,0.0397268172391882,0.10790714,0.011643951
1556,1,0,0.032277107,-0.020021915,0.0881488114588413,0.055871703,0.003121647
1557,1,0,0.08162522,-0.044545174,0.2203420181432753,0.1387168,0.019242352
1558,1,0,0.21646714,-0.12071061,0.2072237492748452,0.009243399,8.544042e-05
1559,1,0,0.20308065,-0.114619255,0.1921008841964995,0.010979772,0.000120555385
1560,1,0,0.18765044,-0.104898214,0.3705424375002071,0.182892,0.033449482
1561,1,0,0.36973834,-0.10235214,0.5244774799272043,0.15473914,0.023944203
1562,1,0,0.52667713,0.023862839,0.570383919966349,0.043706775,0.0019102822
1563,1,0,0.5734186,0.080299854,0.5159656564968862,0.057452977,0.0033008445
1564,1,0,0.5180068,0.01435256,0.4762876240728584,0.04171917,0.001740489
1565,1,0,0.47757602,-0.026052237,0.4268524365198218,0.050723583,0.0025728818
1566,1,0,0.42717648,-0.06737971,0.4876948828434413,0.060518414,0.0036624784
1567,1,0,0.48920226,-0.015097618,0.3904993386315052,0.09870291,0.009742264
1568,1,0,0.39009762,-0.09142566,0.3198565377692364,0.07024109,0.0049338113
1569,1,0,0.3180213,-0.122810364,0.5028301320478392,0.18480885,0.03415431
1570,1,0,0.5046251,0.00026154518,0.3827931132031539,0.12183198,0.014843032
1571,1,0,0.38223648,-0.09583545,0.3800435996008109,0.0021928847,4.808743e-06
1572,1,0,0.37943196,-0.09735036,0.4109996946487322,0.031567723,0.0009965211
1573,1,0,0.4110086,-0.07852435,0.4692288723566937,0.058220267,0.0033895995
1574,1,0,0.47038174,-0.03256297,0.3903821103242109,0.079999626,0.0063999402
1575,1,0,0.38997817,-0.091495275,0.4417080657739891,0.051729888,0.0026759813
1576,1,0,0.44232464,-0.0560081,0.5512732139742664,0.10894859,0.011869795
1577,1,0,0.5539639,0.055749655,0.4342749259404184,0.11968899,0.014325454
1578,1,0,0.43474507,-0.061810255,0.3784652346492261,0.056279838,0.0031674202
1579,1,0,0.37782192,-0.09820652,0.4314948715243583,0.05367294,0.0028807845
1580,1,0,0.4319105,-0.06392193,0.4105404594056421,0.021370053,0.00045667918
1581,1,0,0.4105401,-0.07883167,0.3487642092940186,0.061775893,0.003816261
1582,1,0,0.34751868,-0.11244702,0.4095648852934901,0.0620462,0.0038497308
1583,1,0,0.40954494,-0.07948208,0.4151357431644493,0.0055907965,3.1257005e-05
1584,1,0,0.41522717,-0.07571411,0.3120469579288083,0.10318023,0.01064616
1585,1,0,0.31005192,-0.12453675,0.2468865725973423,0.06316535,0.003989862
1586,1,0,0.2435553,-0.12924314,0.2542034466306173,0.010648131,0.0001133827
1587,1,0,0.2510221,-0.12974668,0.1157417291377664,0.13528037,0.01830078
1588,1,0,0.10975909,-0.04648757,0.164870721871654,0.05511163,0.003037292
1589,1,0,0.15986896,-0.08517623,0.200709449223376,0.04084049,0.0016679458
1590,1,0,0.19643426,-0.11053896,0.1737842516331662,0.022650003,0.00051302265
1591,1,0,0.16896224,-0.09194827,0.2657368915716032,0.09677464,0.00936533
1592,1,0,0.26279235,-0.12977576,0.1887855291909166,0.074006826,0.0054770103
1593,1,0,0.18426728,-0.102650166,0.1711343458358944,0.01313293,0.00017247384
1594,1,0,0.16625857,-0.08996701,0.1491718292764079,0.017086744,0.00029195682
1595,1,0,0.14385438,-0.07249522,0.106592995622734,0.03726138,0.0013884106
1596,1,0,0.10042977,-0.0458982,0.1412241801821214,0.040794402,0.0016641832
1597,1,0,0.13574791,-0.06570506,0.156340494891026,0.020592585,0.00042405457
1598,1,0,0.15116692,-0.07840443,0.0097856554925543,0.14138126,0.019988662
1599,1,0,0.0017790794,0.0047085285,-0.1317693780869047,0.13354845,0.017835189
1600,1,0,-0.14217329,0.085083246,0.0450061398919454,0.18717943,0.03503614
1601,1,0,0.037656307,-0.024468899,0.096299544078644,0.058643237,0.0034390292
1602,1,0,0.089934826,-0.045170546,0.1595742246496887,0.0696394,0.004849646
1603,1,0,0.15446568,-0.08100438,0.2900115795524103,0.13554591,0.018372694
1604,1,0,0.28756452,-0.12809753,0.3623611542236586,0.07479665,0.0055945385
1605,1,0,0.36139226,-0.10636878,0.464836852292676,0.103444606,0.0107007865
1606,1,0,0.4659047,-0.036512136,0.4740899771530658,0.008185267,6.6998604e-05
1607,1,0,0.47533655,-0.028100252,0.6194737537363433,0.1441372,0.020775534
1608,1,0,0.6233573,0.15027761,0.6331116889973312,0.009754419,9.5148695e-05
1609,1,0,0.63722205,0.17148685,0.6240465880500632,0.0131754875,0.00017359348
1610,1,0,0.62800646,0.15730262,0.3460180692005581,0.28198838,0.07951745
1611,1,0,0.34471703,-0.11358428,0.2437044135868853,0.10101262,0.010203549
1612,1,0,0.24030757,-0.12836671,0.2901102678060376,0.04980269,0.002480308
1613,1,0,0.28766584,-0.12808466,0.3665457979381563,0.07887995,0.006222047
1614,1,0,0.3656609,-0.10434747,0.2989305077238775,0.06673041,0.0044529475
1615,1,0,0.29666638,-0.1268897,0.4245831457029791,0.12791675,0.016362695
1616,1,0,0.4248612,-0.06903696,0.4410604731482443,0.01619929,0.00026241702
1617,1,0,0.44166398,-0.056521893,0.5068630749043432,0.06519908,0.0042509194
1618,1,0,0.5087342,0.0045120716,0.4433423978488715,0.06539184,0.0042760926
1619,1,0,0.44399118,-0.05470252,0.4230880870831179,0.02090311,0.00043694003
1620,1,0,0.42333746,-0.07011771,0.5140662987063522,0.09072882,0.008231719
1621,1,0,0.5160723,0.012271404,0.463543551397211,0.05252871,0.0027592652
1622,1,0,0.46458578,-0.037659407,0.3804486394862767,0.08413714,0.007079059
1623,1,0,0.37984467,-0.097129345,0.5491189451252478,0.16927427,0.028653778
1624,1,0,0.5517709,0.05307579,0.3768927500637726,0.17487818,0.030582378
1625,1,0,0.3762176,-0.09905028,0.4341105225770496,0.05789292,0.0033515901
1626,1,0,0.43457747,-0.061935663,0.4557861969481176,0.021208733,0.00044981038
1627,1,1,0.45667768,-0.044401407,-0.5236571897327549,0.9803349,0.9610565
1628,1,1,-0.5374441,-0.05746436,0.5488114401514115,1.0862556,1.1799511
1629,1,1,0.5514579,0.052695036,-0.6156897938214301,1.1671476,1.3622336
1630,0,1,0.57149124,-0.1437738,0.5254565849504349,0.046034634,0.0021191875
1631,0,1,-0.48626423,0.024975538,-0.4888528392597986,0.0025886,6.7008496e-06
1632,0,1,0.45441413,-0.02986002,0.3965452899066717,0.05786884,0.0033488024
1633,0,1,-0.36870766,-0.08779788,-0.4576303462296258,0.08892268,0.0079072425
1634,0,1,0.42546844,-0.007512331,0.4155147690034102,0.009953678,9.9075696e-05
1635,0,1,-0.38607907,-0.07545447,-0.4262932861242943,0.04021421,0.0016171827
1636,0,1,0.39637637,0.01259017,0.2612072334342303,0.13516915,0.0182707
1637,0,1,-0.24413323,-0.12982774,-0.4636898158597131,0.21955657,0.04820509
1638,0,1,0.4310894,-0.011669397,0.4028049312039257,0.02828446,0.0008000107
1639,0,1,-0.37444258,-0.083886385,-0.3966039151352123,0.022161335,0.00049112475
1640,0,1,0.36877847,0.029465437,0.4132781880537854,0.044499725,0.0019802256
1641,0,1,-0.3840325,-0.076984644,-0.2181465182109354,0.16588597,0.027518155
1642,0,1,0.20238829,0.085716486,0.1914003948033888,0.010987893,0.000120733785
1643,0,1,-0.17950273,-0.10442591,-0.0640476857386778,0.11545504,0.013329866
1644,0,1,0.058417797,0.062029123,0.0001170924222755,0.058300704,0.003398972
1645,0,1,-0.0014882088,0.012513161,0.1664816560449979,0.16796987,0.028213877
1646,0,1,-0.15638089,-0.08642316,-0.0159465450198124,0.14043435,0.019721808
1647,0,1,0.0135035515,0.025284529,-0.0384779015369485,0.051981453,0.0027020713
1648,0,1,0.03453827,0.042778254,0.0768216474240626,0.04228338,0.001787884
1649,0,1,-0.07300067,-0.043606043,-0.1160606157463557,0.043059945,0.0018541588
1650,0,1,0.10700989,0.08304191,0.151297041659665,0.04428716,0.0019613525
1651,0,1,-0.14227986,-0.074267864,-0.3405513671193767,0.19827151,0.03931159
1652,0,1,0.31659722,0.05550742,0.2016129469519283,0.114984274,0.013221383
1653,0,1,-0.18897176,-0.1111145,-0.220988719619505,0.032016963,0.0010250859
1654,0,1,0.20504236,0.08542967,0.1368986900634192,0.068143666,0.004643559
1655,0,1,-0.12890077,-0.061904907,-0.1642535368541602,0.035352767,0.0012498181
1656,0,1,0.15204072,0.08743262,0.1956439762526387,0.043603256,0.0019012439
1657,0,1,-0.18343782,-0.10725403,-0.0321777807410543,0.15126005,0.022879602
1658,0,1,0.028656006,0.037935972,0.0050643716873532,0.023591634,0.0005565652
1659,0,1,-0.0061039925,0.008531094,-0.0876004845400211,0.08149649,0.006641678
1660,0,1,0.08041954,0.07785344,-0.0284962152321712,0.10891575,0.011862641
1661,0,1,0.025218725,0.03508973,0.0059396130157978,0.019279111,0.00037168412
1662,0,1,-0.006921053,0.007823467,0.0030378679153422,0.009958921,9.9180106e-05
1663,0,1,-0.00421381,0.010164738,-0.1007964916958732,0.09658268,0.009328214
1664,0,1,0.09274721,0.08049703,0.0865746729544958,0.006172538,3.8100225e-05
1665,0,1,-0.08208299,-0.04441905,-0.2145613934487653,0.1324784,0.017550526
1666,0,1,0.1990397,0.08604884,0.331260239847444,0.13222054,0.01748227
1667,0,1,-0.30874634,-0.11917949,-0.3611868994741374,0.052440554,0.0027500116
1668,0,1,0.3358183,0.046807766,0.3079781525987668,0.027840137,0.00077507325
1669,0,1,-0.28730226,-0.12533998,-0.2312365827710283,0.05606568,0.0031433604
1670,0,1,0.21461368,0.084233046,0.1171118603697314,0.097501814,0.009506604
1671,0,1,-0.110502005,-0.046569586,-0.1214092521621497,0.010907248,0.000118968055
1672,0,1,0.1120069,0.0838027,0.1035308593091741,0.008476041,7.184328e-05
1673,0,1,-0.0978663,-0.045687914,-0.1625286842551343,0.06466238,0.0041812235
1674,0,1,0.15042901,0.08737254,0.0820946909141437,0.06833432,0.004669579
1675,0,1,-0.077911615,-0.04405403,-0.0753735601562142,0.0025380552,6.441724e-06
1676,0,1,0.06899667,0.07034969,0.1709228974552115,0.10192622,0.010388955
1677,0,1,-0.16050458,-0.089808226,-0.1374722764928524,0.023032308,0.0005304872
1678,0,1,0.1270163,0.085678816,0.2385605537378761,0.11154425,0.01244212
1679,0,1,-0.22319078,-0.12686467,-0.2809562370075822,0.057765454,0.0033368478
1680,0,1,0.26102662,0.074790955,0.2078726868662914,0.053153932,0.0028253405
1681,0,1,-0.19477367,-0.11501765,-0.1081010265172577,0.08667265,0.007512148
1682,0,1,0.09957218,0.08178401,0.1674299769976781,0.0678578,0.0046046814
1683,0,1,-0.15726137,-0.087151766,-0.0713573363669293,0.08590403,0.0073795025
1684,0,1,0.06524563,0.06741357,0.1645114709848578,0.09926584,0.009853708
1685,0,1,-0.15455294,-0.084896564,-0.1161482155856505,0.038404718,0.0014749224
1686,0,1,0.10709143,0.08305526,0.155298953335575,0.04820752,0.002323965
1687,0,1,-0.14599633,-0.07755852,-0.2121623610394731,0.06616603,0.0043779435
1688,0,1,0.19679928,0.08625412,0.0913362862320994,0.10546299,0.011122443
1689,0,1,-0.08651638,-0.044795036,-0.0595249327237286,0.02699145,0.0007285383
1690,0,1,0.05419302,0.058670998,0.245750074861637,0.19155705,0.036694102
1691,0,1,-0.22984171,-0.12893438,-0.269205745003569,0.03936404,0.0015495276
1692,0,1,0.25006127,0.07756853,0.2972025801663305,0.047141314,0.0022223035
1693,0,1,-0.27736592,-0.12714887,-0.1919053386457054,0.08546059,0.007303512
1694,0,1,0.17787552,0.08743143,0.3006236982079087,0.12274817,0.015067113
1695,0,1,-0.2805214,-0.12662435,-0.2812371228877452,0.0007157326,5.122731e-07
1696,0,1,0.26128936,0.0747211,0.1585922036329372,0.10269715,0.010546705
1697,0,1,-0.14905572,-0.080219746,-0.0590270305750531,0.09002869,0.008105164
1698,0,1,0.053728104,0.058300495,0.1789406738882872,0.12521257,0.015678186
1699,0,1,-0.16794491,-0.095724106,-0.1580261392061501,0.009918764,9.838188e-05
1700,0,1,0.14622164,0.087178946,0.1008047411286794,0.0454169,0.0020626946
1701,0,1,-0.095329285,-0.04549718,-0.0709443796144175,0.024384908,0.00059462374
1702,0,1,0.06485915,0.06711149,0.0821173725685402,0.01725822,0.00029784613
1703,0,1,-0.077932596,-0.044054985,0.0591737352027923,0.13710633,0.018798146
1704,0,1,-0.056559563,-0.036529303,-0.0819104528723273,0.025350891,0.0006426677
1705,0,1,0.07510352,0.07509351,0.140620280822278,0.065516755,0.0042924453
1706,0,1,-0.13235974,-0.06518006,-0.3382166484566347,0.20585692,0.04237707
1707,0,1,0.31442237,0.056426525,0.3400105694180388,0.025588214,0.00065475673
1708,0,1,-0.3167982,-0.11596656,-0.4461351966972193,0.12933698,0.016728055
1709,0,1,0.41480112,0.0001335144,0.512727754866527,0.09792662,0.009589622
1710,0,1,-0.47471142,0.0108139515,-0.4587820908599451,0.015929341,0.00025374393
1711,0,1,0.42653608,-0.008294821,0.5141411611493694,0.08760506,0.0076746466
1712,0,1,-0.47599506,0.012353182,-0.4746299250780512,0.0013651252,1.8635668e-06
1713,0,1,0.44123316,-0.01939416,0.383074939215934,0.05815822,0.0033823785
1714,0,1,-0.35635757,-0.095679045,-0.3449803711156947,0.011377215,0.00012944103
1715,0,1,0.32072377,0.053727627,0.4053957733216382,0.084672004,0.007169348
1716,0,1,-0.37681627,-0.08222008,-0.4368267608414005,0.060010493,0.0036012593
1717,0,1,0.4061594,0.006095648,0.341162076359367,0.064997315,0.004224651
1718,0,1,-0.31785727,-0.11552167,-0.1524497690596429,0.1654075,0.027359638
1719,0,1,0.141011,0.0868721,0.1100435422682242,0.03096746,0.0009589835
1720,0,1,-0.10392618,-0.046126604,-0.1916165999028609,0.08769041,0.0076896087
1721,0,1,0.17760539,0.08744097,-0.0036427593891437,0.18124814,0.032850888
1722,0,1,0.0020198822,0.015524626,6.884951017838148e-05,0.0019510327,3.8065284e-06
1723,0,1,-0.0014431477,0.0125525,-0.1422737118574408,0.14083056,0.019833246
1724,0,1,0.1315031,0.08611989,0.1732297861478362,0.04172668,0.0017411157
1725,0,1,-0.1626451,-0.091536045,-0.2074441090735064,0.044799015,0.0020069517
1726,0,1,0.19239187,0.08661795,0.2313562968522702,0.03896442,0.0015182261
1727,0,1,-0.2165227,-0.124587536,-0.2942681830232714,0.0777455,0.006044362
1728,0,1,0.27344704,0.07123685,0.2478675414184841,0.025579497,0.0006543107
1729,0,1,-0.23180032,-0.1295042,-0.3925759937964366,0.16077566,0.025848813
1730,0,1,0.3650329,0.031591177,0.3291645489588717,0.035868376,0.0012865404
1731,0,1,-0.30681753,-0.11990285,-0.3605648949199938,0.053747356,0.0028887782
1732,0,1,0.3352399,0.047085762,0.1249397090521142,0.21030018,0.044226166
1733,0,1,-0.117782116,-0.051012754,-0.1078424319394373,0.009939685,9.879735e-05
1734,0,1,0.099330425,0.081740856,0.0461531495858684,0.053177275,0.0028278225
1735,0,1,-0.04442382,-0.02543807,0.0060064359739295,0.050430253,0.0025432105
1736,0,1,-0.006983757,0.0077700615,0.1449399821664392,0.15192375,0.023080824
1737,0,1,-0.13637352,-0.06890988,-0.0392633186052111,0.0971102,0.009430391
1738,0,1,0.035271883,0.043378115,-0.1463222836641273,0.18159416,0.03297644
1739,0,1,0.13528538,0.08644867,0.1208931205778869,0.014392257,0.00020713705
1740,0,1,-0.11401844,-0.047198057,-0.0262131758916179,0.08780526,0.0077097644
1741,0,1,0.023087263,0.03331566,0.0745212710912226,0.05143401,0.0026454574
1742,0,1,-0.07085824,-0.043403864,-0.08152567604865,0.010667436,0.00011379419
1743,0,1,0.07474375,0.07481551,0.2023466801787528,0.12760293,0.016282508
1744,0,1,-0.18965149,-0.11157918,-0.1643129824176448,0.0253385,0.00064203964
1745,0,1,0.15209603,0.087435246,0.2756343126198657,0.123538285,0.015261708
1746,0,1,-0.25746107,-0.12937546,-0.445998837218879,0.18853778,0.035546493
1747,0,1,0.41467452,0.00022268295,0.591114045843085,0.17643952,0.031130906
1748,0,1,-0.54565144,0.10863614,-0.7438747247131317,0.1982233,0.039292473
1749,0,1,0.6887834,-0.29436278,0.6211917802152191,0.06759161,0.0045686252
1750,0,1,-0.5727365,0.15290666,-0.5029432963290352,0.069793224,0.004871094
1751,0,1,0.46746135,-0.040696383,0.3136531791302093,0.15380818,0.023656955
1752,0,1,-0.2925315,-0.124201536,-0.2771360725021896,0.015395433,0.00023701935
1753,0,1,0.25746274,0.07573104,0.3645141491565011,0.1070514,0.0114600025
1754,0,1,-0.33932137,-0.10533786,-0.3309045106801291,0.008416861,7.0843555e-05
1755,0,1,0.3076074,0.059217453,0.2619263106331142,0.04568109,0.0020867619
1756,0,1,-0.2447977,-0.12982464,-0.1933318369328729,0.05146587,0.0026487357
1757,0,1,0.17920756,0.08738184,0.017593964514583,0.1616136,0.026118955
1758,0,1,-0.017793894,-0.001660347,-0.2481221362130741,0.23032825,0.053051103
1759,0,1,0.2303803,0.081704855,0.0892202722970405,0.14116003,0.019926153
1760,0,1,-0.08454633,-0.044630527,0.1302552603898528,0.2148016,0.046139725
1761,0,1,-0.12272477,-0.055925608,-0.1644149449831551,0.04169017,0.0017380704
1762,0,1,0.15219116,0.08743858,0.0459331214377187,0.10625804,0.011290772
1763,0,1,-0.044219494,-0.025252819,-0.0141045914514088,0.030114902,0.0009069073
1764,0,1,0.011784792,0.023833752,-0.0614972862744087,0.07328208,0.005370263
1765,0,1,0.056034803,0.060137987,0.0765633529267444,0.020528547,0.00042142125
1766,0,1,-0.07275987,-0.04358387,-0.1778294819918531,0.10506962,0.011039626
1767,0,1,0.16472507,0.08766341,0.1998196486427672,0.03509459,0.0012316302
1768,0,1,-0.18730974,-0.109969854,-0.0779323408803875,0.1093774,0.011963416
1769,0,1,0.07138705,0.07221222,-0.0106413081929086,0.08202836,0.006728652
1770,0,1,0.008552074,0.021093607,0.0581359632523659,0.04958389,0.0024585621
1771,0,1,-0.055592775,-0.035639524,0.0343283525209319,0.08992113,0.00808581
1772,0,1,-0.033400536,-0.015501022,-0.0893020038359044,0.055901468,0.0031249742
1773,0,1,0.08200908,0.07821798,0.1084505577504022,0.026441477,0.0006991517
1774,0,1,-0.10244441,-0.0460217,-0.1427911134571999,0.040346697,0.0016278559
1775,0,1,0.1319859,0.08616495,0.0810882359896316,0.050897665,0.0025905722
1776,0,1,-0.07697439,-0.043969393,0.0042923404615686,0.08126673,0.0066042817
1777,0,1,-0.0053839684,0.009153843,-0.0726759157780723,0.067291945,0.004528206
1778,0,1,0.0664773,0.06837964,0.0681967955574545,0.0017194971,2.9566704e-06
1779,0,1,-0.06496668,-0.042833805,-0.073087312377821,0.008120634,6.594469e-05
1780,0,1,0.066860676,0.06868029,0.1052453754852265,0.0383847,0.001473385
1781,0,1,-0.09946203,-0.045806646,-0.055824357283754,0.043637674,0.0019042466
1782,0,1,0.050736666,0.055907726,-0.06407381007166,0.114810474,0.013181445
1783,0,1,0.058442116,0.062048674,-0.0764182889231674,0.1348604,0.018187327
1784,0,1,0.06997275,0.071110725,0.0826552428409135,0.01268249,0.00016084555
1785,0,1,-0.07843351,-0.044100046,0.0164922491073573,0.09492576,0.0090109
1786,0,1,-0.016765594,-0.00075769424,0.114812590572034,0.13157818,0.017312817
1787,0,1,-0.10836363,-0.046429157,-0.0658958804931524,0.04246775,0.0018035099
1788,0,1,0.060144186,0.06339598,0.13689306902782,0.07674888,0.0058903904
1789,0,1,-0.12889528,-0.061900377,-0.1659331184054213,0.037037835,0.0013718011
1790,0,1,0.15360975,0.08748627,0.1491133284604635,0.0044964254,2.0217842e-05
1791,0,1,-0.14025116,-0.07244539,-0.1497817226633389,0.009530559,9.0831556e-05
1792,0,1,0.13851786,0.08669901,0.1982677562476458,0.0597499,0.0035700507
1793,0,1,-0.18587089,-0.10896778,-0.0152083968560021,0.17066249,0.029125687
1794,0,1,0.012814999,0.024703026,0.0869121390696281,0.07409714,0.0054903864
1795,0,1,-0.082396984,-0.044446707,0.0059829140826268,0.0883799,0.007811006
1796,0,1,-0.0069613457,0.007789135,0.0744488250637709,0.08141017,0.0066276155
1797,0,1,-0.07079077,-0.043399096,-0.0388883895119698,0.031902377,0.0010177616
1798,0,1,0.034921646,0.043091536,0.059062120901876,0.024140473,0.00058276247
1799,0,1,-0.056455612,-0.03643322,-0.193026215887452,0.1365706,0.01865153
1800,0,1,0.17892241,0.08739209,0.0677932052811698,0.11112921,0.0123497015
1801,0,1,-0.06459069,-0.04279709,-0.0613273655343999,0.0032633282,1.0649311e-05
1802,0,1,0.055876732,0.060011864,0.1790293903943811,0.12315266,0.015166577
1803,0,1,-0.16802692,-0.095788,-0.1804627107629559,0.012435794,0.00015464897
1804,0,1,0.1671853,0.08765626,0.0629869805476985,0.10419833,0.0108572915
1805,0,1,-0.06011319,-0.039806604,-0.0923000517615584,0.03218686,0.0010359938
1806,0,1,0.08480954,0.07884216,0.1503625973033453,0.065553054,0.004297203
1807,0,1,-0.1414113,-0.07349086,-0.1615013986850351,0.020090088,0.00040361166
1808,0,1,0.14946938,0.08733177,0.2223431961712529,0.072873816,0.005310593
1809,0,1,-0.208179,-0.12145066,-0.3871113176011445,0.17893231,0.032016773
1810,0,1,0.35994887,0.034412622,0.405342014199554,0.04539314,0.002060537
1811,0,1,-0.37676668,-0.08225489,-0.3712827817955433,0.0054838955,3.007311e-05
1812,0,1,0.3452189,0.042174816,0.1481224603181128,0.19709644,0.038847007
1813,0,1,-0.13933039,-0.07161307,0.0097229323312175,0.14905332,0.022216892
1814,0,1,-0.01045084,0.0047590733,-0.003569867973562,0.006880972,4.7347778e-05
1815,0,1,0.0019526482,0.01546669,0.129195315269321,0.12724267,0.016190697
1816,0,1,-0.12173915,-0.0549531,-0.1052536137826054,0.016485535,0.00027177285
1817,0,1,0.09691143,0.081297636,0.1472869714812312,0.050375536,0.0025376945
1818,0,1,-0.13855362,-0.07090664,-0.0030177929777064,0.13553582,0.01836996
1819,0,1,0.0014369488,0.0150249,0.2166132774906217,0.21517633,0.04630085
1820,0,1,-0.20287156,-0.119288445,-0.3092483720304653,0.1063768,0.011316023
1821,0,1,0.28741813,0.06671858,0.3044829370670858,0.01706481,0.00029120775
1822,0,1,-0.2840798,-0.12597752,-0.155430156745203,0.12864964,0.016550729
1823,0,1,0.14379597,0.08704591,0.2029423665118477,0.059146404,0.0034982972
1824,0,1,-0.1902039,-0.11195612,-0.1340819121128187,0.05612199,0.0031496778
1825,0,1,0.12384868,0.085333824,0.1168569973072704,0.006991677,4.8883547e-05
1826,0,1,-0.11026502,-0.046555758,-0.1663726568557155,0.05610764,0.0031480673
1827,0,1,0.15402055,0.0874989,0.0337776549046968,0.12024289,0.014458354
1828,0,1,-0.032886744,-0.01504159,-0.0352822246960875,0.0023954809,5.7383286e-06
1829,0,1,0.03155446,0.040326834,-0.0416911266334372,0.073245585,0.005364916
1830,0,1,0.037538767,0.045232534,0.0172616504830083,0.020277116,0.00041116145
1831,0,1,-0.017483711,-0.0013873577,-0.031700784352822,0.014217075,0.00020212521
1832,0,1,0.028210402,0.037567616,0.0048090231824895,0.023401378,0.0005476245
1833,0,1,-0.0058665276,0.008736372,-0.2051789563572796,0.19931243,0.039725445
1834,0,1,0.19027615,0.08677316,0.1623374637455681,0.027938679,0.0007805698
1835,0,1,-0.15253305,-0.08319402,-0.0989005810928063,0.053632475,0.0028764424
1836,0,1,0.090976,0.08014274,-0.0442990412620578,0.13527504,0.018299336
1837,0,1,0.039973736,0.04721737,0.0722413783014759,0.032267645,0.001041201
1838,0,1,-0.06873417,-0.043202877,-0.2219168904431185,0.15318272,0.023464944
1839,0,1,0.20590997,0.08533144,0.2382204416704074,0.03231047,0.0010439665
1840,0,1,-0.22287607,-0.12676144,-0.4117002302109038,0.18882415,0.03565456
1841,0,1,0.38281536,0.021150589,0.4070184294142405,0.024203062,0.0005857882
1842,0,1,-0.3783021,-0.08116436,-0.3789195626022397,0.0006174743,3.8127453e-07
1843,0,1,0.35232663,0.03850627,0.4517795182669029,0.09945288,0.009890876
1844,0,1,-0.4192226,-0.047786713,-0.3838334294913017,0.035389155,0.0012523923
1845,0,1,0.35689926,0.036070347,0.1909426658377451,0.1659566,0.027541593
1846,0,1,-0.17907882,-0.10411811,0.0317811702296517,0.21085998,0.044461932
1847,0,1,-0.03102541,-0.0133776665,0.0009151997189351,0.03194061,0.0010202025
1848,0,1,-0.0022325516,0.011873484,0.0186726863044328,0.020905238,0.00043702897
1849,0,1,-0.018799305,-0.002544403,0.0309814221906106,0.049780726,0.0024781206
1850,0,1,-0.030279398,-0.01271224,-0.0274501599420777,0.0028292388,8.004592e-06
1851,0,1,0.024241924,0.034276962,0.0311708174529941,0.006928893,4.8009555e-05
1852,0,1,-0.030456066,-0.012869358,-0.0214336478227377,0.009022418,8.140403e-05
1853,0,1,0.018625498,0.029590368,0.005985825190542,0.0126396725,0.00015976132
1854,0,1,-0.0069639683,0.0077872276,0.2064751309506669,0.21343909,0.045556247
1855,0,1,-0.19347811,-0.11415839,0.0007888050747117,0.19426692,0.037739635
1856,0,1,-0.0021150112,0.011974335,-0.0150677787841315,0.012952767,0.00016777418
1857,0,1,0.01268363,0.0245924,0.0073431374968273,0.0053404924,2.8520859e-05
1858,0,1,-0.008230448,0.006688118,-0.2241300052326194,0.21589956,0.04661262
1859,0,1,0.20797682,0.085091114,0.1569237205435438,0.051053092,0.0026064182
1860,0,1,-0.147506,-0.078876734,-0.0051176700007169,0.14238833,0.020274436
1861,0,1,0.003396988,0.016702652,-0.1350477253569617,0.1384447,0.019166937
1862,0,1,0.124750614,0.08543539,0.0253026317626914,0.09944798,0.009889901
1863,0,1,-0.024983883,-0.008003473,0.0956492943112334,0.12063318,0.014552363
1864,0,1,-0.09053111,-0.04512191,-0.1555494325688688,0.065018326,0.0042273826
1865,0,1,0.14390826,0.087052345,0.0078907976168567,0.13601747,0.018500753
1866,0,1,-0.008741617,0.0062446594,0.0644066037804584,0.07314822,0.0053506624
1867,0,1,-0.061434984,-0.04102993,-0.1979653822370446,0.1365304,0.01864055
1868,0,1,0.18353724,0.08718443,0.2339361025780584,0.050398856,0.0025400447
1869,0,1,-0.21891117,-0.12542677,-0.1735004090925582,0.045410767,0.0020621377
1870,0,1,0.16068006,0.08763838,0.2929124839947943,0.13223243,0.017485416
1871,0,1,-0.27340865,-0.12773967,-0.2264107413083351,0.046997905,0.002208803
1872,0,1,0.21010685,0.08482909,0.3217265062063483,0.11161965,0.012458947
1873,0,1,-0.29996896,-0.12233138,-0.1694246762791285,0.13054428,0.017041808
1874,0,1,0.15687227,0.087574005,0.3281151894762009,0.17124292,0.029324139
1875,0,1,-0.3058517,-0.12025881,-0.3037000407825219,0.002151668,4.6296755e-06
1876,0,1,0.28224373,0.06845617,0.2079170890076533,0.074326634,0.0055244486
1877,0,1,-0.19481444,-0.1150434,0.0419486050430735,0.23676305,0.056056738
1878,0,1,-0.04050517,-0.021890163,0.0019520158962054,0.042457186,0.0018026126
1879,0,1,-0.0031998158,0.011039019,0.0576859881088185,0.060885806,0.0037070813
1880,0,1,-0.055173635,-0.035253763,-0.103030858453343,0.047857225,0.002290314
1881,0,1,0.09483528,0.08090377,0.2257405569354968,0.13090527,0.01713619
1882,0,1,-0.21132445,-0.12267113,-0.0788578185448085,0.13246664,0.017547412
1883,0,1,0.07225132,0.07288432,-0.0482869345004335,0.12053825,0.014529469
1884,0,1,0.043698072,0.05024004,0.0073886026585223,0.03630947,0.0013183776
1885,0,1,-0.008272648,0.0066509247,0.1410011248909071,0.14927377,0.022282658
1886,0,1,-0.1327126,-0.065511465,-0.2208241753040094,0.08811158,0.0077636503
1887,0,1,0.20488906,0.08544731,0.0772937655437195,0.12759529,0.016280558
1888,0,1,-0.07344031,-0.043646574,-0.1105692503463924,0.03712894,0.0013785582
1889,0,1,0.101878405,0.082190275,0.1510857786099904,0.049207374,0.0024213656
1890,0,1,-0.14208293,-0.07409239,-0.3131702572450838,0.17108732,0.029270872
1891,0,1,0.29107594,0.06544566,0.1423719653430675,0.14870398,0.022112872
1892,0,1,-0.13398647,-0.06670046,-0.0754027078945012,0.058583766,0.0034320576
1893,0,1,0.06902337,0.07037091,0.0945149552035151,0.025491588,0.0006498211
1894,0,1,-0.08947539,-0.04503703,-0.0652288559657732,0.024246536,0.0005878945
1895,0,1,0.059521437,0.06290293,0.0680315818259269,0.008510143,7.2422525e-05
1896,0,1,-0.0648129,-0.042818785,-0.0404085304836034,0.02440437,0.0005955732
1897,0,0,0.036340952,0.044254065,0.1202089867124835,0.083868034,0.0070338473
1898,0,0,-0.113383055,-0.046755075,0.1128379635047021,0.22622102,0.051175952
1899,0,0,-0.10652661,-0.04630661,0.2573633894928675,0.36389,0.13241592
1900,0,0,-0.24058032,-0.129807,0.2779395405774001,0.5185199,0.26886287
1901,0,0,-0.2595899,-0.12922645,0.4319013596683079,0.69149125,0.47816014
1902,0,0,-0.40106678,-0.06361508,0.5146545810942844,0.91572136,0.8385456
1903,1,0,0.51667166,0.012914419,0.3606745433447806,0.15599713,0.024335103
1904,1,0,0.35967088,-0.107162,0.4115117310152896,0.05184084,0.0026874729
1905,1,0,0.41153097,-0.078179836,0.5108980631547766,0.09936708,0.009873817
1906,1,0,0.5128436,0.0088329315,0.6109246593812894,0.09808105,0.009619893
1907,1,0,0.6146643,0.13737321,0.6979778353237891,0.083313525,0.0069411434
1908,1,0,0.70310974,0.28289604,0.7694485627564069,0.06633884,0.0044008414
1909,1,0,0.775579,0.39685178,0.8414314450834426,0.06585246,0.004336547
1910,1,0,0.8484123,0.48759794,0.8866283619186999,0.038216114,0.0014604714
1911,1,0,0.89405274,0.5484984,0.7753500409701357,0.11870271,0.014090333
1912,1,0,0.78155637,0.40400577,0.6409711154175821,0.14058524,0.019764211
1913,1,0,0.645211,0.18406057,0.6257176037372965,0.019493401,0.00037999268
1914,1,0,0.6297052,0.15989184,0.5893381717942905,0.040367007,0.0016294953
1915,1,0,0.5927055,0.10613847,0.5201184698959653,0.07258701,0.0052688746
1916,1,0,0.52223706,0.018955708,0.5355167817885458,0.013279736,0.00017635139
1917,1,0,0.5379207,0.036641598,0.4416659353633592,0.096254766,0.0092649795
1918,1,0,0.44228148,-0.05604124,0.3401834578262002,0.10209802,0.010424005
1919,1,0,0.33876348,-0.11590052,0.3371790473037985,0.0015844405,2.5104516e-06
1920,1,0,0.33569694,-0.11703968,0.3284583198018365,0.0072386265,5.2397714e-05
1921,1,0,0.32679868,-0.1201427,0.472893861478767,0.14609519,0.021343803
1922,1,0,0.47411776,-0.029207706,0.5242609552976738,0.050143182,0.0025143388
1923,1,0,0.5264566,0.023617744,0.4254109319243926,0.10104567,0.010210227
1924,1,0,0.42570662,-0.06843448,0.4955438605305886,0.06983724,0.0048772404
1925,1,0,0.4972005,-0.007250786,0.6120568255575543,0.11485636,0.013191984
1926,1,0,0.6158149,0.1390655,0.6773529748673184,0.06153804,0.0037869303
1927,1,0,0.6821711,0.24558687,0.6600386539842193,0.022132456,0.00048984564
1928,1,0,0.66458535,0.2156229,0.5935625852116742,0.07102275,0.0050442307
1929,1,1,0.5970037,0.112099886,-0.6037542131288958,1.200758,1.4418197
1930,1,1,-0.61739826,-0.13151455,0.655829965478218,1.2732282,1.62111
1931,1,1,0.66030955,0.20852757,-0.4583306984352928,1.1186402,1.2513559
1932,0,1,0.42611885,-0.007987499,0.3433197280794746,0.08279914,0.006855697
1933,0,1,-0.3198421,-0.114671946,-0.2849882257340921,0.034853876,0.0012147926
1934,0,1,0.26478863,0.073761225,0.3757707262124721,0.11098209,0.012317024
1935,0,1,-0.34965587,-0.09964585,-0.2265427853304005,0.12311308,0.015156831
1936,0,1,0.21023011,0.084813595,0.2299377088984022,0.01970759,0.0003883891
1937,0,1,-0.21521044,-0.12411475,-0.1630857948553399,0.05212465,0.002716979
1938,0,1,0.15094972,0.08739352,0.1448225735746322,0.006127149,3.7541955e-05
1939,0,1,-0.13626432,-0.068810225,-0.187041257504823,0.05077693,0.0025782965
1940,0,1,0.17333102,0.08756614,0.2245355874647416,0.051204562,0.0026219073
1941,0,1,-0.21020865,-0.12224364,-0.0906079430633632,0.11960071,0.014304331
1942,0,1,0.08322883,0.07849264,0.0355984244390525,0.047630403,0.0022686552
1943,0,1,-0.034584045,-0.016562223,-0.0318885466527731,0.0026954971,7.265705e-06
1944,0,1,0.028386354,0.03771329,-0.0679069007102124,0.096293256,0.009272391
1945,0,1,0.062022448,0.06487918,0.1340163963396548,0.07199395,0.0051831286
1946,0,1,-0.12622142,-0.059333324,-0.3175140152832689,0.19129258,0.036592852
1947,0,1,0.29512691,0.06399107,0.2576385538252119,0.03748837,0.001405378
1948,0,1,-0.24083471,-0.12981033,-0.1132155950003026,0.12761912,0.01628664
1949,0,1,0.10435152,0.08260918,0.1279917796889647,0.02364026,0.0005588619
1950,0,1,-0.12062025,-0.053846836,-0.1427556501308009,0.022135407,0.00048997626
1951,0,1,0.13195252,0.08616114,0.2671488058952294,0.13519627,0.01827803
1952,0,1,-0.24962354,-0.12974215,-0.1889311052768514,0.06069243,0.003683571
1953,0,1,0.17509723,0.08752036,0.1781763871664745,0.003079161,9.481233e-06
1954,0,1,-0.16723561,-0.09517121,0.0288296054439389,0.19606522,0.03844157
1955,0,1,-0.02827239,-0.010924101,0.2881586696990315,0.31643105,0.100128606
1956,0,1,-0.26902294,-0.12830925,-0.3023331602112296,0.033310205,0.0011095697
1957,0,1,0.28096938,0.06887221,0.3533467203721119,0.072377354,0.0052384813
1958,0,1,-0.3290608,-0.1104815,-0.6143352432905309,0.28527445,0.08138151
1959,0,1,0.570246,-0.14236689,0.5351247962179908,0.035121202,0.0012334989
1960,0,1,-0.49503112,0.036179066,-0.4525058968719126,0.04252523,0.0018083954
1961,0,1,0.4207139,-0.0040647984,0.3893715888604121,0.031342298,0.0009823396
1962,0,1,-0.3621316,-0.09208608,-0.2965936433877232,0.06553796,0.0042952243
1963,0,1,0.2756157,0.070572376,0.1589916395395443,0.11662406,0.013601171
1964,0,1,-0.14942622,-0.080539465,-0.2140516773444174,0.06462546,0.0041764495
1965,0,1,0.1985631,0.086093664,0.1939201256601301,0.0046429783,2.1557247e-05
1966,0,1,-0.18183923,-0.106113434,-0.2239324661518371,0.042093232,0.0017718402
1967,0,1,0.20779252,0.08511233,0.0916901441795241,0.116102375,0.013479762
1968,0,1,-0.086845875,-0.044821978,0.142505388558686,0.22935127,0.052602004
1969,0,1,-0.13411021,-0.06681609,-0.0562032968789978,0.077906914,0.0060694874
1970,0,1,0.051090717,0.056191683,-0.0029137552504066,0.05400447,0.002916483
1971,0,1,0.0013401508,0.014942169,0.1379528644746543,0.13661271,0.018663034
1972,0,1,-0.12987995,-0.0628376,-0.3263588288149348,0.19647887,0.038603947
1973,0,1,0.30337095,0.060887814,0.418919756726662,0.11554879,0.013351522
1974,0,1,-0.38919497,-0.0730834,-0.463380502012078,0.07418555,0.0055034957
1975,0,1,0.43080187,-0.011454105,0.348079938474064,0.08272192,0.006842916
1976,0,1,-0.32421923,-0.112733126,-0.3421872507270698,0.017968029,0.00032285007
1977,0,1,0.3181219,0.05485511,0.2584954257518488,0.05962649,0.0035553183
1978,0,1,-0.24162626,-0.12981987,-0.3361588351113318,0.09453258,0.008936409
1979,0,1,0.3125043,0.057225227,0.4139361506802563,0.10143185,0.010288419
1980,0,1,-0.38463473,-0.07653642,-0.2413932164628316,0.14324151,0.02051813
1981,0,1,0.22409749,0.08279586,0.3190381967091427,0.09494069,0.009013735
1982,0,1,-0.29749298,-0.123003244,-0.4499018562633341,0.15240887,0.023228463
1983,0,1,0.4182973,-0.0023362637,0.6073886860931235,0.18909138,0.035755552
1984,0,1,-0.5603168,0.13212442,-0.5402310658824607,0.020085752,0.00040343744
1985,0,1,0.50194335,-0.07159448,0.6227977304340904,0.12085438,0.014605781
1986,0,1,-0.5741801,0.15537643,-0.6526307839324814,0.07845068,0.0061545093
1987,0,1,0.6054115,-0.18367028,0.750215272808648,0.14480376,0.02096813
1988,0,1,-0.68798923,0.37388444,-0.7007766737732728,0.012787461,0.00016351917
1989,0,1,0.64947987,-0.23997903,0.7213856171902049,0.07190573,0.0051704342
1990,0,1,-0.66237366,0.3273654,-0.721860394526235,0.059486747,0.003538673
1991,0,1,0.66872454,-0.26612592,0.7268863927904783,0.058161855,0.0033828013
1992,0,1,-0.6672673,0.33814144,-0.569335436098497,0.09793186,0.00959065
1993,0,1,0.52880716,-0.097923994,0.5901026720788054,0.06129551,0.0037571394
1994,0,1,-0.5447395,0.10721207,-0.5831716621008787,0.03843218,0.0014770326
1995,0,1,0.5415609,-0.111111164,0.3658460412267299,0.17571485,0.030875709
1996,0,1,-0.34054446,-0.10469079,-0.4045415624684194,0.06399709,0.0040956275
1997,0,1,0.37616014,0.025161743,0.1962375032859555,0.17992264,0.032372158
1998,0,1,-0.18398833,-0.107643366,-0.1778764083450057,0.00611192,3.7355563e-05
1999,0,1,0.16476822,0.08766389,-0.0531494888754773,0.21791771,0.047488127
2000,0,1,0.048238993,0.053903818,0.12320827293511,0.07496928,0.0056203925
2001,0,1,-0.11617184,-0.049388647,-0.0125192205813426,0.10365262,0.010743866
2002,0,1,0.010304213,0.022580147,0.0068810496382418,0.0034231627,1.1718043e-05
2003,0,1,-0.007799387,0.0070626736,-0.0187046668000441,0.010905281,0.00011892515
2004,0,1,0.016078234,0.027452469,-0.1025840505435362,0.11866228,0.014080738
2005,0,1,0.09441733,0.0808239,0.1925294180726733,0.09811209,0.0096259825
2006,0,1,-0.18054962,-0.10518575,-0.1277734383914959,0.052776188,0.002785326
2007,0,1,0.11795378,0.08462,0.1380618716769568,0.020108089,0.00040433524
2008,0,1,-0.12998176,-0.06293464,-0.0776859863007262,0.052295767,0.0027348471
2009,0,1,0.07115674,0.07203245,0.0471529932872738,0.024003748,0.0005761799
2010,0,1,-0.045356512,-0.026284218,-0.2109335653013277,0.16557705,0.027415762
2011,0,1,0.19565082,0.08635378,0.0633097674216034,0.13234106,0.017514156
2012,0,1,-0.060414076,-0.04008484,-0.0127271706957459,0.047686905,0.0022740408
2013,0,1,0.010498524,0.022745132,-0.0565546504998275,0.06705317,0.0044961274
2014,0,1,0.051418543,0.05645442,0.1785285754354393,0.12711003,0.01615696
2015,0,1,-0.16756272,-0.095425844,-0.2731624980921161,0.10559976,0.011151309
2016,0,1,0.25375366,0.07667112,0.2300383511686492,0.023715317,0.0005624163
2017,0,1,-0.21530342,-0.124149084,-0.1222595707014462,0.09304385,0.008657157
2018,0,1,0.11280155,0.08391762,0.1893312040441492,0.07652965,0.005856788
2019,0,1,-0.17758393,-0.10302329,-0.2332221286347313,0.055638194,0.0030956087
2020,0,1,0.21646714,0.08397269,0.3760998802851469,0.15963274,0.025482612
2021,0,1,-0.34995794,-0.09947109,-0.4714120364122744,0.12145409,0.014751096
2022,0,1,0.43825006,-0.017092705,0.2233343260156499,0.21491574,0.046188775
2023,0,1,-0.2090962,-0.12181282,-0.0989561563408774,0.11014004,0.012130829
2024,0,1,0.0910275,0.08015299,0.1560039829701081,0.06497648,0.004221943
2025,0,1,-0.14665174,-0.078131914,-0.1052178962861303,0.04143385,0.0017167638
2026,0,1,0.09687853,0.0812912,0.0768493366492744,0.020029195,0.00040116863
2027,0,1,-0.07302666,-0.043608427,-0.0434775961995979,0.029549062,0.0008731471
2028,0,1,0.039206743,0.04659295,-0.0328458011861605,0.072052546,0.005191569
2029,0,1,0.029279232,0.03845215,-0.0182976795381484,0.04757691,0.0022635625
2030,0,1,0.015697718,0.027132988,-0.0578032773283272,0.07350099,0.0054023955
2031,0,1,0.05258441,0.05738759,-0.0893532670493697,0.14193767,0.020146303
2032,0,1,0.082056046,0.07822895,0.2117766609504059,0.12972061,0.016827438
2033,0,1,-0.19839096,-0.11736345,-0.0321302078574015,0.16626075,0.027642637
2034,0,1,0.02861166,0.03789997,0.0718740562287232,0.0432624,0.0018716352
2035,0,1,-0.06839228,-0.04316902,-0.2017669037897445,0.13337463,0.017788792
2036,0,1,0.18708825,0.086983204,0.0347090102217486,0.15237924,0.023219435
2037,0,1,-0.03375578,-0.015818834,-0.2110936455353536,0.17733787,0.031448722
2038,0,1,0.19580102,0.08634186,0.2136370790268231,0.017836064,0.00031812518
2039,0,1,-0.20011473,-0.11811471,-0.1305970224110511,0.0695177,0.004832711
2040,0,1,0.12059212,0.08495164,0.3676472912940123,0.24705517,0.06103626
2041,0,1,-0.3421986,-0.10380483,-0.2558616532652431,0.08633697,0.0074540726
2042,0,1,0.23760581,0.08031273,0.1854275720065312,0.052178234,0.002722568
2043,0,1,-0.17396331,-0.10032916,-0.1134559234830505,0.060507387,0.0036611438
2044,0,1,0.104575634,0.08264732,0.2097119683734738,0.105136335,0.011053649
2045,0,1,-0.19647789,-0.11613536,-0.3326175524581933,0.13613966,0.018534007
2046,0,1,0.30920458,0.058575153,0.3740927035020154,0.06488812,0.004210468
2047,0,1,-0.34811592,-0.10052681,-0.338360113659597,0.00975582,9.517602e-05
2048,0,1,0.31455564,0.05637002,0.3632052279464068,0.04864958,0.0023667815
2049,0,1,-0.33811927,-0.10596681,-0.2963553254981605,0.04176393,0.001744226
2050,0,1,0.27539396,0.0706408,0.4083875770694805,0.13299361,0.0176873
2051,0,1,-0.37955523,-0.08026314,-0.3107544276956262,0.06880081,0.004733551
2052,0,1,0.28882265,0.06623411,0.2435091521132948,0.045313492,0.0020533125
2053,0,1,-0.22776866,-0.12831044,-0.2460754267478444,0.018306762,0.00033513753
2054,0,1,0.22846961,0.0820477,0.1492376643845103,0.07923195,0.0062777014
2055,0,1,-0.1403668,-0.07254958,-0.2201311718724232,0.07976438,0.0063623567
2056,0,1,0.20424175,0.08551812,0.0082842120620219,0.19595754,0.038399357
2057,0,1,-0.009108782,0.005925894,0.002112532216675,0.011221314,0.00012591788
2058,0,1,-0.0033500195,0.010910273,0.0805603243666839,0.083910346,0.0070409463
2059,0,1,-0.076482296,-0.043925285,-0.0696479292877576,0.0068343654,4.6708552e-05
2060,0,1,0.063647985,0.06615901,0.0843485781486381,0.020700596,0.00042851467
2061,0,1,-0.08000946,-0.04423952,0.006783928833749,0.08679339,0.007533093
2062,0,1,-0.0077090263,0.00714159,0.0010435846318288,0.008752611,7.6608194e-05
2063,0,1,-0.0023522377,0.011769533,-0.0089648988731614,0.0066126613,4.372729e-05
2064,0,1,0.0069868565,0.019763708,-0.0075390251872362,0.014525881,0.00021100121
2065,0,1,0.0056562424,0.018631458,0.2563445758193503,0.25068834,0.06284465
2066,0,1,-0.23963857,-0.12979245,-0.3794927515898414,0.1398542,0.019559195
2067,0,1,0.3528595,0.038224697,0.4495185360039233,0.096659034,0.009342969
2068,0,1,-0.4171586,-0.049669027,-0.4254680783609368,0.0083094835,6.904751e-05
2069,0,1,0.39560962,0.0130877495,0.3903630141281411,0.0052466094,2.752691e-05
2070,0,1,-0.36304092,-0.09150481,-0.2632594412329636,0.09978148,0.009956344
2071,0,1,0.2445116,0.07884407,0.3582926859465587,0.113781095,0.012946137
2072,0,1,-0.33360648,-0.10826397,-0.3635941688857458,0.029987693,0.00089926174
2073,0,1,0.33806038,0.0457263,0.2191324049616279,0.11892797,0.014143862
2074,0,1,-0.20520496,-0.12025595,-0.2995354041212352,0.09433043,0.00889823
2075,0,1,0.2783599,0.069711685,0.1341339608116958,0.14422593,0.020801118
2076,0,1,-0.1263299,-0.05943799,-0.1401037880131652,0.013773888,0.00018972
2077,0,1,0.12947488,0.085927725,0.1193906791398733,0.010084197,0.000101691025
2078,0,1,-0.11262202,-0.04670739,-0.1512832530356158,0.038661227,0.0014946904
2079,0,1,0.13992095,0.08679867,0.0486321219766918,0.09128883,0.00833365
2080,0,1,-0.046735525,-0.0275383,0.029440941391432,0.076176465,0.005802854
2081,0,1,-0.028843164,-0.011431932,0.0143209807534034,0.043164145,0.0018631434
2082,0,1,-0.014740467,0.0010166168,0.1023856299887802,0.1171261,0.013718523
2083,0,1,-0.09680033,-0.04560876,-0.2038156947049447,0.10701537,0.011452289
2084,0,1,0.18900228,0.08686066,0.0242095450554455,0.16479273,0.027156644
2085,0,1,-0.023963928,-0.0071003437,0.1571620318181459,0.18112595,0.032806613
2086,0,1,-0.14772677,-0.07906985,-0.0328860722943722,0.1148407,0.013188386
2087,0,1,0.029316664,0.038482428,0.1400853571519253,0.11076869,0.012269703
2088,0,1,-0.13186216,-0.06471133,-0.1776037310596541,0.045741573,0.0020922916
2089,0,1,0.1645143,0.08766389,0.2389428687416455,0.07442856,0.0055396105
2090,0,1,-0.22354436,-0.12697959,-0.2950267990292348,0.07148245,0.0051097404
2091,0,1,0.2741542,0.07102132,0.2320089556319953,0.042145237,0.001776221
2092,0,1,-0.21712756,-0.12480211,-0.1642225641286852,0.052904993,0.0027989384
2093,0,1,0.1520114,0.087432384,-0.082629944061074,0.23464134,0.05505656
2094,0,1,0.075775385,0.07561326,0.0678819594528707,0.007893428,6.230621e-05
2095,0,1,-0.064673424,-0.042805195,-0.1150406982974794,0.050367273,0.0025368622
2096,0,1,0.10605645,0.08288932,0.0746190987289949,0.031437352,0.0009883072
2097,0,1,-0.07094908,-0.043412924,-0.1715247051689714,0.100575626,0.010115457
2098,0,1,0.15883446,0.08761263,0.0431611685619355,0.11567329,0.01338031
2099,0,1,-0.04163575,-0.02291131,-0.2498958695970659,0.20826012,0.043372277
2100,0,1,0.23203659,0.08139777,-0.0359599079290697,0.2679965,0.07182212
2101,0,1,0.032187223,0.04084778,0.3045192548793993,0.27233204,0.07416474
2102,0,1,-0.2841134,-0.1259718,-0.3977761381205615,0.11366272,0.012919214
2103,0,1,0.3698697,0.02883935,0.4427290496661857,0.07285935,0.0053084847
2104,0,1,-0.4109602,-0.05519271,-0.2102182218919188,0.20074198,0.04029734
2105,0,1,0.19498348,0.086410284,0.0024517578674978,0.19253172,0.037068464
2106,0,1,-0.0036666393,0.010637045,0.1430210407229064,0.14668769,0.021517277
2107,0,1,-0.13459063,-0.06726241,-0.1071965088621196,0.027394116,0.0007504376
2108,0,1,0.09872699,0.081630945,0.0922856011222879,0.0064413846,4.1491436e-05
2109,0,1,-0.08740044,-0.044867754,-0.012091815133342,0.07530862,0.0056713885
2110,0,1,0.009904623,0.022243023,0.1027188020670033,0.09281418,0.008614471
2111,0,1,-0.09711099,-0.04563141,-0.0806166034769848,0.016494386,0.00027206476
2112,0,1,0.07389474,0.07415819,0.2068824034411882,0.13298766,0.017685719
2113,0,1,-0.193856,-0.11440873,-0.2768052902012776,0.08294928,0.0068805832
2114,0,1,0.2571535,0.07581067,0.2739505279532737,0.016797006,0.0002821394
2115,0,1,-0.2559061,-0.12947106,-0.3132104059519838,0.057304293,0.003283782
2116,0,1,0.2911129,0.06543183,0.0848441305786957,0.20626877,0.042546805
2117,0,1,-0.08047223,-0.044279814,-0.0763925733209061,0.004079655,1.6643584e-05
2118,0,1,0.06994867,0.07109213,-0.0494427942575237,0.11939147,0.014254323
2119,0,1,0.044776678,0.0511117,0.0514648428544162,0.0066881664,4.473157e-05
2120,0,1,-0.049375296,-0.029943705,0.0357731567136072,0.08514845,0.007250259
2121,0,1,-0.034747124,-0.016708612,-0.0109869583512942,0.023760166,0.0005645455
2122,0,1,0.008874416,0.021368265,0.1230156788305709,0.11414126,0.013028228
2123,0,1,-0.11599326,-0.049207687,-0.1686336426112271,0.05264038,0.0027710095
2124,0,1,0.15613246,0.08755636,0.1173016085932259,0.038830854,0.0015078352
2125,0,1,-0.11067915,-0.04658246,0.0053464996951064,0.11602565,0.013461951
2126,0,1,-0.006367445,0.008303165,0.0241182470351688,0.030485692,0.0009293774
2127,0,1,-0.023878813,-0.0070254803,0.1195461133184769,0.14342493,0.02057071
2128,0,1,-0.11276722,-0.046715736,-0.0265950066082458,0.086172216,0.007425651
2129,0,1,0.023443699,0.033613443,0.1757267372553079,0.15228304,0.023190126
2130,0,1,-0.16496277,-0.0933826,-0.3078978481753709,0.14293507,0.020430433
2131,0,1,0.28615856,0.067148924,0.1754745622673188,0.11068399,0.012250946
2132,0,1,-0.1647284,-0.093197346,-0.0479850593025963,0.11674334,0.013629008
2133,0,1,0.04341626,0.05001068,0.088011687160348,0.044595428,0.0019887523
2134,0,1,-0.083420515,-0.04453516,-0.1279737000167018,0.04455319,0.0019849867
2135,0,1,0.1181407,0.084644556,0.1106933881678444,0.00744731,5.5462424e-05
2136,0,1,-0.10453153,-0.04616809,0.0498060417885857,0.15433757,0.023820085
2137,0,1,-0.04782915,-0.028533936,-0.1992784013513326,0.15144925,0.022936875
2138,0,1,0.18476415,0.087118626,0.1965545654588227,0.011790425,0.00013901411
2139,0,1,-0.18428183,-0.10785103,-0.1706361493596486,0.013645679,0.00018620455
2140,0,1,0.15800405,0.087596655,0.1528087648682801,0.005195275,2.6990881e-05
2141,0,1,-0.14368343,-0.075519085,-0.086644333922417,0.057039097,0.0032534585
2142,0,1,0.07952571,0.07764697,-0.0460280060709594,0.12555371,0.015763735
2143,0,1,0.041588545,0.048529148,-0.0185234799042186,0.060112026,0.0036134557
2144,0,1,0.015908718,0.027310371,0.0097974712490755,0.0061112465,3.7347334e-05
2145,0,1,-0.010519981,0.004698515,-0.0592080040765536,0.048688024,0.0023705238
2146,0,1,0.05389738,0.0584352,0.1348560144270272,0.080958635,0.0065543004
2147,0,1,-0.12700129,-0.06008506,-0.1034591914431035,0.023542091,0.00055423006
2148,0,1,0.09523511,0.08098078,0.0416092035196116,0.053625904,0.0028757376
2149,0,1,-0.04018855,-0.021604538,0.020513005735856,0.060701557,0.003684679
2150,0,1,-0.020515919,-0.004055977,0.0087570691340737,0.029272988,0.00085690786
2151,0,1,-0.009549379,0.005543709,-0.0201037929556422,0.010554414,0.00011139566
2152,0,1,0.017384052,0.028549433,0.0539971040183786,0.03661305,0.0013405154
2153,0,1,-0.051735878,-0.032101154,-0.123477664211018,0.07174179,0.0051468844
2154,0,1,0.11394,0.08407903,-0.0530799051405694,0.1670199,0.027895648
2155,0,1,0.048174143,0.053850412,0.0527895212500442,0.0046153776,2.130171e-05
2156,0,1,-0.05060959,-0.03107214,0.0058406581735876,0.056450248,0.0031866306
2157,0,1,-0.006828785,0.007904053,0.0296407939708314,0.03646958,0.0013300302
2158,0,1,-0.02902937,-0.011597633,-0.0033294199900981,0.025699949,0.0006604874
2159,0,1,0.001727581,0.015274763,-0.0638715116992947,0.06559909,0.0043032407
2160,0,1,0.05825305,0.061899185,-0.0479201641804785,0.10617322,0.011272752
2161,0,1,0.04335451,0.04996109,0.0328348736055157,0.010519639,0.0001106628
2162,0,1,-0.032007456,-0.014255047,0.0997826884201225,0.13179015,0.017368643
2163,0,1,-0.09437919,-0.045423746,-0.1225423496035138,0.028163165,0.00079316384
2164,0,1,0.11306596,0.08395553,0.2228902335832647,0.10982427,0.012061371
2165,0,1,-0.20868516,-0.12165141,-0.2314563051587446,0.02277115,0.00051852525
2166,0,1,0.21481895,0.084204674,0.3436408703830653,0.12882191,0.016595084
2167,0,1,-0.32013774,-0.11454415,-0.236847575740172,0.08329016,0.0069372505
2168,0,1,0.21985388,0.083470106,0.23499097446342,0.015137091,0.00022913153
2169,0,1,-0.21988702,-0.12576175,-0.1633150230388032,0.05657199,0.0032003901
2170,0,1,0.15116382,0.087400675,0.299410578116472,0.14824677,0.021977104
2171,0,1,-0.27940273,-0.12681508,-0.1996457790118952,0.07975696,0.0063611725
2172,0,1,0.18510723,0.08709955,0.0218078889263053,0.16329934,0.026666673
2173,0,1,-0.021724224,-0.0051207542,-0.0073516850835377,0.014372539,0.00020656986
2174,0,1,0.00548172,0.018482447,-0.0528796731601657,0.058361392,0.0034060522
2175,0,1,0.047986984,0.053700924,0.1576618211395408,0.10967484,0.012028571
2176,0,1,-0.14819121,-0.07947326,-0.0342029246729977,0.11398829,0.01299333
2177,0,1,0.030546904,0.039497375,-0.0187163823699583,0.049263284,0.002426871
2178,0,1,0.016088963,0.02746129,-0.061871892969421,0.077960856,0.006077895
2179,0,1,0.05638504,0.060415983,0.0887430054483604,0.03235797,0.0010470381
2180,0,1,-0.08410168,-0.044592142,-0.1105688975388594,0.026467219,0.00070051366
2181,0,0,0.101878166,0.0821898,-0.0097223696754835,0.11160053,0.012454679
2182,0,0,0.007694006,0.020365715,-0.158205425347639,0.16589943,0.02752262
2183,0,0,0.14638925,0.08718777,0.0949613138290432,0.05142793,0.002644832
2184,0,0,-0.08989024,-0.045069933,-0.0853125021758063,0.004577741,2.0955713e-05
2185,0,0,0.0782814,0.07735443,0.0791590843803407,0.0008776784,7.703194e-07
2186,0,0,-0.07517743,-0.043806314,-0.0852315387913491,0.010054104,0.00010108501
2187,0,0,0.07820606,0.07733607,0.0226878512823995,0.05551821,0.0030822717
2188,0,0,-0.0225451,-0.005845785,-0.064748097977267,0.042203,0.0017810933
2189,0,0,0.05907154,0.06254768,-0.0747854995093941,0.13385704,0.017917708
2190,0,0,0.06844759,0.06992054,-0.1642712639126333,0.23271886,0.054158065
2191,0,0,0.15205693,0.08743453,-0.1794342750150392,0.3314912,0.109886415
2192,0,0,0.16622448,0.08766055,-0.0324567199228007,0.1986812,0.039474223
2193,0,0,0.028915882,0.03815174,0.0228355598665581,0.006080322,3.6970316e-05
2194,0,0,-0.022682667,-0.00596714,0.0382772921290293,0.060959958,0.0037161165
2195,0,0,-0.037082672,-0.018805504,0.2031994124860658,0.24028209,0.05773548
2196,0,0,-0.19044256,-0.11211777,0.1266217667967151,0.31706434,0.1005298
2197,0,0,-0.11934543,-0.052579403,0.0805809841254716,0.1999264,0.03997057
2198,0,0,-0.07650185,-0.043926477,0.0776117670811715,0.15411362,0.023751007
2199,0,0,-0.07373667,-0.043673754,0.1611639726087883,0.23490064,0.05517831
2200,0,0,-0.15144396,-0.08226824,0.3463882608848072,0.4978322,0.2478369
2201,0,0,-0.32266402,-0.11343336,0.3122273123711063,0.63489133,0.403087
2202,1,0,0.31023574,-0.12449956,0.2119554630314524,0.09828028,0.009659014
2203,1,0,0.20790887,-0.117435694,0.3416682997490601,0.13375944,0.017891588
2204,1,0,0.3402779,-0.11532426,0.4177892911914318,0.07751137,0.0060080127
2205,1,0,0.41793323,-0.073875666,0.4804934226521604,0.0625602,0.003913779
2206,1,0,0.48186278,-0.022074461,0.3815848789655027,0.1002779,0.0100556575
2207,1,0,0.38100433,-0.09650469,0.4009054779297738,0.019901156,0.000396056
2208,1,0,0.40071273,-0.08508992,0.3961825963850445,0.004530132,2.0522095e-05
2209,1,0,0.39589524,-0.08801985,0.3744875401824963,0.021407694,0.00045828935
2210,1,0,0.37376332,-0.10031986,0.296048501465223,0.07771483,0.0060395948
2211,1,0,0.293725,-0.12731433,0.28002741929643,0.013697594,0.00018762409
2212,1,0,0.27737617,-0.12907219,0.3159301482640093,0.038553983,0.0014864096
2213,1,0,0.31401467,-0.12370896,0.2725397660777231,0.04147491,0.001720168
2214,1,0,0.26973462,-0.12954235,0.2378009156194984,0.03193371,0.0010197618
2215,1,0,0.23428321,-0.12663436,0.0366316062761975,0.1976516,0.039066155
2216,1,0,0.029123306,-0.01742649,-0.0102900677988841,0.039413374,0.001553414
2217,1,0,-0.018660784,0.02081561,0.0612179826125407,0.07987876,0.0063806167
2218,1,0,0.05417514,-0.038284063,-0.0683913360183865,0.12256648,0.015022541
2219,1,0,-0.07777381,0.065235615,0.1292980221617523,0.20707183,0.04287874
2220,1,0,0.123583555,-0.05504799,0.0936639585419798,0.029919595,0.00089518214
2221,1,0,0.08724785,-0.044971943,0.0437090128864223,0.043538835,0.0018956302
2222,1,0,0.03633356,-0.02337408,0.0809580758169716,0.044624515,0.0019913474
2223,1,0,0.07429528,-0.043958426,0.100863393758749,0.026568115,0.00070586475
2224,1,0,0.0945878,-0.045500994,-0.0182473497726061,0.112835154,0.012731772
2225,1,0,-0.026760817,0.027092934,0.0890729956410347,0.11583381,0.013417472
2226,1,0,0.082567215,-0.04461789,0.220787376666538,0.13822016,0.019104812
2227,1,0,0.21692085,-0.120876074,0.4720988552090208,0.255178,0.06511582
2228,1,0,0.47330713,-0.029940128,0.4423701170040615,0.030937016,0.00095709896
2229,1,0,0.4429996,-0.055480957,0.5933029773266063,0.15030336,0.022591101
2230,1,0,0.5967393,0.111730814,0.6263092721328283,0.029569983,0.0008743839
2231,1,0,0.63030624,0.1608131,0.6387545571934501,0.008448303,7.137382e-05
2232,1,0,0.64295816,0.18048811,0.697267957138195,0.054309785,0.0029495528
2233,1,0,0.7023885,0.28158236,0.5213293509176822,0.18105918,0.032782428
2234,1,0,0.5234711,0.020311356,0.6645376563462055,0.14106655,0.019899772
2235,1,0,0.6691561,0.22329044,0.6737508738835172,0.004594803,2.1112213e-05
2236,1,0,0.6785126,0.2392509,0.7746266656764811,0.0961141,0.00923792
2237,1,0,0.78082347,0.40312648,0.8416672109765444,0.060843766,0.003701964
2238,1,0,0.8486495,0.48790646,0.8517876868381293,0.0031381845,9.848202e-06
2239,1,0,0.85887647,0.50128174,0.7628673516538829,0.096009135,0.009217754
2240,1,0,0.76891255,0.38893247,0.7495699883459621,0.019342542,0.00037413393
2241,1,0,0.7554376,0.37312412,0.8737008838423659,0.118263245,0.013986195
2242,1,0,0.88100576,0.53076553,0.8008362603376331,0.0801695,0.0064271484
2243,1,0,0.807358,0.43548632,0.7254044088145233,0.081953645,0.0067164
2244,1,0,0.73093677,0.33522677,0.7421816652441304,0.011244893,0.00012644762
2245,1,0,0.7479484,0.36444926,0.7158755986051801,0.032072783,0.0010286634
2246,1,0,0.72127056,0.31669474,0.8381648857592379,0.116894305,0.013664278
2247,1,0,0.84510946,0.48331356,0.911445919347884,0.06633645,0.004400525
2248,1,0,0.91908264,0.57944846,0.8950258948209506,0.024056733,0.0005787264
2249,1,0,0.90252495,0.56015134,0.7873775384698862,0.11514741,0.013258927
2250,1,0,0.793735,0.4187441,0.8053180339370658,0.01158303,0.00013416659
2251,1,0,0.8118923,0.44112062,0.9672234731333672,0.1553312,0.02412778
2252,1,0,0.9752505,0.6332102,1.029875329200483,0.054624796,0.0029838684
2253,1,0,1.0381873,0.68948436,0.9234834341975042,0.114703834,0.013156969
2254,1,0,0.9312148,0.59096026,0.7074732913141162,0.22374153,0.050060272
2255,1,0,0.7127464,0.30066323,0.8232391080932122,0.11049271,0.012208638
2256,1,0,0.8300209,0.46394348,0.8945141197986257,0.06449324,0.004159378
2257,1,0,0.9020088,0.559438,1.0083597234467825,0.1063509,0.011310514
2258,1,0,1.0165915,0.6700485,1.0494442672850783,0.03285277,0.0010793044
2259,1,0,1.0565526,0.70725846,1.223150931306249,0.16659832,0.027755
2260,1,0,1.2283285,0.86913586,1.209841129788645,0.018487334,0.00034178153
2261,1,0,1.2149498,0.85647607,1.3893397678061636,0.17438996,0.030411858
2262,1,0,1.3957238,1.0306623,1.4010805084566242,0.0053566694,2.8693907e-05
2263,1,0,1.4075699,1.0423102,1.3172165940443734,0.09035325,0.00816371
2264,1,0,1.3230054,0.95978594,1.3073048051494158,0.015700579,0.00024650816
2265,1,0,1.3130195,0.95013666,1.4490270920642376,0.13600755,0.018498054
2266,1,0,1.4559689,1.0901928,1.5583082656767338,0.10233939,0.01047335
2267,1,0,1.566381,1.2011666,1.550240754980217,0.016140223,0.0002605068
2268,1,0,1.5582266,1.192889,1.6128129185518252,0.05458629,0.0029796632
2269,1,0,1.6214833,1.2574365,1.7031855011314838,0.08170223,0.0066752546
2270,1,0,1.7128611,1.3520224,1.5113869191506697,0.20147419,0.04059185
2271,1,0,1.5189605,1.1532114,1.3808317922304083,0.13812864,0.019079521
2272,1,0,1.3871403,1.0222406,1.4752194363143798,0.088079214,0.007757948
2273,1,0,1.4824214,1.1165609,1.3292505887653203,0.15317082,0.0234613
2274,1,0,1.3351319,0.9715302,1.2867663108555851,0.048365593,0.0023392306
2275,1,0,1.2923355,0.930217,1.272622594474046,0.019712925,0.0003885994
2276,1,0,1.2780955,0.9165542,1.3230928674632678,0.044997334,0.00202476
2277,1,0,1.3289266,0.96551585,1.2623523369305367,0.066574216,0.0044321264
2278,1,0,1.2677581,0.90666294,1.3038644459008464,0.036106348,0.0013036684
2279,1,0,1.3095539,0.94679356,1.118959468653819,0.19059443,0.036326237
2280,1,0,1.1237326,0.77116466,1.0144065154898878,0.109326005,0.011952176
2281,1,0,1.0226638,0.67549825,1.005175381820337,0.01748848,0.00030584692
2282,1,0,1.0133946,0.66718197,1.0994196287780331,0.086025,0.0074003004
2283,1,0,1.1041536,0.7530823,1.273392136590243,0.16923845,0.028641652
2284,1,0,1.2788701,0.9172964,1.476211623101498,0.19734156,0.038943693
2285,1,0,1.4834237,1.1175616,1.4607786691087292,0.022644997,0.0005127959
2286,1,1,1.4678359,1.1020052,-1.3119164624804494,2.7797523,7.7270226
2287,1,1,-1.3052503,-0.9269397,1.1564587823982135,2.461709,6.0600114
2288,0,1,-1.0449697,0.80612445,-0.8811221172357047,0.16384757,0.026846025
2289,0,1,0.813205,-0.47601438,0.8818173145729582,0.06861234,0.0047076526
2290,0,1,-0.8048711,0.5418706,-0.8177563415070863,0.0128852725,0.00016603025
2291,0,1,0.7558093,-0.39582705,0.7256528144323169,0.030156493,0.0009094141
2292,0,1,-0.6661695,0.33571577,-0.7275988252368233,0.06142932,0.0037735617
2293,0,1,0.6739569,-0.2733941,0.5962838384380964,0.07767302,0.006033098
2294,0,1,-0.55031204,0.115979195,-0.7495011839246879,0.19918913,0.03967631
2295,0,1,0.69390297,-0.30173254,0.7028583348339672,0.008955359,8.0198464e-05
2296,0,1,-0.64586866,0.29198194,-0.4406331068844471,0.20523554,0.042121626
2297,0,1,0.40969396,0.0036830902,0.4801797689207423,0.0704858,0.004968248
2298,0,1,-0.44511294,-0.022374153,-0.5741292255320047,0.12901628,0.0166452
2299,0,1,0.53322697,-0.10244441,0.489307770462462,0.043919206,0.0019288966
2300,0,1,-0.45342183,-0.013504982,-0.400257123201865,0.05316472,0.0028264874
2301,0,1,0.3721764,0.027503729,0.2787504881497695,0.09342593,0.0087284045
2302,0,1,-0.26033878,-0.12916803,-0.461920172939894,0.20158139,0.040635057
2303,0,1,0.42944813,-0.010446548,0.5400082521193643,0.11056012,0.01222354
2304,0,1,-0.49945712,0.041983843,-0.5242092997211492,0.0247522,0.00061267137
2305,0,1,0.4871366,-0.057925463,0.5841748236807658,0.09703821,0.009416414
2306,0,1,-0.539392,0.09895253,-0.5657151792238913,0.0263232,0.0006929108
2307,0,1,0.52546835,-0.09454489,0.4477804199982751,0.07768792,0.0060354127
2308,0,1,-0.4155724,-0.05110097,-0.5249065612839461,0.10933417,0.011953961
2309,0,1,0.48778057,-0.05850792,0.2094513415580836,0.27832922,0.07746716
2310,0,1,-0.19623661,-0.115977526,-0.0947631895548699,0.10147342,0.010296855
2311,0,1,0.08711076,0.079339266,0.0344019547801286,0.052708805,0.0027782181
2312,0,1,-0.033468485,-0.015562534,-0.0986259703850853,0.06515749,0.004245498
2313,0,1,0.09071994,0.08009076,0.0137492162351651,0.07697072,0.0059244917
2314,0,1,-0.014206648,0.0014829636,-0.0452000808952206,0.030993432,0.0009605928
2315,0,1,0.040815115,0.047902107,0.2263305553539738,0.18551543,0.034415975
2316,0,1,-0.21187091,-0.122877836,-0.1432019393581409,0.06866898,0.004715428
2317,0,1,0.13237023,0.08619952,0.0256484867028832,0.106721744,0.01138953
2318,0,1,-0.025305748,-0.008289099,-0.1251841636568813,0.099878415,0.009975698
2319,0,1,0.115534306,0.08429885,0.0045923432680359,0.11094196,0.012308119
2320,0,1,-0.0056643486,0.008911848,0.0282082908811531,0.03387264,0.0011473559
2321,0,1,-0.027693272,-0.01040864,-0.0254627372777953,0.0022305343,4.9752834e-06
2322,0,1,0.02238655,0.032733202,-0.0865770495393398,0.1089636,0.011873066
2323,0,1,0.07946229,0.077631235,0.145397410415812,0.06593512,0.00434744
2324,0,1,-0.13679838,-0.069301605,-0.1039364517457706,0.032861933,0.0010799066
2325,0,1,0.09568119,0.081065655,0.0458242417610521,0.04985695,0.0024857153
2326,0,1,-0.04411745,-0.025160313,-0.087624651073674,0.043507203,0.0018928767
2327,0,1,0.08044124,0.077858925,0.0987408140593033,0.01829958,0.0003348746
2328,0,1,-0.09340954,-0.045348883,-0.0732143559641271,0.020195179,0.00040784525
2329,0,1,0.066979885,0.06877303,-0.0105116908980384,0.077491574,0.006004944
2330,0,1,0.008431196,0.020991325,-0.0411418621660266,0.04957306,0.0024574883
2331,0,1,0.03702593,0.044813633,-0.0296799108137761,0.06670584,0.004449669
2332,0,1,0.026324034,0.036006212,-0.0012130644138363,0.027537098,0.00075829175
2333,0,1,-0.00024700165,0.013580322,0.188447102078813,0.1886941,0.035605464
2334,0,1,-0.17676377,-0.102418184,-0.2656362127215699,0.08887243,0.007898309
2335,0,1,0.24673033,0.07834554,0.1977334823812695,0.04899685,0.0024006914
2336,0,1,-0.18537521,-0.10862064,-0.0426579057873675,0.1427173,0.020368228
2337,0,1,0.038440943,0.045969486,0.2034535621502677,0.16501261,0.027229162
2338,0,1,-0.19067764,-0.112277746,-0.101071973648728,0.08960567,0.008029176
2339,0,1,0.093004465,0.080547094,0.226521504102906,0.13351704,0.017826801
2340,0,1,-0.21204782,-0.12294507,-0.3857893983951457,0.17374158,0.030186137
2341,0,1,0.35871816,0.035084248,0.2283363071089272,0.13038185,0.016999427
2342,0,1,-0.21372795,-0.12357187,-0.2340917795132409,0.020363823,0.00041468526
2343,0,1,0.21727967,0.08385563,0.2714846006941149,0.05420494,0.0029381756
2344,0,1,-0.25362897,-0.12959123,-0.18785950154045,0.065769464,0.004325622
2345,0,1,0.17409587,0.08754659,0.2699448494526115,0.09584898,0.009187027
2346,0,1,-0.2522061,-0.12965393,-0.2460567646010565,0.006149322,3.781416e-05
2347,0,1,0.22845244,0.08205032,0.0127101560820368,0.21574229,0.046544734
2348,0,1,-0.013237715,0.0023298264,-0.0199722415570602,0.0067345276,4.5353863e-05
2349,0,1,0.017261267,0.028446198,-0.0227832129457836,0.04004448,0.0016035603
2350,0,1,0.019885063,0.030645132,0.0723573774245345,0.052472316,0.002753344
2351,0,1,-0.06884289,-0.043212414,0.028454972838356,0.09729786,0.009466874
2352,0,1,-0.027923107,-0.0106134415,-0.1261949185338484,0.09827182,0.00965735
2353,0,1,0.11647844,0.08442736,0.034567967640064,0.081910476,0.006709326
2354,0,1,-0.03362322,-0.015701056,-0.0855027131898245,0.051879495,0.002691482
2355,0,1,0.078459024,0.07739544,0.0080533823129367,0.07040564,0.004956954
2356,0,1,-0.00889349,0.006114006,0.0560218510509265,0.064915344,0.004214002
2357,0,1,-0.053622484,-0.03383088,-0.1093159878779235,0.055693507,0.0031017668
2358,0,1,0.10070777,0.081985,0.2305038164643149,0.12979604,0.016847013
2359,0,1,-0.21573424,-0.12430358,-0.0190253325914975,0.19670892,0.038694397
2360,0,1,0.016377449,0.027704,0.0168563098867262,0.00047886,2.2930689e-07
2361,0,1,-0.01710558,-0.0010559559,0.0502561808664148,0.06736176,0.004537606
2362,0,1,-0.048249006,-0.028916836,-0.0735025174236936,0.025253512,0.00063773984
2363,0,1,0.0672493,0.06898379,0.1329215940196229,0.06567229,0.00431285
2364,0,1,-0.1252029,-0.05834627,-0.1598108866774623,0.03460799,0.0011977131
2365,0,1,0.14788961,0.08726096,0.2804526306165287,0.13256302,0.017572956
2366,0,1,-0.26191044,-0.12903857,-0.2994827824977717,0.037572354,0.0014116818
2367,0,1,0.278311,0.06972647,0.2268066744064079,0.051504344,0.0026526975
2368,0,1,-0.2123115,-0.123044014,-0.2444625958314659,0.032151088,0.0010336925
2369,0,1,0.226964,0.08231115,0.2241028812981453,0.0028611124,8.185964e-06
2370,0,1,-0.20980859,-0.12208891,-0.2908332936352842,0.08102471,0.006565003
2371,0,1,0.2702427,0.07219505,0.3591172636238919,0.08887458,0.007898691
2372,0,1,-0.3343637,-0.107886314,-0.1606811671567194,0.17368253,0.03016562
2373,0,1,0.14870262,0.08729887,0.0946141188616374,0.054088503,0.0029255662
2374,0,1,-0.0895679,-0.0450449,-0.0346758839088607,0.054892015,0.0030131333
2375,0,1,0.030988455,0.039860725,0.0132456328030787,0.017742822,0.00031480772
2376,0,1,-0.013736486,0.0018935204,0.0737242328586496,0.08746072,0.0076493775
2377,0,1,-0.07011628,-0.043334484,-0.0488305911014812,0.02128569,0.0004530806
2378,0,1,0.04420495,0.05065036,-0.0750560469474144,0.119261,0.014223185
2379,0,1,0.06870055,0.07011819,0.1895082885722963,0.12080774,0.014594509
2380,0,1,-0.17774796,-0.10314345,-0.0289844816806823,0.14876348,0.022130573
2381,0,1,0.025674105,0.035467386,0.055849348008885,0.030175243,0.0009105453
2382,0,1,-0.05346179,-0.033683777,-0.0061819161094915,0.047279872,0.0022353863
2383,0,1,0.004389763,0.017550468,-0.109416545272643,0.11380631,0.012951876
2384,0,1,0.10080099,0.08200145,0.1813087745336012,0.080507785,0.0064815036
2385,0,1,-0.17014217,-0.097424746,-0.080952363573409,0.08918981,0.007954823
2386,0,1,0.07420826,0.0744009,-0.0324720209041471,0.10668028,0.011380683
2387,0,1,0.028930187,0.038163424,0.083735955195455,0.05480577,0.0030036725
2388,0,1,-0.07943964,-0.044189215,-0.1704204498463997,0.09098081,0.008277508
2389,0,1,0.15780282,0.08759308,0.2345620073368834,0.07675919,0.005891973
2390,0,1,-0.21949053,-0.12562633,-0.3635696518245819,0.14407912,0.020758793
2391,0,1,0.33803773,0.04573679,0.3586225493000632,0.020584822,0.0004237349
2392,0,1,-0.3339095,-0.10811305,-0.3198827280774714,0.014026791,0.00019675086
2393,0,1,0.29733396,0.063179016,0.261060694024994,0.03627327,0.0013157502
2394,0,1,-0.24399757,-0.12982726,-0.3339981154332165,0.09000054,0.008100097
2395,0,1,0.31049085,0.05805278,0.2920643275235211,0.018426508,0.0003395362
2396,0,1,-0.27262688,-0.12784743,-0.4092455426509183,0.13661867,0.018664662
2397,0,1,0.3805337,0.022540092,0.386456886665965,0.005923182,3.5084082e-05
2398,0,1,-0.3594594,-0.093768835,-0.4149722964089073,0.055512905,0.0030816826
2399,0,1,0.38585663,0.019275665,0.1295061273224624,0.25635052,0.06571559
2400,0,1,-0.12202811,-0.055238962,0.0343711864863363,0.1563993,0.024460739
2401,0,1,-0.03344035,-0.015536785,-0.0361554652289015,0.0027151145,7.3718466e-06
2402,0,1,0.03237009,0.040997744,0.0924132659034926,0.06004318,0.0036051832
2403,0,1,-0.08751941,-0.044878006,-0.1088791148889174,0.021359704,0.00045623697
2404,0,1,0.1002996,0.08191395,0.0891466861824823,0.011152908,0.00012438736
2405,0,1,-0.08447814,-0.044623613,-0.1454682103080098,0.060990065,0.003719788
2406,0,1,0.13448787,0.086383104,-0.1280369638444543,0.26252484,0.06891929
2407,0,1,0.11820006,0.08465171,0.1576338191183879,0.039433762,0.0015550216
2408,0,1,-0.14816475,-0.079449415,-0.1541614001799813,0.0059966445,3.5959747e-05
2409,0,1,0.14261031,0.08697438,0.0546016894334853,0.08800863,0.0077455183
2410,0,1,-0.052298546,-0.032617092,0.1081268598926343,0.1604254,0.025736308
2411,0,1,-0.102143764,-0.046000242,0.1905326980670687,0.29267645,0.085659504
2412,0,1,-0.17869902,-0.10384011,-0.1698941071482633,0.008804902,7.75263e-05
2413,0,1,0.15731096,0.08758283,0.1437072501307477,0.013603717,0.00018506112
2414,0,1,-0.13522768,-0.06785393,-0.1009236588253212,0.034304023,0.001176766
2415,0,1,0.09286618,0.08052182,0.0902511547405451,0.0026150271,6.838367e-06
2416,0,1,-0.085505724,-0.044710398,-0.0694806942087158,0.01602503,0.00025680155
2417,0,1,0.063492775,0.066036224,0.1186655203720814,0.05517275,0.0030440323
2418,0,1,-0.1119473,-0.046663284,-0.3269175269417244,0.21497023,0.0462122
2419,0,1,0.30389166,0.06068492,0.1875735096762398,0.11631815,0.013529913
2420,0,1,-0.17595387,-0.10181618,-0.1102666975485182,0.065687165,0.0043148035
2421,0,1,0.10159612,0.08214164,0.0482087594111142,0.05338736,0.00285021
2422,0,1,-0.046340942,-0.027179241,-0.0880262399758455,0.041685298,0.0017376641
2423,0,1,0.08081627,0.07794571,0.0189466911913807,0.061869577,0.0038278445
2424,0,1,-0.01905489,-0.0027685165,-0.0384116567829333,0.019356769,0.0003746845
2425,0,1,0.03447652,0.04272771,-0.0179875393381925,0.05246406,0.0027524775
2426,0,1,0.015408754,0.026889086,0.0833552764698049,0.06794652,0.00461673
2427,0,1,-0.07908487,-0.044157743,0.0551291631899402,0.13421404,0.01801341
2428,0,1,-0.05279088,-0.033067465,0.081279518329473,0.1340704,0.01797487
2429,0,1,-0.07715273,-0.043985844,0.022737549632636,0.09989028,0.009978067
2430,0,1,-0.022590876,-0.005886078,-0.0815886270087857,0.05899775,0.0034807345
2431,0,1,0.07480216,0.07486105,0.0079397521953472,0.066862404,0.004470581
2432,0,1,-0.008787155,0.0062053204,-0.1803198229877805,0.17153266,0.029423453
2433,0,1,0.16705155,0.08765769,0.1694441203548868,0.0023925602,5.7243446e-06
2434,0,1,-0.15913105,-0.08868909,-0.1151840855547332,0.043946967,0.0019313359
2435,0,1,0.106190205,0.082911015,-0.0005403909407126,0.106730595,0.01139142
2436,0,1,-0.00087475777,0.013041019,-0.0919012352104191,0.09102648,0.00828582
2437,0,1,0.08443689,0.07876086,-0.0526133839785654,0.13705027,0.018782778
2438,0,1,0.047738075,0.053500175,0.0610740128437745,0.013335936,0.00017784718
2439,0,1,-0.058330536,-0.038160563,0.0183277719525851,0.07665831,0.0058764964
2440,0,1,-0.018478155,-0.002261877,-0.0760170801471105,0.057538927,0.0033107281
2441,0,1,0.06959772,0.07081914,0.0633984945642769,0.006199226,3.84304e-05
2442,0,1,-0.06049657,-0.040160894,-0.0917003722551372,0.031203806,0.00097367755
2443,0,1,0.08424926,0.07871866,0.1556860831326756,0.07143682,0.0051032198
2444,0,1,-0.14635682,-0.07787418,0.0410568855402395,0.1874137,0.035123896
2445,0,1,-0.03967285,-0.021140337,-0.0970768477437302,0.057403997,0.0032952188
2446,0,1,0.089271784,0.07979393,0.0729174989679322,0.016354285,0.00026746263
2447,0,1,-0.06936455,-0.04326248,-0.118489122841666,0.049124576,0.002413224
2448,0,1,0.10927892,0.083396435,0.0035280708205198,0.105750844,0.011183241
2449,0,1,-0.004671097,0.009769917,-0.0616032598021418,0.056932162,0.003241271
2450,0,1,0.0561347,0.060217142,-0.0208996437194581,0.07703435,0.0059342906
2451,0,1,0.018126965,0.02917242,0.0304845177094614,0.0123575535,0.00015270912
2452,0,1,-0.029815674,-0.012298584,0.0595843696916489,0.08940004,0.007992367
2453,0,1,-0.0569427,-0.036881924,-0.1030403489218252,0.04609765,0.0021249934
2454,0,1,0.094843626,0.080905676,-0.0174522475344702,0.11229587,0.012610363
2455,0,1,0.014909267,0.026468992,-0.0549139795571398,0.06982325,0.0048752865
2456,0,1,0.049886942,0.055226803,0.2154191370103553,0.1655322,0.027400909
2457,0,1,-0.2017653,-0.11882186,-0.1560017815646728,0.045763522,0.0020943
2458,0,1,0.1443305,0.0870769,0.2150126717050402,0.07068217,0.0049959687
2459,0,1,-0.2013886,-0.11866236,-0.1050421497650382,0.096346445,0.009282637
2460,0,1,0.09671402,0.08126044,0.1885245993301834,0.091810584,0.008429184
2461,0,1,-0.17683625,-0.10246992,-0.1599196172827466,0.016916633,0.00028617246
2462,0,1,0.14799118,0.08726692,0.3230869865643386,0.1750958,0.030658538
2463,0,1,-0.3012221,-0.12190318,-0.3663849025566281,0.06516281,0.0042461916
2464,0,1,0.34065866,0.044453144,0.3894269818636271,0.04876831,0.0023783483
2465,0,1,-0.36218262,-0.09205365,-0.3984784494044153,0.03629583,0.0013173873
2466,0,1,0.37052274,0.028463364,0.2085778817605352,0.16194485,0.026226135
2467,0,1,-0.19542694,-0.11544776,-0.3636096265050521,0.16818267,0.02828541
2468,0,1,0.33807492,0.045719862,0.4296435030887875,0.09156859,0.008384806
2469,0,1,-0.3990028,-0.06531119,-0.5168595191247589,0.11785674,0.0138902115
2470,0,1,0.48033857,-0.051851273,0.5302267202928728,0.049888134,0.002488826
2471,0,1,-0.4905908,0.030455112,-0.5286684752285207,0.038077652,0.0014499077
2472,0,1,0.49125862,-0.06167054,0.3576590828321717,0.13359955,0.01784884
2473,0,1,-0.33302402,-0.10855436,-0.3777607938900145,0.044736773,0.002001379
2474,0,1,0.35124826,0.039072037,0.1938708235974515,0.15737744,0.024767658
2475,0,1,-0.18179345,-0.106081486,-0.1851396959657583,0.0033462495,1.1197386e-05
2476,0,1,0.17155457,0.08760333,0.1471673116082659,0.024387255,0.00059473823
2477,0,1,-0.138443,-0.07080531,-0.029940314843373,0.10850268,0.011772831
2478,0,1,0.026566744,0.036207676,0.1390097017400049,0.112442955,0.012643418
2479,0,1,-0.13086247,-0.06376886,-0.2900712056148733,0.15920874,0.025347425
2480,0,1,0.26953197,0.072404385,0.2706681384023905,0.0011361837,1.2909135e-06
2481,0,1,-0.25287414,-0.1296258,-0.3251803860643862,0.072306246,0.005228193
2482,0,1,0.30227232,0.0613122,0.3460251863462829,0.04375288,0.0019143145
2483,0,1,-0.32233,-0.11358166,-0.3946015424045881,0.072271556,0.005223178
2484,0,1,0.36691642,0.030527115,0.3758777641445676,0.00896135,8.030579e-05
2485,0,1,-0.34975433,-0.09958911,-0.3112042509988781,0.03855008,0.0014861086
2486,0,1,0.2892418,0.066088915,0.166346653033186,0.12289514,0.015103214
2487,0,1,-0.15625525,-0.08631873,-0.1737105164336725,0.017455265,0.00030468628
2488,0,1,0.16087651,0.08764076,0.1224518848472691,0.038424626,0.0014764519
2489,0,1,-0.11546826,-0.048676014,-0.1421677538597228,0.026699483,0.0007128624
2490,0,1,0.13140345,0.086110115,0.169689236367752,0.038285792,0.0014658018
2491,0,1,-0.15935898,-0.088875055,-0.202101034239952,0.04274206,0.0018268835
2492,0,1,0.18740034,0.08696389,0.1882574644543182,0.0008571297,7.346713e-07
2493,0,1,-0.17658854,-0.10228753,-0.2460106857477457,0.069422156,0.0048194355
2494,0,1,0.22840881,0.08205843,0.2179524426946963,0.010456368,0.00010933564
2495,0,1,-0.20411205,-0.119805574,-0.0318427279735278,0.17226933,0.029676722
2496,0,1,0.028342485,0.037677526,-0.1643850791027663,0.19272757,0.037143916
2497,0,1,0.15216327,0.08743787,-0.1450503439112709,0.2972136,0.08833593
2498,0,1,0.13409734,0.086349726,0.0463870397457308,0.0877103,0.0076930965
2499,0,1,-0.04464245,-0.025635958,-0.1092459908227145,0.064603545,0.004173618
2500,0,1,0.100641966,0.08197451,0.0728803500484267,0.027761616,0.0007707073
2501,0,1,-0.0693295,-0.043259382,0.0037233613163132,0.07305286,0.0053367205
2502,0,1,-0.0048525333,0.009612799,-0.1463718982272581,0.14151937,0.02002773
2503,0,1,0.13533235,0.08645272,0.0312860771609142,0.10404627,0.010825627
2504,0,1,-0.030563116,-0.012965441,-0.1648780196578623,0.13431491,0.018040495
2505,0,1,0.15262389,0.087453604,0.1016294029260129,0.050994486,0.0026004375
2506,0,1,-0.09609723,-0.045554638,-0.0101214927684081,0.08597574,0.007391827
2507,0,1,0.008066177,0.020682573,-0.0004975497657482,0.008563727,7.3337425e-05
2508,0,1,-0.0009150505,0.013006926,-0.1160234288567974,0.11510838,0.013249938
2509,0,0,0.10697484,0.083036184,-0.1666239274965222,0.27359876,0.07485628
2510,0,0,0.15425491,0.0875051,-0.2010776078630463,0.35533252,0.1262612
2511,0,0,0.18644404,0.08702183,-0.081234897231011,0.26767895,0.07165202
2512,0,0,0.07447195,0.07460523,0.0426400371780406,0.031831913,0.0010132707
2513,0,0,-0.04114914,-0.022472858,0.0256345166745757,0.06678365,0.0044600563
2514,0,0,-0.025292873,-0.008277893,-0.0155660971497337,0.009726776,9.4610165e-05
2515,0,0,0.013148785,0.024985313,0.1301365918603392,0.11698781,0.0136861475
2516,0,0,-0.12261391,-0.05581522,0.1369841046453097,0.25959802,0.06739113
2517,0,0,-0.12897992,-0.061980963,0.3456677024435364,0.4746476,0.22529036
2518,0,0,-0.32200146,-0.11372733,0.3469213412309289,0.6689228,0.4474577
2519,0,0,-0.3231535,-0.113212824,0.4230375834090636,0.7461911,0.55680114
2520,1,0,0.4232862,-0.07015395,0.592489710609557,0.16920352,0.028629832
2521,1,0,0.5959122,0.110578775,0.508798023321241,0.087114215,0.0075888867
2522,1,0,0.5107057,0.0065762997,0.449569713557679,0.061136007,0.0037376115
2523,1,0,0.4503398,-0.049626112,0.4264323863683867,0.023907393,0.00057156343
2524,1,0,0.42674804,-0.06768799,0.4511872606434024,0.024439216,0.00059727527
2525,1,0,0.45198894,-0.048282385,0.4236478317627825,0.028341115,0.00080321875
2526,1,0,0.42390776,-0.069714546,0.4311230549674842,0.0072152913,5.2060426e-05
2527,1,0,0.43153095,-0.06420231,0.318271005022936,0.11325994,0.012827815
2528,1,0,0.31640315,-0.123179674,0.3312514500036951,0.014848292,0.00022047177
2529,1,0,0.32964897,-0.11918259,0.4666702473209176,0.13702127,0.01877483
2530,1,0,0.46777368,-0.034872532,0.5631445213259494,0.09537083,0.009095595
2531,1,0,0.5660498,0.070822716,0.4595270069985178,0.1065228,0.011347107
2532,1,0,0.46049142,-0.041181803,0.458696715507731,0.0017946959,3.2209332e-06
2533,1,0,0.45964503,-0.041901827,0.4284551772248908,0.031189859,0.0009728073
2534,1,0,0.42881012,-0.06619573,0.350618246811603,0.07819188,0.0061139697
2535,1,0,0.34940982,-0.11166239,0.331002925544722,0.018406898,0.00033881387
2536,1,0,0.32939553,-0.11926985,0.1857759446592233,0.14361958,0.020626584
2537,1,0,0.18119621,-0.10057235,0.3191010625003572,0.13790485,0.019017749
2538,1,0,0.31725,-0.12298846,0.3961068920690991,0.078856885,0.0062184082
2539,1,0,0.39581823,-0.088065624,0.3135892094852806,0.08222902,0.0067616114
2540,1,0,0.31162596,-0.124215126,0.1517959834595408,0.15982997,0.025545621
2541,1,0,0.14653087,-0.07468176,0.0602221711306456,0.086308695,0.007449191
2542,1,0,0.05316019,-0.037428617,-0.0021701177254671,0.05533031,0.003061443
2543,1,0,-0.010394335,0.014347315,0.1543195500335517,0.16471389,0.027130665
2544,1,0,0.14910507,-0.07675862,-0.0322736517606574,0.18137872,0.03289824
2545,1,0,-0.041035414,0.038009644,0.1468887201010669,0.18792413,0.03531548
2546,1,0,0.14152527,-0.070569515,-0.0363663042229571,0.17789157,0.03164541
2547,1,0,-0.04520011,0.041160345,-0.0070815762351372,0.038118534,0.0014530226
2548,1,0,-0.015394926,0.018266916,-0.0241220408071094,0.008727115,7.616253e-05
2549,1,0,-0.032739878,0.03168869,0.1400662481038632,0.17280613,0.029861959
2550,1,0,0.13456726,-0.06469536,0.1359960615975834,0.0014287978,2.0414632e-06
2551,1,0,0.1304152,-0.061103106,0.350567980418607,0.22015277,0.04846724
2552,1,0,0.34935927,-0.11168337,0.3213590971341946,0.028000176,0.00078400987
2553,1,0,0.31955457,-0.12244606,0.3138318286909882,0.0057227314,3.2749653e-05
2554,1,0,0.31187272,-0.12416363,0.2049534748469264,0.106919244,0.011431725
2555,1,0,0.20076394,-0.11321497,0.2318069783966763,0.031043038,0.0009636702
2556,1,0,0.2281661,-0.12473583,0.1389667147131965,0.089199394,0.007956532
2557,1,0,0.13344455,-0.063730955,0.1809041688042652,0.047459617,0.0022524153
2558,1,0,0.1762259,-0.09713507,0.2709954478609284,0.09476954,0.008981265
2559,1,0,0.26815844,-0.12961149,0.2909753501599885,0.022816926,0.0005206121
2560,1,0,0.28854847,-0.12798166,0.2486453685320637,0.039903104,0.0015922578
2561,1,0,0.24534988,-0.12954283,0.2785686771424025,0.0332188,0.0011034887
2562,1,0,0.27588677,-0.1291821,0.2524624381944562,0.023424327,0.0005486991
2563,1,0,0.24924517,-0.12969542,0.3580711842545048,0.10882601,0.011843101
2564,1,0,0.35701466,-0.10836601,0.4053834802363987,0.04836881,0.002339542
2565,1,0,0.4052806,-0.082228184,0.4748007022874856,0.069520116,0.0048330463
2566,1,0,0.47606063,-0.027440548,0.602956237917994,0.1268956,0.016102495
2567,1,0,0.60655975,0.12561917,0.7044276060810377,0.09786785,0.009578115
2568,1,0,0.709656,0.29492474,0.7054882988210012,0.004167676,1.7369523e-05
2569,1,0,0.71073127,0.29691768,0.6447265240083477,0.06600475,0.0043566274
2570,1,0,0.6490269,0.19015718,0.3951906686592945,0.2538362,0.06443282
2571,1,0,0.39488363,-0.088623285,0.4883954512320172,0.09351182,0.0087444605
2572,1,0,0.48991632,-0.014406443,0.5587526236240352,0.06883627,0.0047384324
2573,1,0,0.56157875,0.06517911,0.7091418960343701,0.14756316,0.021774886
2574,1,0,0.7144389,0.3038242,0.7399996762172578,0.025560737,0.00065335125
2575,1,0,0.74573565,0.3619027,0.888985406808096,0.14324975,0.020520492
2576,1,0,0.8964312,0.5517585,1.0023947334613037,0.10596347,0.011228257
2577,1,0,1.010602,0.6646812,1.042042168497407,0.03144014,0.0009884824
2578,1,0,1.0496309,0.7005234,0.9075054068595808,0.14212549,0.020199655
2579,1,0,0.9151099,0.5756967,0.9928316301693534,0.077721775,0.006040674
2580,1,0,1.0009954,0.6560931,0.9198959094667524,0.08109951,0.0065771304
2581,1,0,0.9275999,0.5875206,0.899697593669575,0.027902305,0.00077853864
2582,1,0,0.90723634,0.5666795,1.0710811215120537,0.16384482,0.026845125
2583,1,0,1.0767839,0.7270224,1.0677414055142789,0.009042501,8.176683e-05
2584,1,0,1.0736618,0.72396517,1.054271994677189,0.019389868,0.00037596698
2585,1,0,1.0610671,0.7116587,1.2078809453252748,0.14681387,0.021554312
2586,1,0,1.21298,0.8546152,1.1238736751257696,0.08910632,0.007939937
2587,1,0,1.1286583,0.7757256,1.2126461423731918,0.08398783,0.007053956
2588,1,0,1.2177694,0.8591404,1.3603582220158583,0.14258885,0.020331582
2589,1,0,1.3664916,1.0020406,1.4613195406037236,0.09482801,0.008992352
2590,1,0,1.4683824,1.1025496,1.4585921803960749,0.009790182,9.584767e-05
2591,1,0,1.4656277,1.0998039,1.44472912085507,0.02089858,0.00043675068
2592,1,0,1.4516292,1.0858798,1.4369908976491057,0.014638305,0.00021427996
2593,1,0,1.4438157,1.078125,1.3889741041115369,0.054841638,0.0030076052
2594,1,0,1.3953543,1.0302997,1.3047000952519556,0.090654135,0.008218172
2595,1,0,1.3103962,0.94760513,1.224664933368087,0.08573127,0.00734985
2596,1,0,1.2298503,0.87057734,1.1421453141706888,0.087705016,0.00769217
2597,1,0,1.1469805,0.7927401,1.1108641046490813,0.03611636,0.0013043915
2598,1,0,1.1156192,0.7636616,1.217551177214856,0.10193205,0.010390143
2599,1,0,1.2226989,0.86380434,1.3519376893585706,0.12923872,0.016702648
2600,1,0,1.358001,0.99376106,1.4069549811648971,0.04895401,0.002396495
2601,1,0,1.4134974,1.0481491,1.4518616007388665,0.038364172,0.0014718097
2602,1,0,1.4588318,1.0930398,1.6513886625210925,0.19255686,0.037078142
2603,1,0,1.6604881,1.2976186,1.6583477470204948,0.0021404028,4.581324e-06
2604,1,0,1.6675248,1.304898,1.608393953398497,0.059130907,0.003496464
2605,1,0,1.6170154,1.2528524,1.554750525334931,0.0622648,0.0038769054
2606,1,0,1.5627856,1.1975143,1.4941384173554773,0.068647265,0.004712447
2607,1,0,1.5015326,1.1356969,1.4505302382058356,0.051002264,0.002601231
2608,1,0,1.4574871,1.091702,1.5396350208073426,0.082147956,0.0067482865
2609,1,0,1.5475073,1.1820269,1.4574588958467598,0.09004843,0.00810872
2610,1,0,1.4644833,1.0986645,1.4570496393674914,0.007433653,5.5259196e-05
2611,1,0,1.4640703,1.098254,1.5486223805617425,0.08455205,0.007149049
2612,1,0,1.556591,1.19123,1.5190590045585275,0.037531972,0.0014086489
2613,1,0,1.5267124,1.1610203,1.5332127098836683,0.006500244,4.2253174e-05
2614,1,0,1.541017,1.175461,1.6208257455347277,0.07980871,0.0063694306
2615,1,0,1.6295853,1.2657592,1.657741127215688,0.028155804,0.0007927493
2616,1,0,1.6669116,1.3042629,1.5505298519545172,0.116381764,0.013544715
2617,1,0,1.5585189,1.1931846,1.8222517675076435,0.2637329,0.069555044
2618,1,0,1.8332148,1.4789491,1.5782966420027713,0.2549181,0.064983234
2619,1,0,1.5865865,1.2217321,1.5474285771364191,0.039157867,0.0015333386
2620,1,0,1.5553842,1.1900065,1.5186533726332967,0.036730766,0.0013491492
2621,1,0,1.5263033,1.160608,1.4673739719409276,0.058929324,0.0034726653
2622,1,0,1.4744973,1.1086473,1.5029376284545672,0.028440356,0.0008088539
2623,1,0,1.5104241,1.1446247,1.5261054742789066,0.015681386,0.00024590586
2624,1,0,1.533834,1.1682055,1.6213084832968456,0.087474465,0.007651782
2625,1,0,1.6300726,1.2662604,1.6497804239037328,0.019707799,0.00038839734
2626,1,0,1.6588616,1.2959361,1.7162427587207092,0.057381153,0.0032925967
2627,1,0,1.7260633,1.3658168,1.580927641266579,0.14513564,0.021064354
2628,1,0,1.5892467,1.2244463,1.6573190157881643,0.06807232,0.0046338406
2629,1,0,1.6664848,1.3038208,1.5624359213024035,0.10404897,0.010826187
2630,1,0,1.5705533,1.2054069,1.6273265202008544,0.056773186,0.0032231945
2631,1,0,1.6361575,1.2725191,1.6806167480895753,0.044459224,0.0019766225
2632,1,0,1.690042,1.3282547,1.5509885652438746,0.13905346,0.019335866
2633,1,0,1.5589828,1.1936553,1.5095421437218248,0.04944074,0.002444387
2634,1,0,1.517096,1.1513348,1.432727028543375,0.08436906,0.007118139
2635,1,0,1.4395113,1.0738587,1.5878172474809218,0.1483059,0.021994637
2636,1,0,1.5962119,1.2315571,1.695969561153953,0.09975767,0.009951593
2637,1,0,1.705565,1.3444123,1.6347592589117768,0.07080567,0.0050134426
2638,1,0,1.6436739,1.2802608,1.732632863537232,0.08895898,0.0079137
2639,1,0,1.7426333,1.3831758,1.7059076401242934,0.03672576,0.0013487814
2640,1,0,1.7156134,1.3548958,1.8042815184526704,0.08866811,0.007862033
2641,1,0,1.8150554,1.4596319,1.5447777262653015,0.27027762,0.07304999
2642,1,0,1.5527048,1.1872911,1.4916935566770797,0.061011195,0.003722366
2643,1,0,1.499063,1.1332214,1.5394098174388984,0.04034686,0.0016278692
2644,1,0,1.5472798,1.1817963,1.5297284793865242,0.017551303,0.00030804824
2645,1,0,1.5374956,1.1719029,1.5246686119967472,0.012827039,0.00016453292
2646,1,0,1.5323825,1.1667397,1.4997647597549268,0.03261769,0.0010639136
2647,1,0,1.5072174,1.1414034,1.517801717988648,0.010584354,0.00011202856
2648,1,0,1.5254421,1.1597407,1.6133011872367151,0.087859035,0.00771921
2649,1,0,1.6219769,1.2579424,1.7710108593899432,0.14903402,0.02221114
2650,1,0,1.7814302,1.424016,1.771336531084461,0.010093689,0.00010188256
2651,1,0,1.7817593,1.4243641,1.6908681768837766,0.09089112,0.008261196
2652,1,0,1.7004075,1.3390384,1.5621697059468764,0.13823783,0.019109698
2653,1,0,1.5702848,1.2051327,1.5983182875504585,0.028033495,0.0007858768
2654,1,0,1.6068282,1.242414,1.5528644562421197,0.05396378,0.0029120897
2655,1,0,1.5608788,1.195579,1.5255768361939608,0.035301924,0.0012462258
2656,1,0,1.5332985,1.1676652,1.404966589477668,0.1283319,0.016469076
2657,1,0,1.4114909,1.0461724,1.6148253235397392,0.20333445,0.0413449
2658,1,0,1.6235185,1.2595251,1.5889756084042808,0.0345428,0.001193205
2659,1,0,1.597383,1.232753,1.6500981868966718,0.052715182,0.0027788905
2660,1,0,1.659183,1.2962687,1.7235242180414283,0.06434119,0.0041397884
2661,1,0,1.7334247,1.3735237,1.7634131671182334,0.029988527,0.0008993118
2662,1,0,1.7737498,1.4159102,1.7411921208138987,0.032557726,0.0010600055
2663,1,0,1.751287,1.392261,1.7377062894954434,0.01358068,0.00018443487
2664,1,0,1.7477636,1.3885593,1.7266225558402897,0.021141052,0.0004469441
2665,1,0,1.736558,1.3768048,1.642679487058834,0.09387851,0.008813174
2666,1,0,1.6516814,1.2885213,1.6083040509259408,0.0433774,0.0018815987
2667,1,0,1.6169248,1.252759,1.7414764228193094,0.124551654,0.015513115
2668,1,0,1.7515745,1.3925629,1.8586799501914932,0.107105374,0.011471561
2669,1,0,1.8700132,1.5182743,1.960621404328346,0.09060812,0.008209831
2670,1,0,1.9728994,1.6294599,1.9222676516230632,0.05063176,0.0025635753
2671,1,0,1.9342084,1.5874381,2.021091731692161,0.08688331,0.007548709
2672,1,0,2.0338445,1.6961508,2.004825281293653,0.029019117,0.00084210915
2673,1,0,2.017458,1.6781592,1.894746734273038,0.12271118,0.015058034
2674,1,0,1.9064312,1.557425,1.8420954691318232,0.064335704,0.004139083
2675,1,0,1.853261,1.5003438,1.96751713201626,0.11425614,0.013054467
2676,1,0,1.9798527,1.6370378,1.9172517732292609,0.06260085,0.0039188666
2677,1,0,1.9291468,1.5819592,1.8931454238807208,0.036001325,0.0012960954
2678,1,0,1.9048147,1.5556822,1.8869291367927248,0.017885566,0.00031989347
2679,1,0,1.8985391,1.5489211,2.0810332143450645,0.18249416,0.03330412
2680,1,0,2.09418,1.7627549,2.020522752924611,0.073657274,0.005425394
2681,1,0,2.0332718,1.6955204,2.0808274750221245,0.047555685,0.0022615432
2682,1,0,2.0939727,1.7625256,2.0793040327140786,0.014668703,0.00021517085
2683,1,0,2.092441,1.7608275,2.1989659768440872,0.106524944,0.011347564
2684,1,0,2.212607,1.8950887,2.126633041542783,0.08597398,0.007391525
2685,1,0,2.140018,1.8137321,1.9324114481111516,0.20760655,0.04310048
2686,1,0,1.9444442,1.5985298,1.9100038192562847,0.0344404,0.001186141
2687,1,0,1.9218321,1.5740495,1.9407815125318664,0.01894939,0.00035907936
2688,1,0,1.952888,1.6076946,1.912373240682649,0.040514827,0.0016414511
2689,1,0,1.9242234,1.5766339,1.9050145864124215,0.019208789,0.00036897758
2690,1,0,1.9167962,1.5686083,2.05342528445173,0.1366291,0.018667512
2691,1,0,2.0664015,1.7320204,2.082585548396898,0.016184092,0.0002619248
2692,1,0,2.0957413,1.7644858,2.16513632017968,0.069395065,0.0048156753
2693,1,0,2.178678,1.8569646,2.2405160661108154,0.06183791,0.0038239274
2694,1,0,2.2542295,1.9420724,2.3448663809478005,0.09063673,0.008215017
2695,1,0,2.3584867,2.0607595,2.3139240443204048,0.04456258,0.0019858233
2696,1,0,2.3276157,2.0254717,2.167968542268421,0.15964723,0.025487237
2697,1,0,2.1815195,1.8601532,2.2558074292677293,0.07428789,0.0055186907
2698,1,0,2.2695336,1.9594064,2.3460794466979364,0.076545715,0.0058592465
2699,1,0,2.3596954,2.0621438,2.355327908916346,0.00436759,1.9075842e-05
2700,1,0,2.368915,2.0727048,2.300866068456966,0.068048954,0.00463066
2701,1,0,2.3145766,2.010603,2.3264434642822667,0.011866808,0.00014082112
2702,1,0,2.3401103,2.039741,2.2993844604412845,0.040725946,0.0016586027
2703,1,0,2.313096,2.0089173,2.220437120204019,0.092659,0.00858569
2704,1,0,2.2341237,1.9193468,2.2454505853127054,0.01132679,0.00012829617
2705,1,0,2.2591686,1.9476628,2.5502435238574197,0.291075,0.08472465
2706,1,0,2.5637546,2.2963905,2.411156975268923,0.15259767,0.023286048
2707,1,0,2.4244905,2.1365814,2.3988342515592627,0.025656223,0.0006582418
2708,1,0,2.4122353,2.122467,2.501572688185998,0.08933735,0.007981162
2709,1,0,2.5149565,2.240385,2.595967545317054,0.08101106,0.0065627913
2710,1,0,2.6094832,2.3490558,2.536964722575705,0.07251859,0.0052589453
2711,1,0,2.5504532,2.281105,2.394072862844886,0.15638041,0.024454834
2712,1,0,2.407498,2.117014,2.432707753721529,0.025209904,0.00063553924
2713,1,0,2.4459057,2.1612887,2.4376306446668177,0.008275032,6.8476154e-05
2714,1,0,2.4507947,2.1669354,2.308194429469052,0.1426003,0.020334845
2715,1,0,2.3218946,2.0189466,2.270732392883112,0.051162243,0.002617575
2716,1,0,2.2844605,1.9763446,2.175579999134288,0.10888052,0.011854968
2717,1,0,2.189156,1.868722,2.1980391038549185,0.008882999,7.890768e-05
2718,1,0,2.2116785,1.8940411,2.252090664637929,0.040412188,0.0016331449
2719,1,0,2.2658134,1.9551916,2.3774535980632767,0.111640215,0.012463538
2720,1,0,2.3909564,2.0979972,2.413032026703722,0.022075653,0.00048733444
2721,1,0,2.426354,2.1387305,2.5276545253035603,0.10130048,0.010261787
2722,1,0,2.541122,2.2703905,2.71234710622828,0.17122507,0.029318025
2723,1,0,2.7253299,2.4831324,2.8071985250846683,0.08186865,0.0067024757
2724,1,0,2.819118,2.5922084,2.861427685815701,0.04230976,0.0017901158
2725,1,0,2.8724651,2.6543865,3.0170878807608488,0.1446228,0.020915754
2726,1,0,3.0243907,2.831633,2.9725043437733354,0.05188632,0.0026921902
2727,1,0,2.9810662,2.7810965,2.979570715512739,0.0014955997,2.2368185e-06
2728,1,0,2.9879441,2.7891192,3.0915399961180685,0.10359597,0.0107321255
2729,1,0,3.096383,2.9155145,3.1126813780538902,0.016298294,0.0002656344
2730,1,0,3.1167407,2.9392009,3.1929415404303154,0.07620072,0.0058065504
2731,1,0,3.1936803,3.028514,3.1210949362806493,0.072585344,0.0052686324
2732,1,0,3.124833,2.9486089,2.959968880945769,0.1648643,0.027180238
2733,1,0,2.9688573,2.76685,2.883244186844286,0.08561301,0.007329588
2734,1,0,2.8938675,2.6793518,2.748225162849697,0.14564228,0.021211674
2735,1,0,2.7608752,2.524427,2.802852903888382,0.041977644,0.0017621226
2736,1,0,2.814835,2.5872188,2.952876238511505,0.13804126,0.019055389
2737,1,0,2.9619431,2.7587814,2.9597167834437896,0.0022263527,4.956646e-06
2738,1,0,2.9686112,2.766562,2.9233307786606235,0.045280457,0.0020503197
2739,1,0,2.933103,2.7251267,3.1059653056602072,0.17286229,0.029881371
2740,1,0,3.1102777,2.9316826,2.96739575713871,0.14288187,0.02041523
2741,1,0,2.9760919,2.775289,2.977876386942844,0.0017845631,3.1846653e-06
2742,1,0,2.9862952,2.7871976,2.9552593553811213,0.0310359,0.0009632271
2743,1,0,2.9642668,2.7614918,2.953940296051821,0.0103263855,0.00010663424
2744,1,0,2.9629807,2.7599926,3.0215162829460858,0.058535576,0.0034264138
2745,1,0,3.028686,2.8366404,2.914289290456828,0.11439681,0.01308663
2746,1,0,2.9242635,2.7148142,2.8968887400919283,0.027374744,0.00074937666
2747,1,0,2.907236,2.694944,3.0427044254567304,0.13546824,0.018351646
2748,1,0,3.049212,2.8605714,3.125476446424153,0.07626438,0.0058162557
2749,1,0,3.129044,2.953504,3.1553994077140497,0.026355267,0.00069460005
2750,1,0,3.157762,2.9868631,3.244112853735733,0.08635092,0.007456481
2751,1,0,3.242436,3.0849051,3.2430197068467925,0.0005838871,3.4092415e-07
2752,1,0,3.2413974,3.0837026,3.174473598275553,0.06692386,0.0044788024
2753,1,0,3.1760263,3.0080543,3.2593949941957354,0.08336854,0.006950313
2754,1,0,3.25695,3.1016521,3.275384132877065,0.018434286,0.0003398229
2755,1,0,3.2721138,3.1191273,3.3241560402754105,0.052042246,0.0027083952
2756,1,0,3.3182178,3.1721191,3.330768093132705,0.012550354,0.00015751139
2757,1,0,3.324451,3.179265,3.200841916277262,0.123609066,0.015279201
2758,1,0,3.2012239,3.03725,3.098709410294908,0.102514505,0.010509224
2759,1,0,3.103291,2.9235535,3.107255024454687,0.0039639473,1.5712878e-05
2760,1,0,3.1115193,2.9331274,3.066806966459048,0.044712305,0.0019991903
2761,1,0,3.0725174,2.8877254,3.0090118106111023,0.06350565,0.0040329676
2762,1,0,3.0165548,2.8224926,2.9021753431248007,0.114379406,0.013082649
2763,1,0,2.9124117,2.7009835,2.590906169736955,0.32150555,0.103365816
2764,1,0,2.6044269,2.343223,2.7028426865272226,0.09841585,0.00968568
2765,1,0,2.7159,2.4721866,2.638915539435979,0.076984406,0.005926599
2766,1,0,2.6523285,2.398541,2.5991156954284063,0.05321288,0.0028316106
2767,1,0,2.612627,2.3526826,2.497159693546038,0.11546731,0.013332699
2768,1,0,2.5105252,2.23531,2.5411671069121726,0.030641794,0.00093891955
2769,1,0,2.5546637,2.285942,2.6042406168124645,0.049576998,0.0024578788
2770,1,0,2.617745,2.3585868,2.680080471474436,0.06233549,0.0038857134
2771,1,0,2.693293,2.44597,2.6349595597955,0.058333635,0.003402813
2772,1,0,2.6483865,2.3939824,2.7410790369080096,0.09269261,0.008591921
2773,1,0,2.7538023,2.5162048,2.848138193217268,0.094335794,0.008899242
2774,1,0,2.8594108,2.6391654,2.975542475568863,0.11613178,0.013486591
2775,1,0,2.9840245,2.7845454,2.909653465261926,0.0743711,0.0055310605
2776,1,0,2.9197292,2.7095232,2.958275793277632,0.038546562,0.0014858375
2777,1,0,2.9672074,2.764924,2.9734857633816936,0.0062782764,3.9416755e-05
2778,1,0,2.9820218,2.7822099,3.046394675613028,0.06437278,0.0041438546
2779,1,0,3.0527835,2.8647337,3.0379261847829766,0.014857292,0.00022073914
2780,1,0,3.0445871,2.8551798,3.075174951497107,0.030587912,0.00093562034
2781,1,0,3.0805984,2.8971367,3.065139449117776,0.015458822,0.00023897519
2782,1,0,3.0709066,2.885849,3.153474265310751,0.08256769,0.0068174237
2783,1,0,3.1559172,2.9847217,3.1551601221846237,0.000756979,5.730172e-07
2784,1,0,3.1575322,2.986598,3.1864079020892624,0.02887559,0.00083379966
2785,1,0,3.187438,3.0212822,3.2196719125146687,0.032233953,0.0010390277
2786,1,0,3.2191787,3.0580277,3.23685204860062,0.017673254,0.0003123439
2787,1,0,3.2355328,3.0769315,3.267461663585677,0.031929016,0.001019462
2788,1,0,3.264604,3.1104736,3.2551999490404984,0.009404182,8.8438646e-05
2789,1,0,3.2529678,3.0970583,3.186136831916144,0.06683111,0.0044663977
2790,1,0,3.187179,3.0209813,3.182481346903131,0.0046977997,2.2069322e-05
2791,1,0,3.1836858,3.016933,3.226769427021288,0.043083668,0.0018562024
2792,1,0,3.2259383,3.0658445,3.3210205198850047,0.09508228,0.009040641
2793,1,0,3.3152614,3.1687264,3.502187931571958,0.1869266,0.034941554
2794,1,0,3.4889274,3.3610282,3.3939807240960493,0.09494662,0.009014861
2795,1,0,3.3838272,3.2471046,3.526795873413089,0.14296865,0.020440036
2796,1,0,3.5147252,3.386516,3.3818545980086845,0.13287067,0.017654616
2797,1,0,3.3724675,3.2341614,3.4123263277821443,0.039858818,0.0015887254
2798,1,0,3.4009867,3.266622,3.3582175226955395,0.042769194,0.0018292039
2799,1,0,3.3502817,3.2088313,3.553796409380126,0.20351458,0.041418184
2800,1,0,3.542931,3.414289,3.625086876095002,0.082155704,0.0067495597
2801,1,0,3.6168947,3.486617,3.621411375488565,0.0045166016,2.039969e-05
2802,1,0,3.6131,3.4829264,3.5119044337172194,0.101195574,0.010240545
2803,1,0,3.499124,3.3711119,3.557475824240896,0.058351755,0.0034049274
2804,1,0,3.5467658,3.4180589,3.6688384972749417,0.1220727,0.014901743
2805,1,0,3.6619163,3.53025,3.8190687523559688,0.15715241,0.024696881
2806,1,0,3.8142915,3.6753182,3.89072366576684,0.07643223,0.0058418857
2807,1,0,3.8857307,3.7417307,4.016311623112344,0.1305809,0.017051373
2808,1,0,4.0089526,3.8534288,3.8538765176934375,0.15507603,0.024048574
2809,1,0,3.8490963,3.7078147,3.754220188750184,0.09487605,0.009001465
2810,1,0,3.7489424,3.6136346,3.743505029433194,0.005437374,2.9565037e-05
2811,1,0,3.7380824,3.6033034,3.733934616587876,0.004147768,1.720398e-05
2812,1,0,3.7283678,3.5940409,3.779016395015558,0.05064869,0.0025652896
2813,1,0,3.7740073,3.6373925,3.835691354913361,0.06168413,0.003804932
2814,1,0,3.8309364,3.6908932,3.745176757951739,0.08575964,0.007354716
2815,1,0,3.739778,3.604917,3.890251240124016,0.15047312,0.02264216
2816,1,0,3.885262,3.7413,3.8872025065284777,0.0019404888,3.7654968e-06
2817,1,0,3.8822389,3.7385106,3.9654523184849135,0.08321357,0.006924498
2818,1,0,3.9593592,3.808936,4.14823272508729,0.18887377,0.0356733
2819,1,0,4.1356,3.9997792,4.081323654504951,0.054276466,0.002945935
2820,1,0,4.0717273,3.9230185,3.95388522420874,0.11784196,0.013886727
2821,1,0,3.948022,3.7986755,4.040053983902924,0.092031956,0.008469881
2822,1,0,4.031959,3.875227,4.022193323426727,0.009765625,9.536743e-05
2823,1,0,4.014661,3.8585072,3.9453081668123207,0.06935263,0.004809787
2824,1,0,3.9396005,3.7910314,3.863882172638295,0.0757184,0.0057332767
2825,1,0,3.8590655,3.717074,3.943566788104068,0.08450127,0.007140464
2826,1,0,3.93789,3.7894783,4.020233754644966,0.08234358,0.0067804647
2827,1,0,4.01276,3.8568163,3.9858202646058687,0.026939869,0.0007257565
2828,1,0,3.979271,3.8268785,4.038253900538582,0.05898285,0.0034789764
2829,1,0,4.0302176,3.873135,4.13224817164704,0.102030754,0.010410274
2830,1,0,4.120408,3.9815297,4.1037138512204425,0.016694069,0.00027869194
2831,1,0,4.0931845,3.948812,4.168362722277324,0.07517815,0.005651754
2832,1,0,4.1546693,4.022673,4.147619240867906,0.0070500374,4.9703027e-05
2833,1,0,4.1350183,3.9990797,4.171650925591779,0.036632538,0.0013419428
2834,1,0,4.157778,4.0264044,4.228302100192417,0.070524216,0.004973665
2835,1,0,4.2110457,4.0902205,4.221065768568385,0.010020256,0.00010040553
2836,1,0,4.2042723,4.0821195,4.255236055275095,0.05096388,0.0025973169
2837,1,0,4.2361803,4.1202445,4.279772569156156,0.043592453,0.001900302
2838,1,0,4.2589693,4.1474,4.121715312111986,0.13725376,0.018838596
2839,1,0,4.1103754,3.9694734,4.017703688241781,0.09267187,0.008588076
2840,1,0,4.010304,3.8546324,3.986353554247209,0.023950338,0.0005736187
2841,1,0,3.9797916,3.8273482,3.981731800686711,0.0019402504,3.7645716e-06
2842,1,0,3.9752803,3.8232899,3.947054267972125,0.028225899,0.00079670135
2843,1,0,3.9413161,3.7925906,4.0613056089540205,0.119989395,0.014397455
2844,1,0,4.052472,3.899877,3.951826580255868,0.10064554,0.010129525
2845,1,0,3.946001,3.7968445,3.851409040818051,0.094592094,0.008947664
2846,1,0,3.8466349,3.7055264,4.027654767072789,0.18101978,0.03276816
2847,1,0,4.019956,3.8632112,3.945108904970149,0.07484722,0.0056021065
2848,1,0,3.939405,3.7908545,3.9488948920529783,0.009490013,9.006035e-05
2849,1,0,3.9431233,3.794232,3.939230806258544,0.0038924217,1.5150947e-05
2850,1,0,3.9336262,3.7856007,3.8973840259341954,0.036242247,0.0013135005
2851,1,0,3.8923297,3.7478065,3.766654281625408,0.12567544,0.015794316
2852,1,0,3.7615232,3.625577,3.887076777390735,0.12555361,0.01576371
2853,1,0,3.8821135,3.7383971,3.840683741414672,0.041429758,0.0017164248
2854,1,0,3.835927,3.695551,3.88792822516614,0.052001238,0.0027041289
2855,1,0,3.8829584,3.7391753,3.777246775831903,0.1057117,0.011174963
2856,1,0,3.772222,3.6357045,3.815289558520095,0.043067455,0.0018548057
2857,1,0,3.810502,3.6717658,4.005044393305475,0.19454241,0.037846748
2858,1,0,3.9980025,3.8436618,4.041170956164658,0.043168545,0.0018635233
2859,1,0,4.033038,3.8765244,3.9568597119831934,0.07617831,0.005803135
2860,1,0,3.9509392,3.8013186,4.149439629781348,0.19850063,0.0394025
2861,1,0,4.136745,4.001154,4.0787262002693065,0.058018684,0.0033661677
2862,1,0,4.069233,3.920021,3.86250498868592,0.20672798,0.04273646
2863,1,0,3.8576946,3.7158017,4.0762849458739225,0.21859026,0.047781702
2864,1,0,4.0668874,3.9172015,3.9691142840769422,0.097773075,0.009559575
2865,1,0,3.9629455,3.8121753,3.9149387932822735,0.048006773,0.0023046501
2866,1,0,3.9096875,3.7637415,3.835524845413508,0.07416272,0.0055001094
2867,1,0,3.8307695,3.6907363,3.899766574697471,0.068997145,0.0047606057
2868,1,0,3.8946886,3.7499752,3.930263028371599,0.035574436,0.0012655405
2869,1,0,3.9248,3.7775574,3.864084054777228,0.060715914,0.0036864222
2870,1,0,3.8592658,3.71726,3.8566519447779375,0.0026137829,6.831861e-06
2871,1,0,3.8518634,3.7103868,3.831028564122007,0.020834923,0.00043409402
2872,1,0,3.8262715,3.6865325,3.8503256676038906,0.02405405,0.00057859736
2873,1,0,3.8455544,3.7045197,3.792224225999524,0.053330183,0.0028441085
2874,1,0,3.7873192,3.649962,3.962172272926228,0.17485309,0.030573603
2875,1,0,3.9561472,3.8060336,3.9753109359938974,0.019163847,0.00036725303
2876,1,0,3.9690065,3.8176422,3.842681291005264,0.12632513,0.01595804
2877,1,0,3.8379226,3.69741,3.968034227608455,0.1301117,0.016929053
2878,1,0,3.9618874,3.8112206,4.039245825683304,0.077358246,0.0059842984
2879,1,0,4.0311775,3.8742886,4.091844397378724,0.060667038,0.0036804895
2880,1,0,4.08182,3.9351516,3.8760270114937785,0.2057929,0.04235072
2881,1,0,3.8711452,3.728263,3.7505579507231466,0.12058735,0.014541308
2882,1,0,3.745233,3.6101084,3.6478457821626686,0.097387314,0.009484289
2883,1,0,3.640349,3.5093894,3.583668349175253,0.05668068,0.0032126994
2884,1,0,3.5740137,3.444777,3.7934422632405513,0.21942854,0.048148885
2885,1,0,3.7885456,3.6511173,3.7937586363590663,0.005213022,2.7175602e-05
2886,1,0,3.7888646,3.6514196,3.834857823537783,0.045993328,0.0021153863
2887,1,0,3.8301024,3.6901145,3.9419318614624728,0.11182952,0.012505841
2888,1,0,3.9362826,3.7880154,3.9557610342482823,0.019478321,0.00037940498
2889,1,0,3.949862,3.800343,4.162634468140704,0.21277237,0.045272082
2890,1,0,4.1492496,4.016167,4.092865339900245,0.056384087,0.0031791653
2891,1,0,4.0827985,3.936328,3.9732423638189336,0.1095562,0.01200256
2892,1,0,3.9669828,3.8158188,4.190123128751951,0.22314024,0.049791567
2893,1,0,4.1752067,4.047309,4.144740714501323,0.03046608,0.00092818204
2894,1,0,4.132285,3.9957962,4.2683532174011205,0.13606787,0.018514464
2895,1,0,4.2483754,4.1347876,4.364623526630151,0.11624813,0.013513627
2896,1,0,4.3369827,4.239738,4.5828157393208855,0.24583292,0.060433824
2897,1,0,4.5309734,4.463421,4.547927635843807,0.016954422,0.00028745242
2898,1,0,4.501258,4.429189,4.600149076313118,0.09889126,0.009779481
2899,1,0,4.5456433,4.480185,4.499319663402595,0.046323776,0.0021458922
2900,1,0,4.458266,4.3804564,4.475094045321876,0.01682806,0.00028318362
2901,1,0,4.4366865,4.3557386,4.527053943428328,0.09036732,0.008166252
2902,1,0,4.4828467,4.408406,4.646735498710015,0.16388893,0.026859581
2903,1,0,4.584792,4.524409,4.453734549165038,0.13105774,0.01717613
2904,1,0,4.4175735,4.3337216,4.361912514462862,0.055660725,0.0030981163
2905,1,0,4.33451,4.2368274,4.159476074604543,0.17503357,0.03063675
2906,1,0,4.146259,4.0125775,4.223306523719803,0.077047825,0.0059363674
2907,1,0,4.2063713,4.08463,4.252930677033477,0.046559334,0.0021677716
2908,1,0,4.234034,4.117682,4.2912315187092265,0.05719757,0.003271562
2909,1,0,4.2695775,4.160017,4.361211427349291,0.0916338,0.008396753
2910,1,0,4.33387,4.2360754,4.27012040975856,0.06374931,0.004063975
2911,1,0,4.2500167,4.136741,4.106525169215507,0.14349174,0.02058988
2912,1,0,4.095873,3.9520445,4.097116058059729,0.0012431145,1.5453336e-06
2913,1,0,4.08687,3.9412227,4.2128501214317495,0.1259799,0.015870936
2914,1,0,4.19657,4.0729017,4.197315065604894,0.0007452965,5.5546684e-07
2915,1,0,4.1819773,4.0554223,4.202162900830318,0.02018547,0.00040745322
2916,1,0,4.1865344,4.0608845,4.201543329417953,0.015008926,0.00022526787
2917,1,0,4.1859527,4.0601864,4.308223350648296,0.122270584,0.014950096
2918,1,0,4.285266,4.1786423,4.499246172245181,0.2139802,0.045787524
2919,1,0,4.4582005,4.380381,4.54638785131564,0.08818722,0.0077769854
2920,1,0,4.4999027,4.427663,4.5100735506354415,0.010170937,0.00010344795
2921,1,0,4.467813,4.3913364,4.4352313121492735,0.032581806,0.0010615741
2922,1,0,4.4009523,4.3144813,4.515720498348166,0.11476803,0.013171701
2923,1,0,4.472818,4.39703,4.771726060096407,0.29890823,0.08934613
2924,1,0,4.6878214,4.6365905,4.810505240667821,0.122684,0.015051364
2925,1,0,4.7191954,4.669327,4.894155721617784,0.17496014,0.03061105
2926,1,0,4.785918,4.7363296,4.928635705184126,0.14271736,0.020368244
2927,1,0,4.8130436,4.7624454,4.972307996701048,0.15926456,0.025365202
2928,1,0,4.8470845,4.794208,5.144222795088972,0.2971382,0.088291116
2929,1,0,4.9776883,4.9041586,5.03620150486211,0.058513165,0.0034237904
2930,1,0,4.8962555,4.8379445,4.88968724705768,0.006568432,4.3144297e-05
2931,1,0,4.7823863,4.7328796,4.877288094232805,0.09490156,0.0090063065
2932,1,0,4.7725687,4.7232313,4.862320995580184,0.0897522,0.008055457
2933,1,0,4.760679,4.7114286,4.871567518370469,0.11088896,0.012296361
2934,1,0,4.7680287,4.718738,4.6332787228378205,0.13474989,0.018157532
2935,1,0,4.5735254,4.511761,4.668480498099703,0.09495497,0.009016446
2936,1,0,4.602927,4.5446215,4.632248039734982,0.029320717,0.00085970445
2937,1,0,4.572661,4.5107865,4.568010894381176,0.004650116,2.1623579e-05
2938,1,0,4.518399,4.4489727,4.485593787703571,0.032804966,0.0010761658
2939,1,0,4.446051,4.3664856,4.454238532685002,0.008187294,6.703178e-05
2940,1,0,4.4180255,4.334241,4.509823190845314,0.09179783,0.008426841
2941,1,0,4.467591,4.3910866,4.283806999738436,0.18378401,0.033776563
2942,1,0,4.262707,4.1518483,4.19885805250464,0.06384897,0.0040766913
2943,1,0,4.183428,4.057161,4.127280621340427,0.0561471,0.0031524966
2944,1,0,4.115679,3.9758487,4.123066362095573,0.007387638,5.4577198e-05
2945,1,0,4.1116633,3.971023,3.9429342370571807,0.16872907,0.028469497
2946,1,0,3.9372673,3.7889113,3.981484265115909,0.04421687,0.0019551318
2947,1,0,3.975038,3.8230743,4.008598781402041,0.033560753,0.0011263242
2948,1,0,4.001459,3.8467484,3.8673623894794855,0.13409662,0.017981904
2949,1,0,3.8625288,3.7202854,3.915912662880321,0.053383827,0.002849833
2950,1,0,3.9106498,3.7646222,3.870826138014104,0.039823532,0.0015859137
2951,1,0,3.8659744,3.7234788,3.839524855341534,0.02644968,0.0006995856
2952,1,0,3.8347692,3.69447,3.897208566378349,0.062439203,0.0038986541
2953,1,0,3.8921556,3.7476468,3.865661053865082,0.026494503,0.00070195866
2954,1,0,3.860836,3.7187157,3.883279153963237,0.022443056,0.00050369074
2955,1,0,3.878346,3.7349172,3.7630393822985577,0.115306616,0.013295616
2956,1,0,3.7578683,3.6221094,3.892534989177569,0.13466668,0.018135116
2957,1,0,3.887526,3.7433848,3.7938146297583386,0.093711376,0.008781822
2958,1,0,3.7889204,3.651472,3.82412932254241,0.03520894,0.0012396695
2959,1,0,3.8193636,3.6800709,3.924795744979367,0.10543203,0.011115913
2960,1,0,3.919413,3.7726378,4.119694918329502,0.20028162,0.040112726
2961,1,0,4.1084485,3.9671583,4.068832414455537,0.039616108,0.001569436
2962,1,0,4.0597205,3.9085855,3.931048696271629,0.12867188,0.016556453
2963,1,0,3.9255733,3.7782626,4.054420218074656,0.12884665,0.016601458
2964,1,0,4.0458345,3.8918972,4.026335659638644,0.019498825,0.00038020418
2965,1,0,4.018677,3.8620758,4.088918001344768,0.070240974,0.0049337945
2966,1,0,4.079014,3.931779,4.081970213339327,0.0029563904,8.740244e-06
2967,1,0,4.0723486,3.9237652,4.13795871493355,0.06560993,0.0043046633
2968,1,0,4.1258407,3.9880567,4.184205402135307,0.05836487,0.0034064578
2969,1,0,4.16963,4.04062,4.245159163152783,0.0755291,0.0057046446
2970,1,0,4.226791,4.1090384,4.076142529925191,0.1506486,0.022695
2971,1,0,4.06675,3.9170365,4.046153607737542,0.020596504,0.00042421598
2972,1,0,4.037854,3.8823109,4.056280817394814,0.018426418,0.00033953288
2973,1,0,4.047629,3.894055,4.24077437398031,0.19314528,0.037305098
2974,1,0,4.2226996,4.1041527,4.25093223557721,0.028232574,0.00079707825
2975,1,0,4.232172,4.115464,4.357595738175007,0.12542391,0.015731156
2976,1,0,4.3305683,4.2321887,4.412107107077057,0.08153868,0.006648556
2977,1,0,4.3800983,4.29023,4.376509209256163,0.0035891533,1.2882021e-05
2978,1,0,4.347811,4.2524595,4.097484342556262,0.2503271,0.06266366
2979,1,0,4.0872226,3.9416475,3.971853675104341,0.11536884,0.01330997
2980,1,0,3.9656248,3.8145924,3.98827870367217,0.022653818,0.00051319547
2981,1,0,3.9816694,3.8290334,4.045435952539181,0.06376648,0.0040661637
2982,1,0,4.0371604,3.8814778,4.071399384396081,0.034238815,0.0011722965
2983,1,0,4.062189,3.9115548,4.145035138273487,0.082846165,0.006863487
2984,1,0,4.1325636,3.9961333,4.197288855506155,0.0647254,0.004189377
2985,1,0,4.1819525,4.0553927,4.082008334754736,0.099944115,0.009988826
2986,1,0,4.072384,3.9238095,3.974414119613479,0.09796977,0.009598076
2987,1,0,3.9681292,3.816852,3.6907827357572702,0.27734637,0.07692101
2988,1,0,3.6843886,3.5519085,3.679609589959186,0.0047791004,2.28398e-05
2989,1,0,3.672956,3.5408998,3.929835359889173,0.25687933,0.06598699
2990,1,0,3.9243803,3.777172,3.778807678082154,0.14557266,0.0211914
2991,1,0,3.773797,3.6371942,3.8554888732917454,0.08169174,0.006673541
2992,1,0,3.8507032,3.709311,3.83877488880858,0.01192832,0.00014228481
2993,1,0,3.8340187,3.693771,3.90273166570517,0.06871295,0.0047214692
2994,1,0,3.8976226,3.7526731,3.797852915603426,0.09976959,0.009953972
2995,1,0,3.7929845,3.6552997,3.757308921496882,0.035675526,0.0012727431
2996,1,0,3.7520704,3.6166058,3.7316748687919232,0.020395517,0.00041597712
2997,1,0,3.7260718,3.5918512,3.4964325153368248,0.22963929,0.052734204
2998,1,0,3.4828806,3.3550448,3.560465951744559,0.07758546,0.0060195033
2999,1,0,3.5498815,3.4211187,3.6172382957452807,0.067356825,0.0045369416
3000,1,0,3.608789,3.4787283,3.8004634991587385,0.19167447,0.036739103
3001,1,0,3.79561,3.6577716,3.791697880726765,0.003911972,1.5303525e-05
3002,1,0,3.7867894,3.6494622,3.882973475973208,0.096184015,0.0092513645
3003,1,0,3.8780427,3.7346396,4.050913932260761,0.17287111,0.029884422
3004,1,0,4.0424504,3.887835,4.062640997801131,0.020190716,0.000407665
3005,1,0,4.053759,3.901423,4.229849054618551,0.17608976,0.031007605
3006,1,0,4.2124925,4.091953,4.225970910126577,0.013478279,0.00018166401
3007,1,0,4.208864,4.087614,4.258933065882959,0.050068855,0.0025068903
3008,1,0,4.2396207,4.1243496,4.158476968793721,0.081143856,0.0065843253
3009,1,0,4.145313,4.011443,4.18924750755119,0.043934822,0.0019302686
3010,1,0,4.1743813,4.0463176,4.26371207570624,0.08933067,0.0079799695
3011,1,0,4.244065,4.129647,4.188414319728025,0.05565071,0.0030970017
3012,1,0,4.173597,4.0453777,4.397623134446821,0.2240262,0.05018774
3013,1,0,4.366988,4.2749233,4.418169253000794,0.05118084,0.0026194784
3014,1,0,4.385574,4.2966084,4.4877445158107925,0.10217047,0.0104388045
3015,1,0,4.447968,4.368681,4.473528811643877,0.025560856,0.00065335736
3016,1,0,4.435288,4.354132,4.442708735315973,0.0074210167,5.507149e-05
3017,1,0,4.4076777,4.3222733,4.509455405985793,0.10177755,0.010358671
3018,1,0,4.4672647,4.390714,4.431364699205417,0.035900116,0.0012888183
3019,1,0,4.397472,4.310442,4.495788874701809,0.09831715,0.009666261
3020,1,0,4.4551272,4.3768716,4.519954864081313,0.06482744,0.0042025973
3021,1,0,4.4765673,4.4012876,4.453195175587144,0.023372173,0.00054625847
3022,1,0,4.41709,4.3331633,4.511064558362669,0.09397459,0.0088312235
3023,1,0,4.4686923,4.392338,4.477740230458712,0.009047985,8.1866034e-05
3024,1,0,4.4390483,4.3584523,4.595089000135875,0.15604067,0.024348691
3025,1,0,4.5413666,4.4753075,4.535663479086447,0.0057029724,3.2523894e-05
3026,1,0,4.49045,4.4170046,4.57682435988206,0.08637428,0.007460517
3027,1,0,4.525889,4.4575877,4.51965058663898,0.0062384605,3.891839e-05
3028,1,0,4.4762983,4.400981,4.4376141787483085,0.038684368,0.0014964803
3029,1,0,4.4030967,4.316967,4.660315198925094,0.25721836,0.06616128
3030,1,0,4.5961275,4.537065,4.521479941577898,0.07464743,0.0055722385
3031,1,0,4.477917,4.402818,4.451618288772453,0.026299,0.0006916374
3032,1,0,4.4156756,4.331528,4.4651720327303845,0.049496174,0.0024498713
3033,1,0,4.4278183,4.3455367,4.362599743336215,0.06521845,0.004253446
3034,1,0,4.335136,4.2375646,4.480143053069355,0.14500713,0.02102707
3035,1,0,4.441192,4.360914,4.410017170304736,0.031175137,0.0009718891
3036,1,0,4.3782086,4.288025,4.397551431715092,0.0193429,0.00037414776
3037,1,0,4.3669233,4.2748475,4.211511449773225,0.15541172,0.024152802
3038,1,0,4.1953144,4.0714,4.26100835866233,0.065693855,0.0043156827
3039,1,0,4.2415504,4.1266513,4.397404244894995,0.15585375,0.02429039
3040,1,0,4.366789,4.274691,4.469962054268205,0.103173256,0.010644721
3041,1,0,4.4321003,4.350467,4.521739350769076,0.08963919,0.008035184
3042,1,0,4.4781466,4.4030805,4.378741287474188,0.09940529,0.009881412
3043,1,0,4.349843,4.254844,4.2647793837655215,0.08506346,0.007235792
3044,1,0,4.245056,4.130827,4.341026853723832,0.09597063,0.009210362
3045,1,0,4.3154125,4.2143188,4.367556002348259,0.052143574,0.0027189523
3046,1,0,4.339657,4.24288,4.569477962434556,0.2298212,0.052817788
3047,1,0,4.5196466,4.45041,4.566616294450308,0.046969414,0.0022061258
3048,1,0,4.517212,4.447607,4.651521163296,0.13430929,0.018038986
3049,1,0,4.5887904,4.528881,4.636894075957418,0.04810381,0.0023139764
3050,1,0,4.576556,4.5151696,4.449512648144351,0.12704372,0.016140107
3051,1,0,4.413787,4.329345,4.441391270904271,0.02760458,0.00076201285
3052,1,0,4.4064927,4.320903,4.377277097098961,0.029215813,0.0008535637
3053,1,0,4.3485107,4.2532806,4.291713759087752,0.056797028,0.0032259023
3054,1,0,4.2700233,4.160546,4.038651526411012,0.23137188,0.053532947
3055,1,0,4.030603,3.873598,3.86848721358368,0.16211581,0.026281537
3056,1,0,3.8636484,3.721324,3.9984060413990954,0.13475752,0.018159589
3057,1,0,3.9915419,3.837883,4.0244597698809965,0.032917976,0.0010835931
3058,1,0,4.016858,3.8604612,4.040890264355491,0.024032116,0.0005775426
3059,1,0,4.032767,3.8761988,4.09106890225029,0.058301926,0.0033991146
3060,1,0,4.081077,3.934259,3.9212118692526414,0.15986514,0.025556862
3061,1,0,3.9158788,3.7694087,4.091860324343051,0.17598152,0.030969497
3062,1,0,4.081835,3.9351697,4.205314457801723,0.12347984,0.015247271
3063,1,0,4.189496,4.064431,4.2322497935212375,0.042753696,0.0018278785
3064,1,0,4.214738,4.0946364,4.190812630569351,0.023925304,0.0005724202
3065,1,0,4.175856,4.048085,4.315096179988728,0.13924026,0.01938785
3066,1,0,4.2915964,4.1861496,4.2472642822258,0.044332027,0.0019653286
3067,1,0,4.228754,4.111382,4.14506899138617,0.08368492,0.0070031662
3068,1,0,4.1325965,3.9961715,4.217770622935447,0.08517408,0.0072546247
3069,1,0,4.2011847,4.0784235,4.180609951222815,0.02057457,0.00042331291
3070,1,0,4.1662374,4.036553,4.083851811443756,0.08238554,0.0067873774
3071,1,0,4.0741534,3.9259367,3.978846000727151,0.09530735,0.009083491
3072,1,0,3.9724612,3.8207545,3.876925224106619,0.09553599,0.009127126
3073,1,0,3.8720374,3.7290893,4.033941998762286,0.16190481,0.026213167
3074,1,0,4.0260453,3.8686109,3.9633160757989754,0.06272936,0.0039349725
3075,1,0,3.9572682,3.807046,4.034322271450687,0.077054024,0.0059373225
3076,1,0,4.0264134,3.868936,3.908411419388903,0.11800194,0.013924457
3077,1,0,3.9032397,3.7578297,3.880174309745658,0.023065329,0.0005320094
3078,1,0,3.8752642,3.7320724,3.832460591510722,0.042803526,0.0018321418
3079,1,0,3.827705,3.6878738,3.8622994528650127,0.034594536,0.0011967819
3080,1,0,3.857489,3.715612,3.8683059827118345,0.0108168125,0.00011700343
3081,1,0,3.8634672,3.721157,4.058361480983855,0.19489431,0.037983794
3082,1,0,4.0496354,3.8964672,4.029353716324376,0.020281792,0.00041135107
3083,1,0,4.021602,3.8646708,3.966597168111897,0.055005074,0.003025558
3084,1,0,3.9604812,3.8099499,4.007416472591286,0.04693508,0.002202902
3085,1,0,4.00031,3.8457227,3.919054304432129,0.081255674,0.0066024847
3086,1,0,3.9137502,3.7674618,3.860513046710376,0.0532372,0.0028341995
3087,1,0,3.85571,3.7139602,3.930362848583904,0.07465291,0.005573057
3088,1,0,3.924899,3.7776475,3.83729800074158,0.087601185,0.0076739676
3089,1,0,3.832542,3.6923919,3.7630412833810047,0.069500685,0.004830345
3090,1,0,3.7578712,3.6221104,3.73570907203552,0.02216196,0.0004911525
3091,1,0,3.7301693,3.5957608,4.00432996013382,0.27416086,0.07516418
3092,1,0,3.9973073,3.8430405,4.037642240785333,0.04033518,0.0016269266
3093,1,0,4.0296264,3.8724246,4.034121687465371,0.004495144,2.0206318e-05
3094,1,0,4.0262194,3.8687644,3.959407837741212,0.06681156,0.004463785
3095,1,0,3.9534378,3.8035803,3.74121681062469,0.2122209,0.045037713
3096,1,0,3.7357607,3.6010914,3.915014093069812,0.17925334,0.03213176
3097,1,0,3.9097624,3.7638106,3.822598571288603,0.087163925,0.00759755
3098,1,0,3.8178296,3.6786351,3.8093560465756062,0.008473635,7.180248e-05
3099,1,0,3.804545,3.6661744,3.8668102974483687,0.062265396,0.0038769795
3100,1,0,3.8619795,3.7197776,3.874785207486378,0.0128057,0.00016398595
3101,1,0,3.8699112,3.7271223,3.7506584302637633,0.11925268,0.014221202
3102,1,0,3.745335,3.6102052,3.674398123632837,0.07093692,0.005032046
3103,1,0,3.6676168,3.53575,3.770525927402744,0.10290909,0.01059028
3104,1,0,3.7654357,3.629282,3.808283335467957,0.042847633,0.0018359197
3105,1,0,3.8034682,3.6651635,3.8531592172929225,0.04969096,0.0024691918
3106,1,0,3.8483806,3.7071486,3.754904605607285,0.09347606,0.008737774
3107,1,0,3.7496357,3.6142921,3.910851642757677,0.16121602,0.025990605
3108,1,0,3.9056506,3.7600427,3.907767462245308,0.0021169186,4.481344e-06
3109,1,0,3.9026031,3.7572465,3.978377313188533,0.07577419,0.0057417285
3110,1,0,3.9720025,3.820341,4.134453040914973,0.16245031,0.026390104
3111,1,0,4.122506,3.9840498,4.295806329431201,0.17330027,0.030032983
3112,1,0,4.2738066,4.1650424,4.189222006272944,0.08458471,0.0071545737
3113,1,0,4.174358,4.0462894,4.225052563719055,0.050694466,0.0025699288
3114,1,0,4.2080054,4.086587,4.0463710931419055,0.16163445,0.026125694
3115,1,0,4.0380645,3.882563,4.034067269416262,0.003997326,1.5978614e-05
3116,1,0,4.0261664,3.8687172,4.019745813329417,0.0064206123,4.1224263e-05
3117,1,0,4.0122867,3.8563957,4.103363425581085,0.09107685,0.008294993
3118,1,0,4.0928497,3.948409,4.003196843828638,0.089653015,0.008037663
3119,1,0,3.9962049,3.8420548,3.77394226795692,0.22226262,0.049400672
3120,1,0,3.7688856,3.6325498,3.644212515663809,0.12467313,0.015543389
3121,1,0,3.6366105,3.505763,3.5257106943154244,0.110899925,0.0122987935
3122,1,0,3.5135884,3.385395,3.590411853603482,0.07682347,0.005901846
3123,1,0,3.5810127,3.4516249,3.5522987932880663,0.028713942,0.00082449045
3124,1,0,3.5413694,3.4127545,3.4255678310504023,0.11580157,0.013410004
3125,1,0,3.413351,3.2806602,3.362040735584214,0.0513103,0.002632747
3126,1,0,3.3538737,3.2129374,3.575705253172426,0.22183156,0.04920924
3127,1,0,3.56574,3.4366746,3.412970659031612,0.15276957,0.02333854
3128,1,0,3.401589,3.267305,3.3923702888524523,0.009218693,8.49843e-05
3129,1,0,3.382319,3.2453866,3.3296636500551755,0.05265522,0.0027725722
3130,1,0,3.32341,3.178073,3.3907664574785445,0.06735635,0.004536878
3131,1,0,3.3808174,3.2436771,3.376615536843565,0.004201889,1.7655871e-05
3132,1,0,3.3675551,3.228557,3.197266997711077,0.17028809,0.028998032
3133,1,0,3.1978106,3.0333,3.129408037847481,0.06840253,0.004678906
3134,1,0,3.1328216,2.9578962,3.161286817293693,0.028465271,0.00081027165
3135,1,0,3.1634026,2.993411,3.0992067258046068,0.06419587,0.00412111
3136,1,0,3.1037698,2.92411,2.9797696155461506,0.12400007,0.015376018
3137,1,0,2.9881372,2.7893453,2.8433191694363784,0.14481807,0.020972272
3138,1,0,2.8546743,2.6336436,2.8169779723568324,0.03769636,0.0014210157
3139,1,0,2.828754,2.603435,2.7948184964271934,0.033935547,0.0011516213
3140,1,0,2.806911,2.5779924,2.668743333772372,0.13816762,0.019090291
3141,1,0,2.6820211,2.43291,2.6606067368022344,0.021414518,0.0004585816
3142,1,0,2.6739264,2.423534,2.648723056551003,0.025203228,0.0006352027
3143,1,0,2.6620975,2.4098425,2.6925250787085875,0.030427694,0.0009258446
3144,1,0,2.705657,2.4603047,2.7285719615957915,0.022914886,0.000525092
3145,1,0,2.7414145,2.5018115,2.721177124857611,0.020237446,0.00040955422
3146,1,0,2.734086,2.4932985,2.791720299059273,0.057634354,0.0033217187
3147,1,0,2.8038545,2.5744333,2.946906995060936,0.14305258,0.02046404
3148,1,0,2.956122,2.7519884,2.9979090039025738,0.041787148,0.0017461657
3149,1,0,3.0057735,2.8099184,2.800139077856876,0.20563436,0.042285487
3150,1,0,2.812158,2.5841022,2.763084928523074,0.04907322,0.0024081809
3151,1,0,2.7755728,2.5415192,2.9245592257316964,0.14898634,0.02219693
3152,1,0,2.9343042,2.7265277,2.9663371583266804,0.032032967,0.001026111
3153,1,0,2.9750614,2.7740908,2.947254042209044,0.027807474,0.0007732556
3154,1,0,2.956461,2.7523832,2.960143679329574,0.0036826134,1.3561641e-05
3155,1,0,2.9690275,2.7670474,2.875285999441218,0.09374142,0.008787453
3156,1,0,2.886065,2.6702476,2.755936395491538,0.13012862,0.016933458
3157,1,0,2.7685041,2.5332985,2.7848517307016887,0.016347647,0.00026724554
3158,1,0,2.7970753,2.5665402,2.773291307707456,0.023783922,0.00056567497
3159,1,0,2.7856593,2.553255,2.7535470284382657,0.03211236,0.0010312037
3160,1,0,2.7661405,2.53055,2.880264150924114,0.11412358,0.013024192
3161,1,0,2.8909464,2.675943,2.8996756328419546,0.008729219,7.619927e-05
3162,1,0,2.9099646,2.6981301,3.0880599570405303,0.17809534,0.03171795
3163,1,0,3.093028,2.9116096,2.852329756157409,0.24069834,0.05793569
3164,1,0,2.8635292,2.643968,2.8116529938434547,0.051876307,0.002691151
3165,1,0,2.8235078,2.5973215,2.833037721057973,0.009529829,9.0817644e-05
3166,1,0,2.8445625,2.6218567,2.7215252042057414,0.12303734,0.0151381865
3167,1,0,2.7344303,2.493699,2.73767881646364,0.0032484531,1.0552448e-05
3168,1,0,2.7504354,2.512292,2.7488868320254114,0.0015485287,2.397941e-06
3169,1,0,2.7615304,2.525189,2.788377939629928,0.026847601,0.0007207937
3170,1,0,2.8005557,2.5705924,2.7446151836822987,0.055940628,0.003129354
3171,1,0,2.7573018,2.5202732,2.5473539577465494,0.20994782,0.04407809
3172,1,0,2.5608606,2.293064,2.618389156731021,0.057528496,0.0033095279
3173,1,0,2.6318645,2.374889,2.6162595894605647,0.015604973,0.00024351518
3174,1,0,2.6297398,2.3724346,2.685844440932326,0.05610466,0.003147733
3175,1,0,2.6990204,2.4526095,2.634471411774786,0.06454897,0.0041665696
3176,1,0,2.6479,2.3934202,2.7158972253932467,0.06799722,0.0046236217
3177,1,0,2.72885,2.4872198,2.7744457098592004,0.045595884,0.0020789846
3178,1,0,2.7868,2.5545802,2.7065810992403097,0.08021879,0.0064350544
3179,1,0,2.7196102,2.4764934,2.700058718974472,0.019551516,0.00038226176
3180,1,0,2.7131362,2.4689817,2.592029187308053,0.1211071,0.01466693
3181,1,0,2.6055489,2.3445177,2.700398841210681,0.09485006,0.008996534
3182,1,0,2.7134738,2.4693732,2.554827219954112,0.15864658,0.02516874
3183,1,0,2.5683436,2.3016696,2.688998907761403,0.1206553,0.014557701
3184,1,0,2.7021542,2.456243,2.8108578566454976,0.10870361,0.011816476
3185,1,0,2.8227243,2.5964088,2.939074681995581,0.11635041,0.013537418
3186,1,0,2.9484806,2.7430716,2.9317815029288634,0.016699076,0.00027885914
3187,1,0,2.9413586,2.7347608,3.00007174153126,0.058713198,0.0034472395
3188,1,0,3.0078745,2.8123708,2.9170018934283406,0.090872526,0.008257816
3189,1,0,2.9269166,2.7179098,2.8145870908154644,0.11232948,0.012617913
3190,1,0,2.8263993,2.6006904,2.7775540603885704,0.04884529,0.0023858624
3191,1,0,2.7898693,2.5581536,2.854453786110073,0.06458449,0.004171157
3192,1,0,2.8656158,2.6464014,2.853147836863517,0.0124681,0.00015545351
3193,1,0,2.8643332,2.6449056,2.954464078849921,0.090131044,0.0081236055
3194,1,0,2.963492,2.7605882,3.012895181712181,0.04940319,0.0024406752
3195,1,0,3.0203242,2.8268914,3.0263734980232555,0.006049156,3.659229e-05
3196,1,0,3.0333943,2.8421316,2.9133551195166816,0.120039225,0.014409415
3197,1,0,2.9233503,2.7137504,2.9045122701990365,0.018838167,0.00035487654
3198,1,0,2.9146986,2.7036543,2.8078467404249268,0.106851816,0.011417311
3199,1,0,2.819757,2.5929523,3.0247295937140737,0.2049725,0.042013727
3200,1,0,3.0318007,2.840273,3.190290954961461,0.15849018,0.025119137
3201,1,0,3.1911483,3.0255823,3.133139293587486,0.05800891,0.0033650335
3202,1,0,3.136406,2.962059,2.981316030438865,0.15508986,0.024052864
3203,1,0,2.9896417,2.7911,2.9280981960640333,0.061543465,0.003787598
3204,1,0,2.9377613,2.7305646,2.964642360886415,0.02688098,0.00072258705
3205,1,0,2.9734106,2.7721615,2.928115126518661,0.045295477,0.00205168
3206,1,0,2.9377775,2.7305827,2.874337561774016,0.063439846,0.004024614
3207,1,0,2.8851337,2.6691628,2.805123904568501,0.08000994,0.00640159
3208,1,0,2.8170729,2.589826,2.884108522052663,0.067035675,0.004493782
3209,1,0,2.8947144,2.6803393,2.876209305978872,0.018505096,0.00034243858
3210,1,0,2.88697,2.6713042,2.8612027314736808,0.025767326,0.0006639551
3211,1,0,2.872244,2.6541295,2.935806276174684,0.06356239,0.004040178
3212,1,0,2.9452887,2.7393484,2.931283244392197,0.014005423,0.00019615186
3213,1,0,2.9408722,2.7341928,2.9977538932153123,0.056881666,0.003235524
3214,1,0,3.0056224,2.809743,2.82631546365292,0.17930698,0.032150995
3215,1,0,2.8379478,2.6141462,2.935953774471263,0.09800601,0.009605178
3216,1,0,2.9454327,2.7395153,2.982931423531578,0.037498713,0.0014061534
3217,1,0,2.9912128,2.792933,3.072249561629578,0.081036806,0.006566964
3218,1,0,3.077774,2.893849,2.944019427195807,0.13375473,0.017890329
3219,1,0,2.9533052,2.7487016,3.0244979530381104,0.07119274,0.0050684065
3220,1,0,3.0315762,2.8400116,3.009280977856576,0.022295237,0.0004970776
3221,1,0,3.0168161,2.8227983,3.0505741006371205,0.033757925,0.0011395975
3222,1,0,3.0568266,2.869444,3.010563318786239,0.046263218,0.0021402854
3223,1,0,3.0180602,2.8242507,2.855138545438393,0.16292167,0.02654347
3224,1,0,2.8662882,2.6471853,2.964546206652645,0.09825802,0.009654638
3225,1,0,2.9733171,2.7720532,3.1717575781928318,0.19844031,0.039378557
3226,1,0,3.1734276,3.0050387,3.1490737844933,0.024353743,0.0005931048
3227,1,0,3.1516972,2.9798212,2.892994774955578,0.25870228,0.06692687
3228,1,0,2.9034224,2.6904974,2.745887522307599,0.15753484,0.024817225
3229,1,0,2.7585616,2.5217376,2.5369320706735707,0.22162962,0.04911969
3230,1,0,2.5504198,2.2810678,2.4593025391698062,0.09111738,0.008302378
3231,1,0,2.4724774,2.1918082,2.60095087248366,0.12847352,0.016505446
3232,1,0,2.6144595,2.354797,2.585204851736425,0.029254675,0.000855836
3233,1,0,2.59873,2.336656,2.6605216027066354,0.06179142,0.0038181795
3234,1,0,2.673842,2.4234362,2.702282601790264,0.028440714,0.0008088742
3235,1,0,2.715344,2.4715424,2.649365990677231,0.06597805,0.004353103
3236,1,0,2.6627374,2.410582,2.7352218575264278,0.07248449,0.005254002
3237,1,0,2.7480025,2.5094643,2.7449314461967407,0.0030710697,9.431469e-06
3238,1,0,2.757615,2.520637,2.8245610926947804,0.06694603,0.004481771
3239,1,0,2.8362207,2.6121345,2.744962789292535,0.09125805,0.008328032
3240,1,0,2.757646,2.5206733,2.7949580786663666,0.03731203,0.0013921877
3241,1,0,2.8070478,2.5781517,2.674665845455418,0.13238192,0.017524973
3242,1,0,2.68791,2.4397316,2.6956369509117777,0.0077269077,5.9705104e-05
3243,1,0,2.708747,2.4638896,2.7186139774389804,0.009866953,9.735676e-05
3244,1,0,2.731545,2.4903474,2.6961131561159184,0.035431862,0.0012554169
3245,1,0,2.7092195,2.464437,2.775720423937745,0.0665009,0.00442237
3246,1,0,2.7880592,2.556046,2.903451479713336,0.11539221,0.013315362
3247,1,0,2.91366,2.7024422,2.823466360215036,0.09019375,0.008134913
3248,1,0,2.8351436,2.61088,2.8725189821628683,0.03737545,0.0013969243
3249,1,0,2.8833504,2.6670814,2.842383684383081,0.04096675,0.0016782746
3250,1,0,2.853754,2.6325712,2.848058786569172,0.005695343,3.2436932e-05
3251,1,0,2.8593335,2.6390734,2.8183856886899625,0.040947914,0.0016767316
3252,1,0,2.8301406,2.60505,2.901030802148385,0.07089019,0.005025419
3253,1,0,2.9112906,2.6996775,3.0180718395461184,0.106781244,0.011402234
3254,1,0,3.0253453,2.832747,3.04340356706896,0.0180583,0.0003261022
3255,1,0,3.049889,2.8613586,3.188329822992604,0.13844085,0.019165868
3256,1,0,3.1892743,3.0234127,3.1590321699525385,0.030242205,0.00091459096
3257,1,0,3.161243,2.9909034,3.278349714415318,0.117106676,0.013713974
3258,1,0,3.2749238,3.122363,3.397918723779118,0.1229949,0.015127745
3259,1,0,3.3875132,3.2513003,3.498540151794601,0.111027,0.012326995
3260,1,0,3.4850955,3.3572364,3.5374787383495367,0.052383184,0.002743998
3261,1,0,3.5258975,3.3975282,3.6476020823806734,0.12170458,0.014812005
3262,1,0,3.6400995,3.5091453,3.602934609074937,0.037164927,0.0013812318
3263,1,0,3.5939922,3.4643025,3.4794594823309315,0.11453271,0.013117742
3264,1,0,3.4650235,3.3373456,3.386466535377472,0.078557014,0.0061712046
3265,1,0,3.37679,3.239087,3.320625426367134,0.056164503,0.0031544515
3266,1,0,3.314888,3.1682997,3.2917652647292197,0.023122787,0.0005346633
3267,1,0,3.287624,3.1369796,3.023966198206803,0.26365757,0.06951532
3268,1,0,3.0310616,2.8394117,2.9994697291861487,0.031591892,0.0009980476
3269,1,0,3.007289,2.8116856,2.920999501060089,0.086289406,0.0074458616
3270,1,0,2.9308248,2.7224689,2.69857151974214,0.23225331,0.0539416
3271,1,0,2.71166,2.467269,2.734890672767175,0.023230791,0.00053966965
3272,1,0,2.747674,2.5090852,2.6478861741632858,0.09978771,0.009957587
3273,1,0,2.661264,2.4088774,2.6625373257927127,0.0012733936,1.6215313e-06
3274,1,0,2.6758475,2.4257593,2.8174074738430925,0.14155984,0.020039188
3275,1,0,2.829177,2.6039262,2.783536806114224,0.04563999,0.0020830089
3276,1,0,2.7957783,2.5650296,2.680392278978251,0.11538601,0.013313931
3277,1,0,2.6936026,2.44633,2.847161915459972,0.15355945,0.023580503
3278,1,0,2.8584514,2.6380472,2.835055516119907,0.023395777,0.0005473624
3279,1,0,2.8465471,2.6241693,2.740123449711049,0.10642362,0.011325986
3280,1,0,2.7528558,2.5151062,2.763409830814969,0.010554075,0.0001113885
3281,1,0,2.7758946,2.541893,2.610365496350162,0.16552925,0.027399933
3282,1,0,2.6238575,2.3656435,2.561128027434339,0.06272936,0.0039349725
3283,1,0,2.5746503,2.3089247,2.548719831697483,0.025930405,0.0006723859
3284,1,0,2.5622287,2.2946362,2.464310597924086,0.09791803,0.009587942
3285,1,0,2.4775143,2.1975608,2.593868107212496,0.11635375,0.013538195
3286,1,0,2.607386,2.3466363,2.7341813374314587,0.12679529,0.016077045
3287,1,0,2.746972,2.508267,2.7785776848278103,0.031605482,0.0009989064
3288,1,0,2.7908802,2.55933,2.873887674663844,0.083007574,0.0068902574
3289,1,0,2.8846927,2.6686487,2.900957881905238,0.016265154,0.00026455524
3290,1,0,2.91122,2.6995964,2.7958343508913983,0.11538577,0.013313876
3291,1,0,2.8079133,2.5791588,2.822031711423161,0.014118433,0.00019933016
3292,1,0,2.8337302,2.6092315,2.7070980444703348,0.12663221,0.016035717
3293,1,0,2.7201223,2.477089,2.59545171251046,0.124670744,0.015542794
3294,1,0,2.6089673,2.3484592,2.3987823391660767,0.21018505,0.044177756
3295,1,0,2.4121833,2.122406,2.461563467874526,0.049380064,0.0024383906
3296,1,0,2.4747515,2.1944046,2.5989505345038366,0.12419915,0.01542543
3297,1,0,2.6124625,2.352491,2.7723335841396977,0.1598711,0.02555877
3298,1,0,2.7847133,2.5521536,2.855745010728979,0.07103181,0.005045518
3299,1,0,2.8668852,2.6478796,2.648957104821704,0.21792817,0.047492687
3300,1,0,2.6623306,2.4101124,2.459232947720341,0.20309758,0.041248627
3301,1,0,2.4724083,2.1917295,2.509256379471404,0.03684807,0.0013577802
3302,1,0,2.522668,2.2492228,2.462795369186439,0.059872627,0.0035847316
3303,1,0,2.4759908,2.1958208,2.284045426315533,0.19194531,0.036843006
3304,1,0,2.29777,1.9914708,2.20217718913749,0.09559274,0.009137971
3305,1,0,2.2158256,1.8987141,2.0575243436633666,0.15830112,0.025059244
3306,1,0,2.0705261,1.7365766,2.15684283610439,0.086316824,0.007450594
3307,1,0,2.170354,1.8476396,2.1449241438799524,0.025429726,0.00064667093
3308,1,0,2.158389,1.8342485,2.2306726320617662,0.07228351,0.0052249054
3309,1,0,2.2443748,1.9309258,2.365532785691621,0.12115812,0.01467929
3310,1,0,2.3790836,2.0843663,2.518768421380839,0.13968468,0.01951181
3311,1,0,2.5322113,2.2601647,2.4646873179841644,0.06752396,0.004559485
3312,1,0,2.4778934,2.1979938,2.3651029399046464,0.112790346,0.012721662
3313,1,0,2.378656,2.0838742,2.468888729584703,0.09023285,0.0081419675
3314,1,0,2.4821186,2.2028189,2.5803607972188973,0.09824228,0.009651546
3315,1,0,2.5938883,2.3310757,2.4758691370787687,0.118019104,0.013928509
3316,1,0,2.4891367,2.2108383,2.230434347214596,0.25870228,0.06692687
3317,1,0,2.2441354,1.9306574,2.2420051450819574,0.00213027,4.5380502e-06
3318,1,0,2.2557201,1.9437599,2.098875107851025,0.1568451,0.024600383
3319,1,0,2.1121206,1.7826695,2.191284146229648,0.07916355,0.0062668677
3320,1,0,2.2049065,1.8864222,2.12090451043655,0.08400202,0.007056339
3321,1,0,2.134263,1.8073144,2.05625685487001,0.07800627,0.0060849776
3322,1,0,2.0692506,1.7351665,2.217852713469902,0.14860225,0.022082629
3323,1,0,2.2315345,1.9164248,2.2048200741682646,0.026714325,0.00071365514
3324,1,0,2.2184753,1.9016976,2.146493752190977,0.07198167,0.0051813605
3325,1,0,2.159965,1.8360114,2.0740981806466947,0.08586693,0.0073731295
3326,1,0,2.0872035,1.7550249,2.084842558813461,0.0023610592,5.5746004e-06
3327,1,0,2.0980115,1.767003,2.0183855568819573,0.079625845,0.006340275
3328,1,0,2.0311189,1.6931548,2.007051620267371,0.024067163,0.00057922833
3329,1,0,2.0197015,1.6806202,2.0366762829042204,0.016974688,0.00028814003
3330,1,0,2.0495396,1.7134213,2.0740193387330863,0.024479866,0.0005992638
3331,1,0,2.0871239,1.7549386,1.9578742894876329,0.12924957,0.016705452
3332,1,0,1.970128,1.626442,2.069208102537297,0.099080086,0.009816864
3333,1,0,2.082283,1.7495785,1.992232740868546,0.09005022,0.008109042
3334,1,0,2.004768,1.664258,1.9747179611192516,0.03004992,0.0009029977
3335,1,0,1.9871125,1.6449594,2.022498454203232,0.035385847,0.0012521582
3336,1,0,2.035262,1.6977081,1.9685455400056475,0.06671655,0.0044510984
3337,1,0,1.9808893,1.6381683,2.0620580724487527,0.08116865,0.00658835
3338,1,0,2.0750885,1.7416191,2.2721801070981926,0.19709158,0.038845092
3339,1,0,2.2859087,1.9779887,2.351801987239497,0.06589317,0.00434191
3340,1,1,2.3654008,2.0686789,-2.2567529389464807,4.6221538,21.364305
3341,1,1,-2.2518768,-2.031914,1.9383566860218624,4.190233,17.558054
3342,0,1,-1.6790344,1.6050391,-1.6896554510292905,0.010621071,0.000112807145
3343,0,1,1.5428505,-1.3905998,1.5965626257028285,0.05371213,0.0028849929
3344,0,1,-1.4118353,1.2405975,-1.5462893592894138,0.13445401,0.018077882
3345,0,1,1.4128332,-1.2122198,1.532183830539426,0.11935067,0.0142445825
3346,0,1,-1.359703,1.1744101,-1.4119418458246482,0.05223894,0.002728907
3347,0,1,1.2879751,-1.0467901,1.257412395228827,0.03056264,0.0009340749
3348,0,1,-1.1312087,0.90191436,-0.9390356821779942,0.192173,0.036930464
3349,0,1,0.86542344,-0.5287981,0.7569587337506394,0.10846472,0.011764595
3350,0,1,-0.6939689,0.38187647,-0.8269461381659493,0.13297725,0.01768295
3351,0,1,0.76411414,-0.40913725,0.8057175589153451,0.041603446,0.0017308467
3352,0,1,-0.73707855,0.44162416,-0.6976581900849577,0.039420366,0.0015539653
3353,0,1,0.64663005,-0.2361877,0.583937678313394,0.062692344,0.00393033
3354,0,1,-0.5391779,0.098626375,-0.6782960824946531,0.1391182,0.019353872
3355,0,1,0.62892365,-0.2130897,0.8394545262310276,0.21053088,0.04432325
3356,0,1,-0.7671943,0.48500323,-0.7969013141961578,0.029707015,0.0008825067
3357,0,1,0.73693657,-0.3661735,0.8383706306743868,0.10143405,0.010288867
3358,0,1,-0.76622844,0.4835837,-0.7311333579193313,0.035095096,0.0012316657
3359,0,1,0.67717814,-0.2779045,0.7771558158066658,0.09997767,0.009995535
3360,0,1,-0.71185195,0.40620518,-0.5228419287000015,0.18901002,0.03572479
3361,0,1,0.48587132,-0.056785822,0.4883699198223681,0.002498597,6.2429867e-06
3362,0,1,-0.45256853,-0.014432907,-0.4099735876196129,0.04259494,0.0018143288
3363,0,1,0.3812108,0.022129059,0.380495523517864,0.00071528554,5.116334e-07
3364,0,1,-0.35399127,-0.09710264,-0.5276390467049454,0.17364776,0.030153545
3365,0,1,0.49030757,-0.06080103,0.2944377601831021,0.1958698,0.03836498
3366,0,1,-0.27481604,-0.12753725,-0.2413687053397462,0.033447325,0.0011187235
3367,0,1,0.22407484,0.082799435,0.228370480270351,0.004295647,1.8452585e-05
3368,0,1,-0.21375942,-0.12358403,-0.3500167143437052,0.13625729,0.01856605
3369,0,1,0.32541585,0.05164671,0.1748747907820527,0.15054105,0.022662608
3370,0,1,-0.16417146,-0.09275484,-0.3021247458363318,0.13795328,0.019031107
3371,0,1,0.2807753,0.06893659,0.1639061199969429,0.11686918,0.013658405
3372,0,1,-0.15399003,-0.084424496,-0.2689355684458197,0.11494553,0.013212475
3373,0,1,0.2498095,0.0776279,0.263714165606947,0.013904661,0.0001933396
3374,0,1,-0.24645042,-0.12980866,-0.1600235069795408,0.086426914,0.0074696112
3375,0,1,0.14808846,0.08727002,0.1635470492855479,0.015458599,0.00023896828
3376,0,1,-0.15365648,-0.0841434,-0.1984442539577768,0.044787765,0.0020059438
3377,0,1,0.18398404,0.08716035,0.2141090019217633,0.030124962,0.0009075134
3378,0,1,-0.20055246,-0.11830449,-0.1998019346316959,0.0007505268,5.632905e-07
3379,0,1,0.18525314,0.087091446,0.246736864586639,0.061483726,0.0037802486
3380,0,1,-0.23075414,-0.12920332,-0.3220400828109522,0.091285944,0.008333123
3381,0,1,0.2993455,0.062426805,0.3709863530536128,0.07164085,0.005132411
3382,0,1,-0.34526443,-0.10212779,-0.0865125063042246,0.25875193,0.066952564
3383,0,1,0.07940221,0.077617645,0.0632774501799047,0.016124755,0.00026000774
3384,0,1,-0.060384035,-0.040056944,-0.1137844859508185,0.05340045,0.002851608
3385,0,1,0.10488248,0.08269811,0.0912253315975695,0.013657145,0.00018651762
3386,0,1,-0.086413145,-0.044785738,-0.023262016697811,0.06315113,0.003988065
3387,0,1,0.020331621,0.031018019,-0.0479071185202641,0.068238735,0.004656525
3388,0,1,0.04334283,0.049952507,0.025052964878601,0.018289864,0.00033451914
3389,0,1,-0.024750471,-0.007797241,-0.0065630391678563,0.018187432,0.00033078267
3390,0,1,0.004745722,0.01785469,-0.1338258132408616,0.13857153,0.019202068
3391,0,1,0.12360859,0.08530712,0.0760103748135136,0.047598213,0.0022655898
3392,0,1,-0.07224488,-0.043535233,0.08718632533495,0.1594312,0.02541831
3393,0,1,-0.08265257,-0.044469118,0.0516123920148277,0.13426496,0.01802708
3394,0,1,-0.0495131,-0.030070066,0.0509397312051054,0.10045283,0.010090772
3395,0,1,-0.048886538,-0.029497385,0.0068606843823419,0.055747222,0.003107753
3396,0,1,-0.007780075,0.007078409,0.0600501394379189,0.06783022,0.004600939
3397,0,1,-0.057376385,-0.037281513,0.0667255002326365,0.124101885,0.015401278
3398,0,1,-0.06359625,-0.042697906,0.0426426984972279,0.10623895,0.011286714
3399,0,1,-0.04115224,-0.022474289,-0.1303261578735068,0.08917391,0.007951987
3400,0,1,0.120339155,0.08491969,0.0374547252659316,0.08288443,0.006869829
3401,0,1,-0.03631544,-0.018116474,0.082123676013984,0.118439116,0.014027824
3402,0,1,-0.077938795,-0.04405594,-0.0375794476964079,0.040359348,0.001628877
3403,0,1,0.033699274,0.042090178,0.0809801079394958,0.047280833,0.002235477
3404,0,1,-0.0768733,-0.043960333,-0.1286603156244057,0.05178702,0.0026818954
3405,0,1,0.11878252,0.084726095,0.1582049350392735,0.039422408,0.0015541263
3406,0,1,-0.14869618,-0.07990956,-0.2563903297723779,0.10769415,0.01159803
3407,0,1,0.23809958,0.080212116,0.2837577399116613,0.04565817,0.0020846685
3408,0,1,-0.26496148,-0.12875438,-0.2775774930949288,0.0126160085,0.00015916367
3409,0,1,0.25787473,0.07562494,0.1702481782023999,0.08762655,0.007678412
3410,0,1,-0.15987778,-0.08929777,-0.1109614870231912,0.048916288,0.0023928033
3411,0,1,0.10224438,0.08225298,0.0617273560333737,0.04051702,0.001641629
3412,0,1,-0.05893898,-0.03872204,0.0775807308174072,0.1365197,0.01863763
3413,0,1,-0.07370806,-0.043670416,-0.0535722366388542,0.02013582,0.00040545125
3414,0,1,0.0486331,0.054220676,0.1622103997535045,0.113577306,0.012899805
3415,0,1,-0.15241647,-0.083094835,-0.1775845205748378,0.025168046,0.00063343055
3416,0,1,0.16449666,0.08766341,0.1609017756852861,0.0035948902,1.2923236e-05
3417,0,1,-0.15120006,-0.08206034,-0.1409222713885305,0.010277778,0.00010563272
3418,0,1,0.13023996,0.086001635,0.2180961044367668,0.08785614,0.007718702
3419,0,1,-0.20424557,-0.11986089,-0.1662955011209623,0.03795007,0.0014402077
3420,0,1,0.15394878,0.08749604,-0.0284058120481098,0.1823546,0.0332532
3421,0,1,0.025134087,0.03501892,0.0586064116299978,0.033472326,0.0011203965
3422,0,1,-0.05603099,-0.03604245,-0.1135332137137257,0.057502225,0.003306506
3423,0,1,0.104647875,0.082659006,0.1218412899962628,0.017193414,0.00029561348
3424,0,1,-0.11490035,-0.048097372,-0.2784753213369342,0.16357496,0.026756769
3425,0,1,0.2587123,0.07540631,0.3002028022481355,0.041490525,0.0017214636
3426,0,1,-0.28013325,-0.1266911,-0.3823825302141999,0.102249295,0.010454918
3427,0,1,0.3555491,0.03679514,0.4754208532657067,0.119871765,0.01436924
3428,0,1,-0.4407785,-0.026862383,-0.3831559266197177,0.05762258,0.003320362
3429,0,1,0.35626888,0.036409855,0.3093154565335765,0.04695344,0.0022046254
3430,0,1,-0.28853512,-0.12508297,-0.3096198191866142,0.021084696,0.00044456442
3431,0,1,0.28776503,0.06659961,0.2630264191015992,0.02473861,0.00061199884
3432,0,1,-0.24581504,-0.12981677,-0.1827238562266875,0.06309119,0.0039804983
3433,0,1,0.1692977,0.08763695,0.1330038100070547,0.03629388,0.0013172457
3434,0,1,-0.12528014,-0.058419943,-0.1369873676073711,0.011707231,0.00013705927
3435,0,1,0.12656355,0.08563018,0.1266391488375875,7.559359e-05,5.7143907e-09
3436,0,1,-0.11936283,-0.052595854,0.0616903478547214,0.18105318,0.032780252
3437,0,1,-0.058905363,-0.038690567,-0.0512624025898218,0.007642962,5.841487e-05
3438,0,1,0.046476126,0.052484274,0.0567970115988356,0.010320887,0.00010652071
3439,0,1,-0.054344654,-0.034493685,-0.0741371212353363,0.019792467,0.00039174178
3440,0,1,0.06784177,0.069447994,0.042765778148194,0.02507599,0.0006288053
3441,0,1,-0.04126668,-0.022578478,-0.0282655595632257,0.01300112,0.00016902911
3442,0,1,0.025003672,0.03491068,0.1923449597838051,0.16734129,0.028003108
3443,0,1,-0.18037963,-0.10506201,-0.2465921448196106,0.06621252,0.0043840976
3444,0,1,0.22895217,0.08196092,0.1455527509977625,0.083399415,0.0069554625
3445,0,1,-0.1369431,-0.06943321,-0.0746558769064855,0.062287226,0.0038796985
3446,0,1,0.068326235,0.0698266,0.0334657122826063,0.03486052,0.0012152559
3447,0,1,-0.032595396,-0.014781237,0.1636214337254604,0.19621684,0.038501047
3448,0,1,-0.15372562,-0.084201574,-0.0758115081139769,0.07791412,0.00607061
3449,0,1,0.069405556,0.070669174,0.162838576536147,0.09343302,0.00872973
3450,0,1,-0.15299845,-0.08358908,-0.1982335476942798,0.045235097,0.002046214
3451,0,1,0.18378735,0.0871706,0.1521376110854277,0.03164974,0.001001706
3452,0,1,-0.14306068,-0.07496333,-0.1252759175610074,0.01778476,0.00031629766
3453,0,1,0.11561966,0.08431196,0.1872780212934297,0.07165836,0.00513492
3454,0,1,-0.17567968,-0.101613045,-0.1816156661451069,0.005935982,3.523588e-05
3455,0,1,0.16826248,0.08764815,0.0398340148982163,0.12842846,0.01649387
3456,0,1,-0.03853321,-0.0201118,-0.0839172555473348,0.045384042,0.0020597114
3457,0,1,0.07697797,0.076541185,0.1163566749665223,0.03937871,0.0015506828
3458,0,1,-0.109799385,-0.046524763,-0.105815854989248,0.0039835274,1.586849e-05
3459,0,1,0.09743714,0.08139467,0.2410227909675812,0.14358565,0.020616839
3460,0,1,-0.22546887,-0.12759614,-0.1191188886554597,0.10634998,0.0113103185
3461,0,1,0.10986757,0.0834856,0.2183489820377691,0.10848141,0.011768215
3462,0,1,-0.20447946,-0.119957924,-0.1451936240217586,0.059285834,0.0035148102
3463,0,1,0.13423133,0.08636141,0.0785844504882047,0.05564688,0.0030965754
3464,0,1,-0.07464337,-0.0437572,0.0275124524643808,0.10215583,0.010435813
3465,0,1,-0.027044535,-0.009831905,0.0446630712543134,0.07170761,0.005141981
3466,0,1,-0.043035746,-0.024178982,-0.1136705864969536,0.07063484,0.004989281
3467,0,1,0.10477686,0.08267999,0.1940021087971035,0.08922525,0.007961145
3468,0,1,-0.18191576,-0.10616875,-0.1311880236710454,0.05072774,0.0025733036
3469,0,1,0.12114382,0.08501887,0.0221130746551967,0.09903074,0.0098070875
3470,0,1,-0.022009373,-0.0053725243,0.0025433241547592,0.024552697,0.000602835
3471,0,1,-0.00375247,0.010563374,0.0089462072560957,0.012698677,0.00016125641
3472,0,1,-0.009726286,0.0053887367,-0.1504655730630126,0.14073929,0.01980755
3473,0,1,0.13915753,0.08674574,0.0474415971851649,0.09171593,0.008411813
3474,0,1,-0.045625925,-0.026528835,0.0287248760391851,0.074350804,0.005528042
3475,0,1,-0.028175116,-0.010837078,-0.1299260314940489,0.10175091,0.010353248
3476,0,1,0.119965315,0.08487439,0.0306905408190951,0.08927477,0.007969985
3477,0,1,-0.030008078,-0.0124697685,0.0472495223239457,0.0772576,0.0059687374
3478,0,1,-0.045446873,-0.026365995,-0.1245975236600314,0.079150654,0.0062648263
3479,0,1,0.11498594,0.0842247,0.0576790922271435,0.057306852,0.0032840753
3480,0,1,-0.055167437,-0.035248518,-0.1030289948633758,0.04786156,0.002290729
3481,0,1,0.094833374,0.08090377,0.2525068778180852,0.15767351,0.024860935
3482,0,1,-0.2360897,-0.12969708,-0.3137192358363796,0.07762954,0.006026345
3483,0,1,0.2915871,0.06526446,0.2345555960455714,0.057031512,0.0032525933
3484,0,1,-0.2194848,-0.1256237,-0.1821762546923042,0.037308544,0.0013919275
3485,0,1,0.16878629,0.08764267,0.1805750416427494,0.011788756,0.00013897476
3486,0,1,-0.16946149,-0.09690094,-0.197277077697032,0.027815595,0.00077370735
3487,0,1,0.18289375,0.0872159,0.1920922770939821,0.009198517,8.461271e-05
3488,0,1,-0.18014503,-0.104892254,0.0203388099457746,0.20048383,0.040193766
3489,0,1,-0.020354271,-0.0039126873,-0.0378951743631441,0.017540902,0.00030768325
3490,0,1,0.03399396,0.042331934,0.1620613279505933,0.12806737,0.016401252
3491,0,1,-0.15227747,-0.08297634,-0.2403107998373772,0.08803333,0.0077498676
3492,0,1,0.22308707,0.08296108,0.2055542625074249,0.01753281,0.00030739946
3493,0,1,-0.1926248,-0.113589525,-0.0632647668137629,0.12936005,0.016734023
3494,0,1,0.05768633,0.06144929,0.0455669632678672,0.012119364,0.00014687899
3495,0,1,-0.04387784,-0.02494216,-0.0311022398435745,0.0127756,0.00016321595
3496,0,1,0.027652025,0.037106276,0.0381925483193379,0.010540523,0.000111102614
3497,0,1,-0.03700304,-0.018733978,0.0841127290697314,0.12111577,0.014669029
3498,0,1,-0.07979083,-0.044219732,-0.102563499051691,0.02277267,0.00051859446
3499,0,1,0.0943985,0.080819845,-0.0149929884036126,0.10939149,0.011966498
3500,0,1,0.012613773,0.02453351,-0.0044181389027531,0.017031912,0.00029008603
3501,0,1,0.002743721,0.016144276,-0.0574121640123674,0.060155883,0.0036187302
3502,0,1,0.052220345,0.057095528,0.0918430219670365,0.03962268,0.0015699568
3503,0,1,-0.08698797,-0.0448339,-0.0862913794963637,0.00069659203,4.8524043e-07
3504,0,1,0.079195976,0.07756901,0.0316424709213762,0.047553506,0.002261336
3505,0,1,-0.03089571,-0.013261795,-0.2063054302000511,0.17540972,0.03076857
3506,0,1,0.19132829,0.08669758,0.3224202201088384,0.13109192,0.017185092
3507,0,1,-0.30060744,-0.12211394,-0.1892616343898647,0.11134581,0.01239789
3508,0,1,0.17540622,0.08751154,0.0244132498781977,0.15099296,0.022798873
3509,0,1,-0.02415371,-0.0072693825,-0.0814837740491007,0.057330064,0.0032867363
3510,0,1,0.07470441,0.07478547,-0.0485472458938538,0.123251654,0.01519097
3511,0,1,0.04394102,0.05043602,0.128263290113606,0.084322274,0.007110246
3512,0,1,-0.120872736,-0.054097652,-0.1490006375155252,0.028127909,0.00079117925
3513,0,1,0.1377883,0.0866456,0.0106090645200493,0.12717924,0.016174559
3514,0,1,-0.011277676,0.0040397644,-0.0589110379160469,0.04763336,0.0022689372
3515,0,1,0.053619623,0.05821371,0.0902310326471678,0.036611408,0.0013403952
3516,0,1,-0.08548713,-0.044708967,0.1404303356288063,0.22591746,0.051038697
3517,0,1,-0.13218284,-0.06501317,-0.0714523440454653,0.060730495,0.003688193
3518,0,1,0.06533408,0.06748295,0.0680567048515712,0.002722621,7.412665e-06
3519,0,1,-0.0648365,-0.042821646,-0.1388662988110134,0.0740298,0.005480412
3520,0,1,0.12831879,0.08581233,0.134228336491974,0.005909547,3.492275e-05
3521,0,1,-0.12641811,-0.059523344,-0.0277050045219748,0.09871311,0.009744277
3522,0,1,0.024479628,0.034475327,0.0711990005469336,0.046719372,0.0021826997
3523,0,1,-0.06776357,-0.043107986,-0.1870722151743429,0.11930865,0.014234554
3524,0,1,0.17336011,0.08756566,0.1996197960183088,0.02625969,0.0006895714
3525,0,1,-0.18712401,-0.10984135,-0.2035469846007864,0.016422972,0.00026971402
3526,0,1,0.18875098,0.08687687,0.1257324510094846,0.06301853,0.003971335
3527,0,1,-0.11851907,-0.051753044,-0.1490064700408191,0.030487403,0.00092948176
3528,0,1,0.13779402,0.08664513,0.0221868607739481,0.11560716,0.013365014
3529,0,1,-0.022078037,-0.0054330826,0.0898800902715022,0.11195813,0.012534623
3530,0,1,-0.08516097,-0.044682026,0.0408147997432077,0.12597577,0.015869895
3531,0,1,-0.039447784,-0.02093649,-0.0849730490922229,0.045525268,0.00207255
3532,0,1,0.077964544,0.0772779,0.1392103437176062,0.0612458,0.003751048
3533,0,1,-0.1310482,-0.06394577,-0.0602808634970295,0.07076734,0.0050080167
3534,0,1,0.054899693,0.059233665,0.0830953730347938,0.02819568,0.00079499633
3535,0,1,-0.07884312,-0.044136286,0.0144050667166957,0.09324818,0.008695223
3536,0,1,-0.014818907,0.00094747543,-0.0992461454700208,0.08442724,0.0071279583
3537,0,1,0.09129882,0.08020759,0.0746191172816157,0.016679704,0.00027821254
3538,0,1,-0.07094979,-0.043413162,-0.0432854568193343,0.027664337,0.00076531555
3539,0,1,0.039027452,0.04644656,-0.0149841621189779,0.054011613,0.0029172543
3540,0,1,0.0126059055,0.02452612,-0.0078255629065924,0.020431468,0.00041744488
3541,0,1,0.0059239864,0.018858433,-0.0184384063187104,0.024362393,0.0005935262
3542,0,1,0.015829802,0.027243137,-0.0122586394130688,0.028088441,0.00078896055
3543,0,1,0.010061264,0.022374392,-0.047704107943745,0.057765372,0.0033368382
3544,0,1,0.043153763,0.049798965,0.036144256195115,0.007009506,4.9133178e-05
3545,0,1,-0.03509307,-0.017018318,0.1247435438333077,0.15983662,0.025547745
3546,0,1,-0.11759949,-0.05082965,-0.0208253776847895,0.09677411,0.009365228
3547,0,1,0.018057585,0.029114485,-0.0294159026771092,0.047473487,0.002253732
3548,0,1,0.026077032,0.03580165,0.0130985371103879,0.012978495,0.00016844133
3549,0,1,-0.013599873,0.0020139217,0.0923672129186909,0.10596708,0.011229022
3550,0,1,-0.08747625,-0.044873714,-0.1143476903927398,0.026871435,0.00072207407
3551,0,1,0.105409145,0.082784176,0.1592621661287312,0.05385302,0.0029001478
3552,0,1,-0.14967775,-0.080756664,-0.2120145311162184,0.062336773,0.0038858731
3553,0,1,0.19666147,0.08626652,0.2491728082574988,0.052511334,0.0027574403
3554,0,1,-0.23300743,-0.1295681,-0.2007807077714658,0.032226726,0.0010385619
3555,0,1,0.18616724,0.087038994,0.2105794296049246,0.024412185,0.00059595477
3556,0,1,-0.19728208,-0.11665845,-0.1883906137617637,0.008891463,7.905812e-05
3557,0,1,0.17459202,0.08753371,0.0826906369107183,0.091901384,0.008445865
3558,0,1,-0.078466415,-0.04410243,-0.1966133374956546,0.118146926,0.013958696
3559,0,1,0.18227434,0.08724713,0.0436244620419818,0.13864988,0.019223789
3560,0,1,-0.042067528,-0.023302078,-0.0892760553955493,0.047208525,0.002228645
3561,0,1,0.081983805,0.078211546,0.0300384088035499,0.051945396,0.0026983242
3562,0,1,-0.029399395,-0.011927605,0.1747863836197383,0.20418578,0.041691836
3563,0,1,-0.16408992,-0.09269023,-0.1403449780526582,0.02374494,0.0005638222
3564,0,1,0.12969995,0.08594942,0.1043673895467787,0.025332555,0.00064173836
3565,0,1,-0.09864497,-0.045746565,-0.0780806944536673,0.02056428,0.00042288963
3566,0,1,0.0715251,0.07231927,0.1350008470020243,0.06347574,0.00402917
3567,0,1,-0.12713575,-0.06021452,-0.12127142848168,0.005864322,3.4390276e-05
3568,0,1,0.11187768,0.083783865,-0.0362989663493702,0.14817664,0.021956317
3569,0,1,0.032503605,0.041107655,0.0972937481608644,0.064790145,0.004197763
3570,0,1,-0.09206152,-0.0452435,0.0388271161751632,0.13088864,0.017131837
3571,0,1,-0.037595034,-0.019266367,-0.160472314725832,0.122877285,0.015098827
3572,0,1,0.14850712,0.08728981,0.2525153781461786,0.10400826,0.010817718
3573,0,1,-0.23609757,-0.1296978,-0.1767292495706045,0.059368327,0.0035245982
3574,0,1,0.16369724,0.087661505,0.3014666830740293,0.13776943,0.018980416
3575,0,1,-0.2812991,-0.12648797,-0.3116631835394221,0.030364066,0.0009219765
3576,0,1,0.28967047,0.06593943,0.3998857261317816,0.11021525,0.0121474005
3577,0,1,-0.3717687,-0.0857296,-0.4519301502422186,0.08016142,0.006425854
3578,0,1,0.42017984,-0.0036809444,0.4105403521025694,0.009639502,9.291999e-05
3579,0,1,-0.3815267,-0.07883167,-0.363090513836831,0.018436193,0.00033989322
3580,0,1,0.3375919,0.045954227,0.2086008360951932,0.12899105,0.016638692
3581,0,1,-0.19544816,-0.11546183,-0.1132649403444405,0.08218322,0.0067540817
3582,0,1,0.1043973,0.08261728,0.2121819697380682,0.10778467,0.011617536
3583,0,1,-0.19876671,-0.117527485,-0.1148095242343436,0.08395719,0.0070488094
3584,0,1,0.105840445,0.08285403,0.1138005582105727,0.007960111,6.336337e-05
3585,0,1,-0.107421875,-0.046366453,-0.2884519185336729,0.18103004,0.032771874
3586,0,1,0.26802063,0.07284284,0.1702491412093998,0.097771496,0.009559265
3587,0,1,-0.15987825,-0.08929825,-0.2704539139176281,0.110575646,0.012226974
3588,0,1,0.2512269,0.07728863,0.170551316255088,0.08067559,0.00650855
3589,0,1,-0.16015935,-0.08952737,-0.1137339915521287,0.046425357,0.0021553137
3590,0,1,0.10483575,0.082690716,0.1685970083520453,0.063761264,0.0040654987
3591,0,1,-0.1583445,-0.08804417,-0.052005132828603,0.10633937,0.011308062
3592,0,1,0.047169685,0.05304241,0.0339730280434777,0.013196658,0.00017415179
3593,0,1,-0.033068657,-0.015204191,0.1066835867776974,0.13975224,0.019530687
3594,0,1,-0.100800276,-0.045903683,-0.1648473260916394,0.06404705,0.004102025
3595,0,1,0.15259528,0.08745217,0.2000677038565839,0.047472417,0.0022536304
3596,0,1,-0.18753934,-0.110127926,-0.0744704964986087,0.11306884,0.012784563
3597,0,1,0.06815314,0.06969094,0.1070748776875358,0.038921736,0.0015149015
3598,0,1,-0.10116458,-0.04592991,-0.201492619612988,0.10032804,0.010065717
3599,0,1,0.18683219,0.08699846,0.2679854985477541,0.0811533,0.0065858588
3600,0,1,-0.25039625,-0.12971973,-0.2547421585362217,0.004345894,1.8886793e-05
3601,0,1,0.23656082,0.08052254,0.3717297203923282,0.13516891,0.018270634
3602,0,1,-0.34594703,-0.101747036,-0.4405214138685474,0.09457439,0.008944316
3603,0,1,0.40959,0.0037550926,0.3670294030273999,0.042560607,0.0018114053
3604,0,1,-0.34163094,-0.10411048,-0.3417147221286991,8.377433e-05,7.018138e-09
3605,0,1,0.31768107,0.055045128,0.3481683520715322,0.03048727,0.0009294736
3606,0,1,-0.32430077,-0.11269593,-0.3543744581553127,0.030073702,0.00090442755
3607,0,1,0.32947445,0.049794197,0.2112091013046035,0.118265346,0.013986692
3608,0,1,-0.19786501,-0.11703706,-0.1207662308035031,0.07709878,0.0059442217
3609,0,1,0.11140609,0.08371544,0.1828572230566738,0.07145114,0.005105266
3610,0,1,-0.17157888,-0.09852433,-0.2041517506826955,0.032572865,0.0010609915
3611,0,1,0.1893158,0.08683896,0.1241496412851868,0.06516615,0.0042466274
3612,0,1,-0.11704707,-0.05027342,-0.1857124911996011,0.068665415,0.0047149393
3613,0,1,0.17209077,0.08759236,0.07710827871793,0.09498249,0.009021673
3614,0,1,-0.07326746,-0.043630123,-0.0293031075226894,0.043964352,0.0019328643
3615,0,1,0.02597189,0.03571415,0.0116154466196669,0.014356443,0.00020610745
3616,0,1,-0.012216806,0.0032215118,0.109196121986657,0.121412925,0.0147410985
3617,0,1,-0.10313797,-0.046070337,-0.2086734219887587,0.10553545,0.01113773
3618,0,1,0.19353962,0.08652854,0.1180586056559986,0.07548101,0.005697383
3619,0,1,-0.11138296,-0.046628237,0.0610641726585798,0.17244713,0.029738013
3620,0,1,-0.058321476,-0.038152218,-0.0740407125672422,0.015719235,0.00024709434
3621,0,1,0.067751884,0.069377184,0.0592355461698583,0.008516338,7.252801e-05
3622,0,1,-0.056617737,-0.03658223,0.0699520873505812,0.12656982,0.01601992
3623,0,1,-0.06660199,-0.042994976,-0.0935805523610877,0.02697856,0.0007278427
3624,0,1,0.08600545,0.07910228,0.1406139309964138,0.05460848,0.002982086
3625,0,1,-0.13235354,-0.065173626,-0.0044050971742715,0.12794845,0.016370805
3626,0,1,0.002732277,0.016133785,0.0410041906837914,0.038271915,0.0014647394
3627,0,1,-0.03962493,-0.021095514,-0.0867978812491565,0.04717295,0.002225287
3628,0,1,0.079669476,0.077679396,-0.0145295200817772,0.094198994,0.008873451
3629,0,1,0.012181044,0.024168491,0.0594166271684182,0.047235582,0.0022312002
3630,0,1,-0.05678606,-0.03673792,-0.0245815366577706,0.032204524,0.0010371313
3631,0,1,0.021564007,0.032046795,0.0068413382385839,0.014722669,0.00021675698
3632,0,1,-0.0077621937,0.007094145,0.0381503048107365,0.045912497,0.0021079574
3633,0,1,-0.03696394,-0.018698692,0.192244307176161,0.22920825,0.05253642
3634,0,1,-0.18028593,-0.10499501,-0.1722486436766055,0.008037284,6.459793e-05
3635,0,1,0.15951085,0.08762288,0.1846578744827458,0.02514702,0.0006323727
3636,0,1,-0.173249,-0.09979153,-0.047802567670649,0.12544644,0.015736809
3637,0,1,0.043245554,0.049873114,-0.020110524912106,0.06335608,0.004013993
3638,0,1,0.017390013,0.02855444,0.2062210353841282,0.18883102,0.035657153
3639,0,1,-0.19324303,-0.11400223,-0.1711821825596624,0.022060841,0.0004866807
3640,0,1,0.1585145,0.08760691,0.0294506555529348,0.12906384,0.016657475
3641,0,1,-0.028852463,-0.011439323,0.1510235536491713,0.17987601,0.03235538
3642,0,1,-0.142025,-0.07404041,-0.1852431251506123,0.043218136,0.0018678072
3643,0,1,0.1716516,0.08760095,0.1644913631020128,0.0071602315,5.1268915e-05
3644,0,1,-0.1545322,-0.08488107,-0.0846451194005872,0.06988707,0.004884203
3645,0,1,0.07765794,0.07706547,0.1170802252735065,0.03942229,0.0015541168
3646,0,1,-0.11047268,-0.046568632,-0.0431487600222575,0.06732392,0.0045325104
3647,0,1,0.038898945,0.04634285,0.060602955288878,0.02170401,0.0004710641
3648,0,1,-0.05789137,-0.037755966,-0.0804530062668207,0.02256164,0.00050902757
3649,0,1,0.07374191,0.0740397,0.1310817052061001,0.057339787,0.0032878513
3650,0,1,-0.12349248,-0.056678057,-0.1301891264801549,0.0066966414,4.484501e-05
3651,0,1,0.12021136,0.084905386,0.0458066160997931,0.07440475,0.0055360664
3652,0,1,-0.044101715,-0.025145292,0.0135410586280624,0.057642773,0.0033226893
3653,0,1,-0.01401329,0.0016517639,-0.0380275074607614,0.024014216,0.00057668256
3654,0,1,0.034118176,0.0424335,0.0337472423769122,0.0003709346,1.3759248e-07
3655,0,1,-0.03285837,-0.015015602,-0.1022475191293574,0.06938915,0.004814854
3656,0,1,0.09410334,0.080762625,0.1693404822083684,0.07523714,0.005660627
3657,0,1,-0.15903568,-0.08861041,-0.0791776907518988,0.07985799,0.0063772984
3658,0,1,0.07254982,0.073116064,0.0940299590138815,0.021480136,0.00046139624
3659,0,1,-0.08902407,-0.044999838,-0.0416040331760276,0.047420032,0.0022486595
3660,0,1,0.037457466,0.045165777,0.1510485117695377,0.113591045,0.012902926
3661,0,1,-0.14204836,-0.07406044,-0.1865393774194093,0.044491023,0.0019794512
3662,0,1,0.172863,0.087576866,0.1938358867979821,0.020972878,0.00043986161
3663,0,1,-0.1817615,-0.10605812,-0.1264105637254133,0.055350944,0.003063727
3664,0,1,0.116680145,0.084453106,0.1333879912211371,0.016707852,0.00027915233
3665,0,1,-0.12563682,-0.05876732,-0.4257580450596401,0.30012122,0.09007274
3666,0,1,0.3958788,0.012914419,0.5270359180806232,0.1311571,0.017202185
3667,0,1,-0.48769736,0.02677989,-0.3433756479950869,0.14432171,0.020828756
3668,0,1,0.3192289,0.054378033,0.3217302126264294,0.0025013387,6.2566955e-06
3669,0,1,-0.29997253,-0.12232876,-0.2942331114826704,0.0057394207,3.294095e-05
3670,0,1,0.27341413,0.07124734,0.3243535976942389,0.05093947,0.0025948298
3671,0,1,-0.3023882,-0.121498585,-0.350298946666705,0.04791075,0.00229544
3672,0,1,0.3256786,0.0515275,0.4485637456534408,0.12288517,0.015100764
3673,0,1,-0.41628766,-0.050456524,-0.458226042798989,0.041938394,0.0017588289
3674,0,1,0.42602158,-0.007916689,0.4087667738635967,0.0172548,0.0002977281
3675,0,1,-0.37990236,-0.080011606,-0.2904551301253741,0.08944723,0.008000807
3676,0,1,0.2698896,0.07229924,0.2506369170729878,0.019252688,0.00037066598
3677,0,1,-0.23436141,-0.12962961,-0.3221479686476884,0.087786555,0.007706479
3678,0,1,0.2994461,0.062389135,0.438921272031854,0.13947517,0.019453323
3679,0,1,-0.40748143,-0.058208942,-0.3670284579266094,0.040452987,0.0016364441
3680,0,1,0.34125805,0.04415822,0.2317863213926774,0.10947172,0.011984059
3681,0,1,-0.21692157,-0.12472963,-0.1349421677758435,0.081979394,0.006720621
3682,0,1,0.12465191,0.08542371,0.0376645017766357,0.086987406,0.0075668087
3683,0,1,-0.036510706,-0.018291235,0.1098783438093233,0.14638905,0.021429755
3684,0,1,-0.1037724,-0.046115637,-0.0513807630178102,0.052391637,0.0027448835
3685,0,1,0.04658699,0.052572966,-0.1133940244896507,0.15998101,0.025593923
3686,0,1,0.10451794,0.08263683,0.1874838957007125,0.082965955,0.0068833497
3687,0,1,-0.17587137,-0.10175586,-0.0515342426973899,0.12433713,0.015459722
3688,0,1,0.04673004,0.052689075,0.15713857301396,0.11040853,0.012190043
3689,0,1,-0.1477058,-0.07904959,-0.1911683080938573,0.043462515,0.0018889902
3690,0,1,0.17718744,0.08745527,-0.0009550317125492,0.17814247,0.031734742
3691,0,1,-0.00048804283,0.013373613,0.1811841697759431,0.18167222,0.033004794
3692,0,1,-0.17002678,-0.097335815,-0.1890354236844058,0.019008651,0.00036132883
3693,0,1,0.1751945,0.08751798,0.2232920492576333,0.04809755,0.0023133743
3694,0,1,-0.20905662,-0.12179613,-0.2213689412445503,0.012312323,0.0001515933
3695,0,1,0.20539856,0.08538985,0.1197115966162174,0.08568696,0.007342255
3696,0,1,-0.112920046,-0.046726227,0.0046077321638864,0.117527775,0.013812778
3697,0,1,-0.005678177,0.008899927,0.0215389758645478,0.027217153,0.00074077345
3698,0,1,-0.021473408,-0.004899502,0.1504999308172641,0.17197333,0.029574826
3699,0,1,-0.14153957,-0.07360506,-0.3119964502083037,0.17045689,0.02905555
3700,0,1,0.2899809,0.06583023,0.31450459884074,0.024523705,0.00060141215
3701,0,1,-0.29331636,-0.12401962,-0.4008252623176327,0.1075089,0.011558163
3702,0,1,0.37270474,0.027196646,0.2445116384155494,0.12819311,0.016433474
3703,0,1,-0.22869611,-0.12859201,-0.1603908052867955,0.0683053,0.0046656136
3704,0,1,0.14843106,0.08728647,0.1140224238269174,0.034408636,0.0011839543
3705,0,1,-0.107628345,-0.046379805,0.026742352318835,0.1343707,0.018055486
3706,0,1,-0.026326895,-0.009193897,0.027364767206734,0.053691663,0.0028827947
3707,0,1,-0.026906729,-0.009709597,-0.1012920853016319,0.07438536,0.0055331816
3708,0,1,0.09321022,0.0805881,0.0543727586771232,0.038837463,0.0015083485
3709,0,1,-0.05208659,-0.03242135,-0.1173653624582873,0.06527877,0.0042613177
3710,0,1,0.10822821,0.083233595,0.253039894954282,0.14481169,0.020970425
3711,0,1,-0.23658347,-0.12971449,-0.1773643768507087,0.059219092,0.003506901
3712,0,1,0.16429043,0.08766365,0.1023119547900361,0.061978474,0.0038413312
3713,0,1,-0.09673214,-0.045603275,-0.0075741814027376,0.08915796,0.007949142
3714,0,1,0.005689144,0.018659592,0.1228746497240123,0.1171855,0.013732443
3715,0,1,-0.11586189,-0.049073935,-0.2388151414695261,0.12295325,0.015117502
3716,0,1,0.22169042,0.08318496,0.0516483266694849,0.1700421,0.028914316
3717,0,1,-0.049546003,-0.030100346,-0.1976921220178118,0.14814612,0.021947274
3718,0,1,0.1832819,0.08719683,0.2963271271128187,0.113045216,0.012779221
3719,0,1,-0.2765596,-0.12727547,-0.0646934212215724,0.21186617,0.044887275
3720,0,1,0.05902052,0.062506914,0.0905407496478201,0.031520233,0.000993525
3721,0,1,-0.08577585,-0.04473281,-0.1196811067344034,0.033905253,0.0011495661
3722,0,1,0.11039257,0.08356476,0.0575608904460551,0.05283168,0.0027911863
3723,0,1,-0.05505681,-0.03514695,0.0349007428254708,0.08995755,0.008092361
3724,0,1,-0.033934116,-0.01597929,0.0190582897557178,0.052992404,0.0028081948
3725,0,1,-0.01915884,-0.0028607845,0.1096827801441162,0.12884162,0.016600164
3726,0,1,-0.103590965,-0.04610324,-0.1296374592386726,0.0260465,0.0006784201
3727,0,1,0.11969471,0.084840536,0.1966074842521958,0.076912776,0.005915575
3728,0,1,-0.18433094,-0.107886076,-0.18837082300085,0.0040398836,1.632066e-05
3729,0,1,0.17457414,0.08753443,0.1456038962036752,0.028970242,0.0008392749
3730,0,1,-0.13699031,-0.06947732,0.0349742024924761,0.17196451,0.029571794
3731,0,1,-0.034001827,-0.016040325,-0.0656568901460343,0.031655066,0.0010020431
3732,0,1,0.05992031,0.06321931,-0.0129111898085834,0.0728315,0.005304427
3733,0,1,0.0106704235,0.022891045,0.1087689289722027,0.09809851,0.009623317
3734,0,1,-0.102740765,-0.046042442,-0.215401140861128,0.11266038,0.012692361
3735,0,1,0.19982386,0.08597326,0.2280271123562229,0.028203249,0.0007954232
3736,0,1,-0.21344113,-0.123466015,-0.180159353292594,0.033281773,0.0011076764
3737,0,1,0.16690183,0.087658405,0.0963260162910772,0.07057581,0.004980945
3738,0,1,-0.091160774,-0.0451715,-0.1009811459091962,0.009820372,9.6439704e-05
3739,0,1,0.092920065,0.0805316,0.1711566076109552,0.07823655,0.006120958
3740,0,1,-0.16072106,-0.08998418,-0.0080105933231666,0.15271047,0.023320487
3741,0,1,0.006096363,0.01900649,-0.1397045321938645,0.14580089,0.0212579
3742,0,1,0.12910199,0.085891485,0.1403848748065739,0.011282876,0.0001273033
3743,0,1,-0.1321404,-0.06497407,-0.0879611538546982,0.044179246,0.0019518058
3744,0,1,0.08075571,0.077931404,0.1485197233779556,0.067764014,0.0045919614
3745,0,1,-0.13969946,-0.07194662,0.0892876573800567,0.22898713,0.052435104
3746,0,1,-0.08460927,-0.044635296,0.0360911999542752,0.12070047,0.014568604
3747,0,1,-0.035043955,-0.01697421,-0.0927816326408632,0.05773768,0.0033336396
3748,0,1,0.08525944,0.07894039,0.0809204914932042,0.0043389425,1.8826422e-05
3749,0,1,-0.07681775,-0.043955803,0.0091080131015015,0.085925765,0.007383237
3750,0,1,-0.009877443,0.005257368,-0.0220104429375282,0.012133,0.00014720969
3751,0,1,0.019163847,0.030040503,0.0691507455027746,0.0499869,0.00249869
3752,0,1,-0.065855265,-0.04292178,0.0735218192969422,0.13937709,0.019425973
3753,0,1,-0.06992698,-0.043316603,-0.0860098863085774,0.016082913,0.0002586601
3754,0,1,0.07893324,0.07750726,-0.0719120261596288,0.15084526,0.022754293
3755,0,1,0.065763,0.06782079,-0.0583574370229609,0.12412043,0.015405881
3756,0,1,0.053102493,0.057801247,0.1256633531275555,0.07256086,0.0052650785
3757,0,1,-0.11845517,-0.051688194,-0.2536245099381045,0.13516933,0.018270748
3758,0,1,0.23551679,0.08072972,0.2162157815223628,0.019301012,0.00037252906
3759,0,1,-0.20250368,-0.11913419,-0.2486446758588232,0.046141,0.0021289918
3760,0,1,0.23086762,0.08161497,0.1472112849258753,0.08365634,0.0069983834
3761,0,1,-0.13848376,-0.07084322,-0.1745384513047239,0.036054686,0.0012999404
3762,0,1,0.16165042,0.08764839,0.1862303659403696,0.024579942,0.0006041736
3763,0,1,-0.17470789,-0.10088849,-0.1974380694678617,0.022730187,0.0005166614
3764,0,1,0.1830442,0.08720899,0.2548355502281958,0.07179135,0.0051539983
3765,0,1,-0.23824334,-0.12976241,-0.133273959012826,0.10496938,0.011018571
3766,0,1,0.12309337,0.08524799,0.1556610978301233,0.032567725,0.0010606567
3767,0,1,-0.14633322,-0.07785368,-0.2059935600624869,0.059660345,0.0035593568
3768,0,1,0.19103646,0.08671856,0.3108241451917988,0.11978769,0.014349092
3769,0,1,-0.28992486,-0.12478495,-0.2169032809249227,0.073021576,0.0053321505
3770,0,1,0.20122719,0.08583546,0.1039036090328355,0.09732358,0.009471879
3771,0,1,-0.098213196,-0.04571438,-0.0411432828638389,0.057069913,0.003256975
3772,0,1,0.03702712,0.044814587,-0.0771935019822245,0.11422062,0.013046349
3773,0,1,0.07069683,0.07167387,0.077628215360284,0.006931387,4.8044123e-05
3774,0,1,-0.07375193,-0.0436759,-0.0353243111203651,0.038427614,0.0014766814
3775,0,1,0.0315938,0.04035902,0.1297392989426558,0.0981455,0.009632539
3776,0,1,-0.12224531,-0.055453062,-0.2551317862572229,0.13288647,0.017658813
3777,0,1,0.23692441,0.08044934,0.2412546222315899,0.004330218,1.8750787e-05
3778,0,1,-0.22568274,-0.1276629,-0.2858905143857173,0.060207784,0.0036249773
3779,0,1,0.2656312,0.073524,0.3720305664893155,0.10639936,0.011320823
3780,0,1,-0.34622264,-0.101593256,-0.3591341418568459,0.012911499,0.0001667068
3781,0,1,0.33390737,0.047719717,0.124859315626681,0.20904805,0.043701086
3782,0,1,-0.117707014,-0.05093789,-0.2425691101993292,0.12486209,0.015590541
3783,0,1,0.22519541,0.08261323,0.3818490034334965,0.15665358,0.024540344
3784,0,1,-0.35523343,-0.09635949,-0.3933282976687922,0.03809488,0.0014512198
3785,0,1,0.3657322,0.031196833,0.170534321952041,0.19519787,0.038102206
3786,0,1,-0.16014266,-0.08951473,-0.2914512695726947,0.13130862,0.017241953
3787,0,1,0.27081895,0.072026014,0.1334824747226997,0.13733648,0.018861309
3788,0,1,-0.12572479,-0.05885148,0.0104124759251438,0.13613726,0.018533355
3789,0,1,-0.011093855,0.004198551,-0.002766005382115,0.008327849,6.9353075e-05
3790,0,1,0.001201868,0.014823914,0.0479833775963247,0.04678151,0.0021885098
3791,0,1,-0.046130657,-0.026987553,-0.1020919959998636,0.05596134,0.0031316716
3792,0,1,0.0939579,0.08073425,0.1997038054830868,0.10574591,0.011182197
3793,0,1,-0.18720174,-0.10989475,-0.1396126849056331,0.04758905,0.0022647176
3794,0,1,0.12901592,0.085882664,0.0507908360759175,0.07822509,0.006119165
3795,0,1,-0.0487473,-0.029370546,-0.0984739176681057,0.049726613,0.002472736
3796,0,1,0.0905776,0.080061674,0.1221085161233208,0.031530917,0.0009941987
3797,0,1,-0.11514878,-0.048351288,-0.0664021973216417,0.048746586,0.0023762297
3798,0,1,0.06061673,0.06376982,-0.0233374644172723,0.0839542,0.007048308
3799,0,1,0.020402431,0.031077385,0.07935421976171,0.058951788,0.0034753133
3800,0,1,-0.075359344,-0.043822527,0.07628806518052,0.15164742,0.02299694
3801,0,1,-0.07250333,-0.043559074,-0.0514422603376401,0.021061067,0.0004435685
3802,0,1,0.04664445,0.052619696,-0.0487763974915087,0.09542085,0.009105139
3803,0,1,0.044154882,0.050609827,-0.1641374323118261,0.20829232,0.043385692
3804,0,1,0.15193224,0.08742952,0.2409020291310568,0.0889698,0.007915624
3805,0,1,-0.22535753,-0.12756062,-0.1175787624256639,0.10777877,0.011616264
3806,0,1,0.10842776,0.083265066,-0.1168607501915151,0.22528851,0.050754912
3807,0,1,0.10775685,0.0831604,0.1018816542271703,0.0058752,3.4517976e-05
3808,0,1,-0.096331835,-0.045572758,-0.1221963734535114,0.025864542,0.00066897454
3809,0,1,0.11274266,0.08390832,0.2848062378652991,0.17206359,0.029605879
3810,0,1,-0.26592898,-0.12865615,-0.3235431562624518,0.057614177,0.0033193934
3811,0,1,0.30074596,0.061896324,0.3125396951030135,0.011793733,0.00013909212
3812,0,1,-0.29150558,-0.124435425,-0.2468175629748388,0.044688016,0.0019970187
3813,0,1,0.22916198,0.08192444,0.1093114877295176,0.11985049,0.014364139
3814,0,1,-0.10324526,-0.046078205,0.0623716045803122,0.16561687,0.027428947
3815,0,1,-0.059540033,-0.03927684,-0.1357419714716199,0.076201946,0.0058067366
3816,0,1,0.12539959,0.08550644,0.3048996346664485,0.17950004,0.032220267
3817,0,1,-0.28446412,-0.12590456,-0.269170336190875,0.015293777,0.00023389961
3818,0,1,0.2500286,0.07757616,0.1563365394784135,0.093692064,0.008778203
3819,0,1,-0.1469605,-0.07840133,-0.0990293677994142,0.047931127,0.002297393
3820,0,1,0.0910964,0.08016634,-0.0118752246448012,0.10297163,0.010603156
3821,0,1,0.009704113,0.022071362,0.0287880482238658,0.019083936,0.0003641966
3822,0,1,-0.028233767,-0.010889769,-0.0996097512773976,0.07137599,0.005094532
3823,0,1,0.09163904,0.0802753,0.1498773003609796,0.058238253,0.003391694
3824,0,0,-0.1409607,-0.07308459,0.0675346799072187,0.20849538,0.043470323
3825,0,0,-0.06434965,-0.04277301,0.0502205947097871,0.114570245,0.013126341
3826,0,0,-0.048216105,-0.02888608,0.0671071965767584,0.1153233,0.013299463
3827,0,0,-0.06395173,-0.042732716,0.0919267539444903,0.15587848,0.024298102
3828,0,0,-0.08706546,-0.044840097,-0.0714559543615021,0.015609503,0.00024365658
3829,0,0,0.06533766,0.067486286,-0.0318235589193367,0.09716122,0.009440303
3830,0,0,0.02832508,0.037662983,-0.0962063963482986,0.12453148,0.015508089
3831,0,0,0.08845925,0.07962465,-0.0404607175315359,0.12891997,0.01662036
3832,0,0,0.03638959,0.04429412,0.0525350866680831,0.016145498,0.0002606771
3833,0,0,-0.050373077,-0.030855179,0.0802860827915235,0.13065916,0.017071817
3834,0,0,-0.07622719,-0.043901682,0.0870658092914222,0.163293,0.026664605
3835,0,0,-0.08254051,-0.04445982,0.0273372013776667,0.10987771,0.012073112
3836,0,0,-0.026881218,-0.009686232,0.0692361421313578,0.09611736,0.009238548
3837,0,0,-0.06593442,-0.04292941,-0.0634115649427888,0.002522856,6.364802e-06
3838,0,0,0.057823658,0.061558723,-0.1543579078844636,0.21218157,0.045021016
3839,0,0,0.14279485,0.08698535,-0.1209731907045572,0.26376805,0.06957358
3840,0,0,0.111599445,0.08374381,-0.2249535224147703,0.33655298,0.113267906
3841,0,0,0.20874572,0.084997416,-0.2628499037366318,0.47159562,0.22240242
3842,0,0,0.24412942,0.07892966,-0.1976221191197904,0.44175154,0.19514443
3843,0,0,0.18321657,0.08719969,-0.2343663635274984,0.41758293,0.1743755
3844,0,0,0.21753621,0.08381748,-0.445954571702726,0.6634908,0.44022
3845,1,0,-0.4595685,0.00025200844,-0.4343178933509857,0.025250614,0.0006375935
3846,1,0,-0.4478817,0.0076668262,-0.3752028034694423,0.072678894,0.005282222
3847,1,0,-0.3884189,0.040310144,-0.5895872462947245,0.20116836,0.040468708
3848,1,0,-0.6032815,-0.117370844,-0.5955311950367732,0.0077503324,6.006765e-05
3849,1,0,-0.6092055,-0.12325144,-0.4981397236424736,0.111065775,0.012335607
3850,1,0,-0.5119021,-0.036949873,-0.5015851651200962,0.010316908,0.0001064386
3851,1,0,-0.51535296,-0.039631605,-0.5253139768317738,0.009961009,9.92217e-05
3852,1,0,-0.53910065,-0.058849335,-0.31516447718711,0.22393617,0.050147407
3853,1,0,-0.32787848,0.06478405,-0.1625991722095254,0.1652793,0.027317246
3854,1,0,-0.1734631,0.0873754,-0.1444124851745027,0.029050618,0.00084393844
3855,1,0,-0.15500784,0.086298704,-0.1580214592570987,0.0030136257,9.08194e-06
3856,1,0,-0.16881776,0.08717942,-0.2024643220205568,0.03364657,0.0011320916
3857,1,0,-0.21388316,0.08694267,-0.2389126715641847,0.02502951,0.00062647637
3858,1,0,-0.25079703,0.083170176,-0.3755211923506647,0.12472415,0.015556114
3859,1,0,-0.3887384,0.040156603,-0.4236142275001269,0.03487584,0.0012163242
3860,1,0,-0.43712664,0.014200926,-0.4879064319700723,0.05077979,0.002578587
3861,1,0,-0.50164986,-0.029148102,-0.4779697914381766,0.023680061,0.0005607453
3862,1,0,-0.4916904,-0.021810055,-0.4900466821285785,0.0016437173,2.7018066e-06
3863,1,0,-0.50379443,-0.030760765,-0.6070808870978213,0.103286445,0.01066809
3864,1,0,-0.6207113,-0.13490081,-0.6457664588713781,0.02505511,0.00062775856
3865,1,0,-0.65919447,-0.17603588,-0.6584630014661448,0.0007314682,5.3504573e-07
3866,1,0,-0.6718056,-0.1902349,-0.6384064747437803,0.033399165,0.0011155042
3867,1,0,-0.65187955,-0.16796136,-0.6150549685081503,0.036824584,0.00135605
3868,1,0,-0.6286502,-0.14311361,-0.7859543892104441,0.15730423,0.02474462
3869,1,0,-0.79789174,-0.35092115,-0.7127819475789976,0.08510977,0.007243673
3870,1,0,-0.7256508,-0.25475836,-0.6690683560963564,0.05658245,0.0032015739
3871,1,0,-0.6823323,-0.20235491,-0.7280467835796149,0.045714498,0.0020898152
3872,1,0,-0.74074936,-0.27396488,-0.5711546158366376,0.16959476,0.028762383
3873,1,0,-0.584898,-0.09963369,-0.8507460483546803,0.26584804,0.07067518
3874,1,0,-0.8615614,-0.44428372,-0.8707352303343701,0.0091738105,8.41588e-05
3875,1,0,-0.8811449,-0.46683717,-0.7568352083472485,0.12430966,0.015452892
3876,1,0,-0.76918495,-0.31142735,-0.6948994510016808,0.07428551,0.005518337
3877,1,0,-0.7079439,-0.23284912,-0.704241517479947,0.003702402,1.3707781e-05
3878,1,0,-0.7171973,-0.24421477,-0.7908332786708479,0.073635995,0.0054222597
3879,1,0,-0.80269647,-0.35769248,-0.8029982191524778,0.00030177832,9.107015e-08
3880,1,0,-0.8146683,-0.37476206,-0.8602715677563284,0.045603275,0.0020796587
3881,1,0,-0.8708968,-0.4576831,-0.8945999158943547,0.023703098,0.0005618369
3882,1,0,-0.90448785,-0.4880538,-0.8693164670071707,0.03517139,0.0012370266
3883,1,0,-0.87975574,-0.46559143,-0.8479203175377612,0.031835437,0.001013495
3884,1,0,-0.8587905,-0.44006133,-0.93061650498919,0.07182598,0.0051589715
3885,1,0,-0.93963814,-0.5209558,-0.8731931182030594,0.06644499,0.004414937
3886,1,0,-0.883551,-0.46900058,-0.7353764783519223,0.14817452,0.02195569
3887,1,0,-0.74799454,-0.28335094,-0.7243114163779674,0.02368313,0.0005608907
3888,1,0,-0.7370558,-0.26922226,-0.5930123553645901,0.14404345,0.020748515
3889,1,0,-0.6066954,-0.120749,-0.6294520779066113,0.022756636,0.0005178645
3890,1,0,-0.64297616,-0.15829468,-0.5748008975733359,0.068175256,0.0046478654
3891,1,0,-0.5885358,-0.10308242,-0.5310914362723822,0.057444334,0.0032998514
3892,1,0,-0.54487944,-0.063724995,-0.8195905689604284,0.27471113,0.07546621
3893,1,0,-0.8309816,-0.39847183,-0.7703063697643115,0.060675263,0.0036814876
3894,1,0,-0.7824725,-0.32950068,-0.674352203248693,0.10812026,0.011689991
3895,1,0,-0.68757474,-0.2084794,-0.7346139417006832,0.04703921,0.0022126874
3896,1,0,-0.74724054,-0.28236866,-0.7470980300713461,0.0001425147,2.0310441e-08
3897,1,0,-0.75957334,-0.29857707,-0.6146962319828551,0.14487714,0.020989385
3898,1,0,-0.6282935,-0.14274168,-0.6157437783452706,0.012549758,0.00015749643
3899,1,0,-0.6293365,-0.14383054,-0.5890444946861808,0.040291965,0.0016234424
3900,1,0,-0.60274076,-0.116837025,-0.576116138494736,0.02662462,0.0007088704
3901,1,0,-0.5898483,-0.10433364,-0.3629855571280131,0.22686273,0.051466696
3902,1,0,-0.37611055,0.046001434,-0.5879626038813579,0.21185207,0.044881303
3903,1,0,-0.6016619,-0.1157763,-0.6453060403933899,0.04364413,0.0019048101
3904,1,0,-0.6587368,-0.17552733,-0.6948402454594349,0.036103427,0.0013034574
3905,1,0,-0.70788515,-0.23277783,-0.4584775955188127,0.24940756,0.06220413
3906,1,0,-0.47213936,-0.008087873,-0.601617465621068,0.1294781,0.016764577
3907,1,0,-0.61526966,-0.12935305,-0.582697046014022,0.032572627,0.0010609761
3908,1,0,-0.59641194,-0.110651255,-0.5697107091742031,0.026701212,0.00071295473
3909,1,0,-0.583457,-0.09827638,-0.5308043299182619,0.052652657,0.0027723024
3910,1,0,-0.5445924,-0.063480616,-0.4394872268291472,0.10510516,0.011047095
3911,1,0,-0.45307422,0.0044136047,-0.3889215216671777,0.06415269,0.0041155675
3912,1,0,-0.4022317,0.033485413,-0.3925486146906203,0.009683073,9.37619e-05
3913,1,0,-0.40588212,0.031606197,-0.2999887697532797,0.10589334,0.0112134
3914,1,0,-0.3125546,0.06957626,-0.2166590918577844,0.0958955,0.009195947
3915,1,0,-0.22826385,0.08585811,-0.3829664413159297,0.15470257,0.023932887
3916,1,0,-0.39623642,0.036503315,-0.3042371606480323,0.09199926,0.008463864
3917,1,0,-0.3168447,0.068291426,-0.0229801748555629,0.29386452,0.08635636
3918,1,0,-0.031577826,0.030798435,0.0773141427702279,0.10889197,0.011857461
3919,1,0,0.07058072,-0.043647766,0.109533582813269,0.038952865,0.0015173256
3920,1,0,0.103428364,-0.046092987,0.2638100477360048,0.16038167,0.025722282
3921,1,0,0.26082563,-0.129807,0.288221977253182,0.027396351,0.0007505601
3922,1,0,0.28573847,-0.12830162,0.229975071795752,0.055763394,0.0031095562
3923,1,0,0.22629642,-0.124127865,0.3092606706595857,0.08296424,0.006883065
3924,1,0,0.307209,-0.12509418,0.1931121784628411,0.114096835,0.0130180875
3925,1,0,0.1886816,-0.10557556,0.1090757359306855,0.07960587,0.0063370946
3926,1,0,0.10296178,-0.046061993,0.1540342014581988,0.05107242,0.002608392
3927,1,0,0.14881372,-0.07652521,0.1346457264669935,0.014167994,0.00020073206
3928,1,0,0.1290381,-0.059896708,0.1476990361887495,0.018660948,0.00034823097
3929,1,0,0.14235163,-0.07125521,0.1937584172357316,0.051406786,0.0026426576
3930,1,0,0.1893413,-0.10600662,0.1824079390756274,0.0069333613,4.80715e-05
3931,1,0,0.17776012,-0.098205805,0.194048111464157,0.016287982,0.00026529838
3932,1,0,0.18963695,-0.10619855,0.1847703080110916,0.0048666447,2.3684232e-05
3933,1,0,0.18017077,-0.09987068,0.1193631502243435,0.060807623,0.003697567
3934,1,0,0.113452196,-0.046705484,0.2235787592332201,0.11012657,0.012127861
3935,1,0,0.21976948,-0.12190032,0.3586201910540216,0.13885072,0.019279523
3936,1,0,0.35757518,-0.108115196,0.3617909426142285,0.004215777,1.7772774e-05
3937,1,0,0.36080956,-0.106637955,0.3730385371227127,0.012228966,0.0001495476
3938,1,0,0.3722856,-0.10107374,0.4191150712231528,0.046829462,0.0021929985
3939,1,0,0.41928554,-0.07294631,0.2931085214210265,0.12617701,0.015920639
3940,1,0,0.29072547,-0.1277144,0.3975595593781236,0.106834084,0.011413521
3941,1,0,0.39730024,-0.087174416,0.3476602450578423,0.04964,0.0024641296
3942,1,0,0.34639263,-0.11290765,0.3080524788057546,0.03834015,0.0014699672
3943,1,0,0.3059759,-0.12532568,0.4005013870582607,0.094525486,0.008935068
3944,1,0,0.40030122,-0.0853436,0.4406605222834003,0.04035932,0.0016288746
3945,1,0,0.44125676,-0.056839228,0.3797631320590175,0.061493635,0.0037814672
3946,1,0,0.37914586,-0.09750438,0.6196557336321651,0.24050987,0.057844996
3947,1,0,0.6235423,0.15055513,0.6278603850231508,0.0043180585,1.864563e-05
3948,1,0,0.63188386,0.16322923,0.4939748977553582,0.13790897,0.019018883
3949,1,0,0.49560165,-0.008837938,0.4319322008588915,0.06366944,0.004053798
3950,1,0,0.43235636,-0.06359196,0.3188325802639551,0.11352378,0.012887649
3951,1,0,0.3169763,-0.12305093,0.2601741757729394,0.056802124,0.0032264814
3952,1,0,0.25711513,-0.12982798,0.3825573049988282,0.12544218,0.01573574
3953,1,0,0.38199615,-0.095966816,0.2040808076023776,0.17791535,0.03165387
3954,1,0,0.19987416,-0.11267042,0.2331786181861481,0.033304453,0.0011091866
3955,1,0,0.22956657,-0.12518239,0.2444785940214289,0.014912024,0.00022236846
3956,1,0,0.24109745,-0.12858295,0.2409085582770553,0.00018888712,3.5678344e-08
3957,1,0,0.23745465,-0.127563,0.3708823649251451,0.13342771,0.017802954
3958,1,0,0.37008572,-0.102180004,0.315282312863816,0.0548034,0.0030034129
3959,1,0,0.3133533,-0.123851776,0.1703145366375462,0.14303876,0.020460088
3960,1,1,0.1654222,-0.089348316,-0.1943169861528382,0.35973918,0.12941228
3961,1,1,-0.20562553,0.087343216,0.0284852934431625,0.23411083,0.054807883
3962,1,1,0.020824194,-0.010638237,0.0052833281246984,0.015540866,0.00024151852
3963,1,1,-0.0028054714,0.008354187,0.0700107530246154,0.07281622,0.0053022024
3964,1,1,0.0631361,-0.043000698,0.1041993339132596,0.041063234,0.0016861892
3965,1,1,0.0979898,-0.045734644,-0.1840040006270347,0.2819938,0.07952051
3966,1,1,-0.19517112,0.08762121,0.1355494710599107,0.3307206,0.10937612
3967,1,1,0.12996006,-0.060704947,-0.1903464031713038,0.32030648,0.10259624
3968,1,1,-0.20160127,0.08748102,0.0297169874385123,0.23131825,0.053508133
3969,1,1,0.02207923,-0.011661291,0.0786367802465211,0.05655755,0.0031987566
3970,1,1,0.07192922,-0.04376173,-0.1326507442442537,0.20457996,0.041852962
3971,1,1,-0.14306784,0.08518028,0.0574935472700457,0.20056139,0.040224873
3972,1,1,0.050379515,-0.03508973,0.0093039708239692,0.041075543,0.0016872002
3973,1,1,0.001288414,0.005099058,-0.1671453992361646,0.16843382,0.02836995
3974,1,1,-0.17807436,0.08752036,-0.0397096145271014,0.13836475,0.019144803
3975,1,1,-0.048601627,0.043720007,-0.0618701274418458,0.013268501,0.0001760531
3976,1,1,-0.07114363,0.060415506,-0.0177757977252901,0.05336783,0.0028481253
3977,1,1,-0.026280642,0.026723385,0.0476797438701628,0.073960386,0.0054701385
3978,1,1,0.040379047,-0.026730776,0.1411562161582931,0.100777164,0.010156036
3979,1,1,0.13567781,-0.06564546,-0.108702892474287,0.24438071,0.05972193
3980,1,1,-0.11874604,0.08188486,-0.1050902895648762,0.013655752,0.00018647956
3981,1,1,-0.115076065,0.081269264,0.1276945610246294,0.24277063,0.058937576
3982,1,1,0.121948004,-0.053572655,-0.1363040316406243,0.25825202,0.06669411
3983,0,1,0.12592459,0.08556318,0.2601240970280867,0.1341995,0.018009506
3984,0,1,-0.24313188,-0.12982774,-0.1567970107207132,0.08633487,0.00745371
3985,0,1,0.14507294,0.08711767,0.2859733654447747,0.14090043,0.019852933
3986,0,1,-0.26700544,-0.12853909,-0.3181146960396033,0.051109254,0.0026121559
3987,0,1,0.29568505,0.063786745,0.3953132489897677,0.09962821,0.00992578
3988,0,1,-0.36757874,-0.08854842,-0.3170236178680841,0.05055514,0.0025558223
3989,0,1,0.29466867,0.06415725,0.3677515091909185,0.073082834,0.0053411005
3990,0,1,-0.34229422,-0.10375285,-0.4103052105577176,0.068010986,0.004625494
3991,0,1,0.38151884,0.021941662,0.4978716849255229,0.116352856,0.013537987
3992,0,1,-0.46121097,-0.004873514,-0.4693547219859746,0.008143753,6.632071e-05
3993,0,1,0.43634295,-0.015634298,0.3639041733405324,0.07243878,0.0052473764
3994,0,1,-0.33876085,-0.10563135,-0.1945932497120117,0.1441676,0.020784298
3995,0,1,0.18038702,0.08733249,0.0489603164099317,0.1314267,0.017272979
3996,0,1,-0.047041178,-0.027816534,-0.0789415903082546,0.031900413,0.0010176364
3997,0,1,0.07233,0.07294464,0.153445914952587,0.08111592,0.0065797917
3998,0,1,-0.1442759,-0.07604265,-0.1887937749072992,0.044517875,0.0019818412
3999,0,1,0.17496872,0.08752394,0.2507508740154232,0.07578215,0.005742934
4000,0,1,-0.23446655,-0.12963367,-0.2299261595932011,0.0045403987,2.061522e-05
4001,0,1,0.21339035,0.084400654,0.3014155213832361,0.08802518,0.007748433
4002,0,1,-0.28125167,-0.12649655,-0.3223591695514072,0.041107506,0.0016898271
4003,0,1,0.29964256,0.062314034,0.3647644839029982,0.06512192,0.0042408644
4004,0,1,-0.33955097,-0.10521603,-0.0981023650699515,0.24144861,0.058297433
4005,0,1,0.09023023,0.079990864,0.0507887868710894,0.03944144,0.0015556272
4006,0,1,-0.048745394,-0.029369354,-0.0752614468954755,0.02651605,0.00070310093
4007,0,1,0.06889176,0.07026744,0.0099129793697594,0.058978785,0.003478497
4008,0,1,-0.010627985,0.004605055,-0.0252878358194785,0.01465985,0.0002149112
4009,0,1,0.022223234,0.032597303,0.0245076991607131,0.0022844654,5.218782e-06
4010,0,1,-0.024242401,-0.0073468685,0.1541635422978799,0.17840594,0.03182868
4011,0,1,-0.14494157,-0.076631784,-0.0760311478767974,0.06891042,0.004748646
4012,0,1,0.069610834,0.07082939,0.2090619754875047,0.13945115,0.019446623
4013,0,1,-0.19587588,-0.115741014,-0.2465541023635942,0.050678223,0.0025682824
4014,0,1,0.22891617,0.0819695,0.2247827434318567,0.004133418,1.7085145e-05
4015,0,1,-0.21043754,-0.12233186,-0.394664549818164,0.18422702,0.033939596
4016,0,1,0.36697507,0.030494452,0.2912391229735145,0.07573596,0.005735935
4017,0,1,-0.2718649,-0.12794971,-0.3075015135957657,0.035636634,0.0012699696
4018,0,1,0.2857895,0.06727457,0.2775498677834722,0.008239627,6.789145e-05
4019,0,1,-0.25923014,-0.12925267,-0.3403550310318288,0.0811249,0.0065812496
4020,0,1,0.31641483,0.05558443,0.6000146500521315,0.2835998,0.080428846
4021,0,1,-0.55367494,0.12134719,-0.5540658609214861,0.00039094687,1.5283945e-07
4022,0,1,0.5147188,-0.083871126,0.2851982060837126,0.22952056,0.052679688
4023,0,1,-0.26629043,-0.12861776,-0.3317074035321465,0.06541699,0.004279383
4024,0,1,0.3083558,0.058917046,0.3082805673649287,7.5250864e-05,5.6626925e-09
4025,0,1,-0.28758073,-0.12528348,-0.307816245010295,0.020235509,0.00040947582
4026,0,1,0.28608274,0.06717467,0.1606910374230938,0.1253917,0.01572308
4027,0,1,-0.15100479,-0.08189368,-0.1634909161994473,0.01248613,0.00015590344
4028,0,1,0.15132761,0.08740783,0.1178776730167756,0.03344994,0.0011188985
4029,0,1,-0.11121416,-0.046616554,-0.0875660445179908,0.023648113,0.00055923325
4030,0,1,0.080387354,0.077847004,0.051134423544068,0.029252931,0.000855734
4031,0,1,-0.049067497,-0.029663324,-0.2708682210768294,0.22180071,0.049195558
4032,0,1,0.25161266,0.07719612,0.0925814345665334,0.15903123,0.02529093
4033,0,1,-0.087675095,-0.044890404,0.1181892981022554,0.2058644,0.04238015
4034,0,1,-0.11150384,-0.046635866,-0.0288608475928544,0.08264299,0.0068298634
4035,0,1,0.025559425,0.03537178,-0.0147212568767662,0.04028068,0.0016225333
4036,0,1,0.012360811,0.024318933,-0.006370745369657,0.018731557,0.0003508712
4037,0,1,0.004565954,0.017701387,0.0968919417097322,0.092325985,0.008524087
4038,0,1,-0.091688156,-0.045214415,-0.0543391015850645,0.037349053,0.0013949517
4039,0,1,0.049350023,0.054795504,-0.0646043209717839,0.11395434,0.012985593
4040,0,1,0.05893731,0.06244111,-0.0021809266115617,0.061118238,0.003735439
4041,0,1,0.00065612793,0.014355421,-0.09589949283734,0.09655562,0.009322988
4042,0,1,0.0881722,0.079564095,0.0859614156089518,0.002210781,4.8875527e-06
4043,0,1,-0.081511736,-0.044370174,-0.2073655657186539,0.12585384,0.015839187
4044,0,1,0.1923182,0.08662295,0.353218903553063,0.16090071,0.025889039
4045,0,1,-0.3289435,-0.11053705,-0.2588734483206161,0.07007003,0.0049098087
4046,0,1,0.24041748,0.079731464,0.1036412145085563,0.13677627,0.018707749
4047,0,1,-0.09796953,-0.04569602,-0.0073978687159419,0.090571664,0.008203226
4048,0,1,0.0055248737,0.018518686,-0.1075876767379631,0.113112554,0.01279445
4049,0,1,0.09909296,0.08169818,0.1358665741181219,0.036773607,0.0013522982
4050,0,1,-0.12794137,-0.060988188,0.00086114564608,0.12880252,0.01659009
4051,0,1,-0.002182722,0.011916161,0.0333402068115682,0.03552293,0.0012618785
4052,0,1,-0.03247857,-0.014676571,0.0695629142483178,0.10204148,0.010412464
4053,0,1,-0.066239834,-0.042960644,-0.1900712827451407,0.12383145,0.015334228
4054,0,1,0.17616177,0.087489605,0.2685469356302681,0.09238517,0.00853502
4055,0,1,-0.2509148,-0.12970138,-0.1084334596332952,0.14248136,0.020300938
4056,0,1,0.09988308,0.08183956,0.1151256728105338,0.0152425915,0.00023233659
4057,0,1,-0.108654976,-0.046448946,-0.1471125292521953,0.038457558,0.0014789838
4058,0,1,0.13602424,0.086509466,0.2615330534267053,0.12550882,0.015752463
4059,0,1,-0.24443412,-0.12982678,-0.4057931279677729,0.16135901,0.02603673
4060,0,1,0.37732387,0.024469852,0.3528838235509806,0.02444005,0.0005973161
4061,0,1,-0.32863498,-0.110682964,-0.332353909738091,0.0037189424,1.3830532e-05
4062,0,1,0.30895853,0.05867505,0.3015847612182782,0.00737378,5.437263e-05
4063,0,1,-0.28140807,-0.1264689,-0.0455668377243405,0.23584123,0.055621084
4064,0,1,0.041157246,0.048179865,0.0768068669748265,0.03564962,0.0012708954
4065,0,1,-0.07298756,-0.043605328,0.0889162683052164,0.16190383,0.026212849
4066,0,1,-0.0842638,-0.04460621,0.028777874536642,0.11304168,0.012778421
4067,0,1,-0.028223991,-0.0108811855,-0.1731511832124153,0.14492719,0.02100389
4068,0,1,0.16035438,0.087634325,0.1107670128319622,0.04958736,0.0024589065
4069,0,1,-0.10459924,-0.046172857,-0.3065558374079686,0.2019566,0.040786467
4070,0,1,0.28490758,0.06757116,0.2666337220943027,0.01827386,0.00033393397
4071,0,1,-0.24914742,-0.12975526,-0.1904244933201662,0.05872293,0.0034483823
4072,0,1,0.17649221,0.08747816,0.228846537440361,0.05235432,0.002740975
4073,0,1,-0.21420002,-0.12374544,-0.2365700807452464,0.022370055,0.00050041935
4074,0,1,0.219594,0.08351016,0.2686951576764338,0.049101144,0.0024109224
4075,0,1,-0.25105214,-0.12969661,-0.4651464967309873,0.21409434,0.045836385
4076,0,1,0.43244028,-0.012681484,0.398929480200382,0.033510804,0.001122974
4077,0,1,-0.3708923,-0.08632636,-0.3754712680142908,0.004578978,2.0967038e-05
4078,0,1,0.34911752,0.040179968,0.4586361146509974,0.10951859,0.011994321
4079,0,1,-0.42547822,-0.041953087,-0.5512845724538376,0.12580633,0.015827233
4080,0,1,0.5121515,-0.08136773,0.462876201333541,0.04927528,0.0024280532
4081,0,1,-0.4293456,-0.038250208,-0.4241025437721308,0.005243063,2.748971e-05
4082,0,1,0.394341,0.0139091015,0.593979526841296,0.19963855,0.039855547
4083,0,1,-0.5482352,0.11269212,-0.5035470473803314,0.044688106,0.0019970268
4084,0,1,0.46802068,-0.041171312,0.5609870531308654,0.09296638,0.008642747
4085,0,1,-0.5184455,0.06804037,-0.408689147422792,0.10975635,0.012046456
4086,0,1,0.38001657,0.022853374,0.3890652436547777,0.0090486705,8.187844e-05
4087,0,1,-0.36185145,-0.092264175,-0.41557024516344,0.053718805,0.00288571
4088,0,1,0.38641262,0.018930674,0.345457963138827,0.04095465,0.0016772833
4089,0,1,-0.32180882,-0.11381197,-0.2904882637859463,0.031320542,0.0009809764
4090,0,1,0.2699201,0.07229066,0.23879319534249,0.031126916,0.0009688849
4091,0,1,-0.22340512,-0.12693477,-0.2610274937620409,0.037622362,0.0014154421
4092,0,1,0.2424283,0.07930207,0.2155451222206053,0.026883185,0.0007227056
4093,0,1,-0.20188165,-0.118872166,-0.2068043159460773,0.004922673,2.423271e-05
4094,0,1,0.19179368,0.08666277,0.1566417333541014,0.035151944,0.0012356591
4095,0,1,-0.14724445,-0.078649044,-0.149285216847717,0.0020407587,4.1646963e-06
4096,0,1,0.13805413,0.08666539,0.1361758824542507,0.0018782467,3.5278106e-06
4097,0,1,-0.12822795,-0.061262846,-0.2041151339331963,0.07588719,0.0057588653
4098,0,1,0.18928218,0.08684182,0.3809304805213842,0.1916483,0.03672907
4099,0,1,-0.35439062,-0.09686518,-0.4282477138695832,0.0738571,0.005454871
4100,0,1,0.3981917,0.011405468,0.370823582477839,0.027368098,0.0007490128
4101,0,1,-0.34511495,-0.10220957,-0.3833813168073305,0.03826636,0.0014643144
4102,0,1,0.3564782,0.03629732,0.3322069309345292,0.02427128,0.000589095
4103,0,1,-0.30961776,-0.118846655,-0.3262655533639056,0.016647786,0.00027714876
4104,0,1,0.30328345,0.060921192,0.1066364914972037,0.19664696,0.038670026
4105,0,1,-0.10075688,-0.04590082,-0.0411201182111282,0.059636764,0.0035565437
4106,0,1,0.037005424,0.044796467,-0.0123519191928673,0.049357343,0.0024361473
4107,0,1,0.010148048,0.022448063,-0.0409560435565117,0.05110409,0.002611628
4108,0,1,0.03685236,0.044671535,0.0656658386388038,0.028813481,0.0008302167
4109,0,1,-0.062609196,-0.04211712,-0.1300121124431861,0.067402914,0.0045431526
4110,0,1,0.120045185,0.084884405,0.3343057844791532,0.21426061,0.04590761
4111,0,1,-0.31154943,-0.11809611,-0.4225284146560781,0.11097899,0.012316337
4112,0,1,0.39287877,0.0148489475,0.2349018763185633,0.1579769,0.0249567
4113,0,1,-0.21980476,-0.12573338,-0.2252983954036915,0.005493626,3.0179926e-05
4114,0,1,0.20906782,0.08495712,0.2805335907419524,0.07146576,0.005107355
4115,0,1,-0.2619846,-0.12903261,-0.3027077627332821,0.040723175,0.001658377
4116,0,1,0.28131843,0.068758965,0.4053230718316745,0.12400463,0.015377149
4117,0,1,-0.37674975,-0.08226657,-0.4898260240907084,0.11307627,0.012786243
4118,0,1,0.45531464,-0.030593157,0.3261633579671379,0.12915128,0.016680054
4119,0,1,-0.3040545,-0.120908976,-0.2655256978673059,0.0385288,0.0014844685
4120,0,1,0.24662685,0.07836914,0.4285865433001778,0.18195969,0.03310933
4121,0,1,-0.39803672,-0.06609821,-0.4686275049900303,0.070590794,0.00498306
4122,0,1,0.43566823,-0.015120745,0.3815001121248484,0.054168105,0.0029341837
4123,0,1,-0.354913,-0.09655237,-0.1956469079375002,0.15926608,0.025365686
4124,0,1,0.18137074,0.08728838,0.0874955406658344,0.09387519,0.008812551
4125,0,1,-0.08294058,-0.044493914,-0.0973153502428734,0.01437477,0.00020663402
4126,0,1,0.08949494,0.07983971,-0.0590792640854624,0.1485742,0.022074293
4127,0,1,0.053776264,0.058339596,-0.1221315027941885,0.17590776,0.03094354
4128,0,1,0.11268163,0.08390117,0.1857631738195255,0.07308155,0.0053409133
4129,0,1,-0.17427468,-0.100563526,-0.2431164969762917,0.068841815,0.0047391956
4130,0,1,0.2257073,0.08252716,0.2383337052206813,0.0126264095,0.00015942621
4131,0,1,-0.22298026,-0.12679505,-0.1569083388053198,0.06607193,0.0043654996
4132,0,1,0.14517713,0.08712387,-0.0843771820277017,0.22955431,0.05269518
4133,0,1,0.07740784,0.07687211,0.0828042917184666,0.0053964555,2.9121733e-05
4134,0,1,-0.078572035,-0.044112682,-0.2305614297650429,0.1519894,0.023100778
4135,0,1,0.21398282,0.08432031,0.1580552654579725,0.05592756,0.003127892
4136,0,1,-0.14855719,-0.079788685,0.0109620813360544,0.15951927,0.025446398
4137,0,1,-0.01160717,0.0037519932,-0.0117459559430326,0.00013878569,1.9261467e-08
4138,0,1,0.009583235,0.02196908,-0.1747329557520416,0.18431619,0.033972457
4139,0,1,0.1618321,0.087649584,0.2449814362935658,0.083149344,0.0069138133
4140,0,1,-0.22913074,-0.1287241,-0.1334220346843757,0.09570871,0.009160157
4141,0,1,0.123232126,0.08526397,0.1247166171385427,0.0014844909,2.2037134e-06
4142,0,1,-0.11757469,-0.0508039,-0.2029221457507977,0.08534746,0.0072841886
4143,0,1,0.18816757,0.08691549,0.0435578160144203,0.14460975,0.02091198
4144,0,1,-0.04200554,-0.023245811,-0.148860663029072,0.106855124,0.011418018
4145,0,1,0.13765764,0.086634874,0.2017698333190285,0.06411219,0.0041103726
4146,0,1,-0.18911672,-0.1112144,-0.1522140053583895,0.03690271,0.00136181
4147,0,1,0.14079022,0.086857796,0.0699893132405176,0.07080091,0.005012769
4148,0,1,-0.066636324,-0.04299879,0.0160660271889137,0.08270235,0.006839679
4149,0,1,-0.016368628,-0.00040984154,0.0376361462850689,0.054004773,0.0029165156
4150,0,1,-0.03648424,-0.018267632,-0.0962956123592997,0.05981137,0.0035773998
4151,0,1,0.08854246,0.07964158,0.2304336919057337,0.14189123,0.020133121
4152,0,1,-0.2156694,-0.12428117,-0.1401527034013368,0.075516686,0.00570277
4153,0,1,0.12952065,0.085932255,0.1667423520639506,0.0372217,0.0013854549
4154,0,1,-0.15662336,-0.08662295,-0.1072508543866259,0.04937251,0.0024376446
4155,0,1,0.09877777,0.08164048,-0.0312535148282391,0.13003129,0.016908135
4156,0,1,0.02779293,0.037222624,-0.0593073069129412,0.08710024,0.0075864512
4157,0,1,0.053989887,0.05850911,0.1376680870783873,0.0836782,0.007002041
4158,0,1,-0.12961602,-0.062586546,-0.1986832846483506,0.06906727,0.004770288
4159,0,1,0.18420815,0.08714867,0.2310988511428346,0.04689069,0.0021987369
4160,0,1,-0.21628547,-0.12450242,-0.0840525923272861,0.13223287,0.017485533
4161,0,1,0.07710481,0.07663989,0.2581315019769268,0.1810267,0.032770663
4162,0,1,-0.24129009,-0.12981653,-0.3248174299681809,0.08352733,0.0069768145
4163,0,1,0.30193448,0.061442614,0.34862457962701,0.046690106,0.002179966
4164,0,1,-0.32472014,-0.112505436,-0.4661408379647462,0.14142069,0.019999811
4165,0,1,0.43336272,-0.013375998,0.3869147602092457,0.046447963,0.0021574132
4166,0,1,-0.35987854,-0.0935061,-0.3053273467323607,0.054551184,0.0029758317
4167,0,1,0.28376174,0.06795502,0.2794004018459004,0.0043613315,1.9021212e-05
4168,0,1,-0.2609384,-0.12912011,-0.2008851019861852,0.060053304,0.0036063993
4169,0,1,0.18626499,0.08703303,0.2141537889508495,0.02788879,0.0007777846
4170,0,1,-0.20059347,-0.11832142,-0.319200877794175,0.1186074,0.014067716
4171,0,1,0.29669833,0.06341314,0.180852252506352,0.11584608,0.0134203145
4172,0,1,-0.16971827,-0.09709811,-0.0274677190798215,0.14225055,0.02023522
4173,0,1,0.024258375,0.034291744,0.1757209760526197,0.1514626,0.022940919
4174,0,1,-0.16495705,-0.093378305,0.0139847337359095,0.17894179,0.032020163
4175,0,1,-0.014426231,0.0012903214,0.1074532449641254,0.12187947,0.014854606
4176,0,1,-0.10151577,-0.045955896,0.0391925803096877,0.14070836,0.019798841
4177,0,1,-0.037935495,-0.019573927,-0.1158723031215376,0.077936806,0.006074146
4178,0,1,0.10683346,0.08301473,0.1048693206797404,0.001964137,3.857834e-06
4179,0,1,-0.099111795,-0.045780182,-0.1514765332016825,0.052364737,0.0027420656
4180,0,1,0.14010215,0.086811066,0.1103151870214009,0.02978696,0.0008872629
4181,0,1,-0.104179144,-0.046144724,-0.0518089858680483,0.052370157,0.0027426335
4182,0,1,0.046987057,0.052895308,0.0987011322656132,0.051714078,0.0026743459
4183,0,1,-0.09337187,-0.04534626,0.0566847054213481,0.15005657,0.022516975
4184,0,1,-0.05423999,-0.034396887,0.0992144061037461,0.1534544,0.023548251
4185,0,1,-0.0938499,-0.045383215,0.1511574934187178,0.2450074,0.060028624
4186,0,1,-0.14214993,-0.07415199,-0.0971998159099301,0.044950113,0.0020205127
4187,0,1,0.08938718,0.079817295,0.0653422541098476,0.024044923,0.00057815836
4188,0,1,-0.062307596,-0.041837215,-0.1246716373648864,0.06236404,0.0038892736
4189,0,1,0.115055084,0.084233046,0.157187282793171,0.0421322,0.0017751221
4190,0,1,-0.1477511,-0.07908988,0.0197835528707854,0.16753465,0.028067859
4191,0,1,-0.019835949,-0.0034558773,-0.0601708981733142,0.040334947,0.001626908
4192,0,1,0.054796457,0.05915165,-0.0563462626687196,0.111142725,0.012352705
4193,0,1,0.05122447,0.056298733,0.085698756930038,0.034474283,0.0011884762
4194,0,1,-0.081267595,-0.044348717,0.0245098042555942,0.1057774,0.011188858
4195,0,1,-0.02424407,-0.0073485374,-0.1782995155042965,0.15405545,0.023733081
4196,0,1,0.165164,0.08766341,0.022330355965503,0.14283364,0.020401448
4197,0,1,-0.022211552,-0.0055511,0.0058076325135716,0.028019184,0.00078507466
4198,0,1,-0.0067982674,0.007930756,-0.124506854954451,0.117708586,0.013855311
4199,0,1,0.11490178,0.08421278,0.1642868028352766,0.049385026,0.0024388807
4200,0,1,-0.15434289,-0.08472085,0.0233497691506094,0.17769265,0.031574678
4201,0,1,-0.023162127,-0.0063915253,0.0137923901587257,0.036954515,0.0013656361
4202,0,1,-0.014247179,0.0014474392,0.1041520344063569,0.11839921,0.014018373
4203,0,0,-0.0984447,-0.04573059,-0.0559696392696684,0.04247506,0.0018041307
4204,0,0,0.05087328,0.056016922,0.0861582427399056,0.035284966,0.0012450288
4205,0,0,-0.08169484,-0.04438591,0.1649043699948551,0.24659921,0.060811173
4206,0,0,-0.15491652,-0.08520198,0.144741572745604,0.29965812,0.089794986
4207,0,0,-0.13618898,-0.06874037,0.2465728654014087,0.38276184,0.14650662
4208,0,0,-0.23060298,-0.12915874,0.1025822038997588,0.3331852,0.11101238
4209,0,0,-0.09698367,-0.04562235,0.0871481570162613,0.18413183,0.03390453
4210,0,0,-0.082617044,-0.04446554,0.1123198367677953,0.19493687,0.038000382
4211,0,0,-0.10604453,-0.046272516,0.0434916290367906,0.14953616,0.022361064
4212,0,0,-0.041943073,-0.02319026,0.1108741378774538,0.15281722,0.023353102
4213,0,0,-0.1046989,-0.04618001,0.176651295747559,0.2813502,0.07915793
4214,0,0,-0.1658206,-0.09406018,-0.0683935038891543,0.09742709,0.009492039
4215,0,0,0.062476635,0.065237045,0.0457320125819005,0.016744621,0.00028038234
4216,0,0,-0.044032097,-0.025082111,-0.0574051368696206,0.01337304,0.00017883819
4217,0,0,0.05221343,0.057090282,-0.1984387540384795,0.2506522,0.06282652
4218,0,0,0.18397951,0.08716011,-0.2076770402190888,0.39165655,0.15339485
4219,0,0,0.19260955,0.086601496,-0.1197489051090654,0.31235844,0.0975678
4220,0,0,0.11045575,0.08357453,-0.2225049978610491,0.33296075,0.110862866
4221,0,0,0.20645928,0.08526826,-0.197249650296297,0.40370893,0.1629809
4222,0,0,0.18286872,0.087218285,-0.1553058185213141,0.33817452,0.11436201
4223,1,0,-0.1660626,0.08703923,-0.0384512455222667,0.12761134,0.016284654
4224,1,0,-0.04732108,0.042757273,-0.1439297943018171,0.09660871,0.009333244
4225,1,0,-0.15451789,0.08625913,-0.289959684452659,0.13544181,0.018344484
4226,1,0,-0.30242229,0.0724349,-0.3462664816306571,0.043844193,0.0019223132
4227,1,0,-0.3592584,0.053202152,-0.2813441471283862,0.07791427,0.006070633
4228,1,0,-0.29371524,0.07469368,-0.313042051760251,0.019326806,0.00037352543
4229,1,0,-0.32573605,0.065487385,-0.3045164526272339,0.021219581,0.00045027063
4230,1,0,-0.317127,0.068205595,-0.2485937744239108,0.06853321,0.0046968013
4231,1,0,-0.26059484,0.08162427,-0.3724976472438706,0.1119028,0.012522237
4232,1,0,-0.3856945,0.041600943,-0.3814310385319426,0.0042634606,1.8177097e-05
4233,1,0,-0.3946905,0.037267685,-0.3337601304143689,0.06093037,0.0037125102
4234,1,0,-0.34664464,0.058143616,-0.5125611228097342,0.1659165,0.027528286
4235,1,0,-0.52634144,-0.04835868,-0.5098941485383199,0.016447306,0.00027051388
4236,1,0,-0.5236721,-0.046212673,-0.5635794087289585,0.039907277,0.0015925907
4237,1,0,-0.5773375,-0.09256458,-0.6177363441783235,0.040398836,0.001632066
4238,1,0,-0.6313193,-0.14590693,-0.694635112876669,0.06331581,0.0040088915
4239,1,0,-0.7076824,-0.23253012,-0.6168570134167823,0.09082538,0.008249249
4240,1,0,-0.6304443,-0.14498973,-0.4703655519028857,0.16007873,0.025625201
4241,1,0,-0.48406553,-0.01635027,-0.4894102097546184,0.005344689,2.8565699e-05
4242,1,0,-0.5031564,-0.030280113,-0.5986942519734764,0.09553784,0.009127479
4243,1,0,-0.61235666,-0.12641287,-0.7988623175352267,0.18650568,0.034784365
4244,1,0,-0.8105992,-0.3689282,-0.815588056694482,0.004988849,2.4888615e-05
4245,1,0,-0.8270483,-0.3927083,-0.7507777061848062,0.07627058,0.0058172015
4246,1,0,-0.76320624,-0.30341125,-0.6713096783255186,0.09189659,0.0084449835
4247,1,0,-0.6845567,-0.2049458,-0.462963998225478,0.22159272,0.049103335
4248,1,0,-0.4766407,-0.011167049,-0.3897280926458393,0.0869126,0.0075538005
4249,1,0,-0.40304327,0.033070326,-0.1255381607673933,0.2775051,0.07700908
4250,1,0,-0.13584638,0.08434439,-0.3518249976346443,0.21597862,0.046646766
4251,1,0,-0.36486292,0.05088401,-0.2434809392063157,0.12138198,0.0147335855
4252,1,0,-0.2554202,0.08246875,-0.2355900422037526,0.019830167,0.00039323553
4253,1,0,-0.24743342,0.08364844,-0.2060917301332239,0.041341692,0.0017091355
4254,1,0,-0.21755838,0.08671141,-0.0928556375979048,0.124702744,0.0155507745
4255,1,0,-0.10264444,0.07895589,0.0531262339365379,0.15577067,0.024264503
4256,1,0,0.045929193,-0.03135872,0.1121995114417373,0.06627032,0.0043917554
4257,1,0,0.10614705,-0.046264887,-0.0322918417375222,0.1384389,0.019165328
4258,1,0,-0.04105401,0.03802371,0.0509050189049884,0.09195903,0.008456463
4259,1,0,0.043665648,-0.029468775,0.1020670736331741,0.05840143,0.0034107268
4260,1,0,0.09581542,-0.045586348,0.0279620985696862,0.067853324,0.0046040737
4261,1,0,0.020291567,-0.010204554,-0.0788496549672799,0.099141225,0.009828983
4262,1,0,-0.08840823,0.072877884,-0.1456776717962848,0.05726944,0.0032797887
4263,1,0,-0.15629172,0.08639979,-0.0277894741924278,0.12850225,0.016512828
4264,1,0,-0.03647256,0.03454089,0.0241214671248215,0.060594026,0.0036716359
4265,1,0,0.016379356,-0.007027626,-0.108937489364441,0.12531684,0.015704311
4266,1,0,-0.11898422,0.08192372,0.0323311621848017,0.15131539,0.022896348
4267,1,0,0.024742126,-0.013834953,0.0465930231632274,0.021850895,0.0004774616
4268,1,0,0.03927231,-0.02581048,0.0647224459642767,0.02545014,0.00064770965
4269,1,0,0.057746172,-0.04130268,0.249136779530906,0.1913906,0.036630362
4270,1,0,0.24585056,-0.12956572,0.3308630857305847,0.085012525,0.0072271293
4271,1,0,0.32925248,-0.11931777,0.3706212584464894,0.041368783,0.0017113761
4272,1,0,0.36981964,-0.10231352,0.3889207869295146,0.019101143,0.00036485365
4273,1,0,0.38848734,-0.0923481,0.5917190168192321,0.20323169,0.04130312
4274,1,0,0.59512854,0.10948825,0.5515283221118974,0.0436002,0.0019009776
4275,1,0,0.5542238,0.056067944,0.4615368780499644,0.09268689,0.00859086
4276,1,0,0.4625404,-0.03942752,0.4966935419218048,0.034153163,0.0011664386
4277,1,0,0.49837208,-0.00607872,0.5835939260246503,0.08522183,0.00726276
4278,1,0,0.5868614,0.09815097,0.6449829532347722,0.058121562,0.003378116
4279,1,0,0.6492882,0.19057536,0.8285809039816407,0.17929274,0.032145888
4280,1,0,0.83542156,0.47083807,0.8061607065943197,0.029260874,0.0008561987
4281,1,0,0.8127451,0.44218206,0.7893963338512449,0.023348749,0.00054516405
4282,1,0,0.79577875,0.4212389,0.7466705662476039,0.049108207,0.002411616
4283,1,0,0.7524984,0.36970997,0.8347370367708211,0.082238674,0.0067631993
4284,1,0,0.8416455,0.47883606,1.0020723602989428,0.16042686,0.025736775
4285,1,0,1.0102782,0.66439056,0.9899950332230336,0.020283163,0.00041140668
4286,1,0,0.9981444,0.6535504,0.9531971326945472,0.044947267,0.0020202568
4287,1,0,0.96113753,0.61971855,0.8951911179021388,0.0659464,0.0043489276
4288,1,0,0.9026921,0.56038165,0.948879590828486,0.04618752,0.002133287
4289,1,0,0.95679235,0.61550903,1.0671222326726308,0.11032987,0.012172679
4290,1,0,1.0730829,0.72339773,0.8969366850762763,0.17614621,0.031027487
4291,1,0,0.9044523,0.5628176,0.8588675073843342,0.045584798,0.0020779737
4292,1,0,0.86602783,0.51072955,0.9740706918928748,0.108042836,0.011673255
4293,1,0,0.98213696,0.6393132,0.5646585107871354,0.41747844,0.17428824
4294,1,0,0.5675905,0.07278609,0.5957159296144492,0.028125465,0.00079104176
4295,1,0,0.5991943,0.11516619,0.828662624196546,0.22946835,0.052655723
4296,1,0,0.8355043,0.47094345,0.9971912282545644,0.16168696,0.026142672
4297,1,0,1.0053756,0.66000557,0.96665973268979,0.0387159,0.0014989208
4298,1,0,0.97468305,0.6327083,1.007452601193803,0.03276956,0.0010738441
4299,1,0,1.0156822,0.66923094,1.0230807919033391,0.0073986053,5.473936e-05
4300,1,0,1.0313702,0.68333435,0.974373976734054,0.056996167,0.003248563
4301,1,0,0.98244166,0.6395838,0.8871119979076822,0.09532964,0.00908774
4302,1,0,0.894541,0.54916644,0.5862969239940985,0.3082441,0.09501443
4303,1,0,0.5896113,0.10189223,0.6676114226950802,0.07800013,0.00608402
4304,1,0,0.6722772,0.2285757,0.7066435878505803,0.03436637,0.0011810473
4305,1,0,0.7119038,0.29909682,0.7644693483475602,0.052565515,0.0027631333
4306,1,0,0.770535,0.39085436,0.7088090635957354,0.061725914,0.0038100886
4307,1,0,0.71410084,0.30319214,0.7523552265741462,0.03825438,0.0014633976
4308,1,0,0.7582607,0.37641382,0.7040018911695745,0.054258823,0.0029440199
4309,1,0,0.7092235,0.29412484,0.5688664095652953,0.14035708,0.01970011
4310,1,0,0.57187366,0.07829499,0.5955307926907847,0.023657143,0.00055966043
4311,1,0,0.5990057,0.11490178,0.618940288837841,0.019934595,0.00039738807
4312,1,0,0.62281513,0.1494627,0.5087000777454089,0.11411506,0.013022247
4313,1,0,0.5106051,0.006471157,0.4627416431823654,0.047863454,0.00229091
4314,1,0,0.46376896,-0.038368464,0.2640454585787082,0.19972351,0.03988948
4315,1,0,0.26106596,-0.12980413,0.3339929379120292,0.07292697,0.0053183427
4316,1,0,0.33244634,-0.11820865,0.3218203736085341,0.010625958,0.000112910995
4317,1,0,0.32002497,-0.12230158,0.3567028400344525,0.036677867,0.0013452659
4318,1,0,0.35561848,-0.10898781,0.4742060571006563,0.11858758,0.014063015
4319,1,0,0.47545505,-0.027993202,0.2288621906038557,0.24659285,0.060808033
4320,1,0,0.22516155,-0.123750925,0.2796908666597311,0.05452931,0.0029734455
4321,1,0,0.2770319,-0.12909842,0.1323384461854528,0.14469345,0.020936195
4322,1,0,0.12668467,-0.057818413,0.2919390618998596,0.16525438,0.027309012
4323,1,0,0.28953195,-0.12786269,0.2233290946148183,0.06620285,0.004382817
4324,1,0,0.21951461,-0.12180948,0.2374384939126379,0.017923892,0.0003212659
4325,1,0,0.2339127,-0.1265235,0.1973475741028596,0.036565125,0.0013370083
4326,1,0,0.19300365,-0.10836983,0.1494729174225679,0.043530732,0.0018949247
4327,1,0,0.14416099,-0.07274699,0.0141048974280293,0.13005608,0.016914586
4328,1,0,0.0061774254,0.0011930466,-0.0948968796818783,0.10107431,0.010216015
4329,1,0,-0.10471773,0.07936597,-0.0090378455692818,0.09567989,0.009154641
4330,1,0,-0.017385721,0.019822598,0.1116348305855599,0.12902054,0.0166463
4331,1,0,0.10557032,-0.04622984,0.2440608552757752,0.13849054,0.019179631
4332,1,0,0.24067163,-0.12846589,0.2537588150869192,0.013087183,0.00017127437
4333,1,0,0.25056815,-0.12973452,0.0699705874277243,0.18059757,0.032615483
4334,1,0,0.06309533,-0.04299712,-0.0214073550990323,0.08450268,0.0071407035
4335,1,0,-0.029977083,0.029569387,-0.0586420008843102,0.028664917,0.00082167744
4336,1,0,-0.0678606,0.05801344,-0.0533810395604921,0.014479563,0.00020965774
4337,1,0,-0.062509775,0.054076433,0.0389030547983098,0.10141283,0.010284563
4338,1,0,0.03143692,-0.019330263,0.0426553674237291,0.011218447,0.00012585356
4339,1,0,0.03526044,-0.022485495,0.025426743384044,0.009833695,9.6701566e-05
4340,1,0,0.017709494,-0.008105993,-0.1246794936058046,0.14238898,0.020274622
4341,1,0,-0.13497376,0.08423543,0.0307764666755017,0.16575024,0.02747314
4342,1,0,0.023158789,-0.012540579,0.0310506616057333,0.007891873,6.228166e-05
4343,1,0,0.023437977,-0.0127699375,0.0591749514717934,0.035736974,0.0012771314
4344,1,0,0.052093506,-0.03653097,0.1346335697905911,0.082540065,0.006812862
4345,1,0,0.1290257,-0.059885263,-0.0654103217756945,0.19443601,0.037805364
4346,1,0,-0.074742794,0.063037634,-0.0733012666283094,0.0014415309,2.0780112e-06
4347,1,0,-0.08276725,0.06883669,-0.2555739666435461,0.17280671,0.02986216
4348,1,0,-0.26765704,0.080366135,-0.2672824874642692,0.0003745556,1.4029189e-07
4349,1,0,-0.27949858,0.07799029,-0.2969095633927443,0.017410994,0.0003031427
4350,1,0,-0.3094437,0.070480585,-0.2514008825987068,0.058042824,0.0033689695
4351,1,0,-0.26343465,0.08113217,-0.1746193405797504,0.0888153,0.007888158
4352,1,0,-0.18565488,0.08764911,-0.3370357610978427,0.1513809,0.022916175
4353,1,0,-0.34994936,0.05688572,-0.309663232601423,0.040286124,0.0016229717
4354,1,0,-0.32232428,0.066586256,-0.2441556930159722,0.078168586,0.006110328
4355,1,0,-0.25610352,0.082362175,-0.3788230785403872,0.122719556,0.0150600895
4356,1,0,-0.39206457,0.038552523,-0.3868346098709718,0.00522995,2.7352376e-05
4357,1,0,-0.40013027,0.034554005,-0.4076672908652723,0.0075370073,5.680648e-05
4358,1,0,-0.4210937,0.023426056,-0.4004374820972169,0.020656228,0.00042667976
4359,1,0,-0.41382003,0.02740693,-0.5521546155708572,0.13833457,0.019136453
4360,1,0,-0.5659294,-0.08214855,-0.6574753129328872,0.09154588,0.008380648
4361,1,0,-0.670825,-0.18911743,-0.8523589934840863,0.18153399,0.03295459
4362,1,0,-0.8631431,-0.44669938,-1.0583797646392163,0.19523668,0.038117364
4363,1,0,-1.0635204,-0.645924,-1.164762997498492,0.10124254,0.010250052
4364,1,0,-1.1656481,-0.7590673,-1.2063524951091873,0.04070437,0.0016568457
4365,1,0,-1.2053053,-0.8052963,-1.2629921552015055,0.057686806,0.0033277676
4366,1,0,-1.2590597,-0.869851,-1.2375307191725502,0.02152896,0.00046349608
4367,1,0,-1.2349318,-0.84061503,-1.375382564915726,0.14045072,0.019726403
4368,1,0,-1.3648268,-1.0025586,-1.30128242331432,0.06354439,0.0040378897
4369,1,0,-1.29523,-0.91443443,-1.295201192143966,2.8848648e-05,8.322445e-10
4370,1,0,-1.2894952,-0.90730715,-1.545263871316167,0.25576866,0.0654176
4371,1,0,-1.54953,-1.2109445,-1.6453741825214734,0.09584415,0.009186101
4372,1,0,-1.6569443,-1.335555,-1.643966271845537,0.012977958,0.00016842739
4373,1,0,-1.6554506,-1.3338021,-1.632541399502597,0.022909164,0.00052482984
4374,1,0,-1.6433115,-1.3195791,-1.6836048547639813,0.040293336,0.0016235529
4375,1,0,-1.6973194,-1.3830894,-1.649926838644296,0.047392607,0.0022460592
4376,1,0,-1.6617715,-1.3412207,-1.6486334870315813,0.013138056,0.00017260852
4377,1,0,-1.6604002,-1.3396115,-1.5573878722658134,0.10301232,0.010611539
4378,1,0,-1.5626676,-1.2260138,-1.5808402847780834,0.018172622,0.0003302442
4379,1,0,-1.5879807,-1.2551932,-1.60733882679887,0.019358039,0.00037473367
4380,1,0,-1.6164206,-1.2881912,-1.734765462207106,0.118344784,0.014005488
4381,1,0,-1.7507863,-1.4464484,-1.794721253162327,0.04393494,0.0019302791
4382,1,0,-1.8126214,-1.520113,-1.635354145422227,0.1772672,0.031423658
4383,1,0,-1.6463029,-1.3230811,-1.690290009828948,0.043987036,0.0019348593
4384,1,0,-1.7043421,-1.3913859,-1.6851032169751954,0.019238949,0.00037013716
4385,1,0,-1.698894,-1.3849496,-1.5744167844803652,0.12447727,0.01549459
4386,1,0,-1.5810604,-1.247198,-1.615249279547939,0.034188867,0.0011688786
4387,1,0,-1.6248775,-1.2980447,-1.571104486134542,0.053772926,0.0028915277
4388,1,0,-1.5774891,-1.2430762,-1.617317558943486,0.03982842,0.001586303
4389,1,0,-1.6270862,-1.3006197,-1.6540422205134604,0.026956081,0.00072663033
4390,1,0,-1.6661296,-1.3463418,-1.56567830270891,0.10045123,0.01009045
4391,1,0,-1.5716311,-1.2363245,-1.4909403318664678,0.08069074,0.006510996
4392,1,0,-1.4902301,-1.1436442,-1.359445548027854,0.13078451,0.017104588
4393,1,0,-1.3499042,-0.9834211,-1.3650210573855397,0.01511693,0.00022852157
4394,1,0,-1.3551276,-0.99010634,-1.4623835309976092,0.107255936,0.011503836
4395,1,0,-1.4587744,-1.1084633,-1.6102898196110722,0.15151536,0.022956906
4396,1,0,-1.6195766,-1.2918663,-1.551735757705878,0.067840815,0.004602376
4397,1,0,-1.5565479,-1.2189877,-1.81267776868518,0.25612986,0.0656025
4398,1,0,-1.8309667,-1.5420142,-1.7958812092687155,0.03508556,0.0012309965
4399,1,0,-1.8138087,-1.5215306,-1.8490972697322887,0.035288572,0.0012452833
4400,1,0,-1.8679285,-1.5861622,-2.014375941802431,0.14644742,0.021446846
4401,1,0,-2.0314949,-1.7806625,-2.0443308322073346,0.012835979,0.00016476237
4402,1,0,-2.0604055,-1.8146865,-2.2084587176724124,0.14805317,0.02191974
4403,1,0,-2.2094069,-1.9882283,-2.210881602576463,0.0014748573,2.1752041e-06
4404,1,0,-2.2115524,-1.9904456,-2.221608108604117,0.01005578,0.00010111872
4405,1,0,-2.2210305,-2.0002337,-2.2608451944067256,0.03981471,0.0015852111
4406,1,0,-2.2554483,-2.035565,-2.235980525441541,0.01946783,0.00037899642
4407,1,0,-2.233684,-2.0132613,-2.206157551781462,0.027526617,0.0007577147
4408,1,0,-2.2073684,-1.9861183,-2.317687164337334,0.1103189,0.01217026
4409,1,0,-2.3046017,-2.0818837,-2.2215192644145745,0.08308244,0.0069026914
4410,1,0,-2.2209525,-2.0001526,-2.280231130412926,0.059278727,0.0035139674
4411,1,0,-2.272306,-2.0527468,-2.210856915136376,0.06144905,0.003775986
4412,1,0,-2.2115307,-1.9904227,-2.1966993094628537,0.014831305,0.0002199676
4413,1,0,-2.198974,-1.9774201,-2.168418091153465,0.030555725,0.00093365234
4414,1,0,-2.1737354,-1.9509053,-2.0442254860742683,0.12950993,0.016772822
4415,1,0,-2.0603032,-1.8145674,-2.078164900185945,0.017861605,0.00031903692
4416,1,0,-2.091787,-1.8525994,-2.279490592832698,0.18770361,0.035232645
4417,1,0,-2.2716634,-2.0520947,-2.294289824821282,0.0226264,0.00051195396
4418,1,0,-2.28447,-2.064927,-2.210520652980689,0.07394934,0.0054685045
4419,1,0,-2.2112327,-1.9901142,-2.1973582691992397,0.013874292,0.000192496
4420,1,0,-2.19956,-1.9780278,-2.084392340849666,0.11516762,0.01326358
4421,1,0,-2.0975108,-1.8595176,-2.197980958393742,0.100470066,0.010094234
4422,1,0,-2.2001128,-1.9786005,-2.199628249038642,0.00048446655,2.3470784e-07
4423,1,0,-2.201576,-1.980118,-2.465291770943105,0.26371574,0.06954599
4424,1,0,-2.4283783,-2.1837025,-2.3722591423208303,0.056119204,0.003149365
4425,1,0,-2.35101,-2.1205583,-2.425730896390472,0.07472086,0.0055832067
4426,1,0,-2.3957458,-2.157275,-2.4565986781954066,0.060853004,0.0037030883
4427,1,0,-2.4212413,-2.1779487,-2.3852580096091978,0.035983324,0.0012947996
4428,1,0,-2.3619528,-2.1295903,-2.597275911898918,0.23532319,0.055377003
4429,1,0,-2.534411,-2.2674775,-2.535033809995062,0.0006227493,3.8781673e-07
4430,1,0,-2.484947,-2.2287993,-2.601395716677744,0.11644864,0.013560286
4431,1,0,-2.5376513,-2.2699857,-2.6275843929325213,0.08993316,0.008087973
4432,1,0,-2.5581517,-2.2857885,-2.610205979432252,0.052054167,0.0027096362
4433,1,0,-2.5445669,-2.27533,-2.567320927704837,0.022753954,0.0005177424
4434,1,0,-2.5107253,-2.2490442,-2.4411282668421315,0.069597006,0.004843743
4435,1,0,-2.408493,-2.1676352,-2.559749344020092,0.15125632,0.022878475
4436,1,0,-2.5047033,-2.2443314,-2.3885327816323003,0.11617041,0.0134955635
4437,1,0,-2.3647025,-2.1318548,-2.371974222575897,0.0072717667,5.287859e-05
4438,1,0,-2.3507698,-2.12036,-2.460735997409181,0.10996628,0.012092582
4439,1,0,-2.42464,-2.1806912,-2.451966974979739,0.02732706,0.00074676826
4440,1,0,-2.4174306,-2.1748712,-2.3651245845640068,0.052305937,0.002735911
4441,1,0,-2.3449864,-2.115571,-2.4153545340395515,0.07036805,0.004951663
4442,1,1,-2.3871214,-2.1502395,2.130702197329696,4.5178237,20.41073
4443,1,1,2.144106,1.8182926,-1.8656621095669652,4.009768,16.07824
4444,0,1,1.6973748,-1.6061103,1.7259137397375208,0.028538942,0.0008144712
4445,0,1,-1.5148828,1.3760543,-1.6967045417425235,0.1818217,0.03305913
4446,0,1,1.549151,-1.3993448,1.615199427280729,0.0660485,0.004362405
4447,0,1,-1.4268233,1.2599132,-1.3889382669514847,0.03788495,0.0014352695
4448,0,1,1.2663295,-1.0189071,1.2043040854720908,0.062025428,0.0038471536
4449,0,1,-1.0859858,0.8512213,-1.0261607834711508,0.059824944,0.0035790238
4450,0,1,0.9434254,-0.61323357,0.8216511654889449,0.121774256,0.01482897
4451,0,1,-0.75131404,0.46190238,-0.6206592876586843,0.13065475,0.017070664
4452,0,1,0.5760598,-0.14897013,0.5560488068759635,0.020011008,0.00040044042
4453,0,1,-0.51397943,0.061743498,-0.4083435828953567,0.10563585,0.011158933
4454,0,1,0.3796947,0.0230484,0.3118705544302953,0.067824155,0.004600116
4455,0,1,-0.29088902,-0.124573946,-0.2667794789558844,0.024109542,0.00058127
4456,0,1,0.24779701,0.07809973,0.2687766780344933,0.020979673,0.00044014666
4457,0,1,-0.251127,-0.12969351,-0.1198943545134421,0.13123265,0.017222008
4458,0,1,0.11059117,0.08359337,0.1326233973747617,0.022032231,0.0004854192
4459,0,1,-0.12492609,-0.05807686,-0.2255260361398159,0.100599945,0.010120349
4460,0,1,0.20928001,0.08493161,0.2663191481020779,0.05703914,0.0032534637
4461,0,1,-0.24885654,-0.12976241,-0.1997471339969214,0.049109414,0.0024117345
4462,0,1,0.18520164,0.08709431,0.1213353064452351,0.06386634,0.0040789093
4463,0,1,-0.11443019,-0.047619104,-0.070589060789775,0.04384113,0.0019220448
4464,0,1,0.06452751,0.06685066,0.1370720466195987,0.07254453,0.0052627088
4465,0,1,-0.12906098,-0.062058687,-0.2620016139781569,0.13294062,0.01767321
4466,0,1,0.24333715,0.07910371,0.3718127652727725,0.1284756,0.01650598
4467,0,1,-0.34602332,-0.101704836,-0.2811640225214398,0.0648593,0.004206729
4468,0,1,0.2612207,0.074739695,0.2416725649347291,0.019548133,0.0003821295
4469,0,1,-0.22606921,-0.12778592,-0.1805568717178762,0.045512334,0.0020713725
4470,0,1,0.1672728,0.087655544,0.2136732293656988,0.046400428,0.0021529996
4471,0,1,-0.20014834,-0.11812949,-0.3567494268679563,0.15660107,0.024523895
4472,0,1,0.33168626,0.04876685,0.4619922305984763,0.13030598,0.016979648
4473,0,1,-0.42853975,-0.039028168,-0.5076449622141728,0.0791052,0.0062576323
4474,0,1,0.4718132,-0.04441476,0.6502297278480267,0.17841655,0.031832464
4475,0,1,-0.59880996,0.19919896,-0.4008795164595207,0.19793046,0.039176464
4476,0,1,0.37275505,0.027167082,0.4059950901199438,0.03324005,0.001104901
4477,0,1,-0.37736464,-0.08183074,-0.2961499526285376,0.081214696,0.0065958267
4478,0,1,0.27520204,0.07069874,0.403992524689809,0.1287905,0.016586993
4479,0,1,-0.37553096,-0.08312559,-0.1956846648450638,0.17984629,0.032344688
4480,0,1,0.18140602,0.08728647,0.2464704241432147,0.0650644,0.004233376
4481,0,1,-0.23050833,-0.1291306,-0.1689213900018131,0.06158693,0.0037929502
4482,0,1,0.15640187,0.0875628,0.4205889727041678,0.2641871,0.069794826
4483,0,1,-0.39072275,-0.071905136,-0.2803585953265166,0.11036417,0.01218025
4484,0,1,0.26046944,0.074940205,0.0900161216898709,0.17045331,0.02905433
4485,0,1,-0.085287094,-0.04469204,-0.0553918334231768,0.02989526,0.00089372665
4486,0,1,0.050332546,0.055583954,-0.0388001199829246,0.08913267,0.007944632
4487,0,1,0.034838915,0.043025255,-0.0589264011647419,0.09376532,0.008791935
4488,0,1,0.053634644,0.05822444,0.1531449506039504,0.09951031,0.009902302
4489,0,1,-0.14399576,-0.07579517,-0.1842195371588415,0.040223777,0.0016179522
4490,0,1,0.17069578,0.08761811,0.1994562664960493,0.028760478,0.0008271651
4491,0,1,-0.18697286,-0.10973525,-0.1920157969124063,0.0050429404,2.5431247e-05
4492,0,1,0.17797852,0.08742809,0.113613449012051,0.06436507,0.004142862
4493,0,1,-0.10724759,-0.046355247,0.052365099906769,0.15961269,0.02547621
4494,0,1,-0.05021429,-0.030710459,-0.1490266100519677,0.09881233,0.009763876
4495,0,1,0.13781261,0.08664703,0.1542618947036871,0.016449288,0.00027057907
4496,0,1,-0.14503384,-0.076713085,-0.0700663494380617,0.07496749,0.0056201243
4497,0,1,0.06403899,0.06646657,0.1233859780856265,0.05934699,0.003522065
4498,0,1,-0.1163373,-0.04955578,-0.014561384019168,0.101775914,0.010358336
4499,0,1,0.0122106075,0.024193287,-0.023444686614467,0.035655294,0.0012713
4500,0,1,0.020502567,0.031160831,0.0123195829285895,0.008182985,6.696124e-05
4501,0,1,-0.012873411,0.0026476383,0.2203152426946228,0.23318866,0.054376952
4502,0,1,-0.20630074,-0.120699644,-0.0966757970091003,0.10962494,0.012017627
4503,0,1,0.08889747,0.07971549,0.1039309773544254,0.015033513,0.00022600652
4504,0,1,-0.09823871,-0.045715094,-0.056028465305101,0.04221024,0.0017817044
4505,0,1,0.050927877,0.05606079,0.1131020025208169,0.062174127,0.003865622
4506,0,1,-0.10677171,-0.046322107,0.0082831982243019,0.115054905,0.013237631
4507,0,1,-0.009107113,0.0059275627,-0.1667683776232635,0.15766126,0.024857072
4508,0,1,0.15439034,0.08750892,-0.0088448314604216,0.16323517,0.026645722
4509,0,1,0.006875038,0.019669294,0.1986459586589108,0.19177093,0.03677609
4510,0,1,-0.1862216,-0.10921264,-0.0222987921574695,0.1639228,0.026870685
4511,0,1,0.019432545,0.030267,-0.0027405193763123,0.022173064,0.0004916448
4512,0,1,0.0011782646,0.01480341,-0.0653669077753349,0.06654517,0.00442826
4513,0,1,0.059650183,0.06300545,0.0137392734750414,0.04591091,0.0021078116
4514,0,1,-0.014197111,0.0014913082,-0.073259713880029,0.0590626,0.0034883907
4515,0,1,0.06702304,0.06880641,0.0134928181170135,0.05353022,0.0028654845
4516,0,1,-0.013967514,0.0016920567,0.0336199023414764,0.047587417,0.0022645623
4517,0,1,-0.032740116,-0.014909506,-0.1475882096961944,0.11484809,0.013190084
4518,0,1,0.13646865,0.086544275,0.119320031581561,0.017148614,0.00029407497
4519,0,1,-0.11255598,-0.04670334,-0.1702287466761607,0.05767277,0.0033261483
4520,0,1,0.15762353,0.0875895,0.1656792628430863,0.008055732,6.489481e-05
4521,0,1,-0.15563607,-0.08580303,-0.0241423012290682,0.13149378,0.017290613
4522,0,1,0.021154404,0.031704903,0.0231449451973464,0.0019905418,3.962257e-06
4523,0,1,-0.022971392,-0.0062220097,-0.0891521845749183,0.066180795,0.004379898
4524,0,1,0.08186841,0.07818556,0.2783861245015089,0.1965177,0.03861921
4525,0,1,-0.26000166,-0.12919545,-0.3532173212570635,0.093215674,0.008689162
4526,0,1,0.32839704,0.0502913,0.4368024414281946,0.10840541,0.011751733
4527,0,1,-0.4055457,-0.059862375,-0.4450112897709712,0.039465576,0.0015575318
4528,0,1,0.41375828,0.00086450577,0.4598474739106133,0.046089202,0.0021242145
4529,0,1,-0.42658377,-0.040902615,-0.3618462849468811,0.06473747,0.00419094
4530,0,1,0.3364327,0.046512365,0.42618213432418,0.089749426,0.00805496
4531,0,1,-0.39583874,-0.06787062,-0.3553452930793233,0.04049346,0.0016397202
4532,0,1,0.330379,0.049376488,0.3241070938366834,0.0062719285,3.9337086e-05
4533,0,1,-0.30216098,-0.121578455,-0.2765498788063882,0.025611103,0.00065592857
4534,0,1,0.25691533,0.075871706,0.2432140207749058,0.013701305,0.00018772576
4535,0,1,-0.22749567,-0.12822747,-0.2180134190385456,0.00948225,8.991306e-05
4536,0,1,0.20226431,0.08572841,0.1905517185082397,0.011712596,0.0001371849
4537,0,1,-0.1787157,-0.10385275,-0.1865336655251352,0.007817954,6.11204e-05
4538,0,1,0.172858,0.08757639,0.2461103061413885,0.073252305,0.0053659
4539,0,1,-0.23017502,-0.1290338,-0.2798905620064693,0.04971555,0.0024716358
4540,0,1,0.2600329,0.075056076,0.3500703342398541,0.090037435,0.00810674
4541,0,1,-0.32604933,-0.111894846,-0.2031522767853699,0.122897044,0.015103684
4542,0,1,0.18838167,0.086900234,0.0682788343013087,0.12010284,0.014424692
4543,0,1,-0.06504297,-0.04284215,-0.1366371889404689,0.07159422,0.0051257326
4544,0,1,0.1262362,0.08559656,0.0348279836784444,0.091408215,0.008355462
4545,0,1,-0.033866167,-0.015918493,0.1369786394974914,0.17084481,0.02918795
4546,0,1,-0.12897491,-0.06197548,-0.0805766475133742,0.048398264,0.002342392
4547,0,1,0.07385707,0.07412958,0.0759921151095324,0.0021350458,4.5584206e-06
4548,0,1,-0.07222843,-0.043533802,-0.124808941179157,0.052580513,0.0027647105
4549,0,1,0.11518383,0.08425164,0.3588572485935319,0.24367341,0.05937673
4550,0,1,-0.33412528,-0.108006,-0.4373544275833656,0.103229135,0.010656254
4551,0,1,0.40664935,0.0057635307,0.3968051500838547,0.009844214,9.6908545e-05
4552,0,1,-0.36894608,-0.08763814,-0.4622022429242238,0.093256176,0.008696714
4553,0,1,0.4297099,-0.010640383,0.2904507545085923,0.13925916,0.019393114
4554,0,1,-0.27113748,-0.1280446,-0.3161086155134622,0.04497114,0.0020224033
4555,0,1,0.29381585,0.064466715,0.1563507069276069,0.13746515,0.018896667
4556,0,1,-0.14697337,-0.07841349,-0.2196340022249949,0.072660625,0.0052795666
4557,0,1,0.20377803,0.085568905,0.3203273404106563,0.11654931,0.013583742
4558,0,1,-0.2986803,-0.122698545,-0.2284578654598204,0.07022244,0.0049311905
4559,0,1,0.21201825,0.08458328,0.1505009465655891,0.0615173,0.003784378
4560,0,1,-0.14153981,-0.07360554,-0.1240588269795521,0.017480984,0.0003055848
4561,0,1,0.1144824,0.08415413,0.1334487011760456,0.018966302,0.0003597206
4562,0,1,-0.12569332,-0.058820724,-0.1443641344861759,0.018670812,0.00034859922
4563,0,1,0.13345575,0.08629513,0.1022002329516547,0.03125552,0.0009769076
4564,0,1,-0.09662843,-0.045595646,-0.1241737838987533,0.027545355,0.0007587466
4565,0,1,0.11459041,0.084169626,0.0150807826714149,0.09950963,0.009902166
4566,0,1,-0.015449762,0.00039577484,-0.0215966741463784,0.0061469115,3.778452e-05
4567,0,1,0.01877737,0.029717922,0.0783414286399271,0.05956406,0.0035478773
4568,0,1,-0.07441616,-0.043736696,0.0223168141201428,0.096732974,0.009357268
4569,0,1,-0.022199154,-0.005539179,0.0534171293572307,0.075616285,0.005717823
4570,0,1,-0.051194906,-0.031606674,-0.171946403862599,0.1207515,0.014580925
4571,0,1,0.15922832,0.08761859,0.1999552515910387,0.04072693,0.0016586828
4572,0,1,-0.18743563,-0.11005592,0.0077515727434143,0.1951872,0.03809804
4573,0,1,-0.008612156,0.0063579082,-0.0774810818220133,0.06886893,0.0047429292
4574,0,1,0.07096481,0.07188368,-0.060606812517638,0.13157162,0.01731109
4575,0,1,0.055203915,0.059476376,0.0949755748149145,0.03977166,0.001581785
4576,0,1,-0.08990383,-0.04507184,-0.0805045944432096,0.009399235,8.834562e-05
4577,0,1,0.07379007,0.07407665,0.1845881552454455,0.110798076,0.012276214
4578,0,1,-0.17318416,-0.099743366,-0.0493785816588792,0.123805575,0.015327821
4579,0,1,0.044716835,0.051064014,0.0565573914023151,0.011840556,0.00014019877
4580,0,1,-0.05412221,-0.034287453,-0.0263622390644839,0.027759971,0.000770616
4581,0,1,0.0232265,0.033432484,0.2185436979277222,0.1953172,0.038148805
4582,0,1,-0.2046597,-0.120031595,-0.2133124731473081,0.0086527765,7.487054e-05
4583,0,1,0.19787335,0.0861578,0.1025602853360321,0.09531307,0.009084581
4584,0,1,-0.096963644,-0.04562044,-0.148220001150154,0.05125636,0.0026272142
4585,0,1,0.13705921,0.08659005,-0.0249519882623783,0.1620112,0.026247632
4586,0,1,0.021909952,0.03233552,0.0483384512781484,0.026428498,0.0006984655
4587,0,1,-0.046461582,-0.027288675,0.0110555438541632,0.057517126,0.0033082198
4588,0,1,-0.011694193,0.003676653,0.0652147746090281,0.07690897,0.0059149894
4589,0,1,-0.06218815,-0.041727304,-0.1116671516181013,0.049479,0.0024481714
4590,0,1,0.10290432,0.08236575,0.0628087309961302,0.04009559,0.0016076564
4591,0,1,-0.059946775,-0.0396533,0.0377198075115434,0.097666584,0.009538761
4592,0,1,-0.036562204,-0.018337965,0.0047488828954067,0.041311085,0.0017066058
4593,0,1,-0.0058100224,0.008785486,0.0798614513700339,0.08567148,0.007339602
4594,0,1,-0.07583141,-0.04386592,0.0330133716834439,0.10884479,0.011847188
4595,0,1,-0.03217435,-0.014404058,0.0476137982296012,0.07978815,0.0063661486
4596,0,1,-0.04578638,-0.026674986,-0.1269396928235893,0.08115332,0.006585861
4597,0,1,0.117174625,0.084517956,0.2213946074195587,0.10421999,0.010861806
4598,0,1,-0.20729971,-0.1211009,-0.0690070582070414,0.13829264,0.019124854
4599,0,1,0.06304932,0.06568837,0.1486930075789598,0.085643694,0.0073348423
4600,0,1,-0.13986015,-0.07209277,-0.1317487331216393,0.008111417,6.579509e-05
4601,0,1,0.1216681,0.08508086,0.2125631384094899,0.09089504,0.008261909
4602,0,1,-0.1991198,-0.11768246,-0.151770268470563,0.047349542,0.0022419791
4603,0,1,0.1403768,0.08682966,0.232113396269916,0.091736585,0.008415601
4604,0,1,-0.21722412,-0.12483668,-0.1626059705228844,0.05461815,0.0029831424
4605,0,1,0.15050125,0.087374926,0.3183624587402387,0.1678612,0.02817738
4606,0,1,-0.29687095,-0.123159885,-0.2021359839675098,0.09473497,0.008974714
4607,0,1,0.18743324,0.08696151,0.0618288937560587,0.12560435,0.015776452
4608,0,1,-0.059034348,-0.038810015,0.0618985499025215,0.12093289,0.014624764
4609,0,1,-0.05909872,-0.03886962,0.0048085990402051,0.06390732,0.004084145
4610,0,1,-0.005866289,0.008736849,-0.0910458980792818,0.08517961,0.0072555663
4611,0,1,0.08363795,0.07858443,0.1920775664442087,0.10843961,0.011759149
4612,0,1,-0.18013096,-0.10488224,-0.1597919512472563,0.020339012,0.0004136754
4613,0,1,0.14787197,0.08726144,0.147203820154111,0.00066815317,4.4642866e-07
4614,0,1,-0.13847661,-0.070836544,-0.1982097338580368,0.059733123,0.003568046
4615,0,1,0.18376589,0.08717203,0.180986232329114,0.0027796626,7.726524e-06
4616,0,1,-0.16984296,-0.09719324,-0.1294743250814019,0.04036863,0.0016296264
4617,0,1,0.119543314,0.08482146,0.1128995581430425,0.006643757,4.413951e-05
4618,0,1,-0.106583595,-0.04630971,-0.00658996255589,0.09999363,0.009998727
4619,0,1,0.004770994,0.017875671,0.0461353204619592,0.041364327,0.0017110076
4620,0,1,-0.04440832,-0.025423288,-0.084616116980154,0.040207796,0.0016166668
4621,0,1,0.07763076,0.0770452,0.1773914581433167,0.0997607,0.009952197
4622,0,1,-0.16650724,-0.094601154,-0.251489073660224,0.08498183,0.007221911
4623,0,1,0.23352385,0.08111644,0.2236233862443728,0.009900466,9.801922e-05
4624,0,1,-0.20936441,-0.121916294,-0.1113607689595461,0.09800365,0.009604715
4625,0,1,0.10261774,0.08231735,-0.0059612546026088,0.108578995,0.011789398
4626,0,1,0.004184246,0.017374754,0.1110351831610025,0.10685094,0.011417123
4627,0,1,-0.10484958,-0.04619026,-0.1041065525788491,0.00074302405,5.520847e-07
4628,0,1,0.095840454,0.08109641,-0.0717875629378426,0.16762802,0.028099153
4629,0,1,0.065647125,0.06772947,0.1350780395554296,0.06943092,0.0048206523
4630,0,1,-0.12720752,-0.060283184,-0.0292708970942383,0.09793662,0.009591582
4631,0,1,0.025941849,0.035689592,0.0095166498767427,0.0164252,0.00026978718
4632,0,1,-0.010258198,0.0049271584,-0.1202125405233069,0.10995434,0.0120899575
4633,0,1,0.11088967,0.08363843,0.1826583155144883,0.07176864,0.0051507377
4634,0,1,-0.17139459,-0.09838295,-0.2658577825958619,0.0944632,0.008923296
4635,0,1,0.24693608,0.07829738,0.299084484961432,0.0521484,0.0027194559
4636,0,1,-0.2791021,-0.12686586,-0.3657820409413514,0.086679965,0.0075134165
4637,0,1,0.34009767,0.04472971,0.2633452505166138,0.076752424,0.0058909347
4638,0,1,-0.24610853,-0.12981296,-0.2405914982559673,0.0055170357,3.0437683e-05
4639,0,1,0.22334886,0.08291793,0.2560757272405181,0.032726884,0.0010710489
4640,0,1,-0.23939037,-0.12978768,-0.1150333169222843,0.12435706,0.015464678
4641,0,1,0.106049776,0.08288789,0.230214442951151,0.12416467,0.015416865
4642,0,1,-0.21546674,-0.12420845,-0.0175058219980388,0.19796091,0.039188523
4643,0,1,0.014959097,0.026510715,0.0572963124980061,0.042337216,0.0017924398
4644,0,1,-0.054810047,-0.034920692,-0.1025178816472078,0.047707833,0.0022760374
4645,0,1,0.09435582,0.0808115,0.1462789899366408,0.05192317,0.0026960156
4646,0,1,-0.13761735,-0.07005167,-0.1565956004012036,0.018978253,0.00036017408
4647,0,1,0.14488554,0.08710718,0.2995997682560398,0.15471423,0.023936491
4648,0,1,-0.27957702,-0.12678623,-0.2457389097607079,0.03383811,0.0011450176
4649,0,1,0.22815537,0.08210373,0.2993887784262035,0.07123339,0.005074196
4650,0,1,-0.27938294,-0.12681794,-0.2197127719897391,0.059670165,0.0035605286
4651,0,1,0.2038517,0.08556032,0.2907056143304287,0.08685392,0.007543604
4652,0,1,-0.2713728,-0.12801504,-0.3233732403141021,0.052000433,0.002704045
4653,0,1,0.30058837,0.06195569,0.2301593403116513,0.07042903,0.004960248
4654,0,1,-0.215415,-0.12418842,-0.2539018181780408,0.03848681,0.0014812344
4655,0,1,0.23577619,0.0806787,0.4913669637564206,0.25559077,0.06532664
4656,0,1,-0.4552951,-0.011457682,-0.4336217812099514,0.021673292,0.00046973157
4657,0,1,0.40318298,0.008099794,0.4020468442004259,0.0011361539,1.2908457e-06
4658,0,1,-0.37374806,-0.08436799,-0.2547991381134178,0.11894894,0.014148849
4659,0,1,0.23661375,0.08051157,0.1233238847201114,0.11328986,0.012834593
4660,0,1,-0.11627936,-0.04949689,-0.0680444915776337,0.048234873,0.0023266028
4661,0,1,0.06215024,0.064980745,0.0566837300336118,0.0054665096,2.9882727e-05
4662,0,1,-0.05423951,-0.03439641,0.1709041233674511,0.22514364,0.05068966
4663,0,1,-0.16048646,-0.089793205,-0.1791205886660209,0.018634126,0.00034723064
4664,0,1,0.16593075,0.08766198,0.1604706964549991,0.0054600537,2.9812187e-05
4665,0,1,-0.15080023,-0.08171916,-0.1305266568803205,0.020273566,0.00041101748
4666,0,1,0.120526314,0.084943295,0.1256717174463775,0.0051454008,2.6475149e-05
4667,0,1,-0.11846256,-0.0516963,-0.1557936713709726,0.037331104,0.0013936113
4668,0,1,0.14413548,0.08706498,0.2862224551142085,0.14208698,0.020188712
4669,0,1,-0.26723623,-0.12851477,-0.1658232505870986,0.10141298,0.010284593
4670,0,1,0.15350771,0.08748269,0.2602187289184807,0.10671103,0.011387244
4671,0,1,-0.2432189,-0.12982821,-0.3016820550932828,0.058463156,0.0034179406
4672,0,1,0.28036237,0.06906986,0.3370306049529139,0.05666825,0.0032112908
4673,0,1,-0.31405663,-0.117096186,-0.2801047310960887,0.03395191,0.0011527321
4674,0,1,0.2602327,0.0750041,0.3205994046314209,0.06036672,0.003644141
4675,0,1,-0.29893064,-0.122633934,-0.241554899689989,0.057375744,0.003291976
4676,0,1,0.22424841,0.08277035,0.1603504835573828,0.06389792,0.0040829447
4677,0,1,-0.15068865,-0.08162427,-0.1607314293925763,0.010042787,0.000100857564
4678,0,1,0.14874959,0.087301254,0.2045830948711562,0.055833504,0.0031173802
4679,0,1,-0.19172525,-0.11298466,-0.2430392307764655,0.05131398,0.0026331246
4680,0,1,0.2256341,0.08253908,0.2272291388098932,0.0015950352,2.5441373e-06
4681,0,1,-0.21270227,-0.123189926,-0.2250854810445086,0.012383208,0.00015334383
4682,0,1,0.20886898,0.08498216,0.3099892222959313,0.10112023,0.010225302
4683,0,1,-0.28915524,-0.12495065,-0.3028232691222516,0.0136680305,0.00018681506
4684,0,1,0.28142667,0.06872368,0.2343404328134415,0.04708624,0.002217114
4685,0,1,-0.21928549,-0.12555623,-0.1515826564738862,0.06770283,0.004583673
4686,0,1,0.14020133,0.08681798,-0.0199114117871697,0.16011274,0.02563609
4687,0,1,0.017204285,0.02839899,0.1518466576903558,0.13464238,0.01812857
4688,0,1,-0.14279032,-0.074723005,-0.2305889975080837,0.087798685,0.007708609
4689,0,1,0.21400833,0.08431697,0.0966201422147823,0.11738819,0.013779987
4690,0,1,-0.09143448,-0.045193672,0.0995149732684037,0.19094945,0.036461696
4691,0,1,-0.094129324,-0.045404673,-0.0958111525531717,0.001681827,2.8285422e-06
4692,0,1,0.088089705,0.07954717,0.0694688557843976,0.018620849,0.000346736
4693,0,1,-0.06615138,-0.042951584,-0.0095108848893379,0.056640495,0.0032081457
4694,0,0,0.0074973106,0.020198345,-0.0047971258040599,0.012294436,0.00015115316
4695,0,0,0.0030977726,0.016446114,-0.0548463853115004,0.057944156,0.0033575252
4696,0,0,0.049824,0.055176497,-0.0417448637402699,0.091568865,0.008384857
4697,0,0,0.037588596,0.045273542,-0.169013533997123,0.20660213,0.04268444
4698,0,0,0.15648794,0.08756471,-0.3344506050215594,0.49093854,0.24102065
4699,0,0,0.3109126,0.057879925,-0.2586588206366871,0.56957144,0.32441163
4700,0,0,0.24021769,0.079773426,-0.4202127166163292,0.66043043,0.43616834
4701,0,0,0.39072657,0.016220808,-0.4046537241904078,0.7953803,0.6326298
4702,1,0,-0.41806173,0.025100946,-0.3139969023896616,0.10406482,0.010829487
4703,1,0,-0.32669997,0.06517196,-0.2705205457373512,0.056179434,0.0031561288
4704,1,0,-0.2827735,0.07727432,-0.2488717314183364,0.033901766,0.0011493297
4705,1,0,-0.26087594,0.08157587,-0.3425987665462364,0.081722826,0.0066786204
4706,1,0,-0.3555596,0.054690838,-0.3408731731133292,0.014686406,0.00021569051
4707,1,0,-0.35381937,0.05537963,-0.5847917574885244,0.23097241,0.053348254
4708,1,0,-0.5985005,-0.11268234,-0.4708327670464012,0.12766773,0.016299048
4709,1,0,-0.48453426,-0.016680956,-0.4942542444667159,0.009719968,9.447778e-05
4710,1,0,-0.50801015,-0.033959866,-0.3653575945344198,0.14265254,0.020349748
4711,1,0,-0.37850046,0.044925213,-0.2737262034464853,0.10477427,0.010977647
4712,1,0,-0.28601503,0.07653952,-0.3763794383031951,0.0903644,0.008165725
4713,1,1,-0.3896041,0.039741516,0.4484228956422385,0.838027,0.7022892
4714,1,1,0.44917178,-0.050572634,-0.320641900869123,0.76981366,0.59261304
4715,1,1,-0.33340764,0.06291509,0.4733612533515776,0.8067689,0.65087605
4716,1,1,0.47459316,-0.028776407,-0.5340128353357216,1.008606,1.017286
4717,0,1,0.49619842,-0.06621981,0.5853788871521437,0.08918047,0.007953156
4718,0,1,-0.54047847,0.10061836,-0.6536613444406734,0.1131829,0.012810369
4719,0,1,0.6063559,-0.18482494,0.548392372261524,0.05796355,0.0033597732
4720,0,1,-0.5070498,0.05218005,-0.461956805374899,0.045093,0.0020333787
4721,0,1,0.42948174,-0.010471344,0.3053519177589141,0.12412983,0.015408215
4722,0,1,-0.28488064,-0.12582445,-0.1963225651376694,0.08855808,0.007842533
4723,0,1,0.18200254,0.08726001,0.1647591878529453,0.017243356,0.00029733332
4724,0,1,-0.15478206,-0.08508873,-0.0802602357812998,0.074521825,0.0055535026
4725,0,1,0.073562145,0.073899984,-0.1677834650521372,0.24134561,0.058247704
4726,0,1,0.15533924,0.087536335,0.1020979250749358,0.053241313,0.0028346374
4727,0,1,-0.09653306,-0.04558754,0.0127806463589248,0.109313704,0.011949486
4728,0,1,-0.013303518,0.0022728443,-0.2599013975559199,0.24659789,0.060810518
4729,0,1,0.24137712,0.079527855,0.3462445776031218,0.10486746,0.010997184
4730,0,1,-0.32253194,-0.1134913,-0.402320210936133,0.07978827,0.0063661677
4731,0,1,0.37409544,0.026381731,0.2547484563211162,0.11934698,0.014243701
4732,0,1,-0.23816228,-0.12976027,-0.1256137350452291,0.112548545,0.012667175
4733,0,1,0.115935326,0.08435249,0.0853934474577018,0.030541874,0.0009328061
4734,0,1,-0.0809834,-0.04432416,-0.1915655737572801,0.11058217,0.012228417
4735,0,1,0.17755842,0.0874424,0.3335405219560612,0.1559821,0.024330419
4736,0,1,-0.31084514,-0.11837149,-0.3294363048195361,0.018591166,0.00034563144
4737,0,1,0.30623984,0.05976224,0.3805778422196693,0.07433799,0.0055261366
4738,0,1,-0.35406637,-0.09705925,-0.1491784235758282,0.20488794,0.041979067
4739,0,1,0.13795447,0.086658,0.0027574041478768,0.13519707,0.018278249
4740,0,1,-0.0039520264,0.010390997,0.045029564435103,0.048981592,0.0023991964
4741,0,1,-0.0433774,-0.02448821,0.0545433173945624,0.097920716,0.009588467
4742,0,1,-0.0522449,-0.0325675,0.061886589065268,0.114131495,0.013025998
4743,0,1,-0.059087276,-0.038859367,-0.0618508223060629,0.002763547,7.637192e-06
4744,0,1,0.05636525,0.060400486,0.062326540173391,0.0059612878,3.5536952e-05
4745,0,1,-0.059497833,-0.039237976,-0.2055857119666293,0.14608788,0.02134167
4746,0,1,0.19065619,0.08674526,0.2475570264727422,0.056900844,0.0032377061
4747,0,1,-0.23151255,-0.12942314,-0.2555862906131221,0.02407375,0.00057954545
4748,0,1,0.2373488,0.080364704,0.4055069234589141,0.16815811,0.028277151
4749,0,1,-0.3769176,-0.08214736,-0.4341894479507964,0.05727184,0.0032800634
4750,0,1,0.4037106,0.007746935,0.4756484405935097,0.07193783,0.0051750513
4751,0,1,-0.44098616,-0.026649714,-0.3444072360333883,0.096578926,0.009327489
4752,0,1,0.32018924,0.053961515,0.3880184303764178,0.06782919,0.004600799
4753,0,1,-0.36089134,-0.09287119,-0.3208372805330737,0.040054053,0.0016043271
4754,0,1,0.29822445,0.062847614,0.1900469796644404,0.10817747,0.011702364
4755,0,1,-0.17824793,-0.10351038,-0.3238546255512542,0.1456067,0.02120131
4756,0,1,0.3010366,0.061784983,0.1362361532122022,0.16480045,0.027159188
4757,0,1,-0.12828422,-0.061316013,0.0679564973016102,0.19624072,0.038510423
4758,0,1,-0.06474304,-0.042812586,-0.0046906233054242,0.060052417,0.003606293
4759,0,1,0.002998352,0.016361713,0.1230196752381456,0.12002132,0.014405117
4760,0,1,-0.115997076,-0.049211264,-0.094977295162951,0.02101978,0.00044183113
4761,0,1,0.08731055,0.07938242,0.2796137785033852,0.19230324,0.036980536
4762,0,1,-0.2611351,-0.12910438,-0.3713113082575967,0.110176206,0.012138796
4763,0,1,0.34524512,0.04216194,0.4122694628882395,0.06702435,0.0044922633
4764,0,1,-0.3831091,-0.07766938,-0.1592831623759383,0.22382593,0.050098047
4765,0,1,0.14739633,0.087237835,0.1298625917282505,0.017533734,0.00030743185
4766,0,1,-0.122359514,-0.055565834,-0.0652914924136816,0.05706802,0.003256759
4767,0,1,0.059579372,0.06294942,0.0479757645645282,0.011603609,0.00013464373
4768,0,1,-0.046123266,-0.026981115,0.12867389367864,0.17479716,0.030554049
4769,0,1,-0.121254206,-0.05447483,-0.0310089980708023,0.09024521,0.008144198
4770,0,1,0.027564764,0.037034035,0.1146668049383703,0.08710204,0.0075867656
4771,0,1,-0.10822749,-0.046420097,-0.2584470186755379,0.15021953,0.022565907
4772,0,1,0.24001884,0.07981491,0.2317617683932229,0.008257076,6.817931e-05
4773,0,1,-0.21689844,-0.1247201,-0.1066510578009314,0.11024738,0.012154485
4774,0,1,0.09821701,0.081538916,0.2143372908577316,0.11612028,0.013483919
4775,0,1,-0.20076346,-0.118394375,-0.2155450507823992,0.014781579,0.00021849509
4776,0,1,0.19995856,0.08596015,0.1175275518726874,0.08243101,0.0067948718
4777,0,1,-0.11088824,-0.046595335,-0.0808463008087052,0.03004194,0.00090251816
4778,0,1,0.07410908,0.07432461,-0.0541419245661667,0.128251,0.016448319
4779,0,1,0.049165726,0.054647923,-0.1838179243487228,0.23298365,0.05428138
4780,0,1,0.17032003,0.08762312,0.1287949586254471,0.04152508,0.0017243323
4781,0,1,-0.12136674,-0.054587364,0.0192515907161787,0.14061832,0.019773513
4782,0,1,-0.0193398,-0.0030190945,-0.014329943529677,0.005009856,2.5098658e-05
4783,0,1,0.011994362,0.024010181,-0.0257697690101652,0.037764132,0.0014261297
4784,0,1,0.022673368,0.032971382,0.0124282665473471,0.0102451015,0.000104962106
4785,0,1,-0.012974501,0.002559185,-0.0862720748488241,0.073297575,0.0053725345
4786,0,1,0.07917786,0.07756472,0.0181604516920463,0.061017405,0.0037231238
4787,0,1,-0.018321991,-0.0021240711,-0.0790290007533798,0.06070701,0.0036853412
4788,0,1,0.0724113,0.07300711,0.1456856668364796,0.073274374,0.005369134
4789,0,1,-0.13706613,-0.06954646,-0.1013743172106278,0.035691805,0.0012739049
4790,0,1,0.093287945,0.08060455,0.119154200836602,0.025866255,0.0006690631
4791,0,1,-0.112401724,-0.04669285,-0.2879345430627062,0.17553282,0.03081177
4792,0,1,0.26753783,0.072981596,0.1120349144799104,0.15550292,0.024181157
4793,0,1,-0.10577941,-0.04625535,-0.0355055207508181,0.07027389,0.00493842
4794,0,1,0.03176236,0.040498257,-0.031247070719051,0.06300943,0.0039701886
4795,0,1,0.027786732,0.037217855,0.1025651261720992,0.07477839,0.005591808
4796,0,1,-0.096967936,-0.045621395,-0.0092102116568693,0.08775772,0.007701418
4797,0,1,0.0072159767,0.019959211,0.0769197343114713,0.06970376,0.004858614
4798,0,1,-0.07309222,-0.04361391,-0.0550345250358983,0.018057697,0.0003260804
4799,0,1,0.049999237,0.055317163,-0.0218981582095292,0.071897395,0.005169235
4800,0,1,0.019059658,0.029953003,0.2814833732134971,0.26242372,0.06886621
4801,0,1,-0.26286197,-0.12895489,-0.4464822868540841,0.18362033,0.033716425
4802,0,1,0.41512394,-9.179115e-05,0.40536514488829,0.0097588,9.523418e-05
4803,0,1,-0.37678742,-0.082239866,-0.4458309437843848,0.06904352,0.004767007
4804,0,1,0.41451883,0.00033307076,0.3508389711134345,0.063679874,0.0040551266
4805,0,1,-0.326756,-0.11156678,-0.3079111479752137,0.018844843,0.0003551281
4806,0,1,0.2861719,0.06714463,0.3008915792294018,0.014719665,0.00021666854
4807,0,1,-0.28076816,-0.12658167,-0.3638907750728171,0.08312261,0.0069093686
4808,0,1,0.33833647,0.045592308,0.3224663202653546,0.015870154,0.00025186178
4809,0,1,-0.30065012,-0.1220994,-0.3038332511127373,0.0031831264,1.0132294e-05
4810,0,1,0.28236866,0.06841588,0.4337760115771281,0.15140736,0.022924189
4811,0,1,-0.40278006,-0.062191725,-0.3652491667155213,0.0375309,0.0014085684
4812,0,1,0.3396008,0.04497361,0.4644932196712754,0.12489241,0.015598115
4813,0,1,-0.43082,-0.036818743,-0.4637982131060369,0.032978237,0.001087564
4814,0,1,0.43119025,-0.011744499,0.3639623924927986,0.06722787,0.0045195865
4815,0,1,-0.33881402,-0.10560346,-0.257865638970765,0.08094838,0.006552641
4816,0,1,0.23947692,0.07992768,0.3246997189292062,0.08522281,0.0072629275
4817,0,1,-0.30270648,-0.121387005,-0.4064401691468817,0.10373369,0.010760678
4818,0,1,0.37792563,0.024110794,0.3695275176946881,0.008398116,7.0528346e-05
4819,0,1,-0.34392476,-0.10286522,-0.2783549598237038,0.06556979,0.004299397
4820,0,1,0.25859952,0.0754354,0.2662303453765484,0.007630825,5.8229492e-05
4821,0,1,-0.24877453,-0.1297648,-0.2438518652491597,0.004922658,2.4232564e-05
4822,0,1,0.2263937,0.08240914,0.2446760814826296,0.018282384,0.00033424556
4823,0,1,-0.22884798,-0.1286385,-0.1235253652549599,0.105322614,0.011092853
4824,0,1,0.113984585,0.0840857,0.0488607519071133,0.06512383,0.0042411136
4825,0,1,-0.04694867,-0.027732372,-0.0425660842519377,0.004382588,1.9207077e-05
4826,0,1,0.03835559,0.045898914,0.0619168670759826,0.023561276,0.00055513374
4827,0,1,-0.05911517,-0.038885117,-0.0829781706839405,0.023863003,0.00056944287
4828,0,1,0.076101065,0.07586479,0.3011799903039249,0.22507894,0.05066053
4829,0,1,-0.28103423,-0.12653518,-0.3538235835317551,0.07278934,0.005298288
4830,0,1,0.3289616,0.050031424,0.4693091031797398,0.14034748,0.019697415
4831,0,1,-0.43520975,-0.032490492,-0.4881964466258792,0.05298668,0.0028075883
4832,0,1,0.45380545,-0.029366255,0.5011721739278019,0.04736674,0.002243608
4833,0,1,-0.4642117,-0.0014677048,-0.471926024608345,0.007714331,5.9510905e-05
4834,0,1,0.43872714,-0.01745987,0.5213779171857795,0.08265078,0.0068311514
4835,0,1,-0.48256373,0.020365477,-0.4474444902331207,0.035119236,0.0012333607
4836,0,1,0.41601682,-0.00072073936,0.2444003192560138,0.1716165,0.029452221
4837,0,1,-0.22859335,-0.1285615,-0.0382159095886067,0.19037744,0.036243573
4838,0,1,0.034293175,0.042577982,0.1096339194227145,0.07534075,0.005676228
4839,0,1,-0.10354519,-0.046098948,0.0960089753827952,0.19955418,0.03982187
4840,0,1,-0.09086585,-0.045147896,-0.0583884966040879,0.032477353,0.0010547785
4841,0,1,0.05313158,0.05782461,-0.0133907554625576,0.06652234,0.0044252216
4842,0,1,0.011117935,0.023269415,-0.1099457881901013,0.121063724,0.014656425
4843,0,1,0.10129595,0.08208847,-0.1021782904637884,0.20347424,0.041401766
4844,0,1,0.09403801,0.080750704,0.113995536261354,0.019957528,0.00039830292
4845,0,1,-0.10760307,-0.046378374,0.0946605900984272,0.20226365,0.040910587
4846,0,1,-0.08961105,-0.045048,-0.1121094315570561,0.022498377,0.00050617696
4847,0,1,0.1033175,0.0824368,0.122033693623015,0.018716194,0.00035029592
4848,0,1,-0.11507964,-0.04828,-0.2470212805314573,0.13194165,0.017408598
4849,0,1,0.22935295,0.08189106,0.3429064033467255,0.113553464,0.012894389
4850,0,1,-0.31946206,-0.11483717,-0.3905440327420582,0.071081966,0.0050526457
4851,0,1,0.36314273,0.032648325,0.2855287438642047,0.07761398,0.00602393
4852,0,1,-0.26659536,-0.1285851,-0.41402267193694,0.14742732,0.021734815
4853,0,1,0.38497472,0.019822836,0.1171429245123718,0.2678318,0.07173388
4854,0,1,-0.110530615,-0.046572685,0.005494372480113,0.116024986,0.0134617975
4855,0,1,-0.0065062046,0.008183479,-0.0261396502289477,0.019633446,0.0003854722
4856,0,1,0.023018837,0.033260107,-0.0429998295495699,0.06601867,0.004358465
4857,0,1,0.038760424,0.046230078,0.0380658237443634,0.000694599,4.824678e-07
4858,0,1,-0.03688526,-0.018627405,0.1415891803135278,0.17847444,0.031853124
4859,0,1,-0.1332593,-0.06602287,-0.1309393572247676,0.002319932,5.3820845e-06
4860,0,1,0.1209116,0.0849905,0.1793223546199129,0.058410764,0.0034118174
4861,0,1,-0.16829944,-0.09600067,-0.1624385084392949,0.0058609247,3.435044e-05
4862,0,1,0.15034485,0.08736873,0.0943493206270251,0.05599553,0.0031354995
4863,0,1,-0.08932114,-0.045024395,-0.1660471044016098,0.076725975,0.005886875
4864,0,1,0.15371656,0.08748937,0.1034572841013892,0.050259277,0.002525995
4865,0,1,-0.09779763,-0.045683622,-0.1322115576683469,0.03441392,0.0011843179
4866,0,1,0.12210083,0.085133314,0.08025452863115,0.041846305,0.0017511132
4867,0,1,-0.0761981,-0.04389906,0.006051501151429,0.082249604,0.0067649973
4868,0,1,-0.0070257187,0.0077335835,-0.137505982138014,0.13048026,0.017025098
4869,0,1,0.12704778,0.08568144,0.1366066108299888,0.009558827,9.137117e-05
4870,0,1,-0.12862897,-0.061646223,-0.2889191473417618,0.16029018,0.025692942
4871,0,1,0.26845646,0.07271671,0.2358058145350954,0.03265065,0.0010660649
4872,0,1,-0.22064137,-0.12601781,-0.1609353506412612,0.059706017,0.0035648085
4873,0,1,0.14894009,0.0873096,0.1112484425300692,0.037691645,0.0014206602
4874,0,1,-0.1050477,-0.046204567,-0.0274632248025858,0.077584475,0.0060193506
4875,0,1,0.02425456,0.03428769,0.127016811519192,0.10276225,0.01056008
4876,0,1,-0.119713545,-0.052945375,-0.1660402902764191,0.04632674,0.002146167
4877,0,1,0.1537106,0.08748937,0.0666124051051899,0.087098196,0.007586096
4878,0,1,-0.06349063,-0.04268694,-0.1080174915887086,0.04452686,0.0019826412
4879,0,1,0.09949398,0.08176923,0.1047216460864342,0.0052276626,2.7328457e-05
4880,0,1,-0.098974705,-0.045770645,-0.1924971914958693,0.09352249,0.008746456
4881,0,1,0.17842889,0.0874114,0.0791809682178459,0.09924792,0.009850149
4882,0,1,-0.07519817,-0.0438087,-0.0900972365535408,0.01489906,0.00022198199
4883,0,1,0.08275175,0.078384876,0.1612426870279235,0.07849094,0.0061608283
4884,0,1,-0.15151691,-0.08233142,0.0769802977723519,0.2284972,0.052210975
4885,0,1,-0.07314849,-0.043618202,0.0475857623173179,0.12073425,0.014576759
4886,0,1,-0.045759678,-0.026651144,-0.1166262302566449,0.070866555,0.0050220685
4887,0,1,0.10753846,0.08312583,0.0733485256160375,0.03418994,0.001168952
4888,0,1,-0.06976557,-0.04330063,0.0677460318162141,0.1375116,0.01890944
4889,0,1,-0.06454682,-0.042793036,0.2467253274350436,0.31127214,0.096890345
4890,0,1,-0.23074365,-0.1291995,-0.1950651454030976,0.035678506,0.0012729558
4891,0,1,0.18082762,0.08731413,0.2556222441221631,0.07479462,0.0055942354
4892,0,1,-0.238971,-0.1297791,-0.1855778553972666,0.05339314,0.0028508275
4893,0,1,0.1719644,0.087595224,0.1427327545697396,0.029231653,0.0008544895
4894,0,1,-0.13432264,-0.067013025,-0.1830451476825469,0.048722506,0.0023738826
4895,0,1,0.16959739,0.08763337,0.128764887556398,0.040832505,0.0016672935
4896,0,1,-0.12133837,-0.054558277,-0.1165728152777036,0.0047655553,2.2710517e-05
4897,0,1,0.10748792,0.08311796,0.0306817547287092,0.07680616,0.005899186
4898,0,1,-0.03000021,-0.012462616,-0.1406698709747269,0.11066966,0.012247773
4899,0,1,0.1300044,0.08597827,0.0965952612872791,0.03340914,0.0011161707
4900,0,1,-0.09141159,-0.04519224,-0.1216858370930635,0.03027425,0.0009165302
4901,0,1,0.11226535,0.08384037,0.1910193955929289,0.07875405,0.006202201
4902,0,1,-0.1791501,-0.10416937,-0.1041173793640082,0.075032726,0.00562991
4903,0,1,0.09585023,0.081098795,0.0562365448039594,0.039613683,0.0015692438
4904,0,1,-0.053823233,-0.03401327,-0.0503149250238705,0.003508307,1.2308218e-05
4905,0,1,0.045591354,0.05177045,-0.1000941243365338,0.14568548,0.021224258
4906,0,1,0.09209108,0.08036661,0.0297983297004824,0.062292755,0.0038803872
4907,0,1,-0.029175758,-0.011728764,-0.0065680484865122,0.02260771,0.00051110855
4908,0,1,0.004750252,0.017858982,-0.0776955049463445,0.082445756,0.0067973025
4909,0,1,0.0711658,0.072039366,0.0757221590403465,0.004556358,2.0760397e-05
4910,0,1,-0.07197642,-0.043510437,-0.0142330854398893,0.057743337,0.003334293
4911,0,1,0.011904001,0.023934603,-0.0383689387988392,0.05027294,0.0025273687
4912,0,1,0.034436226,0.042694807,-0.1238434533501666,0.15827969,0.02505246
4913,0,1,0.114281416,0.084126234,0.085787468230861,0.028493948,0.0008119051
4914,0,1,-0.081350565,-0.044356346,-0.037718168977523,0.043632396,0.001903786
4915,0,1,0.033828497,0.042196274,0.0790164406344406,0.045187943,0.0020419501
4916,0,1,-0.07504439,-0.043794155,-0.1463946984208237,0.071350306,0.0050908662
4917,0,1,0.13535309,0.086453915,0.0887648975428803,0.04658819,0.0021704594
4918,0,1,-0.084121466,-0.044593573,0.0716091822874314,0.15573065,0.024252035
4919,0,1,-0.06814575,-0.04314518,0.010366469713523,0.07851222,0.006164169
4920,0,1,-0.011051655,0.004235983,-0.0782174437190961,0.06716579,0.0045112437
4921,0,1,0.07165313,0.07241869,0.3239833303128612,0.2523302,0.06367054
4922,0,1,-0.302047,-0.121617556,-0.2184182540646699,0.08362876,0.006993769
4923,0,1,0.2026422,0.08569002,0.252450870302344,0.04980868,0.0024809048
4924,0,1,-0.23603845,-0.12969542,-0.2464538793633028,0.010415435,0.00010848128
4925,0,1,0.22882295,0.08198452,0.1681409313837067,0.060682014,0.0036823067
4926,0,1,-0.15792227,-0.08769655,-0.2037291763710582,0.045806915,0.0020982735
4927,0,1,0.18892145,0.086865425,0.1188470772830831,0.07007437,0.004910418
4928,0,1,-0.112116575,-0.046674967,-0.2896632953691322,0.17754671,0.031522833
4929,0,1,0.2691512,0.07251525,0.2904783159062103,0.021327108,0.00045484555
4930,0,1,-0.27116346,-0.12804246,-0.1279537569941924,0.14320971,0.020509021
4931,0,1,0.118121624,0.084641695,0.1721994071238248,0.05407779,0.0029244074
4932,0,1,-0.1616888,-0.09076619,-0.1131861224109278,0.048502684,0.0023525103
4933,0,1,0.10432339,0.08260512,0.2041543131143255,0.099830925,0.009966213
4934,0,1,-0.19132733,-0.11271739,-0.3345090605817482,0.14318174,0.02050101
4935,0,1,0.3109672,0.05785799,0.219977749626155,0.090989456,0.008279081
4936,0,1,-0.20598769,-0.120574,-0.043395130404523,0.16259256,0.02643634
4937,0,1,0.039129257,0.04652953,0.1711434257932658,0.13201417,0.01742774
4938,0,1,-0.1607089,-0.08997393,-0.2229831438439231,0.062274233,0.00387808
4939,0,1,0.20690584,0.085216045,0.2999225755132415,0.09301674,0.008652114
4940,0,1,-0.27987528,-0.12673545,-0.3486821451716864,0.06880686,0.0047343834
4941,0,1,0.32417226,0.052203894,0.2510536381802004,0.07311863,0.0053463336
4942,0,1,-0.23474622,-0.1296463,-0.3105880473537858,0.075841844,0.005751985
4943,0,1,0.28866768,0.066287756,0.1993730844834615,0.0892946,0.007973525
4944,0,1,-0.18689513,-0.10968208,-0.2753978003732711,0.088502675,0.007832724
4945,0,1,0.2558403,0.07614684,0.1656408816806185,0.090199426,0.008135936
4946,0,1,-0.15560079,-0.08577323,0.0917688771987137,0.24736966,0.06119175
4947,0,1,-0.08691883,-0.044828176,0.0881828314802071,0.17510167,0.030660594
4948,0,1,-0.083580256,-0.044547558,-0.0748168039697967,0.008763455,7.679814e-05
4949,0,1,0.06847668,0.06994414,-0.1691690489890125,0.23764573,0.056475494
4950,0,1,0.15663314,0.08756828,0.4207828868489405,0.26414976,0.06977509
4951,0,1,-0.3908999,-0.071766615,-0.412362615544604,0.021462709,0.00046064786
4952,0,1,0.3834312,0.02077341,0.3785065511624013,0.004924655,2.4252227e-05
4953,0,1,-0.3521664,-0.098184824,-0.214518294611683,0.13764812,0.018947005
4954,0,1,0.19899917,0.086052895,0.2256006139529103,0.026601449,0.00070763705
4955,0,1,-0.21119452,-0.12262106,-0.0355245937964374,0.17566992,0.030859921
4956,0,1,0.031780243,0.040513515,0.147046383679235,0.115266144,0.013286284
4957,0,1,-0.1383307,-0.07070255,-0.0792655682015919,0.059065133,0.00348869
4958,0,1,0.07263231,0.07317948,0.1280827490244331,0.05545044,0.0030747512
4959,0,1,-0.1207037,-0.053930998,-0.1863764771180083,0.065672785,0.004312915
4960,0,1,0.1727097,0.08757973,0.1618431009425864,0.010866597,0.000118082935
4961,0,1,-0.15207458,-0.08280492,-0.2255365952562664,0.073462024,0.005396669
4962,0,1,0.20929027,0.0849309,0.4057617115095859,0.19647145,0.038601033
4963,0,1,-0.37715125,-0.081982374,-0.3940747792923385,0.016923517,0.00028640544
4964,0,1,0.3664267,0.030805111,0.273827629835385,0.092599064,0.008574586
4965,0,1,-0.25579262,-0.12947774,-0.2625170880509628,0.006724477,4.521859e-05
4966,0,1,0.24381804,0.07899761,0.4083977095594933,0.16457966,0.027086465
4967,0,1,-0.37956476,-0.08025551,-0.3394147153052138,0.040150046,0.0016120262
4968,0,1,0.3155384,0.055956364,0.2260043065005668,0.089534104,0.008016355
4969,0,1,-0.2115686,-0.122763395,-0.0429866701576147,0.16858193,0.028419867
4970,0,1,0.038747787,0.04621935,0.0459337895143123,0.007186003,5.163864e-05
4971,0,1,-0.044220448,-0.02525258,-0.1527269870422429,0.108506545,0.01177367
4972,0,1,0.14126992,0.086889505,0.2365987940502925,0.09532887,0.009087593
4973,0,1,-0.22137499,-0.12626505,-0.2217360832836044,0.00036109984,1.3039309e-07
4974,0,0,0.20574117,0.08535075,-0.1331942801534533,0.33893543,0.11487723
4975,0,0,0.12301874,0.08523941,-0.0790753163985793,0.20209405,0.040842004
4976,0,0,0.07245445,0.07304096,-0.130413621764049,0.20286807,0.041155454
4977,0,0,0.12042117,0.0849309,-0.1506545829359695,0.27107576,0.07348207
4978,0,0,0.13933372,0.086758375,-0.0896418241351999,0.22897555,0.052429803
4979,0,0,0.08232546,0.07828927,-0.0903964402005605,0.1727219,0.029832853
4980,0,0,0.08303118,0.078448296,-0.0150923558937208,0.098123536,0.009628228
4981,0,0,0.01270628,0.024611235,-0.0310356984740791,0.04374198,0.0019133607
4982,0,0,0.027589798,0.037054062,-0.1623203191797091,0.18991011,0.03606585
4983,0,0,0.15023446,0.08736467,-0.337972502217275,0.48820695,0.23834603
4984,0,0,0.31419444,0.056521416,-0.4855973966968343,0.7997918,0.6396669
4985,0,0,0.45139742,-0.027422905,-0.3363378899846245,0.78773534,0.62052697
4986,1,0,-0.34924507,0.057156086,-0.2501342157705744,0.09911084,0.009822959
4987,1,0,-0.26215386,0.08135605,-0.2679344263335723,0.005780548,3.3414733e-05
4988,1,0,-0.28015876,0.07784891,-0.2312614875170102,0.048897266,0.0023909428
4989,1,0,-0.24305129,0.08422971,-0.2594944046734682,0.016443104,0.00027037566
4990,1,0,-0.27162218,0.0796082,-0.2891689234772534,0.017546743,0.0003078882
4991,1,0,-0.30162358,0.07264924,-0.2676760720963425,0.033947498,0.0011524326
4992,1,0,-0.27989745,0.0779047,-0.5434493381883914,0.2635519,0.0694596
4993,1,0,-0.5572324,-0.07441163,-0.5883878437179799,0.031155467,0.00097066315
4994,1,0,-0.60208535,-0.11619425,-0.845024722131968,0.24293935,0.05901953
4995,1,0,-0.85595095,-0.43574667,-0.7156695027427267,0.14028144,0.019678881
4996,1,0,-0.7285079,-0.25835633,-0.5711409084632391,0.15736699,0.02476437
4997,1,0,-0.58488417,-0.099620104,-0.4380390847440192,0.14684507,0.021563476
4998,1,0,-0.4516194,0.005330324,-0.3994928480398649,0.052126527,0.0027171748
4999,1,0,-0.4128697,0.027917385,-0.3791472701693998,0.03372243,0.0011372024
5000,1,0,-0.39239097,0.038393974,-0.3072993877745555,0.08509159,0.007240579
5001,1,0,-0.3199377,0.06733751,-0.4587852157764867,0.1388475,0.019278629
5002,1,0,-0.47244787,-0.008298159,-0.4776862111185864,0.0052383244,2.7440043e-05
5003,1,0,-0.49140573,-0.021603823,-0.3646088886131995,0.12679684,0.016077438
5004,1,0,-0.37774634,0.045265436,-0.3908745526802222,0.013128221,0.00017235019
5005,1,0,-0.40419698,0.03247714,-0.3206787122511749,0.08351827,0.006975301
5006,1,0,-0.3334446,0.06290245,-0.5310913147750624,0.19764674,0.039064232
5007,1,0,-0.54487896,-0.063724995,-0.3906984983196668,0.15418047,0.023771616
5008,1,0,-0.40402007,0.032568693,-0.1950507214503725,0.20896935,0.043668192
5009,1,0,-0.20636988,0.087313175,-0.1627822901975775,0.04358758,0.0018998772
5010,1,0,-0.17364812,0.08738136,-0.3380486237785294,0.16440052,0.02702753
5011,1,0,-0.35097075,0.056492567,-0.2859406535754458,0.0650301,0.0042289137
5012,1,0,-0.2983606,0.073510885,-0.2724545429323104,0.025906056,0.00067112374
5013,1,0,-0.28472924,0.076835155,-0.3476359499299146,0.06290671,0.0039572543
5014,1,0,-0.3606391,0.0526371,-0.2860691835201563,0.07456991,0.0055606714
5015,1,0,-0.29849124,0.07347822,-0.285600606701776,0.012890637,0.00016616852
5016,1,0,-0.29801702,0.073599815,-0.4910893967186953,0.19307238,0.037276942
5017,1,0,-0.50483966,-0.031549215,-0.4968427872329797,0.007996857,6.394972e-05
5018,1,0,-0.5106027,-0.0359478,-0.3591347509642886,0.15146795,0.02294254
5019,1,0,-0.37223005,0.047719955,-0.3388950460479396,0.033335,0.0011112222
5020,1,0,-0.35182452,0.05616021,-0.2277200304438649,0.124104485,0.015401923
5021,1,0,-0.23946619,0.08467269,-0.11842910516742,0.12103709,0.014649977
5022,1,0,-0.12862563,0.08338785,-0.3293822482972892,0.20075661,0.040303215
5023,1,0,-0.3422277,0.059782267,-0.3043683517887556,0.03785935,0.0014333305
5024,1,0,-0.31697822,0.06825113,-0.265084060931835,0.051894158,0.0026930037
5025,1,0,-0.27727652,0.0784626,-0.229279679693982,0.047996834,0.002303696
5026,1,0,-0.24104548,0.08448243,-0.1943930941821663,0.046652377,0.0021764443
5027,1,0,-0.20570326,0.08733988,0.0239109535942239,0.22961421,0.052722685
5028,1,0,0.01616478,-0.0068542957,-0.1066967693954579,0.12286155,0.01509496
5029,1,0,-0.11670828,0.08154535,-0.1234570093582614,0.0067487285,4.5545337e-05
5030,1,0,-0.13373208,0.08407664,0.0304942586729515,0.16422634,0.02697029
5031,1,0,0.02287054,-0.012306452,0.2036601154448352,0.18078957,0.03268487
5032,1,0,0.1994443,-0.11240792,0.0853958761705029,0.11404842,0.013007042
5033,1,0,0.07881904,-0.04432416,-0.0113448220667295,0.09016386,0.008129521
5034,1,0,-0.019734621,0.021650791,0.0339866384870823,0.05372126,0.0028859738
5035,1,0,0.026428461,-0.015215397,0.0208461799770396,0.0055822805,3.1161857e-05
5036,1,0,0.013043165,-0.0043301582,0.0577035597047794,0.044660393,0.0019945507
5037,1,0,0.050593615,-0.035269022,0.0244669539751609,0.02612666,0.0006826024
5038,1,0,0.016731262,-0.0073132515,0.0756241200288942,0.05889286,0.0034683691
5039,1,0,0.06885815,-0.0435009,0.0320705019507898,0.036787644,0.0013533308
5040,1,0,0.024476528,-0.013617277,0.0276779224389231,0.0032013934,1.0248919e-05
5041,1,0,0.020002365,-0.009969473,0.103499067331239,0.083496705,0.0069716997
5042,1,0,0.09727454,-0.045686483,-0.0830094694192249,0.18028401,0.032502323
5043,1,0,-0.09263587,0.07588744,-0.1436350809831759,0.05099921,0.0026009195
5044,1,0,-0.15421844,0.086235285,-0.0564997884992792,0.09771865,0.009548934
5045,1,0,-0.065681934,0.05641365,-0.1532038541979825,0.087521926,0.0076600877
5046,1,0,-0.16392994,0.086918116,-0.1096085905071602,0.05432135,0.002950809
5047,1,0,-0.1196661,0.08203411,-0.106095318429999,0.013570778,0.00018416601
5048,1,0,-0.11609721,0.08144283,-0.1748648754209067,0.05876766,0.003453638
5049,1,0,-0.18590403,0.087651014,-0.1195124746862807,0.06639155,0.004407838
5050,1,0,-0.12972617,0.083541155,-0.1160548535046634,0.013671316,0.00018690489
5051,1,0,-0.12621498,0.08304024,0.1180548132716925,0.24426979,0.05966773
5052,1,0,0.11211753,-0.04662776,0.1879413315787546,0.0758238,0.0057492484
5053,1,0,0.18340659,-0.10207081,0.2772128689278141,0.09380627,0.008799615
5054,1,0,0.27450323,-0.1292746,0.2204003109468497,0.054102927,0.0029271268
5055,1,0,0.21652651,-0.12073326,0.3300307646549916,0.11350426,0.012883217
5056,1,0,0.3284037,-0.11960721,0.3758309468144647,0.047427237,0.0022493429
5057,1,0,0.37513423,-0.09961438,0.1878340377441159,0.18730019,0.03508136
5058,1,0,0.1832962,-0.10199642,0.2100964559709526,0.026800245,0.00071825314
5059,1,0,0.20601201,-0.11636758,0.3211757213047801,0.11516371,0.013262681
5060,1,0,0.31936717,-0.1224947,0.3025404243620504,0.016826749,0.00028313947
5061,1,0,0.30035067,-0.12631035,0.3952260806081469,0.094875425,0.009001346
5062,1,0,0.3949194,-0.088602304,0.3428173687970699,0.05210203,0.0027146214
5063,1,0,0.34145093,-0.11487126,0.3688746375090024,0.02742371,0.00075205986
5064,1,0,0.36803794,-0.10319376,0.4993304250906534,0.13129249,0.01723772
5065,1,0,0.50105906,-0.0033740997,0.3478159584065192,0.1532431,0.023483446
5066,1,0,0.34655166,-0.112841845,0.5505581914320743,0.20400655,0.041618675
5067,1,0,0.55323625,0.054860115,0.3193760686170104,0.23386016,0.054690577
5068,1,0,0.3175311,-0.12292409,0.2618066749433283,0.055724442,0.0031052134
5069,1,0,0.25878096,-0.12982535,0.3332514189144722,0.07447046,0.0055458494
5070,1,0,0.3316896,-0.11847472,0.1508798569560392,0.18080974,0.03269216
5071,1,0,0.1455965,-0.07392073,0.3032978761996765,0.15770137,0.024869723
5072,1,0,0.30112338,-0.12618232,0.3731659133731448,0.072042525,0.005190125
5073,1,0,0.37241578,-0.1010077,0.3541727897773259,0.018242985,0.0003328065
5074,1,0,0.35303736,-0.110117674,0.4003324123647647,0.047295064,0.002236823
5075,1,0,0.40012765,-0.085449696,0.3782321912400119,0.021895468,0.00047941154
5076,1,0,0.3775835,-0.09833288,0.5905098434786833,0.21292633,0.04533762
5077,1,0,0.5938978,0.10778427,0.636915692786908,0.043017864,0.0018505367
5078,1,0,0.6410892,0.17754102,0.6240295876983102,0.017059624,0.00029103077
5079,1,0,0.62799,0.15727758,0.7702891827610339,0.14229918,0.020249056
5080,1,0,0.77643013,0.3978672,0.6983197441897562,0.0781104,0.006101234
5081,1,0,0.7034571,0.2835288,0.7550179135962636,0.05156082,0.002658518
5082,1,0,0.7609587,0.37957,0.6569324499481257,0.1040262,0.01082145
5083,1,0,0.66142964,0.21037841,0.6612950929890244,0.00013452768,1.8097698e-08
5084,1,1,0.6658623,0.2177558,-0.6069971781510222,1.2728596,1.6201715
5085,1,1,-0.62062764,-0.13481545,0.5698525553808338,1.1904802,1.4172432
5086,1,1,0.5728774,0.07959652,-0.6473588813479301,1.2202363,1.4889766
5087,0,1,0.60057664,-0.17779684,0.5855778219343426,0.014998794,0.0002249638
5088,0,1,-0.540658,0.10089469,-0.5476654919900046,0.0070074797,4.9104772e-05
5089,0,1,0.50881004,-0.078136444,0.5745975111197095,0.065787494,0.0043279943
5090,0,1,-0.53074574,0.085915565,-0.5494105587292557,0.018664837,0.00034837614
5091,0,1,0.5104215,-0.07969141,0.4728687108164933,0.037552804,0.0014102131
5092,0,1,-0.43845367,-0.029232025,-0.2948747240979621,0.14357895,0.020614915
5093,0,1,0.27401257,0.071064234,0.2333357624203209,0.040676802,0.0016546022
5094,0,1,-0.21835613,-0.1252327,-0.0347096660142565,0.18364647,0.033726025
5095,0,1,0.031019926,0.03988719,0.0683462688775597,0.037326343,0.0013932559
5096,0,1,-0.06510568,-0.04284835,0.0136444698148228,0.07875015,0.0062015858
5097,0,1,-0.014109373,0.0015683174,-0.0768305291405986,0.062721156,0.0039339433
5098,0,1,0.0703578,0.07141113,-0.0052739668918824,0.07563177,0.005720164
5099,0,1,0.0035431385,0.016827345,0.1009349006523616,0.09739176,0.009485155
5100,0,1,-0.09545064,-0.04550624,-0.0850903478767004,0.010360293,0.000107335676
5101,0,1,0.0780735,0.07730508,0.1678375566590326,0.08976406,0.008057586
5102,0,1,-0.15763974,-0.087464094,-0.0195278401671976,0.1381119,0.019074898
5103,0,1,0.016846657,0.028097391,0.0607738238134576,0.043927167,0.001929596
5104,0,1,-0.058050632,-0.037902594,-0.179586534536321,0.1215359,0.014770974
5105,0,1,0.16636682,0.08766055,0.1038401164367637,0.062526695,0.003909588
5106,0,1,-0.09815478,-0.04570985,0.1158727841620756,0.21402757,0.0458078
5107,0,1,-0.10934949,-0.0464952,-0.0643451987911221,0.045004293,0.0020253863
5108,0,1,0.058695078,0.0622499,0.0115187513499419,0.047176328,0.0022256058
5109,0,1,-0.012126446,0.00330019,-0.0137034488654248,0.0015770029,2.4869382e-06
5110,0,1,0.011410236,0.02351594,-0.0453460965375347,0.056756333,0.0032212813
5111,0,1,0.04095173,0.04801178,0.0819432657353389,0.040991537,0.0016803062
5112,0,1,-0.077769995,-0.044041395,-0.0952114313353842,0.017441437,0.0003042037
5113,0,1,0.0875299,0.07942891,0.1248514979798955,0.037321597,0.0013929016
5114,0,1,-0.1177001,-0.05093074,-0.3734836035511444,0.2557835,0.065425195
5115,0,1,0.34726715,0.041131973,0.375549316095904,0.028282166,0.0007998809
5116,0,1,-0.3494525,-0.099761724,-0.3082725770695926,0.041179925,0.0016957863
5117,0,1,0.28650832,0.06702995,0.2090119419153779,0.07749638,0.006005689
5118,0,1,-0.19582963,-0.115710735,-0.1827885377305422,0.013041094,0.00017007013
5119,0,1,0.16935825,0.087635994,0.0553594744731169,0.11399878,0.012995722
5120,0,1,-0.05300522,-0.0332644,0.0358668946658111,0.08887211,0.007898252
5121,0,1,-0.0348351,-0.016787052,0.1394584430571961,0.17429355,0.030378241
5122,0,1,-0.13127923,-0.06416273,-0.224466825548713,0.0931876,0.008683929
5123,0,1,0.20829177,0.08505225,0.2713529507307668,0.06306118,0.003976712
5124,0,1,-0.2535069,-0.12959623,-0.2109184076471937,0.042588487,0.0018137792
5125,0,1,0.19563675,0.08635473,0.278294168687065,0.08265743,0.0068322504
5126,0,1,-0.25991726,-0.12920117,-0.2647027242859918,0.004785478,2.29008e-05
5127,0,1,0.24585843,0.078543186,0.1764926167653295,0.069365814,0.004811616
5128,0,1,-0.16567302,-0.09394479,-0.0801766962563759,0.08549632,0.0073096207
5129,0,1,0.073483706,0.073839426,0.0535998200314691,0.019883886,0.00039536893
5130,0,1,-0.051365614,-0.0317626,0.019224524405307,0.07059014,0.004982968
5131,0,1,-0.01931429,-0.0029973984,-0.1363007001696363,0.11698641,0.01368582
5132,0,1,0.12592125,0.085562706,0.1760158044941864,0.05009456,0.002509465
5133,0,1,-0.16523075,-0.093595505,-0.1589933376673578,0.0062374175,3.8905375e-05
5134,0,1,0.14712524,0.0872252,0.1140582279715727,0.033067018,0.0010934277
5135,0,1,-0.107661724,-0.046383142,-0.0077835940931336,0.09987813,0.009975641
5136,0,1,0.005884886,0.018826008,0.0680375993606166,0.062152714,0.0038629598
5137,0,1,-0.06481862,-0.042820215,-0.1109518766624191,0.046133257,0.0021282774
5138,0,1,0.102235794,0.08225131,0.0572072107224905,0.045028582,0.0020275733
5139,0,1,-0.054727793,-0.0348444,-0.0559015384960144,0.0011737458,1.3776793e-06
5140,0,1,0.050809383,0.055965662,0.057214353085317,0.00640497,4.102364e-05
5141,0,1,-0.05473423,-0.03485036,-0.0172325062400373,0.037501723,0.0014063792
5142,0,1,0.014703274,0.0262959,0.0078007029942619,0.006902571,4.7645484e-05
5143,0,1,-0.008657694,0.006317854,0.1223736934406454,0.1310314,0.017169226
5144,0,1,-0.11539626,-0.048601627,-0.2351741414963379,0.11977787,0.014346739
5145,0,1,0.21829033,0.0837059,0.2347719481569203,0.016481623,0.0002716439
5146,0,1,-0.21968436,-0.12569213,-0.3284825029499401,0.108798146,0.011837036
5147,0,1,0.30535054,0.060112953,0.2567546260426923,0.048595905,0.002361562
5148,0,1,-0.24001718,-0.12979913,0.01421969616805,0.25423688,0.06463639
5149,0,1,-0.014645815,0.0010995865,0.002048020829394,0.016693836,0.00027868417
5150,0,1,-0.0032901764,0.010961056,-0.0775919614550555,0.07430179,0.0055207554
5151,0,1,0.071069,0.07196522,0.217771327070372,0.14670232,0.02152157
5152,0,1,-0.20394397,-0.11973715,-0.2055463200547378,0.0016023517,2.5675308e-06
5153,0,1,0.19061852,0.08674884,0.2026700548923972,0.012051538,0.00014523957
5154,0,1,-0.1899519,-0.11178398,-0.0507571869706118,0.13919471,0.019375168
5155,0,1,0.046004534,0.05210352,0.1756437602037208,0.12963922,0.016806329
5156,0,1,-0.16488552,-0.09332204,-0.1300820896522698,0.034803435,0.0012112791
5157,0,1,0.12011099,0.084891796,0.1147629150424776,0.0053480715,2.8601868e-05
5158,0,1,-0.10831666,-0.04642701,-0.1972206689314815,0.08890401,0.007903922
5159,0,1,0.18284082,0.087219,0.1769770192822655,0.0058638006,3.4384157e-05
5160,0,1,-0.16612267,-0.094298124,-0.4323659125263357,0.26624325,0.070885465
5161,0,1,0.40201712,0.008878946,0.4044218711817251,0.0024047494,5.7828197e-06
5162,0,1,-0.37592387,-0.08284998,-0.4342960064440944,0.05837214,0.0034073067
5163,0,1,0.4038098,0.007680893,0.3453480148046446,0.058461785,0.0034177804
5164,0,1,-0.321707,-0.11385703,-0.3646275736928932,0.04292056,0.0018421744
5165,0,1,0.33902287,0.04525757,0.3194937845410126,0.019529104,0.0003813859
5166,0,1,-0.29791284,-0.12289643,-0.3749922066840985,0.077079356,0.005941227
5167,0,1,0.34867096,0.04041028,0.4125822394461105,0.06391129,0.0040846528
5168,0,1,-0.38339567,-0.07745767,-0.5077587878306078,0.124363124,0.015466187
5169,0,1,0.47191834,-0.04450488,0.3009147307552346,0.17100361,0.029242234
5170,0,1,-0.2807896,-0.1265781,-0.374890347020413,0.09410074,0.00885495
5171,0,1,0.34857607,0.04045868,0.4644332856701099,0.115857214,0.013422894
5172,0,1,-0.43076515,-0.036870956,-0.344305876492164,0.08645928,0.007475207
5173,0,1,0.32009625,0.054002047,0.2057606238530227,0.11433563,0.013072635
5174,0,1,-0.19281602,-0.11371684,-0.4077163189902548,0.21490031,0.046182144
5175,0,1,0.379112,0.0233984,0.3752228377857678,0.0038891733,1.5125669e-05
5176,0,1,-0.34915304,-0.09993434,-0.3926044305942437,0.0434514,0.001888024
5177,0,1,0.36505866,0.03157592,0.2974250988024169,0.06763357,0.0045743
5178,0,1,-0.27757168,-0.12711501,-0.2721415175928401,0.005430162,2.9486659e-05
5179,0,1,0.25280142,0.076906204,0.3802428533692006,0.12744144,0.01624132
5180,0,1,-0.35375905,-0.09724164,-0.4724785382292982,0.11871949,0.014094317
5181,0,1,0.43923903,-0.017853022,0.2771301313713734,0.1621089,0.026279295
5182,0,1,-0.25884295,-0.12928104,-0.1216202315062009,0.1372227,0.018830072
5183,0,1,0.11220384,0.08383155,0.2582631793807888,0.14605933,0.02133333
5184,0,1,-0.24141192,-0.12981725,-0.2683055085883539,0.026893586,0.00072326494
5185,0,1,0.24922156,0.07776594,0.3053993675071531,0.056177795,0.0031559446
5186,0,1,-0.28492498,-0.12581444,-0.143266191337156,0.1416588,0.020067215
5187,0,1,0.13243055,0.08620429,0.1373151001693267,0.004884541,2.3858742e-05
5188,0,1,-0.12928724,-0.062274694,-0.2450431918326345,0.115755945,0.013399439
5189,0,1,0.22750592,0.08221722,0.3122527747779426,0.08474684,0.0071820263
5190,0,1,-0.2912414,-0.12449479,-0.3732965605939951,0.08205515,0.006733048
5191,0,1,0.3470931,0.04122114,0.2369243929356472,0.11016871,0.012137145
5192,0,1,-0.22167635,-0.12636542,-0.4297582578464842,0.2080819,0.043298077
5193,0,1,0.3995943,0.010483742,0.340931914993273,0.058662385,0.0034412753
5194,0,1,-0.3176458,-0.1156106,-0.4721103321006077,0.15446454,0.023859294
5195,0,1,0.4388976,-0.017590761,0.3793818253979646,0.059515774,0.0035421273
5196,0,1,-0.35296917,-0.09771061,-0.4342006094324988,0.081231445,0.0065985476
5197,0,1,0.40372086,0.0077397823,0.4153186783235387,0.011597812,0.00013450925
5198,0,1,-0.3859005,-0.07558966,-0.3764034480776304,0.0094970465,9.019389e-05
5199,0,1,0.34998465,0.039729834,0.3962782259333113,0.046293586,0.0021430962
5200,0,1,-0.36846304,-0.08796096,-0.2548106734507156,0.11365238,0.012916863
5201,0,1,0.23662472,0.08051014,0.2660595555775509,0.02943483,0.0008664092
5202,0,1,-0.24861622,-0.12976861,-0.3938906110971572,0.1452744,0.02110465
5203,0,1,0.36625552,0.030902147,0.3277082391515677,0.038547277,0.0014858926
5204,0,1,-0.30547714,-0.12039566,-0.4112483001039311,0.105771154,0.011187537
5205,0,1,0.38239527,0.021407604,0.3131450795019987,0.069250196,0.0047955895
5206,0,1,-0.29206324,-0.124308825,-0.1968093685226413,0.09525387,0.009073299
5207,0,1,0.18245745,0.08723831,-0.0118430411167884,0.19430049,0.03775268
5208,0,1,0.009673595,0.022045612,0.1029232733205076,0.09324968,0.008695503
5209,0,1,-0.097301245,-0.04564643,-0.1044402522430631,0.0071390048,5.0965387e-05
5210,0,1,0.09615159,0.08115506,-0.0789768568415025,0.17512845,0.030669972
5211,0,1,0.07236242,0.07296991,0.093440189673879,0.021077767,0.00044427227
5212,0,1,-0.08847475,-0.044956446,-0.2248304395251765,0.13635568,0.018592872
5213,0,1,0.20863152,0.08501148,0.2309851613762372,0.02235365,0.00049968564
5214,0,1,-0.21617985,-0.12446475,-0.1402984230958734,0.07588142,0.0057579903
5215,0,1,0.12965679,0.08594489,0.2169998364463783,0.08734305,0.0076288087
5216,0,1,-0.20323014,-0.11943936,-0.1136048037048103,0.089625336,0.008032701
5217,0,1,0.10471463,0.08267021,0.3477353553899824,0.24302071,0.05905907
5218,0,1,-0.3239026,-0.11287546,-0.1884960696676425,0.13540654,0.01833493
5219,0,1,0.17469049,0.08753133,0.1846091499905222,0.00991866,9.8379816e-05
5220,0,1,-0.17320418,-0.09975767,-0.0573400863488196,0.1158641,0.01342449
5221,0,1,0.05215192,0.05704117,0.0640973727115423,0.011945456,0.00014269393
5222,0,1,-0.06114769,-0.04076314,-0.0883917466810046,0.027244054,0.0007422385
5223,0,1,0.081157684,0.07802415,0.054454967449498,0.026702717,0.0007130351
5224,0,1,-0.05216241,-0.0324924,0.0150706714514279,0.06723308,0.004520287
5225,0,1,-0.015439987,0.00040459633,-0.2426699899288644,0.22723,0.051633473
5226,0,1,0.22528934,0.08259678,0.410251703697789,0.18496236,0.034211077
5227,0,1,-0.38126206,-0.07902455,-0.2584705845915365,0.12279147,0.015077745
5228,0,1,0.2400415,0.07981014,0.1628629550566662,0.07717854,0.005956527
5229,0,1,-0.15302086,-0.0836072,-0.0916041573715511,0.0614167,0.003772011
5230,0,1,0.08415961,0.07869935,0.1735846534317766,0.08942504,0.007996839
5231,0,1,-0.16297436,-0.091799974,-0.1988370065262903,0.035862654,0.0012861299
5232,0,1,0.18435144,0.087141275,0.2226266041097391,0.038275152,0.0014649873
5233,0,1,-0.20844054,-0.12155414,-0.1110746030544067,0.09736594,0.009480126
5234,0,1,0.102350235,0.082271814,0.1525205987710896,0.050170362,0.0025170653
5235,0,1,-0.14341569,-0.07528138,-0.2212110290008122,0.07779534,0.006052115
5236,0,1,0.2052505,0.08540654,0.2541991816666904,0.048948675,0.0023959728
5237,0,1,-0.23765492,-0.12974572,-0.253588482005731,0.015933543,0.0002538778
5238,0,1,0.23548388,0.0807364,0.0445515708056043,0.19093232,0.03645515
5239,0,1,-0.042931557,-0.024084568,-0.1404673214449876,0.09753576,0.0095132245
5240,0,1,0.12981558,0.08596039,0.2126705361976761,0.08285496,0.006864944
5241,0,1,-0.19921899,-0.11772585,-0.1331558518856028,0.066063136,0.004364338
5242,0,1,0.12298226,0.08523488,0.0927980970273689,0.030184165,0.0009110838
5243,0,1,-0.087877035,-0.044907093,-0.11061662504276,0.02273959,0.0005170889
5244,0,1,0.10192275,0.08219814,-0.1020626991450068,0.20398545,0.041610066
5245,0,1,0.09393096,0.08072972,-0.0713300150951421,0.16526097,0.02731119
5246,0,1,0.06521964,0.06739402,-0.0253892397914485,0.09060888,0.008209969
5247,0,1,0.02231741,0.03267646,-0.0276511973202735,0.049968608,0.0024968619
5248,0,1,0.024429798,0.03443384,-0.1076108010970204,0.13204059,0.017434718
5249,0,1,0.09911418,0.08170104,0.1730937937122716,0.073979616,0.0054729837
5250,0,1,-0.16251922,-0.09143448,-0.2087065999771433,0.046187386,0.0021332747
5251,0,1,0.19357109,0.08652544,0.1921501545889032,0.00142093,2.019042e-06
5252,0,1,-0.18019795,-0.104931355,-0.1392024386885171,0.04099551,0.0016806317
5253,0,1,0.1286335,0.08584428,0.2744542364854667,0.14582074,0.021263687
5254,0,1,-0.25637126,-0.12944365,-0.4012994847868389,0.14492822,0.021004189
5255,0,1,0.37314582,0.026938438,0.3979736279455097,0.024827808,0.00061642006
5256,0,1,-0.3700161,-0.08691931,-0.3810198743443482,0.0110037625,0.00012108279
5257,0,1,0.3542807,0.03747177,0.3574821854139434,0.0032014847,1.0249504e-05
5258,0,1,-0.33286214,-0.10863423,-0.4633451343656518,0.130483,0.017025813
5259,0,1,0.43077016,-0.0114302635,0.3144622305568982,0.116307914,0.013527531
5260,0,1,-0.29327726,-0.12402868,-0.2528742872449148,0.04040298,0.0016324007
5261,0,1,0.23481703,0.08086729,0.3722517017591409,0.13743466,0.018888285
5262,0,1,-0.346426,-0.10148001,-0.3632285768129386,0.01680258,0.00028232665
5263,0,1,0.33771992,0.045891285,0.4748135053624711,0.13709357,0.018794648
5264,0,1,-0.44022512,-0.027428389,-0.3401602057334112,0.10006493,0.010012991
5265,0,1,0.31623292,0.055662632,0.2727916249966684,0.043441296,0.0018871462
5266,0,1,-0.25483584,-0.12953067,-0.2279417215647066,0.026894122,0.0007232938
5267,0,1,0.21153665,0.0846467,0.1841525795353584,0.027384073,0.00074988743
5268,0,1,-0.17278075,-0.09943771,-0.3692088249537426,0.19642806,0.038583983
5269,0,1,0.3432877,0.043147564,0.4272794275383278,0.08399171,0.007054607
5270,0,1,-0.3968413,-0.067065,-0.4042610255253973,0.007419735,5.505247e-05
5271,0,1,0.3758993,0.025316238,0.3203928640745928,0.055506438,0.0030809646
5272,0,1,-0.2987411,-0.122683525,-0.2434714078604223,0.05526969,0.0030547385
5273,0,1,0.2260375,0.08247113,0.1624837823827074,0.06355372,0.004039075
5274,0,1,-0.15266895,-0.08330989,-0.0817871008971824,0.07088185,0.0050242366
5275,0,1,0.07498789,0.07500434,0.1319627533138976,0.056974858,0.0032461344
5276,0,1,-0.124311924,-0.057478428,0.1015831562177247,0.22589508,0.051028587
5277,0,1,-0.0960536,-0.045552492,-0.1452713078778011,0.0492177,0.0024223821
5278,0,1,0.13430381,0.086367846,0.2293393680289606,0.09503555,0.009031757
5279,0,1,-0.21465588,-0.123914,-0.1253223031970272,0.08933358,0.007980488
5280,0,1,0.11566353,0.08431673,0.143422110112378,0.027758583,0.0007705389
5281,0,1,-0.13496232,-0.0676074,-0.1627225457816545,0.027760223,0.00077062997
5282,0,1,0.15060973,0.08737898,0.3600986826914503,0.20948896,0.043885622
5283,0,1,-0.33526564,-0.10743117,-0.2882733338999066,0.046992302,0.0022082764
5284,0,1,0.2678547,0.07289028,0.2932539769906195,0.025399297,0.0006451243
5285,0,1,-0.27372408,-0.12769437,-0.377910120627146,0.10418603,0.0108547285
5286,0,1,0.3513868,0.03899932,0.3472291355020984,0.0041576624,1.7286156e-05
5287,0,1,-0.32343674,-0.11308718,-0.3499028809441959,0.026466131,0.0007004561
5288,0,1,0.32531,0.051694155,0.1958254291713652,0.12948456,0.016766252
5289,0,1,-0.18360662,-0.10737252,-0.1117202617214006,0.07188636,0.0051676487
5290,0,1,0.10295391,0.082374334,-0.0533753309562992,0.15632924,0.024438832
5291,0,1,0.048449755,0.05407238,0.0847480398748508,0.036298282,0.0013175653
5292,0,1,-0.080382586,-0.044272184,-0.0021291236086851,0.07825346,0.0061236043
5293,0,1,0.00060749054,0.0143146515,-0.0822972186936161,0.08290471,0.0068731913
5294,0,1,0.07546449,0.075372934,0.3210698231211419,0.24560535,0.060321987
5295,0,1,-0.2993636,-0.12251997,-0.3472602387810783,0.047896624,0.0022940866
5296,0,1,0.32284784,0.052791834,0.2610688441222639,0.061778992,0.003816644
5297,0,1,-0.24400496,-0.1298275,-0.1601727853301815,0.083832175,0.0070278333
5298,0,1,0.14822769,0.08727813,0.1240455846690586,0.024182104,0.0005847741
5299,0,1,-0.116950035,-0.050175667,-0.131426661086345,0.014476627,0.00020957274
5300,0,1,0.121367455,0.085045576,0.2178948242462568,0.09652737,0.009317533
5301,0,1,-0.20405889,-0.11978388,-0.3863737479353184,0.18231487,0.033238713
5302,0,1,0.35926318,0.03478694,0.4865080641313004,0.12724489,0.016191263
5303,0,1,-0.45087457,-0.016262054,-0.3529641623098563,0.097910404,0.009586447
5304,0,1,0.328161,0.050399065,0.2873760434968693,0.040784955,0.0016634125
5305,0,1,-0.26830125,-0.1283927,-0.2727197934548377,0.004418552,1.95236e-05
5306,0,1,0.25334144,0.07677221,0.2088937037922722,0.044447735,0.001975601
5307,0,1,-0.19571948,-0.11563969,-0.2716778787436955,0.0759584,0.005769679
5308,0,1,0.2523682,0.0770123,0.3197564552852152,0.06738824,0.0045411745
5309,0,1,-0.29815412,-0.12283301,-0.2069757543483672,0.09117836,0.008313493
5310,0,1,0.1919539,0.08665085,0.2408014897455861,0.048847586,0.0023860866
5311,0,1,-0.22526383,-0.12753105,-0.2697857903343248,0.044521958,0.0019822046
5312,0,1,0.25060296,0.07743955,0.3234081345303905,0.072805166,0.005300592
5313,0,1,-0.3015182,-0.12180138,-0.3364602363221847,0.03494203,0.0012209455
5314,0,1,0.3127854,0.057109356,0.3392319161341408,0.026446521,0.0006994185
5315,0,1,-0.316082,-0.1162653,-0.1672020593101262,0.14887995,0.022165239
5316,0,1,0.15479517,0.08752179,-0.0360048147558216,0.19079998,0.036404632
5317,0,1,0.03222871,0.040882587,0.1221122967763115,0.08988359,0.008079059
5318,0,1,-0.1151526,-0.048353672,-0.2067033024732274,0.09155071,0.0083815325
5319,0,1,0.1916995,0.08666897,0.1505706690607575,0.04112883,0.0016915806
5320,0,1,-0.1416049,-0.07366347,-0.1710355274136441,0.029430628,0.00086616183
5321,0,1,0.15837741,0.08760357,0.1157871668127419,0.042590246,0.0018139291
5322,0,1,-0.109270334,-0.046490192,-0.0644129113586586,0.04485742,0.002012188
5323,0,1,0.05875826,0.06229925,0.1836917015855133,0.12493344,0.015608364
5324,0,1,-0.17235327,-0.09911299,-0.2234445519255583,0.051091284,0.0026103193
5325,0,1,0.20733571,0.08516574,0.0870187894273035,0.12031692,0.014476161
5326,0,1,-0.082496405,-0.04445529,-0.1143293262452695,0.03183292,0.0010133347
5327,0,1,0.10539198,0.082781315,0.0060025808703323,0.0993894,0.009878252
5328,0,1,-0.006979704,0.0077724457,-0.0582098717283372,0.051230166,0.0026245299
5329,0,1,0.052965164,0.057691097,0.1883287577946539,0.1353636,0.018323302
5330,0,1,-0.17665434,-0.10233688,-0.1320767185053633,0.044577613,0.0019871637
5331,0,1,0.12197471,0.0851171,0.2055657734972533,0.083591074,0.0069874674
5332,0,1,-0.19263601,-0.11359644,-0.2644388447599981,0.071802825,0.005155646
5333,0,1,0.24561238,0.07859826,0.2239968455333696,0.021615535,0.00046723135
5334,0,1,-0.20970964,-0.12204981,-0.1127193242098201,0.09699032,0.009407122
5335,0,1,0.10388756,0.082532406,0.0211013127828305,0.08278625,0.006853563
5336,0,1,-0.021065235,-0.004538536,-0.0882974518438097,0.067232214,0.0045201704
5337,0,1,0.081070185,0.078003645,0.1037209523430049,0.02265077,0.0005130574
5338,0,1,-0.09804344,-0.04570198,0.0528718676604715,0.15091531,0.02277543
5339,0,1,-0.050686598,-0.031142235,0.0946011660516239,0.14528777,0.021108536
5340,0,1,-0.089555025,-0.04504323,-0.0312798792851194,0.058275145,0.0033959926
5341,0,1,0.02781701,0.03724289,0.003540253523961,0.024276758,0.00058936095
5342,0,1,-0.0046818256,0.009759665,-0.0132259994973189,0.008544174,7.300291e-05
5343,0,1,0.010964155,0.023139238,0.0311639871481181,0.020199832,0.0004080332
5344,0,1,-0.030450106,-0.012863874,0.0258781393139391,0.056328245,0.0031728712
5345,0,1,-0.025520086,-0.008479357,0.0422643294655404,0.06778441,0.004594727
5346,0,1,-0.04079938,-0.022156,0.0918373991486327,0.13263679,0.017592518
5347,0,1,-0.08698249,-0.044833183,0.0269219330254766,0.113904424,0.0129742175
5348,0,1,-0.026494026,-0.00934267,-0.2763183693035338,0.24982435,0.062412202
5349,0,1,0.25669885,0.075927734,0.3392782464561596,0.082579404,0.006819358
5350,0,1,-0.31612468,-0.116247416,-0.4118517080084429,0.09572703,0.009163664
5351,0,1,0.3829565,0.021064758,0.2190314134377589,0.1639251,0.026871437
5352,0,1,-0.2051115,-0.12021804,-0.1821342734927644,0.022977233,0.0005279532
5353,0,1,0.16874695,0.08764434,0.1465860692447522,0.022160873,0.00049110426
5354,0,1,-0.13790274,-0.0703125,-0.0623656275807706,0.07553711,0.005705855
5355,0,1,0.05684614,0.06078291,0.1700050151423111,0.11315887,0.012804929
5356,0,1,-0.15965152,-0.08911395,-0.0251919213936271,0.1344596,0.018079383
5357,0,1,0.022133112,0.032523155,0.0314797487408746,0.009346638,8.735964e-05
5358,0,1,-0.030743837,-0.013126612,0.1535168704813831,0.18426071,0.03395201
5359,0,1,-0.14434123,-0.07610154,-0.1517703203789651,0.007429093,5.5191424e-05
5360,0,1,0.1403768,0.08682966,0.1903455979266635,0.049968794,0.0024968805
5361,0,1,-0.17852473,-0.1037128,-0.1166317010635045,0.06189303,0.0038307472
5362,0,1,0.10754275,0.08312631,-0.0437656992703252,0.15130845,0.022894247
5363,0,1,0.039476156,0.046812057,-0.0571503864726743,0.09662654,0.009336689
5364,0,1,0.05197525,0.056899548,0.0356885103526547,0.016286738,0.00026525784
5365,0,1,-0.034668446,-0.016637802,0.0396099856802165,0.07427843,0.005517285
5366,0,1,-0.038324594,-0.01992321,-0.0215243094722006,0.016800284,0.00028224956
5367,0,1,0.018710375,0.029660702,0.0667900035317883,0.048079632,0.0023116511
5368,0,1,-0.06365585,-0.04270363,-0.1854478292255046,0.12179197,0.014833285
5369,0,1,0.17184305,0.08759737,0.0632169528037471,0.1086261,0.011799629
5370,0,1,-0.06032729,-0.040004253,-0.0678840447978692,0.0075567514,5.710449e-05
5371,0,1,0.062000513,0.06486201,-0.0297535613622392,0.09175408,0.008418811
5372,0,1,0.026392221,0.03606367,0.2318048129797953,0.2054126,0.042194333
5373,0,1,-0.2169385,-0.12473583,-0.142778110055108,0.07416038,0.0054997625
5374,0,1,0.13197374,0.08616328,0.2037197997481832,0.07174605,0.005147496
5375,0,1,-0.19092464,-0.11244416,-0.1862985177791722,0.004626125,2.1401034e-05
5376,0,1,0.17263794,0.08758235,0.1274506555634373,0.04518728,0.0020418903
5377,0,1,-0.12011647,-0.053346395,-0.0814758563000221,0.03864062,0.0014930974
5378,0,1,0.074697495,0.07477951,0.2077821007059856,0.13308461,0.017711513
5379,0,1,-0.19468951,-0.11496186,-0.1771868640933394,0.01750265,0.0003063428
5380,0,1,0.16412497,0.08766198,0.1905364918742913,0.026411533,0.0006975691
5381,0,1,-0.17870212,-0.10384202,-0.1639710277799513,0.014731094,0.00021700514
5382,0,1,0.15177679,0.087423086,0.2128787146519291,0.06110193,0.0037334457
5383,0,1,-0.19941163,-0.11781025,-0.1448217158309459,0.054589912,0.0029800585
5384,0,1,0.13388371,0.08633208,0.2443749537368975,0.110491246,0.012208316
5385,0,1,-0.22856975,-0.1285541,-0.0729408065620966,0.15562895,0.02422037
5386,0,1,0.06672478,0.068573475,0.0492574250568007,0.017467353,0.00030510843
5387,0,1,-0.04731846,-0.02806878,-0.1791929526326288,0.13187449,0.01739088
5388,0,1,0.16599894,0.087661505,0.0157041044337127,0.15029483,0.022588534
5389,0,1,-0.016031027,-0.00011396408,-0.0289128702712755,0.012881843,0.00016594189
5390,0,1,0.025607824,0.03541255,0.0624144677345599,0.036806643,0.001354729
5391,0,1,-0.059579372,-0.039313316,-0.0189294728891202,0.0406499,0.0016524142
5392,0,1,0.016288042,0.027628899,-0.0399797276025508,0.05626777,0.0031660618
5393,0,1,0.03594017,0.04392743,0.0632872192272939,0.02734705,0.00074786117
5394,0,1,-0.060392857,-0.04006529,-0.1517204722107377,0.09132762,0.008340735
5395,0,1,0.1403296,0.08682656,-0.0294415448746985,0.16977115,0.028822243
5396,0,1,0.02610135,0.035821915,0.2391602725996531,0.21305892,0.045394104
5397,0,1,-0.22374558,-0.12704468,-0.4480176721638482,0.2242721,0.050297976
5398,0,1,0.4165492,-0.0010967255,0.4252745411998457,0.008725345,7.613165e-05
5399,0,1,-0.3950081,-0.0685339,-0.4557451412863016,0.060737044,0.0036889885
5400,0,1,0.42371964,-0.006236315,0.3988535875544965,0.024866045,0.0006183202
5401,0,1,-0.37082267,-0.086373806,-0.4345527038415882,0.06373003,0.004061517
5402,0,1,0.4040482,0.0075204372,0.3334230139633627,0.070625186,0.004987917
5403,0,1,-0.31073713,-0.11841416,-0.4711224042236686,0.16038528,0.025723439
5404,0,1,0.43798184,-0.016886234,0.359871124924505,0.078110725,0.006101285
5405,0,1,-0.33505583,-0.10753751,-0.2702702321189227,0.0647856,0.0041971738
5406,0,1,0.251055,0.077331066,0.1069039648341747,0.14415103,0.02077952
5407,0,1,-0.10100508,-0.04591894,-0.1902723896384377,0.08926731,0.007968653
5408,0,1,0.1763506,0.08748317,0.1534786574368993,0.022871941,0.0005231257
5409,0,1,-0.1443057,-0.07606959,-0.1267965760071985,0.017509133,0.00030656974
5410,0,1,0.11704135,0.084500074,0.0183504938279974,0.09869085,0.009739884
5411,0,1,-0.018499613,-0.0022797585,0.0884699213005308,0.106969535,0.011442482
5412,0,1,-0.08384752,-0.044570208,0.0771680463177548,0.16101557,0.025926014
5413,0,1,-0.07332277,-0.043634653,-0.1826664202743648,0.10934365,0.011956033
5414,0,1,0.16924429,0.0876379,0.2213866228374033,0.052142337,0.0027188233
5415,0,1,-0.20729327,-0.12109923,-0.1338277044457587,0.07346557,0.00539719
5416,0,1,0.12361097,0.08530688,0.2452866457052174,0.12167567,0.014804969
5417,0,1,-0.22941303,-0.12880802,-0.280956312386365,0.051543266,0.0026567082
5418,0,1,0.26102662,0.07479215,0.176069671784679,0.084956944,0.0072176824
5419,0,1,-0.16528082,-0.09363437,-0.0500117019308343,0.11526912,0.01328697
5420,0,1,0.04530859,0.05154133,0.1385594134649461,0.093250826,0.008695717
5421,0,1,-0.13044357,-0.06337261,-0.0737759974706624,0.056667574,0.003211214
5422,0,1,0.067504406,0.06918359,0.1072003137538639,0.03969591,0.0015757653
5423,0,1,-0.101281166,-0.045938253,-0.3148921435059071,0.21361098,0.04562965
5424,0,1,0.29268098,0.06487489,0.2873382586252164,0.005342722,2.8544679e-05
5425,0,1,-0.26826572,-0.12839746,-0.2014380008190022,0.06682773,0.0044659455
5426,0,1,0.18678069,0.0870018,0.1880329048152669,0.0012522191,1.5680527e-06
5427,0,1,-0.17638016,-0.102133036,-0.1716275852034128,0.0047525764,2.2586983e-05
5428,0,1,0.1589303,0.087613344,0.0453736931951995,0.11355661,0.012895104
5429,0,1,-0.04369831,-0.024778605,0.0351994592267579,0.078897774,0.0062248586
5430,0,1,-0.034213066,-0.016228437,-0.1788683648660871,0.1446553,0.020925157
5431,0,1,0.16569543,0.087662935,0.2336444033105138,0.06794897,0.004617062
5432,0,1,-0.21864128,-0.12533236,-0.2773773033489739,0.058736026,0.0034499208
5433,0,1,0.2576878,0.07567263,0.0582451643311596,0.19944264,0.03977737
5434,0,1,-0.05569458,-0.035732985,-0.2220079007501785,0.16631332,0.02766012
5435,0,1,0.20599413,0.08532214,0.1691306174132205,0.036863506,0.001358918
5436,0,1,-0.15884066,-0.088449955,-0.1808247934286462,0.02198413,0.000483302
5437,0,1,0.16752338,0.087654114,0.0740769734307713,0.09344641,0.008732231
5438,0,1,-0.070444584,-0.04336524,-0.1788998947132354,0.108455315,0.011762556
5439,0,1,0.165725,0.0876627,0.10199466199031,0.06373033,0.004061555
5440,0,1,-0.0964365,-0.045582056,-0.2167694572587315,0.12033296,0.01448002
5441,0,1,0.2011025,0.08584738,0.2844168566665472,0.08331436,0.0069412827
5442,0,1,-0.2655692,-0.12869287,-0.0064234236715692,0.2591458,0.067156546
5443,0,1,0.0046155453,0.01774335,0.0644429456614688,0.059827402,0.003579318
5444,0,1,-0.061469316,-0.041061163,-0.018377251982458,0.043092065,0.001856926
5445,0,1,0.015772581,0.02719593,-0.012048663048231,0.027821243,0.00077402155
5446,0,1,0.009865284,0.022208929,-0.1950666436143824,0.20493193,0.041997097
5447,0,1,0.18082952,0.08731365,0.2089585522909249,0.028129026,0.0007912421
5448,0,1,-0.19577956,-0.1156795,-0.2008471083478498,0.005067542,2.5679983e-05
5449,0,1,0.18622899,0.087034464,0.2677164319327674,0.08148745,0.006640204
5450,0,1,-0.25014806,-0.12972736,-0.2975110499638576,0.047362983,0.0022432522
5451,0,1,0.27647138,0.07030511,0.3168477519311219,0.040376365,0.0016302508
5452,0,1,-0.29547524,-0.12350392,-0.3482145619304604,0.052739322,0.002781436
5453,0,1,0.3237369,0.052398205,0.2372839366904906,0.086452976,0.007474117
5454,0,1,-0.2220087,-0.12647581,-0.3882310972854963,0.1662224,0.027629884
5455,0,1,0.36099005,0.03384018,0.2795363151684253,0.08145374,0.0066347118
5456,0,1,-0.2610638,-0.1291101,-0.245316104068678,0.015747711,0.0002479904
5457,0,1,0.22776008,0.08217311,0.2091122653089168,0.018647805,0.00034774063
5458,0,1,-0.19592237,-0.11577225,-0.0450307838866814,0.15089159,0.02276827
5459,0,1,0.040657282,0.04777336,0.1120378502222245,0.07138057,0.0050951857
5460,0,1,-0.10578203,-0.046254158,0.0182438306334886,0.12402587,0.015382416
5461,0,1,-0.018399477,-0.002192974,0.0102750091447019,0.028674487,0.0008222262
5462,0,1,-0.010966778,0.004310131,0.0526150588046396,0.06358184,0.00404265
5463,0,1,-0.050447464,-0.03092289,-0.1995635953332222,0.14911613,0.022235619
5464,0,1,0.18503046,0.08710337,0.152573379636824,0.032457083,0.0010534623
5465,0,1,-0.14346528,-0.0753243,-0.1830305517951691,0.039565265,0.0015654102
5466,0,1,0.16958451,0.08763337,0.1644894612129745,0.0050950497,2.5959533e-05
5467,0,1,-0.15453172,-0.08487964,-0.106235032888307,0.048296683,0.0023325696
5468,0,1,0.09782863,0.08146739,0.2574209165229075,0.1595923,0.025469702
5469,0,1,-0.24063325,-0.12980771,-0.0390494526746243,0.2015838,0.04063603
5470,0,1,0.03507209,0.04321575,0.1738107534891506,0.13873866,0.019248417
5471,0,1,-0.16318488,-0.091967106,-0.1586295240444046,0.0045553595,2.07513e-05
5472,0,1,0.14678526,0.08720732,0.0474886777319039,0.099296585,0.0098598115
5473,0,1,-0.045670033,-0.026569128,-0.1708574428795217,0.12518741,0.015671888
5474,0,1,0.15821123,0.08760047,0.2567108136020732,0.098499596,0.00970217
5475,0,1,-0.23997688,-0.12979817,-0.2609728589674009,0.020995975,0.00044083095
5476,0,1,0.2423768,0.07931256,0.2886856687000518,0.046308875,0.002144512
5477,0,1,-0.26950908,-0.1282506,-0.2192886744007744,0.0502204,0.0025220886
5478,0,1,0.20345473,0.085603,0.160975269703925,0.04247947,0.0018045054
5479,0,1,-0.15126848,-0.082119465,-0.1009833658656833,0.050285116,0.002528593
5480,0,1,0.092921495,0.08053136,0.1595065542956315,0.066585064,0.004433571
5481,0,1,-0.14990473,-0.080951214,-0.033490815107021,0.11641391,0.013552199
5482,0,1,0.029881954,0.038947582,-0.1261202346209846,0.1560022,0.024336684
5483,0,1,0.11640859,0.084417105,0.137393156297517,0.020984575,0.0004403524
5484,0,1,-0.12935948,-0.062342882,-0.0888982672190286,0.04046122,0.0016371103
5485,0,1,0.08163118,0.07813239,0.0809008989844253,0.00073028356,5.3331405e-07
5486,0,1,-0.07680035,-0.04395342,0.028167313970854,0.10496766,0.01101821
5487,0,1,-0.027655125,-0.010374069,0.0972005317588977,0.12485566,0.015588935
5488,0,1,-0.09197521,-0.045236588,-0.1064894536601701,0.014514245,0.0002106633
5489,0,1,0.09806657,0.08151078,0.1282575895301394,0.03019102,0.0009114976
5490,0,1,-0.120866776,-0.054092407,-0.0205583157726141,0.10030846,0.010061787
5491,0,1,0.017808914,0.0289042,0.0122727221634688,0.005536192,3.0649422e-05
5492,0,1,-0.012830019,0.00268507,0.1325021970873519,0.14533222,0.021121453
5493,0,1,-0.12481356,-0.057966232,-0.2282112761095498,0.10339771,0.010691087
5494,0,1,0.21178794,0.08461356,0.2120726131432642,0.00028467178,8.1038024e-08
5495,0,1,-0.19866514,-0.11748338,-0.1645009450213903,0.03416419,0.0011671919
5496,0,1,0.15227175,0.0874424,0.2717320846609907,0.119460344,0.014270774
5497,0,1,-0.25385666,-0.12958002,-0.2274929822771949,0.02636367,0.0006950431
5498,0,1,0.2111175,0.08470011,0.3254897916581467,0.11437228,0.013081019
5499,0,1,-0.30343413,-0.12113023,-0.3340836966067795,0.030649573,0.0009393963
5500,0,1,0.31057072,0.058019638,0.3505173074944663,0.039946586,0.0015957297
5501,0,1,-0.32646012,-0.1117053,-0.5256516482262628,0.19919151,0.03967726
5502,0,1,0.4884696,-0.05913186,0.4362764698225727,0.052193135,0.0027241234
5503,0,1,-0.40506482,-0.060269117,-0.5366378665648366,0.13157302,0.01731146
5504,0,1,0.4986241,-0.068478346,0.5329267063675487,0.034302592,0.0011766679
5505,0,1,-0.49303913,0.033597946,-0.4623858866813948,0.030653238,0.000939621
5506,0,1,0.42988038,-0.010767937,0.4818844013223526,0.05200401,0.002704417
5507,0,1,-0.4466653,-0.020743847,-0.4328195930741274,0.013845682,0.00019170291
5508,0,1,0.40243864,0.008597851,0.3786515977891569,0.023787051,0.0005658238
5509,0,1,-0.35229897,-0.098106146,-0.4873787199649397,0.13507974,0.018246537
5510,0,1,0.453048,-0.02875328,0.385522361967002,0.067525625,0.00455971
5511,0,1,-0.35860205,-0.09430146,-0.5447777368719411,0.1861757,0.034661394
5512,0,1,0.50614357,-0.075580835,0.4860982420789885,0.02004534,0.00040181566
5513,0,1,-0.45050097,-0.016661882,-0.4949929012317522,0.044491947,0.0019795334
5514,0,1,0.46010065,-0.034525394,0.4848292577936495,0.024728596,0.0006115035
5515,0,1,-0.44934607,-0.017899275,-0.3756263289344326,0.07371974,0.0054346
5516,0,1,0.34926152,0.04010558,0.3908405495799711,0.041579038,0.0017288164
5517,0,1,-0.36347914,-0.091225386,-0.285573041568715,0.0779061,0.0060693608
5518,0,1,0.26533484,0.07360792,0.0961845327262742,0.16915032,0.028611831
5519,0,1,-0.09102988,-0.04516077,-0.0363313267958331,0.054698557,0.0029919322
5520,0,1,0.032534122,0.041133165,0.0036455478490755,0.028888574,0.0008345497
5521,0,1,-0.0047802925,0.009675741,0.0404818448820845,0.045262136,0.002048661
5522,0,1,-0.0391376,-0.020656109,-0.3008542844551685,0.2617167,0.06849563
5523,0,1,0.27959037,0.069318295,0.2353338207866051,0.044256553,0.0019586424
5524,0,1,-0.22020483,-0.12587023,-0.0866125582716672,0.13359228,0.017846897
5525,0,1,0.079496145,0.07763982,-0.0393365844378146,0.11883273,0.014121218
5526,0,1,0.03534031,0.04343486,0.1200474602625112,0.08470715,0.007175301
5527,0,1,-0.11323261,-0.046745062,-0.1910049101723769,0.077772304,0.0060485313
5528,0,1,0.17703462,0.087460995,0.0769466067158077,0.10008801,0.010017609
5529,0,1,-0.07311702,-0.043615818,-0.073323049530245,0.0002060309,4.2448733e-08
5530,0,1,0.06708169,0.06885338,0.0645601105826068,0.002521582,6.3583757e-06
5531,0,1,-0.06157875,-0.04116249,-0.0551138759616893,0.0064648762,4.1794625e-05
5532,0,1,0.050073147,0.055375814,-0.0841488589127443,0.134222,0.018015545
5533,0,1,0.077194214,0.07670832,0.1785147251367247,0.101320505,0.010265845
5534,0,1,-0.16754937,-0.09541607,-0.1076135540362304,0.059935816,0.003592302
5535,0,1,0.09911704,0.081701994,-0.0016734672994638,0.10079051,0.010158727
5536,0,1,0.00018262863,0.013949871,0.0445657235714591,0.044383094,0.001969859
5537,0,1,-0.04294443,-0.024096966,-0.0396471445088533,0.003297288,1.0872108e-05
5538,0,1,0.03562975,0.0436728,0.0672417095973902,0.031611957,0.0009993158
5539,0,1,-0.0640769,-0.04274559,-0.2152911728237105,0.15121427,0.022865755
5540,0,1,0.1997211,0.08598423,0.0828191605709274,0.116901934,0.013666063
5541,0,1,-0.07858586,-0.04411292,0.0722793357941871,0.1508652,0.022760307
5542,0,1,-0.06877041,-0.043205738,-0.0476013280270932,0.021169081,0.00044813
5543,0,1,0.043057203,0.049720764,0.051638096234619,0.008580893,7.363173e-05
5544,0,1,-0.049536943,-0.030091286,-0.1807274834384342,0.13119054,0.017210957
5545,0,1,0.16743231,0.08765435,0.1354618170208499,0.031970486,0.001022112
5546,0,1,-0.12756467,-0.060626507,-0.0961418867051016,0.03142278,0.000987391
5547,0,1,0.088398695,0.07961154,0.1058031842420943,0.01740449,0.00030291625
5548,0,1,-0.09998059,-0.045844555,-0.0802527357314062,0.019727856,0.0003891883
5549,0,1,0.07355428,0.07389569,-0.0046956991162354,0.078249976,0.006123059
5550,0,1,0.0030033588,0.016366243,-0.0350787143510435,0.038082074,0.0014502443
5551,0,1,0.03136444,0.04017067,0.07174658945886,0.040382147,0.0016307178
5552,0,1,-0.068273306,-0.043157578,-0.0407288126268308,0.027544495,0.0007586992
5553,0,1,0.03663993,0.044498682,0.139815856859772,0.10317592,0.010645271
5554,0,1,-0.13161206,-0.06447649,-0.1256665841017081,0.005945474,3.534866e-05
5555,0,1,0.115985155,0.0843606,0.3231020950212118,0.20711693,0.042897422
5556,0,1,-0.30123544,-0.12189889,-0.2782926692504377,0.022942781,0.00052637124
5557,0,1,0.25854158,0.07545042,0.2832057124562435,0.024664134,0.0006083195
5558,0,1,-0.26445174,-0.1288054,-0.2530674820461152,0.011384249,0.00012960112
5559,0,1,0.23499703,0.08083105,0.1455101465072781,0.08948688,0.008007902
5560,0,1,-0.13690305,-0.06939769,-0.065419560777407,0.071483485,0.0051098885
5561,0,1,0.05969882,0.06304431,0.1668191745550107,0.10712035,0.01147477
5562,0,1,-0.15669465,-0.08668256,-0.1897919775709868,0.033097327,0.001095433
5563,0,1,0.17590141,0.087497234,-0.0346620081781994,0.21056342,0.044336956
5564,0,1,0.030975342,0.039850235,-0.0034491530390172,0.034424495,0.0011850458
5565,0,1,0.0018396378,0.015370607,-0.0892451916599195,0.09108483,0.008296446
5566,0,1,0.08195543,0.07820606,0.1241435167071776,0.042188086,0.0017798346
5567,0,1,-0.117042065,-0.05026841,-0.0574797080729787,0.059562355,0.0035476743
5568,0,1,0.052283287,0.057145357,-0.0025412774013413,0.054824565,0.0030057328
5569,0,1,0.0009920597,0.014644146,0.0543775415740821,0.05338548,0.0028500096
5570,0,1,-0.05208993,-0.032425642,-0.1663640009732137,0.11427407,0.013058563
5571,0,1,0.1540122,0.08749843,0.1665183304137927,0.012506127,0.00015640323
5572,0,1,-0.15641499,-0.086450815,-0.3057801513612834,0.14936516,0.02230995
5573,0,1,0.28418398,0.0678134,0.2260915964146064,0.058092386,0.0033747253
5574,0,1,-0.21164918,-0.12279415,0.0326093952290418,0.24425858,0.059662256
5575,0,1,-0.03179717,-0.014067888,-0.0391256433498656,0.007328473,5.3706517e-05
5576,0,1,0.035143137,0.043274164,0.2090951938242371,0.17395206,0.030259319
5577,0,1,-0.1959064,-0.115762234,-0.2548058652481457,0.058899462,0.0034691466
5578,0,1,0.23662043,0.080510855,0.2417577332450893,0.0051373094,2.6391948e-05
5579,0,1,-0.22614837,-0.12781,-0.1360116590615923,0.09013671,0.008124626
5580,0,1,0.1256516,0.08553386,0.1377824320605909,0.012130827,0.00014715696
5581,0,1,-0.1297214,-0.0626874,-0.1657116399327107,0.03599024,0.0012952973
5582,0,1,0.15340257,0.08747983,0.2210275134505268,0.06762494,0.004573133
5583,0,1,-0.2069602,-0.12096691,-0.0681542771223067,0.13880593,0.019267086
5584,0,1,0.062253,0.065060854,0.2223245298578593,0.16007154,0.025622897
5585,0,0,-0.20816088,-0.121444225,0.259182156573805,0.46734303,0.21840951
5586,0,0,-0.24226093,-0.12982416,0.2872591018571513,0.52952003,0.28039145
5587,0,0,-0.268193,-0.12840652,0.0518185639232164,0.32001156,0.102407396
5588,0,0,-0.049705505,-0.030244827,-0.025764095604412,0.023941409,0.00057319104
5589,0,0,0.022668123,0.032967567,0.1279035510584365,0.10523543,0.0110744955
5590,0,0,-0.120538,-0.053766012,0.0884800627531703,0.20901805,0.043688547
5591,0,0,-0.08385706,-0.044571877,-0.0117617045076441,0.07209536,0.0051977406
5592,0,0,0.00959754,0.021981716,-0.1390191397770697,0.14861669,0.02208692
5593,0,0,0.1284616,0.08582711,0.0856784465234579,0.042783156,0.0018303985
5594,0,0,-0.08124852,-0.044347525,0.1286715324517184,0.20992005,0.044066425
5595,0,0,-0.1212523,-0.054472923,0.0303622448460534,0.15161455,0.02298697
5596,0,0,-0.029701948,-0.012196541,0.0499356230061391,0.07963757,0.006342143
5597,0,0,-0.047950268,-0.028644562,-0.0743905725200595,0.026440307,0.00069908984
5598,0,0,0.0680778,0.06963253,-0.1840258741058305,0.2521037,0.06355627
5599,0,0,0.1705141,0.08762026,-0.0875022101653555,0.25801632,0.06657242
5600,0,0,0.08032632,0.07783246,-0.0761943354928353,0.15652066,0.024498718
5601,0,0,0.06976318,0.07094765,-0.0316486367378878,0.10141182,0.010284357
5602,0,0,0.028161764,0.037528276,-0.0880626729099542,0.11622444,0.01350812
5603,0,0,0.0808506,0.0779531,-0.1547860192724801,0.23563662,0.055524617
5604,0,0,0.14319372,0.08701038,-0.265285597961221,0.40847933,0.16685537
5605,0,0,0.24640274,0.07841945,-0.1411130990572249,0.38751584,0.15016852
5606,0,0,0.13041878,0.0860188,-0.0850192027819116,0.21543798,0.046413522
5607,0,0,0.0780077,0.077288866,-0.0837927513802236,0.16180044,0.026179384
5608,0,0,0.0768621,0.07645178,-0.1051182057631754,0.18198031,0.033116832
5609,0,0,0.096785784,0.08127403,-0.0969385064677452,0.19372429,0.0375291
5610,0,0,0.0891428,0.07976699,-0.1867727618311763,0.27591556,0.0761294
5611,0,0,0.1730814,0.08757138,-0.1810371612020302,0.35411856,0.12539995
5612,0,0,0.16772223,0.08765316,-0.1881567476400683,0.35587898,0.12664984
5613,0,0,0.17437387,0.08754015,-0.1323486489385783,0.30672252,0.094078705
5614,0,0,0.12222862,0.08514762,0.0427580171039463,0.079470605,0.006315577
5615,1,0,0.03536439,-0.02257204,0.1598167045226719,0.12445231,0.015488377
5616,1,0,0.15471244,-0.081198454,0.2776935388469703,0.1229811,0.015124352
5617,1,0,0.27499413,-0.1292429,0.3666448671145361,0.091650724,0.008399855
5618,1,0,0.36576247,-0.10429907,0.3838410101785436,0.018078536,0.00032683345
5619,1,0,0.38330603,-0.09525013,0.5885478227708068,0.2052418,0.042124197
5620,1,0,0.59190154,0.10503125,0.6308789418046836,0.038977385,0.0015192365
5621,1,0,0.63495255,0.16796207,0.824601600998196,0.18964905,0.03596676
5622,1,0,0.83139825,0.46569777,0.8402576765663343,0.008859456,7.848995e-05
5623,1,0,0.84722567,0.48605728,0.9375889276583034,0.090363264,0.00816552
5624,1,0,0.94542456,0.6045513,1.007991212358356,0.06256664,0.0039145844
5625,1,0,1.016223,0.66971636,0.9973296186369374,0.018893361,0.0003569591
5626,1,0,1.0055141,0.6601298,0.9562650400902516,0.049249113,0.002425475
5627,1,0,0.96422553,0.6227164,0.9105731201076952,0.053652406,0.0028785807
5628,1,0,0.9182024,0.5786159,0.8458487294310206,0.07235366,0.005235052
5629,1,0,0.8528762,0.4934144,0.5924480984125364,0.26042807,0.06782278
5630,1,0,0.5958698,0.11051893,0.6969885111686938,0.10111874,0.010225
5631,1,0,0.7021053,0.28106737,0.7147789179134736,0.012673616,0.00016062055
5632,1,0,0.7201581,0.31458592,0.6247973194397862,0.095360756,0.009093674
5633,1,0,0.6287701,0.15846515,0.7072324223646382,0.0784623,0.006156333
5634,1,0,0.7125015,0.30020738,0.6486137406720185,0.063887775,0.004081648
5635,1,0,0.6529772,0.1965313,0.7072740145758933,0.05429679,0.0029481417
5636,1,0,0.7125435,0.30028653,0.7192680334873134,0.0067245364,4.521939e-05
5637,1,0,0.7247126,0.32325006,0.7391976262945401,0.014485002,0.00020981528
5638,1,0,0.7449224,0.3609693,0.6899241351997092,0.05499828,0.0030248107
5639,1,0,0.69493484,0.26811934,0.4682549269176514,0.22667992,0.051383786
5640,1,0,0.46938848,-0.033445835,0.3728943095793151,0.09649417,0.009311125
5641,1,0,0.3721385,-0.101148605,0.4104753264812757,0.038336813,0.0014697113
5642,1,0,0.41047406,-0.0788753,0.4146407525466618,0.0041666925,1.7361326e-05
5643,1,0,0.4147222,-0.076054096,0.4369765208741158,0.022254318,0.00049525464
5644,1,0,0.4375,-0.05972767,0.53649097936824,0.09899098,0.009799213
5645,1,0,0.538913,0.03779316,0.6540415376481423,0.11512852,0.013254575
5646,1,1,0.6584928,0.20553327,-0.6427736353191018,1.3012664,1.6932943
5647,1,1,-0.6562201,-0.17273855,0.5823972514482012,1.2386173,1.5341728
5648,1,1,0.58564377,0.09650445,-0.4927007950074533,1.0783446,1.162827
5649,0,1,0.45797777,-0.032773495,0.4185468755736545,0.039430887,0.0015547948
5650,0,1,-0.38885355,-0.07334542,-0.4642572410391219,0.07540369,0.0056857164
5651,0,1,0.43161535,-0.012062788,0.5741130774499141,0.14249772,0.0203056
5652,0,1,-0.5303087,0.085265875,-0.555116102974194,0.024807394,0.0006154068
5653,0,1,0.5156882,-0.08482027,0.344450234057355,0.17123795,0.029322434
5654,0,1,-0.32088184,-0.11422038,-0.4350964589347974,0.11421463,0.013044981
5655,0,1,0.40455246,0.007180214,0.3618259930480771,0.042726457,0.0018255501
5656,0,1,-0.3368516,-0.106621265,-0.2538039497158721,0.08304766,0.0068969135
5657,0,1,0.23568487,0.08069658,0.1617528299315744,0.07393204,0.005465946
5658,0,1,-0.15199018,-0.08273339,-0.1343258332990609,0.017664343,0.000312029
5659,0,1,0.12407613,0.08536029,0.0787856894680829,0.04529044,0.002051224
5660,0,1,-0.074830055,-0.043774843,-0.1030272969641452,0.028197244,0.0007950846
5661,0,1,0.09483194,0.08090353,0.2802392099866484,0.18540728,0.03437586
5662,0,1,-0.26171327,-0.12905598,-0.3400836865224321,0.07837042,0.006141923
5663,0,1,0.31616187,0.05569291,0.269269353204026,0.046892524,0.0021989087
5664,0,1,-0.25158167,-0.12967825,-0.1751261470427474,0.07645552,0.005845446
5665,0,1,0.1621995,0.08765316,0.3062568373731302,0.14405733,0.020752516
5666,0,1,-0.28571558,-0.12566042,-0.1747343668020717,0.11098121,0.0123168295
5667,0,1,0.16183352,0.087650776,0.1323901710382133,0.029443353,0.0008669111
5668,0,1,-0.12470913,-0.057864904,0.0220340908664091,0.14674322,0.021533573
5669,0,1,-0.021934986,-0.0053067207,-0.1557638766308189,0.1338289,0.017910173
5670,0,1,0.14410806,0.08706403,0.1492571605961989,0.0051490963,2.6513193e-05
5671,0,1,-0.14038444,-0.072566986,-0.1510797635723455,0.010695323,0.00011438994
5672,0,1,0.13973069,0.08678532,0.0186746459695839,0.12105605,0.014654567
5673,0,1,-0.018801212,-0.0025453568,-0.1391054810253575,0.12030427,0.014473118
5674,0,1,0.12854266,0.08583498,0.3767778989175583,0.24823523,0.061620727
5675,0,1,-0.35058045,-0.09911132,-0.4180839210296341,0.06750345,0.004556716
5676,0,1,0.38874865,0.017469645,0.2864103333801702,0.102338314,0.01047313
5677,0,1,-0.2674091,-0.12849498,-0.1148204532455636,0.15258864,0.023283292
5678,0,1,0.10585046,0.08285546,0.3270526277948726,0.22120216,0.0489304
5679,0,1,-0.30487347,-0.12061596,-0.1461451332958487,0.15872833,0.025194684
5680,0,1,0.13512015,0.08643627,0.2014000768832167,0.06627992,0.0043930276
5681,0,1,-0.18877459,-0.11097908,-0.0395617216908319,0.14921287,0.02226448
5682,0,1,0.035550117,0.043606758,0.057120540610184,0.021570422,0.00046528308
5683,0,1,-0.054646254,-0.03477025,-0.010440403050175,0.04420585,0.0019541574
5684,0,1,0.008364201,0.020936012,0.0764752420929633,0.06811104,0.004639114
5685,0,1,-0.07267809,-0.043575287,-0.1050170778589274,0.03233899,0.0010458104
5686,0,1,0.09669137,0.08125591,0.1109248505260311,0.014233477,0.00020259188
5687,0,1,-0.10474658,-0.046184063,-0.0990297507240787,0.0057168305,3.268215e-05
5688,0,1,0.0910964,0.080167055,0.1398657364718798,0.04876934,0.0023784486
5689,0,1,-0.13165808,-0.06451893,-0.2114612120934542,0.07980314,0.006368541
5690,0,1,0.19614387,0.08631182,0.145653309959937,0.05049056,0.0025492965
5691,0,1,-0.1370349,-0.06952047,-0.2077660556141207,0.07073116,0.005002897
5692,0,1,0.19269252,0.08659458,0.1545988403465235,0.03809367,0.0014511278
5693,0,1,-0.14534593,-0.07698774,-0.0853898676951741,0.05995606,0.003594729
5694,0,1,0.07835388,0.07737088,0.1926315434194792,0.11427766,0.013059384
5695,0,1,-0.18064404,-0.1052537,-0.1297806145954512,0.050863415,0.002587087
5696,0,1,0.11982942,0.0848577,0.0747286733305476,0.04510074,0.002034077
5697,0,1,-0.07105088,-0.043422937,-0.0925628081527349,0.021511927,0.000462763
5698,0,1,0.085054636,0.07889533,0.187256526465958,0.102201894,0.010445227
5699,0,1,-0.17566061,-0.10159969,-0.1568220059639222,0.0188386,0.00035489284
5700,0,1,0.14509583,0.08711958,-0.0487037532691636,0.19379959,0.03755828
5701,0,1,0.044086933,0.050554037,0.168516040050215,0.12442911,0.015482603
5702,0,1,-0.15827012,-0.08798218,-0.1912378194303317,0.0329677,0.0010868694
5703,0,1,0.17725158,0.08745289,0.1510340537886216,0.02621752,0.0006873584
5704,0,1,-0.14203525,-0.07404971,0.0067436069345854,0.14877886,0.022135148
5705,0,1,-0.007671118,0.0071737766,0.0511428974012697,0.058814015,0.0034590885
5706,0,1,-0.049075842,-0.029670238,0.0708562581777814,0.1199321,0.014383709
5707,0,1,-0.067444086,-0.043076992,-0.0510957648540371,0.016348321,0.0002672676
5708,0,1,0.046321392,0.05235815,0.0247227168888941,0.021598674,0.00046650274
5709,0,1,-0.024442673,-0.007524967,-0.2222734982367415,0.19783083,0.039137036
5710,0,1,0.20624208,0.08529401,0.3437686879077923,0.1375266,0.018913565
5711,0,1,-0.3202548,-0.11449361,-0.3537392039410232,0.0334844,0.001121205
5712,0,1,0.32888246,0.050067425,0.4881698884785241,0.15928742,0.025372483
5713,0,1,-0.45238662,-0.014629126,-0.3243084187069125,0.12807819,0.016404023
5714,0,1,0.3014598,0.06162405,0.3023020865991941,0.00084230304,7.094744e-07
5715,0,1,-0.2820692,-0.12635016,-0.2096981150565979,0.072371095,0.0052375756
5716,0,1,0.19449735,0.08645105,0.0571199052332023,0.13737744,0.018872561
5717,0,1,-0.05464554,-0.034769535,-0.1078693162115009,0.05322378,0.0028327708
5718,0,1,0.099355936,0.081745386,0.0931206651920955,0.0062352717,3.8878614e-05
5719,0,1,-0.088177204,-0.04493165,0.0520186542150153,0.14019586,0.01965488
5720,0,1,-0.04989171,-0.030415535,-0.1703170195316832,0.12042531,0.014502256
5721,0,1,0.15770555,0.087590456,0.0436348151095669,0.11407073,0.013012131
5722,0,1,-0.042076826,-0.0233109,-0.0489479302238722,0.0068711042,4.7212074e-05
5723,0,1,0.0443151,0.050738335,-0.0689685753119304,0.11328367,0.01283319
5724,0,1,0.06301379,0.06565976,0.0400775078014978,0.022936285,0.00052607316
5725,0,1,-0.038760662,-0.020316362,0.0104425348649472,0.049203195,0.0024209544
5726,0,1,-0.011122227,0.0041749477,0.0206873921266086,0.03180962,0.001011852
5727,0,1,-0.020678759,-0.004198551,-0.0824416946439927,0.061762936,0.0038146602
5728,0,1,0.07559943,0.07547808,0.2166312842480038,0.14103185,0.019889982
5729,0,1,-0.20288849,-0.11929655,-0.1684627096167812,0.03442578,0.0011851343
5730,0,1,0.1559732,0.08755231,0.2501488436277865,0.09417564,0.008869051
5731,0,1,-0.23390985,-0.12960935,-0.2392673352409269,0.005357489,2.8702689e-05
5732,0,1,0.22211194,0.08311725,0.1936839875243774,0.028427958,0.0008081488
5733,0,1,-0.18162155,-0.10595679,-0.4440092189175306,0.26238766,0.06884728
5734,0,1,0.4128282,0.0015144348,0.4072866326685345,0.005541563,3.070892e-05
5735,0,1,-0.3785472,-0.08098674,-0.1361716266867949,0.24237557,0.058745917
5736,0,1,0.12580109,0.085549116,0.2548968776542586,0.1290958,0.016665723
5737,0,1,-0.23830032,-0.12976265,-0.1067933050822547,0.13150701,0.017294094
5738,0,1,0.09835076,0.08156252,0.2466184628218788,0.1482677,0.02198331
5739,0,1,-0.23064494,-0.12917042,-0.3327694006726291,0.10212445,0.010429404
5740,0,1,0.30934572,0.05851841,0.2628807066454164,0.04646501,0.002158997
5741,0,1,-0.24567962,-0.12981772,-0.3084202426645004,0.062740624,0.0039363857
5742,0,1,0.2866459,0.066982985,0.1834446867650356,0.103201196,0.010650487
5743,0,1,-0.17212367,-0.09893942,-0.1050883863586231,0.06703529,0.0044937297
5744,0,1,0.0967567,0.08126855,-0.0737070792864451,0.17046377,0.029057898
5745,0,1,0.06744003,0.06913304,0.0262656638213218,0.041174367,0.0016953285
5746,0,1,-0.025882244,-0.00880003,-0.1081606071838785,0.08227836,0.0067697293
5747,0,1,0.09962797,0.08179331,0.0982595166867068,0.0013684556,1.8726707e-06
5748,0,1,-0.092960596,-0.045313835,0.019941898157588,0.11290249,0.012746973
5749,0,1,-0.019984245,-0.0035860538,-0.0516278712101474,0.031643625,0.001001319
5750,0,1,0.04681754,0.052758932,0.1507211874615821,0.10390365,0.010795969
5751,0,1,-0.14174438,-0.07378888,-0.1472278335521433,0.0054834634,3.0068371e-05
5752,0,1,0.136132,0.08651638,0.2414494858223244,0.10531749,0.011091773
5753,0,1,-0.22586346,-0.12772107,-0.0351902793234555,0.19067317,0.03635626
5754,0,1,0.031469107,0.040255785,0.0204191547670378,0.011049952,0.00012210145
5755,0,1,-0.02042842,-0.0039789677,0.1404722130122513,0.16090064,0.025889015
5756,0,1,-0.13222098,-0.06504965,-0.2077733383883155,0.07555236,0.005708159
5757,0,1,0.19269848,0.08659434,0.0146914072499027,0.17800707,0.031686515
5758,0,1,-0.015085459,0.0007135868,-0.0981715901151218,0.08308613,0.0069033056
5759,0,1,0.0902946,0.080004215,0.0873057834806956,0.0029888153,8.933017e-06
5760,0,1,-0.08276391,-0.04447794,-0.0617699346109095,0.020993974,0.00044074695
5761,0,1,0.05628991,0.060340405,-0.056377025899533,0.112666935,0.012693838
5762,0,1,0.05125308,0.056322336,0.1579794265465137,0.10672635,0.011390514
5763,0,1,-0.14848661,-0.07972741,-0.1300506631014721,0.018435955,0.00033988443
5764,0,1,0.12008166,0.08488846,0.1775703979422274,0.05748874,0.003304955
5765,0,1,-0.16667366,-0.09473157,-0.0925510787695933,0.07412258,0.0054941564
5766,0,1,0.085044384,0.07889366,0.1693108484053715,0.08426647,0.007100838
5767,0,1,-0.15900779,-0.08858776,-0.1703170139519407,0.011309221,0.00012789849
5768,0,1,0.15770555,0.087590456,0.1908689011893902,0.033163354,0.001099808
5769,0,1,-0.17900991,-0.104067326,-0.269940394392159,0.09093049,0.008268354
5770,0,1,0.25074768,0.07740402,0.2571472372279335,0.006399542,4.095414e-05
5771,0,1,-0.24038029,-0.12980437,0.0008877098710797,0.241268,0.058210246
5772,0,1,-0.0022068024,0.01189518,0.0612638724147527,0.06347068,0.0040285266
5773,0,1,-0.058507442,-0.03832388,-0.2443892118939996,0.18588176,0.03455203
5774,0,1,0.22689486,0.08232331,0.2373760312602866,0.010481179,0.00010985511
5775,0,1,-0.22209454,-0.12650394,-0.2933565230757327,0.071262,0.005078273
5776,0,1,0.27259636,0.0714941,0.2804763799256036,0.007880032,6.209491e-05
5777,0,1,-0.26193237,-0.12903714,-0.2216149797374322,0.040317386,0.0016254917
5778,0,1,0.20562768,0.08536339,0.1956629239577432,0.009964749,9.929623e-05
5779,0,1,-0.18345547,-0.10726595,-0.2753632664468415,0.0919078,0.008447044
5780,0,1,0.25580835,0.07615423,0.2518483585201445,0.0039599836,1.568147e-05
5781,0,1,-0.23548126,-0.12967467,-0.1805728515155431,0.05490841,0.0030149336
5782,0,1,0.16728783,0.087655544,0.1226532102734707,0.044634618,0.0019922492
5783,0,1,-0.11565566,-0.048865557,-0.2724341147853675,0.15677845,0.024579484
5784,0,1,0.25307417,0.07683897,0.0752228255449645,0.17785135,0.0316311
5785,0,1,-0.07151151,-0.04346609,0.2267011201821165,0.29821265,0.088930786
5786,0,1,-0.21221375,-0.123007536,-0.2716925328699759,0.05947879,0.0035377264
5787,0,1,0.25238276,0.07700896,0.348389546296338,0.09600678,0.009217302
5788,0,1,-0.32450414,-0.11260319,-0.3016176335958693,0.022886515,0.0005237926
5789,0,1,0.2803023,0.06908941,0.2141115662046897,0.06619072,0.0043812115
5790,0,1,-0.20055413,-0.118305445,-0.0538781032223862,0.14667603,0.021513859
5791,0,1,0.048919678,0.054449797,-0.0086490154080607,0.05756869,0.0033141542
5792,0,1,0.0066924095,0.019514084,-0.0162311622641126,0.022923572,0.00052549015
5793,0,1,0.013769388,0.025508642,0.1163323212691622,0.102562934,0.010519155
5794,0,1,-0.1097765,-0.04652357,-0.1927135038750922,0.082937,0.0068785464
5795,0,1,0.17863035,0.08740306,0.1208855102875383,0.05774484,0.0033344664
5796,0,1,-0.114011765,-0.047190666,-0.1597398649545329,0.045728102,0.0020910592
5797,0,1,0.14782333,0.08725786,0.1835972799596925,0.035773948,0.0012797753
5798,0,1,-0.17226505,-0.09904623,-0.0501604791566818,0.12210457,0.014909526
5799,0,1,0.04544735,0.05165434,-0.1628458776703767,0.20829323,0.04338607
5800,0,1,0.15072513,0.08738446,0.1023695991463333,0.048355527,0.002338257
5801,0,1,-0.09678602,-0.045607567,-0.0554848172215014,0.041301206,0.0017057896
5802,0,1,0.050419807,0.055654287,0.1767218925015505,0.12630208,0.015952215
5803,0,1,-0.16588616,-0.09411216,-0.1603197390024968,0.005566418,3.098501e-05
5804,0,1,0.14836478,0.08728409,0.0513456499523936,0.097019136,0.009412712
5805,0,1,-0.04926443,-0.029842854,-0.0563792996747904,0.0071148686,5.0621355e-05
5806,0,1,0.051255465,0.056323767,0.2108235114121797,0.15956804,0.02546196
5807,0,1,-0.1975081,-0.11680508,-0.2545902938173197,0.057082206,0.0032583782
5808,0,1,0.2364192,0.080551624,0.1875751399855336,0.048844054,0.0023857416
5809,0,1,-0.1759553,-0.10181785,-0.3322152419968533,0.15625995,0.024417173
5810,0,1,0.30882883,0.058727503,0.4712693167732205,0.16244048,0.02638691
5811,0,1,-0.43699646,-0.030702114,-0.489334931151502,0.05233848,0.0027393166
5812,0,1,0.4548602,-0.030222654,0.4001373092751761,0.054722905,0.0029945963
5813,0,1,-0.37199903,-0.08557224,-0.4619905303693872,0.08999151,0.008098472
5814,0,1,0.42951345,-0.010494947,0.4011711771832953,0.028342277,0.00080328464
5815,0,1,-0.3729465,-0.0849216,-0.2392854473785428,0.13366105,0.017865276
5816,0,1,0.22212958,0.083114386,0.2128996513933145,0.009229928,8.5191576e-05
5817,0,1,-0.19943166,-0.117818356,-0.0460866445866643,0.15334502,0.023514695
5818,0,1,0.041643143,0.048573732,0.160337226358163,0.11869408,0.014088285
5819,0,1,-0.15067649,-0.08161259,-0.0566689559214128,0.09400754,0.008837417
5820,0,1,0.05152583,0.056540012,-0.1666702775268755,0.21819611,0.04760954
5821,0,1,0.15429902,0.08750725,-0.0135626283237462,0.16786166,0.028177535
5822,0,1,0.0112781525,0.02340436,0.1213013021120308,0.11002315,0.012105093
5823,0,1,-0.11439896,-0.047585964,-0.3043569141237761,0.18995795,0.036084022
5824,0,1,0.2828567,0.068255186,0.0752041963221863,0.20765251,0.043119565
5825,0,1,-0.0714941,-0.043465137,-0.1587431355770086,0.087249026,0.0076123923
5826,0,1,0.1468916,0.0872128,0.206139995078689,0.059248403,0.0035103732
5827,0,1,-0.19316721,-0.11395168,-0.0100563292486217,0.18311088,0.033529595
5828,0,1,0.0080058575,0.020630836,-0.0182173117380566,0.02622317,0.00068765465
5829,0,1,0.0156235695,0.027070284,-0.0435147430362055,0.059138313,0.00349734
5830,0,1,0.039240837,0.046620846,0.0818086162980944,0.042567782,0.0018120161
5831,0,1,-0.0776453,-0.044028997,-0.1322579257383287,0.05461262,0.0029825384
5832,0,1,0.12214446,0.085137844,0.0277704256795283,0.09437403,0.008906458
5833,0,1,-0.02728486,-0.010045767,0.0129138402240576,0.0401987,0.0016159354
5834,0,1,-0.013427496,0.0021634102,0.0382191793030695,0.051646676,0.002667379
5835,0,1,-0.037027597,-0.01875639,-0.1430171478314323,0.105989546,0.011233783
5836,0,1,0.13219762,0.08618379,0.3212266542755211,0.18902904,0.03573198
5837,0,1,-0.29950857,-0.12248182,-0.3402415442796247,0.04073298,0.0016591756
5838,0,1,0.3163092,0.055629253,0.1774176157036708,0.1388916,0.019290874
5839,0,1,-0.16653109,-0.094619036,-0.0646938200908464,0.10183726,0.010370828
5840,0,1,0.059020758,0.06250739,-0.0191976641606279,0.07821842,0.0061181216
5841,0,1,0.016538143,0.027839422,-0.0604537525035979,0.0769919,0.0059277527
5842,0,1,0.055060863,0.059361935,0.0615853655222324,0.006524503,4.2569143e-05
5843,0,1,-0.05880761,-0.038600683,0.0231425872803954,0.0819502,0.0067158355
5844,0,1,-0.02296853,-0.006220579,0.0084053486422828,0.03137388,0.0009843204
5845,0,1,-0.009221792,0.0058276653,0.0407375265344125,0.04995932,0.0024959338
5846,0,1,-0.039375782,-0.020870924,0.0368401210273012,0.07621591,0.0058088647
5847,0,1,-0.035741806,-0.01760149,0.1568215275217612,0.19256334,0.037080638
5848,0,1,-0.14741111,-0.07879424,-0.2076996190142499,0.060288504,0.0036347036
5849,0,1,0.19263029,0.08659887,0.1289842290195486,0.06364606,0.0040508215
5850,0,1,-0.12154269,-0.054759264,-0.024018159701622,0.09752453,0.009511034
5851,0,1,0.021038532,0.031608105,0.019533595952053,0.0015049372,2.264836e-06
5852,0,1,-0.019602537,-0.0032508373,-0.0655731257188323,0.04597059,0.002113295
5853,0,1,0.059842348,0.06315732,0.1424118782282781,0.082569525,0.0068177264
5854,0,1,-0.13402414,-0.06673646,0.0282480333463834,0.16227217,0.026332257
5855,0,1,-0.027730942,-0.010441303,-0.0846798875080852,0.056948945,0.0032431823
5856,0,1,0.07769036,0.0770905,0.0201267909706839,0.057563573,0.003313565
5857,0,1,-0.020156145,-0.0037388802,-0.052678918713545,0.032522775,0.0010577309
5858,0,1,0.047799587,0.053548813,0.0031880061236608,0.04461158,0.001990193
5859,0,1,-0.004354,0.010044575,0.0222426050822615,0.026596606,0.0007073794
5860,0,1,-0.022129774,-0.0054790974,0.2273527049296282,0.24948248,0.06224151
5861,0,0,-0.21281695,-0.12323332,0.2443773334874226,0.45719427,0.2090266
5862,0,0,-0.22857213,-0.1285553,0.2360789643534953,0.4646511,0.21590064
5863,0,0,-0.22089338,-0.12610316,0.2878131156706174,0.5087065,0.25878233
5864,0,0,-0.2687037,-0.12834692,0.3041143967106254,0.5728181,0.3281206
5865,1,0,0.30195737,-0.12604117,0.3752201131708195,0.07326275,0.005367431
5866,1,0,0.37451148,-0.09993601,0.4861707231174672,0.11165923,0.012467783
5867,1,0,0.48764896,-0.016591549,0.5718345832619991,0.0841856,0.0070872153
5868,1,0,0.5748944,0.082224846,0.5693803253032184,0.0055140853,3.0405137e-05
5869,1,0,0.5723963,0.07897258,0.487509627979211,0.08488664,0.0072057415
5870,1,0,0.4890132,-0.015279055,0.5347839332034865,0.045770764,0.0020949629
5871,1,0,0.537174,0.035777807,0.6481690129465112,0.110995054,0.012319902
5872,1,0,0.6525254,0.19579887,0.5270627776828833,0.12546265,0.015740877
5873,1,0,0.5293102,0.026810884,0.5924627323482214,0.06315249,0.003988237
5874,1,0,0.5958848,0.11054134,0.5634206448166483,0.032464147,0.0010539208
5875,1,0,0.5663302,0.07118058,0.4999156465586143,0.066414535,0.0044108904
5876,1,0,0.5016551,-0.0027689934,0.4034478198913183,0.098207295,0.009644673
5877,1,0,0.40330625,-0.08347535,0.3446299226288998,0.058676332,0.003442912
5878,1,0,0.34330058,-0.11414695,0.377872168298349,0.034571588,0.0011951947
5879,1,0,0.37721634,-0.098526716,0.3335153660771865,0.043700963,0.0019097741
5880,1,0,0.33195925,-0.11838031,0.203412657083196,0.1285466,0.016524227
5881,1,0,0.1991911,-0.112252235,0.2909666283423751,0.09177554,0.008422749
5882,1,0,0.28853917,-0.12798285,0.2303436105871141,0.05819556,0.0033867233
5883,1,0,0.22667336,-0.12425089,0.3035016400412123,0.07682827,0.0059025832
5884,1,0,0.30133152,-0.12614822,0.4495905726502229,0.14825904,0.021980744
5885,1,0,0.45036125,-0.049609184,0.3496933695411206,0.100667894,0.010134025
5886,1,0,0.34846735,-0.11205411,0.3123868959182672,0.03608045,0.0013017989
5887,1,0,0.31039834,-0.124467134,0.372428806083771,0.062030464,0.0038477785
5888,1,0,0.37166405,-0.10138917,0.3146369696571125,0.05702707,0.003252087
5889,1,0,0.3126948,-0.12399173,0.2887907388383737,0.023904055,0.0005714039
5890,1,0,0.28631878,-0.12823725,0.1120434698490218,0.17427531,0.030371884
5891,1,0,0.10598755,-0.04625559,-0.1308831941712038,0.23687074,0.056107745
5892,1,0,-0.1412735,0.08498359,-0.1974202659149879,0.05614677,0.0031524599
5893,1,0,-0.2087717,0.08721042,-0.3144730950543177,0.10570139,0.011172784
5894,1,0,-0.32718134,0.06501484,-0.3596360107108913,0.03245467,0.0010533056
5895,1,0,-0.37273574,0.047498226,-0.4235134823690618,0.050777733,0.0025783782
5896,1,0,-0.4370258,0.014261246,-0.3667683868216977,0.070257396,0.004936102
5897,1,0,-0.37992215,0.04427743,-0.4162708657973337,0.0363487,0.001321228
5898,1,0,-0.42974448,0.018525124,-0.3731610320709135,0.056583464,0.0032016884
5899,1,0,-0.38636208,0.041285038,-0.0936990923708509,0.29266298,0.08565162
5900,1,0,-0.10350084,0.07912636,-0.2326975076597688,0.12919666,0.016691776
5901,1,0,-0.24450517,0.08404231,-0.1595001745237452,0.085004985,0.0072258473
5902,1,0,-0.1703186,0.08724761,-0.1058490557244011,0.064469546,0.004156322
5903,1,0,-0.11584687,0.081400394,-0.0747318788790152,0.041114993,0.0016904427
5904,1,0,-0.0842216,0.06988168,-0.0251670644584813,0.05905454,0.0034874384
5905,1,0,-0.0338037,0.03250289,-0.0348457309492435,0.0010420308,1.0858281e-06
5906,1,0,-0.043652296,0.039991617,-0.0752323044398428,0.03158001,0.0009972969
5907,1,0,-0.08473015,0.07024622,-0.1122468231387978,0.027516678,0.0007571676
5908,1,0,-0.122345924,0.082457304,-0.135053193179222,0.012707263,0.00016147454
5909,1,0,-0.14550734,0.08543539,-0.1364667437841014,0.009040594,8.1732345e-05
5910,1,0,-0.1469419,0.08557987,-0.1280725216194045,0.018869385,0.0003560537
5911,1,0,-0.13841963,0.084656,-0.3015919572078531,0.16317233,0.02662521
5912,1,0,-0.31417322,0.06909704,-0.3033548708777975,0.010818362,0.000117036965
5913,1,0,-0.31595397,0.068561316,-0.3689762927727598,0.053022325,0.002811367
5914,1,0,-0.3821466,0.043254375,-0.4467658619752046,0.06461927,0.0041756504
5915,1,0,-0.46038342,-0.0002770424,-0.3206776780612781,0.13970575,0.019517696
5916,1,0,-0.33344436,0.06290269,-0.3897467758745176,0.05630243,0.0031699634
5917,1,0,-0.4030621,0.033061028,-0.4674010178994159,0.06433892,0.004139497
5918,1,0,-0.48109245,-0.014257908,-0.3716115232437174,0.10948092,0.011986071
5919,1,0,-0.3848009,0.042021036,-0.4536525048905324,0.06885159,0.0047405413
5920,1,0,-0.46729684,-0.004830122,-0.507243771103568,0.039946914,0.0015957559
5921,1,0,-0.5210192,-0.044095755,-0.4660748034213391,0.054944426,0.00301889
5922,1,0,-0.47976184,-0.013329029,-0.469529836418022,0.010232002,0.000104693856
5923,1,0,-0.483227,-0.0157578,-0.4248158086149409,0.05841121,0.0034118695
5924,1,0,-0.438334,0.013482094,-0.6229196914609503,0.18458569,0.034071878
5925,1,0,-0.6364775,-0.15135098,-0.5784720047401768,0.058005452,0.0033646324
5926,1,0,-0.59219766,-0.10658288,-0.4571703792526005,0.13502729,0.01823237
5927,1,0,-0.4708271,-0.007200718,-0.5158498863715537,0.045022786,0.0020270513
5928,1,0,-0.5296321,-0.051027298,-0.590534476368088,0.060902357,0.0037090972
5929,1,0,-0.60422564,-0.118302345,-0.6419285049349048,0.03770286,0.0014215056
5930,1,0,-0.65538,-0.17181015,-0.6369702473834689,0.018409789,0.0003389203
5931,1,0,-0.6504514,-0.16639948,-0.7799937699535464,0.12954235,0.01678122
5932,1,0,-0.7920207,-0.3427081,-0.7411848536028742,0.050835848,0.0025842835
5933,1,0,-0.7537333,-0.29086328,-0.6172549788632611,0.1364783,0.018626329
5934,1,0,-0.6308403,-0.14540529,-0.4164458580399981,0.21439445,0.04596498
5935,1,0,-0.42992067,0.01842308,-0.4778556519240098,0.04793498,0.0022977623
5936,1,0,-0.49157643,-0.02172637,-0.2996189375608651,0.1919575,0.036847685
5937,1,0,-0.31218076,0.069687605,-0.2558857668469105,0.056294978,0.0031691245
5938,1,0,-0.26797247,0.080307245,-0.1406669740623303,0.1273055,0.01620669
5939,1,0,-0.15120602,0.08597827,0.0227146271845448,0.17392065,0.03024839
5940,1,0,0.014946461,-0.005866766,-0.0698966355563093,0.0848431,0.0071983514
5941,1,0,-0.07930541,0.066342354,-0.0363419314811395,0.04296348,0.0018458605
5942,1,0,-0.045174837,0.041141033,-0.04643937864765,0.0012645423,1.5990673e-06
5943,1,0,-0.055448294,0.048841476,-0.0051190306301593,0.050329264,0.002533035
5944,1,0,-0.013396502,0.016704082,0.1050233477562079,0.11841985,0.01402326
5945,1,0,0.09882927,-0.045792103,0.051904527393066,0.046924744,0.0022019316
5946,1,0,0.044683933,-0.030318022,0.0014770667377907,0.043206867,0.0018668333
5947,1,0,-0.006681204,0.011420965,0.172381311815378,0.17906252,0.032063384
5948,1,0,0.16753149,-0.09090185,0.2479192236446818,0.08038773,0.0064621866
5949,1,0,0.24460888,-0.12950706,0.1422236858011243,0.10238519,0.010482728
5950,1,0,0.13676691,-0.06657243,0.1454249843470196,0.008658066,7.496211e-05
5951,1,0,0.14003277,-0.06932545,0.0881667675121735,0.051866002,0.0026900822
5952,1,0,0.08164358,-0.044546366,0.1596740398683747,0.07803045,0.0060887514
5953,1,0,0.15456676,-0.08108497,0.1100244043568285,0.044542357,0.0019840216
5954,1,0,0.103928566,-0.046125412,0.0163659291736477,0.087562636,0.007667215
5955,1,0,0.008480787,-0.000654459,0.0062421307136637,0.0022386564,5.0115823e-06
5956,1,0,-0.0018293858,0.0075793266,-0.0674338812449222,0.06560449,0.0043039494
5957,1,0,-0.07680154,0.06452966,0.0445882299520792,0.12138977,0.014735476
5958,1,0,0.037229776,-0.024115086,-0.0017774593733133,0.039007235,0.0015215644
5959,1,0,-0.009994984,0.014032602,0.0072374579091247,0.017232442,0.00029695706
5960,1,0,-0.00081562996,0.0067737103,-0.0004184302220875,0.00039719974,1.5776763e-07
5961,1,0,-0.008611441,0.012943029,0.1311268582045004,0.13973829,0.01952679
5962,1,0,0.12544894,-0.05671954,0.244787774107102,0.119338825,0.014241755
5963,1,0,0.24141288,-0.1286695,0.2048132167462859,0.036599666,0.0013395356
5964,1,0,0.20062113,-0.11312842,0.2565020049092128,0.055880874,0.0031226722
5965,1,0,0.25336742,-0.12979531,0.3578032572628427,0.10443583,0.010906843
5966,1,0,0.3567412,-0.1084888,0.3984093820630705,0.041668206,0.0017362394
5967,1,0,0.39816642,-0.08664942,0.5921199718558641,0.19395357,0.03761799
5968,1,0,0.59553576,0.11005545,0.6506892811967289,0.05515355,0.003041914
5969,1,0,0.6550863,0.19995975,0.7012618992879873,0.0461756,0.002132186
5970,1,0,0.7064426,0.28899884,0.7023325240284239,0.004110098,1.6892905e-05
5971,1,0,0.70752907,0.29099822,0.6333361292703432,0.07419294,0.0055045923
5972,1,0,0.6374507,0.17184305,0.5305460028633577,0.106904685,0.011428611
5973,1,0,0.5328584,0.030824423,0.4832288322522369,0.04962954,0.0024630912
5974,1,0,0.4846506,-0.019450188,0.3553142281685506,0.12933639,0.0167279
5975,1,0,0.35420156,-0.10961056,0.4510004249113684,0.09679887,0.009370021
5976,1,0,0.45179844,-0.048437595,0.5560233107840973,0.10422486,0.010862822
5977,1,0,0.55879974,0.061711073,0.7002558338288045,0.14145607,0.02000982
5978,1,0,0.7054212,0.2871244,0.975870197414736,0.27044898,0.073142655
5979,1,0,0.9839463,0.6409192,1.038006783532536,0.05406046,0.0029225333
5980,1,0,1.0458567,0.6968579,1.02988242976304,0.015974283,0.00025517773
5981,1,0,1.0381942,0.68948936,0.8194625426836799,0.21873164,0.04784353
5982,1,0,0.8262012,0.45909476,0.809391249732919,0.01680994,0.0002825741
5983,1,0,0.8160143,0.4462664,0.7766581315233494,0.039356172,0.0015489083
5984,1,0,0.78288126,0.40559936,0.6619612176986776,0.12092006,0.014621661
5985,1,0,0.6665387,0.21888971,0.7919376120082844,0.12539887,0.015724877
5986,1,0,0.7983515,0.42438722,0.98965981349975,0.19130826,0.03659885
5987,1,0,0.9978082,0.6532507,1.0484662963957647,0.050658107,0.0025662438
5988,1,0,1.0556381,0.70636845,1.0435370450596475,0.012101054,0.00014643552
5989,1,0,1.051029,0.7018833,1.0828128899455982,0.03178394,0.0010102188
5990,1,0,1.0877528,0.737787,1.013809344865464,0.073943496,0.0054676407
5991,1,0,1.0220642,0.6749606,0.8001215090105935,0.22194272,0.04925857
5992,1,0,0.80663466,0.43459082,0.9371176904190666,0.13048303,0.01702582
5993,1,0,0.94494987,0.60409546,0.9866785983854176,0.041728735,0.0017412873
5994,1,0,0.994812,0.6505804,0.9294918194675515,0.065320194,0.0042667277
5995,1,0,0.937268,0.59673595,0.8627245284044083,0.074543476,0.0055567296
5996,1,0,0.86992335,0.5159087,0.7726103789953771,0.09731299,0.009469817
5997,1,0,0.77878165,0.40067887,0.8967783165614391,0.11799669,0.013923219
5998,1,0,0.90429306,0.5625968,0.782931202062652,0.12136185,0.014728699
5999,1,0,0.78923273,0.41327095,1.002257887656549,0.21302521,0.04537974
6000,1,0,1.0104649,0.6645584,0.9795509228311068,0.030914009,0.0009556759
6001,1,0,0.98764706,0.64420605,0.9731140712562674,0.014532983,0.0002112076
6002,1,0,0.9811752,0.63846016,0.9413728751209134,0.039802313,0.001584224
6003,1,0,0.9492345,0.6082158,0.8174941796168782,0.13174033,0.017355515
6004,1,0,0.82421064,0.45657587,0.7077419703524916,0.11646867,0.013564951
6005,1,0,0.71301866,0.30117083,0.5287519351812247,0.18426675,0.033954233
6006,1,0,0.53103113,0.028751373,0.7262426469450585,0.19521153,0.03810754
6007,1,0,0.7317865,0.33687425,0.7549787114082109,0.023192227,0.0005378794
6008,1,0,0.76091886,0.37952375,0.7494759273266856,0.0114429,0.00013093995
6009,1,0,0.7553413,0.37301254,0.8418801632079043,0.08653885,0.007488973
6010,1,0,0.8488655,0.48818684,0.7606337447564888,0.08823174,0.00778484
6011,1,0,0.76664853,0.38625884,0.8680665796701241,0.10141808,0.010285626
6012,1,0,0.8753176,0.52311754,0.9558037962968782,0.08048624,0.0064780344
6013,1,0,0.9637604,0.62226534,1.0518974879669831,0.08813715,0.0077681574
6014,1,0,1.0588467,0.7094941,1.1711005890186672,0.112253904,0.012600939
6015,1,0,1.1760364,0.81986785,1.111567129974001,0.06446922,0.0041562803
6016,1,0,1.116324,0.764312,1.255972716865795,0.1396488,0.019501787
6017,1,0,1.2613394,0.90053105,1.3756126419671078,0.11427319,0.0130583625
6018,1,0,1.381876,1.0170832,1.6249122838237713,0.24303627,0.059066627
6019,1,0,1.6337171,1.2700083,1.470930978197607,0.16278613,0.026499324
6020,1,0,1.4780898,1.1122332,1.3246092289056008,0.15348053,0.023556273
6021,1,0,1.3304541,0.9669962,1.3999368585647427,0.0694828,0.00482786
6022,1,0,1.406415,1.0411756,1.480502578609864,0.07408762,0.0054889754
6023,1,0,1.4877582,1.1218977,1.5135030635313398,0.025744915,0.0006628006
6024,1,0,1.5210991,1.1553636,1.595072990363271,0.073973894,0.005472137
6025,1,0,1.6035476,1.2390559,1.7016040460201023,0.098056436,0.009615065
6026,1,0,1.7112627,1.3503525,1.7373952864974789,0.026132584,0.00068291195
6027,1,0,1.7474489,1.3882298,1.8236349051800336,0.07618594,0.0058042975
6028,1,0,1.8346114,1.4804387,1.845149209020779,0.010537744,0.00011104404
6029,1,0,1.8563461,1.5036416,1.9539896556741088,0.097643495,0.009534252
6030,1,0,1.9662108,1.6221781,1.9779533064762729,0.011742473,0.00013788567
6031,1,0,1.990375,1.648521,1.8783685689765872,0.112006426,0.012545439
6032,1,0,1.8898959,1.5396199,1.804065273712737,0.08583069,0.007366907
6033,1,0,1.814837,1.4593997,1.8203209609117572,0.005483985,3.007409e-05
6034,1,0,1.8312631,1.4768715,1.778185314092187,0.053077698,0.002817242
6035,1,0,1.788681,1.4316802,1.7031780645478327,0.08550298,0.0073107597
6036,1,0,1.7128539,1.3520141,1.622493385370721,0.09036052,0.008165024
6037,1,0,1.6312714,1.267492,1.6618483698905853,0.030577064,0.0009349568
6038,1,0,1.6710639,1.3085625,1.7904837472188269,0.11941981,0.014261092
6039,1,0,1.8011122,1.4448371,1.7695775215666196,0.03153467,0.0009944355
6040,1,0,1.7799821,1.4224868,1.7724824407075332,0.007499695,5.6245422e-05
6041,1,0,1.782918,1.4255872,1.5796204645903995,0.2032975,0.041329872
6042,1,0,1.5879254,1.2230973,1.60255457152375,0.014629126,0.00021401132
6043,1,0,1.6111116,1.2467995,1.6878567524274506,0.07674515,0.0058898185
6044,1,0,1.6973624,1.3358696,1.6856866544447835,0.011675715,0.00013632233
6045,1,0,1.6951671,1.3335853,1.8491912534828596,0.15402424,0.023723468
6046,1,0,1.8604293,1.5080109,1.8515910004163785,0.008838296,7.8115474e-05
6047,1,1,1.862853,1.5106039,-1.5256315131131373,3.3884845,11.481827
6048,1,1,-1.5281805,-1.1865762,1.278988650298563,2.807169,7.8801975
6049,0,1,-1.1494868,0.92269826,-0.9937967211463984,0.15569007,0.024239399
6050,0,1,0.9145212,-0.5811806,0.8399662190223367,0.07455498,0.005558445
6051,0,1,-0.7676507,0.48567367,-0.7957371286118942,0.028086424,0.0007888472
6052,0,1,0.7358813,-0.36454105,0.6526580895887593,0.08322322,0.006926105
6053,0,1,-0.6009867,0.2032268,-0.5588514463361589,0.0421353,0.0017753834
6054,0,1,0.51913595,-0.08821821,0.3932837999887564,0.12585214,0.01583876
6055,0,1,-0.36571813,-0.08977342,-0.5298182571949503,0.16410011,0.026928846
6056,0,1,0.49232078,-0.06264305,0.5222491028529723,0.029928327,0.0008957047
6057,0,1,-0.48335433,0.021344662,-0.4721968258943949,0.011157513,0.00012449009
6058,0,1,0.4389782,-0.017652035,0.4603323694002013,0.021354169,0.00045600053
6059,0,1,-0.42702532,-0.040480614,-0.3791326084115014,0.04789272,0.0022937127
6060,0,1,0.352525,0.03840065,0.252128542546203,0.100396454,0.010079448
6061,0,1,-0.23573995,-0.1296854,-0.2416957964314727,0.005955845,3.547209e-05
6062,0,1,0.22438025,0.08274865,0.0799977248731322,0.14438254,0.020846317
6063,0,1,-0.07595849,-0.043877363,-0.1051278447719279,0.02916935,0.000850851
6064,0,1,0.09679484,0.08127546,0.0698132103161381,0.026981637,0.00072800874
6065,0,1,-0.066473246,-0.04298258,-0.1950270866203918,0.12855384,0.01652609
6066,0,1,0.1807921,0.08731508,0.0490778207901434,0.13171427,0.017348649
6067,0,1,-0.047150612,-0.027915955,-0.0986453692883655,0.051494755,0.0026517098
6068,0,1,0.09073734,0.08009362,0.225121298601834,0.13438396,0.018059049
6069,0,1,-0.21075106,-0.12245202,-0.2754589536642666,0.064707905,0.004187113
6070,0,1,0.25589776,0.07613182,0.1654680358051052,0.09042972,0.008177535
6071,0,1,-0.15544033,-0.08563924,-0.0549699773714476,0.10047035,0.0100942915
6072,0,1,0.049938917,0.055268764,-0.0011538767491803,0.051092792,0.0026104734
6073,0,1,-0.00030231476,0.013532639,-0.0974496190095575,0.0971473,0.009437598
6074,0,1,0.089619875,0.07986593,-0.0391920426187399,0.12881193,0.016592512
6075,0,1,0.03520441,0.04332471,0.0567838940086815,0.021579482,0.00046567403
6076,0,1,-0.054332733,-0.03448248,0.046457124963811,0.10078986,0.010158596
6077,0,1,-0.044707537,-0.025695562,0.004981363621145,0.0496889,0.002468987
6078,0,1,-0.00602746,0.008597851,-0.0107019613686225,0.0046745017,2.1850967e-05
6079,0,1,0.008608103,0.021142721,-0.0815254319504772,0.09013353,0.0081240535
6080,0,1,0.07474303,0.074815035,0.2356808839060526,0.16093785,0.02590099
6081,0,1,-0.22052646,-0.12597895,-0.2432316110760961,0.022705153,0.00051552395
6082,0,1,0.22581458,0.08250904,0.2790502085457471,0.05323562,0.0028340314
6083,0,1,-0.26061487,-0.12914705,-0.2538207149267957,0.0067941546,4.6160538e-05
6084,0,1,0.2357006,0.08069396,0.4541667975282242,0.21846619,0.047727477
6085,0,1,-0.42140102,-0.045776844,-0.3477020602120171,0.07369897,0.005431538
6086,0,1,0.32325935,0.052610874,0.3253000042457756,0.0020406544,4.1642706e-06
6087,0,1,-0.30325937,-0.12119222,-0.2648384831649246,0.038420886,0.0014761644
6088,0,1,0.24598527,0.078514576,0.2064723828499803,0.039512888,0.0015612682
6089,0,1,-0.1934762,-0.11415768,-0.2528226019992803,0.059346408,0.003521996
6090,0,1,0.23476958,0.08087659,0.1714592119270692,0.06331037,0.004008203
6091,0,1,-0.16100144,-0.090210676,-0.3356809962340037,0.17467955,0.030512944
6092,0,1,0.31205845,0.057409048,0.2881014243267814,0.023957014,0.00057393854
6093,0,1,-0.26896977,-0.12831402,-0.2352283946849964,0.033741385,0.0011384811
6094,0,1,0.21834087,0.08369851,0.3168568366439683,0.09851596,0.009705394
6095,0,1,-0.2954836,-0.123502016,-0.2471503839405318,0.048333198,0.002336098
6096,0,1,0.22947335,0.08186817,0.1884817273959629,0.04099162,0.0016803128
6097,0,1,-0.1767962,-0.10244179,-0.1984008762132609,0.021604672,0.00046676185
6098,0,1,0.18394423,0.08716321,0.1821847148992033,0.0017595142,3.0958902e-06
6099,0,1,-0.17095518,-0.098047495,-0.1006978408003065,0.07025734,0.0049360944
6100,0,1,0.09265518,0.080479145,0.1096838956321839,0.017028712,0.00028997703
6101,0,1,-0.10359192,-0.046102524,-0.319487475011182,0.21589556,0.046610896
6102,0,1,0.29696536,0.063314915,0.1572134664818714,0.1397519,0.019530592
6103,0,1,-0.14777517,-0.079111576,-0.245611855863848,0.09783669,0.009572018
6104,0,1,0.2280364,0.082123995,-0.0647755241282785,0.29281193,0.08573882
6105,0,1,0.05909753,0.062568426,0.0238306360097424,0.03526689,0.0012437536
6106,0,1,-0.02361083,-0.0067880154,0.0371478962420299,0.060758725,0.0036916228
6107,0,1,-0.03602934,-0.017859459,0.0526731043326882,0.08870244,0.007868123
6108,0,1,-0.050501823,-0.030973196,-0.0894187661652874,0.038916945,0.0015145286
6109,0,1,0.08211708,0.07824302,-0.0563774723856296,0.13849455,0.019180741
6110,0,1,0.051253557,0.056322336,0.0387412629924268,0.012512293,0.00015655746
6111,0,1,-0.037514925,-0.019194603,0.0695809350954399,0.10709586,0.011469523
6112,0,1,-0.06625581,-0.04296112,0.0169873324643456,0.08324314,0.0069294204
6113,0,1,-0.017227888,-0.0011634827,-0.0924993848945545,0.075271495,0.0056657977
6114,0,1,0.08499622,0.078882694,0.2184886473120646,0.13349243,0.017820228
6115,0,1,-0.20460892,-0.12001109,-0.1116509868249324,0.09295793,0.008641177
6116,0,1,0.10288954,0.08236265,0.082607085683819,0.020282455,0.00041137796
6117,0,1,-0.078387976,-0.04409647,-0.1215935553043179,0.04320558,0.0018667222
6118,0,1,0.11217928,0.083827734,0.4234535091508578,0.31127423,0.09689165
6119,0,1,-0.39334178,-0.0698545,-0.338841963387579,0.054499805,0.0029702287
6120,0,1,0.31500435,0.05618143,0.3619314252727021,0.046927065,0.0022021495
6121,0,1,-0.33695006,-0.106571674,-0.344051467041071,0.0071014166,5.0430117e-05
6122,0,1,0.31985807,0.05410528,0.4673876443610458,0.14752957,0.021764975
6123,0,1,-0.43345904,-0.034227848,-0.2537779320676629,0.17968112,0.032285307
6124,0,1,0.23566031,0.08070183,-0.0625704582930213,0.29823077,0.08894159
6125,0,1,0.05703783,0.060934782,-0.0483055777543639,0.10534341,0.011097234
6126,0,1,0.04371524,0.05025339,0.0938071824874358,0.050091945,0.0025092028
6127,0,1,-0.088816404,-0.04498315,-0.0966093177482871,0.0077929124,6.0729482e-05
6128,0,1,0.088835955,0.07970309,-0.049404203156504,0.13824016,0.01911034
6129,0,1,0.04474163,0.051083803,-0.0396364816334253,0.08437811,0.0071196654
6130,0,1,0.035620213,0.04366398,0.1042898520336486,0.06866964,0.0047155195
6131,0,1,-0.09857321,-0.04574108,-0.0842464225839094,0.0143267885,0.00020525687
6132,0,1,0.07728553,0.07677865,0.224756999670201,0.14747147,0.021747835
6133,0,1,-0.21041417,-0.122323036,-0.2337460292138504,0.02333185,0.0005443753
6134,0,1,0.21695566,0.083901405,0.3108107802960353,0.09385511,0.008808782
6135,0,1,-0.2899127,-0.124788284,-0.45100265276078,0.16108996,0.025949974
6136,0,1,0.41931844,-0.0030653477,0.4473801910296004,0.028061748,0.0007874617
6137,0,1,-0.41520643,-0.051428556,-0.4441840185257248,0.028977573,0.00083969976
6138,0,1,0.41299033,0.0014007092,0.3619112250483161,0.051079094,0.0026090739
6139,0,1,-0.33693004,-0.10658097,-0.3662567574228368,0.029326707,0.00086005573
6140,0,1,0.34053922,0.044512033,0.4437507434696401,0.10321152,0.0106526185
6141,0,1,-0.4118929,-0.054373026,-0.3168144437234503,0.09507844,0.00903991
6142,0,1,0.2944734,0.06422877,0.4449022767382411,0.15042886,0.022628842
6143,0,1,-0.4129448,-0.053444862,-0.2805256573394632,0.13241914,0.017534828
6144,0,1,0.26062512,0.07489848,0.3940040903787372,0.13337895,0.017789945
6145,0,1,-0.3663783,-0.08934164,-0.2666759428661263,0.09970236,0.00994056
6146,0,1,0.2476995,0.07812238,0.1819018392829972,0.06579766,0.0043293317
6147,0,1,-0.17069244,-0.0978477,-0.1635908401145789,0.0071016103,5.0432867e-05
6148,0,1,0.15142083,0.08741045,0.2513108500379646,0.09989002,0.009978017
6149,0,1,-0.23498464,-0.12965631,-0.3167464757452465,0.08176184,0.006684998
6150,0,1,0.29441023,0.0642519,0.4185062901286094,0.124096066,0.015399833
6151,0,1,-0.3888166,-0.07337427,-0.400623254511542,0.011806667,0.00013939738
6152,0,1,0.37251735,0.027305365,0.2484362995793727,0.124081045,0.015396106
6153,0,1,-0.23232627,-0.12953305,-0.3820482235154823,0.14972195,0.022416662
6154,0,1,0.35523748,0.03696084,0.2116692299914659,0.14356825,0.020611841
6155,0,1,-0.1982913,-0.117311,-0.1730594908577361,0.025231808,0.00063664414
6156,0,1,0.1602683,0.08763242,0.2161552930459289,0.055886984,0.0031233549
6157,0,1,-0.20244813,-0.1191113,-0.2151382895357239,0.012690157,0.00016104008
6158,0,1,0.19957876,0.08599782,0.2024954177151139,0.002916649,8.506841e-06
6159,0,1,-0.18979001,-0.11167359,-0.3705652301605289,0.18077523,0.03267968
6160,0,1,0.34455013,0.042512417,0.3446789578241911,0.00012883544,1.659857e-08
6161,0,1,-0.32109213,-0.114127636,-0.3171027217524766,0.0039893985,1.59153e-05
6162,0,1,0.29474235,0.06413102,0.0912662492405202,0.2034761,0.041402522
6163,0,1,-0.086450815,-0.044789553,-0.2727691735162483,0.18631837,0.034714535
6164,0,1,0.25338697,0.076761246,0.210286366920783,0.04310061,0.0018576626
6165,0,1,-0.19701052,-0.11648083,-0.2160336662268704,0.01902315,0.00036188023
6166,0,1,0.20041513,0.085915565,0.0496244232936158,0.1507907,0.022737836
6167,0,1,-0.04766035,-0.028380156,-0.0906606511512446,0.043000303,0.0018490261
6168,0,1,0.08327794,0.07850337,0.2467414565787313,0.16346352,0.02672032
6169,0,1,-0.2307589,-0.12920499,-0.226585863323419,0.0041730404,1.7414266e-05
6170,0,1,0.21027017,0.08480787,0.2726791648832845,0.062408984,0.0038948813
6171,0,1,-0.25473166,-0.12953591,-0.3351796539315472,0.080448,0.006471881
6172,0,1,0.3115921,0.05760169,0.2894986556426753,0.022093445,0.0004881203
6173,0,1,-0.27025914,-0.12815738,-0.2734688268184722,0.0032096803,1.03020475e-05
6174,0,1,0.25404024,0.0765996,0.2153491659160655,0.038691074,0.0014969992
6175,0,1,-0.20170093,-0.11879492,-0.0795990713250813,0.12210185,0.014908862
6176,0,1,0.072943926,0.07342124,0.0218391660737533,0.05110476,0.0026116967
6177,0,1,-0.021752834,-0.005146742,-0.0914786386722226,0.069725804,0.004861688
6178,0,1,0.084041834,0.078672886,0.1466557916463151,0.062613964,0.0039205085
6179,0,1,-0.13796711,-0.070372105,-0.0755482799078026,0.062418833,0.0038961107
6180,0,1,0.069159985,0.07047701,0.1878510635432086,0.11869107,0.014087571
6181,0,1,-0.17621088,-0.10200858,-0.2763195167651711,0.10010862,0.010021737
6182,0,1,0.25670004,0.075927734,0.2571391884916156,0.00043913722,1.928415e-07
6183,0,1,-0.2403729,-0.12980485,-0.2588411869179561,0.01846829,0.00034107774
6184,0,1,0.24038792,0.079737425,0.3539859575114321,0.11359805,0.012904516
6185,0,1,-0.32964826,-0.11020064,-0.2189883011461928,0.11065996,0.012245626
6186,0,1,0.20317459,0.08563352,0.1182096713993123,0.084964916,0.007219037
6187,0,1,-0.11152291,-0.04663706,-0.1825926938813733,0.07106978,0.0050509134
6188,0,1,0.16917539,0.08763862,0.2085166045560171,0.03934121,0.0015477309
6189,0,1,-0.19536972,-0.11540961,-0.1676896070221269,0.027680114,0.0007661887
6190,0,1,0.15525079,0.087533236,0.1006317661529352,0.05461902,0.0029832376
6191,0,1,-0.09516883,-0.04548478,-0.0952564200209065,8.7589025e-05,7.671837e-09
6192,0,1,0.08757138,0.079437256,0.0779671444473715,0.009604238,9.224139e-05
6193,0,1,-0.07406759,-0.04370451,0.0660275516952242,0.14009514,0.01962665
6194,0,1,-0.06294608,-0.042429686,0.1064124010410414,0.16935849,0.028682299
6195,0,1,-0.10054827,-0.0458858,-0.0322653404446353,0.06828293,0.004662559
6196,0,1,0.028737545,0.038003445,0.0528540195942941,0.024116475,0.00058160437
6197,0,1,-0.050670385,-0.031126976,0.0289786298077294,0.079649016,0.006343966
6198,0,1,-0.028411865,-0.011047602,0.0319310638622858,0.06034293,0.0036412692
6199,0,1,-0.031164885,-0.013503075,-0.1662007435112089,0.13503586,0.018234683
6200,0,1,0.15385985,0.0874939,0.2352827469085441,0.081422895,0.0066296877
6201,0,1,-0.22015762,-0.12585425,-0.2584304415672616,0.038272828,0.0014648094
6202,0,1,0.24000382,0.07981825,0.1247264020852241,0.115277424,0.013288884
6203,0,1,-0.117583275,-0.050813437,-0.1972965188656523,0.07971324,0.0063542007
6204,0,1,0.18291211,0.08721542,0.1531553728987349,0.02975674,0.00088546355
6205,0,1,-0.14400578,-0.075803995,-0.2581090837796984,0.11410332,0.013019567
6206,0,1,0.23970461,0.079880714,0.0726980312028175,0.16700658,0.027891198
6207,0,1,-0.069159985,-0.04324293,0.0087793984653536,0.07793938,0.0060745473
6208,0,1,-0.009570599,0.0055246353,-0.1683583375968997,0.15878774,0.025213547
6209,0,1,0.1558764,0.08754969,0.112396046443123,0.04348035,0.0018905409
6210,0,1,-0.1061151,-0.046278,0.1032669628523828,0.20938206,0.043840844
6211,0,1,-0.0976212,-0.04567027,-0.0857077805661088,0.011913419,0.00014192954
6212,0,1,0.07865095,0.07744074,0.1710426981595989,0.092391744,0.0085362345
6213,0,1,-0.1606152,-0.089897156,-0.2986309619111051,0.13801575,0.019048346
6214,0,1,0.27751637,0.069978476,0.2956589921572048,0.01814264,0.00032915542
6215,0,1,-0.2759428,-0.12736964,-0.2500589632932071,0.025883853,0.00066997384
6216,0,1,0.23218846,0.0813694,0.1155350527346681,0.11665341,0.013608019
6217,0,1,-0.10903573,-0.04647422,-0.0783867578132815,0.03064897,0.0009393593
6218,0,1,0.071811914,0.07254243,0.0756658156653586,0.0038539022,1.4852562e-05
6219,0,1,-0.07192421,-0.043504477,0.1230534331027812,0.19497764,0.038016282
6220,0,1,-0.11602807,-0.049242735,-0.0146827080940901,0.10134536,0.010270882
6221,0,1,0.012324095,0.024288416,0.0410891440138248,0.028765049,0.000827428
6222,0,1,-0.03970337,-0.02116704,-0.0979292132612705,0.058225848,0.0033902493
6223,0,1,0.09006834,0.0799582,0.2333895631545361,0.14332122,0.020540971
6224,0,1,-0.21840525,-0.12525058,-0.2548520549278379,0.03644681,0.00132837
6225,0,1,0.2366631,0.080501795,0.3865557714721848,0.14989266,0.022467809
6226,0,1,-0.35954976,-0.09371233,-0.4057656666157276,0.04621589,0.0021359087
6227,0,1,0.37729788,0.024485588,0.414764260896534,0.037466377,0.0014037294
6228,0,1,-0.38539243,-0.075969934,-0.3543891077276568,0.031003326,0.0009612062
6229,0,1,0.32948852,0.049788237,0.4461499587567439,0.11666143,0.013609889
6230,0,1,-0.41408372,-0.05243349,-0.5099176211535954,0.0958339,0.009184136
6231,0,1,0.4739163,-0.046230555,0.5142780986755398,0.04036182,0.0016290767
6232,0,1,-0.4761188,0.01250267,-0.4510903753066055,0.025028437,0.0006264227
6233,0,1,0.41940045,-0.0031232834,0.4124036735067298,0.0069967806,4.895494e-05
6234,0,1,-0.38323188,-0.077578545,-0.3703309615333441,0.012900919,0.0001664337
6235,0,1,0.3443327,0.042622566,0.3510039029269398,0.00667122,4.4505177e-05
6236,0,1,-0.32690763,-0.11149645,-0.4127500813353535,0.08584246,0.007368928
6237,0,1,0.38379145,0.020552635,0.464611267374861,0.080819815,0.0065318425
6238,0,1,-0.43092728,-0.036713123,-0.2513647096252018,0.17956257,0.032242715
6239,0,1,0.23340726,0.08113885,0.277668334074284,0.044261068,0.0019590422
6240,0,1,-0.2593391,-0.1292448,-0.3320459632565291,0.07270688,0.0052862903
6241,0,1,0.3086722,0.05878997,0.3516448087976154,0.042972624,0.0018466464
6242,0,1,-0.32749677,-0.1112206,-0.3528756511046431,0.025378883,0.0006440877
6243,0,1,0.328079,0.050436497,0.4304338116943684,0.102354825,0.01047651
6244,0,1,-0.39972496,-0.06471968,-0.3022781287401539,0.09744683,0.009495884
6245,0,1,0.28091788,0.06888938,0.1555743330569572,0.12534355,0.015711004
6246,0,1,-0.14625263,-0.077783346,-0.1812746332081802,0.035022005,0.0012265409
6247,0,1,0.16794372,0.08765149,0.0690885440937454,0.098855175,0.009772345
6248,0,1,-0.065797806,-0.042916536,-0.0852238828028308,0.019426078,0.0003773725
6249,0,1,0.07819867,0.07733464,0.1245016729447829,0.046303004,0.0021439681
6250,0,1,-0.1173749,-0.05060315,-0.1131966852636972,0.004178211,1.7457447e-05
6251,0,1,0.10433316,0.082606554,0.1361627456148144,0.03182958,0.0010131221
6252,0,1,-0.1282165,-0.061250687,-0.1048496542848558,0.023366854,0.00054600986
6253,0,1,0.09653425,0.08122635,0.0571044027009683,0.03942985,0.0015547131
6254,0,1,-0.054630995,-0.0347569,-0.0409725339499318,0.01365846,0.00018655353
6255,0,1,0.036867857,0.044684887,-0.104306528676465,0.14117438,0.019930204
6256,0,1,0.09602666,0.08113122,0.1413734161703264,0.04534675,0.0020563279
6257,0,1,-0.13305879,-0.065835,-0.0575607137667355,0.075498074,0.005699959
6258,0,1,0.05235815,0.057206154,0.0936153477858758,0.041257195,0.0017021562
6259,0,1,-0.08863807,-0.04496932,-0.12940769175886,0.04076962,0.001662162
6260,0,1,0.11948085,0.08481407,-0.0622443514908974,0.1817252,0.03302405
6261,0,1,0.05673313,0.06069255,0.1087272267952808,0.051994093,0.0027033857
6262,0,1,-0.1027019,-0.046040535,-0.1626708388507314,0.059968933,0.003596273
6263,0,1,0.15056157,0.08737755,0.0450733723757759,0.105488196,0.01112776
6264,0,1,-0.04341817,-0.02452612,-0.0147420281312395,0.028676141,0.00082232105
6265,0,1,0.012379169,0.024335861,0.1804871676912935,0.168108,0.0282603
6266,0,1,-0.16937971,-0.09683657,-0.2410404712997649,0.07166076,0.0051352642
6267,0,1,0.22376847,0.0828495,0.2932647099931253,0.069496244,0.004829728
6268,0,1,-0.27373362,-0.12769341,-0.458044846585846,0.18431124,0.033970635
6269,0,1,0.42585278,-0.007793188,0.3524136643685174,0.07343912,0.0053933044
6270,0,1,-0.32820344,-0.110887766,-0.4088075721589352,0.080604136,0.006497027
6271,0,1,0.38012648,0.022787333,0.6464904585597453,0.26636398,0.07094977
6272,0,1,-0.59545636,0.1930418,-0.4705751881503728,0.12488118,0.0155953085
6273,0,1,0.4374745,-0.01649785,0.4094229017044895,0.028051585,0.00078689144
6274,0,1,-0.38050365,-0.07957721,-0.2994379330867338,0.081065714,0.00657165
6275,0,1,0.27826905,0.069740295,0.2918624014934634,0.013593346,0.00018477906
6276,0,1,-0.27244043,-0.12787247,-0.1524724995265618,0.11996794,0.014392306
6277,0,1,0.14103246,0.08687353,0.2225567291691992,0.08152427,0.006646206
6278,0,1,-0.20837617,-0.121528864,-0.161698867195188,0.046677306,0.002178771
6279,0,1,0.14965367,0.08734059,0.3013322133354492,0.15167853,0.023006378
6280,0,1,-0.28117466,-0.12651038,-0.2703676758369777,0.010806978,0.00011679077
6281,0,0,0.25114632,0.077308655,-0.1855744780811004,0.4367208,0.19072504
6282,0,0,0.17196083,0.08759475,-0.1249964792723044,0.2969573,0.08818365
6283,0,0,0.11535931,0.084275484,-0.1286217988551086,0.24398111,0.059526782
6284,0,0,0.11874604,0.08472085,-0.2669362841625351,0.3856823,0.14875084
6285,0,0,0.24794292,0.07806468,-0.2490228651516779,0.4969658,0.246975
6286,0,0,0.23122168,0.081549644,-0.2601560877379647,0.49137777,0.24145211
6287,0,0,0.24161482,0.079476595,-0.231954760848402,0.47356957,0.22426814
6288,0,0,0.21528411,0.08414078,-0.2730713902550663,0.4883555,0.23849109
6289,0,0,0.25366974,0.076692104,-0.3832187226704642,0.6368885,0.40562695
6290,0,0,0.35632777,0.036378622,-0.3816215688857229,0.7379494,0.54456925
6291,1,0,-0.39488244,0.037173033,-0.3904596569514829,0.004422784,1.9561017e-05
6292,1,0,-0.40377975,0.032692194,-0.5120532715144033,0.108273506,0.011723152
6293,1,0,-0.52583313,-0.0479486,-0.395200281979911,0.13063285,0.01706494
6294,1,0,-0.40855122,0.03021121,-0.5043784401562084,0.09582722,0.009182856
6295,1,0,-0.5181494,-0.041825056,-0.3955099952467775,0.12263939,0.015040419
6296,1,0,-0.40886235,0.030047178,-0.310194315436529,0.09866804,0.009735382
6297,1,1,-0.3228612,0.06641555,0.2477977368252966,0.5706589,0.32565162
6298,1,1,0.2444849,-0.12948799,-0.1987797596437275,0.44326466,0.19648357
6299,1,1,-0.21014905,0.087144375,0.0536491323835401,0.26379818,0.06958948
6300,1,1,0.04646182,-0.031804085,-0.1720111313368377,0.21847296,0.047730435
6301,1,1,-0.18300986,0.087619305,-0.036426632749408,0.14658323,0.021486644
6302,1,1,-0.045261145,0.041205883,0.1102036970583824,0.15546484,0.024169317
6303,1,1,0.10411143,-0.046136856,-0.1133356234759621,0.21744706,0.04728322
6304,1,1,-0.12345266,0.08262777,0.136073795435804,0.25952646,0.067353986
6305,1,1,0.13049412,-0.061172485,-0.0060812281214963,0.13657534,0.018652825
6306,1,1,-0.014376879,0.017471075,0.0207797778927711,0.035156656,0.0012359904
6307,1,1,0.012975931,-0.0042746067,0.0151802354192693,0.0022043046,4.8589586e-06
6308,1,1,0.0072727203,0.0003144741,0.0535336662226217,0.046260945,0.002140075
6309,1,1,0.04634428,-0.031706333,-0.002399594512398,0.048743874,0.0023759652
6310,1,1,-0.010628223,0.014530182,-0.0579996710621339,0.047371447,0.002244054
6311,1,1,-0.06720734,0.057534218,0.018522287116828,0.08572962,0.007349568
6312,1,1,0.010676861,-0.0024206638,0.0145686224007675,0.0038917614,1.5145807e-05
6313,1,1,0.006649494,0.00081443787,0.1059304758307737,0.09928098,0.009856714
6314,1,1,0.09975481,-0.04585266,-0.0800468288314637,0.17980164,0.03232863
6315,1,1,-0.08962488,0.07374549,0.1121687553044141,0.20179364,0.040720675
6316,1,1,0.10611606,-0.046263218,0.0058121423589301,0.10030391,0.010060875
6317,1,1,-0.0022673607,0.0079267025,-0.0512620676866939,0.04899471,0.0024004814
6318,1,1,-0.060353756,0.05248356,0.0669347680787977,0.12728852,0.016202368
6319,1,1,0.060001373,-0.042717457,0.0016570700379499,0.058344305,0.0034040578
6320,1,1,-0.0064980984,0.011276245,0.0212142981269702,0.027712397,0.000767977
6321,1,1,0.0134186745,-0.004631996,0.0640234932558745,0.05060482,0.002560848
6322,1,1,0.057034254,-0.040699482,0.0350618226691175,0.021972433,0.00048278781
6323,1,1,0.027524471,-0.016113758,-0.2768382277015075,0.30436268,0.092636645
6324,0,1,0.2571845,0.07580304,0.3628069056540286,0.10562241,0.011156093
6325,0,1,-0.33775306,-0.10615659,-0.2231111168720123,0.114641935,0.013142773
6326,0,1,0.20702529,0.085202694,0.2774466828788418,0.0704214,0.004959173
6327,0,1,-0.25913548,-0.12926054,-0.3646549474146292,0.10551947,0.011134359
6328,0,1,0.33904862,0.045244455,0.2790132536089977,0.060035378,0.0036042465
6329,0,1,-0.26058078,-0.1291492,-0.1390494793504451,0.12153129,0.014769855
6330,0,1,0.12848973,0.08582997,0.1121357450039384,0.016353987,0.0002674529
6331,0,1,-0.10587263,-0.046260834,-0.0379441869147618,0.06792845,0.004614274
6332,0,1,0.034039736,0.042369843,0.035687548179967,0.0016478114,2.7152823e-06
6333,0,1,-0.034667492,-0.01663661,-0.1488545817567281,0.11418709,0.013038692
6334,0,1,0.13765216,0.0866344,0.2226432531170008,0.0849911,0.0072234864
6335,0,1,-0.20845628,-0.12155962,-0.244876750218471,0.03642048,0.0013264513
6336,0,1,0.22734976,0.08224487,0.1322532979968853,0.095096454,0.009043336
6337,0,1,-0.12458205,-0.057742596,-0.1878171712392009,0.06323512,0.00399868
6338,0,1,0.17405653,0.087548494,0.1541957944724976,0.01986073,0.00039444858
6339,0,1,-0.14497232,-0.07665801,-0.0870472115280192,0.057925113,0.0033553187
6340,0,1,0.07990193,0.07773399,-0.0125237430971809,0.092425674,0.008542505
6341,0,1,0.010308266,0.022584915,0.0932152840065705,0.08290702,0.006873574
6342,0,1,-0.08826494,-0.044938564,-0.2810794995125034,0.19281456,0.037177455
6343,0,1,0.26114202,0.074760914,0.3017827228543157,0.04064071,0.0016516674
6344,0,1,-0.28159022,-0.12643719,-0.2865886035110025,0.004998386,2.4983861e-05
6345,0,1,0.26628232,0.07334113,0.1861734353934951,0.08010888,0.006417433
6346,0,1,-0.17465568,-0.10084844,-0.2193973509626188,0.044741675,0.0020018176
6347,0,1,0.20355725,0.08559227,0.1911932385892654,0.012364015,0.00015286887
6348,0,1,-0.17931104,-0.104286194,-0.0456836219721399,0.13362741,0.017856287
6349,0,1,0.04126668,0.04826808,0.0338715273618275,0.007395152,5.4688273e-05
6350,0,1,-0.032974005,-0.015119076,-0.0604263128255913,0.027452309,0.00075362925
6351,0,1,0.055034876,0.059342146,0.1744944888560438,0.119459614,0.014270599
6352,0,1,-0.16381907,-0.09247422,-0.0892901442210791,0.07452893,0.005554562
6353,0,1,0.081997395,0.07821584,0.0221352039267563,0.05986219,0.0035834818
6354,0,1,-0.022029161,-0.0053904057,0.0321423336976884,0.054171495,0.0029345509
6355,0,1,-0.031362057,-0.013678789,-0.1352675681651551,0.103905514,0.010796356
6356,0,1,0.124955654,0.08545804,0.1482596920742951,0.023304045,0.0005430785
6357,0,1,-0.13945746,-0.07172799,-0.0767546566405203,0.062702805,0.0039316416
6358,0,1,0.07028651,0.07135558,0.0213580783197748,0.048928432,0.0023939915
6359,0,1,-0.021304369,-0.0047507286,-0.0244831130964442,0.0031787436,1.0104412e-05
6360,0,1,0.021472692,0.0319705,0.0928290785674148,0.071356386,0.0050917338
6361,0,1,-0.08790612,-0.044909,0.0387610558835738,0.12666717,0.016044572
6362,0,1,-0.037533283,-0.01921177,0.0072384713369708,0.044771753,0.0020045098
6363,0,1,-0.008133173,0.0067727566,-0.11152187057804,0.1033887,0.010689222
6364,0,1,0.1027689,0.08234358,0.1514043744285298,0.048635483,0.00236541
6365,0,1,-0.14237952,-0.07435703,-0.023687832521444,0.11869169,0.014087717
6366,0,1,0.020729542,0.031350613,0.0706531133994992,0.04992357,0.0024923626
6367,0,1,-0.06725502,-0.043058395,-0.0935502813393949,0.02629526,0.00069144065
6368,0,1,0.08597636,0.07909632,-0.1791838957774718,0.26516026,0.07030997
6369,0,1,0.16599059,0.087661505,0.0722361507142137,0.09375444,0.008789895
6370,0,1,-0.068730116,-0.043201447,0.1080217051188916,0.17675182,0.031241206
6371,0,1,-0.102045536,-0.045993805,-0.2151488203882969,0.113103285,0.0127923535
6372,0,1,0.1995883,0.08599639,0.1118395657238067,0.087748736,0.0076998407
6373,0,1,-0.105597734,-0.046242237,-0.1367150848466494,0.03111735,0.00096828945
6374,0,1,0.12630892,0.08560443,0.0802387426802568,0.046070173,0.0021224609
6375,0,1,-0.07618308,-0.04389739,-0.0765546848109028,0.00037160516,1.380904e-07
6376,0,1,0.07009983,0.07120991,0.1039498636161493,0.033850037,0.001145825
6377,0,1,-0.09825659,-0.045717478,-0.1479399251556077,0.049683332,0.0024684335
6378,0,1,0.13679695,0.086569786,0.0796397817892335,0.057157166,0.0032669418
6379,0,1,-0.07562542,-0.043847322,-0.0008571574272204,0.07476826,0.0055902926
6380,0,1,-0.0005788803,0.0132956505,-0.0875821663797613,0.08700328,0.0075695715
6381,0,1,0.08040166,0.07784891,0.0059750016902029,0.07442666,0.0055393274
6382,0,1,-0.0069549084,0.0077955723,0.2129277667204139,0.21988268,0.048348393
6383,0,1,-0.19945717,-0.11783028,-0.1483359163164301,0.05112125,0.0026133822
6384,0,1,0.13716722,0.08659768,0.1732170491021412,0.036049828,0.0012995901
6385,0,1,-0.16263318,-0.09152579,-0.0416644251466991,0.12096876,0.01463344
6386,0,1,0.037513494,0.04521227,0.1089028053347109,0.07138931,0.0050964337
6387,0,1,-0.10286498,-0.04605174,-0.1287091026063826,0.025844127,0.0006679189
6388,0,1,0.1188283,0.08473182,0.07702380897517,0.041804485,0.0017476149
6389,0,1,-0.07318926,-0.043623447,-0.1561183457840269,0.08292909,0.0068772337
6390,0,1,0.14443898,0.087082624,0.2975137759761268,0.1530748,0.023431895
6391,0,1,-0.27765346,-0.12710261,-0.1563464481927017,0.121307,0.014715388
6392,0,1,0.14465213,0.08709407,0.259416538870691,0.11476442,0.013170873
6393,0,1,-0.24247813,-0.12982535,-0.388286311049387,0.14580819,0.021260029
6394,0,1,0.36104155,0.033812046,0.3963168231835778,0.03527528,0.0012443454
6395,0,1,-0.3684981,-0.08793712,-0.2620005835421874,0.1064975,0.011341717
6396,0,1,0.2433362,0.079104185,0.3491404116255339,0.105804205,0.01119453
6397,0,1,-0.32519507,-0.11228776,-0.4500081248440475,0.12481305,0.015578298
6398,0,1,0.41839576,-0.0024073124,0.4455972808514881,0.027201533,0.0007399234
6399,0,1,-0.413579,-0.052882433,-0.6317178368874352,0.21813887,0.047584567
6400,0,1,0.58622,-0.16072464,0.5749607964325869,0.011259258,0.00012677089
6401,0,1,-0.5310738,0.08640313,-0.6290361108773153,0.09796232,0.009596616
6402,0,1,0.58375645,-0.15784955,0.4798308938081477,0.103925556,0.010800521
6403,0,1,-0.4447956,-0.022706747,-0.418053585417232,0.026742011,0.0007151352
6404,0,1,0.38872075,0.01748705,0.2795902015419504,0.10913056,0.011909479
6405,0,1,-0.26111388,-0.12910628,-0.2541961135932418,0.0069177747,4.7855607e-05
6406,0,1,0.23605108,0.0806241,0.2039275503305764,0.032123536,0.0010319216
6407,0,1,-0.19111753,-0.11257553,-0.3260013678911702,0.13488385,0.018193653
6408,0,1,0.30303788,0.06101632,0.4139831575243087,0.110945284,0.0123088565
6409,0,1,-0.38467813,-0.07650423,-0.3751212241967039,0.0095568895,9.1334136e-05
6410,0,1,0.34879136,0.040347815,0.3837026853236298,0.034911335,0.0012188012
6411,0,1,-0.35693336,-0.09532738,-0.0568323547381681,0.300101,0.090060614
6412,0,1,0.051678658,0.05666256,0.0356297782792776,0.016048878,0.0002575665
6413,0,1,-0.03461361,-0.016588926,-0.1719732620358494,0.13735965,0.018867673
6414,0,1,0.15925336,0.087619066,0.0757150118388891,0.083538346,0.0069786552
6415,0,1,-0.07196951,-0.04350972,-0.033976653188307,0.037992857,0.0014434572
6416,0,1,0.030335665,0.039322853,0.1599902775770156,0.12965462,0.01681032
6417,0,1,-0.15035367,-0.081336975,-0.1789310765866707,0.028577402,0.0008166679
6418,0,1,0.1657548,0.08766198,0.0888869459863874,0.07686785,0.005908666
6419,0,1,-0.08423543,-0.044603586,-0.0469385082901183,0.03729692,0.0013910603
6420,0,1,0.04243827,0.04921913,0.2222993824949855,0.17986111,0.03235002
6421,0,1,-0.20813823,-0.12143397,-0.2322487802366093,0.024110556,0.0005813189
6422,0,1,0.21555877,0.084102154,0.28802462084461,0.07246587,0.005251302
6423,0,1,-0.26889944,-0.12832355,-0.350965496143512,0.08206606,0.0067348382
6424,0,1,0.32629943,0.051246643,0.4575276655503475,0.13122824,0.017220851
6425,0,1,-0.4244671,-0.042909622,-0.2287446433026936,0.19572245,0.038307276
6426,0,1,0.21228623,0.08454847,0.0716656226977283,0.14062062,0.01977416
6427,0,1,-0.068197966,-0.043150663,-0.0568124780186254,0.011385489,0.00012962936
6428,0,1,0.051659822,0.056648016,0.0715044158837705,0.019844592,0.00039380783
6429,0,1,-0.06804776,-0.043135643,-0.1658425674660204,0.0977948,0.009563823
6430,0,1,0.15352559,0.087483644,0.1902980253643349,0.03677243,0.0013522116
6431,0,1,-0.17848039,-0.10368061,-0.1954333729945161,0.016952991,0.00028740393
6432,0,1,0.18117166,0.08729792,0.102758709647345,0.07841294,0.00614859
6433,0,1,-0.09714842,-0.045634985,-0.0491538541579292,0.047994565,0.0023034783
6434,0,1,0.044507504,0.0508945,0.0477987601355045,0.0032912567,1.0832371e-05
6435,0,1,-0.045958042,-0.026831865,-0.1451916034963254,0.09923357,0.009847301
6436,0,1,0.13422918,0.08636117,0.3198158650533194,0.18558669,0.03444242
6437,0,1,-0.29820967,-0.1228199,-0.4122166699395531,0.114006996,0.012997596
6438,0,1,0.38329577,0.020855904,0.3579295262497086,0.025366247,0.00064344646
6439,0,1,-0.33327317,-0.108430386,-0.3046352882448078,0.028637886,0.00082012854
6440,0,1,0.28311682,0.06816864,0.3475492992451183,0.06443247,0.0041515436
6441,0,1,-0.32373095,-0.11295366,-0.3653391841172064,0.041608244,0.001731246
6442,0,1,0.33968472,0.044932365,0.2957851833386482,0.043899536,0.0019271693
6443,0,1,-0.27605915,-0.12735105,-0.3007209688135659,0.02466181,0.0006082048
6444,0,1,0.27946663,0.06935811,0.1975233713673119,0.08194326,0.0067146975
6445,0,1,-0.18518066,-0.108484745,-0.0394342847574327,0.14574638,0.021242008
6446,0,1,0.035431385,0.0435102,-0.0459155315720889,0.081346914,0.0066173202
6447,0,1,0.041482925,0.04844427,0.1172741671450894,0.07579124,0.005744312
6448,0,1,-0.1106534,-0.046580315,-0.094278748373334,0.016374655,0.00026812934
6449,0,1,0.086657524,0.07924318,-0.0980729336683516,0.18473046,0.034125343
6450,0,1,0.09020305,0.07998586,-0.0054196069813761,0.09562265,0.0091436915
6451,0,1,0.0036783218,0.016943693,0.1534755979167581,0.14979728,0.022439225
6452,0,1,-0.14430332,-0.07606816,-0.361844182013213,0.21754086,0.047324024
6453,0,1,0.3364308,0.04651451,0.3088377890122475,0.027592987,0.0007613729
6454,0,1,-0.28809452,-0.12517548,-0.1562048791414256,0.13188964,0.017394878
6455,0,1,0.14452052,0.08708763,0.2983423225648902,0.1538218,0.023661144
6456,0,1,-0.2784176,-0.12697911,-0.1657650739702441,0.11265251,0.012690588
6457,0,1,0.15345335,0.08748078,0.1703027756591715,0.016849428,0.00028390324
6458,0,1,-0.1599288,-0.08933973,-0.1307213884035207,0.029207408,0.00085307274
6459,0,1,0.120708466,0.084965944,0.0768003107968633,0.043908156,0.0019279262
6460,0,1,-0.072980165,-0.043603897,-0.0324065766565415,0.04057359,0.0016462161
6461,0,1,0.02886939,0.03811288,0.0824676640776815,0.053598277,0.0028727753
6462,0,1,-0.07825875,-0.044085264,-0.2151673644502723,0.1369086,0.018743966
6463,0,1,0.1996057,0.0859952,0.1268307358245204,0.07277496,0.005296195
6464,0,1,-0.11954045,-0.052773714,0.1302011435340282,0.2497416,0.062370867
6465,0,1,-0.12267399,-0.055874825,-0.1834911106957513,0.060817122,0.0036987225
6466,0,1,0.17001462,0.087628126,0.2463346193858435,0.07631999,0.0058247414
6467,0,1,-0.23038268,-0.12909389,-0.3946138219148474,0.16423115,0.026971871
6468,0,1,0.3669281,0.030521154,0.2584997201840227,0.10842839,0.011756715
6469,0,1,-0.24163032,-0.12981868,-0.302137625505023,0.060507298,0.003661133
6470,0,1,0.2807877,0.06893277,0.2938010327978095,0.013013333,0.00016934684
6471,0,1,-0.27422953,-0.1276226,-0.1001414199358281,0.1740881,0.030306669
6472,0,1,0.09213543,0.08037543,0.1097936332131253,0.017658204,0.00031181215
6473,0,1,-0.1036942,-0.04611039,-0.028840905977717,0.07485329,0.0056030154
6474,0,1,0.025540352,0.035355806,0.0414889761443428,0.015948623,0.0002543586
6475,0,1,-0.040076494,-0.021502495,-0.2146819699225783,0.17460547,0.030487072
6476,0,1,0.19915223,0.08603883,0.1607963590534753,0.038355872,0.0014711729
6477,0,1,-0.15110278,-0.081977844,-0.0302829395808332,0.120819844,0.014597435
6478,0,1,0.02688694,0.03647256,0.0202087154205123,0.0066782255,4.4598695e-05
6479,0,1,-0.020232439,-0.0038056374,-0.2486625690916888,0.22843014,0.052180327
6480,0,1,0.2308855,0.08161116,0.2559641955731702,0.025078684,0.0006289404
6481,0,1,-0.2392869,-0.1297853,-0.278231042505217,0.038944155,0.0015166472
6482,0,1,0.2584839,0.075464725,0.3800349508791596,0.12155107,0.0147746615
6483,0,1,-0.35356855,-0.097355366,-0.3400329423994579,0.013535619,0.00018321298
6484,0,1,0.31611466,0.0557127,0.3556431311936285,0.03952846,0.0015624991
6485,0,1,-0.33117127,-0.109464645,-0.4414291322166392,0.110257864,0.012156797
6486,0,1,0.41043282,0.0031740665,0.4157099445342793,0.005277127,2.784807e-05
6487,0,1,-0.38625884,-0.07531929,-0.4105304555067386,0.024271607,0.00058911095
6488,0,1,0.38172865,0.021814346,0.3167502692353947,0.06497839,0.0042221914
6489,0,1,-0.29538488,-0.12352729,-0.2510335065374471,0.04435137,0.0019670438
6490,0,1,0.23309803,0.0811975,0.2089985879633915,0.02409944,0.000580783
6491,0,1,-0.19581723,-0.11570287,-0.3217309395441079,0.12591371,0.015854262
6492,0,1,0.29905653,0.06253576,0.2555899497905614,0.043466568,0.0018893426
6493,0,1,-0.23894072,-0.12977791,-0.535248957014153,0.29630822,0.08779856
6494,0,1,0.49734092,-0.06728077,0.4921799996566207,0.005160928,2.6635176e-05
6495,0,1,-0.4560349,-0.010644913,-0.3667593794866475,0.08927551,0.007970116
6496,0,1,0.34100747,0.044281483,0.42327594499179,0.08226848,0.0067681023
6497,0,1,-0.39318013,-0.06998253,-0.4365317096087184,0.04335159,0.0018793604
6498,0,1,0.4058857,0.006280899,0.4482198513595614,0.04233417,0.0017921819
6499,0,1,-0.41597295,-0.050739765,-0.362650533709457,0.053322405,0.002843279
6500,0,1,0.33718133,0.046152115,0.4839061736325498,0.14672485,0.02152818
6501,0,1,-0.44850564,-0.018794537,-0.2658484122247064,0.18265724,0.033363666
6502,0,1,0.2469275,0.0783,0.1286566250022827,0.118270874,0.013987999
6503,0,1,-0.121237755,-0.054459095,-0.0518273968221496,0.069410354,0.0048177973
6504,0,1,0.047003746,0.052909613,0.0719444576452166,0.024940714,0.00062203925
6505,0,1,-0.06845808,-0.043175697,-0.1597072465845901,0.09124917,0.00832641
6506,0,1,0.14779234,0.08725667,0.2088742932721827,0.06108196,0.0037310058
6507,0,1,-0.1957016,-0.11562753,-0.353145243121153,0.15744364,0.0247885
6508,0,1,0.32832956,0.050322056,0.4135512800387384,0.08522171,0.0072627394
6509,0,1,-0.3842826,-0.07679868,-0.2572810617106795,0.12700152,0.016129388
6510,0,1,0.2389307,0.08004117,0.3415912314108351,0.10266054,0.010539186
6511,0,1,-0.31825233,-0.11535382,-0.2707525562853394,0.047499776,0.0022562288
6512,0,1,0.25150537,0.07722163,0.2159000310823233,0.03560534,0.0012677403
6513,0,1,-0.2022109,-0.11901164,-0.1837690275005288,0.01844187,0.0003401026
6514,0,1,0.17027473,0.087623835,-0.0489864428115351,0.21926117,0.04807546
6515,0,1,0.04435134,0.05076766,0.132723652616002,0.08837232,0.007809667
6516,0,1,-0.12501931,-0.05816722,-0.1640016179721661,0.038982302,0.0015196198
6517,0,1,0.15180492,0.08742571,0.3612213591351079,0.20941645,0.04385525
6518,0,1,-0.33629656,-0.10690546,-0.4034396597709748,0.06714311,0.004508198
6519,0,1,0.3751359,0.025768518,0.4482935783815658,0.07315767,0.0053520445
6520,0,1,-0.41604018,-0.050679684,-0.532502592919962,0.11646241,0.013563493
6521,0,1,0.4948027,-0.06492782,0.2765622279424531,0.2182405,0.047628917
6522,0,1,-0.25831866,-0.12931776,-0.4663353991789574,0.20801672,0.043270957
6523,0,1,0.43354297,-0.013511896,0.3172071547573569,0.11633581,0.013534021
6524,0,1,-0.29580593,-0.12342286,-0.2806547023066006,0.0151512325,0.00022955984
6525,0,1,0.260746,0.074866295,0.3582103176621221,0.09746432,0.009499295
6526,0,1,-0.33353043,-0.10830283,-0.3432362943738281,0.009705871,9.420394e-05
6527,0,1,0.3190987,0.0544343,0.475044799290965,0.15594608,0.02431918
6528,0,1,-0.44043612,-0.027213097,-0.2980342518856025,0.14240187,0.020278294
6529,0,1,0.2769599,0.07015276,0.3750719087357552,0.09811202,0.009625968
6530,0,1,-0.34901428,-0.10001302,-0.3410287340845683,0.007985562,6.37692e-05
6531,0,1,0.3170426,0.055317163,0.3485054612052578,0.031462878,0.0009899127
6532,0,1,-0.3246112,-0.11255503,-0.3814905655378675,0.05687937,0.0032352628
6533,0,1,0.3547187,0.037237883,0.3072564976559482,0.047462195,0.00225266
6534,0,1,-0.2866366,-0.12547445,-0.250486039792515,0.036150545,0.0013068619
6535,0,1,0.23258734,0.08129454,0.2651082052944775,0.03252086,0.0010576063
6536,0,1,-0.24773788,-0.12978745,-0.2509594617544648,0.0032215714,1.0378522e-05
6537,0,1,0.23302913,0.08121133,0.1594640777022928,0.07356505,0.0054118168
6538,0,1,-0.14986563,-0.08091736,-0.1859783854406935,0.036112756,0.0013041311
6539,0,1,0.17233849,0.08758736,0.3544840202093544,0.18214554,0.033176996
6540,0,1,-0.33010697,-0.10997987,-0.3361831139964235,0.0060761273,3.6919322e-05
6541,0,1,0.31252694,0.057214975,0.4258803292723709,0.1133534,0.012848994
6542,0,1,-0.39556193,-0.06809139,-0.3692778675396533,0.026284069,0.0006908523
6543,0,1,0.34335184,0.0431149,0.5114944101289693,0.16814256,0.02827192
6544,0,1,-0.4735918,0.009477377,-0.354195372632538,0.11939642,0.014255505
6545,0,1,0.32930756,0.049871683,0.4164344001422915,0.08712685,0.0075910883
6546,0,1,-0.38692093,-0.07481933,-0.283326533489058,0.10359439,0.010731799
6547,0,1,0.26323867,0.07418966,0.1777042594076605,0.08553441,0.007316135
6548,0,1,-0.16679764,-0.09482837,-0.2527145296939528,0.08591691,0.007381715
6549,0,1,0.23466754,0.08089566,0.3518551475368765,0.11718762,0.013732938
6550,0,1,-0.32769012,-0.11112952,-0.4159089543936871,0.08821884,0.0077825636
6551,0,1,0.38672757,0.018734694,0.3672093513378405,0.019518226,0.00038096117
6552,0,1,-0.3417964,-0.104020596,-0.2479024479064646,0.093893945,0.008816073
6553,0,1,0.2301755,0.08174157,0.1810797262606729,0.049095765,0.0024103941
6554,0,1,-0.1699295,-0.09726095,-0.1552010146048372,0.014728487,0.00021692831
6555,0,1,0.14358258,0.08703351,0.147060565771377,0.0034779906,1.2096419e-05
6556,0,1,-0.13834381,-0.07071543,-0.2751233846458518,0.13677958,0.018708652
6557,0,1,0.255584,0.076211214,0.2559775627648455,0.00039356947,1.5489692e-07
6558,0,1,-0.23929954,-0.12978578,-0.0203616107377127,0.21893792,0.047933813
6559,0,1,0.017624617,0.028751373,0.1249814963601889,0.107356876,0.011525499
6560,0,1,-0.1178205,-0.051052094,-0.0688939114193734,0.048926592,0.0023938115
6561,0,1,0.0629437,0.06560564,0.0327297164640816,0.030213982,0.0009128847
6562,0,1,-0.031909227,-0.014167547,-0.0397744275055753,0.007865202,6.18614e-05
6563,0,1,0.03574848,0.043770075,-0.0684602439322863,0.10420872,0.010859458
6564,0,1,0.06253886,0.0652864,0.0798544776347056,0.017315619,0.00029983066
6565,0,1,-0.075825214,-0.04386568,-0.1616616598538627,0.08583644,0.0073678945
6566,0,1,0.14961886,0.087338924,0.0724778473582548,0.07714102,0.0059507363
6567,0,1,-0.068954706,-0.043222666,-0.0928120164948471,0.02385731,0.0005691713
6568,0,1,0.085288525,0.078947544,-0.017207725368217,0.10249625,0.010505482
6569,0,1,0.014681101,0.02627635,0.0421311225891192,0.027450021,0.0007535037
6570,0,1,-0.040674686,-0.022043943,-0.0122431137572722,0.028431572,0.0008083543
6571,0,1,0.010046482,0.02236247,0.1109737662109529,0.100927286,0.010186317
6572,0,1,-0.104792595,-0.046186686,-0.1890439326642541,0.084251344,0.007098289
6573,0,1,0.17520213,0.0875175,0.1385638845380112,0.036638245,0.001342361
6574,0,1,-0.13044786,-0.063376665,-0.0925531032035587,0.037894763,0.001436013
6575,0,1,0.08504605,0.07889438,0.1010593568909294,0.016013302,0.00025642585
6576,0,1,-0.09556651,-0.045514584,-0.0051084635241536,0.09045805,0.008182659
6577,0,1,0.0033884048,0.016695261,0.1414548036429659,0.1380664,0.01906233
6578,0,1,-0.1331346,-0.06590533,-0.2028693144010493,0.06973471,0.004862929
6579,0,1,0.18811798,0.08691859,0.0924122156663997,0.09570576,0.009159593
6580,0,1,-0.08751702,-0.044878006,-0.1260992703547652,0.03858225,0.00148859
6581,0,1,0.116389275,0.08441353,-0.0330143353497098,0.1494036,0.022321437
6582,0,1,0.029436588,0.038580656,-0.0053819045180225,0.034818493,0.0012123274
6583,0,1,0.0036432743,0.016912937,0.0504554063023374,0.046812132,0.0021913757
6584,0,1,-0.048434258,-0.029086351,0.0014197344156552,0.04985399,0.0024854206
6585,0,1,-0.0027036667,0.011467218,0.0612093698913431,0.06391303,0.004084876
6586,0,1,-0.058457136,-0.038277864,0.0035602724439618,0.062017407,0.0038461587
6587,0,1,-0.0047011375,0.009744883,-0.0835036343102673,0.078802496,0.0062098335
6588,0,1,0.07659173,0.07624364,0.1338150053683793,0.057223275,0.0032745032
6589,0,1,-0.12603378,-0.059151173,-0.2382438453918811,0.112210065,0.012591098
6590,0,1,0.22115684,0.083268166,0.1966907692318966,0.024466068,0.00059858843
6591,0,1,-0.1844089,-0.10794115,-0.2192417081228916,0.034832805,0.0012133244
6592,0,1,0.20341086,0.085608006,0.1809995970433084,0.022411272,0.0005022651
6593,0,1,-0.16985536,-0.09720373,-0.0791091312905245,0.090746224,0.008234877
6594,0,1,0.072485924,0.07306671,-0.022836199435102,0.095322125,0.009086307
6595,0,1,0.019934654,0.030686378,0.0743406166458213,0.054405965,0.002960009
6596,0,1,-0.0706892,-0.043388367,0.034738344094428,0.10542755,0.011114968
6597,0,1,-0.03378272,-0.01584363,0.0492255282274651,0.083008245,0.0068903686
6598,0,1,-0.04728818,-0.028041363,0.1149722568147089,0.16226044,0.026328452
6599,0,1,-0.10851121,-0.046439886,-0.1902063861227678,0.08169517,0.0066741006
6600,0,1,0.17628884,0.087485075,0.1393682302858385,0.036920607,0.0013631312
6601,0,1,-0.13119578,-0.064083576,-0.1787443508017836,0.047548562,0.0022608659
6602,0,1,0.16558003,0.08766341,0.376265220778353,0.2106852,0.04438825
6603,0,1,-0.35010982,-0.099383354,-0.4425534927381123,0.092443675,0.008545833
6604,0,1,0.41147685,0.0024523735,0.4425371232760562,0.031060278,0.0009647409
6605,0,1,-0.41078424,-0.05534649,-0.2375266508001989,0.17325759,0.030018192
6606,0,1,0.2204876,0.08337331,0.1880092444585677,0.032478347,0.0010548431
6607,0,1,-0.17635775,-0.10211778,-0.1542488872008927,0.022108853,0.0004888014
6608,0,1,0.14269209,0.086978674,0.1591322670605772,0.016440183,0.00027027962
6609,0,1,-0.14955711,-0.080652714,-0.2000318472314846,0.050474733,0.0025476988
6610,0,1,0.18546724,0.08707929,0.0957077549457388,0.08975949,0.008056766
6611,0,1,-0.09058595,-0.04512596,-0.0665023697341991,0.024083577,0.0005800187
6612,0,1,0.060709953,0.06384349,0.0250503223936919,0.035659634,0.0012716094
6613,0,1,-0.024747849,-0.0077950954,-0.1413640259590742,0.116616175,0.013599332
6614,0,1,0.13065267,0.086040735,0.1930054837748334,0.06235282,0.0038878743
6615,0,1,-0.18099165,-0.105504036,-0.1076808866978593,0.07331076,0.005374468
6616,0,1,0.09917998,0.08171272,0.0256988504246304,0.073481135,0.005399477
6617,0,1,-0.025353432,-0.008330584,-0.0144998536096805,0.010853578,0.00011780016
6618,0,1,0.012153387,0.024144888,-0.0469620341025227,0.05911542,0.003494633
6619,0,1,0.04246044,0.049236536,0.1421196545464931,0.09965922,0.00993196
6620,0,1,-0.13375258,-0.06648278,-0.0974476999522364,0.036304884,0.0013180446
6621,0,1,0.08961868,0.079865456,0.056732446807362,0.032886237,0.0010815046
6622,0,1,-0.05428505,-0.034437895,-0.0978311791863375,0.043546133,0.0018962657
6623,0,1,0.089977264,0.07993913,0.154658674263743,0.06468141,0.004183685
6624,0,1,-0.1454022,-0.07703614,-0.1768424669978654,0.031440273,0.0009884908
6625,0,1,0.16380286,0.08766174,0.2195524769447829,0.05574961,0.003108019
6626,0,1,-0.20559406,-0.12041497,-0.2539722959428743,0.04837823,0.002340453
6627,0,1,0.23584199,0.08066487,0.0343502978913679,0.20149168,0.0405989
6628,0,1,-0.033420563,-0.015519381,-0.0829275717575179,0.049507007,0.0024509437
6629,0,1,0.076052666,0.075828314,-0.0880825519851455,0.16413522,0.02694037
6630,0,1,0.080869675,0.07795739,0.0574267572223226,0.023442917,0.00054957037
6631,0,1,-0.054932117,-0.03503251,-0.044130298128937,0.010801818,0.00011667928
6632,0,1,0.03981638,0.04708886,0.1557043137008533,0.11588794,0.013430014
6633,0,1,-0.14637351,-0.07788849,-0.0192080555812927,0.12716545,0.016171051
6634,0,1,0.016547918,0.02784729,0.0066032104974849,0.009944707,9.88972e-05
6635,0,1,-0.007540226,0.0072870255,0.0263872585357103,0.033927485,0.0011510743
6636,0,1,-0.025995493,-0.008900166,-0.1358390807740406,0.10984358,0.012065613
6637,0,1,0.12548995,0.08551669,0.0972254368378022,0.028264515,0.0007988828
6638,0,1,-0.09199786,-0.045238018,-0.1046199105771878,0.012622051,0.00015931617
6639,0,1,0.09631944,0.08118677,0.2555914344942143,0.15927199,0.025367565
6640,0,1,-0.23894191,-0.12977862,-0.263420591235131,0.024478674,0.0005992055
6641,0,1,0.24466157,0.07881117,0.3747506216590919,0.13008904,0.01692316
6642,0,1,-0.3487196,-0.10018253,-0.3501616051586609,0.0014420152,2.0794077e-06
6643,0,1,0.3255508,0.051585436,0.1126025940378974,0.2129482,0.045346938
6644,0,1,-0.10630727,-0.046290874,-0.2632576118851699,0.15695035,0.024633413
6645,0,1,0.24450994,0.078844786,0.2254180532492902,0.01909189,0.00036450024
6646,0,1,-0.211025,-0.122556925,-0.1434772486480278,0.06754775,0.004562699
6647,0,1,0.13262749,0.08622193,0.0027829250162381,0.12984456,0.01685961
6648,0,1,-0.003975868,0.0103702545,0.0857098259112878,0.08968569,0.008043524
6649,0,1,-0.08127761,-0.04434991,-0.1803796290579304,0.09910202,0.00982121
6650,0,1,0.16710782,0.08765769,0.1516230769269184,0.01548475,0.0002397775
6651,0,1,-0.14258242,-0.074537754,-0.1069255275157488,0.03565689,0.0012714139
6652,0,1,0.098474026,0.08158493,0.2502197411077156,0.1517457,0.023026759
6653,0,1,-0.23397565,-0.1296134,-0.1695923677269286,0.06438328,0.0041452073
6654,0,1,0.15702891,0.08757639,0.2461608509411252,0.08913194,0.007944502
6655,0,1,-0.23022151,-0.12904716,-0.2442325649130072,0.014011055,0.00019630967
6656,0,1,0.22674847,0.08234906,0.1970625038135076,0.02968596,0.0008812562
6657,0,1,-0.18475342,-0.10818362,-0.3966465348936334,0.21189311,0.044898693
6658,0,1,0.36881828,0.029443026,0.4008055040059752,0.03198722,0.0010231823
6659,0,1,-0.37261152,-0.08515215,-0.405505856774818,0.032894343,0.0010820378
6660,0,1,0.37705708,0.0246284,0.2791554955511768,0.09790158,0.00958472
6661,0,1,-0.2607131,-0.12913942,-0.0910913241922766,0.16962177,0.028771544
6662,0,1,0.083679676,0.07859278,0.1959226132638343,0.11224294,0.012598477
6663,0,1,-0.18369651,-0.10743737,0.0545332405935861,0.23822975,0.056753416
6664,0,1,-0.052235603,-0.03255844,-0.0214040699237627,0.030831533,0.0009505834
6665,0,1,0.018597841,0.029567003,-0.0765951767428392,0.09519302,0.009061711
6666,0,1,0.0701375,0.07123995,0.0716422246331212,0.0015047267,2.2642025e-06
6667,0,1,-0.06817675,-0.04314828,0.1762849828577084,0.24446173,0.05976154
6668,0,1,-0.16548038,-0.09379268,-0.0219996231507311,0.14348075,0.020586725
6669,0,1,0.019153595,0.030032158,0.0450243564329682,0.025870763,0.00066929637
6670,0,1,-0.043372393,-0.02448368,-0.2757493992425477,0.232377,0.053999066
6671,0,1,0.25616765,0.07606363,0.1928962349496501,0.06327142,0.0040032724
6672,0,1,-0.18089056,-0.105431795,-0.0365430093693621,0.14434755,0.020836215
6673,0,1,0.03273201,0.04129505,-0.0901637356551132,0.12289575,0.015103364
6674,0,1,0.08281326,0.07839966,0.0803848839656415,0.0024283826,5.8970422e-06
6675,0,1,-0.07631922,-0.043910265,0.0385048527224802,0.11482407,0.013184567
6676,0,1,-0.03729415,-0.018996,0.038570387364972,0.07586454,0.005755428
6677,0,1,-0.03735566,-0.019051075,-0.2275943552147881,0.1902387,0.036190763
6678,0,1,0.21121192,0.08468747,0.3566282298235546,0.14541632,0.021145906
6679,0,1,-0.33207726,-0.10902095,-0.4175267438639962,0.08544949,0.0073016146
6680,0,1,0.3882308,0.017794847,0.6025284879588826,0.21429771,0.04592351
6681,0,1,-0.55593944,0.12499595,-0.5463841902538258,0.009555221,9.130224e-05
6682,0,1,0.50762653,-0.07700133,0.62110292148127,0.113476396,0.012876892
6683,0,1,-0.57265687,0.15277147,-0.4876198084941778,0.08503705,0.0072313
6684,0,1,0.4532709,-0.02893424,0.5013655304817011,0.04809463,0.0023130935
6685,0,1,-0.4643879,-0.0012657642,-0.6567874816267201,0.19239956,0.03701759
6686,0,1,0.6092224,-0.18834066,0.3478708375929393,0.2613516,0.06830465
6687,0,1,-0.32402706,-0.11281967,-0.5215263750890355,0.19749933,0.039005987
6688,0,1,0.48465562,-0.055693865,0.5383938420323751,0.053738236,0.002887798
6689,0,1,-0.49799323,0.04005432,-0.4162444821936457,0.081748754,0.006682859
6690,0,1,0.38703895,0.01854086,0.3698816645690512,0.017157286,0.00029437247
6691,0,1,-0.34424973,-0.10268688,-0.1036452017670366,0.24060452,0.057890534
6692,0,1,0.09540963,0.08101344,0.116945463957228,0.021535829,0.00046379192
6693,0,1,-0.11034751,-0.046560526,-0.0631161445181502,0.04723136,0.0022308014
6694,0,1,0.057547092,0.0613389,-0.0162588436735839,0.073805936,0.005447316
6695,0,1,0.013794422,0.025530577,-0.0045427196499159,0.018337142,0.00033625076
6696,0,1,0.0028607845,0.016243458,0.0666265113847011,0.06376573,0.0040660677
6697,0,1,-0.06350398,-0.04268861,-0.0248721313661617,0.03863185,0.0014924197
6698,0,1,0.021835566,0.03227353,0.0534949171006489,0.03165935,0.0010023144
6699,0,1,-0.051267624,-0.031673193,-0.0688424007738253,0.01757478,0.00030887287
6700,0,1,0.062895775,0.06556654,0.0683279691256304,0.005432196,2.9508754e-05
6701,0,1,-0.065089226,-0.042846203,-0.0302315812882811,0.034857646,0.0012150555
6702,0,1,0.026838303,0.03643322,0.1315073683702015,0.104669064,0.010955613
6703,0,1,-0.12388849,-0.057064533,-0.0720357203035848,0.05185277,0.0026887099
6704,0,1,0.06587982,0.06791115,0.1274578158610446,0.06157799,0.003791849
6705,0,1,-0.12012339,-0.053353786,-0.0190286133452133,0.101094775,0.010220153
6706,0,1,0.016380548,0.027706861,-0.0529738425095405,0.06935439,0.004810032
6707,0,1,0.04807496,0.05377078,0.0134446757658803,0.034630284,0.0011992565
6708,0,1,-0.01392293,0.0017309189,-0.0192365621786825,0.005313633,2.8234695e-05
6709,0,1,0.016573906,0.02786994,-0.0874586378959612,0.10403255,0.010822771
6710,0,1,0.0802865,0.077822685,-0.0443369362657812,0.12462344,0.015531002
6711,0,1,0.04000902,0.04724574,-0.0207078393662607,0.06071686,0.003686537
6712,0,1,0.017947912,0.029022455,-0.0362326415935156,0.054180555,0.0029355325
6713,0,1,0.032442093,0.041056633,-0.0123239080147796,0.044766,0.0020039948
6714,0,1,0.010122299,0.022426605,-0.1480778219581671,0.15820011,0.025027277
6715,0,1,0.1369257,0.0865798,0.1429248664414548,0.005999163,3.5989953e-05
6716,0,1,-0.13450074,-0.06717944,-0.1889846505066166,0.054483905,0.002968496
6717,0,1,0.17514682,0.08751941,0.1814511015218562,0.006304279,3.9743933e-05
6718,0,1,-0.1702745,-0.09752631,-0.2160207947550163,0.045746297,0.0020927237
6719,0,1,0.20040298,0.08591771,0.0621111982374871,0.13829178,0.019124616
6720,0,1,-0.059297323,-0.039052725,-0.0625093914549816,0.0032120645,1.0317359e-05
6721,0,1,0.05698085,0.060890198,0.1122053568075673,0.055224508,0.0030497464
6722,0,1,-0.10593772,-0.046266556,-0.0311800357963369,0.07475768,0.005588711
6723,0,1,0.027724266,0.037166595,0.1539897983641078,0.12626553,0.015942983
6724,0,1,-0.14478135,-0.07648945,0.0092464264507299,0.15402777,0.023724556
6725,0,1,-0.010006666,0.005146265,-0.0189665886168346,0.008959923,8.028022e-05
6726,0,1,0.016322851,0.027657986,-0.1002935762249737,0.11661643,0.013599391
6727,0,1,0.09227705,0.08040404,-0.0295724370585301,0.121849485,0.014847297
6728,0,1,0.026223421,0.035922766,-0.043241743113743,0.06946516,0.0048254086
6729,0,1,0.03898716,0.0464139,-0.0772891951815286,0.11627635,0.0135201905
6730,0,1,0.07078624,0.0717442,0.0329829650800115,0.037803274,0.0014290875
6731,0,1,-0.032145977,-0.014378309,-0.0425615719207179,0.010415595,0.00010848462
6732,0,1,0.03835106,0.04589629,0.1969243347809821,0.15857327,0.025145482
6733,0,1,-0.18462467,-0.10809326,-0.2864950851164103,0.10187042,0.010377582
6734,0,1,0.26619506,0.073366165,0.2921478186549704,0.025952756,0.0006735456
6735,0,1,-0.27270317,-0.12783718,-0.422740858829437,0.15003768,0.022511303
6736,0,1,0.39307618,0.01472187,0.2441291357681452,0.14894705,0.022185223
6737,0,1,-0.22834206,-0.12848568,-0.3444308643428955,0.11608881,0.013476611
6738,0,1,0.3202119,0.05395198,0.3339515014691234,0.013739616,0.00018877703
6739,0,1,-0.31122375,-0.118223906,-0.5622364377572517,0.25101268,0.06300737
6740,0,1,0.52225876,-0.09132457,0.379366213795838,0.14289254,0.020418277
6741,0,1,-0.35295582,-0.09771967,-0.4270029060832141,0.07404709,0.005482971
6742,0,1,0.39703536,0.012162209,0.377132914341038,0.019902438,0.00039610703
6743,0,1,-0.3509059,-0.09892154,-0.3034712038762674,0.047434688,0.0022500495
6744,0,1,0.28203058,0.068526745,0.1109526854938249,0.1710779,0.02926765
6745,0,1,-0.10477209,-0.046185732,-0.1590039006163444,0.054231808,0.002941089
6746,0,1,0.14713478,0.08722472,0.0300957562786559,0.117039025,0.013698134
6747,0,1,-0.029453754,-0.011975288,-0.0235969750620297,0.0058567785,3.4301855e-05
6748,0,1,0.020644665,0.031279802,0.1377543110670211,0.11710964,0.013714668
6749,0,1,-0.12969518,-0.06266284,-0.11825499787472,0.01144018,0.00013087773
6750,0,1,0.10906005,0.08336234,0.0635822621515984,0.045477785,0.002068229
6751,0,1,-0.060667515,-0.040319443,0.0710755816585844,0.1317431,0.017356245
6752,0,1,-0.06764865,-0.04309678,0.1072178979515703,0.17486656,0.030578313
6753,0,1,-0.10129714,-0.045939684,0.0013112207154097,0.10260836,0.010528476
6754,0,1,-0.0026023388,0.011554241,0.177667513827969,0.18026985,0.03249722
6755,0,1,-0.1667633,-0.09480214,-0.0266816932262443,0.14008161,0.019622859
6756,0,1,0.023524761,0.03368044,-0.0608724313383679,0.0843972,0.007122887
6757,0,1,0.05545187,0.05967331,-0.0007329289902275,0.0561848,0.0031567316
6758,0,1,-0.00069475174,0.013195515,0.0818503520386828,0.0825451,0.006813694
6759,0,1,-0.077683926,-0.044032812,-0.1524976541216345,0.07481372,0.005597093
6760,0,1,0.14105606,0.08687544,0.0914268803154376,0.04962918,0.0024630558
6761,0,1,-0.08660126,-0.04480195,-0.3051254634334737,0.21852422,0.047752835
6762,0,1,0.28357315,0.06801748,0.3253396177264265,0.041766465,0.0017444376
6763,0,1,-0.30329585,-0.12117982,-0.268268698814464,0.035027146,0.001226901
6764,0,1,0.24918675,0.077774286,0.1890478626364373,0.060138896,0.003616687
6765,0,1,-0.17732143,-0.10282922,-0.3941778644774918,0.21685642,0.04702671
6766,0,1,0.36652255,0.03075099,0.4049432529289656,0.038420707,0.0014761507
6767,0,1,-0.3764012,-0.08251333,-0.4179951510917084,0.04159397,0.0017300582
6768,0,1,0.3886659,0.01752162,0.3560155811516856,0.03265032,0.0010660435
6769,0,1,-0.3315134,-0.10929847,-0.346386685473333,0.014873266,0.00022121405
6770,0,1,0.32203412,0.053152323,0.3549912037685665,0.032957077,0.0010861689
6771,0,1,-0.3305726,-0.109755516,-0.2742129536054145,0.05635965,0.00317641
6772,0,1,0.25473428,0.07642627,0.2442296008029325,0.010504678,0.00011034826
6773,0,1,-0.22843528,-0.12851405,-0.1597009668680691,0.06873432,0.0047244066
6774,0,1,0.14778662,0.08725619,0.182337064439237,0.034550443,0.0011937332
6775,0,1,-0.17109609,-0.09815574,0.0369703134513406,0.2080664,0.04329163
6776,0,1,-0.035862923,-0.017710209,0.0155881573016767,0.05145108,0.0026472136
6777,0,1,-0.015923023,-1.8835068e-05,0.0551268467503613,0.07104987,0.005048084
6778,0,1,-0.05278921,-0.03306508,0.0410690567285745,0.09385827,0.008809376
6779,0,1,-0.03968525,-0.021150112,-0.1071722400582726,0.067486994,0.0045544943
6780,0,1,0.0987041,0.08162737,0.1000742152861104,0.0013701171,1.8772208e-06
6781,0,1,-0.09464955,-0.045444965,0.0290409257022097,0.12369048,0.015299334
6782,0,1,-0.028470278,-0.011100292,0.1311896374070822,0.15965992,0.025491292
6783,0,1,-0.12359285,-0.056776762,-0.0491195627742722,0.07447329,0.0055462713
6784,0,1,0.0444746,0.050868273,0.0591679025310227,0.014693301,0.0002158931
6785,0,1,-0.056554317,-0.036524534,-0.2209853416195035,0.16443102,0.027037561
6786,0,1,0.2050395,0.08542967,0.1565627081579119,0.0484768,0.0023500002
6787,0,1,-0.14717007,-0.07858491,0.0845674811094037,0.23173755,0.053702295
6788,0,1,-0.08021426,-0.044257402,0.0064837013882788,0.086697966,0.0075165373
6789,0,1,-0.007429123,0.007383108,-0.0141874405468174,0.0067583174,4.5674853e-05
6790,0,1,0.011861801,0.023898125,0.1724716289087391,0.16060983,0.025795516
6791,0,1,-0.16194105,-0.09097004,-0.1447723437781665,0.0171687,0.0002947643
6792,0,1,0.1338377,0.08632755,-0.0076857897162301,0.1415235,0.0200289
6793,0,1,0.005793333,0.018748045,0.047825293771146,0.042031962,0.0017666859
6794,0,1,-0.045983315,-0.026854277,0.0914426161098314,0.13742593,0.018885886
6795,0,1,-0.08661556,-0.044802904,-0.0815286903116363,0.005086869,2.5876236e-05
6796,0,1,0.07474661,0.074817896,0.1785336663825107,0.103787065,0.010771755
6797,0,1,-0.16756678,-0.09543061,-0.1830142823644229,0.015447512,0.00023862564
6798,0,1,0.16956902,0.08763385,0.1917007810035844,0.02213177,0.00048981525
6799,0,1,-0.17978144,-0.10462856,-0.1911132895995675,0.011331856,0.00012841096
6800,0,1,0.17713523,0.08745694,0.0972147910241396,0.07992044,0.006387277
6801,0,1,-0.091988325,-0.04523754,-0.1625378488734483,0.07054952,0.0049772346
6802,0,1,0.15043736,0.08737302,0.0229971046958632,0.12744024,0.016241016
6803,0,1,-0.022833824,-0.006100416,0.204613200004597,0.22744702,0.051732145
6804,0,1,-0.19175315,-0.11300421,-0.2162254066299991,0.024472252,0.0005988911
6805,0,1,0.20059395,0.085898876,0.1973222712809978,0.003271684,1.0703917e-05
6806,0,1,-0.18499422,-0.10835242,-0.3367833250629455,0.1517891,0.023039931
6807,0,1,0.3130865,0.05698371,0.3863689914525134,0.07328248,0.0053703217
6808,0,1,-0.35937858,-0.09381914,-0.3102967533202205,0.049081832,0.0024090263
6809,0,1,0.28839636,0.066382885,0.2977593508704319,0.009362996,8.7665685e-05
6810,0,1,-0.2778802,-0.12706614,-0.2595895465589861,0.018290639,0.00033454748
6811,0,1,0.24108577,0.07958913,0.2235835119423868,0.017502263,0.00030632922
6812,0,1,-0.20932674,-0.12190175,-0.1223999378981663,0.0869268,0.007556269
6813,0,1,0.11293244,0.08393717,-0.1816399900996885,0.2945724,0.086772904
6814,0,1,0.16828537,0.08764768,0.3183298760614068,0.1500445,0.022513352
6815,0,1,-0.29684067,-0.12316632,-0.2873875213388537,0.009453148,8.9362e-05
6816,0,1,0.26702785,0.073127985,0.3097643662011138,0.0427365,0.0018264084
6817,0,1,-0.2889483,-0.12499571,-0.3415618229628552,0.052613527,0.0027681831
6818,0,1,0.31753874,0.05510497,0.2501538531916956,0.0673849,0.0045407247
6819,0,1,-0.23391438,-0.12961102,-0.289732287021883,0.055817902,0.0031156382
6820,0,1,0.26921487,0.07249665,0.3209166785983584,0.051701814,0.0026730776
6821,0,1,-0.29922295,-0.122556925,-0.3667820437132709,0.06755909,0.0045642313
6822,0,1,0.34102798,0.044270992,0.3040324917068919,0.03699547,0.0013686648
6823,0,1,-0.283664,-0.12605643,-0.3398376135416043,0.056173623,0.003155476
6824,0,1,0.3159325,0.05578947,0.283596314210921,0.032336205,0.0010456302
6825,0,1,-0.264812,-0.1287694,-0.216077074251757,0.04873492,0.0023750924
6826,0,1,0.20045543,0.08591151,0.26635520766914,0.06589979,0.0043427823
6827,0,1,-0.2488904,-0.12976122,-0.3575409786942738,0.108650565,0.011804946
6828,0,1,0.33242345,0.048419714,0.0839768387818278,0.24844661,0.06172572
6829,0,1,-0.079663515,-0.044209242,-0.0062143766321858,0.073449135,0.0053947754
6830,0,1,0.004419565,0.017577171,-0.0011257400740647,0.005545305,3.075041e-05
6831,0,1,-0.00032830238,0.013510227,-0.0296624118259369,0.02933411,0.00086048996
6832,0,1,0.026307344,0.035992384,-0.033938127467215,0.060245473,0.003629517
6833,0,1,0.030299664,0.039293528,-0.0086054761162452,0.03890514,0.0015136099
6834,0,1,0.00665164,0.019479036,0.1084537520833253,0.10180211,0.01036367
6835,0,1,-0.10244751,-0.04602194,-0.1437861600670005,0.041338652,0.0017088841
6836,0,1,0.13291597,0.08624792,0.0361513001671101,0.09676467,0.009363401
6837,0,1,-0.035099506,-0.017023802,0.1086759004440507,0.1437754,0.020671366
6838,0,1,-0.102654696,-0.04603648,-0.0929915267061782,0.009663172,9.33769e-05
6839,0,1,0.085455656,0.07898331,0.125638216222677,0.04018256,0.0016146381
6840,0,1,-0.11843157,-0.05166459,-0.0771216062070871,0.04130996,0.0017065128
6841,0,1,0.0706296,0.07162237,-0.0227636936769983,0.09339329,0.008722306
6842,0,1,0.019866467,0.030629396,0.0619439190334212,0.042077452,0.001770512
6843,0,1,-0.059141636,-0.03890848,0.0071123264940462,0.06625396,0.0043895873
6844,0,1,-0.008015156,0.006875515,-0.1594249567551235,0.1514098,0.02292493
6845,0,1,0.14752913,0.08724427,-0.0385887271145821,0.18611786,0.034639858
6846,0,1,0.034641743,0.042863607,0.0695634206590964,0.034921676,0.0012195235
6847,0,1,-0.066239834,-0.04295969,-0.162288579693246,0.09604874,0.009225361
6848,0,1,0.15020442,0.08736324,0.1440124339761128,0.006191984,3.8340662e-05
6849,0,1,-0.13551116,-0.06811476,-0.0904564225634092,0.045054734,0.002029929
6850,0,1,0.08308673,0.078460455,0.1362586343308112,0.053171903,0.0028272513
6851,0,1,-0.12830496,-0.061336994,0.0218770923067492,0.15018205,0.022554649
6852,0,1,-0.021789074,-0.0051777363,0.0548356491807431,0.07662472,0.005871348
6853,0,1,-0.052516937,-0.03281617,-0.1080982285225804,0.055581294,0.0030892803
6854,0,1,0.09956956,0.081783295,0.2399907252837012,0.14042117,0.019718105
6855,0,1,-0.22451401,-0.12729263,-0.2600243603996319,0.03551036,0.0012609857
6856,0,1,0.24149203,0.07950282,0.2095289588966906,0.03196308,0.0010216385
6857,0,1,-0.19630861,-0.116024256,-0.2004970421052014,0.0041884333,1.7542974e-05
6858,0,1,0.18590236,0.087053776,0.4055008468561349,0.2195985,0.048223503
6859,0,1,-0.37691164,-0.08215237,-0.5104588316601255,0.13354719,0.017834852
6860,0,1,0.4744172,-0.046664715,0.5173344368353612,0.04291725,0.0018418905
6861,0,1,-0.47889376,0.015861988,-0.4134889311448373,0.06540483,0.0042777923
6862,0,1,0.38447857,0.020129204,0.3861606989473811,0.0016821325,2.8295697e-06
6863,0,1,-0.35918808,-0.09393811,-0.4570672265040723,0.09787914,0.009580326
6864,0,1,0.4249456,-0.0071299076,0.3435900403210725,0.08135554,0.006618724
6865,0,1,-0.32009077,-0.11456418,-0.2562636786141512,0.0638271,0.0040738983
6866,0,1,0.23798156,0.08023596,0.1834756421014516,0.054505914,0.0029708948
6867,0,1,-0.17215276,-0.09896088,-0.1726369009015909,0.00048413873,2.3439031e-07
6868,0,1,0.15987349,0.087628126,0.1905191095654017,0.030645624,0.00093915424
6869,0,1,-0.17868614,-0.10382986,-0.0773891276736344,0.10129701,0.010261085
6870,0,1,0.070879936,0.07181668,-0.0170608828395812,0.08794082,0.0077335876
6871,0,1,0.014543533,0.026161432,0.0273179440281032,0.012774412,0.00016318558
6872,0,1,-0.026863337,-0.009670973,0.1413750616840814,0.1682384,0.02830416
6873,0,1,-0.1330607,-0.06583643,0.0276582312584139,0.16071892,0.02583057
6874,0,1,-0.027180672,-0.009953022,0.0511441229693239,0.078324795,0.0061347736
6875,0,1,-0.049076557,-0.029670477,-0.0895576786971923,0.04048112,0.0016387211
6876,0,1,0.08224726,0.078272104,0.1300061331442572,0.047758877,0.0022809103
6877,0,1,-0.12249279,-0.055696487,-0.1486536555862407,0.026160866,0.0006843909
6878,0,1,0.13746452,0.08662033,0.2969247101858316,0.15946019,0.025427552
6879,0,1,-0.27711034,-0.12718892,-0.223148570812163,0.05396177,0.0029118725
6880,0,1,0.20706034,0.085199594,0.2243646983062097,0.01730436,0.0002994409
6881,0,1,-0.21005058,-0.12218213,-0.1068945062213657,0.103156075,0.010641175
6882,0,1,0.09844494,0.081581116,0.2989177697924128,0.20047283,0.040189356
6883,0,1,-0.27894807,-0.12689161,-0.2251691632808552,0.0537789,0.0028921703
6884,0,1,0.20894694,0.084971905,0.4282473832991793,0.21930045,0.048092686
6885,0,1,-0.39772654,-0.06634998,-0.3391087991089252,0.05861774,0.0034360394
6886,0,1,0.31525302,0.056076527,0.5465035297498173,0.23125052,0.053476807
6887,0,1,-0.50533986,0.049857378,-0.3552235803664536,0.1501163,0.022534901
6888,0,1,0.33026552,0.0494287,0.3345236498286619,0.004258126,1.8131637e-05
6889,0,1,-0.3117504,-0.11801696,-0.3596709892673595,0.047920585,0.0022963823
6890,0,1,0.33440804,0.047481537,0.2809105905056888,0.053497463,0.0028619785
6891,0,1,-0.26233292,-0.12900305,-0.3558443355165686,0.09351143,0.008744388
6892,0,1,0.3308437,0.049160242,0.2765344634708948,0.05430922,0.0029494914
6893,0,1,-0.25829172,-0.12932014,-0.2829746130043085,0.02468288,0.0006092445
6894,0,1,0.26291013,0.07428074,0.1717106035125937,0.09119952,0.008317352
6895,0,1,-0.16123557,-0.09040022,-0.0762029830636854,0.08503259,0.007230541
6896,0,1,0.06977177,0.070954084,0.2065118078912329,0.13674004,0.01869784
6897,0,1,-0.1935122,-0.11418152,-0.1655593806386357,0.02795282,0.00078136014
6898,0,1,0.15326071,0.087474585,0.0651973116215551,0.0880634,0.0077551617
6899,0,1,-0.062171936,-0.041712284,0.0136369011694839,0.07580884,0.0057469797
6900,0,1,-0.014102221,0.0015742779,-0.0821161006164348,0.06801388,0.0046258876
6901,0,1,0.07529545,0.07524228,0.1064016475945743,0.031106196,0.00096759544
6902,0,1,-0.100538254,-0.045884132,0.0106709831089131,0.111209236,0.012367494
6903,0,1,-0.011335373,0.0039892197,-0.0792660238724001,0.06793065,0.004614574
6904,0,1,0.07263327,0.07318044,-0.0039924873390355,0.07662576,0.0058715064
6905,0,1,0.0023469925,0.01580429,0.0542090498838696,0.051862057,0.002689673
6906,0,1,-0.051933527,-0.032281637,-0.0154597877571376,0.03647374,0.0013303336
6907,0,1,0.013049364,0.024900913,0.0151114674770025,0.0020621037,4.2522715e-06
6908,0,1,-0.015477896,0.0003707409,0.0474413614654247,0.06291926,0.003958833
6909,0,1,-0.045625687,-0.026529074,0.0568992361804916,0.10252492,0.010511359
6910,0,1,-0.054440737,-0.03458047,-0.0366257030816288,0.017815035,0.00031737547
6911,0,1,0.032808542,0.041358948,-0.1349849311157438,0.16779347,0.028154647
6912,0,1,0.1246922,0.08542824,0.1173688738680294,0.0073233247,5.3631084e-05
6913,0,1,-0.1107409,-0.046586275,-0.1853485450868754,0.07460764,0.0055663
6914,0,1,0.17174983,0.087599754,0.1360674430535082,0.03568238,0.0012732323
6915,0,1,-0.12812757,-0.061167,-0.2046207365413974,0.07649316,0.0058512036
6916,0,1,0.18975425,0.086809635,0.3224926100251712,0.13273835,0.01761947
6917,0,1,-0.30067468,-0.1220901,-0.2722695357642424,0.02840513,0.0008068514
6918,0,1,0.25292134,0.076877356,0.2494784721617646,0.0034428686,1.1853344e-05
6919,0,1,-0.2332902,-0.12958074,-0.2216816516308739,0.011608541,0.00013475823
6920,0,1,0.2056899,0.08535671,0.2655240868071575,0.059834182,0.0035801295
6921,0,1,-0.24812222,-0.12977862,-0.3716878834541828,0.123565674,0.015268476
6922,0,1,0.34559536,0.04198408,0.3130821167588289,0.03251323,0.0010571101
6923,0,1,-0.29200578,-0.12432194,-0.2006202389412936,0.09138554,0.008351318
6924,0,1,0.18601727,0.087047815,0.1748682296562149,0.011149049,0.0001243013
6925,0,1,-0.16416574,-0.09274936,-0.282568281648802,0.11840254,0.014019161
6926,0,1,0.26253128,0.074383974,0.2267824169898777,0.03574887,0.0012779817
6927,0,1,-0.2122891,-0.12303567,-0.2328197505676374,0.020530656,0.00042150784
6928,0,1,0.21609235,0.084026575,0.1632493420723562,0.052843004,0.002792383
6929,0,1,-0.1533804,-0.0839107,-0.2286582127364491,0.07527782,0.00566675
6930,0,1,0.21220589,0.08455825,0.2883029024324623,0.07609701,0.005790755
6931,0,1,-0.26915598,-0.12829304,-0.2806860351764859,0.011530042,0.00013294186
6932,0,1,0.2607746,0.074858665,0.171867999673585,0.088906616,0.007904386
6933,0,1,-0.16138148,-0.090518236,-0.1312537031119443,0.030127779,0.00090768305
6934,0,1,0.12120581,0.08502555,0.0675128437931253,0.05369296,0.002882934
6935,0,1,-0.064329624,-0.0427711,0.0648879227947518,0.12921755,0.016697176
6936,0,1,-0.061883926,-0.04144621,-0.0335700965244711,0.02831383,0.000801673
6937,0,1,0.029955864,0.03900957,0.0430951917042095,0.013139326,0.00017264189
6938,0,1,-0.041573763,-0.022855997,-0.0595812701621634,0.018007506,0.00032427025
6939,0,1,0.05424571,0.05871296,0.0292243225326798,0.025021387,0.00062606984
6940,0,1,-0.028640747,-0.011251688,-0.133801340541289,0.105160594,0.011058751
6941,0,1,0.123586416,0.08530426,0.0387251403247015,0.08486128,0.0072014364
6942,0,1,-0.037499428,-0.019180536,-0.0245700332433074,0.012929395,0.00016716924
6943,0,1,0.021553278,0.032037973,0.0039955685641968,0.01755771,0.0003082732
6944,0,1,-0.005106926,0.009393692,0.030368328845467,0.035475254,0.0012584936
6945,0,1,-0.02970767,-0.012202263,-0.0477301575017556,0.018022489,0.0003248101
6946,0,1,0.04317808,0.049817562,0.2275979021867256,0.18441983,0.03401067
6947,0,1,-0.21304417,-0.123318195,-0.1418167880265732,0.07122737,0.0050733383
6948,0,1,0.13107586,0.08608055,0.0130746640795296,0.11800119,0.013924281
6949,0,1,-0.0135777,0.0020329952,0.1570398449738967,0.17061755,0.029110348
6950,0,1,-0.14761353,-0.078970194,-0.0564134036955232,0.09120012,0.008317462
6951,0,1,0.051286697,0.05634904,0.1187846870213427,0.06749799,0.004555979
6952,0,1,-0.112057924,-0.046670914,-0.2138180351090093,0.101760104,0.010355119
6953,0,1,0.19834566,0.08611512,0.1596296979124165,0.03871596,0.0014989255
6954,0,1,-0.15001893,-0.08105016,-0.1362503128872916,0.013768613,0.00018957471
6955,0,1,0.12587404,0.08555746,0.2796851351885201,0.1538111,0.023657853
6956,0,1,-0.26120114,-0.12909913,-0.0481269812265683,0.21307416,0.045400597
6957,0,1,0.043548107,0.050118685,-0.0802036587963779,0.12375177,0.0153145
6958,0,1,0.07350874,0.07385898,0.1475635353689801,0.07405479,0.005484112
6959,0,1,-0.13881111,-0.07114053,-0.1133828278629809,0.02542828,0.0006465974
6960,0,1,0.10450745,0.08263564,0.2623881356629343,0.1578807,0.024926314
6961,0,1,-0.24522471,-0.12982154,-0.1706516897572458,0.074573025,0.005561136
6962,0,1,0.15801883,0.08759761,0.3025670722278319,0.14454824,0.020894192
6963,0,1,-0.28231382,-0.12630534,-0.2625903669904734,0.019723445,0.00038901428
6964,0,1,0.24388742,0.07898307,0.4861845703811664,0.24229714,0.058707904
6965,0,1,-0.45057988,-0.016577959,-0.273317903745204,0.17726198,0.03142181
6966,0,1,0.25389886,0.07663512,0.2007891540118627,0.053109705,0.0028206408
6967,0,1,-0.18820858,-0.110589504,-0.2522041597144864,0.06399557,0.004095433
6968,0,1,0.23419118,0.080988646,0.2281269221856168,0.006064251,3.677514e-05
6969,0,1,-0.21353412,-0.12350106,-0.1740755138299183,0.039458603,0.0015569814
6970,0,1,0.16121745,0.08764458,0.1271703756865201,0.034047082,0.0011592038
6971,0,1,-0.11985612,-0.053087473,-0.1883902359134386,0.06853412,0.0046969256
6972,0,1,0.17459202,0.087534666,0.1808430349466316,0.006251022,3.907528e-05
6973,0,1,-0.16971016,-0.09709215,0.0107587696620945,0.18046893,0.032569036
6974,0,1,-0.0114171505,0.003917694,0.1648647773433245,0.17628193,0.03107532
6975,0,1,-0.15487981,-0.0851717,-0.1471313115225778,0.0077484995,6.0039245e-05
6976,0,1,0.1360414,0.08650994,-0.1166491583482987,0.25269055,0.06385252
6977,0,1,0.10755944,0.08312917,0.1158492367001358,0.008289792,6.872065e-05
6978,0,1,-0.109327555,-0.04649329,-0.1888581523623362,0.0795306,0.006325116
6979,0,1,0.1750288,0.08752179,0.273609268100782,0.09858048,0.009718111
6980,0,1,-0.2555914,-0.1294887,-0.1699038758657689,0.08568752,0.0073423507
6981,0,1,0.15731955,0.08758378,0.1218565030744414,0.035463043,0.0012576274
6982,0,1,-0.114914894,-0.048112392,-0.2178957156208891,0.10298082,0.010605049
6983,0,1,0.20215392,0.08574033,0.1636017515203169,0.038552165,0.0014862694
6984,0,1,-0.1537075,-0.08418679,-0.1904082646414902,0.036700755,0.0013469454
6985,0,1,0.17647743,0.08747816,-0.0419671200283171,0.21844456,0.047718026
6986,0,1,0.03779602,0.04544282,0.2269877251594931,0.1891917,0.0357935
6987,0,1,-0.21247864,-0.12310743,-0.2942927049097394,0.08181408,0.006693544
6988,0,1,0.2734697,0.07123017,0.144922448508256,0.12854724,0.016524391
6989,0,1,-0.13635683,-0.0688951,-0.1624767706264962,0.026119947,0.00068225164
6990,0,1,0.15038013,0.08737111,0.2035484689042692,0.05316834,0.0028268725
6991,0,1,-0.19076633,-0.1123364,-0.2596226093868639,0.06885627,0.004741186
6992,0,1,0.24111629,0.07958317,0.2077963115976593,0.03331998,0.001110221
6993,0,1,-0.19470286,-0.11497092,-0.1685351919407263,0.026167676,0.00068474724
6994,0,1,0.1560409,0.08755422,0.2609025568148087,0.10486165,0.010995965
6995,0,1,-0.24385142,-0.12982821,-0.2343308799941361,0.009520546,9.064079e-05
6996,0,1,0.21750283,0.08382273,0.3036744841485017,0.08617166,0.0074255546
6997,0,1,-0.2833345,-0.12611794,-0.2369329309340115,0.04640156,0.0021531049
6998,0,1,0.21993303,0.083458185,0.1044111297790317,0.1155219,0.0133453095
6999,0,1,-0.09868622,-0.04574895,-0.2421070587362526,0.14342085,0.020569539
7000,0,1,0.22476387,0.08268547,0.0509975173884256,0.17376634,0.030194743
7001,0,1,-0.04894042,-0.029546738,0.0549075418608446,0.103847966,0.0107844
7002,0,1,-0.05258417,-0.032878876,0.0892032749527063,0.14178744,0.020103678
7003,0,1,-0.084530115,-0.04462862,-0.064009341203151,0.020520777,0.00042110228
7004,0,1,0.058382034,0.06200123,0.27826906925287,0.21988705,0.048350316
7005,0,1,-0.2598946,-0.1292026,-0.3030250291714673,0.043130428,0.0018602338
7006,0,1,0.28161478,0.068662405,0.3501147002375857,0.06849992,0.004692239
7007,0,1,-0.32609057,-0.111875296,-0.243618858743003,0.08247171,0.0068015833
7008,0,1,0.22617555,0.08244681,0.2378281829172834,0.011652634,0.00013578386
7009,0,1,-0.22251225,-0.12664199,-0.2315942183099566,0.009081975,8.2482264e-05
7010,0,1,0.21494794,0.084187746,0.1130176537696829,0.10193028,0.0103897825
7011,0,1,-0.106693745,-0.0463171,-0.0059279344459866,0.10076581,0.010153748
7012,0,1,0.004152775,0.017348051,-0.0757689967267887,0.079921775,0.00638749
7013,0,1,0.06936598,0.07063842,0.1279221459427617,0.05855617,0.003428825
7014,0,1,-0.1205554,-0.053783894,-0.0040814096043662,0.11647399,0.013566189
7015,0,1,0.0024294853,0.01587534,-0.136809997057302,0.13923948,0.01938763
7016,0,1,0.12639761,0.08561373,0.1226938002652557,0.0037038103,1.37182105e-05
7017,0,1,-0.11569333,-0.048903704,-0.2258107695488345,0.110117435,0.01212585
7018,0,1,0.2095468,0.08489895,0.1910864909733045,0.018460318,0.00034078336
7019,0,1,-0.17921233,-0.10421467,-0.1245625137961123,0.054649815,0.0029866023
7020,0,1,0.11495352,0.08421922,-0.0272526596871292,0.14220618,0.020222597
7021,0,1,0.024057627,0.03412366,-0.0174686631438052,0.041526288,0.0017244326
7022,0,1,0.014923334,0.026481628,0.066103770108203,0.051180437,0.0026194372
7023,0,1,-0.06301689,-0.04249549,-0.0924995794324878,0.029482685,0.00086922874
7024,0,1,0.084995985,0.07888341,0.1474300207139069,0.062434033,0.0038980085
7025,0,1,-0.13868666,-0.071027994,-0.1150478144984497,0.023638844,0.00055879494
7026,0,1,0.10606313,0.082889795,0.1210409100555027,0.014977783,0.00022433398
7027,0,1,-0.11415601,-0.047338486,-0.0467773528686623,0.067378655,0.004539883
7028,0,1,0.042288065,0.0490973,0.1850689467930215,0.14278089,0.020386381
7029,0,1,-0.17363024,-0.10007882,-0.2614531049439628,0.087822855,0.0077128536
7030,0,1,0.24282598,0.07921481,-0.0228264274430012,0.26565242,0.07057121
7031,0,1,0.019925594,0.03067851,0.0287480844944565,0.0088224895,7.7836325e-05
7032,0,1,-0.02819705,-0.01085639,-0.0368310882369433,0.008634038,7.454662e-05
7033,0,1,0.033000708,0.041516304,-0.011330980053041,0.04433169,0.0019652986
7034,0,1,0.009195328,0.0216403,-0.0819901087633123,0.091185436,0.008314784
7035,0,1,0.07517791,0.075151205,-0.160557763908038,0.23573567,0.055571306
7036,0,1,0.14858747,0.08729339,0.2870112829571467,0.13842383,0.019161157
7037,0,1,-0.26796412,-0.12843251,-0.2487504416687285,0.019213676,0.00036916535
7038,0,1,0.2309668,0.08159685,0.2329154496756489,0.0019486398,3.7971968e-06
7039,0,1,-0.21796656,-0.12509775,-0.2498031602763322,0.0318366,0.0010135691
7040,0,1,0.2319498,0.08141446,0.2794956747642683,0.04754588,0.0022606107
7041,0,1,-0.26102686,-0.12911367,-0.2454622149032186,0.01556465,0.00024225833
7042,0,1,0.22789693,0.08214879,0.1341414269284313,0.0937555,0.0087900935
7043,0,1,-0.12633705,-0.05944395,-0.1067165332373005,0.019620515,0.00038496463
7044,0,1,0.09827852,0.08155012,0.1079374675488433,0.009658948,9.329527e-05
7045,0,1,-0.10196686,-0.045987844,-0.05582979977784,0.046137057,0.002128628
7046,0,1,0.05074215,0.055912256,0.0883121100229531,0.037569962,0.0014115021
7047,0,1,-0.08370042,-0.044558525,0.0945074492578972,0.17820787,0.031758048
7048,0,1,-0.08946824,-0.045036077,-0.0052680288028232,0.08420021,0.0070896754
7049,0,1,0.0035369396,0.0168221,0.042492725592591,0.038955785,0.0015175532
7050,0,1,-0.04101205,-0.022347927,-0.0237549034356887,0.017257145,0.00029780905
7051,0,1,0.020792484,0.03140378,-0.0251272316569282,0.045919716,0.0021086202
7052,0,1,0.022073984,0.03247261,0.0998224999686385,0.077748515,0.0060448316
7053,0,1,-0.09441519,-0.04542637,-0.1402933580700072,0.045878172,0.0021048067
7054,0,1,0.1296525,0.08594489,0.1131314431459604,0.016521059,0.00027294538
7055,0,1,-0.106799364,-0.04632449,-0.2358356400088914,0.12903628,0.01665036
7056,0,1,0.21890783,0.083613396,0.1759028723091318,0.04300496,0.0018494265
7057,0,1,-0.16512585,-0.093512535,-0.1270890615361595,0.03803678,0.0014467966
7058,0,1,0.11731458,0.08453679,0.0834004402990942,0.033914134,0.0011501685
7059,0,1,-0.079126835,-0.04416156,-0.0607074785800949,0.018419355,0.00033927264
7060,0,1,0.055297613,0.059551,0.1480527655037091,0.092755154,0.008603519
7061,0,1,-0.13926554,-0.07155323,-0.1575664135303722,0.018300876,0.00033492205
7062,0,1,0.145792,0.087156296,0.1078331583396003,0.037958845,0.001440874
7063,0,1,-0.10187054,-0.045979977,-0.1327322444121104,0.030861706,0.00095244485
7064,0,1,0.12258744,0.08518934,0.0667708540183031,0.05581659,0.0031154917
7065,0,1,-0.06363797,-0.04270172,-0.1010988730036834,0.0374609,0.0014033191
7066,0,1,0.0930295,0.08055377,0.1029007587612964,0.009871259,9.744176e-05
7067,0,1,-0.09727979,-0.04564452,-0.0607816084919119,0.036498178,0.001332117
7068,0,1,0.055366993,0.059606314,0.0478651594173538,0.007501833,5.6277502e-05
7069,0,1,-0.046020508,-0.026887417,-0.1712951217744835,0.12527461,0.015693728
7070,0,1,0.15862012,0.0876081,0.1219903028135989,0.03662982,0.0013417436
7071,0,1,-0.11503887,-0.04823947,-0.214497237932191,0.09945837,0.009891966
7072,0,1,0.19897914,0.08605409,0.2469491204934857,0.047969982,0.0023011193
7073,0,1,-0.23095107,-0.12926102,-0.3508751578231357,0.1199241,0.01438179
7074,0,1,0.3262155,0.051285267,0.3248886330590568,0.001326859,1.7605548e-06
7075,0,1,-0.302881,-0.12132597,-0.2129722338082436,0.089908764,0.008083586
7076,0,1,0.1975553,0.086187124,0.118643441453961,0.07891186,0.006227082
7077,0,1,-0.111926794,-0.046662807,-0.1086733420405674,0.0032534525,1.0584953e-05
7078,0,1,0.10010719,0.0818789,0.0790587799577053,0.021048412,0.00044303565
7079,0,1,-0.07508421,-0.04379821,-0.0597944762722386,0.015289731,0.00023377588
7080,0,1,0.05444479,0.058871984,0.1433277946220585,0.088883,0.007900187
7081,0,1,-0.1348753,-0.06752634,0.0775897368400904,0.21246503,0.04514139
7082,0,1,-0.07371616,-0.043672085,-0.061399857773067,0.012316305,0.00015169138
7083,0,1,0.055943727,0.06006527,-0.0017943408177396,0.05773807,0.0033336848
7084,0,1,0.00029540062,0.014045715,-0.1169465664374684,0.117241964,0.013745678
7085,0,1,0.10783696,0.0831728,0.1326213736691341,0.024784416,0.00061426725
7086,0,1,-0.12492466,-0.058075905,-0.2526879869765377,0.12776333,0.01632347
7087,0,1,0.23464346,0.080901146,0.1455908265654928,0.08905263,0.007930371
7088,0,1,-0.13697791,-0.06946635,-0.1437467102228065,0.006768793,4.5816556e-05
7089,0,1,0.13287973,0.08624411,0.2966974927695607,0.16381776,0.02683626
7090,0,1,-0.27690077,-0.12722111,-0.2649954690182698,0.011905313,0.00014173647
7091,0,1,0.24613094,0.0784812,0.3795724533234099,0.13344151,0.017806636
7092,0,1,-0.35314488,-0.09760785,-0.2137615519649442,0.13938333,0.019427713
7093,0,1,0.19829297,0.08611846,0.295522848407078,0.09722987,0.009453647
7094,0,1,-0.2758174,-0.12738872,-0.2692177574967398,0.006599635,4.355518e-05
7095,0,1,0.25007248,0.07756543,0.3066653585100551,0.05659288,0.0032027543
7096,0,1,-0.28609157,-0.12558532,-0.2279218881408309,0.058169678,0.0033837114
7097,0,1,0.21151829,0.08464813,0.2334153685285986,0.021897078,0.000479482
7098,0,1,-0.21842885,-0.12525916,-0.234227848430033,0.015799,0.00024960842
7099,0,1,0.21740699,0.083836794,0.3850098241401798,0.16760284,0.028090712
7100,0,1,-0.35813165,-0.09459138,-0.3498703643501661,0.008261293,6.824896e-05
7101,0,1,0.3252797,0.051707745,0.3513380581107297,0.026058346,0.0006790374
7102,0,1,-0.32721472,-0.11135268,-0.4609808947803739,0.13376617,0.017893389
7103,0,1,0.4285767,-0.009799957,0.4800720849987447,0.051495373,0.0026517734
7104,0,1,-0.44501495,-0.022477388,-0.3849966862059895,0.06001827,0.003602193
7105,0,1,0.35798144,0.03548479,0.3712381273480454,0.013256669,0.00017573927
7106,0,1,-0.34549546,-0.10199928,-0.4284520381479311,0.08295658,0.0068817944
7107,0,1,0.39838147,0.01128149,0.5454844805087595,0.14710301,0.021639297
7108,0,1,-0.5044172,0.048609972,-0.494643410174004,0.009773761,9.5526404e-05
7109,0,1,0.45977712,-0.03425789,0.5099076467692565,0.050130546,0.0025130718
7110,0,1,-0.47214937,0.0077655315,-0.5912110966162678,0.11906171,0.014175691
7111,0,1,0.5489671,-0.11896944,0.4380981392925651,0.11086899,0.012291933
7112,0,1,-0.4067297,-0.058853865,-0.356851175703015,0.049878508,0.0024878655
7113,0,1,0.33178067,0.048722506,0.4566211369104458,0.12484047,0.015585142
7114,0,1,-0.42364025,-0.043686867,-0.3224788385960146,0.10116142,0.010233633
7115,0,1,0.29975414,0.062271833,0.1781382585567619,0.12161589,0.014790424
7116,0,1,-0.16720057,-0.09514332,-0.1972442944219077,0.030043736,0.0009026261
7117,0,1,0.18286347,0.08721781,0.2604345381752577,0.077571064,0.00601727
7118,0,1,-0.2434187,-0.1298275,-0.2015636373752172,0.041855052,0.0017518454
7119,0,1,0.186898,0.08699489,0.0937528495201371,0.09314515,0.008676019
7120,0,1,-0.08876562,-0.044979334,-0.125063615729744,0.036297992,0.0013175443
7121,0,1,0.11542153,0.08428359,0.2186762157303183,0.103254676,0.010661528
7122,0,1,-0.20478249,-0.12008333,-0.2939295257031724,0.08914703,0.007947193
7123,0,1,0.27313042,0.07133293,0.1648703814336354,0.108260036,0.011720235
7124,0,1,-0.15488553,-0.08517599,-0.1049824158863068,0.049903117,0.0024903212
7125,0,1,0.09665799,0.08124995,-0.10438939869683,0.20104739,0.04042005
7126,0,1,0.09610462,0.08114624,0.0361927976119318,0.059911825,0.0035894266
7127,0,1,-0.035138845,-0.01705885,-0.0585868968468714,0.02344805,0.00054981105
7128,0,1,0.05331683,0.05797243,0.2339296432324826,0.18061282,0.03262099
7129,0,1,-0.21890521,-0.12542462,-0.1163320828707834,0.10257313,0.010521246
7130,0,1,0.10726285,0.08308244,0.0323115563700566,0.07495129,0.005617696
7131,0,1,-0.03151989,-0.013819456,0.0314016185566576,0.06292151,0.0039591165
7132,0,1,-0.03067112,-0.013061762,-0.0292508152220061,0.0014203042,2.017264e-06
7133,0,1,0.025922775,0.035674572,-0.0815063029692706,0.10742908,0.011541007
7134,0,1,0.07472563,0.074801445,0.2168119801974044,0.14208636,0.020188533
7135,0,1,-0.20305538,-0.11936736,-0.119066328568969,0.083989054,0.0070541613
7136,0,1,0.10981774,0.08347845,0.2642394266985106,0.15442169,0.023846058
7137,0,1,-0.24693513,-0.12980199,-0.2038411721652671,0.04309395,0.0018570885
7138,0,1,0.1890254,0.08685899,0.326364232637923,0.13733882,0.018861951
7139,0,1,-0.3042395,-0.12084341,-0.3441361203898836,0.039896607,0.0015917392
7140,0,1,0.3199377,0.05407095,0.3066160421463664,0.013321668,0.00017746683
7141,0,1,-0.28604603,-0.1255939,-0.0761998941727797,0.20984614,0.0440354
7142,0,1,0.06976867,0.07095122,0.1140055148903598,0.044236846,0.0019568985
7143,0,1,-0.107611895,-0.04637909,0.0204412961172488,0.12805319,0.01639762
7144,0,1,-0.020449877,-0.003996134,-0.0547066182536206,0.03425674,0.0011735243
7145,0,1,0.04969287,0.055071115,0.0174299649813387,0.032262906,0.0010408951
7146,0,1,-0.017639875,-0.0015258789,-0.0708190115944198,0.053179137,0.0028280206
7147,0,1,0.06474185,0.067019224,0.0112518172577367,0.05349003,0.0028611834
7148,0,1,-0.0118768215,0.003516674,-0.1670315706903244,0.15515475,0.024072997
7149,0,1,0.15463614,0.087516546,0.3158327048190785,0.16119656,0.02598433
7150,0,1,-0.2945404,-0.12372923,-0.313069730656637,0.018529326,0.0003433359
7151,0,1,0.29098177,0.06547904,0.5093508953608912,0.21836913,0.047685076
7152,0,1,-0.47164512,0.0071673393,-0.5410361660648579,0.06939107,0.0048151207
7153,0,1,0.50268745,-0.07229757,0.41592597482465,0.086761475,0.0075275535
7154,0,1,-0.38645625,-0.07517052,-0.2585058176642723,0.12795043,0.016371312
7155,0,1,0.24007392,0.07980275,0.0246363656885244,0.21543756,0.046413343
7156,0,1,-0.024362087,-0.0074527264,0.1518147290254119,0.17617682,0.031038271
7157,0,1,-0.14276052,-0.07469654,-0.0984301033208723,0.04433041,0.0019651854
7158,0,1,0.090536356,0.080052376,0.2029762987049017,0.112439945,0.012642741
7159,0,1,-0.19023585,-0.1119771,-0.258092585038709,0.06785673,0.0046045356
7160,0,1,0.23968863,0.07988429,0.2280684409165227,0.011620194,0.0001350289
7161,0,1,-0.21348023,-0.123479605,-0.2813521263641152,0.0678719,0.004606595
7162,0,1,0.2613964,0.07469201,0.2956877544137208,0.034291357,0.0011758972
7163,0,1,-0.27596903,-0.12736535,-0.4386089379885782,0.16263992,0.026451742
7164,0,1,0.40781355,0.0049705505,0.33240660392886,0.07540694,0.0056862063
7165,0,1,-0.30980158,-0.11877632,-0.5223593005625276,0.21255773,0.04518079
7166,0,1,0.48542547,-0.05638528,0.5261221129987512,0.04069662,0.0016562149
7167,0,1,-0.48686814,0.025735617,-0.47210395955647,0.01476419,0.0002179813
7168,0,1,0.43889117,-0.017586708,0.4012173102792076,0.03767386,0.0014193198
7169,0,1,-0.37298846,-0.08489251,-0.336320188900129,0.03666827,0.001344562
7170,0,1,0.3126552,0.057162523,0.2202999817993132,0.09235522,0.008529487
7171,0,1,-0.20628667,-0.120695114,-0.3229222666031273,0.11663559,0.013603861
7172,0,1,0.30016732,0.062115908,0.1993541058742973,0.10081321,0.010163303
7173,0,1,-0.18687844,-0.10967016,-0.0847627855214816,0.10211566,0.010427608
7174,0,1,0.077768326,0.077150345,0.1998661219701798,0.12209779,0.01490787
7175,0,1,-0.18735242,-0.109998226,-0.3189044723611602,0.13155204,0.017305939
7176,0,1,0.296422,0.06351638,0.2290272329602252,0.06739478,0.004542056
7177,0,1,-0.21436715,-0.12380695,-0.1369155877893515,0.07745156,0.0059987437
7178,0,1,0.12649655,0.08562422,0.1829947746124265,0.056498215,0.0031920483
7179,0,1,-0.17170668,-0.09862208,-0.3574453972180884,0.18573871,0.03449887
7180,0,1,0.33233476,0.04846263,0.3174984024054539,0.014836341,0.00022011701
7181,0,1,-0.29607487,-0.12335777,-0.2777146058499387,0.018360257,0.00033709905
7182,0,1,0.2580018,0.07559109,0.1728357643893461,0.08516604,0.007253254
7183,0,1,-0.1622796,-0.0912416,-0.0093743567122643,0.15290526,0.023380017
7184,0,1,0.0073690414,0.020089865,0.0374861451435264,0.030117102,0.00090703985
7185,0,1,-0.036344767,-0.018142462,-0.0879820814913712,0.051637314,0.0026664122
7186,0,1,0.0807755,0.07793546,0.0857680535717322,0.004992552,2.4925577e-05
7187,0,1,-0.08133173,-0.0443542,-0.0702664535969286,0.0110652745,0.0001224403
7188,0,1,0.06422591,0.066613436,0.2470173829153585,0.18279147,0.03341272
7189,0,1,-0.2310133,-0.12927938,-0.2838337831925419,0.052820474,0.0027900024
7190,0,1,0.26371193,0.074059725,0.3109922042272628,0.04728028,0.002235425
7191,0,1,-0.2900796,-0.12475133,-0.2936175251281718,0.003537923,1.25169e-05
7192,0,1,0.27283978,0.07142043,0.1941753482939079,0.07866444,0.0061880937
7193,0,1,-0.18207645,-0.10628438,-0.2183682205141437,0.036291763,0.0013170921
7194,0,1,0.20259547,0.08569431,0.152935852867142,0.049659625,0.0024660784
7195,0,1,-0.14380169,-0.075623035,-0.2638208427884696,0.12001917,0.0144046005
7196,0,1,0.24503565,0.07872796,0.2748145365707803,0.029778898,0.0008867828
7197,0,1,-0.25670433,-0.12942338,-0.1999607007082926,0.056743637,0.0032198403
7198,0,1,0.1854012,0.087082624,0.1128288747848516,0.07257233,0.005266743
7199,0,1,-0.10651755,-0.04630518,-0.2302550612696623,0.123737514,0.015310972
7200,0,1,0.21369672,0.08435917,0.2793630433666658,0.06566632,0.0043120654
7201,0,1,-0.26090407,-0.12912369,-0.1373318397059812,0.12357223,0.015270096
7202,0,1,0.12688494,0.085665464,-0.0273892811135163,0.15427423,0.023800537
7203,0,1,0.02418518,0.034230232,-0.132417954215823,0.15660313,0.02452454
7204,0,1,0.12229395,0.08515501,-0.0012823174790312,0.12357627,0.015271094
7205,0,1,-0.00018239021,0.013636112,-0.1134089782788581,0.113226585,0.01282026
7206,0,1,0.104531765,0.08263922,0.0879662174364348,0.016565546,0.00027441734
7207,0,1,-0.08337855,-0.044531107,-0.0279918274581887,0.055386726,0.0030676895
7208,0,1,0.024747849,0.03469801,0.0255763206880552,0.0008284729,6.8636734e-07
7209,0,1,-0.025238037,-0.0082297325,-0.1558247312501191,0.1305867,0.017052885
7210,0,1,0.1441648,0.08706665,0.0762044761249685,0.06796032,0.004618605
7211,0,1,-0.07242632,-0.04355192,-0.0310826974293827,0.041343622,0.0017092951
7212,0,1,0.02763319,0.037089825,0.0175327290913447,0.010100462,0.00010201932
7213,0,1,-0.017736912,-0.0016100407,0.1122128573592613,0.12994978,0.016886946
7214,0,1,-0.10594463,-0.046265364,0.0349759471037578,0.14092058,0.01985861
7215,0,1,-0.03400421,-0.016042233,-0.188481059709856,0.15447685,0.023863098
7216,0,1,0.17467618,0.087531805,0.1599077168774423,0.014768466,0.0002181076
7217,0,1,-0.15027738,-0.08127117,-0.0021784101564237,0.14809896,0.021933302
7218,0,1,0.00065374374,0.014353037,0.0710950098346328,0.07044127,0.004961972
7219,0,1,-0.06766653,-0.04309845,-0.1058591968447468,0.038192667,0.0014586798
7220,0,1,0.097477674,0.0814023,0.1393509862785702,0.041873306,0.0017533738
7221,0,1,-0.13117933,-0.06406784,-0.1581559705932922,0.026976645,0.00072773936
7222,0,1,0.14634347,0.08718467,0.0239091100938448,0.12243436,0.014990173
7223,0,1,-0.02368331,-0.0068523884,0.1118265455119735,0.13550985,0.018362919
7224,0,1,-0.105585575,-0.046241283,-0.189206906596,0.08362134,0.006992528
7225,0,1,0.17535496,0.08751392,0.201405206346922,0.026050255,0.00067861576
7226,0,1,-0.18877959,-0.11098218,-0.1025810618060667,0.08619853,0.007430187
7227,0,1,0.09441471,0.080822945,-0.0687402371538685,0.16315494,0.026619537
7228,0,1,0.062800646,0.06549168,-0.0374067321253845,0.10020737,0.010041518
7229,0,1,0.03353858,0.0419569,0.0544352943280519,0.020896714,0.00043667265
7230,0,1,-0.05214429,-0.03247547,-0.1138910194378222,0.06174673,0.0038126588
7231,0,1,0.104982376,0.08271408,0.1937466068958477,0.088764235,0.00787909
7232,0,1,-0.18167877,-0.10599923,-0.2187879514092148,0.03710918,0.0013770914
7233,0,1,0.20298743,0.085653305,0.226199483298132,0.023212045,0.00053879904
7234,0,1,-0.21174955,-0.1228323,-0.2928853561624769,0.08113581,0.0065830196
7235,0,1,0.27215767,0.071626425,0.3896756257025573,0.11751795,0.013810468
7236,0,1,-0.36241055,-0.09190798,-0.2698934830219373,0.09251705,0.008559404
7237,0,1,0.25070333,0.07741547,0.0674223192443133,0.183281,0.033591926
7238,0,1,-0.06424546,-0.042762995,-0.2696932313707907,0.20544776,0.042208783
7239,0,1,0.25051665,0.077459335,0.4186337658221575,0.1681171,0.028263362
7240,0,1,-0.38893342,-0.07328415,-0.4624500620021532,0.07351664,0.005404696
7241,0,1,0.4299395,-0.0108110905,0.6212903088779629,0.19135082,0.036615137
7242,0,1,-0.5728252,0.15305805,-0.6729106390992701,0.10008544,0.010017095
7243,0,1,0.62399364,-0.20680237,0.6718758969130563,0.04788226,0.0022927108
7244,0,1,-0.61819625,0.23597431,-0.3749601559055167,0.2432361,0.059163798
7245,0,1,0.34864163,0.04042554,0.1201508555083994,0.22849077,0.052208032
7246,0,1,-0.11332846,-0.0467515,-0.0495327475658915,0.06379571,0.004069892
7247,0,1,0.044861317,0.051179647,-0.0202015691095756,0.06506289,0.0042331796
7248,0,1,0.017475843,0.028626204,0.1682101804660329,0.15073434,0.02272084
7249,0,1,-0.15798593,-0.08774924,-0.1915947077253026,0.03360878,0.00112955
7250,0,1,0.17758584,0.087441444,0.0311521261027682,0.14643371,0.021442832
7251,0,1,-0.030438662,-0.012854576,-0.0676913216890686,0.037252657,0.0013877605
7252,0,1,0.061820984,0.06472039,0.0575086569330802,0.0043123253,1.8596149e-05
7253,0,1,-0.05500865,-0.035102367,0.0941470379903943,0.14915569,0.02224742
7254,0,1,-0.08913326,-0.04500866,0.0327117553426088,0.12184502,0.014846209
7255,0,1,-0.031892776,-0.014152288,-0.1120102799848541,0.0801175,0.006418814
7256,0,1,0.10322499,0.08242011,0.2343984700935792,0.13117348,0.01720648
7257,0,1,-0.21933866,-0.12557364,-0.2281587458668594,0.008820087,7.779393e-05
7258,0,1,0.2117393,0.08461976,0.314325857939703,0.10258657,0.010524004
7259,0,1,-0.29315162,-0.12405944,-0.2960725003994828,0.0029208958,8.531632e-06
7260,0,1,0.27512956,0.07072234,0.039896316178702,0.23523325,0.05533468
7261,0,1,-0.03859186,-0.020164251,-0.3407969875696808,0.30220512,0.091327935
7262,0,1,0.31682587,0.055410147,0.2714613126578356,0.04536456,0.0020579433
7263,0,1,-0.25360703,-0.12959266,-0.1882288059570771,0.065378234,0.0042743133
7264,0,1,0.17444062,0.087538004,0.1025445115807994,0.07189611,0.0051690512
7265,0,1,-0.09694862,-0.045619488,-0.0765061751481388,0.020442449,0.0004178937
7266,0,1,0.07005453,0.07117462,0.0303964820352349,0.039658047,0.0015727608
7267,0,1,-0.029733658,-0.0122253895,-0.1842654277630502,0.15453178,0.02388007
7268,0,1,0.17073774,0.08761668,0.0246227455885228,0.146115,0.021349594
7269,0,1,-0.024349213,-0.0074424744,-0.0275039050862297,0.0031546932,9.952089e-06
7270,0,1,0.02429223,0.034319878,0.1226308131955393,0.09833858,0.009670476
7271,0,1,-0.11563492,-0.048844576,-0.1571813172858838,0.041546404,0.0017261037
7272,0,1,0.14543271,0.087136984,0.1373762579044877,0.008056447,6.490634e-05
7273,0,1,-0.12934399,-0.0623281,-0.1842698801222742,0.05492589,0.0030168532
7274,0,1,0.17074251,0.08761692,0.0749333638211573,0.09580915,0.009179393
7275,0,1,-0.071242094,-0.043441057,0.0206249889868344,0.09186708,0.00843956
7276,0,1,-0.020620823,-0.0041480064,-0.0981577237070214,0.0775369,0.0060119713
7277,0,1,0.09028244,0.08000159,-0.0347604625479438,0.1250429,0.015635727
7278,0,1,0.031067133,0.03992629,-0.1968851098835906,0.22795224,0.051962223
7279,0,1,0.18252802,0.087234974,0.2934942869765011,0.110966265,0.012313512
7280,0,1,-0.27394605,-0.12766433,-0.3091792080779196,0.03523317,0.0012413763
7281,0,1,0.28735423,0.06674194,0.2621174303693898,0.025236815,0.0006368968
7282,0,1,-0.24497414,-0.12982321,-0.3151398413347577,0.070165694,0.0049232244
7283,0,1,0.29291153,0.06479192,0.3840192529420405,0.091107726,0.008300617
7284,0,1,-0.357224,-0.09514904,-0.4286655114979383,0.07144153,0.005103892
7285,0,0,0.39858007,0.011151791,-0.2001212414283406,0.5987013,0.35844323
7286,0,0,0.18555117,0.08707428,-0.2080939056720043,0.39364508,0.15495645
7287,0,0,0.19299865,0.08657098,-0.1007703477674111,0.293769,0.086300224
7288,0,0,0.09272289,0.08049226,-0.2155838858327503,0.30830678,0.09505307
7289,0,0,0.1999948,0.08595729,-0.3033477289609156,0.5033425,0.2533537
7290,0,0,0.28191543,0.06856418,-0.3811654303336396,0.6630809,0.43967625
7291,0,0,0.3544159,0.037400007,-0.3881867121186486,0.7426026,0.5514586
7292,0,0,0.36094904,0.033863306,-0.4948089074528674,0.85575795,0.7323217
7293,1,0,-0.5085659,-0.034384966,-0.3805767393959196,0.12798917,0.016381228
7294,1,0,-0.39383054,0.0376904,-0.2314470618149231,0.16238348,0.026368394
7295,1,0,-0.2432394,0.08420706,-0.1384742387769608,0.10476516,0.010975739
7296,1,0,-0.14897966,0.08577585,-0.1074108993800178,0.041568764,0.001727962
7297,1,0,-0.11743379,0.081668615,-0.1017066993750233,0.015727088,0.0002473413
7298,1,0,-0.11163831,0.08066392,-0.0594737811483119,0.052164525,0.0027211376
7299,1,0,-0.068706036,0.058633566,-0.0081372012247258,0.060568836,0.003668584
7300,1,0,-0.016469717,0.019106627,-0.0210713398056596,0.004601622,2.1174925e-05
7301,1,0,-0.029635191,0.029306889,-0.0576605590734344,0.028025366,0.0007854212
7302,1,0,-0.06686163,0.05728078,-0.1376621642572879,0.07080053,0.005012715
7303,1,0,-0.14815569,0.08569598,0.0780853990257197,0.22624108,0.051185027
7304,1,0,0.071367264,-0.043714285,0.0971692145392402,0.02580195,0.0006657406
7305,1,0,0.090821505,-0.045234203,0.3940722374693699,0.30325073,0.091961004
7306,1,0,0.39374232,-0.08929849,0.4886497457257897,0.09490743,0.00900742
7307,1,0,0.490175,-0.014156342,0.6232442173056989,0.13306922,0.017707417
7308,1,0,0.62719107,0.15606403,0.579109808943973,0.04808128,0.0023118095
7309,1,0,0.5822985,0.092010975,0.5364999221691815,0.0457986,0.0020975117
7310,1,0,0.5389221,0.03780389,0.4759699805526698,0.0629521,0.003962967
7311,1,0,0.47725272,-0.02634859,0.5373863711917557,0.060133636,0.003616054
7312,1,0,0.5398247,0.038855314,0.3008362422236521,0.23898849,0.0571155
7313,1,0,0.29861164,-0.12659001,0.4330544077157761,0.13444278,0.01807486
7314,1,0,0.4335003,-0.06274104,0.5001327276310708,0.06663245,0.0044398834
7315,1,0,0.5018766,-0.0025439262,0.4266497035045553,0.0752269,0.005659087
7316,1,0,0.4269688,-0.06752753,0.5352638274134369,0.10829502,0.011727812
7317,1,0,0.537663,0.03634143,0.4751763910084428,0.06248659,0.0039045739
7318,1,0,0.47644377,-0.027089357,0.4113974610442308,0.06504631,0.0042310227
7319,1,0,0.41141438,-0.0782578,0.5225705100258393,0.111156106,0.01235568
7320,1,0,0.52473474,0.021706104,0.5932013817994899,0.06846666,0.004687684
7321,1,1,0.5966358,0.11158681,-0.5546132301820346,1.151249,1.3253744
7322,1,1,-0.56838465,-0.08436561,0.5307783039861724,1.0991629,1.2081592
7323,1,1,0.53309464,0.031095505,-0.5689616921593323,1.1020563,1.214528
7324,0,1,0.52846193,-0.09757376,0.4173169981320117,0.11114493,0.012353196
7325,0,1,-0.3877282,-0.07420564,-0.178675444912836,0.20905277,0.04370306
7326,0,1,0.16551566,0.087662935,0.2515874652812213,0.08607179,0.007408353
7327,0,1,-0.23523998,-0.12966561,-0.329860427645829,0.09462044,0.008953027
7328,0,1,0.3066342,0.0596056,0.1782272104135267,0.12840697,0.01648835
7329,0,1,-0.16728306,-0.09520769,-0.0492419390172385,0.11804112,0.013933706
7330,0,1,0.04458952,0.05096078,0.2179417389869091,0.17335223,0.030050995
7331,0,1,-0.20410252,-0.11980152,-0.1981536907001095,0.0059488267,3.5388537e-05
7332,0,1,0.18371344,0.087174654,0.3259653165224758,0.14225188,0.020235596
7333,0,1,-0.3038721,-0.12097454,-0.2621778888069057,0.041694224,0.0017384083
7334,0,1,0.24350166,0.07906675,0.1968316471351832,0.04667002,0.0021780906
7335,0,1,-0.18454003,-0.10803318,-0.1399712687544392,0.044568762,0.0019863746
7336,0,1,0.12935138,0.085915804,0.0369643154018182,0.092387065,0.00853537
7337,0,1,-0.035858154,-0.017705202,-0.02556459475668,0.01029356,0.00010595738
7338,0,1,0.022481203,0.032812357,-0.0164480264780277,0.03892923,0.0015154851
7339,0,1,0.013971806,0.02567935,0.0183357390014284,0.0043639336,1.9043917e-05
7340,0,1,-0.018485308,-0.0022678375,-0.0378694208523811,0.019384112,0.0003757438
7341,0,1,0.033970118,0.04231286,0.0471151808570078,0.013145063,0.00017279269
7342,0,1,-0.04532051,-0.026252508,-0.2451140613900557,0.19979355,0.03991746
7343,0,1,0.22757173,0.08220601,0.1316294178565344,0.0959423,0.009204926
7344,0,1,-0.12400198,-0.05717635,-0.1245183129582216,0.0005163327,2.6659944e-07
7345,0,1,0.11491132,0.08421469,0.1406714864590683,0.025760174,0.00066358654
7346,0,1,-0.13240695,-0.06522322,-0.1655840404803061,0.033177093,0.0011007194
7347,0,1,0.15328383,0.08747625,0.1938051644815095,0.040521324,0.0016419777
7348,0,1,-0.18173361,-0.10603666,-0.0126570109731765,0.16907659,0.028586894
7349,0,1,0.01043272,0.02268958,0.0688914762761476,0.058458753,0.0034174258
7350,0,1,-0.065613985,-0.042898893,-0.0469373656064195,0.01867662,0.00034881613
7351,0,1,0.042437553,0.049218178,0.0482949801167467,0.0058574267,3.4309447e-05
7352,0,1,-0.046420574,-0.027252197,0.2784745212000796,0.32489508,0.105556816
7353,0,1,-0.26008296,-0.12918854,-0.1072971236863771,0.15278584,0.023343513
7354,0,1,0.0988214,0.08164883,0.0193902005411081,0.0794312,0.006309315
7355,0,1,-0.019469023,-0.0031335354,-0.0156344494198359,0.0038345736,1.4703955e-05
7356,0,1,0.013212681,0.025039434,-0.0152653829079274,0.028478064,0.0008110001
7357,0,1,0.012867212,0.024748087,0.0360607125173491,0.023193501,0.0005379385
7358,0,1,-0.035015583,-0.0169487,-0.1180994505382178,0.08308387,0.006902929
7359,0,1,0.10891485,0.08334088,-0.0936412979969976,0.20255615,0.04102899
7360,0,1,0.08606291,0.07911396,0.1103578723174285,0.024294965,0.0005902453
7361,0,1,-0.10421896,-0.04614663,-0.0690415103421058,0.035177447,0.0012374527
7362,0,1,0.06308174,0.06571388,0.1528973841618248,0.08981565,0.008066851
7363,0,1,-0.14376616,-0.075591564,-0.087650536563776,0.056115627,0.0031489637
7364,0,1,0.08046579,0.07786465,-0.0180226105130758,0.098488405,0.009699966
7365,0,1,0.015441418,0.02691698,0.1180921941761696,0.10265078,0.010537182
7366,0,1,-0.111413956,-0.04662919,-0.1388952738776701,0.027481318,0.0007552228
7367,0,1,0.12834525,0.08581567,0.153094364022774,0.024749115,0.0006125187
7368,0,1,-0.14394951,-0.07575297,-0.2029745294410649,0.05902502,0.003483953
7369,0,1,0.18821621,0.08691168,0.3054919081928027,0.117275685,0.013753586
7370,0,1,-0.28500986,-0.12579799,-0.3629993297178058,0.07798946,0.0060823555
7371,0,1,0.33750606,0.045994997,0.3740805311589397,0.036574483,0.0013376928
7372,0,1,-0.34810424,-0.10053277,-0.2126044945317504,0.13549975,0.01836018
7373,0,1,0.19721174,0.08621788,0.3324617222490036,0.13524997,0.018292556
7374,0,1,-0.30985188,-0.11875653,-0.148065181910423,0.1617867,0.026174938
7375,0,1,0.13691449,0.08657861,0.0573239484099619,0.079590544,0.0063346545
7376,0,1,-0.05483675,-0.03494358,0.0079292830086332,0.06276603,0.0039395746
7377,0,1,-0.008777142,0.006213665,-0.0108321324707532,0.0020549912,4.222989e-06
7378,0,1,0.008729935,0.021245241,0.3385990180323204,0.3298691,0.10881362
7379,0,1,-0.31550002,-0.116506815,-0.1947160075028691,0.120784014,0.014588778
7380,0,1,0.18050098,0.08732748,0.111615467561795,0.06888552,0.0047452147
7381,0,1,-0.10538864,-0.04622817,0.0333121008251842,0.13870074,0.019237895
7382,0,1,-0.032452345,-0.014653444,0.1032309602960901,0.1356833,0.018409958
7383,0,1,-0.097587824,-0.04566717,-0.0447167097894429,0.052871116,0.002795355
7384,0,1,0.04036331,0.04753518,0.1699040813588475,0.12954077,0.016780812
7385,0,1,-0.15955806,-0.08903861,-0.2152352424527444,0.05567719,0.0030999496
7386,0,1,0.19966912,0.08598852,0.2479006496866183,0.048231527,0.00232628
7387,0,1,-0.23183131,-0.1295054,-0.2125931963875116,0.019238114,0.00037010503
7388,0,1,0.19720101,0.08621907,0.2846999716048519,0.08749896,0.0076560685
7389,0,1,-0.26583123,-0.12866616,-0.270227625049193,0.004396379,1.9328148e-05
7390,0,1,0.25101495,0.0773406,0.2252216641616082,0.025793284,0.0006652935
7391,0,1,-0.2108438,-0.12248683,-0.2120727069033243,0.0012288988,1.5101922e-06
7392,0,1,0.1967156,0.08626199,0.2110355131577881,0.0143199265,0.00020506029
7393,0,1,-0.19770408,-0.11693168,-0.2798444162383386,0.08214033,0.0067470334
7394,0,1,0.25998974,0.075068,0.2041755137890146,0.05581422,0.0031152272
7395,0,1,-0.19134712,-0.112730265,-0.2688693062241944,0.07752219,0.0060096895
7396,0,1,0.24974728,0.07764244,0.3219903730699163,0.072243094,0.0052190647
7397,0,1,-0.3002119,-0.12224841,-0.3996630169972217,0.099451125,0.0098905265
7398,0,1,0.371624,0.027824163,0.3009154882987719,0.07070851,0.004999694
7399,0,1,-0.2807908,-0.12657714,-0.2685620995929705,0.012228698,0.00014954104
7400,0,1,0.24946046,0.07771087,0.2294611948947444,0.019999266,0.00039997062
7401,0,1,-0.21476936,-0.12395406,-0.2795580670052158,0.0647887,0.0041975756
7402,0,1,0.2597227,0.07513976,0.1865778345623323,0.07314487,0.0053501716
7403,0,1,-0.17503023,-0.101129055,-0.070205186528808,0.10482504,0.0109882895
7404,0,1,0.06416893,0.066568375,0.0058346398503608,0.05833429,0.0034028895
7405,0,1,-0.006823063,0.007908106,0.1128794470137051,0.11970251,0.014328691
7406,0,1,-0.10656476,-0.04630828,-0.1173406714178733,0.010775909,0.00011612021
7407,0,1,0.10820508,0.08323002,0.141896557799388,0.03369148,0.0011351159
7408,0,1,-0.1335454,-0.06628895,-0.2040624301636415,0.07051703,0.004972652
7409,0,1,0.18923259,0.08684492,0.1301093955334993,0.05912319,0.0034955514
7410,0,1,-0.122588634,-0.055791855,-0.0410384011048652,0.08155023,0.0066504404
7411,0,1,0.036928892,0.04473543,0.1016183253875873,0.064689435,0.004184723
7412,0,1,-0.09608674,-0.0455544,-0.1239267203077818,0.027839981,0.0007750645
7413,0,1,0.11435866,0.084138155,0.1503193992372602,0.035960734,0.0012931743
7414,0,1,-0.14137101,-0.07345462,-0.081990445842726,0.05938057,0.003526052
7415,0,1,0.07517815,0.07515192,0.0262349518335711,0.04894319,0.002395436
7416,0,1,-0.025852919,-0.008774281,-0.0582625759631163,0.032409657,0.0010503859
7417,0,1,0.05301428,0.05772996,-0.0194939571764565,0.07250824,0.0052574445
7418,0,1,0.016814709,0.028070927,-0.0474123702680961,0.064227074,0.004125117
7419,0,1,0.042881012,0.04957795,0.1981326813026949,0.15525167,0.02410308
7420,0,1,-0.18574524,-0.10888028,-0.1591816907823742,0.026563555,0.0007056224
7421,0,1,0.14730167,0.08723307,0.0322800680758676,0.1150216,0.013229969
7422,0,1,-0.03149104,-0.013792992,-0.1199599597658642,0.08846892,0.007826749
7423,0,1,0.11065292,0.08360314,0.1887773759085673,0.07812445,0.0061034295
7424,0,1,-0.17707038,-0.102644205,-0.220096832582584,0.043026447,0.0018512752
7425,0,1,0.2042098,0.08552146,0.0516321236549996,0.15257768,0.02327995
7426,0,1,-0.04953122,-0.030086279,-0.0145637369248401,0.034967486,0.001222725
7427,0,1,0.012212515,0.024195433,-0.01208189172447,0.024294406,0.0005902182
7428,0,1,0.009896278,0.022234678,0.0070496564308699,0.002846622,8.103257e-06
7429,0,1,-0.007956266,0.006925583,-0.0066431515928626,0.001313115,1.724271e-06
7430,0,1,0.0048208237,0.017918825,0.149765348755142,0.14494452,0.021008914
7431,0,1,-0.14085674,-0.07299185,-0.0013787330329955,0.13947801,0.019454116
7432,0,1,-9.250641e-05,0.013712883,0.1673613113015428,0.16745381,0.028040778
7433,0,1,-0.15719819,-0.08709836,-0.1131041069062268,0.044094086,0.0019442884
7434,0,1,0.10424638,0.08259177,0.1364044923830261,0.03215812,0.0010341448
7435,0,1,-0.1284411,-0.06146598,-0.229985063127434,0.10154396,0.010311176
7436,0,1,0.21344471,0.0843935,0.2979676119949483,0.0845229,0.007144121
7437,0,1,-0.27807212,-0.12703514,-0.1673213063437684,0.11075081,0.012265742
7438,0,1,0.15490675,0.08752394,0.1247794697370645,0.03012728,0.00090765295
7439,0,1,-0.117633104,-0.050863028,-0.1788370240967585,0.061203927,0.0037459207
7440,0,1,0.16566682,0.08766341,0.3017105086386276,0.1360437,0.018507889
7441,0,1,-0.28152394,-0.12644792,-0.3353159754634007,0.05379203,0.0028935825
7442,0,1,0.31171846,0.057549715,0.1456629730735472,0.16605549,0.027574424
7443,0,1,-0.13704586,-0.06952858,-0.0649583221543186,0.07208754,0.0051966137
7444,0,1,0.059267998,0.062702894,0.1221033109089915,0.06283531,0.0039482764
7445,0,1,-0.115144014,-0.048345804,-0.0198846959205645,0.095259316,0.009074338
7446,0,1,0.01717925,0.028377533,0.0405763084603871,0.023397058,0.0005474223
7447,0,1,-0.03922558,-0.020734549,0.0972902649270426,0.13651584,0.018636575
7448,0,1,-0.09205818,-0.045242786,-0.1641717888627258,0.0721136,0.0052003716
7449,0,1,0.15196419,0.08743143,0.122616663771486,0.029347524,0.00086127716
7450,0,1,-0.115621805,-0.048831224,-0.0613426475990808,0.054279156,0.0029462269
7451,0,1,0.05589056,0.06002283,0.026711592419955,0.029178968,0.00085141213
7452,0,1,-0.02629733,-0.009168625,-0.0540812699160921,0.027783938,0.0007719472
7453,0,1,0.04910922,0.054602146,0.2640581689897066,0.21494895,0.04620305
7454,0,1,-0.24676776,-0.12980461,-0.3575388353978224,0.11077109,0.0122702345
7455,0,1,0.33242154,0.048422575,0.1231828297648638,0.20923871,0.043780837
7456,0,1,-0.116147995,-0.049364805,0.0614813393312312,0.17762934,0.03155218
7457,0,1,-0.0587101,-0.03851056,-0.014235610651045,0.044474486,0.00197798
7458,0,1,0.011906624,0.023936987,-0.1025626983672194,0.11446932,0.013103225
7459,0,1,0.094397545,0.08082008,-0.1357288079728058,0.23012635,0.05295814
7460,0,1,0.12538743,0.08550453,0.1552970405715505,0.02990961,0.0008945848
7461,0,1,-0.14599538,-0.07755709,-0.156943035669903,0.01094766,0.000119851255
7462,0,1,0.14520955,0.08712602,0.1326878610765773,0.012521684,0.00015679258
7463,0,1,-0.12498641,-0.058135033,-0.2271742843098088,0.10218787,0.010442361
7464,0,1,0.21081972,0.08473945,0.1466405947548374,0.06417912,0.00411896
7465,0,1,-0.13795376,-0.07035923,-0.0527817780296651,0.08517198,0.0072542666
7466,0,1,0.04789567,0.053626776,-0.0124957863028973,0.060391456,0.003647128
7467,0,1,0.0102825165,0.02256155,-0.0516430390445714,0.061925557,0.0038347745
7468,0,1,0.046832323,0.052770376,-0.1375919797261611,0.1844243,0.03401232
7469,0,1,0.12712789,0.08569074,0.1259743925205367,0.0011534989,1.3305597e-06
7470,0,1,-0.11874437,-0.051977873,-0.1173631684207849,0.0013812035,1.9077231e-06
7471,0,1,0.10822654,0.08323431,0.2225962857079246,0.11436975,0.0130804395
7472,0,1,-0.20841336,-0.12154269,-0.1465396830363143,0.061873674,0.0038283516
7473,0,1,0.13548875,0.086466074,-0.020471485384371,0.15596023,0.024323594
7474,0,1,0.017727137,0.028837204,-0.000911687150594,0.018638823,0.00034740573
7475,0,1,-0.00052785873,0.013338804,-0.1744179064501443,0.17389005,0.030237751
7476,0,1,0.16153789,0.087646484,0.1107736162308223,0.05076427,0.002577011
7477,0,1,-0.10460591,-0.046173334,-0.102664966382775,0.0019409433,3.767261e-06
7478,0,1,0.09449339,0.08083868,0.1312495757766032,0.036756188,0.0013510174
7479,0,1,-0.12364864,-0.05682969,-0.0757257349268734,0.04792291,0.0022966051
7480,0,1,0.069325686,0.07060671,-0.0424954765090754,0.11182116,0.012503971
7481,0,1,0.038289785,0.04584527,0.1231157389259327,0.084825955,0.007195443
7482,0,1,-0.116086006,-0.049301863,-0.1262280879952291,0.010142088,0.000102861944
7483,0,1,0.116509676,0.084430695,0.188453916918756,0.07194424,0.0051759733
7484,0,1,-0.17677045,-0.102422714,-0.2183322020087517,0.041561753,0.0017273793
7485,0,1,0.2025621,0.08569789,0.2864178151322059,0.08385572,0.0070317816
7486,0,1,-0.26741648,-0.12849498,-0.2889257538969798,0.02150929,0.00046264954
7487,0,1,0.26846242,0.07271528,-0.0119476460245966,0.28041005,0.0786298
7488,0,1,0.009771347,0.022128582,-0.0056669430445452,0.01543829,0.00023834081
7489,0,1,0.003909111,0.017140388,0.1230360186312182,0.11912691,0.0141912205
7490,0,1,-0.11601162,-0.049227,-0.0739972439662968,0.042014375,0.0017652077
7491,0,1,0.06771135,0.069345236,0.0594470263129709,0.008264326,6.829908e-05
7492,0,1,-0.056815386,-0.036763668,-0.0700170501745445,0.013201661,0.00017428386
7493,0,1,0.06399393,0.06643057,-0.0435022637826203,0.107496195,0.011555431
7494,0,1,0.039228916,0.0466125,0.1374115495763996,0.09818263,0.009639829
7495,0,1,-0.12937641,-0.062359333,-0.1529866498597276,0.023610234,0.0005574432
7496,0,1,0.14151311,0.08690548,0.1610094513453885,0.019496337,0.00038010714
7497,0,1,-0.15129995,-0.08214712,-0.2629502247712527,0.11165026,0.012465781
7498,0,1,0.24422264,0.07890916,0.2808021447276911,0.03657949,0.0013380591
7499,0,1,-0.26223302,-0.12901092,-0.0272210021454468,0.23501202,0.05523065
7500,0,1,0.024028778,0.034099817,0.0621927943400337,0.038164016,0.0014564921
7501,0,1,-0.059372425,-0.03912282,-0.0546845994474147,0.004687827,2.1975722e-05
7502,0,1,0.04967308,0.055054903,0.1281624007368345,0.07848932,0.006160573
7503,0,1,-0.1207788,-0.054003716,-0.0669059204508712,0.053872876,0.0029022868
7504,0,1,0.06108713,0.06414127,-0.121018760372475,0.1821059,0.033162557
7505,0,1,0.11164212,0.08375001,-0.0515634661094406,0.1632056,0.026636066
7506,0,1,0.04675746,0.05271101,0.153621559712358,0.106864095,0.011419935
7507,0,1,-0.1444385,-0.076187134,-0.2288876168912672,0.08444911,0.0071316524
7508,0,1,0.21242023,0.084530115,0.2691266051956154,0.05670637,0.0032156124
7509,0,1,-0.25145078,-0.12968159,-0.1119863194962444,0.13946447,0.019450339
7510,0,1,0.10320234,0.08241725,0.201693654669548,0.09849131,0.009700539
7511,0,1,-0.18904686,-0.11116505,-0.2129099793899911,0.023863122,0.0005694486
7512,0,1,0.19749665,0.08619213,0.1300207542677074,0.0674759,0.004552997
7513,0,1,-0.12250638,-0.0557096,-0.1323875652425932,0.0098811835,9.7637785e-05
7514,0,1,0.12226486,0.08515167,-0.0031650214835972,0.12542988,0.015732655
7515,0,1,0.0015740395,0.015143156,-0.0563768924218215,0.057950933,0.0033583106
7516,0,1,0.05125308,0.056321383,0.0488715139747331,0.002381567,5.671861e-06
7517,0,1,-0.046958447,-0.027740955,0.1117474038867749,0.15870586,0.02518755
7518,0,1,-0.10551143,-0.046236277,-0.1027049415514502,0.0028064847,7.876356e-06
7519,0,1,0.09452987,0.08084607,0.0958280710753043,0.0012982041,1.6853338e-06
7520,0,1,-0.090697765,-0.045135498,-0.2627297235630954,0.17203197,0.029594999
7521,0,1,0.24401712,0.078954935,0.4065563018309026,0.16253918,0.026418986
7522,0,1,-0.37787843,-0.081465244,-0.4977599791187548,0.11988154,0.014371584
7523,0,1,0.46266246,-0.036655426,0.5014402027725353,0.03877777,0.0015037153
7524,0,1,-0.46445632,-0.0011878014,-0.2530872629822571,0.21136907,0.04467688
7525,0,1,0.23501539,0.08082843,-0.0032711487703069,0.23828654,0.056780476
7526,0,1,0.0016736984,0.015227318,-0.0566744751168801,0.058348175,0.0034045095
7527,0,1,0.051530838,0.056544304,-0.0811085436698739,0.13263938,0.017593205
7528,0,1,0.07435465,0.074514866,0.2287532061626453,0.15439856,0.023838915
7529,0,1,-0.21411347,-0.12371421,-0.2047467255765025,0.009366751,8.773602e-05
7530,0,1,0.18987179,0.08680129,0.1370278378619365,0.052843943,0.0027924823
7531,0,1,-0.12902021,-0.06201935,-0.1927821457293967,0.063761935,0.0040655844
7532,0,1,0.17869473,0.08740258,0.1640305668470083,0.014664158,0.00021503754
7533,0,1,-0.15410519,-0.08452129,-0.0430158346327642,0.11108935,0.012340844
7534,0,1,0.038775444,0.04624176,0.1396915660933135,0.10091612,0.010184063
7535,0,1,-0.13149667,-0.06436777,-0.0472918882155815,0.08420478,0.0070904447
7536,0,1,0.04276848,0.049487352,-0.1093729751443737,0.15214145,0.02314702
7537,0,1,0.1007607,0.08199477,0.1420885889024177,0.041327894,0.0017079948
7538,0,1,-0.1337235,-0.066455364,-0.1615479562849051,0.027824461,0.00077420066
7539,0,1,0.14951229,0.08733463,0.1384354874894033,0.011076808,0.00012269568
7540,0,1,-0.13032842,-0.06326461,-0.2013410196083787,0.0710126,0.0050427895
7541,0,1,0.18669033,0.08700657,0.1860911944701961,0.000599131,3.5895795e-07
7542,0,1,-0.17457867,-0.10079098,-0.2377781816519588,0.06319952,0.0039941794
7543,0,1,0.22072244,0.083336115,0.0636677924853783,0.15705465,0.024666162
7544,0,1,-0.060747623,-0.040393114,-0.055372262076593,0.005375363,2.8894527e-05
7545,0,1,0.05031514,0.05556941,0.1772479135100892,0.12693277,0.016111929
7546,0,1,-0.1663742,-0.09449649,-0.1224359706154794,0.043938234,0.0019305685
7547,0,1,0.11296582,0.08394098,-0.035204333996051,0.14817016,0.021954395
7548,0,1,0.031481266,0.040267467,-0.1284935824748143,0.15997484,0.02559195
7549,0,1,0.118626595,0.08470607,0.1838716807467881,0.06524509,0.004256922
7550,0,1,-0.17251992,-0.09924078,-0.1989369239734184,0.026417002,0.000697858
7551,0,1,0.1844449,0.08713555,-0.0647538404902876,0.24919873,0.062100008
7552,0,1,0.059077024,0.06255174,-0.0626897052982951,0.12176673,0.014827137
7553,0,1,0.05714941,0.06102419,0.1753273894255955,0.11817798,0.013966035
7554,0,1,-0.16459203,-0.09308839,-0.2677543610690027,0.10316235,0.01064247
7555,0,1,0.2487073,0.0778873,0.301740306092098,0.053033024,0.0028125017
7556,0,1,-0.28155136,-0.12644339,-0.3740894645086134,0.09253809,0.008563298
7557,0,1,0.347831,0.04084301,0.1986944595598534,0.14913656,0.022241713
7558,0,1,-0.18626642,-0.10924411,-0.204710787953942,0.01844436,0.00034019438
7559,0,1,0.18983817,0.08680415,0.3144053832590461,0.12456721,0.01551699
7560,0,1,-0.2932248,-0.12404156,-0.3567708039480775,0.063546,0.0040380945
7561,0,1,0.3317063,0.048757553,0.24982788892228,0.081878394,0.0067040715
7562,0,1,-0.23361278,-0.129596,-0.3260026343340518,0.09238985,0.008535884
7563,0,1,0.30303884,0.061015844,0.4341399337056333,0.1311011,0.017187499
7564,0,1,-0.40311265,-0.06191349,-0.4057464594007629,0.00263381,6.9369553e-06
7565,0,1,0.3772807,0.024496317,0.4493679340981655,0.07208723,0.0051965686
7566,0,1,-0.41702104,-0.04979253,-0.389350011308101,0.02767104,0.0007656864
7567,0,1,0.36203194,0.033265352,0.3573237658132164,0.004708171,2.2166872e-05
7568,0,1,-0.33271623,-0.10870767,-0.2423337337492896,0.09038249,0.0081689935
7569,0,1,0.2249763,0.08264947,0.1630936479599749,0.06188266,0.0038294636
7570,0,1,-0.15323544,-0.08378911,-0.3552295071658928,0.20199406,0.0408016
7571,0,1,0.33027077,0.049425602,0.3156564708811631,0.014614284,0.0002135773
7572,0,1,-0.2943778,-0.12376881,-0.3890665461597691,0.09468874,0.008965958
7573,0,1,0.361768,0.03341055,0.4308303591552302,0.06906235,0.0047696084
7574,0,1,-0.40008783,-0.064422846,-0.5580135015437513,0.15792567,0.024940515
7575,0,1,0.5183625,-0.08745408,0.2931063360055645,0.22525617,0.050740343
7576,0,1,-0.27358747,-0.12771487,-0.2710343086097904,0.002553165,6.5186514e-06
7577,0,1,0.2517686,0.07715869,0.1623273864522958,0.089441195,0.0079997275
7578,0,1,-0.152524,-0.08318663,-0.1781111860881021,0.025587186,0.0006547041
7579,0,1,0.16498804,0.087662935,0.2701407005400846,0.10515267,0.0110570835
7580,0,1,-0.2523873,-0.12964582,-0.4198257034268726,0.16743842,0.028035624
7581,0,1,0.39036727,0.016447783,0.3885310649562652,0.0018362105,3.371669e-06
7582,0,1,-0.36136103,-0.09257436,-0.2285209181392185,0.13284011,0.017646495
7583,0,1,0.21207714,0.08457494,0.1829586825586036,0.029118463,0.0008478849
7584,0,1,-0.1716733,-0.098596096,-0.244194520429668,0.072521225,0.005259328
7585,0,1,0.22671342,0.082354784,0.3428575918732632,0.11614418,0.013489471
7586,0,1,-0.31941724,-0.11485553,-0.4150127540930666,0.09559551,0.009138501
7587,0,1,0.38589454,0.019252062,0.3541130997658595,0.031781435,0.0010100596
7588,0,1,-0.32976484,-0.110143185,-0.2883466290239358,0.041418225,0.0017154693
7589,0,1,0.26792264,0.07287192,0.4000253515683845,0.1321027,0.017451122
7590,0,1,-0.37189627,-0.085642576,-0.3466462882439418,0.025249988,0.0006375619
7591,0,1,0.32227588,0.05304575,0.3295639505607055,0.0072880685,5.3115942e-05
7592,0,1,-0.30718446,-0.11976695,-0.3555298071873114,0.048345357,0.0023372737
7593,0,1,0.33055043,0.049296856,0.1912045728718068,0.13934585,0.019417267
7594,0,1,-0.17932153,-0.104295015,-0.1479489109928922,0.03137262,0.0009842414
7595,0,1,0.13680577,0.08657098,0.0782881979791341,0.058517575,0.0034243066
7596,0,1,-0.07436633,-0.04373169,-0.121971420014987,0.04760509,0.0022662445
7597,0,1,0.11253238,0.083878756,0.1509137367642412,0.038381353,0.0014731282
7598,0,1,-0.14192367,-0.07394862,-0.0832040420149557,0.058719628,0.0034479946
7599,0,1,0.07631183,0.07602739,0.0517760194545924,0.024535809,0.0006020059
7600,0,1,-0.04966569,-0.03020835,0.023969244138303,0.07363494,0.005422104
7601,0,1,-0.023739815,-0.0069019794,-0.1002363955953296,0.07649658,0.0058517265
7602,0,1,0.09222412,0.08039284,0.1698621009731331,0.077637985,0.0060276566
7603,0,1,-0.15952015,-0.089006186,0.0276483580110515,0.18716851,0.03503205
7604,0,1,-0.027170897,-0.009945154,0.0170817213102707,0.04425262,0.0019582943
7605,0,1,-0.017315626,-0.0012407303,-0.1339931577162936,0.11667754,0.013613648
7606,0,1,0.12376571,0.08532429,0.190563947894585,0.06679824,0.0044620046
7607,0,1,-0.17872691,-0.10386109,-0.2177738094560739,0.0390469,0.0015246603
7608,0,1,0.20203996,0.08575249,0.0650728951857302,0.13696706,0.018759977
7609,0,1,-0.06205654,-0.041605234,-0.1735536977979461,0.111497164,0.012431618
7610,0,1,0.1607306,0.087638855,0.1664432511162172,0.005712658,3.2634463e-05
7611,0,1,-0.1563456,-0.08639264,-0.2582519241508012,0.10190633,0.0103849
7612,0,1,0.23983693,0.0798533,0.1520654049887002,0.08777152,0.00770384
7613,0,1,-0.14299369,-0.0749042,-0.1350074463570383,0.007986248,6.378015e-05
7614,0,1,0.12471318,0.08543062,0.2576562484975269,0.13294306,0.017673858
7615,0,1,-0.24085093,-0.12981176,-0.3231373394831389,0.08228642,0.0067710546
7616,0,1,0.30036712,0.06204009,0.1919396806006066,0.108427435,0.011756509
7617,0,1,-0.18000293,-0.10478902,-0.3204878767956503,0.14048496,0.019736024
7618,0,1,0.29789782,0.062968254,0.3395552989844019,0.041657478,0.0017353455
7619,0,1,-0.31637955,-0.11614156,-0.4822871628312,0.16590762,0.02752534
7620,0,1,0.44832993,-0.024969816,0.4475128513173607,0.00081706047,6.675878e-07
7621,0,1,-0.41532826,-0.051319838,-0.3078034905082059,0.10752478,0.011561579
7622,0,1,0.28607106,0.06717825,0.2780570657011432,0.0080139935,6.422409e-05
7623,0,1,-0.25969863,-0.12921786,-0.3152796823572936,0.055581063,0.0030892545
7624,0,1,0.29304266,0.064745665,0.3131134399870219,0.020070791,0.00040283665
7625,0,1,-0.2920344,-0.12431574,-0.3976787384593669,0.105644345,0.011160728
7626,0,1,0.3697791,0.028892279,0.2589486244813845,0.110830486,0.012283397
7627,0,1,-0.24204588,-0.12982297,-0.3500601262566949,0.108014256,0.011667079
7628,0,1,0.3254559,0.051627636,0.2434332674444705,0.08202264,0.006727713
7629,0,1,-0.2276988,-0.1282897,-0.1634805861650794,0.06421822,0.00412398
7630,0,1,0.15131831,0.08740687,0.0839850906499295,0.06733322,0.0045337626
7631,0,1,-0.07967162,-0.044209957,-0.0681455334295453,0.011526085,0.00013285065
7632,0,1,0.06224513,0.06505442,0.0471952733801104,0.015049856,0.00022649817
7633,0,1,-0.04539585,-0.026320219,0.0455022896236765,0.09089814,0.008262472
7634,0,1,-0.043817997,-0.024888039,0.092502009143486,0.13632001,0.018583145
7635,0,1,-0.08760142,-0.04488468,0.0015086796472054,0.089110106,0.007940611
7636,0,1,-0.0027861595,0.011395454,0.1189727619938931,0.12175892,0.014825235
7637,0,1,-0.11223245,-0.04668188,-0.0757951441068165,0.036437303,0.001327677
7638,0,1,0.06939006,0.07065725,-0.1541574211336085,0.22354747,0.049973473
7639,0,1,0.14260697,0.08697462,0.1343027109222472,0.008304268,6.896087e-05
7640,0,1,-0.12648726,-0.05958867,-0.0588559427212143,0.06763131,0.0045739943
7641,0,1,0.053568363,0.058173418,-0.1138032601723639,0.16737163,0.028013263
7642,0,1,0.10490036,0.08270025,0.0168793681732357,0.088020995,0.007747696
7643,0,1,-0.017127037,-0.0010750294,0.1144465354707069,0.13157357,0.017311605
7644,0,1,-0.10802269,-0.046406746,-0.115536089312362,0.0075133964,5.6451125e-05
7645,0,1,0.10651851,0.082963705,-0.0228617690540633,0.12938027,0.016739255
7646,0,1,0.019959211,0.03070569,0.0007288185701095,0.019230392,0.00036980797
7647,0,1,-0.0020594597,0.012022972,-0.036257998826668,0.034198537,0.00116954
7648,0,1,0.032465696,0.04107666,0.2120407027501789,0.17957501,0.032247186
7649,0,1,-0.19863534,-0.11747098,-0.058666491709018,0.13996884,0.019591277
7650,0,1,0.053391457,0.05803132,0.1287550444778551,0.07536359,0.0056796707
7651,0,1,-0.12133002,-0.05454874,-0.1062000252036745,0.015129998,0.00022891685
7652,0,1,0.09779644,0.081460714,0.1358967283168928,0.038100287,0.0014516319
7653,0,1,-0.12796926,-0.061014175,-0.0959909101261047,0.031978354,0.0010226151
7654,0,1,0.08825779,0.079581976,0.1766736523475409,0.08841586,0.007817364
7655,0,1,-0.16584086,-0.094076395,-0.1803392804833703,0.014498413,0.00021020397
7656,0,1,0.16707039,0.08765721,0.2723560868358174,0.105285704,0.011085079
7657,0,1,-0.25443292,-0.12955117,-0.2444742679892622,0.009958655,9.91748e-05
7658,0,1,0.22697425,0.08230972,0.1783247712095867,0.048649475,0.0023667715
7659,0,1,-0.16737342,-0.0952785,-0.244806970046651,0.07743356,0.005995956
7660,0,1,0.22728491,0.0822556,0.2535344651408957,0.026249558,0.0006890393
7661,0,1,-0.237041,-0.1297288,-0.0257504248537596,0.21129057,0.044643704
7662,0,1,0.022655249,0.032957077,0.0226463876249694,8.860603e-06,7.851028e-11
7663,0,1,-0.022506237,-0.005811453,0.1895187077571063,0.21202494,0.044954576
7664,0,1,-0.1777575,-0.103150606,-0.2273340892524991,0.04957658,0.0024578373
7665,0,1,0.21096897,0.08471966,0.2812140997893104,0.07024512,0.0049343766
7666,0,1,-0.26261282,-0.12897778,-0.3504477358068896,0.087834924,0.0077149738
7667,0,1,0.32581735,0.051464796,0.3688385971743275,0.04302126,0.001850829
7668,0,1,-0.34329295,-0.10321212,-0.3252167252532993,0.018076241,0.00032675048
7669,0,1,0.30230665,0.06129837,0.3280134176150695,0.025706768,0.0006608379
7670,0,1,-0.30575824,-0.12029362,-0.3222540850197855,0.016495854,0.0002721132
7671,0,1,0.2995448,0.062351942,0.1869617187148442,0.112583086,0.012674951
7672,0,1,-0.17538643,-0.10139489,-0.3469008063408894,0.17151439,0.029417187
7673,0,1,0.32251287,0.052940607,0.3160456487669134,0.006467223,4.1824977e-05
7674,0,1,-0.2947359,-0.123682976,-0.3863771244233338,0.09164122,0.008398113
7675,0,1,0.3592658,0.03478527,0.3830932143220629,0.023827404,0.0005677452
7676,0,1,-0.35637426,-0.09566808,-0.3077043407991255,0.048669934,0.0023687624
7677,0,1,0.2859788,0.06720996,0.2492860716563312,0.036692724,0.001346356
7678,0,1,-0.23311162,-0.12957239,-0.3755357252286408,0.1424241,0.020284627
7679,0,1,0.3491776,0.040148973,0.1974636481637719,0.15171395,0.023017123
7680,0,1,-0.18512511,-0.10844493,-0.0703528360312373,0.114772275,0.013172675
7681,0,1,0.0643065,0.06667709,0.1547393284827056,0.09043284,0.008178098
7682,0,1,-0.1454773,-0.07710147,-0.2058481362636102,0.060370848,0.0036446392
7683,0,1,0.1909008,0.08672857,0.1220941578346321,0.06880665,0.004734355
7684,0,1,-0.11513615,-0.04833722,-0.0520480893783008,0.06308806,0.0039801034
7685,0,1,0.047210455,0.053075552,0.0909008245488114,0.04369037,0.0019088483
7686,0,1,-0.08611059,-0.044760942,0.008438413781485,0.09454901,0.008939515
7687,0,1,-0.009252548,0.0058014393,-0.1421444465516317,0.1328919,0.017660255
7688,0,1,0.13138127,0.08610964,0.2553616432396972,0.12398037,0.015371133
7689,0,1,-0.23872948,-0.1297729,-0.4200353311377731,0.18130586,0.032871813
7690,0,1,0.3905623,0.016324997,0.3731917879929898,0.017370522,0.00030173504
7691,0,1,-0.3472898,-0.10099435,-0.1492431517323447,0.19804665,0.03922248
7692,0,1,0.1380148,0.086661816,0.2495931922006162,0.111578405,0.01244974
7693,0,1,-0.23339558,-0.12958622,-0.0055025703440017,0.22789301,0.051935226
7694,0,1,0.0037555695,0.017009258,-0.0415844879226243,0.045340057,0.002055721
7695,0,1,0.037438393,0.04515171,0.1172570760649662,0.07981868,0.0063710217
7696,0,1,-0.11063719,-0.04657936,-0.1630830689369902,0.052445874,0.0027505697
7697,0,1,0.15094686,0.08739233,-0.002528927849533,0.15347578,0.023554813
7698,0,1,0.0009803772,0.014634609,-0.1595692653878351,0.16054964,0.025776187
7699,0,1,0.14766312,0.08725166,0.2052962096382269,0.057633087,0.0033215727
7700,0,1,-0.19238544,-0.11342883,-0.1463529142243365,0.04603252,0.0021189926
7701,0,1,0.13531423,0.08645129,0.1154583701204012,0.019855857,0.00039425504
7702,0,1,-0.10896397,-0.04646945,-0.2000999457393661,0.09113598,0.008305767
7703,0,1,0.18553114,0.08707595,0.2376539589902031,0.052122816,0.002716788
7704,0,1,-0.22235203,-0.12658906,-0.2762577239851391,0.053905696,0.002905824
7705,0,1,0.25664258,0.0759418,0.2250736180089498,0.03156896,0.0009965992
7706,0,1,-0.21070671,-0.12243533,-0.2520427251414814,0.041336,0.0017086649
7707,0,1,0.23404074,0.081017494,0.2042970702693169,0.029743671,0.000884686
7708,0,1,-0.19145966,-0.11280608,-0.132918086683385,0.058541566,0.003427115
7709,0,1,0.12276101,0.08520961,0.0514272261295598,0.07133378,0.005088508
7710,0,1,-0.049340725,-0.029911757,-0.1019842762589666,0.052643552,0.0027713436
7711,0,1,0.09385729,0.08071542,-0.0984457133371661,0.192303,0.036980443
7712,0,1,0.09055114,0.08005619,0.1574778348571208,0.0669267,0.0044791833
7713,0,1,-0.14802027,-0.07932401,-0.1561238156428728,0.0081035495,6.566751e-05
7714,0,1,0.14444447,0.087082624,0.0098700655887391,0.1345744,0.018110268
7715,0,1,-0.010587931,0.004639387,-0.0329367864551368,0.022348855,0.0004994713
7716,0,1,0.029364824,0.038522005,-0.1896400948258496,0.21900491,0.047963154
7717,0,1,0.17575955,0.08750081,0.2715156247403993,0.095756084,0.009169227
7718,0,1,-0.2536571,-0.12959003,-0.169328786030976,0.08432832,0.0071112663
7719,0,1,0.15678287,0.0875721,0.1823548834457122,0.025572017,0.00065392803
7720,0,1,-0.17111206,-0.09816837,-0.2449529870435061,0.07384093,0.005452483
7721,0,1,0.22742176,0.082232,0.2632369886854699,0.03581524,0.0012827313
7722,0,1,-0.24600863,-0.12981439,-0.2505336331465284,0.004525006,2.0475678e-05
7723,0,1,0.23263168,0.08128524,0.1500092777951844,0.08262241,0.006826462
7724,0,1,-0.141083,-0.07319546,0.0410020188166142,0.18208502,0.033154957
7725,0,1,-0.039622307,-0.021093607,-0.1694352311521205,0.12981293,0.016851395
7726,0,1,0.15688229,0.08757377,0.0670628163296536,0.08981947,0.008067537
7727,0,1,-0.063910484,-0.042729378,0.0425795676943097,0.10649005,0.011340131
7728,0,1,-0.041092873,-0.022422075,-0.1036215148559329,0.06252864,0.003909831
7729,0,1,0.095386505,0.08100939,0.0062570039042872,0.0891295,0.007944068
7730,0,1,-0.0072169304,0.0075666904,-0.1358707719360854,0.12865384,0.016551811
7731,0,1,0.12551999,0.08551979,-0.1082970284676934,0.23381701,0.054670393
7732,0,1,0.09975529,0.081816435,0.1339894511891604,0.034234166,0.0011719781
7733,0,1,-0.12619591,-0.059307337,-0.3125497453630967,0.18635383,0.034727752
7734,0,1,0.2904973,0.06564951,0.3058028937580999,0.015305579,0.00023426073
7735,0,1,-0.28529644,-0.12574196,-0.311351159467792,0.02605471,0.0006788479
7736,0,1,0.28937936,0.06604099,0.3445030722124351,0.055123717,0.003038624
7737,0,1,-0.32093072,-0.11419892,-0.3092109600426225,0.011719763,0.00013735285
7738,0,1,0.28738332,0.066730976,0.3032344619909155,0.01585114,0.00025125864
7739,0,1,-0.28292894,-0.1261921,-0.2307585824581028,0.052170366,0.0027217472
7740,0,1,0.21416712,0.08429575,0.2423359227537416,0.028168797,0.00079348113
7741,0,1,-0.22668338,-0.12797666,-0.1693613539027199,0.057322025,0.0032858145
7742,0,1,0.1568129,0.0875721,0.1357483221257673,0.02106458,0.0004437165
7743,0,1,-0.12783074,-0.06088209,-0.0673947129338277,0.060436033,0.003652514
7744,0,1,0.061543703,0.06450224,0.0831793965256442,0.021635696,0.00046810336
7745,0,1,-0.078921795,-0.04414344,-0.3298619228465096,0.2509401,0.062970944
7746,0,1,0.30663562,0.059604883,0.2483603451025708,0.058275267,0.0033960068
7747,0,1,-0.23225641,-0.129529,-0.1166694761308195,0.11558694,0.01336034
7748,0,1,0.10757828,0.08313203,0.1832049797685422,0.0756267,0.005719398
7749,0,1,-0.17190123,-0.09877014,-0.3152952975967777,0.14339408,0.020561863
7750,0,1,0.2930572,0.06473994,0.1885579262614363,0.10449928,0.0109201
7751,0,1,-0.17686677,-0.10249257,0.0452815852071428,0.22214836,0.049349893
7752,0,1,-0.043612003,-0.024702072,-0.0451498846641063,0.0015378818,2.3650805e-06
7753,0,1,0.040768147,0.04786396,0.1209019982373162,0.080133855,0.0064214347
7754,0,1,-0.11402798,-0.04720688,-0.0336492404524388,0.08037874,0.006460742
7755,0,1,0.030030012,0.039070845,0.1533296038320881,0.1232996,0.015202791
7756,0,1,-0.14416766,-0.07594681,0.0413098084536147,0.18547747,0.03440189
7757,0,1,-0.03990984,-0.021352291,-0.0774089241871185,0.037499085,0.0014061814
7758,0,1,0.070898056,0.071831465,0.0187366811077618,0.052161373,0.0027208088
7759,0,1,-0.018859386,-0.0025966167,-0.0484573230860769,0.029597938,0.0008760379
7760,0,1,0.043856382,0.050367594,-0.0245785375386233,0.068434924,0.004683339
7761,0,1,0.021561623,0.032044888,0.1706634990179503,0.14910188,0.022231372
7762,0,1,-0.16026306,-0.08961153,-0.1815787798199348,0.021315724,0.00045436007
7763,0,1,0.16822815,0.08764815,0.0679107119827433,0.10031744,0.010063589
7764,0,1,-0.06469989,-0.04280758,0.0833143971323879,0.14801428,0.021908225
7765,0,1,-0.0790472,-0.04415369,-0.1243028543919568,0.045255654,0.0020480743
7766,0,1,0.11471057,0.08418584,0.0971272894839629,0.01758328,0.00030917177
7767,0,1,-0.091906786,-0.045230865,-0.2356042253308956,0.14369744,0.020648954
7768,0,1,0.21869206,0.0836463,0.2256356212065475,0.0069435537,4.8212936e-05
7769,0,1,-0.21122718,-0.12263465,-0.1001091517800469,0.111118026,0.012347216
7770,0,1,0.09210467,0.080369234,0.1413910228426842,0.04928635,0.0024291445
7771,0,1,-0.13307595,-0.06585026,-0.0987099411850569,0.03436601,0.0011810227
7772,0,1,0.09079766,0.08010578,0.0845952902324702,0.00620237,3.8469392e-05
7773,0,1,-0.080239534,-0.04425907,-0.1223593755246534,0.04211984,0.0017740808
7774,0,1,0.112894535,0.083931684,0.1590965549240874,0.04620202,0.0021346265
7775,0,1,-0.14952397,-0.08062315,-0.1159601334268076,0.033563837,0.0011265312
7776,0,1,0.10691571,0.08302736,0.1374537619859346,0.030538052,0.00093257264
7777,0,1,-0.12941623,-0.062396526,-0.04469227073844,0.08472396,0.0071781487
7778,0,1,0.040340662,0.04751563,0.1133255983536845,0.072984934,0.0053268005
7779,0,1,-0.106980085,-0.046337366,-0.1525243213864304,0.045544237,0.0020742775
7780,0,1,0.1410811,0.08687639,0.2614671455814092,0.120386064,0.014492804
7781,0,1,-0.24437332,-0.1298263,-0.258938877071611,0.014565557,0.00021215546
7782,0,1,0.24047852,0.079717636,0.2627384179141563,0.022259891,0.0004955027
7783,0,1,-0.24554777,-0.12981963,-0.2479582751154345,0.0024105012,5.810516e-06
7784,0,1,0.23022747,0.08173227,0.2763743659911477,0.0461469,0.0021295364
7785,0,1,-0.25814486,-0.12932992,-0.4915060546366607,0.23336118,0.05445744
7786,0,1,0.4568708,-0.031865597,0.3116388826085243,0.1452319,0.021092305
7787,0,1,-0.29067612,-0.124620676,-0.4454099599204251,0.15473384,0.02394256
7788,0,1,0.41412783,0.00060653687,0.6106114982902686,0.19648367,0.03860583
7789,0,1,-0.56321764,0.13690782,-0.4462961171214772,0.116921514,0.01367064
7790,0,1,0.4149506,3.0040741e-05,0.4161173403372258,0.0011667311,1.3612615e-06
7791,0,1,-0.38663054,-0.075037956,-0.3630805219944188,0.023550004,0.00055460265
7792,0,1,0.3375826,0.045958996,0.3754803133614466,0.037897736,0.0014362384
7793,0,1,-0.3493898,-0.09979868,-0.2714325597382143,0.07795724,0.0060773315
7794,0,1,0.25214005,0.07706714,0.3020797322365758,0.049939692,0.002493973
7795,0,1,-0.28186393,-0.1263876,-0.3109976750978687,0.029133737,0.0008487746
7796,0,1,0.28904963,0.06615639,0.2377912673767199,0.051258355,0.002627419
7797,0,1,-0.22247839,-0.12663054,-0.2542218404696061,0.031743437,0.0010076457
7798,0,1,0.23607492,0.0806191,0.2287456541548009,0.0073292702,5.3718202e-05
7799,0,1,-0.21410656,-0.12371206,-0.0966009414769866,0.11750562,0.013807571
7800,0,1,0.08882761,0.07970071,0.1268460063516157,0.03801839,0.001445398
7801,0,1,-0.119555,-0.05278778,-0.2873710836567578,0.16781607,0.028162234
7802,0,1,0.2670126,0.07313275,0.1780550843464863,0.08895752,0.0079134405
7803,0,1,-0.16712332,-0.095083,-0.1370572553060243,0.030066058,0.0009039678
7804,0,1,0.1266284,0.085638046,0.1671572190395291,0.04052882,0.0016425851
7805,0,1,-0.15700865,-0.086942434,-0.1642630081264044,0.007254362,5.2625768e-05
7806,0,1,0.15204954,0.087433815,0.0916622791044963,0.06038726,0.0036466212
7807,0,1,-0.08681989,-0.04481983,-0.0900019737440755,0.0031820834,1.0125655e-05
7808,0,1,0.08266282,0.07836485,-0.0117079214256969,0.094370745,0.008905837
7809,0,1,0.009546995,0.021939278,0.0639952617265064,0.05444827,0.002964614
7810,0,1,-0.061052322,-0.040675163,-0.1824533880114769,0.12140107,0.01473822
7811,0,1,0.16904521,0.087640524,0.0543887617004941,0.11465645,0.0131461015
7812,0,1,-0.05210066,-0.032435417,-0.0080076940072419,0.044092964,0.0019441895
7813,0,1,0.006093979,0.019004107,0.0313732568731861,0.02527928,0.000639042
7814,0,1,-0.030644894,-0.013037443,-0.2148897997803751,0.1842449,0.033946183
7815,0,1,0.19934607,0.08601904,0.2481312153425756,0.04878515,0.0023799909
7816,0,1,-0.23204398,-0.12951684,-0.2248883621038944,0.007155612,5.1202784e-05
7817,0,1,0.20868468,0.085005045,0.334302492108343,0.1256178,0.015779832
7818,0,1,-0.3115468,-0.11809707,-0.1760918103559556,0.135455,0.018348057
7819,0,1,0.16310167,0.08765888,0.1756369566530313,0.012535289,0.00015713347
7820,0,1,-0.16487932,-0.093316555,-0.1480429809134635,0.016836345,0.00028346252
7821,0,1,0.13689351,0.086577654,-0.0474793303767335,0.18437284,0.033993345
7822,0,1,0.042943478,0.049628973,0.2006881939277698,0.15774472,0.024883397
7823,0,1,-0.1881144,-0.11052561,-0.2933051276659228,0.105190724,0.011065088
7824,0,1,0.2725482,0.071508884,0.1648236077517721,0.10772459,0.011604588
7825,0,1,-0.1548419,-0.0851388,-0.3041190674343257,0.14927718,0.022283677
7826,0,1,0.28263497,0.068327904,0.2457588372202312,0.036876142,0.0013598498
7827,0,1,-0.22985005,-0.12893844,-0.1363425723733464,0.09350748,0.008743649
7828,0,1,0.12596059,0.085567236,0.2977763171927039,0.17181572,0.029520642
7829,0,1,-0.27789593,-0.12706399,-0.168620498482499,0.10927543,0.01194112
7830,0,1,0.1561203,0.08755565,0.0881988166942555,0.06792148,0.004613328
7831,0,1,-0.083595276,-0.044549227,-0.0245981396832539,0.058997136,0.0034806621
7832,0,1,0.021579504,0.032060385,0.0213263841517674,0.00025312044,6.406996e-08
7833,0,1,-0.021274805,-0.0047249794,-0.1812401684596016,0.15996537,0.025588918
7834,0,1,0.16791129,0.087651014,0.2728179673935833,0.10490668,0.011005411
7835,0,1,-0.25486016,-0.129529,-0.137227511513275,0.11763266,0.013837442
7836,0,1,0.12678719,0.08565545,-0.0417401927959635,0.16852738,0.028401477
7837,0,1,0.037584305,0.045270443,0.0105707819037208,0.027013522,0.00072973035
7838,0,1,-0.011241674,0.004070282,0.1417320346255612,0.15297371,0.023400957
7839,0,1,-0.13339257,-0.0661459,-0.3341492530698451,0.20075667,0.04030324
7840,0,1,0.3106315,0.057995558,0.3292045990109096,0.018573076,0.00034495915
7841,0,1,-0.30685472,-0.119889736,-0.1559403502218237,0.15091437,0.022775147
7842,0,1,0.1442728,0.087073326,0.0996737053997858,0.0445991,0.0019890799
7843,0,1,-0.09427714,-0.045416117,-0.1047007339540013,0.010423593,0.00010865129
7844,0,1,0.09639549,0.0812006,0.1421050189491319,0.04570952,0.0020893603
7845,0,1,-0.13373876,-0.06646967,-0.0230684894678963,0.11067027,0.012247908
7846,0,1,0.020151377,0.030867338,-0.215128574967113,0.23527995,0.055356655
7847,0,1,0.19956946,0.08599806,0.2579141184233027,0.058344662,0.0034040995
7848,0,1,-0.24108958,-0.1298132,-0.1571738360857772,0.08391574,0.0070418515
7849,0,1,0.14542556,0.0871377,0.1496679466221082,0.0042423904,1.7997876e-05
7850,0,1,-0.14076614,-0.07291031,-0.0540799344227909,0.08668621,0.0075144987
7851,0,1,0.049108267,0.05460143,0.1734632928920945,0.12435503,0.015464175
7852,0,1,-0.16286182,-0.09170985,-0.2640304297020539,0.1011686,0.010235086
7853,0,1,0.24523115,0.07868481,0.1636464477819514,0.08158471,0.006656064
7854,0,1,-0.15374875,-0.08422136,-0.1703604858638989,0.01661174,0.00027594992
7855,0,1,0.15774655,0.087592125,0.195203494274295,0.037456945,0.0014030227
7856,0,1,-0.18303084,-0.106963396,-0.1780176324481259,0.0050132126,2.51323e-05
7857,0,1,0.16490054,0.08766365,0.2110515755459605,0.046151027,0.0021299173
7858,0,1,-0.19771957,-0.116942406,-0.3371998637294044,0.1394803,0.019454751
7859,0,1,0.31347418,0.05682254,0.296491046514356,0.016983122,0.0002884264
7860,0,1,-0.27671003,-0.1272521,-0.3078967506258521,0.03118673,0.0009726121
7861,0,1,0.28615808,0.0671494,0.3781616194288997,0.092003524,0.008464648
7862,0,1,-0.35184956,-0.09837055,-0.5124105583097429,0.16056103,0.025779843
7863,0,1,0.47622323,-0.048235893,0.5309400088689671,0.054716766,0.0029939245
7864,0,1,-0.49123788,0.031282187,-0.5299334794668211,0.038695574,0.0014973475
7865,0,1,0.49242783,-0.06274152,0.4216871438886409,0.07074067,0.0050042425
7866,0,0,-0.39172697,-0.07112265,0.4740593446722476,0.8657863,0.7495859
7867,0,0,-0.43953824,-0.02812934,0.3619337566775544,0.801472,0.6423574
7868,0,0,-0.33695173,-0.10657072,0.3285763767226584,0.6655281,0.4429277
7869,0,0,-0.30627584,-0.120102644,0.2069277242844394,0.51320356,0.2633779
7870,0,0,-0.19389772,-0.114436865,0.2064806516269741,0.40037838,0.16030285
7871,0,0,-0.19348359,-0.11416197,0.2188547533326916,0.41233835,0.1700229
7872,0,0,-0.20494771,-0.120150566,0.1062852430419569,0.31123295,0.09686595
7873,0,0,-0.10042977,-0.045876265,-0.0019224334610759,0.09850734,0.009703696
7874,0,0,0.00041484833,0.014148712,0.1343410631867554,0.13392621,0.01793623
7875,0,0,-0.12652254,-0.059622526,0.0777648433046986,0.20428738,0.041733332
7876,0,0,-0.07387853,-0.043687344,0.0867488982395423,0.16062742,0.025801169
7877,0,0,-0.08224487,-0.04443407,-0.0220485627492244,0.06019631,0.0036235957
7878,0,0,0.019199371,0.030071259,0.0953204116833665,0.07612104,0.0057944125
7879,0,0,-0.09022474,-0.04509735,0.0327850853972111,0.12300983,0.015131419
7880,0,0,-0.031961203,-0.014214516,-0.1040919710756593,0.07213077,0.005202848
7881,0,0,0.0958271,0.08109355,-0.0438977092732622,0.13972482,0.019523026
7882,0,0,0.03959894,0.046911716,-0.2291192644526365,0.2687182,0.07220948
7883,0,0,0.212636,0.08450174,-0.2347574033625687,0.44739342,0.20016088
7884,0,0,0.21790123,0.08376384,-0.4207291834451401,0.6386304,0.40784878
7885,1,0,-0.43422675,0.015915155,-0.4871440492398919,0.0529173,0.0028002409
7886,1,0,-0.50088596,-0.028577328,-0.5607563995424907,0.059870422,0.0035844673
7887,1,0,-0.5745189,-0.08996391,-0.594239881870382,0.019720972,0.00038891673
7888,1,0,-0.60791874,-0.12196636,-0.6025053978442818,0.0054133534,2.9304396e-05
7889,1,0,-0.61615396,-0.13024998,-0.5136631750415126,0.10249078,0.01050436
7890,1,0,-0.5274441,-0.049250364,-0.5148042873218088,0.012639821,0.00015976507
7891,1,0,-0.5285866,-0.050176144,-0.5259923453308164,0.0025942922,6.7303517e-06
7892,1,0,-0.5397794,-0.059416533,-0.6348700654017443,0.09509063,0.009042228
7893,1,0,-0.6483631,-0.16412258,-0.6884131960843121,0.04005009,0.0016040097
7894,1,0,-0.70151675,-0.22506404,-0.4723247069851655,0.22919205,0.052528996
7895,1,0,-0.48603082,-0.01774335,-0.4100264924466499,0.07600433,0.0057766577
7896,1,0,-0.42346573,0.022099257,-0.3804030832995373,0.043062657,0.0018543925
7897,1,0,-0.39365578,0.037775517,-0.2453996783166685,0.1482561,0.021979868
7898,1,0,-0.25736237,0.08215928,-0.1870825009256176,0.07027987,0.0049392595
7899,1,0,-0.1982925,0.087564945,-0.141600718361941,0.05669178,0.0032139579
7900,1,0,-0.15215349,0.086061,-0.2166790419133515,0.064525545,0.004163546
7901,1,0,-0.2282846,0.085856676,-0.2271243003008893,0.0011602938,1.3462817e-06
7902,1,0,-0.23886251,0.08474398,-0.1433027337029462,0.095559776,0.009131671
7903,1,0,-0.15388107,0.08620739,-0.1141478333953118,0.03973324,0.0015787303
7904,1,0,-0.12427783,0.082754135,-0.1861940936754158,0.061916262,0.0038336236
7905,1,0,-0.19739199,0.08758378,-0.1883348271659719,0.009057164,8.2032224e-05
7906,1,0,-0.19956231,0.08753657,-0.0279052255832161,0.17165709,0.029466154
7907,1,0,-0.03658986,0.0346303,0.0441382889400223,0.08072815,0.0065170345
7908,1,0,0.03677106,-0.023735523,-0.0909233435751835,0.1276944,0.01630586
7909,1,0,-0.10068083,0.07855749,-0.1778146949939025,0.077133864,0.005949633
7910,1,0,-0.18889523,0.087662935,-0.2829917605409502,0.09409654,0.008854159
7911,1,0,-0.29538107,0.07427549,-0.5908153353671155,0.29543424,0.08728139
7912,1,0,-0.6045053,-0.11857939,-0.6251990749910057,0.020693779,0.00042823248
7913,1,0,-0.63874495,-0.15376353,-0.7131047370572343,0.074359775,0.005529376
7914,1,0,-0.7259704,-0.25515985,-0.6870924152817657,0.038877964,0.0015114961
7915,1,0,-0.7002076,-0.22348833,-0.6262376178524525,0.07396996,0.005471555
7916,1,0,-0.63977873,-0.15486574,-0.3752795285934107,0.26449922,0.069959834
7917,1,0,-0.38849592,0.040271997,-0.2292855158192144,0.15921041,0.025347956
7918,1,0,-0.24105096,0.08448148,-0.2684852325288198,0.02743426,0.0007526386
7919,1,0,-0.2807157,0.077727556,-0.2172438731814994,0.063471824,0.0040286724
7920,1,0,-0.22885633,0.085802555,-0.161229237897301,0.06762709,0.004573423
7921,1,0,-0.17207313,0.08732152,-0.1106227873199241,0.06145034,0.0037761442
7922,1,0,-0.12069702,0.08219862,-0.0795042311529923,0.041192792,0.0016968461
7923,1,0,-0.08907318,0.07335281,-0.0614915191410685,0.027581662,0.00076074805
7924,1,0,-0.07075763,0.060134172,0.0555468761897421,0.1263045,0.01595283
7925,1,0,0.04839635,-0.033424616,0.0701903158270202,0.021793969,0.00047497707
7926,1,0,0.063319445,-0.04301715,0.0605519981846982,0.0027674474,7.658765e-06
7927,1,0,0.053496122,-0.037712336,0.0260720537949477,0.02742407,0.0007520796
7928,1,0,0.018366337,-0.008640051,0.0244335514687414,0.0060672145,3.6811092e-05
7929,1,0,0.016697645,-0.007285595,0.1116401877114872,0.09494254,0.009014086
7930,1,0,0.10557604,-0.046229362,-0.0548535666421718,0.1604296,0.025737656
7931,1,0,-0.06400728,0.055181026,-0.1111751117779236,0.04716783,0.0022248041
7932,1,0,-0.12125826,0.08228755,0.094069181921188,0.21532744,0.046365906
7933,1,0,0.08766055,-0.045003653,0.1013872580678856,0.013726704,0.0001884224
7934,1,0,0.09512234,-0.045538187,0.1535307444518783,0.05840841,0.0034115424
7935,1,0,0.14830089,-0.07611275,0.2264842110600669,0.07818332,0.006112632
7936,1,0,0.22273374,-0.12293148,0.31929061141919,0.09655687,0.00932323
7937,1,0,0.31744385,-0.1229434,0.2257705618579892,0.091673285,0.008403991
7938,1,0,0.22200632,-0.122681856,0.2510553885319413,0.029049069,0.0008438484
7939,1,0,0.24780917,-0.12964678,0.2394540388401727,0.008355126,6.980813e-05
7940,1,0,0.23596978,-0.12713313,0.3123420925155482,0.076372325,0.005832732
7941,1,0,0.31035304,-0.12447524,0.1824474759513172,0.12790556,0.016359832
7942,1,0,0.17780066,-0.09823394,0.3643602627056652,0.18655962,0.03480449
7943,1,0,0.36343098,-0.105412245,0.4259999947482713,0.06256902,0.0039148824
7944,1,0,0.4263065,-0.06800461,0.4792258120069537,0.05291933,0.0028004553
7945,1,0,0.48057127,-0.023281097,0.3950217913195133,0.085549474,0.0073187123
7946,1,0,0.39471078,-0.08872509,0.388888817366487,0.005821973,3.3895372e-05
7947,1,0,0.38845468,-0.09236741,0.3094271764250669,0.079027504,0.0062453463
7948,1,0,0.30737853,-0.12506127,0.4170764087454603,0.10969788,0.012033625
7949,1,0,0.41720605,-0.07437205,0.3807127977790734,0.03649324,0.0013317567
7950,1,0,0.38011384,-0.09698582,0.5012224956143578,0.12110865,0.014667305
7951,1,0,0.50298667,-0.0014159679,0.6026044781274127,0.09961778,0.009923702
7952,1,0,0.6062014,0.12510729,0.6988096308637273,0.09260821,0.008576281
7953,1,0,0.70395374,0.28443837,0.7489552813827238,0.045001566,0.002025141
7954,1,0,0.75481415,0.37239838,0.6991900822930792,0.055624068,0.0030940368
7955,1,0,0.70434,0.28514385,0.8161686542802635,0.111828685,0.012505655
7956,1,0,0.82287,0.45488262,0.8252466743464906,0.0023766756,5.648587e-06
7957,1,0,0.83205056,0.46652937,0.8874187655223378,0.055368185,0.003065636
7958,1,0,0.8948505,0.54959106,0.8195764930549747,0.07527399,0.0056661735
7959,1,0,0.8263166,0.4592409,0.8709153002940648,0.0445987,0.001989044
7960,1,0,0.8781936,0.52697873,0.772011198050528,0.1061824,0.011274701
7961,1,0,0.7781744,0.3999524,0.7235745333265049,0.05459988,0.002981147
7962,1,0,0.72907996,0.33163857,0.668034022143059,0.061045945,0.0037266074
7963,1,0,0.6727066,0.22930646,0.6768723216004084,0.004165709,1.7353132e-05
7964,1,0,0.6816833,0.24473834,0.7317371333376452,0.050053835,0.0025053865
7965,1,0,0.7373581,0.34774995,0.6592592415728848,0.07809883,0.0060994276
7966,1,0,0.6637933,0.21430421,0.7116473365996163,0.047854006,0.002290006
7967,1,0,0.7169814,0.3085916,0.652391168750182,0.064590216,0.004171896
7968,1,0,0.65681577,0.20278358,0.6798547475789509,0.023038983,0.0005307947
7969,1,0,0.68471146,0.25001836,0.4530800327492934,0.23163143,0.053653117
7970,1,0,0.45391893,-0.04669428,0.5129287018337103,0.05900979,0.0034821553
7971,1,0,0.51491284,0.0110321045,0.4416271167949213,0.07328573,0.005370798
7972,1,0,0.44224215,-0.056072235,0.6354965617014257,0.19325441,0.03734727
7973,1,0,0.6396463,0.17527533,0.552537782631386,0.08710849,0.0075878897
7974,1,0,0.55525184,0.05732751,0.523000936489217,0.03225088,0.0010401193
7975,1,0,0.5251739,0.022192955,0.5990436809396718,0.073869765,0.0054567424
7976,1,0,0.6025789,0.11994457,0.5647798432623752,0.03779906,0.001428769
7977,1,0,0.5677142,0.072944164,0.6360408265600048,0.06832659,0.004668523
7978,1,0,0.6401999,0.17614341,0.6851081267772421,0.044908226,0.0020167488
7979,1,0,0.6900463,0.2594099,0.690708772333962,0.000662446,4.3883472e-07
7980,1,0,0.6957319,0.26954746,0.7436330455910283,0.047901154,0.0022945206
7981,1,0,0.74941945,0.36614728,0.5753494651270703,0.17407,0.030300366
7982,1,0,0.57847095,0.08692503,0.5104854645599275,0.067985475,0.004622025
7983,1,0,0.51242423,0.008387089,0.5331421891856869,0.020717978,0.00042923464
7984,1,0,0.5355022,0.033849716,0.6861759404991821,0.15067375,0.022702578
7985,1,0,0.6911299,0.26133275,0.5692866450261618,0.12184328,0.014845785
7986,1,0,0.5723021,0.078849554,0.6665556497953022,0.09425354,0.00888373
7987,1,0,0.6712053,0.22675681,0.4709045624652974,0.20030072,0.040120378
7988,1,0,0.4720893,-0.031036377,0.2463168269276203,0.22577247,0.050973207
7989,1,0,0.24297357,-0.12908912,0.3154660597814089,0.07249248,0.00525516
7990,1,0,0.31354094,-0.12381148,0.3954317989975626,0.08189085,0.0067061116
7991,1,0,0.3951292,-0.08847761,0.4757200915787321,0.080590874,0.006494889
7992,1,0,0.47699785,-0.026582241,0.6534992125261012,0.17650133,0.031152721
7993,1,0,0.6579418,0.20462894,0.8472301743527337,0.18928838,0.03583009
7994,1,0,0.8542714,0.49523926,0.8574268018254245,0.0031554103,9.956614e-06
7995,1,0,0.86457276,0.50880027,0.9164325952641872,0.051859856,0.0026894447
7996,1,0,0.9241092,0.5842078,0.9649240514855556,0.040814817,0.0016658492
7997,1,0,0.97293735,0.6311636,1.0075030493446486,0.034565687,0.0011947867
7998,1,0,1.0157323,0.6692767,1.0119051472735694,0.003827095,1.4646656e-05
7999,1,0,1.0201528,0.67324305,0.979742728087933,0.0404101,0.0016329763
8000,1,0,0.9878404,0.644377,1.130222512764822,0.14238214,0.020272676
8001,1,0,1.1350238,0.7816286,1.143025189467362,0.0080013275,6.402124e-05
8002,1,0,1.1478622,0.7935617,1.1093213071683716,0.03854084,0.0014853964
8003,1,0,1.114073,0.76223326,0.9045451906186046,0.20952785,0.04390192
8004,1,0,0.9121251,0.5728841,0.9343699373869132,0.022244811,0.0004948316
8005,1,0,0.94218206,0.60143924,0.9086471818423782,0.033534884,0.0011245884
8006,1,0,0.9162617,0.57678246,0.890154973105854,0.026106715,0.0006815606
8007,1,0,0.89761114,0.5533786,0.8744244441205606,0.023186684,0.0005376223
8008,1,0,0.88173604,0.5317519,0.8994421104044705,0.017706096,0.00031350585
8009,1,0,0.90697885,0.5663233,0.8459512791148467,0.061027586,0.0037243662
8010,1,0,0.8529787,0.49355054,0.8714499975142966,0.0184713,0.00034118895
8011,1,0,0.87873363,0.52770495,0.9099681550683316,0.031234503,0.00097559416
8012,1,0,0.91759276,0.57804036,0.9716493182068904,0.054056525,0.002922108
8013,1,0,0.97970295,0.6371534,0.9381308675277076,0.041572094,0.001728239
8014,1,0,0.9459696,0.6050751,1.1038483962533547,0.15787876,0.024925701
8015,1,0,1.1085904,0.7571714,1.0732603581904674,0.035330057,0.0012482129
8016,1,0,1.0788224,0.72902036,0.8939954091180176,0.18482697,0.03416101
8017,1,0,0.90148497,0.5587144,0.778833727281786,0.12265122,0.015043322
8018,1,0,0.7850838,0.40825295,0.7931503423973889,0.008066595,6.506995e-05
8019,1,0,0.7995789,0.42589283,0.9570173150971502,0.1574384,0.024786849
8020,1,0,0.96498275,0.6234517,1.100206214068129,0.13522351,0.018285397
8021,1,0,1.1049411,0.753808,1.1102283282537972,0.0052871704,2.7954171e-05
8022,1,0,1.1149824,0.7630727,1.089410470566906,0.025571942,0.00065392425
8023,1,0,1.0941291,0.7438545,1.277214670272675,0.18308556,0.033520322
8024,1,0,1.2827182,0.9209852,1.3485370203964733,0.06581879,0.0043321126
8025,1,0,1.354572,0.9904213,1.3793758668539111,0.024803758,0.0006152264
8026,1,0,1.3856721,1.0208008,1.5165546769286968,0.13088262,0.017130261
8027,1,0,1.5241823,1.1584706,1.7219271945670287,0.19774485,0.039103024
8028,1,0,1.7318106,1.3718324,1.7235859362676045,0.0082246065,6.7644156e-05
8029,1,0,1.7334871,1.3735876,1.6807252296313275,0.052761912,0.0027838193
8030,1,0,1.6901517,1.3283691,1.6711247870958696,0.019026875,0.000362022
8031,1,0,1.6804438,1.3182869,1.8312669948274367,0.15082324,0.022747649
8032,1,0,1.8423223,1.4886603,1.7860646474045754,0.056257725,0.0031649317
8033,1,0,1.7966466,1.4401073,1.865944531063422,0.06929791,0.0048022005
8034,1,0,1.8773499,1.5261436,2.001657491118958,0.12430763,0.015452388
8035,1,0,2.0142655,1.6746607,2.0182952861189967,0.004029751,1.6238891e-05
8036,1,0,2.0310273,1.6930561,1.994836220269068,0.036191106,0.0013097961
8037,1,0,2.0073924,1.6671305,2.1307999011224257,0.1234076,0.015229437
8038,1,0,2.1442032,1.8184013,2.253988205363084,0.10978508,0.012052764
8039,1,0,2.267712,1.9573426,2.2687523650169683,0.0010402203,1.0820581e-06
8040,1,0,2.2824807,1.9740968,2.3284390651813625,0.04595828,0.0021121635
8041,1,0,2.342102,2.0420165,2.209402312035445,0.13269973,0.017609218
8042,1,0,2.2230678,1.9068732,2.1585338437667647,0.06453395,0.0041646305
8043,1,0,2.172051,1.8495402,2.113704063594168,0.058346987,0.003404371
8044,1,0,2.127027,1.799252,2.152087994786981,0.025060892,0.0006280483
8045,1,0,2.1655812,1.8422961,2.094899081318025,0.07068205,0.004995952
8046,1,0,2.1081233,1.7782297,2.176061841806204,0.067938566,0.0046156486
8047,1,0,2.189639,1.869266,2.069365622261223,0.12027335,0.014465679
8048,1,0,2.0824418,1.7497535,2.10383643590269,0.02139473,0.00045773445
8049,1,0,2.1171093,1.7882156,2.0663562675394966,0.050753117,0.0025758788
8050,1,0,2.079414,1.7464037,2.117784047954133,0.038370132,0.0014722671
8051,1,0,2.1311278,1.8038197,1.938976099870984,0.19215178,0.03692231
8052,1,0,1.951067,1.6057162,1.94868232800794,0.0023846626,5.6866156e-06
8053,1,0,1.9608579,1.6163554,1.8739674376315345,0.08689046,0.007549952
8054,1,0,1.8854513,1.534842,2.0113088529439014,0.12585759,0.015840134
8055,1,0,2.023991,1.6853261,2.061093896608281,0.0371027,0.0013766102
8056,1,0,2.0741186,1.7405467,2.136868724775736,0.0627501,0.003937575
8057,1,0,2.150299,1.8252082,2.21463947871426,0.06434035,0.004139681
8058,1,0,2.2283144,1.9127922,2.252794667788869,0.024480343,0.00059928716
8059,1,0,2.2665186,1.9559889,2.252003167733581,0.0145154,0.00021069683
8060,1,0,2.2657266,1.9550905,2.14216140199196,0.1235652,0.0152683575
8061,1,0,2.1556144,1.8311481,2.2819935751881686,0.12637925,0.015971715
8062,1,0,2.2957191,1.9891381,2.337236182357372,0.04151702,0.0017236628
8063,1,0,2.3508768,2.0520515,2.377029447718152,0.02615261,0.00068395905
8064,1,0,2.3905334,2.0975118,2.420633112175785,0.03009963,0.00090598775
8065,1,0,2.4339094,2.1474419,2.535731799527969,0.101822376,0.010367797
8066,1,0,2.5492172,2.279686,2.621909131776875,0.07269192,0.0052841147
8067,1,0,2.635375,2.3789449,2.7097794678896103,0.07440448,0.0055360263
8068,1,0,2.7227836,2.4801764,2.7001824562672545,0.022601128,0.000510811
8069,1,0,2.7132592,2.4691257,2.5765330431515774,0.13672614,0.018694038
8070,1,0,2.5900607,2.3266687,2.494503993243145,0.095556736,0.00913109
8071,1,0,2.5078578,2.232257,2.4997719181851186,0.008085966,6.538285e-05
8072,1,0,2.5131474,2.2383137,2.516179366226017,0.003031969,9.192837e-06
8073,1,0,2.5296144,2.257186,2.407426156189318,0.12218833,0.0149299875
8074,1,0,2.4207807,2.132307,2.216957130761234,0.20382357,0.041544046
8075,1,0,2.230637,1.915412,1.95424471302216,0.27639234,0.076392725
8076,1,0,1.9664679,1.622457,1.850566075385569,0.11590183,0.013433234
8077,1,0,1.8618178,1.5094957,1.8979222612996351,0.03610444,0.0013035306
8078,1,0,1.909637,1.5608826,1.9928308322594748,0.0831939,0.0069212248
8079,1,0,2.0053706,1.664917,1.9946894948959757,0.010681152,0.000114087015
8080,1,0,2.0072446,1.6669693,2.004281191994814,0.0029633045,8.781174e-06
8081,1,0,2.01691,1.6775589,2.0371328128630384,0.020222664,0.00040895614
8082,1,0,2.0500002,1.7139282,2.0674087349852868,0.01740861,0.00030305967
8083,1,0,2.080474,1.7475753,2.1460967465667067,0.06562281,0.0043063527
8084,1,0,2.1595664,1.835566,2.2321046204181907,0.07253814,0.005261781
8085,1,0,2.2458086,1.932548,2.27895233362633,0.03314376,0.0010985087
8086,1,0,2.2926793,1.985682,2.180054681704918,0.112624645,0.012684311
8087,1,0,2.1936445,1.8737621,2.2255552716359213,0.031910658,0.0010182901
8088,1,0,2.2392492,1.9251351,2.094419206706799,0.14482999,0.020975726
8089,1,0,2.1076412,1.7776928,2.129675700893191,0.022034407,0.00048551508
8090,1,0,2.1430745,1.817141,1.9471682293594124,0.19590628,0.03837927
8091,1,0,1.9593306,1.6146941,1.896751406137396,0.062579155,0.0039161504
8092,1,0,1.9084549,1.5596066,1.8100997210189165,0.098355174,0.009673741
8093,1,0,1.8209352,1.4658809,1.7688062321962428,0.05212903,0.0027174358
8094,1,0,1.779202,1.4216633,1.7535459225754306,0.025656104,0.0006582357
8095,1,0,1.7637763,1.4053979,1.8852033447769645,0.12142706,0.01474453
8096,1,0,1.8967967,1.5470443,1.6567371041492345,0.24005961,0.057628617
8097,1,0,1.6658964,1.3032122,1.6086644230725873,0.057232022,0.0032755043
8098,1,0,1.6172895,1.2531319,1.473979033554214,0.14331055,0.020537913
8099,1,0,1.4811678,1.1153088,1.5500373533223226,0.06886959,0.0047430205
8100,1,0,1.5580211,1.1926801,1.6616667571352983,0.10364568,0.010742428
8101,1,0,1.6708808,1.3083723,1.4861798467295269,0.18470097,0.034114446
8102,1,0,1.4934926,1.1276376,1.6215976279050277,0.12810504,0.016410902
8103,1,0,1.6303654,1.2665615,1.4407577595509378,0.18960762,0.035951048
8104,1,0,1.447619,1.0818987,1.4420086649332196,0.005610347,3.1475993e-05
8105,1,0,1.4488821,1.0831542,1.5974869906363849,0.14860487,0.022083407
8106,1,0,1.6059885,1.241554,1.52331695816024,0.08267152,0.0068345806
8107,1,0,1.5310159,1.1653602,1.7444355208402371,0.21341968,0.04554796
8108,1,0,1.7545662,1.3957071,1.8633631898330232,0.108796954,0.011836777
8109,1,0,1.874743,1.5233464,1.7493093102902413,0.12543368,0.015733609
8110,1,0,1.7594934,1.4008899,1.9274698714424607,0.1679765,0.028216105
8111,1,0,1.9394579,1.5931249,1.984616321484141,0.045158386,0.0020392798
8112,1,0,1.9970918,1.6558609,2.006652669654017,0.009560823,9.140935e-05
8113,1,0,2.019299,1.6801786,2.012251443795495,0.007047653,4.9669416e-05
8114,1,0,2.02494,1.6863675,2.013148902727122,0.011791229,0.00013903309
8115,1,0,2.0258446,1.6873622,2.046351505907618,0.020506859,0.00042053126
8116,1,0,2.0592804,1.7241597,2.0205060471432,0.038774252,0.0015034426
8117,1,0,2.033255,1.6955023,1.852763996787268,0.18049109,0.032577034
8118,1,0,1.8640375,1.5118728,1.7112859066982478,0.15275156,0.023333041
8119,1,0,1.7210517,1.3605757,1.7349257796045214,0.013874054,0.00019248937
8120,1,0,1.7449522,1.3856087,1.6299131661460868,0.11503899,0.013233969
8121,1,0,1.6387734,1.275213,1.6865809218557994,0.047807455,0.0022855527
8122,1,0,1.6960726,1.3345261,1.743688738962343,0.047616124,0.0022672953
8123,1,0,1.7538114,1.3949142,1.6981032908152651,0.05570805,0.0031033868
8124,1,0,1.7077227,1.3466616,1.6187239421819046,0.088998675,0.007920764
8125,1,0,1.6274605,1.2635746,1.6798542141819095,0.052393675,0.0027450973
8126,1,0,1.68927,1.3274529,1.5194472500700171,0.16982281,0.028839787
8127,1,0,1.5271053,1.1614165,1.5585559401994575,0.03145063,0.0009891421
8128,1,0,1.5666313,1.2014201,1.531538791721773,0.035092473,0.0012314817
8129,1,0,1.5393248,1.1737514,1.531514952302143,0.007809758,6.0992323e-05
8130,1,0,1.5393009,1.1737266,1.5318816966647266,0.0074192286,5.504495e-05
8131,1,0,1.5396714,1.1741018,1.5849308543584644,0.045259476,0.0020484203
8132,1,0,1.5932941,1.2285769,1.6421872450317303,0.048893094,0.0023905346
8133,1,0,1.6511841,1.288008,1.6714890052083209,0.020304918,0.0004122897
8134,1,0,1.6808124,1.3186696,1.8817820286329487,0.2009697,0.04038882
8135,1,0,1.8933425,1.5433273,1.8654694910747665,0.02787304,0.0007769063
8136,1,0,1.8768697,1.525629,1.9191029298830649,0.04223323,0.0017836456
8137,1,0,1.931015,1.583981,1.982776104037335,0.05176103,0.0026792043
8138,1,0,1.9952364,1.653832,1.9765892616148053,0.018647194,0.00034771784
8139,1,0,1.9889994,1.6470189,1.859734034681774,0.12926531,0.01670952
8140,1,0,1.8710775,1.5194159,1.9267754338455023,0.055697918,0.003102258
8141,1,0,1.9387574,1.5923653,1.9849546040004085,0.046197176,0.002134179
8142,1,0,1.9974322,1.6562319,2.0351587709942227,0.03772664,0.0014232994
8143,1,0,2.0480123,1.7117391,2.012201157974473,0.035811186,0.0012824411
8144,1,0,2.024889,1.6863122,1.9667966163449804,0.058092356,0.0033747219
8145,1,0,1.979126,1.6362453,2.0163994794387388,0.037273407,0.0013893069
8146,1,0,2.029119,1.6909575,2.0523372713606443,0.023218155,0.00053908274
8147,1,0,2.0653062,1.7308102,1.971979719890903,0.09332645,0.0087098265
8148,1,0,1.9843516,1.6419458,1.8484908819176105,0.1358608,0.018458158
8149,1,0,1.8597217,1.5072532,1.8897688210683063,0.030047178,0.0009028329
8150,1,0,1.9014063,1.5520096,1.770482980630859,0.13092327,0.017140903
8151,1,0,1.7808967,1.4234519,1.8351771424828889,0.05428052,0.0029463747
8152,1,0,1.846272,1.4928756,1.846005287069843,0.00026667118,7.111352e-08
8153,1,0,1.8572106,1.5045667,2.0002192823458063,0.14300871,0.020451492
8154,1,0,2.0128164,1.6730723,2.3453436213136336,0.33252716,0.11057431
8155,1,0,2.358963,2.061304,2.3681963241595247,0.009233236,8.525265e-05
8156,1,0,2.3817368,2.0874114,2.4975831805259605,0.115846395,0.013420387
8157,1,0,2.5109506,2.235798,2.59812628085924,0.08717561,0.0075995866
8158,1,0,2.611639,2.3515415,2.6130663703972083,0.001427412,2.037505e-06
8159,1,0,2.6265535,2.3687558,2.6194544164802696,0.0070991516,5.0397954e-05
8160,1,0,2.632927,2.3761148,2.6925191676599582,0.059592247,0.003551236
8161,1,0,2.7056503,2.460298,2.625886232058768,0.07976413,0.006362316
8162,1,0,2.6393418,2.3835278,2.5498453321525782,0.08949661,0.008009643
8163,1,0,2.5633554,2.2959332,2.6279076089234645,0.06455207,0.0041669696
8164,1,0,2.6413574,2.3858562,2.585737123443716,0.055620193,0.0030936059
8165,1,0,2.5992618,2.3372684,2.5827417713748217,0.016520023,0.00027291116
8166,1,0,2.5962677,2.333819,2.5328323784976754,0.063435316,0.0040240395
8167,1,0,2.5463119,2.276349,2.40139858340442,0.1449132,0.020999834
8168,1,0,2.4147854,2.1254025,2.516187209304124,0.101401806,0.0102823265
8169,1,0,2.529622,2.2571955,2.5353365325211032,0.0057144165,3.2654556e-05
8170,1,0,2.548822,2.2792306,2.5536049790434245,0.0047831535,2.2878558e-05
8171,1,0,2.5671196,2.3002615,2.6309396193227967,0.06382012,0.004073008
8172,1,0,2.64438,2.3893514,2.677832830722792,0.03345275,0.0011190864
8173,1,0,2.6910586,2.4433799,2.7698060436845835,0.07874751,0.0062011704
8174,1,0,2.7822156,2.5492477,2.6630468525633337,0.11916876,0.014201193
8175,1,0,2.6763554,2.4263473,2.7074112406095607,0.031055927,0.0009644706
8176,1,0,2.7204332,2.477449,2.699328739709393,0.021104574,0.00044540304
8177,1,0,2.7124119,2.4681401,2.720106382180029,0.007694483,5.9205067e-05
8178,1,0,2.7330241,2.4920664,2.823432715949284,0.09040856,0.008173709
8179,1,0,2.8351097,2.6108398,2.7690038330425373,0.06610584,0.0043699825
8180,1,0,2.7814236,2.548324,2.783187917669309,0.0017642975,3.1127456e-06
8181,1,0,2.795433,2.564629,2.7497975765461864,0.04563546,0.0020825954
8182,1,0,2.762432,2.5262365,2.65443052790279,0.10800147,0.011664318
8183,1,0,2.6677794,2.4164176,2.5162637620903587,0.15151572,0.022957014
8184,1,0,2.5296984,2.2572823,2.649021612724149,0.11932325,0.014238039
8185,1,0,2.662394,2.4101858,2.5420431931357235,0.12035084,0.0144843245
8186,1,0,2.555542,2.2869496,2.668007511239819,0.11246562,0.012648515
8187,1,0,2.6812887,2.4320602,2.690903600235479,0.009614944,9.244715e-05
8188,1,1,2.7040467,2.4584374,-2.395065435346344,5.0991125,26.000948
8189,1,1,-2.37018,-2.136359,2.272521828736936,4.6427016,21.554678
8190,0,1,-1.9239404,1.9783754,-2.022218221203796,0.09827781,0.009658528
8191,0,1,1.829639,-1.7896097,1.8055792969797413,0.024059653,0.0005788669
8192,0,1,-1.5771922,1.4610252,-1.6978771356257507,0.12068498,0.014564864
8193,0,1,1.550199,-1.4008001,1.41785647480873,0.13234258,0.017514559
8194,0,1,-1.2657824,1.0590065,-1.202613977075895,0.06316841,0.0039902474
8195,0,1,1.0999365,-0.80109894,1.0089277543739636,0.09100878,0.008282598
8196,0,1,-0.9169339,0.67056036,-0.8983953642136253,0.018538535,0.00034367727
8197,0,1,0.82880974,-0.49147034,0.9752177267394876,0.14640796,0.02143529
8198,0,1,-0.8873652,0.64033747,-1.0253727285176075,0.13800752,0.019046076
8199,0,1,0.94271874,-0.6124437,0.7832212161741361,0.1594975,0.025439452
8200,0,1,-0.7172146,0.41362715,-0.8423206178578748,0.12510604,0.01565152
8201,0,1,0.77806306,-0.43173146,0.92521398661731,0.14715093,0.021653397
8202,0,1,-0.8433013,0.59262204,-0.604182979557939,0.23911834,0.05717758
8203,0,1,0.5609076,-0.13195038,0.4687135401854694,0.09219405,0.008499743
8204,0,1,-0.4346671,-0.03303218,-0.4052345534957626,0.029432565,0.00086627586
8205,0,1,0.3768053,0.024779797,0.4033259508630613,0.02652064,0.00070334435
8206,0,1,-0.37492013,-0.08355236,-0.2748552618595199,0.10006487,0.010012979
8207,0,1,0.25533438,0.07627535,0.3525736126852208,0.097239226,0.009455467
8208,0,1,-0.32835078,-0.110818386,-0.3548349365851413,0.026484162,0.0007014108
8209,0,1,0.32990384,0.049597025,0.2863027834918927,0.043601066,0.0019010529
8210,0,1,-0.26731038,-0.12850642,-0.227557930238003,0.039752454,0.0015802576
8211,0,1,0.21117759,0.08469319,0.3251810944350524,0.11400351,0.0129968
8212,0,1,-0.30315042,-0.1212306,-0.3402032768922534,0.03705287,0.0013729151
8213,0,1,0.3162732,0.055645943,0.2146565125370956,0.101616696,0.010325952
8214,0,1,-0.20105839,-0.11852074,-0.0500659102735441,0.15099248,0.02279873
8215,0,1,0.045358896,0.051582813,0.1359179426889154,0.09055905,0.008200942
8216,0,1,-0.12798858,-0.061033487,0.1296641944243499,0.25765276,0.06638494
8217,0,1,-0.12217498,-0.05538392,-0.0977654873645845,0.024409488,0.0005958231
8218,0,1,0.089915276,0.07992697,0.1915860420204516,0.10167077,0.010336946
8219,0,1,-0.1796751,-0.10455179,-0.1117454788179403,0.067929626,0.004614434
8220,0,1,0.102977514,0.082378626,-0.0974164344802246,0.20039394,0.04015773
8221,0,1,0.08958912,0.07985926,0.1564962829778027,0.06690717,0.004476569
8222,0,1,-0.14710855,-0.07853079,-0.3391322004357895,0.19202363,0.036873076
8223,0,1,0.31527495,0.056067705,0.014304853040993,0.3009701,0.090583004
8224,0,1,-0.01472497,0.0010297298,0.1573649034272688,0.17208987,0.029614925
8225,0,1,-0.1479156,-0.07923341,-0.1309428729531787,0.016972736,0.00028807376
8226,0,1,0.12091541,0.0849905,0.0861249510223478,0.034790464,0.0012103764
8227,0,1,-0.081664085,-0.044383287,-0.0282058130730296,0.053458273,0.002857787
8228,0,1,0.02494812,0.034864902,-0.2852881946967942,0.3102363,0.09624656
8229,0,1,0.26506877,0.07368255,0.4576296973589064,0.19256094,0.037079714
8230,0,1,-0.42456055,-0.042821884,-0.2890711033343862,0.13548943,0.018357387
8231,0,1,0.26859832,0.0726769,0.1924398831325637,0.076158434,0.005800107
8232,0,1,-0.18046665,-0.10512519,-0.3640774285972763,0.18361077,0.033712912
8233,0,1,0.3385098,0.045506477,0.4500518862500522,0.111542076,0.012441635
8234,0,1,-0.41764522,-0.049226522,-0.4547160934468666,0.03707087,0.0013742495
8235,0,1,0.42276525,-0.005543709,0.3879903879941322,0.03477487,0.0012092915
8236,0,1,-0.36086535,-0.09288716,-0.3517546109411014,0.009110749,8.300574e-05
8237,0,1,0.32703447,0.050913572,0.3640855199394477,0.03705105,0.0013727804
8238,0,1,-0.33892822,-0.10554433,-0.2011879522872646,0.13774027,0.018972382
8239,0,1,0.18654728,0.08701563,0.3867508505860604,0.20020357,0.040081467
8240,0,1,-0.3597288,-0.09360051,-0.340855129212168,0.018873692,0.00035621625
8241,0,1,0.31688046,0.05538702,0.228883931738816,0.08799653,0.007743389
8242,0,1,-0.21423483,-0.12375879,-0.2195776578912669,0.0053428262,2.8545792e-05
8243,0,1,0.20372534,0.08557367,0.2767002157426144,0.07297489,0.0053253346
8244,0,1,-0.2584455,-0.1293087,-0.1342355258357837,0.12420997,0.015428117
8245,0,1,0.123992205,0.08535099,0.2677756592327553,0.14378345,0.020673681
8246,0,1,-0.25020218,-0.12972474,-0.3211495642546222,0.07094738,0.0050335308
8247,0,1,0.29851484,0.06273866,0.1850421984014634,0.11347264,0.01287604
8248,0,1,-0.17360568,-0.100060225,-0.2469064892691728,0.07330081,0.0053730085
8249,0,1,0.22924566,0.08190942,0.2075623209553989,0.021683335,0.00047016703
8250,0,1,-0.19448614,-0.11482668,-0.2463825254726122,0.05189638,0.002693234
8251,0,1,0.22875547,0.081997156,0.2475583481556422,0.018802881,0.00035354836
8252,0,1,-0.23151493,-0.12942338,-0.1972046541090248,0.03431028,0.0011771953
8253,0,1,0.18282652,0.08721995,0.2804645926721183,0.09763807,0.009533193
8254,0,1,-0.26192117,-0.12903786,-0.2955004602684767,0.03357929,0.0011275687
8255,0,1,0.2745962,0.07088637,0.2606911222929358,0.013905078,0.0001933512
8256,0,1,-0.24365592,-0.12982845,-0.0708857407673928,0.17277017,0.029849533
8257,0,1,0.06480503,0.067067385,0.1496234334791464,0.08481841,0.0071941623
8258,0,1,-0.14072442,-0.072873354,-0.0540280027333359,0.086696416,0.0075162686
8259,0,1,0.049059153,0.054562807,-0.0087156653098658,0.05777482,0.0033379297
8260,0,1,0.0067546368,0.019566536,0.1037540540873647,0.096999414,0.009408887
8261,0,1,-0.098074675,-0.045703173,-0.0073209773987881,0.0907537,0.008236233
8262,0,1,0.0054528713,0.01845789,-0.0836461158530208,0.08909899,0.00793863
8263,0,1,0.07672453,0.0763464,0.1100432779340705,0.03331875,0.0011101392
8264,0,1,-0.10392618,-0.04612589,0.0213904573413494,0.12531663,0.01570426
8265,0,1,-0.021334648,-0.004776716,0.0465436270221522,0.067878276,0.0046074605
8266,0,1,-0.04478836,-0.025768518,0.0974586790901157,0.14224704,0.02023422
8267,0,1,-0.09221554,-0.045254946,-0.0162573360074222,0.0759582,0.005769648
8268,0,1,0.013793945,0.025529623,-0.1616424794468951,0.17543642,0.030777939
8269,0,1,0.14960027,0.08733773,0.1243210660111402,0.025279202,0.00063903804
8270,0,1,-0.117206335,-0.050433874,-0.0908649068749558,0.02634143,0.000693871
8271,0,1,0.08346844,0.07854533,0.1834695034824753,0.10000107,0.010000213
8272,0,1,-0.17214704,-0.09895611,-0.1139638395093727,0.058183193,0.003385284
8273,0,1,0.105050325,0.08272481,0.0150554330739005,0.08999489,0.008099081
8274,0,1,-0.015425205,0.00041604042,-0.1076470407770169,0.092221834,0.008504867
8275,0,1,0.099148035,0.081707716,0.1221336249419353,0.022985592,0.00052833743
8276,0,1,-0.11517215,-0.048373938,-0.025363539051999,0.08980861,0.008065587
8277,0,1,0.022293806,0.032655954,0.1618470369930698,0.13955323,0.019475104
8278,0,1,-0.15207815,-0.08280873,-0.1581405367572692,0.0060623884,3.6752554e-05
8279,0,1,0.14632797,0.08718395,0.0884600488540043,0.057867922,0.0033486963
8280,0,1,-0.08383846,-0.044570446,-0.0778369640801481,0.0060015023,3.601803e-05
8281,0,1,0.071297884,0.07214284,0.0808315370911372,0.009533651,9.0890506e-05
8282,0,1,-0.07673526,-0.04394722,-0.205992336284849,0.12925708,0.016707394
8283,0,1,0.19103551,0.08671832,0.2069059383835747,0.015870422,0.0002518703
8284,0,1,-0.19387794,-0.11442447,-0.2030018453807276,0.0091239065,8.324567e-05
8285,0,1,0.18824172,0.086910725,0.0537226738481217,0.13451904,0.018095372
8286,0,1,-0.051480055,-0.031867266,-0.1504197677911478,0.09893972,0.009789067
8287,0,1,0.13911462,0.08674216,0.1360403412318085,0.0030742735,9.451157e-06
8288,0,1,-0.12810206,-0.061142206,-0.1206119652731998,0.0074900985,5.6101577e-05
8289,0,1,0.11126208,0.08369398,0.055417617851051,0.055844463,0.0031186042
8290,0,1,-0.05305934,-0.03331399,-0.0632156808158215,0.010156341,0.00010315126
8291,0,1,0.057640553,0.061412573,0.176277130035233,0.11863658,0.014074638
8292,0,1,-0.16547322,-0.09378576,-0.0092683813673462,0.15620483,0.024399951
8293,0,1,0.007270336,0.020005226,-0.0824077955834661,0.08967813,0.008042167
8294,0,1,0.07556796,0.075452566,0.1947855989164115,0.119217634,0.014212844
8295,0,1,-0.18264222,-0.10668659,-0.3981502877345186,0.21550807,0.04644373
8296,0,1,0.37021732,0.02863884,0.4020888479687543,0.031871527,0.0010157942
8297,0,1,-0.3737867,-0.08434105,-0.1680961282350712,0.20569056,0.042308606
8298,0,1,0.1556313,0.08754349,0.0415165361983933,0.11411477,0.013022181
8299,0,1,-0.04010248,-0.021526337,-0.1184683099981587,0.078365825,0.0061412025
8300,0,1,0.10925937,0.083393335,0.002884310056805,0.10637505,0.011315652
8301,0,1,-0.004070282,0.010288715,0.1177887113097462,0.12185899,0.014849613
8302,0,1,-0.11113143,-0.046611547,-0.1056137719755772,0.005517654,3.0444508e-05
8303,0,1,0.09724879,0.0813601,0.1061085442080229,0.008859754,7.8495235e-05
8304,0,1,-0.100265265,-0.04586482,-0.0283810074356942,0.07188426,0.005167347
8305,0,1,0.025110722,0.035000086,0.1370743658501578,0.111963645,0.012535858
8306,0,1,-0.1290636,-0.062062025,-0.0721072335064407,0.056956373,0.0032440284
8307,0,1,0.065945625,0.06796312,0.0314297441490589,0.03451588,0.001191346
8308,0,1,-0.030697107,-0.013085365,-0.1585733890589757,0.12787628,0.016352344
8309,0,1,0.14673257,0.08720446,0.2123631281181071,0.065630555,0.0043073697
8310,0,1,-0.19893456,-0.11760068,-0.3096098629908992,0.110675305,0.012249023
8311,0,1,0.28775573,0.066602945,0.1549752667056818,0.13278046,0.017630652
8312,0,1,-0.14569616,-0.07729554,-0.1487637589512997,0.0030675977,9.410156e-06
8313,0,1,0.1375668,0.086628675,0.0159156085550984,0.121651195,0.014799013
8314,0,1,-0.01622796,-0.00028705597,0.0771829998206277,0.09341096,0.008725608
8315,0,1,-0.07333732,-0.043637037,-0.1878366819105528,0.11449936,0.013110103
8316,0,1,0.17407489,0.087547064,0.3600439729278029,0.18596908,0.0345845
8317,0,1,-0.3352151,-0.107456684,-0.4092891370108504,0.07407406,0.005486966
8318,0,1,0.38057494,0.02251482,0.4852240044356173,0.10464907,0.010951427
8319,0,1,-0.44970536,-0.01751566,-0.464733672218534,0.015028298,0.00022584974
8320,0,1,0.43205738,-0.012393713,0.26102884357678,0.17102852,0.029250756
8321,0,1,-0.24396849,-0.12982702,-0.2030565172398857,0.040911973,0.0016737895
8322,0,1,0.1882925,0.08690691,0.1959415370474828,0.0076490343,5.8507725e-05
8323,0,1,-0.18371391,-0.10745001,-0.2183716603823366,0.034657747,0.0012011594
8324,0,1,0.20259881,0.085694075,0.1227961267513078,0.079802684,0.0063684685
8325,0,1,-0.1157887,-0.049000263,-0.1413207215868874,0.025532022,0.0006518841
8326,0,1,0.13061237,0.08603644,0.0574417412742738,0.07317063,0.0053539416
8327,0,1,-0.05494547,-0.03504491,-0.1354256006481784,0.08048013,0.006477051
8328,0,1,0.12510395,0.08547425,0.262755246738799,0.1376513,0.018947879
8329,0,1,-0.24556375,-0.12981892,-0.1943068324695183,0.05125691,0.0026272708
8330,0,1,0.18011928,0.08734393,0.2665066193796499,0.086387336,0.007462772
8331,0,1,-0.24902964,-0.12975836,-0.2650681636562937,0.016038537,0.00025723467
8332,0,1,0.24619937,0.07846546,0.2716028080005879,0.02540344,0.0006453348
8333,0,1,-0.2537377,-0.12958479,-0.2588909300473072,0.005153239,2.655587e-05
8334,0,1,0.24043441,0.07972717,0.1981056150329787,0.04232879,0.0017917264
8335,0,1,-0.18572092,-0.1088624,-0.2092707591287519,0.02354984,0.00055459497
8336,0,1,0.19409776,0.086483,0.1199873428724527,0.07411041,0.005492353
8337,0,1,-0.113176584,-0.046741962,-0.1226337330260363,0.009457149,8.943766e-05
8338,0,1,0.11315107,0.08396697,0.1159211900085446,0.0027701184,7.673556e-06
8339,0,1,-0.10939479,-0.04649806,0.0313257103879704,0.1407205,0.01980226
8340,0,1,-0.030600071,-0.0129983425,0.1593001888340799,0.18990026,0.03606211
8341,0,1,-0.14971304,-0.080786705,-0.364753800141345,0.21504077,0.046242535
8342,0,1,0.3391397,0.045199633,0.3666672162354807,0.027527511,0.00075776386
8343,0,1,-0.34129882,-0.10428929,-0.2538437845377932,0.087455034,0.007648383
8344,0,1,0.23572183,0.08068991,0.3115627053871286,0.07584089,0.005751841
8345,0,1,-0.29060602,-0.12463689,-0.1793484491350758,0.11125757,0.0123782465
8346,0,1,0.16614437,0.087661505,-0.0399921114607,0.20613648,0.042492248
8347,0,1,0.035951138,0.0439353,-0.1525021426798125,0.18845329,0.03551464
8348,0,1,0.14106059,0.086875916,0.0351368530594946,0.10592374,0.01121984
8349,0,1,-0.034154177,-0.016176462,-0.159608460379323,0.12545428,0.015738776
8350,0,1,0.14770007,0.08725238,0.2058307353872273,0.058130667,0.0033791745
8351,0,1,-0.1928811,-0.11375952,-0.2965530171612647,0.10367191,0.010747865
8352,0,1,0.27557802,0.07058334,0.1301943440234683,0.14538367,0.021136412
8353,0,1,-0.12266779,-0.055869102,0.0372181727009892,0.15988596,0.02556352
8354,0,1,-0.036094904,-0.017917871,-0.072330831491354,0.03623593,0.0013130425
8355,0,1,0.06615353,0.06812692,0.2003347282460001,0.1341812,0.018004594
8356,0,1,-0.18778706,-0.11029911,-0.1257180722104851,0.062068984,0.0038525588
8357,0,1,0.11603308,0.0843668,0.0158263025680422,0.10020678,0.010041398
8358,0,1,-0.016144514,-0.00021290779,0.0734679059558423,0.08961242,0.008030386
8359,0,1,-0.06987715,-0.04331112,0.0467660958324458,0.11664324,0.013605646
8360,0,1,-0.044995785,-0.025956154,0.0079878619498323,0.052983645,0.0028072668
8361,0,1,-0.008832216,0.0061666965,-0.0539654756015597,0.04513326,0.002037011
8362,0,1,0.04900098,0.054516315,0.182670553866302,0.13366957,0.017867554
8363,0,1,-0.17140579,-0.098392725,-0.126170412794162,0.04523538,0.0020462396
8364,0,1,0.11645532,0.0844233,0.1269467083473823,0.010491386,0.00011006918
8365,0,1,-0.11964798,-0.05288148,-0.1668791444219421,0.047231168,0.0022307832
8366,0,1,0.15449333,0.08751249,0.3040201428135769,0.1495268,0.022358265
8367,0,1,-0.2836535,-0.12605858,-0.3150746836192866,0.031421185,0.0009872909
8368,0,1,0.29285145,0.06481385,0.3144069482237945,0.021555513,0.00046464015
8369,0,1,-0.29322648,-0.124040365,-0.352924465727841,0.059697986,0.0035638495
8370,0,1,0.32812405,0.050415754,0.3726095897054922,0.04448554,0.0019789631
8371,0,1,-0.34675407,-0.10129571,-0.5520683189316089,0.20531422,0.04215393
8372,0,1,0.5128751,-0.08207178,0.5721545624668005,0.0592795,0.0035140594
8373,0,1,-0.52853966,0.08265066,-0.53502094698116,0.00648129,4.200712e-05
8374,0,1,0.49713016,-0.06708479,0.4443693302650056,0.05276084,0.0027837062
8375,0,1,-0.4124577,-0.053875446,-0.2931100964582014,0.1193476,0.0142438505
8376,0,1,0.272367,0.071563244,0.146593247251932,0.12577376,0.015819037
8377,0,1,-0.13790917,-0.07031894,-0.203086380528092,0.0651772,0.0042480677
8378,0,1,0.18832064,0.086904764,0.0587415982624488,0.12957904,0.016790727
8379,0,1,-0.056156874,-0.03615856,-0.131678314592853,0.07552144,0.005703488
8380,0,1,0.1216023,0.08507371,-0.0016114880146687,0.12321378,0.015181636
8381,0,1,0.00012516975,0.01390028,0.0095096129676921,0.009384443,8.806777e-05
8382,0,1,-0.010251999,0.0049324036,-0.1492611856292516,0.1390092,0.019323556
8383,0,1,0.13803196,0.086663246,0.0796096294015753,0.058422327,0.0034131682
8384,0,1,-0.075597525,-0.043845415,-0.1493479902092556,0.073750466,0.005439131
8385,0,1,0.13811326,0.08666968,0.1335118737636476,0.004601389,2.1172782e-05
8386,0,1,-0.12575221,-0.05887842,-0.2045717550004364,0.07881954,0.0062125204
8387,0,1,0.18970919,0.086812496,0.1907715279417416,0.0010623485,1.1285844e-06
8388,0,1,-0.17892027,-0.104001045,-0.3105977347254138,0.13167748,0.017338958
8389,0,1,0.28867698,0.066284895,0.2557892741073031,0.032887697,0.0010816007
8390,0,1,-0.23912501,-0.1297822,-0.2863297026325129,0.047204703,0.002228284
8391,0,1,0.26604128,0.07340813,0.1092481182791273,0.15679316,0.024584096
8392,0,1,-0.10318661,-0.046073675,-0.2301995605185482,0.12701295,0.01613229
8393,0,1,0.21364498,0.08436561,0.133880972989302,0.07976401,0.006362297
8394,0,1,-0.12609553,-0.05921054,-0.1485975753737314,0.022502035,0.0005063416
8395,0,1,0.1374116,0.08661699,-0.0679108691273269,0.20532247,0.04215732
8396,0,1,0.062025785,0.06488109,-0.020663685855812,0.08268947,0.0068375487
8397,0,1,0.017906666,0.028988123,-0.012101644718268,0.03000831,0.0009004987
8398,0,1,0.009914637,0.022250652,0.1657911569805255,0.15587652,0.024297489
8399,0,1,-0.1557405,-0.08588958,-0.1284047004878221,0.027335793,0.00074724556
8400,0,1,0.11854339,0.08469558,0.0345411008495717,0.084002286,0.007056384
8401,0,1,-0.03359866,-0.015678644,-0.1451475852798536,0.11154893,0.012443163
8402,0,1,0.1341877,0.08635759,0.0157889647864961,0.11839873,0.01401826
8403,0,1,-0.016109705,-0.00018310547,0.0734053130035383,0.089515015,0.008012938
8404,0,1,-0.069818735,-0.043305397,-0.1219929018953758,0.052174166,0.0027221437
8405,0,1,0.112552166,0.0838809,0.0591438881857668,0.053408276,0.002852444
8406,0,1,-0.05653262,-0.036504507,-0.0349743656810423,0.021558255,0.00046475837
8407,0,1,0.03126669,0.040090084,-0.0828445026179003,0.11411119,0.013021364
8408,0,1,0.07597637,0.07576847,0.2486824959325595,0.17270613,0.029827407
8409,0,1,-0.23255444,-0.12954426,-0.2088478728037173,0.02370657,0.0005620015
8410,0,1,0.19370365,0.08651543,0.2687842278273726,0.07508057,0.0056370925
8411,0,1,-0.2511344,-0.12969327,-0.2844285708612077,0.03329417,0.0011085018
8412,0,1,0.26426744,0.07390571,0.3053869258285577,0.041119486,0.0016908122
8413,0,1,-0.28491354,-0.12581658,-0.4235979909865457,0.13868445,0.019233378
8414,0,1,0.39387202,0.014210701,0.2754508775906448,0.11842114,0.014023566
8415,0,1,-0.25729132,-0.12938619,-0.0457378240226362,0.21155348,0.044754878
8416,0,1,0.041317225,0.048309326,0.2037561245955257,0.1624389,0.026386395
8417,0,1,-0.1909585,-0.11246705,-0.1685485431303011,0.02240996,0.0005022063
8418,0,1,0.15605354,0.08755422,0.1713014184492061,0.015247881,0.00023249789
8419,0,1,-0.1608553,-0.09009266,-0.1494700087652183,0.011385292,0.00012962487
8420,0,1,0.13822651,0.086677074,0.2573465867556312,0.11912009,0.014189596
8421,0,1,-0.24056458,-0.129807,-0.3222125073439139,0.08164793,0.006666385
8422,0,1,0.29950547,0.062365532,0.5596627861219412,0.2601573,0.06768181
8423,0,1,-0.5172472,0.066342115,-0.4188877069024612,0.098359495,0.00967459
8424,0,1,0.3894956,0.016998768,0.2587582307473721,0.1307374,0.017092267
8425,0,1,-0.24186945,-0.12982202,-0.0746320712075507,0.16723737,0.027968338
8426,0,1,0.06830454,0.06980896,0.1286510345043745,0.0603465,0.0036417
8427,0,1,-0.12123275,-0.05445385,0.0332360677977803,0.15446882,0.023860617
8428,0,1,-0.032381296,-0.0145897865,-0.1474346982620913,0.1150534,0.0132372845
8429,0,1,0.13632512,0.08653259,0.1853476003598757,0.04902248,0.0024032036
8430,0,1,-0.17388868,-0.100274324,-0.2740931125646342,0.10020444,0.01004093
8431,0,1,0.25462246,0.0764544,0.245066496974434,0.009555966,9.131648e-05
8432,0,1,-0.22920918,-0.12874651,-0.0793522729106643,0.14985691,0.022457093
8433,0,1,0.072713375,0.073242426,0.0159883603668671,0.056725014,0.0032177272
8434,0,1,-0.01629591,-0.00034546852,0.0434020098432808,0.05969792,0.0035638416
8435,0,1,-0.041859627,-0.023114681,-0.2138112855594882,0.17195165,0.02956737
8436,0,1,0.19833899,0.08611488,0.1876072642637605,0.010731727,0.00011516996
8437,0,1,-0.17598486,-0.10184121,-0.094927301388175,0.081057556,0.0065703276
8438,0,1,0.08726406,0.079372406,0.0891872084785494,0.0019231439,3.6984823e-06
8439,0,1,-0.08451581,-0.044627428,-0.1079096752922232,0.023393862,0.0005472728
8440,0,1,0.099393845,0.081751585,0.159640278324205,0.060246438,0.0036296332
8441,0,1,-0.15002918,-0.0810585,-0.0595293239987229,0.09049986,0.008190225
8442,0,1,0.05419731,0.058674574,0.0725471526475196,0.018349841,0.00033671668
8443,0,1,-0.06901908,-0.04322934,-0.0196148480744291,0.049404234,0.0024407783
8444,0,1,0.016927242,0.028166056,0.0287738501720822,0.011846608,0.0001403421
8445,0,1,-0.028220892,-0.010877371,0.0643593766260823,0.09258027,0.008571106
8446,0,1,-0.06139207,-0.040989637,-0.1185920840645571,0.057200015,0.0032718417
8447,0,1,0.10937476,0.08341098,0.2640823342163303,0.15470758,0.023934435
8448,0,1,-0.24679041,-0.12980413,-0.2387444336644764,0.008045971,6.473766e-05
8449,0,1,0.22162485,0.08319497,0.3717565136542364,0.15013167,0.022539519
8450,0,1,-0.34597135,-0.101733446,-0.1797206827974147,0.16625066,0.027639283
8451,0,1,0.16649175,0.087659836,0.1285391456083933,0.037952602,0.0014404
8452,0,1,-0.12112856,-0.05435133,-0.0350510876829255,0.08607747,0.0074093305
8453,0,1,0.03133869,0.040149212,-0.1896319976801295,0.22097069,0.048828047
8454,0,1,0.17575216,0.08750129,0.1736374965064788,0.0021146685,4.4718226e-06
8455,0,1,-0.16302395,-0.09183931,-0.1762387148813786,0.013214767,0.00017463007
8456,0,1,0.16323924,0.087659836,0.1067193863650728,0.05651985,0.0031944935
8457,0,1,-0.100833654,-0.045906305,-0.0381777683247963,0.06265588,0.0039257593
8458,0,1,0.03425789,0.04254794,0.1141953131621762,0.07993742,0.0063899914
8459,0,1,-0.10778856,-0.04639101,-0.130644607142444,0.022856042,0.0005223986
8460,0,1,0.12063646,0.0849576,0.1053259113142655,0.015310548,0.00023441289
8461,0,1,-0.099536896,-0.04581237,0.0768458462875192,0.17638275,0.031110875
8462,0,1,-0.07302332,-0.043608665,0.0455000170807835,0.11852334,0.014047781
8463,0,1,-0.04381585,-0.024886131,-0.1087017571169557,0.06488591,0.004210181
8464,0,1,0.100132704,0.081884146,0.1417562791738462,0.041623577,0.0017325222
8465,0,1,-0.13341498,-0.06616759,-0.1890471135190066,0.05563213,0.003094934
8466,0,1,0.17520571,0.08751702,0.3148728686662285,0.13966715,0.019506915
8467,0,1,-0.29365587,-0.123940945,-0.09852334520669,0.19513252,0.038076703
8468,0,1,0.0906229,0.08007145,0.1505242755572573,0.05990137,0.0035881742
8469,0,1,-0.14156151,-0.073625326,-0.1276866336879001,0.0138748735,0.00019251212
8470,0,1,0.11787295,0.08460927,0.1912425828679795,0.07336962,0.0053831013
8471,0,1,-0.17935586,-0.10431957,-0.2926143438217115,0.11325848,0.012827484
8472,0,1,0.27190423,0.07170272,0.4279176553893631,0.15601343,0.02434019
8473,0,1,-0.3974254,-0.06659365,-0.4190605527040221,0.021635145,0.0004680795
8474,0,1,0.38965607,0.01689744,0.3247717918285202,0.064884275,0.004209969
8475,0,1,-0.30277348,-0.12136388,-0.1993896120033156,0.10338387,0.010688225
8476,0,1,0.1848669,0.08711171,0.0832275399779347,0.10163937,0.010330561
8477,0,1,-0.07896614,-0.04414749,-0.0211481803018824,0.05781796,0.0033429163
8478,0,1,0.018359184,0.02936697,-0.0666080431165854,0.084967226,0.0072194296
8479,0,1,0.06080866,0.06392169,0.0799481998019437,0.019139543,0.0003663221
8480,0,1,-0.075912,-0.04387331,-0.0341964517066464,0.041715547,0.0017401869
8481,0,1,0.030540943,0.039491415,-0.0657767854129116,0.09631773,0.009277105
8482,0,1,0.060032606,0.06330776,0.0921679580519958,0.032135352,0.0010326809
8483,0,1,-0.08729029,-0.044858932,-0.1022025949151856,0.014912307,0.00022237691
8484,0,1,0.094061136,0.08075428,0.1379169680595091,0.04385583,0.001923334
8485,0,1,-0.12984705,-0.06280589,-0.0180894119661179,0.111757636,0.01248977
8486,0,1,0.015503883,0.026969433,0.0874382986667825,0.07193442,0.0051745605
8487,0,1,-0.08288741,-0.044489145,-0.2167742630865659,0.13388686,0.01792569
8488,0,1,0.20110655,0.085847616,0.115282179070729,0.08582437,0.0073658223
8489,0,1,-0.10879946,-0.04645872,-0.2953612230478408,0.18656176,0.03480529
8490,0,1,0.27446675,0.07092619,0.2481131622371086,0.026353598,0.0006945121
8491,0,1,-0.23202729,-0.1295166,-0.1940475309915315,0.037979767,0.0014424627
8492,0,1,0.17987704,0.08735442,0.2530823469131831,0.07320529,0.005359015
8493,0,1,-0.23662281,-0.12971544,-0.2166293956875278,0.01999341,0.00039973643
8494,0,1,0.20097089,0.08586097,0.3835954970566644,0.18262461,0.03335175
8495,0,1,-0.35683465,-0.09538698,-0.4516968431276931,0.09486219,0.008998835
8496,0,1,0.41996336,-0.003525734,0.3350361937196351,0.08492717,0.0072126244
8497,0,1,-0.31222153,-0.11783028,-0.2328315583152145,0.079389974,0.006302768
8498,0,1,0.2161026,0.08402419,0.0614158680810024,0.15468673,0.023927987
8499,0,1,-0.058648586,-0.03845501,-0.1174340744217201,0.05878549,0.0034557339
8500,0,1,0.10829282,0.08324361,0.4031739564463459,0.29488114,0.086954884
8501,0,1,-0.37478065,-0.0836494,-0.321333896516959,0.05344677,0.0028565573
8502,0,1,0.29868674,0.062674284,0.3267438467811825,0.028057098,0.00078720076
8503,0,1,-0.30458927,-0.120717764,-0.0736536417560045,0.23093563,0.053331267
8504,0,1,0.06738973,0.06909466,0.0435080658664119,0.023881659,0.0005703336
8505,0,1,-0.04195857,-0.023204327,0.0551967230810652,0.097155295,0.009439152
8506,0,1,-0.05285406,-0.033125162,-0.0520236154933191,0.00083044544,6.8963965e-07
8507,0,1,0.047187805,0.05305648,0.0960901167653416,0.04890231,0.002391436
8508,0,1,-0.09094167,-0.04515481,-0.0800640560253969,0.010877609,0.00011832238
8509,0,1,0.073378086,0.073758125,0.023761795005802,0.049616292,0.0024617764
8510,0,1,-0.023546219,-0.0067310333,0.1607202808173067,0.1842665,0.03395414
8511,0,1,-0.15103126,-0.081917286,-0.0879369909597711,0.063094266,0.003980886
8512,0,1,0.0807333,0.07792568,0.116168645129552,0.03543535,0.0012556639
8513,0,1,-0.10962415,-0.046513557,-0.0759112200987384,0.03371293,0.0011365617
8514,0,1,0.069499254,0.07074165,0.1049768211662001,0.035477564,0.0012586575
8515,0,1,-0.09921265,-0.04578805,0.04605076904974,0.14526342,0.02110146
8516,0,1,-0.044329166,-0.025352001,0.1011554404782804,0.1454846,0.021165768
8517,0,1,-0.09565663,-0.045521975,-0.1012245804262796,0.0055679455,3.100202e-05
8518,0,1,0.093147755,0.08057642,0.2132841145339168,0.120136365,0.014432746
8519,0,1,-0.19978738,-0.117973566,-0.0770912527376164,0.122696124,0.015054339
8520,0,1,0.07060099,0.0716002,0.041620498793653,0.028980486,0.00083986856
8521,0,1,-0.04019904,-0.021613598,0.0296014616653375,0.0698005,0.00487211
8522,0,1,-0.028992891,-0.011565208,0.0906993927169512,0.11969228,0.014326242
8523,0,1,-0.08592296,-0.044745207,-0.2242482252721531,0.13832527,0.01913388
8524,0,1,0.20808744,0.085077524,0.2151239062886074,0.0070364624,4.9511804e-05
8525,0,1,-0.20149255,-0.11870599,-0.152179556668607,0.049312994,0.0024317713
8526,0,1,0.14075875,0.08685589,0.0596588287629042,0.08109993,0.0065771984
8527,0,1,-0.057011604,-0.036945105,-0.2830180602257686,0.22600645,0.051078916
8528,0,1,0.2629509,0.07426858,0.15216827514163,0.11078262,0.01227279
8529,0,1,-0.14308858,-0.07498932,-0.1817345612797232,0.038645983,0.001493512
8530,0,1,0.16837335,0.08764768,0.2867421189313255,0.118368775,0.014011167
8531,0,1,-0.26771545,-0.12846112,-0.3527851208353763,0.08506966,0.0072368463
8532,0,1,0.32799435,0.050476074,0.186545818643617,0.14144853,0.020007687
8533,0,1,-0.17500067,-0.10110712,-0.1486107726279741,0.026389897,0.00069642666
8534,0,1,0.13742375,0.08661747,0.1103924361558901,0.027031317,0.0007306921
8535,0,1,-0.10425067,-0.046149492,-0.0603090187272403,0.04394165,0.0019308686
8536,0,1,0.05492568,0.05925536,-0.005855217351955,0.060780898,0.0036943175
8537,0,1,0.004085064,0.017290354,-0.0087154858634956,0.01280055,0.00016385409
8538,0,1,0.0067539215,0.019567013,-0.0173319680911028,0.02408589,0.00058013014
8539,0,1,0.014796495,0.026374578,-0.0319188140765014,0.046715308,0.00218232
8540,0,1,0.028414488,0.037736654,-0.2624839513503954,0.29089844,0.08462191
8541,0,1,0.24378777,0.079004765,0.2677582962261851,0.023970544,0.000574587
8542,0,1,-0.2501862,-0.12972498,-0.2418144531653743,0.0083717555,7.008629e-05
8543,0,1,0.22449088,0.08273053,0.2693348055264706,0.044843912,0.0020109764
8544,0,1,-0.25164294,-0.12967563,-0.3035343378241517,0.051891387,0.002692716
8545,0,1,0.28208947,0.06850648,0.3155677282505542,0.03347826,0.0011207939
8546,0,1,-0.29429555,-0.12378931,-0.2306435914492755,0.063651964,0.0040515726
8547,0,1,0.21405959,0.08430958,0.2942422110892164,0.08018261,0.0064292513
8548,0,1,-0.27463603,-0.12756395,-0.2038623677680631,0.07077366,0.0050089112
8549,0,1,0.18904567,0.08685732,0.0941748208779351,0.09487085,0.009000478
8550,0,1,-0.089158535,-0.045011044,-0.0043218573949053,0.08483668,0.007197262
8551,0,1,0.0026538372,0.016067505,0.1070394684287379,0.10438563,0.01089636
8552,0,1,-0.1011312,-0.045927048,-0.0990084230057917,0.0021227747,4.5061724e-06
8553,0,1,0.09107709,0.08016276,0.2426824287706677,0.15160534,0.022984179
8554,0,1,-0.22700381,-0.12807584,-0.0331212176001196,0.1938826,0.037590463
8555,0,1,0.029536963,0.038664103,-0.0102090282924502,0.03974599,0.0015797437
8556,0,1,0.008148432,0.020751238,0.1323706277762757,0.12422219,0.015431153
8557,0,1,-0.12469125,-0.057847977,-0.2788119336797834,0.15412068,0.023753185
8558,0,1,0.2590263,0.07532334,0.1541018210901659,0.10492447,0.011009145
8559,0,1,-0.14488459,-0.07658076,-0.0730554895428494,0.071829095,0.005159419
8560,0,1,0.06683135,0.0686574,0.0657414737909305,0.0010898784,1.1878349e-06
8561,0,1,-0.06267929,-0.042182207,-0.1537253538666383,0.091046065,0.008289386
8562,0,1,0.14220333,0.08694863,0.3027933113855492,0.16059,0.025789145
8563,0,1,-0.28252196,-0.12626743,-0.4060070070037795,0.12348506,0.015248559
8564,0,1,0.37752295,0.024350882,0.4122709862165683,0.034748048,0.0012074268
8565,0,1,-0.38311052,-0.077667475,-0.3727269784181142,0.010383546,0.000107818036
8566,0,1,0.34656262,0.041491985,0.4084860835771553,0.061923474,0.0038345167
8567,0,1,-0.37964535,-0.08019805,-0.347040386997099,0.032604963,0.0010630835
8568,0,1,0.32264352,0.052883387,0.2778358528296274,0.044807673,0.0020077275
8569,0,1,-0.25949407,-0.12923288,-0.1765134131364889,0.08298065,0.006885788
8570,0,1,0.16349554,0.08766055,0.1797986686444876,0.016303122,0.00026579178
8571,0,1,-0.16874123,-0.09634185,-0.1064082631220544,0.062332965,0.0038853986
8572,0,1,0.09799099,0.08149648,0.0148401365935542,0.083150856,0.0069140648
8573,0,1,-0.015224695,0.00059223175,-0.1136577977173551,0.0984331,0.009689075
8574,0,1,0.10476422,0.0826776,0.0733825321203638,0.03138169,0.0009848104
8575,0,1,-0.0697968,-0.043303728,-0.071660561104216,0.0018637627,3.4736115e-06
8576,0,1,0.065528154,0.06763625,-0.020092085782843,0.08562024,0.0073308256
8577,0,1,0.017372847,0.028539658,0.0258519852273355,0.008479139,7.1895796e-05
8578,0,1,-0.025496244,-0.008457184,-0.1250421204719356,0.09954588,0.009909382
8579,0,1,0.11540198,0.08428073,0.1088102729585061,0.0065917075,4.3450607e-05
8580,0,1,-0.10277867,-0.046045303,-0.3086368803978847,0.2058582,0.0423776
8581,0,1,0.2868483,0.06691408,0.1934573397164016,0.09339097,0.008721873
8582,0,1,-0.18141079,-0.10580492,-0.1972847597768536,0.015873969,0.00025198288
8583,0,1,0.1829009,0.08721638,0.2243844883075914,0.04148358,0.0017208875
8584,0,1,-0.21006894,-0.12219,-0.091282103421113,0.118786834,0.014110312
8585,0,1,0.08385801,0.07863259,0.1567448839658216,0.07288687,0.005312496
8586,0,1,-0.1473403,-0.07873201,-0.1365848734395873,0.01075542,0.00011567905
8587,0,1,0.12618756,0.08559084,0.0641492046716925,0.062038355,0.0038487574
8588,0,1,-0.06119609,-0.040808678,-0.0781897204810913,0.016993634,0.0002887836
8589,0,1,0.07162762,0.0723989,0.0635464524964435,0.008081168,6.530528e-05
8590,0,1,-0.060634613,-0.04028845,-0.0722747627821305,0.011640146,0.00013549301
8591,0,1,0.06610155,0.06808567,-0.0421306967066481,0.108232245,0.011714219
8592,0,1,0.037949324,0.045567274,0.2031011640234163,0.16515183,0.027275128
8593,0,1,-0.19035172,-0.11205578,-0.2286678898225251,0.03831616,0.0014681282
8594,0,1,0.21221447,0.08455706,0.2300225839329068,0.01780811,0.00031712875
8595,0,1,-0.21528864,-0.12414336,-0.1729347890356116,0.042353854,0.0017938489
8596,0,1,0.16015148,0.08763099,0.2349112738085943,0.074759796,0.005589027
8597,0,1,-0.21981406,-0.12573695,-0.3535332850278192,0.13371924,0.017880835
8598,0,1,0.32869148,0.05015564,0.3826150703089825,0.053923577,0.002907752
8599,0,1,-0.35593534,-0.09593487,-0.1925806529492328,0.16335468,0.026684752
8600,0,1,0.17850685,0.087408066,0.2083102168955526,0.029803365,0.0008882406
8601,0,1,-0.19517922,-0.115283966,0.0723495924085653,0.26752883,0.07157168
8602,0,1,-0.06883526,-0.04321146,-0.0683735439390385,0.00046171248,2.1317841e-07
8603,0,1,0.062458277,0.06522274,-0.099188876148859,0.16164716,0.026129803
8604,0,1,0.09124541,0.08019614,0.1098645156895417,0.018619105,0.0003466711
8605,0,1,-0.103760004,-0.04611516,-0.1018441376307097,0.0019158646,3.6705374e-06
8606,0,1,0.09372687,0.08068991,0.0259630879100862,0.06776378,0.00459193
8607,0,1,-0.02559948,-0.00854969,0.0322108734063304,0.05781035,0.0033420366
8608,0,1,-0.03142619,-0.013735294,-0.1979168013939674,0.16649061,0.027719125
8609,0,1,0.18349195,0.08718586,0.1867223623537728,0.0032304227,1.0435631e-05
8610,0,1,-0.1751647,-0.101230145,-0.0881657507307669,0.08699895,0.0075688167
8611,0,1,0.08094716,0.07797527,0.3106469280669657,0.22969976,0.05276198
8612,0,1,-0.2897613,-0.12482023,-0.3326588999553963,0.042897582,0.0018402026
8613,0,1,0.3092425,0.058559656,0.3066735876797,0.0025689006,6.5992504e-06
8614,0,1,-0.2860992,-0.12558341,-0.3718459923296344,0.085746795,0.007352513
8615,0,1,0.3457427,0.041909933,0.2348334435765409,0.11090925,0.012300863
8616,0,1,-0.21974182,-0.12571144,-0.067738750970443,0.15200308,0.023104936
8617,0,1,0.06186533,0.06475496,0.1728213118738222,0.11095598,0.01231123
8618,0,1,-0.16226578,-0.091231346,-0.0514407946838875,0.11082499,0.012282178
8619,0,1,0.046643496,0.052618027,0.0301915632501721,0.016451932,0.0002706661
8620,0,1,-0.029543161,-0.012054682,0.152732291319753,0.18227546,0.033224344
8621,0,1,-0.14361262,-0.07545471,-0.2660005633979136,0.122387946,0.014978809
8622,0,1,0.24706984,0.0782671,0.3627856812285364,0.11571583,0.013390154
8623,0,1,-0.33773398,-0.10616636,-0.4588829597908197,0.12114897,0.014677074
8624,0,1,0.42663074,-0.008364439,0.598534672994806,0.17190391,0.029550953
8625,0,1,-0.55234194,0.11921072,-0.4291672031566453,0.12317473,0.015172013
8626,0,1,0.39904594,0.010844469,0.3389503676073482,0.06009558,0.0036114785
8627,0,1,-0.31582284,-0.11637282,-0.2350882643767975,0.08073458,0.0065180724
8628,0,1,0.21821022,0.08371806,0.1712658840999168,0.046944335,0.0022037707
8629,0,1,-0.16082263,-0.09006548,-0.0285591774122426,0.13226345,0.01749362
8630,0,1,0.025277138,0.03513837,0.1966138720691552,0.17133674,0.029356278
8631,0,1,-0.18433762,-0.10789108,-0.1882474503799041,0.003909841,1.5286858e-05
8632,0,1,0.1744585,0.08753872,0.2125633373630338,0.038104832,0.0014519782
8633,0,1,-0.19912028,-0.117682695,-0.2377101124664409,0.038589835,0.0014891754
8634,0,1,0.22065854,0.083346605,0.1996571028605425,0.021001443,0.0004410606
8635,0,1,-0.18715858,-0.109864,-0.2183948897382817,0.031236306,0.0009757068
8636,0,1,0.20262003,0.08569193,0.2424383118948863,0.039818287,0.001585496
8637,0,1,-0.22677875,-0.12800598,-0.2176073459624166,0.0091713965,8.4114516e-05
8638,0,1,0.20188451,0.085767984,0.1655195511383129,0.036364958,0.0013224102
8639,0,1,-0.15548778,-0.085679054,-0.0692360226965544,0.08625175,0.0074393647
8640,0,1,0.06326342,0.065856695,0.0361386198257895,0.027124796,0.00073575455
8641,0,1,-0.03508854,-0.01701355,-0.104142676986672,0.069054134,0.0047684736
8642,0,1,0.09587383,0.08110213,0.0057712662087081,0.09010257,0.008118473
8643,0,1,-0.0067634583,0.0079603195,0.0358431441927002,0.042606603,0.0018153227
8644,0,1,-0.03481245,-0.01676631,0.0295435117156106,0.06435596,0.0041416897
8645,0,1,-0.028938532,-0.011516571,0.1146046053498843,0.14354314,0.020604633
8646,0,1,-0.108169794,-0.046417236,-0.087459021118768,0.020710774,0.00042893615
8647,0,1,0.08028674,0.07782316,0.0633655326385298,0.016921207,0.00028632727
8648,0,1,-0.060465813,-0.040133238,-0.0272425140009127,0.0332233,0.0011037877
8649,0,1,0.02404809,0.034116507,-0.0695698595329794,0.093617946,0.00876432
8650,0,1,0.06357527,0.06610179,0.0388414786868658,0.02473379,0.0006117603
8651,0,1,-0.037608624,-0.019278288,0.0462034043364618,0.08381203,0.0070244563
8652,0,1,-0.044471264,-0.025480986,-0.057580025746204,0.01310876,0.0001718396
8653,0,1,0.052376986,0.05722022,0.1370449279983372,0.084667936,0.0071686595
8654,0,1,-0.12903643,-0.062035084,-0.2571771100300926,0.12814069,0.016420037
8655,0,1,0.2388339,0.08006072,0.2875239215617609,0.04869002,0.0023707182
8656,0,1,-0.26843715,-0.12837791,-0.2391020951952724,0.029335052,0.00086054526
8657,0,1,0.22195768,0.08314228,0.2332517021900564,0.011294022,0.00012755494
8658,0,1,-0.21827793,-0.12520647,-0.2813895587119179,0.06311163,0.003983078
8659,0,1,0.26143098,0.074682236,0.0359256668851446,0.2255053,0.050852645
8660,0,1,-0.03488946,-0.01683569,0.0751528458221613,0.110042304,0.0121093085
8661,0,1,-0.071446896,-0.04346037,-0.0704957403407786,0.000951156,9.046978e-07
8662,0,1,0.06444049,0.066782236,0.035298560048905,0.029141929,0.00084925204
8663,0,1,-0.034305096,-0.016311646,-0.1932862668671786,0.15898117,0.025275014
8664,0,1,0.17916512,0.08738375,0.1237220673519421,0.055443056,0.0030739324
8665,0,1,-0.11664963,-0.049872637,-0.0549079909102987,0.061741635,0.0038120295
8666,0,1,0.04988098,0.055222034,0.1638986572821732,0.11401768,0.013000031
8667,0,1,-0.15398264,-0.08441901,-0.2147794688178974,0.060796827,0.0036962542
8668,0,1,0.19924355,0.08602953,0.0838694814487825,0.115374066,0.013311175
8669,0,1,-0.07956457,-0.044199944,-0.1626058464081987,0.08304128,0.006895854
8670,0,1,0.15050125,0.087374926,0.1165355615252572,0.033965692,0.0011536683
8671,0,1,-0.10996556,-0.046535015,-0.1577096495385865,0.04774408,0.0022794972
8672,0,1,0.145926,0.08716416,0.1247327570435774,0.021193244,0.00044915357
8673,0,1,-0.11758971,-0.050819397,-0.1647456075616529,0.0471559,0.002223679
8674,0,1,0.15250015,0.087448835,0.1529618800178505,0.00046172738,2.1319218e-07
8675,0,1,-0.14382553,-0.07564449,0.0034599147378289,0.14728545,0.021693002
8676,0,1,-0.0046076775,0.009824991,0.0778034679626595,0.08241115,0.006791597
8677,0,1,-0.07391453,-0.04369068,-0.1261291150615489,0.052214593,0.0027263637
8678,0,1,0.11641717,0.084418535,0.0651078371193278,0.051309332,0.0026326475
8679,0,1,-0.062088966,-0.041635036,0.1890375132770776,0.25112647,0.0630645
8680,0,1,-0.17731142,-0.102822304,-0.1612641873215476,0.01604724,0.0002575139
8681,0,1,0.14924788,0.08732271,0.1103589289392052,0.038888954,0.0015123507
8682,0,1,-0.10422039,-0.046147346,-0.1414009818184753,0.037180588,0.0013823961
8683,0,1,0.13068748,0.086043596,0.0063238226413275,0.12436365,0.0154663185
8684,0,1,-0.0072796345,0.0075125694,0.098273702715939,0.10555334,0.011141507
8685,0,1,-0.092974424,-0.04531479,-0.2074887460844419,0.11451432,0.013113529
8686,0,1,0.19243312,0.08661389,0.2488086257995592,0.056375504,0.0031781974
8687,0,1,-0.23267055,-0.12955022,-0.2638004402130285,0.031129897,0.0009690705
8688,0,1,0.24501634,0.078731775,0.2967476490249781,0.05173132,0.0026761293
8689,0,1,-0.27694726,-0.12721443,-0.4503934980456257,0.17344624,0.030083597
8690,0,1,0.4187534,-0.0026621819,0.4631930900337888,0.044439703,0.0019748872
8691,0,1,-0.42963433,-0.037969828,-0.4715151302853537,0.041880786,0.0017540003
8692,0,1,0.4383459,-0.017166376,0.4306380981670172,0.0077078044,5.941025e-05
8693,0,1,-0.39991164,-0.06456685,-0.1893560938579175,0.21055555,0.04433364
8694,0,1,0.17549443,0.08750844,0.15015450257262,0.025339931,0.0006421121
8695,0,1,-0.14121819,-0.073316336,-0.1378736193070335,0.0033445656,1.1186119e-05
8696,0,1,0.1273911,0.08571792,0.2522534587719365,0.12486237,0.015590612
8697,0,1,-0.23585534,-0.12968993,-0.1550784440575019,0.0807769,0.0065249074
8698,0,1,0.14346766,0.08702612,0.0236723579979085,0.11979531,0.014350915
8699,0,1,-0.023462772,-0.006657362,0.0256360845355181,0.049098857,0.0024106978
8700,0,1,-0.02529478,-0.008278847,-0.0874665267299437,0.062171742,0.0038653256
8701,0,0,0.080293894,0.07782459,-0.062044676488973,0.14233857,0.020260269
8702,0,0,0.056546926,0.060544252,-0.1366826076301497,0.19322954,0.037337657
8703,0,0,0.12627792,0.08560109,-0.287697642605567,0.41397557,0.17137577
8704,0,0,0.2673173,0.07304597,-0.364928221276001,0.63224554,0.39973444
8705,0,0,0.33930254,0.04512024,-0.3744281679561476,0.7137307,0.5094115
8706,0,0,0.34814644,0.040680885,-0.4131364007971676,0.7612828,0.5795515
8707,0,0,0.3841505,0.020331144,-0.4059357107902319,0.7900862,0.6242362
8708,1,0,-0.4193504,0.024390697,-0.5473669186195611,0.12801653,0.016388232
8709,1,0,-0.56114674,-0.07787299,-0.2862672996110396,0.27487943,0.0755587
8710,1,0,-0.29869127,0.073425055,-0.1617850045542694,0.13690627,0.018743325
8711,1,0,-0.17263675,0.08734417,-0.232342464300268,0.05970572,0.003564773
8712,1,0,-0.24414682,0.08408952,-0.2461092662564707,0.0019624382,3.851164e-06
8713,1,0,-0.25808072,0.08204293,-0.2278342677263478,0.030246451,0.0009148478
8714,1,0,-0.23958158,0.08465934,-0.2708022217982244,0.031220645,0.00097472867
8715,1,0,-0.2830584,0.0772109,-0.1862834147802781,0.096774995,0.009365399
8716,1,0,-0.19748282,0.08758235,-0.3377023801854912,0.14021957,0.019661527
8717,1,0,-0.35062146,0.05662656,-0.0723017718119733,0.2783197,0.077461846
8718,1,0,-0.08175039,0.0681057,-0.0589695729558163,0.02278082,0.00051896577
8719,1,0,-0.068193436,0.05825734,-0.0994712549092695,0.03127782,0.0009783021
8720,1,0,-0.10936642,0.08025074,-0.0546024814973828,0.054763936,0.0029990887
8721,1,0,-0.0637517,0.05499339,-0.1581057644874164,0.09435406,0.008902689
8722,1,0,-0.16890335,0.08718276,-0.1323157159106487,0.03658764,0.0013386555
8723,1,0,-0.14272738,0.085143805,0.0376429996227121,0.18037038,0.03253347
8724,1,0,0.030153513,-0.01827383,0.0217273781794369,0.008426135,7.0999755e-05
8725,1,0,0.013941765,-0.005054474,0.0530255972751714,0.03908383,0.0015275459
8726,1,0,0.045826674,-0.03127289,0.114990106067939,0.069163434,0.0047835805
8727,1,0,0.10899234,-0.04644108,0.1077352890906717,0.001257047,1.5801673e-06
8728,1,0,0.10159445,-0.045974493,-0.0325457661363728,0.13414022,0.0179936
8729,1,0,-0.041312456,0.038220406,-0.1002526399639767,0.058940187,0.0034739457
8730,1,0,-0.110161304,0.080396175,-0.0487531173944515,0.06140819,0.0037709656
8731,1,0,-0.057801962,0.050591707,0.0166168020383188,0.07441877,0.005538153
8732,1,0,0.008735657,-0.0008599758,0.1071386157528953,0.09840296,0.009683143
8733,1,0,0.10098696,-0.0459342,-0.0595367169457938,0.16052368,0.025767853
8734,1,0,-0.06876969,0.05867958,-0.0048386056117744,0.063931085,0.0040871836
8735,1,0,-0.0131111145,0.016480207,0.0151248846830394,0.028235998,0.0007972716
8736,1,0,0.007216215,0.00035977364,-0.1102112767185774,0.11742749,0.013789215
8737,1,0,-0.120278835,0.082131386,-0.0911030220033204,0.02917581,0.0008512279
8738,1,0,-0.10086298,0.07859659,-0.1392870494057141,0.038424075,0.0014764095
8739,1,0,-0.14980555,0.085852385,-0.0818627594762659,0.06794278,0.004616222
8740,1,0,-0.09147072,0.075059175,-0.0582755352481378,0.033195183,0.0011019201
8741,1,0,-0.06748748,0.057739735,0.1234742279315512,0.1909617,0.03646637
8742,1,0,0.11764407,-0.04963851,0.1748570745525604,0.05721301,0.0032733283
8743,1,0,0.1700561,-0.092741966,0.218036346066794,0.047980234,0.0023021027
8744,1,0,0.21411371,-0.11983967,0.2986929965675706,0.08457929,0.0071536563
8745,1,0,0.2964244,-0.12692595,0.3085706049916084,0.012146205,0.00014753029
8746,1,0,0.306504,-0.12522721,0.1307072684246333,0.17579675,0.030904496
8747,1,0,0.12502122,-0.05633712,0.0463710617357229,0.07865016,0.006185848
8748,1,0,0.039046288,-0.025622606,0.1411996452866968,0.10215336,0.010435309
8749,1,0,0.13572264,-0.06568289,0.1475925775705384,0.011869937,0.00014089541
8750,1,0,0.14224291,-0.071165085,0.0900297259741811,0.052213185,0.0027262166
8751,1,0,0.083542824,-0.04469347,0.0137623778742734,0.06978045,0.0048693107
8752,1,0,0.0058288574,0.0014722347,0.1297150161755635,0.12388615,0.015347779
8753,1,0,0.12400937,-0.055429935,0.036767175684834,0.08724219,0.0076112
8754,1,0,0.029260874,-0.017539978,0.1877065514388332,0.15844567,0.025105031
8755,1,0,0.18316603,-0.10190916,0.0236884463432272,0.15947758,0.025433097
8756,1,0,0.01593852,-0.0066707134,-0.0135920050657873,0.029530525,0.0008720519
8757,1,1,-0.022022247,0.023427963,-0.1056564744959667,0.08363423,0.006994684
8758,1,1,-0.11565113,0.081367254,-0.0552724781438533,0.060378652,0.0036455817
8759,1,1,-0.064433575,0.055495977,0.1095354067890994,0.17396897,0.030265203
8760,1,1,0.10343003,-0.046093225,-0.1653497565843293,0.26877978,0.07224257
8761,1,1,-0.1762526,0.08746886,0.1145450379932024,0.29079765,0.08456327
8762,1,1,0.108538866,-0.046412945,-0.143984964923737,0.25252384,0.06376829
8763,1,1,-0.15457416,0.08626294,0.1694645331701303,0.32403868,0.10500107
8764,1,1,0.16455507,-0.08870411,-0.0699403956951081,0.23449546,0.05498812
8765,1,1,-0.07935047,0.06637454,0.0733061178330873,0.15265658,0.023304032
8766,1,1,0.06649542,-0.043297052,0.0923725989091037,0.025877178,0.0006696283
8767,0,1,-0.08748102,-0.04487443,-0.0739402225157745,0.013540797,0.00018335319
8768,0,1,0.06765795,0.06930399,0.0989010492414195,0.0312431,0.00097613136
8769,0,1,-0.09355807,-0.045360804,-0.2043549872851917,0.11079691,0.012275956
8770,0,1,0.18950629,0.08682561,0.1946998091865195,0.0051935166,2.6972615e-05
8771,0,1,-0.18256283,-0.10663104,-0.1200122487317347,0.06255058,0.003912575
8772,0,1,0.1107018,0.083610535,0.1566847513408671,0.045982957,0.0021144324
8773,0,1,-0.14728379,-0.07868385,0.0218551682413403,0.16913897,0.02860799
8774,0,1,-0.021768332,-0.005159378,0.0760901235413604,0.09785846,0.009576278
8775,0,1,-0.072319746,-0.043542147,-0.0847258056727229,0.012406059,0.0001539103
8776,0,1,0.07773256,0.0771234,0.2015004131901787,0.12376785,0.015318481
8777,0,1,-0.18886852,-0.111043215,0.0817141264746137,0.27058265,0.07321497
8778,0,1,-0.077557564,-0.04402232,-0.1173026310138194,0.03974507,0.0015796706
8779,0,1,0.108169794,0.08322477,-0.0359668972023352,0.1441367,0.020775387
8780,0,1,0.032194138,0.040853024,0.1187195160198246,0.08652538,0.0074866414
8781,0,1,-0.111997366,-0.046667337,-0.2044424575217678,0.09244509,0.008546094
8782,0,1,0.1895876,0.08682084,0.2703251260226156,0.08073753,0.006518549
8783,0,1,-0.25255728,-0.12963939,-0.2989324317825694,0.046375155,0.002150655
8784,0,1,0.27779794,0.06988907,0.3055346299388803,0.027736694,0.0007693242
8785,0,1,-0.28504872,-0.12579036,-0.414112289584815,0.12906358,0.016657406
8786,0,1,0.3850577,0.01977086,0.4111246277788631,0.02606693,0.0006794848
8787,0,1,-0.38206148,-0.07844162,-0.5756360282624859,0.19357455,0.037471104
8788,0,1,0.534616,-0.10387659,0.6930397783044486,0.15842378,0.025098095
8789,0,1,-0.63710904,0.2738042,-0.6592643287360906,0.022155285,0.00049085665
8790,0,1,0.6114929,-0.1911428,0.6513061705948608,0.03981328,0.0015850973
8791,0,1,-0.59977436,0.20098066,-0.5682525633077211,0.031521797,0.0009936237
8792,0,1,0.5278082,-0.09691024,0.6508909600239554,0.12308276,0.015149365
8793,0,1,-0.5994022,0.20029354,-0.5501984047057822,0.049203813,0.0024210152
8794,0,1,0.51114845,-0.080396175,0.426207523334758,0.08494094,0.0072149634
8795,0,1,-0.3958609,-0.06785202,-0.430101838428425,0.03424093,0.0011724414
8796,0,1,0.3999145,0.01027298,0.4129282357408743,0.0130137205,0.00016935692
8797,0,1,-0.38371205,-0.07722378,-0.3698404181892942,0.01387164,0.00019242239
8798,0,1,0.3438754,0.042851925,0.2879210932964642,0.055954307,0.0031308846
8799,0,1,-0.2688036,-0.128335,-0.3437091721364789,0.074905574,0.005610845
8800,0,1,0.31953907,0.05424404,0.3284832263148329,0.008944154,7.999789e-05
8801,0,1,-0.30619025,-0.12013483,-0.4251296957433723,0.11893943,0.014146588
8802,0,1,0.39529562,0.013292551,0.5220335912450467,0.12673795,0.01606251
8803,0,1,-0.48315907,0.021102905,-0.4419088617535691,0.0412502,0.001701579
8804,0,1,0.41087842,0.002866745,0.5507187267884874,0.1398403,0.019555312
8805,0,1,-0.509156,0.055058956,-0.6129380317112569,0.10378206,0.010770716
8806,0,1,0.56896114,-0.14092064,0.4936117472601342,0.07534939,0.0056775305
8807,0,1,-0.45733738,-0.009205103,-0.6545720976118836,0.19723469,0.038901523
8808,0,1,0.6071906,-0.1858468,0.5069449702138029,0.100245655,0.010049191
8809,0,1,-0.46945834,0.004599571,-0.3826400749010559,0.08681828,0.0075374134
8810,0,1,0.355788,0.036666155,0.3822696741329743,0.026481688,0.0007012798
8811,0,1,-0.35561872,-0.09612751,-0.3306401536123728,0.024978548,0.00062392786
8812,0,1,0.30736136,0.05931568,0.2833081360219256,0.024053216,0.0005785572
8813,0,1,-0.2645464,-0.1287961,-0.2453820811407419,0.019164309,0.00036727072
8814,0,1,0.22782207,0.08216214,0.2338098438216675,0.0059877783,3.585349e-05
8815,0,1,-0.21879387,-0.12538528,-0.2866383640083318,0.06784448,0.0046028737
8816,0,1,0.2663288,0.07332659,0.2669999041046726,0.0006710887,4.5036003e-07
8817,0,1,-0.2494855,-0.12974668,-0.3081927438925356,0.058707237,0.0034465396
8818,0,1,0.28643417,0.06705451,0.3452096525543573,0.058775485,0.0034545576
8819,0,1,-0.32158017,-0.113913536,-0.4200123282274211,0.09843215,0.009688889
8820,0,1,0.39054036,0.016338348,0.273190591471582,0.11734977,0.01377097
8821,0,1,-0.2552042,-0.12951064,-0.3837047834114444,0.12850058,0.0165124
8822,0,1,0.35677958,0.036134243,0.2299352013228852,0.12684438,0.016089495
8823,0,1,-0.21520805,-0.124114275,-0.2308309591997352,0.015622899,0.00024407497
8824,0,1,0.21423483,0.08428621,0.2225326115003487,0.008297786,6.885325e-05
8825,0,1,-0.208354,-0.121519804,-0.1862796740461498,0.022074327,0.00048727592
8826,0,1,0.17261958,0.08758187,0.0722058989070673,0.10041368,0.010082907
8827,0,1,-0.06870127,-0.043199062,0.066600447710718,0.13530171,0.018306553
8828,0,1,-0.0634799,-0.042686224,-0.1395658203477392,0.076085925,0.005789068
8829,0,1,0.12897277,0.085878134,0.009836905898076,0.119135864,0.014193354
8830,0,1,-0.010556459,0.0046663284,0.2392398593435829,0.24979632,0.0623982
8831,0,1,-0.22381902,-0.12706876,-0.25307994913579,0.029260933,0.0008562022
8832,0,1,0.23500896,0.080828905,0.2471221698342423,0.012113214,0.00014672994
8833,0,1,-0.23111081,-0.1293068,-0.138872927439178,0.09223789,0.008507828
8834,0,1,0.12832522,0.085813284,0.050507873430015,0.07781735,0.00605554
8835,0,1,-0.04848385,-0.02913022,-0.2245317617610891,0.1760479,0.030992866
8836,0,1,0.20835161,0.085044384,0.2722316548582797,0.063880056,0.0040806616
8837,0,1,-0.25431895,-0.12955713,-0.0588402908363963,0.19547866,0.03821191
8838,0,1,0.053554058,0.05816078,-0.0978812840389244,0.15143535,0.022932664
8839,0,1,0.09002352,0.07994771,0.2092228285201223,0.119199306,0.014208474
8840,0,1,-0.19602442,-0.11583924,-0.0465086965926557,0.14951572,0.02235495
8841,0,1,0.042037487,0.04889369,0.1713289231179326,0.12929143,0.016716274
8842,0,1,-0.16088104,-0.09011364,0.0188165917259235,0.17969763,0.03229124
8843,0,1,-0.018933535,-0.0026626587,-0.1248703240482091,0.10593679,0.011222603
8844,0,1,0.11524081,0.08425903,0.075057057730524,0.040183753,0.001614734
8845,0,1,-0.07135701,-0.043452024,0.003167618518082,0.07452463,0.005553921
8846,0,1,-0.004334688,0.010060787,-0.1430456349130078,0.13871095,0.019240726
8847,0,1,0.13222408,0.08618665,0.2260926198800934,0.09386854,0.0088113025
8848,0,1,-0.21165037,-0.12279558,-0.101881355081701,0.10976902,0.012049237
8849,0,1,0.093761206,0.080696344,0.1990061893140051,0.10524498,0.011076505
8850,0,1,-0.18655539,-0.109445095,-0.2951500621676373,0.108594686,0.011792806
8851,0,1,0.27426934,0.070986986,0.4379491687002876,0.16367984,0.02679109
8852,0,1,-0.40659356,-0.058968782,-0.5438007080002096,0.13720715,0.018825803
8853,0,1,0.5052409,-0.07471943,0.3821425204011968,0.1230984,0.015153217
8854,0,1,-0.35550165,-0.09619713,-0.2589799118479883,0.096521735,0.009316445
8855,0,1,0.2405169,0.07971048,0.0413707450450502,0.19914615,0.03965919
8856,0,1,-0.039965868,-0.02140379,-0.1077247716848321,0.0677589,0.004591269
8857,0,1,0.099220514,0.08172035,-0.0151889441408004,0.11440946,0.013089525
8858,0,1,0.012796164,0.024687529,-0.0093070226938265,0.022103187,0.00048855087
8859,0,1,0.0073063374,0.020035744,-0.0629173573079406,0.0702237,0.0049313675
8860,0,1,0.057361364,0.061191797,0.0696560598884272,0.012294695,0.00015115952
8861,0,1,-0.06632638,-0.042968035,-0.1492677068369747,0.08294132,0.006879263
8862,0,1,0.13803816,0.0866642,0.0646787014226695,0.07335946,0.0053816102
8863,0,1,-0.061689377,-0.04126501,0.0677383952645858,0.12942778,0.016751548
8864,0,1,-0.06453943,-0.04279232,-0.1083506727472425,0.04381124,0.0019194247
8865,0,1,0.09980488,0.081825495,0.1585803294103973,0.058775455,0.0034545541
8866,0,1,-0.14904428,-0.08020997,-0.140336750109201,0.008707523,7.5820964e-05
8867,0,1,0.1296928,0.08594942,0.0526931895757982,0.076999605,0.005928939
8868,0,1,-0.050519705,-0.030989408,-0.1089128895682622,0.058393188,0.0034097645
8869,0,1,0.10033059,0.081918955,0.2462366295390459,0.14590603,0.02128857
8870,0,1,-0.23029089,-0.12906742,-0.2897836949659318,0.059492797,0.003539393
8871,0,1,0.26926255,0.0724833,0.5562927030099614,0.28703016,0.082386315
8872,0,1,-0.51419926,0.062051535,-0.4764603277264698,0.03773892,0.001424226
8873,0,1,0.4429295,-0.020715475,0.1296053199496794,0.31332418,0.098172046
8874,0,1,-0.1221199,-0.055330515,-0.1263144775560878,0.0041945726,1.7594439e-05
8875,0,1,0.116589785,0.08444142,-0.0056233656252504,0.12221315,0.014936053
8876,0,1,0.0038685799,0.017106056,-0.0668705884449165,0.070739165,0.0050040293
8877,0,1,0.06105423,0.06411481,0.046562992123881,0.014491238,0.00020999597
8878,0,1,-0.044807196,-0.025785208,0.1121286837985175,0.15693587,0.024628868
8879,0,1,-0.10586667,-0.046260595,-0.1877518381470482,0.081885174,0.0067051817
8880,0,1,0.17399573,0.08754969,0.0542040810241992,0.11979166,0.014350041
8881,0,1,-0.05192828,-0.032277822,-0.06130922372173,0.00938094,8.8002045e-05
8882,0,1,0.055859804,0.059998512,0.046600836444234,0.009258967,8.572847e-05
8883,0,1,-0.044841528,-0.025816917,-0.2043944689595997,0.15955295,0.025457142
8884,0,1,0.18954301,0.08682346,0.2632625663678927,0.07371956,0.0054345736
8885,0,1,-0.24603224,-0.12981391,-0.2664998398477256,0.02046761,0.00041892304
8886,0,1,0.24753618,0.07816005,0.204368183919001,0.043167993,0.0018634757
8887,0,1,-0.19152546,-0.11285019,-0.2571811068521619,0.06565565,0.0043106643
8888,0,1,0.23883772,0.080060005,0.1894841504651796,0.04935357,0.0024357748
8889,0,1,-0.17772627,-0.10312724,-0.1735304148314433,0.004195854,1.760519e-05
8890,0,1,0.16070795,0.0876379,0.2175278954478745,0.056819946,0.0032285063
8891,0,1,-0.2037189,-0.11964369,-0.218027569642444,0.014308676,0.00020473821
8892,0,1,0.2022767,0.085727215,0.1597410068106426,0.042535692,0.0018092851
8893,0,1,-0.15012193,-0.08113766,-0.2140707878728238,0.063948855,0.004089456
8894,0,1,0.19858146,0.08609247,0.2156836440090739,0.017102182,0.00029248462
8895,0,1,-0.20201087,-0.118927,-0.2298341689129497,0.0278233,0.000774136
8896,0,1,0.21330357,0.08441234,0.1324529471575584,0.080850616,0.0065368223
8897,0,1,-0.1247673,-0.057922363,-0.1124070202669509,0.012360282,0.00015277657
8898,0,1,0.10359597,0.08248353,-0.0026712329419802,0.10626721,0.011292719
8899,0,1,0.0011143684,0.014747858,-0.0196901802307563,0.020804549,0.00043282926
8900,0,1,0.016998053,0.028224707,-0.0633791586348953,0.08037721,0.0064604967
8901,0,1,0.057792664,0.061534405,0.0903684651377418,0.0325758,0.0010611828
8902,0,1,-0.08561492,-0.044719458,-0.1285450122994977,0.042930096,0.0018429932
8903,0,1,0.11867547,0.08471298,0.1545699001645832,0.035894424,0.0012884097
8904,0,1,-0.14531946,-0.07696438,-0.1443589419294162,0.00096051395,9.2258705e-07
8905,0,1,0.1334517,0.08629537,0.1371791865744791,0.0037274808,1.3894113e-05
8906,0,1,-0.12916064,-0.062153816,-0.1882267214101656,0.059066072,0.003488801
8907,0,1,0.17443824,0.08753872,0.1893177986029832,0.0148795545,0.00022140115
8908,0,1,-0.17757154,-0.103013515,-0.1667576975679674,0.010813832,0.000116938965
8909,0,1,0.1543808,0.08750868,0.1185856982585114,0.0357951,0.0012812892
8910,0,1,-0.11187315,-0.046658754,-0.1439679775287272,0.03209482,0.0010300776
8911,0,1,0.13308597,0.08626294,0.1513019504822077,0.018215984,0.00033182208
8912,0,1,-0.14228415,-0.07427144,-0.0838040467441132,0.058480106,0.003419923
8913,0,1,0.07687235,0.07646036,-0.0419045256633676,0.11877687,0.014107945
8914,0,1,0.037738323,0.04539466,0.0751164818285157,0.037378162,0.001397127
8915,0,1,-0.07141256,-0.04345727,-0.1292529008427441,0.057840332,0.003345504
8916,0,1,0.11933589,0.08479571,0.1820628440063285,0.06272696,0.0039346716
8917,0,1,-0.17084217,-0.09796023,-0.1744817881654006,0.0036396235,1.3246859e-05
8918,0,1,0.16159725,0.08764815,0.2730558320452667,0.11145857,0.012423012
8919,0,1,-0.25507975,-0.12951684,-0.2662839409807143,0.011204183,0.00012553371
8920,0,1,0.24733424,0.078207016,0.2143341634542492,0.03300008,0.0010890054
8921,0,1,-0.20076084,-0.11839414,-0.0214791203759872,0.17928173,0.03214194
8922,0,1,0.018667698,0.029626131,0.0489525213516039,0.030284822,0.00091717043
8923,0,1,-0.04703355,-0.027809381,0.0097602340159599,0.056793783,0.0032255338
8924,0,1,-0.010485649,0.0047295094,0.1004165065920976,0.11090215,0.012299287
8925,0,1,-0.094968796,-0.04546857,-0.1456437514145316,0.05067496,0.0025679516
8926,0,1,0.13465166,0.08639693,0.1356865723453393,0.0010349154,1.07105e-06
8927,0,1,-0.12777328,-0.060827017,-0.1324794318171789,0.0047061443,2.2147795e-05
8928,0,1,0.12235093,0.085161924,0.1709619992632975,0.048611075,0.0023630366
8929,0,1,-0.1605401,-0.08983731,-0.1760140715014668,0.015473962,0.0002394435
8930,0,1,0.16302872,0.087658405,0.2130341673438183,0.05000545,0.002500545
8931,0,1,-0.19955611,-0.11787319,-0.1640039125271712,0.035552204,0.0012639592
8932,0,1,0.15180731,0.087424755,0.2119812034022259,0.0601739,0.0036208981
8933,0,1,-0.19858027,-0.11744714,-0.0563987246496071,0.14218155,0.020215591
8934,0,1,0.051273584,0.05633807,0.0996022048805516,0.048328623,0.0023356557
8935,0,1,-0.09421086,-0.04541111,-0.142426438742623,0.048215583,0.0023247425
8936,0,1,0.13164544,0.08613253,0.2418175173683412,0.11017208,0.012137887
8937,0,1,-0.22620392,-0.1278274,-0.1130100007785102,0.113193914,0.012812862
8938,0,1,0.104159355,0.08257747,0.0799791687579549,0.024180189,0.0005846815
8939,0,1,-0.075941324,-0.043875217,-0.1158520337987214,0.03991071,0.0015928649
8940,0,1,0.10681462,0.08301067,0.2031393991608303,0.09632477,0.009278461
8941,0,1,-0.19038653,-0.112080574,-0.2354214275751425,0.0450349,0.0020281423
8942,0,1,0.2185216,0.08367181,0.2215594913692746,0.0030378997,9.228835e-06
8943,0,1,-0.20745301,-0.12116313,-0.3278342021925713,0.12038118,0.014491628
8944,0,1,0.3047459,0.060351133,0.1407365300756118,0.16400938,0.026899075
8945,0,1,-0.13246727,-0.06528115,0.0078543999503839,0.14032167,0.01969017
8946,0,1,-0.008708,0.0062744617,-0.1293952884152149,0.12068729,0.014565422
8947,0,1,0.119469166,0.08481288,0.2252628562983294,0.105793685,0.011192304
8948,0,1,-0.21088195,-0.12250209,-0.2821606893566226,0.07127875,0.0050806603
8949,0,1,0.262151,0.074487686,0.1414165591541101,0.12073444,0.014576805
8950,0,1,-0.1330986,-0.065873384,-0.230726717769079,0.09762812,0.009531249
8951,0,1,0.21413708,0.084299326,0.1756009109728453,0.03853616,0.0014850358
8952,0,1,-0.1648457,-0.09329057,-0.1414122499067556,0.023433462,0.0005491271
8953,0,1,0.13069749,0.0860455,0.2011294771621408,0.07043199,0.0049606655
8954,0,1,-0.18852425,-0.11080694,-0.1828589868159325,0.0056652576,3.2095144e-05
8955,0,1,0.16942406,0.08763552,0.1639871893974311,0.0054368675,2.9559527e-05
8956,0,1,-0.15406513,-0.08448744,-0.0396115783783255,0.114453554,0.013099616
8957,0,1,0.035597086,0.043645382,0.1751588337383576,0.13956174,0.01947748
8958,0,1,-0.16443515,-0.09296489,-0.093985514959296,0.070449635,0.004963151
8959,0,1,0.08638406,0.079184294,0.1072601641830952,0.02087611,0.00043581196
8960,0,1,-0.101337194,-0.045942545,-0.1865614428106341,0.08522424,0.0072631715
8961,0,1,0.17288375,0.08757615,0.1635536570887574,0.009330094,8.705065e-05
8962,0,1,-0.15366268,-0.08414936,-0.1388800332938267,0.014782652,0.00021852681
8963,0,1,0.1283319,0.085814476,0.1075376817580782,0.02079422,0.0004323996
8964,0,1,-0.10159516,-0.04596138,-0.2430732225873528,0.14147806,0.020016043
8965,0,1,0.22566676,0.08253312,0.2190811679548772,0.006585598,4.3370103e-05
8966,0,1,-0.20515776,-0.12023616,0.0110453030227173,0.21620306,0.046743765
8967,0,1,-0.011684418,0.0036845207,-0.1234378752917768,0.11175346,0.012488835
8968,0,1,0.11390209,0.08407426,0.1452218810260603,0.031319782,0.0009809288
8969,0,1,-0.1366353,-0.069150686,-0.1543275412774249,0.017692238,0.00031301528
8970,0,1,0.14276576,0.08698392,0.105239718906819,0.03752604,0.0014082037
8971,0,1,-0.099457026,-0.04580617,-0.1864142180025241,0.08695719,0.0075615523
8972,0,1,0.1727457,0.087578535,0.162977842205199,0.00976786,9.5411095e-05
8973,0,1,-0.15312839,-0.083697796,-0.1512492842263908,0.001879096,3.531002e-06
8974,0,1,0.13988948,0.08679581,0.2024582759923343,0.0625688,0.0039148545
8975,0,1,-0.18975544,-0.11165023,-0.0435118255780313,0.14624362,0.021387195
8976,0,1,0.03923917,0.046619654,0.0911621887985738,0.05192302,0.0026960003
8977,0,1,-0.08635402,-0.04478073,-0.066651928013214,0.019702092,0.00038817243
8978,0,1,0.060849905,0.06395364,-0.0634361327254406,0.12428604,0.01544702
8979,0,1,0.057846308,0.06157589,0.0886214463138284,0.030775137,0.0009471091
8980,0,1,-0.08398914,-0.044582844,-0.2414433809340992,0.15745424,0.024791837
8981,0,1,0.22414422,0.08278823,0.2940162143845408,0.06987199,0.0048820954
8982,0,1,-0.27442718,-0.12759495,-0.2955644696810648,0.021137297,0.00044678533
8983,0,1,0.27465653,0.07086754,0.3952142269362166,0.120557696,0.014534158
8984,0,1,-0.36748743,-0.088608265,-0.25252447630288,0.114962965,0.013216483
8985,0,1,0.23449016,0.08093023,0.2814363727745532,0.046946228,0.0022039483
8986,0,1,-0.26281834,-0.12895942,-0.2107756363489579,0.052042693,0.0027084418
8987,0,1,0.19550347,0.08636737,0.0908746940914633,0.10462878,0.010947182
8988,0,1,-0.08608627,-0.04475856,-0.1348256530885789,0.048739374,0.0023755266
8989,0,1,0.12454295,0.085412264,0.1711133997371043,0.04657045,0.0021688067
8990,0,1,-0.16068101,-0.0899508,-0.1036270391770952,0.05705397,0.0032551554
8991,0,1,0.09539175,0.08101034,0.0453702161844926,0.050021533,0.0025021539
8992,0,1,-0.04369521,-0.02477622,-0.1699073450759285,0.12621213,0.015929503
8993,0,1,0.15732288,0.08758283,0.0673019388402713,0.09002095,0.008103771
8994,0,1,-0.064133406,-0.042751312,-0.1356920352772332,0.071558625,0.005120637
8995,0,1,0.12535286,0.085500956,0.1678682475304831,0.042515382,0.0018075578
8996,0,1,-0.15766859,-0.087488174,-0.3792525795636909,0.22158399,0.049099464
8997,0,1,0.35263562,0.038342714,0.2965937184338512,0.056041896,0.0031406942
8998,0,1,-0.27680516,-0.12723732,-0.2846696094096463,0.007864445,6.18495e-05
8999,0,1,0.26449203,0.073843,0.2840265799870485,0.019534558,0.00038159895
