,state,label,pred,predbase,target,mae,mse
0,1,0,3.9192917,3.9394329,3.964876202600209,0.04558444,0.002077941
1,1,0,3.953633,3.9706843,3.968705152697765,0.015072107,0.00022716842
2,1,0,3.9576428,3.9743397,4.0126072930534455,0.054964304,0.0030210747
3,1,0,4.003359,4.016082,3.9718811499294193,0.03147769,0.0009908449
4,1,0,3.9609663,3.977369,3.886350228861896,0.074616194,0.0055675763
5,1,0,3.8749602,3.8952563,3.9442687633444833,0.06930852,0.004803671
6,1,0,3.9319894,3.950978,3.887893420096557,0.044095993,0.0019444566
7,1,0,3.8763235,3.8967478,3.823535624278502,0.05278778,0.0027865497
8,1,0,3.8191907,3.8342698,3.806132217986226,0.013058424,0.00017052244
9,1,0,3.8036377,3.8172748,3.784961007132203,0.018676758,0.00034882128
10,1,0,3.7846582,3.7965386,3.876412849710861,0.091754675,0.00841892
11,1,0,3.866176,3.885647,3.725430872373925,0.14074492,0.019809134
12,1,0,3.7309525,3.7379048,3.738004601655349,0.007052183,4.9733288e-05
13,1,0,3.7423375,3.7503302,3.693273536982133,0.04906392,0.0024072684
14,1,0,3.7017357,3.7060277,3.6957880173654334,0.0059478283,3.5376663e-05
15,1,0,3.7040255,3.708526,3.509182974504936,0.19484258,0.03796363
16,1,0,3.5318105,3.520923,3.48900419300522,0.042806387,0.0018323867
17,1,0,3.5129192,3.5003717,3.6417302252339865,0.12881112,0.016592305
18,1,0,3.65461,3.6546438,3.495020922735104,0.15958905,0.025468666
19,1,0,3.5185568,3.5065043,3.5565140951150336,0.03795719,0.0014407483
20,1,0,3.5759218,3.56893,3.631172674120671,0.055250883,0.00305266
21,1,0,3.6449144,3.6440756,3.786655605160316,0.14174128,0.02009059
22,1,0,3.7861793,3.7982008,3.9216826993160567,0.13550329,0.018361142
23,1,0,3.908148,3.9293077,3.8709129612776887,0.03723502,0.0013864469
24,1,0,3.8613083,3.8803217,3.85306580740044,0.008242607,6.794057e-05
25,1,0,3.8454812,3.863014,3.797012367916565,0.04846883,0.0023492272
26,1,0,3.79547,3.8083508,3.848728848957401,0.053258896,0.00283651
27,1,0,3.8416278,3.8587983,3.9884881223835142,0.14686036,0.021567965
28,1,0,3.9783032,3.9931858,4.147327064151858,0.16902375,0.02856903
29,1,0,4.140609,4.1423216,4.014792303765812,0.12581635,0.015829753
30,1,0,4.005622,4.018153,4.061272433995741,0.05565071,0.0030970017
31,1,0,4.0534706,4.062011,4.149134816463311,0.095664024,0.009151606
32,1,0,4.142418,4.143997,4.41145842934529,0.26904058,0.07238284
33,1,0,4.3960247,4.381336,4.416895195891334,0.020870686,0.0004355855
34,1,0,4.4010887,4.386134,4.412420851567047,0.011332035,0.00012841502
35,1,0,4.396922,4.382187,4.492567058092725,0.09564495,0.009147957
36,1,0,4.470745,4.452379,4.452657878278984,0.018087387,0.00032715357
37,1,0,4.4341993,4.4175644,4.400986939724341,0.033212185,0.0011030493
38,1,0,4.3862495,4.3720837,4.402358482368051,0.01610899,0.00025949956
39,1,0,4.387532,4.373296,4.191479645627451,0.19605255,0.038436603
40,1,0,4.184578,4.183072,4.075379896716719,0.10919809,0.011924224
41,1,0,4.0678854,4.0752544,4.025233430950973,0.04265213,0.0018192042
42,1,0,4.0164185,4.0280323,4.152878021075235,0.13645935,0.018621154
43,1,0,4.146164,4.147461,4.253099278780727,0.1069355,0.011435201
44,1,0,4.2450924,4.239418,4.2059838189168754,0.039108753,0.0015294945
45,1,0,4.1989107,4.196389,4.319754019623618,0.12084341,0.01460313
46,1,0,4.30943,4.2996645,4.267818500907156,0.04161167,0.0017315312
47,1,0,4.2594004,4.252784,4.210154126261799,0.04924631,0.0024251991
48,1,0,4.203021,4.2002134,4.323062183310325,0.12004137,0.01440993
49,1,0,4.3125935,4.3026333,4.372923746659238,0.06033039,0.003639756
50,1,0,4.35991,4.347192,4.29955098261132,0.060359,0.003643209
51,1,0,4.2900534,4.28148,4.334245177535808,0.044191837,0.0019529185
52,1,0,4.323262,4.312663,4.269053992949816,0.05420828,0.0029385374
53,1,0,4.2606,4.2539034,4.2669133627976645,0.006313324,3.985806e-05
54,1,0,4.258523,4.2519627,4.357198136463017,0.09867525,0.009736805
55,1,0,4.3450584,4.3331833,4.516166458822376,0.17110825,0.029278032
56,1,0,4.492153,4.4728355,4.663434764857582,0.17128181,0.02933746
57,1,0,4.6223726,4.59828,4.616040708816055,0.0063319206,4.009322e-05
58,1,0,4.5811014,4.5583296,4.6134658746633335,0.03236437,0.0010474523
59,1,0,4.578841,4.5561457,4.609331258793583,0.030489922,0.0009296353
60,1,0,4.5752106,4.552642,4.512537791804167,0.062672615,0.0039278567
61,1,0,4.4888716,4.469696,4.494645399570937,0.005774021,3.333932e-05
62,1,0,4.4726353,4.4541845,4.587824751188336,0.11518955,0.013268633
63,1,0,4.556244,4.5343533,4.570670308670389,0.014426231,0.00020811615
64,1,0,4.541027,4.5197096,4.727744264657932,0.18671703,0.034863252
65,1,0,4.6774063,4.651844,4.864296438116375,0.18689013,0.03492792
66,1,0,4.79058,4.7630873,4.983996706547945,0.19341707,0.037410162
67,1,0,4.8856926,4.857771,4.822104860368958,0.063587666,0.0040433914
68,1,0,4.7561455,4.729082,4.790982191575624,0.03483677,0.0012136005
69,1,0,4.730439,4.703788,4.6966865399547935,0.03375244,0.0011392273
70,1,0,4.6509657,4.626069,4.693299871527394,0.04233408,0.0017921743
71,1,0,4.6480665,4.623247,4.698375415073471,0.050308704,0.0025309657
72,1,0,4.6524105,4.627475,4.837321473353009,0.18491077,0.034191996
73,1,0,4.7686195,4.7413836,4.628096550701844,0.14052296,0.019746702
74,1,0,4.5916567,4.568529,4.573578307198959,0.018078327,0.00032682592
75,1,0,4.5436125,4.522196,4.589593785185015,0.045981407,0.00211429
76,1,0,4.557809,4.535862,4.527233181644165,0.030575752,0.0009348766
77,1,0,4.502141,4.482396,4.417919808538361,0.08422136,0.007093238
78,1,0,4.4020414,4.387039,4.461284452657916,0.059243202,0.003509757
79,1,0,4.442135,4.4251137,4.453183942187916,0.011049271,0.00012208638
80,1,0,4.434683,4.418026,4.566614844340316,0.13193178,0.017405994
81,1,0,4.5374184,4.516241,4.611884225231295,0.07446575,0.005545148
82,1,0,4.5774527,4.554805,4.686546291634615,0.109093666,0.011901428
83,1,0,4.642277,4.6176157,4.493665242582891,0.14861155,0.022085391
84,1,0,4.4717436,4.453334,4.37335607956593,0.09838772,0.009680144
85,1,0,4.360317,4.347575,4.5141984872952605,0.15388107,0.023679385
86,1,0,4.4903736,4.471134,4.388146445404187,0.10222721,0.010450402
87,1,0,4.3742237,4.360709,4.356009645714087,0.018214226,0.00033175803
88,1,0,4.343933,4.332123,4.241017717887212,0.10291529,0.010591556
89,1,0,4.233306,4.2284184,4.237062616093692,0.0037565231,1.4111466e-05
90,1,0,4.229439,4.2248125,4.218818826928954,0.010620117,0.00011278689
91,1,0,4.2115498,4.208147,4.291121426047866,0.079571724,0.0063316594
92,1,0,4.2819366,4.2738743,4.264609341695358,0.017327309,0.00030023564
93,1,0,4.2562876,4.249874,4.352634202888913,0.096346855,0.009282717
94,1,0,4.3407354,4.32911,4.370692845928412,0.029957294,0.0008974395
95,1,0,4.357807,4.3452053,4.249026718619861,0.108780384,0.011833172
96,1,0,4.241123,4.235711,4.372541974812089,0.1314187,0.017270876
97,1,0,4.3595514,4.3468513,4.435516663336784,0.075965405,0.005770743
98,1,0,4.418371,4.402527,4.465847814141702,0.04747677,0.0022540435
99,1,0,4.4463243,4.4291,4.4460497905669385,0.0002746582,7.543713e-08
100,1,0,4.4281073,4.4117756,4.481126453337348,0.053019047,0.0028110193
101,1,0,4.460312,4.4424267,4.574439506955335,0.114127636,0.013025117
102,1,0,4.5443764,4.522931,4.627577970116869,0.08320141,0.006922474
103,1,0,4.5912037,4.5680904,4.610298966877286,0.01909542,0.0003646351
104,1,0,4.5760603,4.553462,4.661785254538181,0.08572483,0.0073487465
105,1,0,4.620946,4.596896,4.774424962566652,0.1534791,0.023555834
106,1,0,4.7166567,4.690256,4.680083791877864,0.036572933,0.0013375795
107,1,0,4.6367254,4.612219,4.546091694196413,0.09063387,0.008214498
108,1,0,4.519086,4.498637,4.570937258411036,0.051851273,0.0026885546
109,1,0,4.5412645,4.5199366,4.432610071207042,0.1086545,0.0118058
110,1,0,4.41568,4.399973,4.3829863070262505,0.032693863,0.0010688887
111,1,0,4.369379,4.3561316,4.125629141679255,0.2437501,0.059414107
112,1,0,4.1188173,4.122183,4.124000347858184,0.00518322,2.6865768e-05
113,1,0,4.117175,4.1206665,4.205267273398967,0.08809233,0.007760258
114,1,0,4.198204,4.195732,4.144503034472875,0.053700924,0.0028837891
115,1,0,4.137779,4.1397038,4.010570503580226,0.12720871,0.016182056
116,1,0,4.0012493,4.0141516,4.263340744113206,0.26209164,0.06869203
117,1,0,4.2550535,4.24872,4.263977471577988,0.008924007,7.963791e-05
118,1,0,4.2556725,4.249299,4.174953988443477,0.08071852,0.006515479
119,1,0,4.1681786,4.167857,4.217547764380905,0.049369335,0.0024373312
120,1,0,4.2102985,4.2069845,4.2267402526001625,0.016441822,0.00027033352
121,1,0,4.219328,4.21539,4.415228213030041,0.19590044,0.038376983
122,1,0,4.399538,4.3846655,4.338213868760153,0.06132412,0.0037606477
123,1,0,4.3270416,4.3162174,4.368506521773851,0.041464806,0.0017193301
124,1,0,4.3557444,4.343261,4.290606493786122,0.06513786,0.0042429413
125,1,0,4.2814407,4.273408,4.414682820789324,0.13324213,0.017753465
126,1,0,4.399029,4.384182,4.325419216212135,0.07360935,0.005418337
127,1,0,4.314845,4.3047504,4.388926284562155,0.07408142,0.0054880567
128,1,0,4.374956,4.3614025,4.375389865417704,0.0004339218,1.8828814e-07
129,1,0,4.362233,4.3493834,4.347470634404173,0.014762402,0.00021792851
130,1,0,4.3358383,4.324498,4.335479002813703,0.00035953522,1.2926557e-07
131,1,0,4.324437,4.3137684,4.361923554583342,0.037486553,0.0014052417
132,1,0,4.3495274,4.3373976,4.456638777437876,0.107111454,0.011472863
133,1,0,4.4378633,4.421049,4.564485244309568,0.12662172,0.01603306
134,1,0,4.5355206,4.5144176,4.424413652819187,0.11110687,0.012344738
135,1,0,4.4080772,4.3927603,4.3996949269649726,0.00838232,7.02633e-05
136,1,0,4.385041,4.3709383,4.516256891747055,0.13121557,0.017217526
137,1,0,4.492235,4.4729156,4.554503123512744,0.06226778,0.0038772766
138,1,0,4.526613,4.5058603,4.521578262172373,0.0050349236,2.5350455e-05
139,1,0,4.4970417,4.4775133,4.466945886023483,0.030096054,0.0009057725
140,1,0,4.4473314,4.4300604,4.50248364851527,0.055152416,0.003041789
141,1,0,4.4797583,4.460988,4.556411985460619,0.07665396,0.005875829
142,1,0,4.5283194,4.507497,4.40046170622202,0.12785769,0.016347587
143,1,0,4.3857594,4.3716183,4.46906370534799,0.083304405,0.006939624
144,1,0,4.449274,4.4319105,4.442050990658823,0.0072231293,5.2173596e-05
145,1,0,4.4244137,4.408265,4.560747721870058,0.13633394,0.018586943
146,1,0,4.5321884,4.5112143,4.568661523712683,0.036473274,0.0013302998
147,1,0,4.539241,4.517991,4.493867231053237,0.04537344,0.002058749
148,1,0,4.4719276,4.4535093,4.418625348418541,0.053302288,0.0028411339
149,1,0,4.4026976,4.387661,4.249406152701354,0.15329123,0.0234982
150,1,0,4.241494,4.2360573,4.319294702597002,0.07780075,0.006052957
151,1,0,4.3089914,4.2992506,4.382679096538222,0.07368755,0.0054298555
152,1,0,4.36909,4.3558598,4.40868629118885,0.03959608,0.0015678497
153,1,0,4.3934402,4.378889,4.387607548941922,0.005832672,3.4020064e-05
154,1,0,4.373719,4.3602324,4.451652601724035,0.07793331,0.006073601
155,1,0,4.4332733,4.416684,4.4730900112458905,0.039816856,0.001585382
156,1,0,4.452962,4.435424,4.478916770429178,0.025954723,0.0006736477
157,1,0,4.458293,4.440503,4.584905853730952,0.12661266,0.016030766
158,1,0,4.5536604,4.531866,4.589649512423769,0.035989285,0.0012952286
159,1,0,4.5578585,4.5359087,4.592971881447893,0.035113335,0.0012329463
160,1,0,4.560796,4.5387373,4.700421059889415,0.13962507,0.019495161
161,1,0,4.6541605,4.629176,4.466123148447336,0.1880374,0.035358064
162,1,0,4.446577,4.4293423,4.324838727526336,0.121738434,0.014820246
163,1,0,4.31429,4.3042297,4.2517597650175,0.06253052,0.0039100656
164,1,0,4.243788,4.2381983,4.187432211767634,0.056355476,0.0031759397
165,1,0,4.1805687,4.179352,4.109440245858114,0.07112837,0.0050592446
166,1,0,4.102478,4.107107,3.950144302173917,0.15233374,0.023205567
167,1,0,3.9381711,3.9566042,3.952545919274865,0.014374733,0.00020663295
168,1,0,3.940696,3.9589012,3.819510785815389,0.1211853,0.014685878
169,1,0,3.8155982,3.830344,3.863703754053375,0.04810548,0.002314137
170,1,0,3.8549197,3.8733351,3.905636445468591,0.050716877,0.0025722017
171,1,0,3.891969,3.9138658,3.807310678105458,0.084658384,0.0071670422
172,1,0,3.8046916,3.8184283,3.844649994723461,0.039958477,0.0015966799
173,1,0,3.8380015,3.8548338,3.685863541238065,0.152138,0.02314597
174,1,0,3.6949832,3.6986616,3.711639568704223,0.016656399,0.0002774356
175,1,0,3.7184393,3.7242496,3.5963323362342456,0.12210703,0.014910126
176,1,0,3.612809,3.6090958,3.7352427801707786,0.1224339,0.01499006
177,1,0,3.7398384,3.7476017,3.71827988844644,0.021558523,0.00046476992
178,1,0,3.724468,3.7308266,3.587019265952754,0.13744879,0.018892169
179,1,0,3.6042006,3.5997198,3.533164976242628,0.07103562,0.00504606
180,1,0,3.554198,3.5452821,3.572770568484978,0.018572569,0.00034494032
181,1,0,3.591007,3.5853527,3.748433453525569,0.15742636,0.024783058
182,1,0,3.7517636,3.760619,3.994030832222709,0.24226713,0.058693364
183,1,0,3.9840739,3.9984553,3.970013200713879,0.014060736,0.00019770428
184,1,0,3.9590127,3.9755876,3.975172931015496,0.01616025,0.00026115368
185,1,0,3.9644086,3.9805076,3.9574897703782255,0.006918907,4.7871275e-05
186,1,0,3.9458883,3.963628,4.052753097648411,0.10686469,0.011420062
187,1,0,4.0447397,4.053995,3.932778033934008,0.1119616,0.012535401
188,1,0,3.9198754,3.9399626,3.76429144200315,0.15558386,0.024206337
189,1,0,3.7660673,3.7762358,3.9052581470135777,0.13919091,0.01937411
190,1,0,3.8916347,3.913501,3.9409092187425703,0.049274445,0.002427971
191,1,0,3.9284518,3.9477608,3.743486024230664,0.18496585,0.034212366
192,1,0,3.7472937,3.755741,3.4509060535396245,0.29638767,0.08784565
193,1,0,3.4771116,3.461435,3.5177574947536825,0.040645838,0.0016520842
194,1,0,3.5398233,3.52964,3.548763268164769,0.008939981,7.9923266e-05
195,1,0,3.5687191,3.5610864,3.763609534292551,0.1948905,0.037982307
196,1,0,3.765453,3.7755654,3.814153940919945,0.04870081,0.002371769
197,1,0,3.8108113,3.825114,3.703057409537269,0.10775375,0.011610871
198,1,0,3.7106402,3.7157423,3.4117307804032504,0.29890943,0.08934685
199,1,0,3.4401085,3.4212177,3.3659765921765588,0.074131966,0.0054955482
200,1,0,3.3966591,3.374018,3.426163779009108,0.029504538,0.00087051775
201,1,0,3.4537628,3.4360545,3.6077296738344304,0.1539669,0.023705807
202,1,0,3.623329,3.620557,3.6269575903674736,0.0036287308,1.3167687e-05
203,1,0,3.6410391,3.6398528,3.6855598220964008,0.044520617,0.0019820854
204,1,0,3.6947067,3.6983612,3.791624415603571,0.09691763,0.009393027
205,1,0,3.7906382,3.8030717,3.8904200872856616,0.09978199,0.009956446
206,1,0,3.878554,3.8991892,3.7360587725261154,0.1424954,0.020304937
207,1,0,3.7405775,3.748408,3.650269671421384,0.09030771,0.008155483
208,1,0,3.662442,3.663182,3.553945646095468,0.10849643,0.011771475
209,1,0,3.5735366,3.5663311,3.488889056917125,0.084647655,0.0071652257
210,1,0,3.51281,3.500254,3.3590717624799797,0.15373826,0.023635453
211,1,0,3.3900807,3.366873,3.37632408677086,0.013756514,0.00018924166
212,1,0,3.4065073,3.3847134,3.273838099243221,0.13266921,0.01760112
213,1,0,3.3084323,3.2782538,3.4338083453606703,0.12537599,0.015719138
214,1,0,3.460985,3.4439037,3.340643147987491,0.12034178,0.014482143
215,1,0,3.3724978,3.347782,3.547705890386513,0.17520809,0.030697875
216,1,0,3.567734,3.560016,3.4258312691484085,0.14190269,0.020136371
217,1,0,3.4534485,3.4357126,3.277915779650639,0.17553282,0.03081177
218,1,0,3.3123577,3.2825115,3.260528692082697,0.05182886,0.002686231
219,1,0,3.2956107,3.2643435,3.282573212733977,0.013037443,0.00016997493
220,1,0,3.3168375,3.2873724,3.413141238311233,0.0963037,0.009274403
221,1,0,3.4414437,3.4226682,3.5100882198830026,0.06864452,0.004712071
222,1,0,3.5326564,3.5218422,3.4357462138717447,0.09691024,0.009391595
223,1,0,3.462814,3.445893,3.2909361294750803,0.17187786,0.029542
224,1,0,3.324877,3.296096,3.137970613830797,0.18690634,0.03493398
225,1,0,3.176654,3.135392,3.1795112916164663,0.0028572083,8.163639e-06
226,1,0,3.217148,3.1792696,3.0879647553356206,0.12918329,0.016688323
227,1,0,3.12768,3.0823462,2.981231461156731,0.14644861,0.021447197
228,1,0,3.0223634,2.9683478,2.925976270113434,0.09638715,0.009290482
229,1,0,2.9674456,2.9089396,2.949479056988442,0.017966509,0.00032279544
230,1,0,2.9908369,2.93424,2.848908676366184,0.1419282,0.020143613
231,1,0,2.8904274,2.825661,2.901390742682056,0.01096344,0.000120197015
232,1,0,2.9429271,2.8824232,2.8777418101188768,0.06518531,0.0042491243
233,1,1,2.919297,2.8568728,-2.4739207777702625,5.393218,29.086802
234,1,1,-2.3840437,0.09479308,2.152713540328597,4.5367575,20.582169
235,0,1,-1.92402,2.0569718,-1.9642512928687887,0.040231228,0.0016185517
236,0,1,1.7211521,-0.6117017,1.6883955223461835,0.032756567,0.0010729927
237,0,1,-1.4955602,1.5327046,-1.4643356916474917,0.03122449,0.0009749687
238,0,1,1.3158834,-1.2380791,1.307860382798896,0.008023024,6.4368905e-05
239,0,1,-1.1747582,1.1032207,-1.1219342316308212,0.05282402,0.0027903772
240,0,1,1.0114906,-0.90810823,1.1959029333426368,0.18441236,0.034007918
241,0,1,-1.078676,0.9783137,-0.9709073258054994,0.107768655,0.011614083
242,0,1,0.87180877,-0.73918414,0.969717203022992,0.09790844,0.009586062
243,0,1,-0.8824012,0.72155166,-0.8644883191622847,0.017912924,0.00032087284
244,0,1,0.78082204,-0.6131661,0.8275652169303664,0.046743155,0.0021849226
245,0,1,-0.75631523,0.5605166,-0.6776446608952695,0.07867056,0.006189057
246,0,1,0.61804175,-0.38497448,0.6165519785301226,0.0014897585,2.2193803e-06
247,0,1,-0.5659733,0.32522678,-0.5414414600751085,0.024531841,0.0006018112
248,0,1,0.4969566,-0.22370124,0.5725337611439323,0.0755772,0.005711913
249,0,1,-0.5258701,0.27674723,-0.50904263870882,0.016827464,0.00028316354
250,0,1,0.4678936,-0.18763041,0.523243721869985,0.055350125,0.0030636364
251,0,1,-0.48082685,0.22271895,-0.5752046390359467,0.094377756,0.008907161
252,0,1,0.527143,-0.2624712,0.4885437941748152,0.038599193,0.0014898977
253,0,1,-0.4490385,0.18484831,-0.4461355036394678,0.0029030144,8.4274925e-06
254,0,1,0.4112072,-0.12172961,0.3062311349923958,0.10497606,0.011019973
255,0,1,-0.28118157,-0.011798143,-0.2333719500349373,0.04780963,0.0022857608
256,0,1,0.21737242,0.031034231,0.150977095059225,0.06639533,0.0044083395
257,0,1,-0.13754487,-0.088660955,-0.2755362214415169,0.13799134,0.019041609
258,0,1,0.2560053,0.014194727,0.312334636770267,0.05632934,0.0031729946
259,0,1,-0.28681922,-0.0052793026,-0.2140008133301512,0.07281841,0.0053025214
260,0,1,0.1995933,0.036118507,0.2867061313484491,0.087112814,0.007588642
261,0,1,-0.26314068,-0.032621622,-0.3093606282499852,0.046219945,0.0021362833
262,0,1,0.28692722,-0.0063328743,0.3030146702841239,0.016087443,0.0002588058
263,0,1,-0.2782097,-0.015232563,-0.1332185733265229,0.14499111,0.021022424
264,0,1,0.12527132,0.04176545,0.1679092789305061,0.04263796,0.0018179956
265,0,1,-0.15322399,-0.09192252,-0.2093839212759989,0.05615993,0.0031539376
266,0,1,0.19535255,0.037129402,0.1732552870374459,0.022097275,0.0004882896
267,0,1,-0.15817428,-0.09303141,-0.064985177010894,0.0931891,0.008684208
268,0,1,0.062310934,0.02496767,0.0528832430737864,0.009427693,8.888139e-05
269,0,1,-0.046706676,-0.05525732,0.063243437865589,0.10995012,0.012089028
270,0,1,-0.056298494,-0.06549692,0.0343622462067783,0.090660736,0.008219369
271,0,1,-0.029561996,-0.03823781,0.0487100688152248,0.07827207,0.0061265165
272,0,1,-0.042843103,-0.05127859,-0.117167865315455,0.074324764,0.0055241706
273,0,1,0.11047506,0.039675713,-0.012368830806952,0.12284389,0.015090622
274,0,1,0.013676882,-0.0026328564,-0.0521505880673038,0.065827474,0.0043332563
275,0,1,0.05045414,0.019438744,-0.0112912201548458,0.06174536,0.0038124896
276,0,1,0.012680054,-0.0033357143,-0.0553443676447389,0.06802443,0.004627323
277,0,1,0.053404808,0.020886421,0.138582014777151,0.08517721,0.0072551575
278,0,1,-0.12606621,-0.08651042,-0.1133029736266371,0.012763232,0.00016290009
279,0,1,0.10691047,0.039004326,0.1296227209028835,0.02271226,0.00051584677
280,0,1,-0.117768764,-0.08508015,0.0611538742240798,0.17892264,0.032013312
281,0,1,-0.054363728,-0.063390255,-0.1548120000324711,0.100448266,0.010089854
282,0,1,0.14516425,0.042841196,0.2697365937700415,0.12457234,0.015518267
283,0,1,-0.24745321,-0.050682545,-0.0770638439988995,0.17038937,0.029032538
284,0,1,0.07346654,0.029472828,0.0088743911628026,0.064592145,0.0041721454
285,0,1,-0.0059747696,-0.017514706,-0.0684189880886343,0.062444218,0.0038992802
286,0,1,0.06548309,0.026317835,0.1168679573795676,0.051384866,0.0026404045
287,0,1,-0.10595679,-0.083224535,-0.1493038419004908,0.043347046,0.0018789663
288,0,1,0.14009166,0.042752266,0.2058574189006101,0.06576577,0.004325136
289,0,1,-0.18835688,-0.100456476,-0.2365501866713466,0.048193306,0.0023225946
290,0,1,0.22028732,0.030072212,0.1073329860411815,0.11295433,0.012758682
291,0,1,-0.09712601,-0.0819757,-0.0732753606763463,0.02385065,0.00056885346
292,0,1,0.0699687,0.028131962,0.1327581888336064,0.062789485,0.0039425194
293,0,1,-0.1206727,-0.085568905,-0.2293438718726568,0.10867117,0.011809424
294,0,1,0.21367693,0.032202482,0.3098678854666725,0.09619096,0.009252701
295,0,1,-0.28453994,-0.007915497,-0.1901397014998695,0.09440024,0.008911406
296,0,1,0.17766881,0.04047537,0.1044464276483516,0.073222384,0.0053615174
297,0,1,-0.09445357,-0.08162069,0.0263442588585158,0.12079783,0.014592115
298,0,1,-0.022140741,-0.031380653,0.086722550646956,0.108863294,0.011851217
299,0,1,-0.078039646,-0.0796752,-0.0751976962784413,0.0028419495,8.076677e-06
300,0,1,0.071743965,0.028820276,-0.0114832668365805,0.08322723,0.006926772
301,0,1,0.012857914,-0.0032103062,0.0167969963680647,0.003939083,1.5516374e-05
302,0,1,-0.013305664,-0.023621798,0.1718434795804824,0.18514915,0.034280207
303,0,1,-0.15686631,-0.09273362,-0.1578181902544875,0.0009518713,9.060589e-07
304,0,1,0.14793134,0.042836666,0.0109941649921019,0.13693717,0.018751789
305,0,1,-0.007935524,-0.019118309,-0.099901917749507,0.09196639,0.008457817
306,0,1,0.09454751,0.036167383,0.1847682002830226,0.09022069,0.008139773
307,0,1,-0.16883326,-0.095546246,-0.3366644415800373,0.16783118,0.028167306
308,0,1,0.3118372,-0.025519371,0.5108613279984873,0.19902414,0.03961061
309,0,1,-0.46949077,0.20918918,-0.4271110063752665,0.042379767,0.0017960446
310,0,1,0.39400053,-0.103114605,0.4469055320105086,0.052904993,0.0027989384
311,0,1,-0.41081762,0.13959146,-0.3000440938729523,0.11077353,0.012270776
312,0,1,0.2784171,-0.0003068447,0.2808321366766821,0.0024150312,5.832376e-06
313,0,1,-0.25771093,-0.03887844,-0.3530151484512656,0.09530422,0.009082895
314,0,1,0.32673216,-0.03803563,0.2094881230239744,0.117244035,0.013746164
315,0,1,-0.19171715,-0.09893775,-0.3120785027799093,0.12036136,0.014486857
316,0,1,0.28940845,-0.0081419945,0.2098491646772515,0.07955928,0.0063296794
317,0,1,-0.1920507,-0.09878683,-0.2587646254054832,0.06671393,0.004450748
318,0,1,0.2406497,0.022374392,0.2809817649490767,0.04033208,0.0016266766
319,0,1,-0.25784993,-0.038717985,-0.2501589144302412,0.0076910257,5.9151876e-05
320,0,1,0.23276448,0.025555372,0.0945653099146475,0.13819918,0.019099014
321,0,1,-0.08530259,-0.08048749,-0.1347951393441637,0.049492553,0.0024495127
322,0,1,0.12672496,0.041910887,0.1459006959213216,0.019175738,0.00036770894
323,0,1,-0.1328435,-0.08775544,-0.0085425118982058,0.12430099,0.015450736
324,0,1,0.010138273,-0.0051538944,-0.0094544033628549,0.019592676,0.00038387298
325,0,1,0.010981321,-0.0045468807,0.082417259917455,0.071435936,0.005103093
326,0,1,-0.07405257,-0.07926488,0.1628466641210693,0.23689924,0.056121252
327,0,1,-0.14853644,-0.09090781,-0.2038135643760843,0.055277124,0.0030555604
328,0,1,0.19023609,0.038241863,0.1809025533939059,0.009333536,8.7114895e-05
329,0,1,-0.1652546,-0.09468174,-0.2250310241211668,0.059776425,0.003573221
330,0,1,0.2097187,0.03338909,0.2637513686225881,0.054032654,0.0029195277
331,0,1,-0.24191952,-0.057043076,-0.2406971931718424,0.0012223274,1.4940841e-06
332,0,1,0.22409034,0.028763294,0.3682831032895897,0.14419276,0.020791551
333,0,1,-0.3384478,0.0546875,-0.3264190852359214,0.012028724,0.0001446902
334,0,1,0.30249524,-0.018059969,0.2784939031482913,0.02400133,0.0005760639
335,0,1,-0.25555015,-0.0413661,-0.2956999574599108,0.040149808,0.001612007
336,0,1,0.2744465,0.0024080276,0.4136364881606744,0.13918999,0.019373853
337,0,1,-0.3802235,0.10357475,-0.5122035106231455,0.13198,0.017418722
338,0,1,0.47073412,-0.19109344,0.6541978338762138,0.1834637,0.033658925
339,0,1,-0.60017276,0.3668568,-0.7532771785654893,0.15310442,0.023440965
340,0,1,0.6844318,-0.47760057,0.5313914153907775,0.15304035,0.023421349
341,0,1,-0.48828197,0.23163104,-0.3384960345003414,0.14978594,0.022435827
342,0,1,0.31350732,-0.026884079,0.0598624939967855,0.25364482,0.0643357
343,0,1,-0.05316806,-0.062099934,-0.0939513773722224,0.040783316,0.0016632789
344,0,1,0.08905697,0.03464985,-0.0937004368868863,0.1827574,0.03340027
345,0,1,0.08882499,0.034582853,0.0420675300791728,0.046757456,0.0021862597
346,0,1,-0.03669405,-0.045118093,-0.1034067039731039,0.066712655,0.0044505782
347,0,1,0.09778166,0.036986828,0.1353908934803942,0.037609234,0.0014144545
348,0,1,-0.12311077,-0.085989,-0.1092787296518276,0.01383204,0.00019132534
349,0,1,0.10319853,0.038236856,0.0893108549560945,0.013887674,0.00019286748
350,0,1,-0.08043599,-0.07993555,-0.0752811177018104,0.0051548705,2.6572689e-05
351,0,1,0.07182002,0.028850079,-0.0055490057016327,0.07736903,0.0059859664
352,0,1,0.00736928,-0.0071742535,0.0624496527365927,0.055080373,0.0030338475
353,0,1,-0.05556345,-0.064694405,0.0672809896486121,0.12284444,0.015090757
354,0,1,-0.06003666,-0.06962633,-0.0338276980065788,0.02620896,0.00068690954
355,0,1,0.03351879,0.010205507,-0.0067752699477958,0.040294062,0.0016236114
356,0,1,0.008503437,-0.0063414574,-0.0107588306986907,0.019262267,0.00037103493
357,0,1,0.012187719,-0.003685236,-0.1577785364079722,0.16996625,0.028888525
358,0,1,0.1478951,0.042836905,0.2085984566901753,0.060703352,0.003684897
359,0,1,-0.19089341,-0.09930873,-0.0983308968950016,0.09256251,0.008567818
360,0,1,0.09309769,0.03578186,-0.0077251441708416,0.10082283,0.0101652425
361,0,1,0.0093820095,-0.005701065,-0.091348394618834,0.100730404,0.010146614
362,0,1,0.08665395,0.03393674,0.2749234776309044,0.18826953,0.035445414
363,0,1,-0.25224924,-0.045164347,-0.4406422154998504,0.18839297,0.03549191
364,0,1,0.40624094,-0.11628437,0.5145706912348942,0.10832977,0.01173534
365,0,1,-0.47288704,0.21324039,-0.4038511872809018,0.06903586,0.0047659497
366,0,1,0.37292576,-0.08133721,0.3862850306715577,0.013359278,0.00017847032
367,0,1,-0.3550384,0.07406235,-0.3840198812397126,0.028981477,0.000839926
368,0,1,0.3549273,-0.06370258,0.3943594424467518,0.03943214,0.0015548936
369,0,1,-0.36247587,0.08276582,-0.0407914611542872,0.32168442,0.10348087
370,0,1,0.039956093,0.013902187,0.0364613520180507,0.0034947395,1.2213204e-05
371,0,1,-0.031504393,-0.04008293,-0.1065751961769656,0.075070806,0.0056356257
372,0,1,0.10070443,0.03768015,0.1854502835301268,0.084745854,0.0071818596
373,0,1,-0.16946483,-0.095700264,-0.0961042570918371,0.07336057,0.005381773
374,0,1,0.09104347,0.035217762,0.0573493667160134,0.033694107,0.0011352928
375,0,1,-0.050841093,-0.05960822,-0.1390064829121522,0.08816539,0.0077731353
376,0,1,0.13060546,0.042247295,0.1095464935988919,0.02105897,0.00044348018
377,0,1,-0.09917593,-0.08225536,-0.0379004726230158,0.061275456,0.0037546814
378,0,1,0.037284374,0.0123951435,-0.0060829548723257,0.04336733,0.0018807253
379,0,1,0.007863283,-0.0068109035,0.1245279466338264,0.11666466,0.013610643
380,0,1,-0.1130507,-0.08431387,-0.02637012214484,0.086680576,0.007513522
381,0,1,0.026625156,0.0059919357,-0.0973219824654432,0.123947136,0.015362892
382,0,1,0.09216714,0.035529375,0.0194665665754474,0.072700575,0.0052853734
383,0,1,-0.015776157,-0.025746584,-0.0467958660354699,0.03101971,0.0009622224
384,0,1,0.045505524,0.016904831,0.0838985674728132,0.038393043,0.0014740258
385,0,1,-0.075423956,-0.07940316,-0.348450572368427,0.27302662,0.074543536
386,0,1,0.3225758,-0.034468174,0.2207164121620888,0.10185939,0.010375336
387,0,1,-0.20210838,-0.09425759,-0.3903370369863403,0.18822867,0.035430033
388,0,1,0.3606634,-0.0692215,0.4439242112601764,0.083260804,0.0069323615
389,0,1,-0.40807724,0.13635826,-0.4688441045977742,0.060766876,0.0036926132
390,0,1,0.43170762,-0.14480186,0.5433656178592465,0.11165798,0.012467504
391,0,1,-0.49923134,0.2447412,-0.4018496501429309,0.09738168,0.009483192
392,0,1,0.3711114,-0.079517365,0.2994369020447145,0.071674496,0.0051372335
393,0,1,-0.27490473,-0.01905036,-0.194757708126962,0.08014701,0.0064235437
394,0,1,0.18191409,0.039800882,0.2779630525905934,0.09604895,0.009225401
395,0,1,-0.25505924,-0.041932344,-0.191603902100649,0.06345534,0.0040265806
396,0,1,0.17901492,0.04027033,0.119291478477471,0.059723444,0.0035668898
397,0,1,-0.10820079,-0.08356166,-0.2735808122504575,0.16538003,0.027350554
398,0,1,0.2542162,0.015264034,0.1574149681588879,0.09680122,0.009370476
399,0,1,-0.14350653,-0.089856386,-0.1895062440476889,0.04599972,0.0021159742
400,0,1,0.17708635,0.0405612,0.1270683185857763,0.050018027,0.002501803
401,0,1,-0.11540222,-0.08469176,-0.0343735335961694,0.081028685,0.0065656477
402,0,1,0.03402376,0.010503292,0.0183767161164358,0.015647046,0.00024483007
403,0,1,-0.01476717,-0.02487421,-0.003031637833696,0.011735532,0.00013772272
404,0,1,0.005040407,-0.008906841,0.0489364273241355,0.04389602,0.0019268605
405,0,1,-0.043052435,-0.05149293,0.0607709091694586,0.10382335,0.010779288
406,0,1,-0.054009438,-0.0630064,-0.1364890743030415,0.08247964,0.0068028914
407,0,1,0.12828541,0.04205513,0.1023339765586959,0.02595143,0.0006734767
408,0,1,-0.09249663,-0.08136749,-0.0710730543241471,0.021423578,0.0004589697
409,0,1,0.06793475,0.027322054,0.0699881550887027,0.0020534024,4.216461e-06
410,0,1,-0.06254387,-0.07243824,-0.1331533322586233,0.070609465,0.0049856966
411,0,1,0.12521148,0.04175949,0.2053742057089866,0.080162734,0.006426064
412,0,1,-0.18790865,-0.1004827,-0.1881756454798453,0.000266999,7.128847e-08
413,0,1,0.17586279,0.040736437,0.2638159346039752,0.08795315,0.0077357567
414,0,1,-0.24197912,-0.05697465,-0.205224715603614,0.0367544,0.0013508858
415,0,1,0.19153261,0.03797126,0.2947713604541637,0.10323876,0.010658242
416,0,1,-0.27059317,-0.02402687,-0.3865160472884619,0.11592287,0.013438111
417,0,1,0.35719442,-0.06587219,0.36601814858804,0.008823723,7.785808e-05
418,0,1,-0.3363595,0.052252293,-0.3903376517510026,0.053978145,0.00291364
419,0,1,0.3606639,-0.06922245,0.5366281018761256,0.17596424,0.030963412
420,0,1,-0.49307203,0.23736262,-0.4136575503588982,0.07941449,0.006306661
421,0,1,0.38181567,-0.09038091,0.4068009356125546,0.024985254,0.0006242629
422,0,1,-0.37393188,0.096190214,-0.3001792073194291,0.07375267,0.0054394566
423,0,1,0.27854013,-0.00039243698,0.3068123747523565,0.028272241,0.00079931965
424,0,1,-0.28171802,-0.01117897,-0.2982695718254335,0.016551554,0.00027395395
425,0,1,0.27679467,0.00081014633,0.2367008801484114,0.040093794,0.0016075124
426,0,1,-0.21689868,-0.0857389,-0.1216649751286773,0.0952337,0.009069458
427,0,1,0.11462164,0.040373564,0.0066159164758761,0.108005725,0.011665236
428,0,1,-0.0038852692,-0.01583004,-0.0566008687152126,0.0527156,0.0027789345
429,0,1,0.054566145,0.02144289,-0.0751439523530095,0.12971011,0.016824713
430,0,1,0.0716939,0.028801441,0.0280336350263845,0.04366026,0.0019062184
431,0,1,-0.023704052,-0.032800198,-0.0216396570644632,0.0020643957,4.2617294e-06
432,0,1,0.022250414,0.0031833649,-0.0225806236149375,0.044831038,0.0020098218
433,0,1,0.023121119,0.0037505627,-0.0529562030611163,0.07607733,0.0057877596
434,0,1,0.05119872,0.019807816,0.1480233125680432,0.09682459,0.009375
435,0,1,-0.13480926,-0.088128805,-0.1496190309661957,0.014809772,0.00021932936
436,0,0,0.14038205,0.042761087,-0.1430438210671605,0.28342587,0.08033022
437,0,0,0.13432479,0.04249811,-0.1249148849457468,0.25923967,0.067205206
438,0,0,0.11761761,0.040823698,-0.0702859601508705,0.18790357,0.03530775
439,0,0,0.06720805,0.027027369,-0.1931852650970245,0.26039332,0.06780468
440,0,0,0.18046832,0.0400393,-0.1758055573769681,0.3562739,0.12693109
441,0,0,0.1644857,0.042037964,-0.2483554800686502,0.41284117,0.17043783
442,1,0,-0.25464106,0.02619028,-0.3983538650482399,0.14371282,0.020653374
443,1,0,-0.40449739,-0.07635903,-0.503280357691493,0.09878296,0.009758073
444,1,0,-0.508487,-0.18135071,-0.4231587015769316,0.08532828,0.0072809155
445,1,0,-0.42912912,-0.09933591,-0.5232586230799243,0.0941295,0.008860364
446,1,0,-0.52832556,-0.20330477,-0.6165303971875971,0.08820486,0.0077800974
447,1,0,-0.6204946,-0.31119585,-0.8021871287200235,0.18169254,0.033012178
448,1,0,-0.80158234,-0.537514,-0.8839204182314848,0.082338095,0.0067795618
449,1,0,-0.880213,-0.63652325,-0.881096981460169,0.0008839369,7.813444e-07
450,1,0,-0.87750864,-0.6331377,-0.8536452816378008,0.023863375,0.0005694607
451,1,0,-0.8511689,-0.6000774,-0.8588814801582423,0.0077126026,5.948424e-05
452,1,0,-0.85619926,-0.60640216,-0.7919682005118287,0.06423104,0.0041256263
453,1,0,-0.7917023,-0.5250211,-0.8784519761829972,0.08674973,0.007525516
454,1,0,-0.874974,-0.62996364,-0.8434209943149682,0.03155303,0.0009955937
455,1,0,-0.84133816,-0.5877023,-0.8234303271669385,0.017907858,0.00032069138
456,1,0,-0.8220861,-0.56342053,-0.7882021975836206,0.03388387,0.0011481167
457,1,0,-0.78805876,-0.52041197,-0.826833063418952,0.03877431,0.0015034472
458,1,0,-0.82536626,-0.5675607,-0.7427830593419387,0.08258319,0.006819983
459,1,0,-0.74400306,-0.4647231,-0.8035566964810892,0.059553623,0.003546634
460,1,0,-0.80290556,-0.53918695,-0.7249494132231722,0.07795614,0.0060771597
461,1,0,-0.72664905,-0.442842,-0.7767732565830161,0.050124228,0.0025124382
462,1,0,-0.7769928,-0.50641584,-0.8046952818265667,0.02770251,0.00076742907
463,1,0,-0.8040054,-0.5405772,-0.8534336400287228,0.049428284,0.0024431553
464,1,0,-0.85096526,-0.5998211,-0.9307541669852616,0.07978892,0.0063662725
465,1,0,-0.924948,-0.6922152,-1.013091452677839,0.08814347,0.007769271
466,1,0,-1.0030086,-0.7876551,-0.8404378803481087,0.16257071,0.026429238
467,1,0,-0.83846784,-0.584085,-0.7632848259401714,0.075183034,0.0056524887
468,1,0,-0.7639148,-0.48987794,-0.8695639420771819,0.10564911,0.011161735
469,1,0,-0.8664522,-0.61927915,-0.9158407182474222,0.049388528,0.0024392267
470,1,0,-0.91072917,-0.67457986,-0.8759180127155419,0.03481114,0.0012118154
471,1,0,-0.87254524,-0.6269202,-0.8386505377230837,0.033894718,0.0011488519
472,1,0,-0.8367481,-0.5819166,-0.793938007313812,0.042810142,0.0018327083
473,1,0,-0.7936077,-0.5274296,-0.5982645804325686,0.19534314,0.038158942
474,1,0,-0.60250425,-0.28951216,-0.6447707192932586,0.042266488,0.001786456
475,1,0,-0.6482501,-0.34509158,-0.7120218079320648,0.063771725,0.004066833
476,1,0,-0.7140498,-0.4269936,-0.6844901376617178,0.029559672,0.0008737742
477,1,0,-0.6871636,-0.39332175,-0.4862089677090555,0.20095462,0.040382758
478,1,0,-0.49152923,-0.16301298,-0.411377200746192,0.080152035,0.006424349
479,1,0,-0.41743588,-0.088259935,-0.2255472343950497,0.19188865,0.036821254
480,1,0,-0.23172736,0.033251047,-0.0437977414460997,0.18792962,0.03531754
481,1,0,-0.048113585,0.015425682,-0.3021391675579421,0.25402558,0.064528994
482,1,0,-0.3085451,-0.001638174,-0.4132257656519367,0.10468066,0.01095804
483,1,0,-0.419271,-0.08997846,-0.4004258861306575,0.018845111,0.0003551382
484,1,0,-0.40655708,-0.078228235,-0.2945297133901774,0.11202738,0.012550133
485,1,0,-0.30093002,0.0031292439,-0.3066423399385511,0.0057123303,3.2630716e-05
486,1,0,-0.31305003,-0.0045468807,-0.2786047541157046,0.034445286,0.0011864777
487,1,0,-0.28498006,0.0124902725,-0.2720950097277441,0.012885034,0.00016602411
488,1,0,-0.27845597,0.016068697,-0.2501544637560191,0.028301507,0.0008009753
489,1,0,-0.2564466,0.02555728,-0.3850156335854864,0.12856904,0.016529998
490,1,0,-0.39123464,-0.0645659,-0.3581827363478664,0.033051908,0.0010924286
491,1,0,-0.36451387,-0.04214263,-0.3644920649488505,2.18153e-05,4.759073e-10
492,1,0,-0.37080145,-0.047251463,-0.3899182621199619,0.019116819,0.00036545275
493,1,0,-0.396111,-0.0688529,-0.3857314656914776,0.010379553,0.00010773512
494,1,0,-0.39194632,-0.06518817,-0.5305728858374237,0.13862658,0.019217327
495,1,0,-0.53558016,-0.21146464,-0.5040546954413658,0.031525433,0.000993853
496,1,0,-0.5092566,-0.18219256,-0.4545875701653927,0.054669023,0.002988702
497,1,0,-0.46027184,-0.13021326,-0.421954201586308,0.03831762,0.00146824
498,1,0,-0.42793417,-0.09818983,-0.3689159114997422,0.059018254,0.0034831543
499,1,0,-0.37520766,-0.050894976,-0.4390705250903157,0.06386286,0.004078465
500,1,0,-0.44490504,-0.11473656,-0.4162042233189527,0.028700829,0.0008237376
501,1,0,-0.42222786,-0.09276247,-0.3633276281388427,0.058900237,0.0034692378
502,1,0,-0.36964107,-0.046301126,-0.2866612399927426,0.08297983,0.006885652
503,1,0,-0.293051,0.007860184,-0.416384157153193,0.123333156,0.015211067
504,1,0,-0.42240644,-0.092931986,-0.4339105424069762,0.011504114,0.00013234463
505,1,0,-0.4397912,-0.109689236,-0.3824615062043222,0.057329684,0.0032866928
506,1,0,-0.38869333,-0.06235504,-0.2438835842504056,0.14480975,0.020969864
507,1,0,-0.25015068,0.02771759,-0.0605716521783743,0.18957902,0.035940208
508,1,0,-0.06512928,0.02315402,-0.1344103524927939,0.06928107,0.004799867
509,1,0,-0.13987088,0.04187584,-0.2135627805306348,0.073691905,0.0054304968
510,1,0,-0.21967459,0.036217928,-0.3732165786249113,0.15354198,0.02357514
511,1,0,-0.37949085,-0.05448413,-0.2515875518574968,0.12790331,0.016359257
512,1,0,-0.25788498,0.025044441,-0.3645188727154269,0.1066339,0.011370789
513,1,0,-0.37082815,-0.047273397,-0.2503330876768923,0.12049505,0.014519057
514,1,0,-0.25662565,0.025493383,-0.2302257495242443,0.026399896,0.0006969545
515,1,0,-0.23642993,0.031951427,-0.3184689777253329,0.08203906,0.006730407
516,1,0,-0.32487488,-0.0124845505,-0.1362097842620859,0.18866509,0.035594516
517,1,0,-0.14168906,0.042031527,-0.2095685440239916,0.06787948,0.0046076244
518,1,0,-0.21565628,0.037089825,-0.1794601896376715,0.036196098,0.0013101575
519,1,0,-0.1853342,0.041715384,-0.0807586802480408,0.10457552,0.0109360395
520,1,0,-0.085589886,0.03071618,0.0855409391984158,0.17113084,0.029285762
521,1,0,0.08347869,-0.07956028,-0.0021883312994326,0.08566702,0.0073388387
522,1,0,-0.0058522224,-0.009493828,-0.0730066734133334,0.06715445,0.0045097205
523,1,0,-0.07773495,0.028034687,-0.0567081161038629,0.021026831,0.00044212764
524,1,0,-0.06121111,0.021490097,0.0254597695734437,0.086670876,0.0075118407
525,1,0,0.022268295,-0.030643702,0.0955880584541883,0.07331976,0.0053757876
526,1,0,0.09372735,-0.08059859,0.1045250895563945,0.010797739,0.00011659117
527,1,0,0.102846384,-0.08163166,0.1028608765983039,1.4491379e-05,2.1000007e-10
528,1,0,0.10114813,-0.0814302,-0.0469648190759319,0.14811295,0.021937447
529,0,0,0.045662165,0.016985893,-0.017895306294664,0.06355747,0.0040395516
530,0,0,0.018788576,0.00088238716,-0.1183731684315816,0.13716175,0.018813346
531,0,0,0.11158633,0.03987193,-0.1707248952258906,0.28231123,0.07969963
532,0,0,0.1598115,0.042395353,-0.2215570266940818,0.38136852,0.14544195
533,1,0,-0.22771549,0.034296274,-0.1911207892889805,0.036594704,0.0013391724
534,1,0,-0.19708323,0.040338516,-0.1734920575148106,0.023591176,0.0005565436
535,1,0,-0.17931747,0.04221368,-0.2308454907575385,0.05152802,0.002655137
536,1,0,-0.23705244,0.031774044,-0.171297350807619,0.065755084,0.004323731
537,1,0,-0.177104,0.042360783,-0.0579682800741472,0.119135715,0.014193319
538,1,0,-0.06248927,0.022040367,-0.1781286461102915,0.11563937,0.013372465
539,1,0,-0.18399191,0.041840076,-0.0799845938747507,0.10400732,0.010817522
540,1,0,-0.08480525,0.03046155,-0.0874715059952659,0.0026662573,7.108928e-06
541,1,0,-0.09238911,0.032817364,-0.2841209683052148,0.19173187,0.03676111
542,1,0,-0.29050708,0.0093438625,-0.3348031090929022,0.044296026,0.0019621379
543,1,0,-0.3411913,-0.024141312,-0.460231689899059,0.1190404,0.014170617
544,1,0,-0.46585655,-0.1359477,-0.5357359306975589,0.06987935,0.004883124
545,1,0,-0.5406983,-0.21726084,-0.5229201592744448,0.017778158,0.0003160629
546,1,0,-0.5279896,-0.20292854,-0.5731798793322977,0.045190275,0.0020421608
547,1,0,-0.5777502,-0.26011634,-0.6042997301962734,0.026549518,0.0007048769
548,1,0,-0.6084521,-0.29665303,-0.5453741719439353,0.06307793,0.0039788247
549,1,0,-0.5502472,-0.22815967,-0.6156559034832045,0.06540871,0.004278299
550,1,0,-0.6196344,-0.310153,-0.7182083740369416,0.09857398,0.00971683
551,1,0,-0.7200818,-0.4345758,-0.729318269713572,0.009236455,8.53121e-05
552,1,0,-0.7309034,-0.44820142,-0.7313572909683255,0.00045388937,2.0601556e-07
553,1,0,-0.732888,-0.45070195,-0.6577479354674525,0.07514006,0.0056460286
554,1,0,-0.66098046,-0.36078954,-0.7968992462293802,0.1359188,0.01847392
555,1,0,-0.7964711,-0.5310514,-0.7555116098796755,0.040959537,0.0016776837
556,1,0,-0.75637054,-0.48034215,-0.864427200185105,0.108056664,0.011676243
557,1,0,-0.8615236,-0.6130922,-0.8419776364354994,0.019545972,0.00038204502
558,1,0,-0.83994985,-0.5859518,-0.7839407733905062,0.056009054,0.003137014
559,1,0,-0.7839339,-0.5151956,-0.6126830349606536,0.17125082,0.029326843
560,1,0,-0.6167078,-0.30661106,-0.5350099511546751,0.08169782,0.006674534
561,1,0,-0.5399792,-0.21644378,-0.4604315504287513,0.07954767,0.0063278326
562,1,0,-0.4660542,-0.13615203,-0.5557931216096512,0.089738905,0.008053071
563,1,0,-0.5605602,-0.24004865,-0.4832003804605937,0.077359855,0.005984547
564,1,0,-0.48855853,-0.15982509,-0.5768103788276107,0.08825183,0.0077883853
565,1,0,-0.581336,-0.26434016,-0.7285865796868864,0.14725053,0.021682719
566,1,0,-0.73019123,-0.4473033,-0.7213410310454127,0.008850217,7.832634e-05
567,1,0,-0.72313356,-0.43841743,-0.6104011916671177,0.11273235,0.012708583
568,1,0,-0.61446166,-0.3038962,-0.8250631603097691,0.21060151,0.044352997
569,1,0,-0.82366014,-0.5654073,-0.8752742365222201,0.051614106,0.0026640159
570,1,0,-0.871928,-0.6261475,-0.8980630937168126,0.026135147,0.0006830459
571,1,0,-0.8937471,-0.6534345,-0.8473435319224429,0.046403587,0.0021532928
572,1,0,-0.84511137,-0.59245324,-0.7766137939525506,0.0684976,0.004691921
573,1,0,-0.77683806,-0.5062196,-0.7641246125406647,0.012713432,0.00016163137
574,1,0,-0.7647295,-0.4909079,-0.6889206703652513,0.07580882,0.005746978
575,1,0,-0.6914954,-0.39873052,-0.4667405382902916,0.22475487,0.05051475
576,1,0,-0.4722941,-0.14262748,-0.3199659343877581,0.15232816,0.02320387
577,1,0,-0.32637095,-0.013520241,-0.3303113429830353,0.0039403737,1.5526544e-05
578,1,0,-0.33670616,-0.020858526,-0.4017099468631393,0.06500378,0.0042254915
579,1,0,-0.4078331,-0.079391,-0.6356914046102049,0.2278583,0.05191941
580,1,0,-0.6393349,-0.3341503,-0.770066575319809,0.13073164,0.017090762
581,1,0,-0.7704923,-0.4981947,-0.7639363576747007,0.0065559745,4.2980802e-05
582,1,0,-0.7645469,-0.49067712,-0.8358948842239555,0.07134801,0.005090539
583,1,0,-0.83409476,-0.57857275,-0.7381148052862745,0.09597993,0.0092121465
584,1,0,-0.73946285,-0.45899367,-0.5888318226954388,0.15063101,0.022689702
585,1,0,-0.5932026,-0.27840233,-0.6078732603210848,0.01467067,0.00021522856
586,1,0,-0.61197186,-0.30089235,-0.6786134792557905,0.06664163,0.0044411067
587,1,0,-0.68141556,-0.38615513,-0.7044574253540463,0.023041844,0.00053092657
588,1,0,-0.70667005,-0.4177301,-0.70168576975929,0.0049842596,2.4842844e-05
589,1,0,-0.7039647,-0.41433716,-0.6393631469220087,0.06460154,0.004173359
590,1,0,-0.64294124,-0.3385706,-0.6076889874447189,0.035252273,0.0012427227
591,1,0,-0.6117904,-0.30067325,-0.657371975518823,0.04558158,0.0020776803
592,1,0,-0.66061187,-0.36033416,-0.8154330515941757,0.15482116,0.02396959
593,1,0,-0.81437254,-0.5536785,-0.8336473709969501,0.01927483,0.0003715191
594,1,0,-0.8319311,-0.57584333,-0.7420054416873323,0.08992565,0.008086622
595,1,0,-0.74324703,-0.46376872,-0.7045690746522051,0.03867793,0.0014959823
596,1,0,-0.70677924,-0.41786647,-0.5682311736060082,0.13854808,0.01919557
597,1,0,-0.57286024,-0.2543769,-0.5199778590397757,0.052882373,0.0027965454
598,1,0,-0.5250697,-0.19966483,-0.3537488407986058,0.17132089,0.029350845
599,1,0,-0.36009383,-0.038614035,-0.4181016019848491,0.058007777,0.0033649022
600,1,0,-0.4241109,-0.094546795,-0.3493375252752368,0.07477337,0.0055910572
601,1,0,-0.35569453,-0.035155535,-0.2732850493614016,0.08240947,0.006791321
602,1,0,-0.27964902,0.015425682,-0.3648963701026408,0.08524734,0.0072671087
603,1,0,-0.37120438,-0.047582388,-0.3643083616433356,0.006896019,4.7555077e-05
604,1,0,-0.3706181,-0.047100782,-0.4874309696149508,0.116812855,0.013645243
605,1,0,-0.4927354,-0.16431165,-0.4094450673454792,0.08329031,0.0069372756
606,1,0,-0.41551661,-0.08647013,-0.4724189934275427,0.05690238,0.0032378808
607,1,0,-0.47790742,-0.14851213,-0.4510161051761514,0.026891321,0.00072314317
608,1,0,-0.45673704,-0.12661266,-0.5259605502566314,0.06922352,0.0047918963
609,1,0,-0.53100586,-0.2063117,-0.4407590460525323,0.09024683,0.0081444895
610,1,0,-0.44657826,-0.11639953,-0.1569987218047024,0.28957954,0.08385631
611,1,0,-0.16267991,0.042841673,-0.2009574087536725,0.038277492,0.0014651663
612,1,0,-0.20698929,0.038767815,-0.1165968201821034,0.09039247,0.008170798
613,1,0,-0.12186432,0.03958106,-0.3181252395628271,0.19626093,0.03851835
614,1,0,-0.32453132,-0.012247801,-0.3879643923546729,0.06343308,0.004023756
615,1,0,-0.39416814,-0.06713796,-0.3426852178835329,0.051482916,0.0026504907
616,1,0,-0.3490584,-0.030041695,-0.2842066686973203,0.06485173,0.004205747
617,1,0,-0.29059315,0.009293556,-0.2023168206647079,0.08827633,0.00779271
618,1,0,-0.20835757,0.03852129,-0.4285820926573391,0.22022453,0.048498843
619,1,0,-0.43450832,-0.104530096,-0.4400223292581406,0.005513996,3.0404151e-05
620,1,0,-0.4458487,-0.1156733,-0.3668830609182971,0.078965634,0.0062355716
621,1,0,-0.3731835,-0.0492146,-0.3346077339426871,0.03857577,0.0014880899
622,1,0,-0.34099627,-0.023997068,-0.1800720500078232,0.16092421,0.025896601
623,1,0,-0.185951,0.04165697,-0.1613563056706159,0.024594694,0.000604899
624,1,0,-0.16707683,0.04278326,-0.1279827813958118,0.039094046,0.0015283445
625,1,0,-0.1333754,0.041206837,0.1730987321138481,0.30647415,0.09392641
626,1,0,0.17289782,-0.09299755,0.1157247897522339,0.05717303,0.0032687553
627,1,0,0.11427784,-0.0830698,0.1385559605376167,0.02427812,0.0005894271
628,1,0,0.13759303,-0.08650613,0.1033680019480525,0.03422503,0.0011713528
629,1,0,0.1016655,-0.08149099,0.0805199152205036,0.021145582,0.00044713565
630,1,0,0.07835841,-0.07909083,0.1752680673395072,0.09690966,0.009391482
631,1,0,0.17511582,-0.09345746,0.0995121305619561,0.07560369,0.0057159187
632,1,0,0.097730875,-0.08103871,0.1682510221763573,0.07052015,0.004973091
633,1,0,0.16794133,-0.09199238,0.2747022584628142,0.10676092,0.011397894
634,1,0,0.27691388,-0.04540062,0.2479146169691479,0.028999269,0.0008409576
635,1,0,0.24946809,-0.07385421,0.3082271358458066,0.058759034,0.003452624
636,1,0,0.31128,-0.009666443,0.4028005937950332,0.09152058,0.008376016
637,1,0,0.40790415,0.09187269,0.3923811321554882,0.015523016,0.00024096404
638,1,0,0.3975563,0.0806334,0.5649738381126013,0.16741753,0.028028628
639,1,0,0.5691626,0.26844215,0.5378876446796865,0.031274974,0.000978124
640,1,0,0.5422118,0.23874092,0.5951644766009916,0.052952707,0.0028039892
641,1,0,0.59920764,0.30164504,0.475393658632985,0.12381399,0.015329903
642,1,1,0.480052,0.17053342,-0.5100182925379029,0.9900703,0.98023915
643,1,1,-0.51518154,-0.18869734,0.5272688992746399,1.0424504,1.086703
644,1,1,0.5316472,0.2271204,-0.3904281309216211,0.92207533,0.85022295
645,0,1,0.36074686,-0.06930184,0.3762985672233938,0.015551716,0.00024185587
646,0,1,-0.34583616,0.06331015,-0.2556641089218177,0.09017205,0.008130999
647,0,1,0.23780966,0.023548841,0.2118118094813317,0.025997847,0.0006758881
648,0,1,-0.19386768,-0.097966194,-0.0857103906299516,0.10815729,0.011698
649,0,1,0.08144927,0.03228569,0.1347177632639775,0.053268492,0.0028375322
650,0,1,-0.12248731,-0.08588028,-0.0624417335704312,0.060045574,0.003605471
651,0,1,0.059962034,0.023933172,0.0676051075355146,0.007643074,5.8416575e-05
652,0,1,-0.060335875,-0.06996107,-0.1279633191928311,0.067627445,0.0045734714
653,0,1,0.12042761,0.041203737,0.2528804883198385,0.13245288,0.017543765
654,0,1,-0.23186588,-0.068585634,-0.1871696665671502,0.04469621,0.0019977514
655,0,1,0.17493773,0.040864944,0.1626773541819264,0.012260377,0.00015031686
656,0,1,-0.14837909,-0.090874195,-0.1189517663540677,0.02942732,0.00086596713
657,0,1,0.112119436,0.03996396,0.2245749958145348,0.11245556,0.012646253
658,0,1,-0.20567918,-0.092656374,-0.1581517222250359,0.047527462,0.0022588596
659,0,1,0.14823937,0.042834044,0.1451764489373928,0.0030629188,9.3814715e-06
660,0,1,-0.1321733,-0.0876286,-0.1035049413662809,0.028668359,0.0008218748
661,0,1,0.097872496,0.037009,0.2812754853546368,0.18340299,0.033636656
662,0,1,-0.2581203,-0.03840494,-0.3265140489141629,0.06839374,0.004677703
663,0,1,0.30258203,-0.018128395,0.2187473118046825,0.08383471,0.0070282584
664,0,1,-0.20028663,-0.095076084,-0.1755786124473366,0.024708018,0.00061048614
665,0,1,0.16427708,0.04205513,0.376147410465411,0.21187034,0.04488904
666,0,1,-0.3456967,0.06314707,-0.2973479844604925,0.048348695,0.0023375964
667,0,1,0.27595258,0.0013854504,0.1231959114275165,0.15275666,0.023334598
668,0,1,-0.11181736,-0.08411908,0.0743568208161877,0.18617418,0.034660827
669,0,1,-0.06658888,-0.077050924,0.0486693268262103,0.1152582,0.013284453
670,0,1,-0.042804956,-0.051240444,-0.0401232191736466,0.002681736,7.1917075e-06
671,0,1,0.03933859,0.01355648,0.0530386705594172,0.013700083,0.00018769228
672,0,1,-0.04685068,-0.055407524,-0.1023373177268451,0.055486634,0.0030787666
673,0,1,0.09679484,0.036741972,-0.0538306654834905,0.15062551,0.022688044
674,0,1,0.05200672,0.02020669,-0.2692484709722715,0.3212552,0.103204906
675,0,1,0.2502501,0.017587423,0.3192518233408372,0.069001734,0.0047612395
676,0,1,-0.29320645,0.0021150112,-0.2912055298412399,0.002000928,4.0037125e-06
677,0,1,0.27033806,0.0051522255,0.2430794466299177,0.027258605,0.00074303156
678,0,1,-0.22280002,-0.07897973,-0.2742132017320493,0.05141318,0.002643315
679,0,1,0.25479484,0.014919758,0.2078338712867973,0.046960965,0.0022053323
680,0,1,-0.19018602,-0.09962869,-0.0636428735303016,0.12654315,0.016013168
681,0,1,0.061071873,0.02442503,-0.0928034974843665,0.15387538,0.023677632
682,0,1,0.0879972,0.034339666,0.15866371790172,0.07066652,0.0049937572
683,0,1,-0.14466262,-0.090094805,-0.0773869502256481,0.067275666,0.0045260154
684,0,1,0.07376528,0.029584408,-0.0395541468316387,0.11331943,0.012841293
685,0,1,0.038812876,0.013261318,0.0997317284611454,0.060918853,0.0037111067
686,0,1,-0.0900867,-0.08106375,0.0400154821121163,0.13010219,0.01692658
687,0,1,-0.03479433,-0.043257475,-0.1913903875167029,0.15659605,0.024522323
688,0,1,0.1788187,0.040300608,0.282867121421221,0.10404843,0.010826076
689,0,1,-0.25959158,-0.036710978,-0.1728353352142395,0.086756244,0.007526646
690,0,1,0.1617539,0.04225874,0.2694388107765504,0.10768491,0.01159604
691,0,1,-0.24717855,-0.05099821,-0.3519969165431789,0.104818374,0.010986892
692,0,1,0.3258047,-0.037234783,0.2858610210620722,0.039943695,0.0015954988
693,0,1,-0.26235962,-0.03352189,-0.1669693656665907,0.09539026,0.009099302
694,0,1,0.15635633,0.042593718,0.2356697558729914,0.07931343,0.0062906197
695,0,1,-0.215945,-0.086830854,0.1087696832690743,0.3247147,0.10543963
696,0,1,-0.0984571,-0.08215642,-0.0811949949177655,0.017262101,0.00029798015
697,0,1,0.077281475,0.030859709,0.2140306230568591,0.13674915,0.01870033
698,0,1,-0.19592166,-0.09704065,-0.2253496816365974,0.02942802,0.00086600834
699,0,1,0.21001124,0.033303738,0.4054131194851615,0.19540188,0.038181894
700,0,1,-0.37265468,0.09469223,-0.3932419790916488,0.020587295,0.00042383673
701,0,1,0.36330056,-0.071790695,0.2635490449917488,0.0997515,0.009950362
702,0,1,-0.24173331,-0.05725789,-0.2706461588862541,0.028912842,0.00083595247
703,0,1,0.25153017,0.016845703,0.2230703717224798,0.028459802,0.00080996036
704,0,1,-0.20428705,-0.09328079,-0.3509903301277464,0.14670327,0.02152185
705,0,1,0.3248887,-0.036445618,0.1865700678496793,0.13831864,0.019132048
706,0,1,-0.17050242,-0.09595442,-0.1201130352787718,0.050389387,0.0025390903
707,0,1,0.11319065,0.04014349,0.0636302885089281,0.04956036,0.0024562294
708,0,1,-0.056657076,-0.065889835,0.0695211056827038,0.12617818,0.015920931
709,0,1,-0.06211114,-0.071950436,0.0236473533842791,0.08575849,0.007354519
710,0,1,-0.019644499,-0.029144287,0.022499175599373,0.042143673,0.0017760892
711,0,1,-0.018582106,-0.028203249,-0.0135123062399786,0.0050697997,2.570287e-05
712,0,1,0.014734983,-0.0018939972,-0.1184041187790585,0.1331391,0.01772602
713,0,1,0.11161494,0.0398767,0.2937068004426582,0.18209186,0.033157445
714,0,1,-0.26961017,-0.025161982,-0.2205755898823569,0.04903458,0.0024043901
715,0,1,0.20562935,0.034544945,0.2156363944643233,0.010007039,0.00010014082
716,0,1,-0.197407,-0.09637141,-0.2003013941274285,0.0028943866,8.377474e-06
717,0,1,0.18700886,0.0388844,0.132653135436584,0.054355726,0.002954545
718,0,1,-0.12057567,-0.085552454,-0.1789763854990984,0.05840072,0.0034106441
719,0,1,0.16740322,0.04176116,0.1923436024198981,0.024940386,0.0006220229
720,0,1,-0.17584658,-0.09729481,-0.150645881304237,0.025200695,0.00063507503
721,0,1,0.14132738,0.042785883,0.0312669056693719,0.110060476,0.0121133085
722,0,1,-0.026696205,-0.035553217,-0.0462249189301084,0.019528713,0.00038137063
723,0,1,0.04497838,0.01662612,0.0120863010747518,0.03289208,0.0010818888
724,0,1,-0.008946657,-0.019953966,0.1518947282647711,0.16084139,0.025869953
725,0,1,-0.13839412,-0.088826895,-0.1475715938684385,0.009177476,8.422607e-05
726,0,1,0.13849592,0.0426991,0.2024099307919731,0.063914016,0.0040850015
727,0,1,-0.18516564,-0.09973836,-0.0682711801521307,0.11689446,0.013664315
728,0,1,0.065346956,0.026260138,0.1516663808753429,0.08631943,0.0074510444
729,0,1,-0.13818312,-0.08878589,-0.0886485316898171,0.04953458,0.0024536748
730,0,1,0.084162,0.0331645,0.1189262446603955,0.034764245,0.0012085527
731,0,1,-0.10786271,-0.08351064,-0.1462383651848613,0.03837566,0.0014726913
732,0,1,0.13726807,0.042648077,-0.0012501900303845,0.13851826,0.019187309
733,0,1,0.0033922195,-0.0101521015,-0.0664565543470794,0.069848776,0.0048788516
734,0,1,0.06367087,0.025551796,0.1039009756218987,0.040230103,0.0016184612
735,0,1,-0.09394717,-0.081554174,0.0319215778434887,0.12586875,0.015842943
736,0,1,-0.027303219,-0.036117077,0.157979694264887,0.18528292,0.034329757
737,0,1,-0.14402938,-0.08996415,-0.0971998630308137,0.046829514,0.0021930034
738,0,1,0.09205437,0.03549838,0.1355644101703812,0.04351005,0.0018931244
739,0,1,-0.123271465,-0.086016655,-0.1510129462422949,0.027741477,0.00076958956
740,0,1,0.14166522,0.042794228,0.1049878717282903,0.036677346,0.0013452277
741,0,1,-0.09495449,-0.08168721,-0.1113536812034858,0.01639919,0.00026893342
742,0,1,0.105112314,0.038642406,-0.1364167415999762,0.24152906,0.058336288
743,0,1,0.12821865,0.04204917,0.2135447647707002,0.08532612,0.0072805467
744,0,1,-0.19547129,-0.09724331,-0.2077894739720913,0.012318194,0.0001517379
745,0,1,0.1938889,0.037459612,0.4296284653704618,0.23573956,0.05557314
746,0,1,-0.3949349,0.12087107,-0.3503132579571173,0.044621646,0.0019910913
747,0,1,0.3242724,-0.03591609,0.3143793140740496,0.0098930895,9.787322e-05
748,0,1,-0.2887075,-0.003093958,-0.3306298757647794,0.04192239,0.0017574868
749,0,1,0.30633616,-0.021088839,0.2850307277200703,0.021305442,0.00045392185
750,0,1,-0.26159286,-0.034406185,-0.2390135437410472,0.022579327,0.000509826
751,0,1,0.22254634,0.029301882,0.283713515103702,0.06116718,0.003741424
752,0,1,-0.26037455,-0.03580928,-0.330954788790311,0.070580244,0.004981571
753,0,0,0.30663276,-0.021324396,-0.3199697591643882,0.62660253,0.39263073
754,0,0,0.2966113,-0.01352334,-0.4163362020567138,0.7129475,0.5082941
755,0,0,0.38424325,-0.09288669,-0.524269654219677,0.9085129,0.82539564
756,1,0,-0.52932835,-0.20442843,-0.6270196745743646,0.09769136,0.009543601
757,1,0,-0.6308124,-0.32373738,-0.6340760908032146,0.003263712,1.06518155e-05
758,1,0,-0.637748,-0.3322084,-0.7343346900166869,0.096586704,0.009328991
759,1,0,-0.7357857,-0.45435643,-0.7172459123084405,0.018539786,0.0003437237
760,1,0,-0.7191434,-0.43339705,-0.5300563360271036,0.18908703,0.035753906
761,1,0,-0.5350678,-0.21088648,-0.5405517559687416,0.005483985,3.007409e-05
762,1,0,-0.5454705,-0.22269416,-0.6348057605184589,0.08933526,0.007980789
763,1,0,-0.63846445,-0.33308554,-0.8370402796669967,0.19857585,0.03943237
764,1,0,-0.8351977,-0.5799625,-0.7989516167427158,0.03624606,0.001313777
765,1,0,-0.79845524,-0.5335605,-0.8568055074290579,0.058350265,0.0034047535
766,1,0,-0.85420537,-0.60389614,-0.8462856673558599,0.007919729,6.27221e-05
767,1,0,-0.84409404,-0.59117293,-1.0258068650262695,0.18171287,0.033019565
768,1,0,-1.0149949,-0.80207944,-1.1433291358825803,0.12833428,0.01646969
769,1,0,-1.1393499,-0.93095446,-1.0235124015309376,0.115837574,0.013418344
770,1,0,-1.0128331,-0.7994826,-1.0083253712846632,0.00450778,2.0320082e-05
771,1,0,-0.99851084,-0.78222704,-0.9572295791343008,0.041281283,0.0017041443
772,1,0,-0.9501314,-0.72327137,-0.7569473515139871,0.19318408,0.03732009
773,1,0,-0.7577641,-0.4821036,-0.6836128785679336,0.07415122,0.005498403
774,1,0,-0.686306,-0.3922515,-0.6772894128965681,0.009016573,8.1298596e-05
775,1,0,-0.6801202,-0.38454175,-0.669398798238066,0.010721445,0.000114949384
776,1,0,-0.67239594,-0.37493634,-0.828345642804583,0.15594971,0.024320312
777,1,0,-0.8268237,-0.56940055,-0.8551696634324348,0.028345942,0.00080349244
778,1,0,-0.85263395,-0.6019194,-1.041264095963634,0.1886301,0.035581317
779,1,0,-1.0297744,-0.81949115,-0.9244281230097172,0.10534632,0.0110978475
780,1,0,-0.9189198,-0.68474627,-0.9042783218723782,0.014641464,0.00021437246
781,1,0,-0.899688,-0.6608422,-0.9749309461297062,0.07524294,0.0056614997
782,1,0,-0.96692514,-0.74384665,-1.1311465934588,0.1642214,0.026968671
783,1,0,-1.1263683,-0.9179802,-1.1665101054111373,0.04014182,0.0016113658
784,1,0,-1.1639786,-0.9553883,-1.150931582162316,0.01304698,0.00017022369
785,1,0,-1.1474378,-0.9390049,-1.0042290304045007,0.14320874,0.020508744
786,1,0,-0.99464273,-0.77754974,-0.9231258629060312,0.07151687,0.005114663
787,1,0,-0.9176781,-0.68320656,-0.926463688381328,0.008785546,7.718582e-05
788,1,0,-0.92086005,-0.6871517,-0.9307585556586436,0.009898484,9.797998e-05
789,1,0,-0.9249525,-0.6922202,-0.9537772277704244,0.028824747,0.000830866
790,1,0,-0.94685245,-0.71924067,-1.0639537545390154,0.11710131,0.013712717
791,1,0,-1.0542922,-0.8448036,-1.1999919922801312,0.14569974,0.021228414
792,1,0,-1.1993797,-0.9900899,-1.119878282888228,0.07950139,0.006320471
793,1,0,-1.1143363,-0.9058988,-1.286550869964412,0.17221463,0.029657878
794,1,0,-1.2899497,-1.0765483,-1.3571709127938625,0.067221284,0.004518701
795,1,0,-1.362808,-1.1436222,-1.525809429295467,0.16300142,0.026569461
796,1,0,-1.5329427,-1.2881904,-1.5237968973713607,0.009145737,8.3644496e-05
797,1,0,-1.5309443,-1.2865846,-1.4511373013470423,0.07980704,0.006369164
798,1,0,-1.458284,-1.2270348,-1.3158783147644804,0.14240575,0.020279396
799,1,0,-1.3203204,-1.1047778,-1.343760072881078,0.023439646,0.000549417
800,1,0,-1.3490443,-1.1311219,-1.471413640488433,0.12236929,0.014974243
801,1,0,-1.4786639,-1.2439592,-1.248498412933882,0.23016548,0.05297615
802,1,0,-1.2503037,-1.0391185,-1.3135621528809405,0.06325841,0.0040016263
803,1,0,-1.3179278,-1.1025681,-1.327144012715554,0.009216189,8.493815e-05
804,1,0,-1.3319438,-1.1154802,-1.2725546913315422,0.059389114,0.003527067
805,1,0,-1.2753985,-1.0628862,-1.2250894940070407,0.050308943,0.0025309897
806,1,0,-1.2257826,-1.0156417,-1.253655595998142,0.02787292,0.0007768997
807,1,0,-1.2556927,-1.0442445,-1.1730368218447365,0.08265591,0.006831999
808,1,0,-1.1708958,-0.9622078,-1.032308280204905,0.1385876,0.019206522
809,1,0,-1.021116,-0.8094187,-0.982438025455695,0.03867799,0.001495987
810,1,0,-0.97403646,-0.7525253,-0.9670176297854812,0.0070188046,4.9263617e-05
811,1,0,-0.9594219,-0.73466825,-0.8570832307665524,0.10233867,0.010473204
812,1,0,-0.8544712,-0.6042316,-0.7807575812160485,0.0737136,0.005433695
813,1,0,-0.7808516,-0.51129603,-1.0078577190357794,0.22700608,0.05153176
814,1,0,-0.9980695,-0.78169346,-0.9771151576934174,0.02095437,0.00043908565
815,1,0,-0.96899414,-0.74637485,-0.8272957419294404,0.14169842,0.020078443
816,1,0,-0.8258121,-0.56812406,-0.9449993533662432,0.119187236,0.014205597
817,1,0,-0.9385078,-0.70896626,-0.8479934995833642,0.0905143,0.008192839
818,1,0,-0.845736,-0.59324,-0.7820224274194478,0.06371361,0.004059424
819,1,0,-0.78207684,-0.51284504,-0.8369501099077574,0.054873288,0.0030110776
820,1,0,-0.83511114,-0.57985353,-0.772350061896812,0.06276107,0.0039389515
821,1,0,-0.7727065,-0.5009935,-0.746262731724209,0.02644378,0.0006992735
822,1,0,-0.747385,-0.46899247,-0.7541151625886973,0.0067301393,4.5294775e-05
823,1,0,-0.75501394,-0.47862864,-0.6100732671624525,0.14494067,0.021007799
824,1,0,-0.6141386,-0.30350614,-0.6123808900572878,0.001757741,3.0896533e-06
825,1,0,-0.616411,-0.3062513,-0.6111358817065069,0.0052750707,2.782637e-05
826,1,0,-0.61518526,-0.30477095,-0.7714060562788978,0.1562208,0.024404936
827,1,0,-0.77179074,-0.49983692,-0.7649886165599451,0.0068021417,4.626913e-05
828,1,0,-0.76556754,-0.49196815,-0.820476428067562,0.05490887,0.003014984
829,1,0,-0.8192377,-0.55982375,-0.9362937652054072,0.11705607,0.013702124
830,1,0,-0.93022394,-0.69874,-0.8427606666074712,0.08746326,0.0076498217
831,1,0,-0.840703,-0.5869005,-0.8102635663261264,0.030439436,0.00092655927
832,1,0,-0.80938315,-0.547374,-0.9427365718503826,0.13335341,0.017783133
833,1,0,-0.9363556,-0.7063112,-0.8765068642060121,0.059848726,0.0035818699
834,1,0,-0.8731103,-0.6276283,-0.7837745764285331,0.08933574,0.007980875
835,1,0,-0.7837734,-0.5149913,-0.8391272780861141,0.05535388,0.003064052
836,1,0,-0.8372066,-0.5824952,-0.7440658958019473,0.09314072,0.008675194
837,1,0,-0.74525094,-0.4662974,-0.6671784069018356,0.07807255,0.006095323
838,1,0,-0.67022157,-0.37223673,-0.612200934783627,0.05802065,0.003366396
839,1,1,-0.61623335,-0.3060372,0.6146832991900602,1.2309166,1.5151557
840,1,1,0.6186335,0.32316518,-0.5509611716614122,1.1695948,1.3679519
841,1,1,-0.55577826,-0.23452187,0.3656527251958072,0.921431,0.8490351
842,0,1,-0.33602238,0.051859856,-0.2363412816582197,0.099681094,0.009936321
843,0,1,0.22009611,0.030135393,0.208869972402105,0.0112261325,0.00012602605
844,0,1,-0.1911447,-0.099196196,-0.1138833188527974,0.07726139,0.0059693223
845,0,1,0.10744548,0.039110184,0.1263043472393361,0.018858865,0.00035565678
846,0,1,-0.11469579,-0.08457708,-0.28997738574285,0.17528158,0.030723633
847,0,1,0.26921535,0.0058910847,0.1928532613686946,0.07636209,0.0058311685
848,0,1,-0.1763184,-0.09741521,-0.1561751536974238,0.020143256,0.00040575073
849,0,1,0.14641905,0.042843103,0.1805129884791809,0.034093946,0.0011623972
850,0,1,-0.16489387,-0.094596624,-0.2354429559313371,0.070549086,0.0049771736
851,0,1,0.21927238,0.030411482,0.3876142172260199,0.16834185,0.028338976
852,0,1,-0.35626292,0.07549548,-0.1972656087921818,0.15899731,0.025280146
853,0,1,0.1842196,0.03940034,0.1478316018448486,0.036387995,0.0013240862
854,0,1,-0.13463211,-0.08809614,-0.1050059604894388,0.029626153,0.00087770895
855,0,1,0.09925699,0.03734207,0.0778302432444104,0.021426752,0.0004591057
856,0,1,-0.06980491,-0.07885122,-0.0149174100275981,0.054887496,0.0030126371
857,0,1,0.01603365,-0.000992775,0.057423121662067,0.041389473,0.0017130885
858,0,1,-0.05090928,-0.059681892,-0.0716401058637257,0.020730823,0.00042976704
859,0,1,0.06845832,0.027533054,-0.0254375031054423,0.09389582,0.008816426
860,0,1,0.025761843,0.0054473877,0.0960920555125337,0.07033021,0.0049463385
861,0,1,-0.08671594,-0.08065367,-0.0067059708019576,0.08000997,0.0064015947
862,0,1,0.008438826,-0.0063886642,0.0547835116738446,0.046344686,0.0021478299
863,0,1,-0.04846573,-0.05709696,-0.061175720194861,0.01270999,0.00016154385
864,0,1,0.05879259,0.023406982,0.0909833141553941,0.032190725,0.0010362428
865,0,1,-0.081985235,-0.08010697,-0.2352915285438608,0.15330629,0.02350282
866,0,1,0.2191329,0.030457258,0.1994157797199811,0.019717127,0.0003887651
867,0,1,-0.18239355,-0.098997355,-0.2092194950948909,0.02682595,0.00071963156
868,0,1,0.19520187,0.037163496,0.0568558659961073,0.13834602,0.01913962
869,0,1,-0.05038452,-0.059123278,-0.0787776847636534,0.028393164,0.0008061718
870,0,1,0.07504988,0.030057669,0.1485161247475983,0.07346624,0.0053972886
871,0,1,-0.13526583,-0.0882175,-0.1765074194617284,0.041241586,0.0017008685
872,0,1,0.1651318,0.04197979,0.0797637001769788,0.085368104,0.0072877132
873,0,1,-0.07159519,-0.07902217,-0.0671731052425759,0.0044220835,1.9554822e-05
874,0,1,0.06433272,0.025833607,-0.0230443223907959,0.08737704,0.0076347473
875,0,1,0.023549318,0.0040285587,-0.0873991372553142,0.11094846,0.012309561
876,0,1,0.083009005,0.032795668,0.000923647158789,0.082085356,0.0067380057
877,0,1,0.0013816357,-0.01169157,-0.0751012581837708,0.07648289,0.005849633
878,0,1,0.07165456,0.028786898,0.1971873700739776,0.1255328,0.015758485
879,0,1,-0.18033075,-0.09845352,-0.1558993173615759,0.024431437,0.0005968951
880,0,1,0.1461649,0.04284382,0.2172135565699879,0.07104866,0.0050479122
881,0,1,-0.19886708,-0.09571409,-0.3639059160033002,0.16503882,0.027237814
882,0,1,0.33664346,-0.046773195,0.4065591475941996,0.06991568,0.0048882025
883,0,1,-0.37370968,0.0959301,-0.2231155045092725,0.15059417,0.022678606
884,0,1,0.20796084,0.033895254,0.221883972166073,0.0139231235,0.00019385337
885,0,1,-0.20318913,-0.09377432,-0.3267982683796724,0.123609126,0.015279216
886,0,1,0.3028412,-0.018330574,0.4305252954295198,0.12768412,0.016303234
887,0,1,-0.39575982,0.12184119,-0.4488814450713883,0.053121626,0.0028219072
888,0,1,0.41368747,-0.12447119,0.3655422979371985,0.048145175,0.0023179578
889,0,1,-0.33592033,0.051741123,-0.0433665482864014,0.29255378,0.08558772
890,0,1,0.042335987,0.015209436,0.0559816465407991,0.01364566,0.00018620404
891,0,1,-0.049574614,-0.058265924,-0.2575043584458312,0.20792973,0.043234773
892,0,1,0.2394948,0.022855759,0.0794742507753532,0.16002056,0.02560658
893,0,1,-0.07132816,-0.0789969,-0.0345525578881491,0.036775604,0.001352445
894,0,1,0.034189463,0.010600567,-0.0748433203182843,0.10903278,0.011888147
895,0,1,0.07141638,0.028694868,0.1210932159120399,0.049676836,0.002467788
896,0,1,-0.10986972,-0.08381605,-0.0749091071847511,0.034960613,0.0012222445
897,0,1,0.07147741,0.028717995,0.0361714651490894,0.035305947,0.0012465098
898,0,1,-0.03123641,-0.03982687,-0.0440722113686757,0.012835801,0.00016475777
899,0,1,0.04298854,0.015562773,-0.0325563510475936,0.075544894,0.005707031
900,0,1,0.03234434,0.009506226,0.1260206497170362,0.093676314,0.008775252
901,0,1,-0.11443281,-0.08453536,-0.2813654388638595,0.16693261,0.027866498
902,0,1,0.26133943,0.010927677,0.2296157251801545,0.031723708,0.0010063937
903,0,1,-0.21034408,-0.09056997,-0.293200628197328,0.082856566,0.0068652104
904,0,1,0.27216196,0.003942013,0.1046191427057685,0.16754282,0.028070595
905,0,1,-0.0946126,-0.08164215,-0.1393741771074559,0.044761583,0.0020035994
906,0,1,0.13094425,0.042272806,0.1908349042089847,0.059890658,0.0035868909
907,0,1,-0.17444968,-0.096940756,-0.0058874180313326,0.16856226,0.028413236
908,0,1,0.0076818466,-0.0069441795,-0.0795772473064442,0.08725909,0.0076141492
909,0,1,0.07578802,0.030325651,0.1338220825665597,0.058034062,0.0033679523
910,0,1,-0.1216588,-0.08573723,-0.1588384671276461,0.037179664,0.0013823274
911,0,1,0.14887118,0.042826414,-0.0633744066266532,0.21224558,0.04504819
912,0,1,0.060823917,0.024316072,0.0292759222558567,0.031547993,0.0009952759
913,0,1,-0.024853706,-0.0338521,-0.0921469011182987,0.0672932,0.0045283744
914,0,1,0.087391615,0.034158707,-0.0182039898934052,0.1055956,0.011150432
915,0,1,0.019073486,0.0010757446,0.054520813324923,0.035447326,0.001256513
916,0,1,-0.04822278,-0.05684209,0.0194706760968128,0.06769346,0.004582404
917,0,1,-0.015779257,-0.025748968,0.1087805228548033,0.12455978,0.015515139
918,0,1,-0.098466635,-0.08215809,-0.0917970572156079,0.006669581,4.448331e-05
919,0,1,0.08706808,0.034062147,0.1004457726755787,0.013377689,0.00017896255
920,0,1,-0.09074831,-0.081146955,-0.3188390326484227,0.22809073,0.05202538
921,0,1,0.29557967,-0.012740612,0.4124205391928308,0.11684087,0.013651789
922,0,1,-0.3791046,0.10226059,-0.2287637258697308,0.15034088,0.022602381
923,0,1,0.2131443,0.03236556,0.2954534259853707,0.08230913,0.0067747924
924,0,1,-0.27122402,-0.023298264,-0.5293655775261286,0.25814158,0.06663708
925,0,1,0.48613548,-0.21011353,0.3205946655835747,0.16554081,0.02740376
926,0,1,-0.2944467,0.0035498142,-0.3686974495866102,0.07425076,0.005513175
927,0,1,0.3410015,-0.050713778,0.3151584692634488,0.025843054,0.00066786347
928,0,1,-0.28942657,-0.0022621155,-0.4337405885156613,0.14431402,0.020826537
929,0,1,0.39999986,-0.109523535,0.3413651319542516,0.05863473,0.0034380313
930,0,1,-0.3136196,0.025788784,-0.1838105272122328,0.12980908,0.016850397
931,0,1,0.17184925,0.041264534,0.1935974457194018,0.0217482,0.00047298422
932,0,1,-0.17700791,-0.097592115,-0.2246965173820192,0.047688603,0.0022742029
933,0,1,0.20941281,0.033478737,0.3620759141201373,0.15266311,0.023306025
934,0,1,-0.33272433,0.04801488,-0.3892449275501586,0.05652058,0.0031945761
935,0,1,0.35967207,-0.06826091,0.1926897092696502,0.16698237,0.02788311
936,0,1,-0.17616725,-0.09737682,-0.1610307407469529,0.01513651,0.00022911394
937,0,1,0.15088987,0.042790413,0.0694852424730432,0.081404634,0.0066267145
938,0,1,-0.062078,-0.07191324,-0.0939774692166133,0.031899467,0.001017576
939,0,1,0.08908057,0.03465748,0.1124322159989001,0.023351647,0.00054529944
940,0,1,-0.1018486,-0.082630396,-0.2309537493973232,0.12910515,0.016668139
941,0,1,0.2151537,0.031742334,0.559647438611321,0.34449375,0.11867594
942,0,1,-0.5141065,0.26259613,-0.5585346036226988,0.04442811,0.001973857
943,0,1,0.5122521,-0.2431941,0.6286358480500316,0.11638373,0.013545173
944,0,1,-0.57696176,0.33857417,-0.5566364440458749,0.020325303,0.00041311796
945,0,1,0.51055527,-0.24101591,0.5454423818006111,0.034887135,0.0012171122
946,0,1,-0.5011301,0.24701738,-0.4156528641171717,0.08547723,0.0073063574
947,0,1,0.38362408,-0.092246056,0.3761861851307069,0.007437885,5.532213e-05
948,0,1,-0.34573293,0.06318879,-0.3699963443938183,0.024263412,0.00058871316
949,0,1,0.34218264,-0.05179262,0.4133678916607546,0.07118526,0.0050673415
950,0,1,-0.37997603,0.10328388,-0.4928096311279928,0.11283359,0.012731419
951,0,1,0.45329738,-0.17005372,0.396357009327696,0.056940377,0.0032422065
952,0,1,-0.3643167,0.08492041,-0.2095618470238043,0.15475486,0.023949068
953,0,1,0.19551635,0.03709197,0.190043335360142,0.0054730177,2.9953922e-05
954,0,1,-0.17371702,-0.096755505,-0.064539982045022,0.10917704,0.011919626
955,0,1,0.06190014,0.024788857,0.1679298882658444,0.10602975,0.011242308
956,0,1,-0.15324259,-0.09192729,-0.2021579741705421,0.048915386,0.002392715
957,0,1,0.18871498,0.038550854,0.1247840491797758,0.06393093,0.0040871636
958,0,1,-0.113287926,-0.08435106,-0.1217118229557572,0.008423895,7.0962e-05
959,0,1,0.11466527,0.04038143,0.1837217041891179,0.06905644,0.0047687916
960,0,1,-0.16786504,-0.09530997,-0.1481957229744144,0.01966931,0.00038688173
961,0,1,0.13907051,0.042719603,0.3677727514338538,0.22870225,0.05230472
962,0,1,-0.33797646,0.054139137,-0.4384171761825226,0.10044071,0.010088337
963,0,1,0.40422964,-0.114094496,0.2876337340543253,0.116595894,0.013594602
964,0,1,-0.26399755,-0.03163457,-0.4467119021305761,0.18271434,0.03338453
965,0,1,0.41172767,-0.122303724,0.3878927896156168,0.023834884,0.0005681017
966,0,1,-0.35651898,0.07579517,-0.2959320693636234,0.06058693,0.003670776
967,0,1,0.27465892,0.0022644997,0.356957454986615,0.08229855,0.006773051
968,0,1,-0.3280034,0.04251814,-0.30733724378126,0.020666152,0.00042708984
969,0,1,0.285079,-0.0050008297,0.2793454189645494,0.0057335794,3.2873933e-05
970,0,1,-0.25633693,-0.04045987,-0.3240694654542992,0.06773254,0.0045876973
971,0,1,0.30035186,-0.016392708,0.343077106274182,0.042725235,0.0018254457
972,0,1,-0.31519938,0.027624369,-0.2849519472047066,0.03024742,0.00091490644
973,0,1,0.26462007,0.008860111,0.1703487450366929,0.09427132,0.008887081
974,0,1,-0.15548277,-0.092422724,-0.1683746176185683,0.012891844,0.00016619964
975,0,1,0.15764832,0.04252577,0.2233780775463323,0.06572975,0.0043204003
976,0,1,-0.20457125,-0.093152046,-0.2044960736151972,7.517636e-05,5.6514846e-09
977,0,1,0.19086266,0.038111925,0.2733243783334109,0.082461715,0.0067999344
978,0,1,-0.25077057,-0.046866894,-0.3683959211704293,0.117625356,0.013835724
979,0,1,0.34072733,-0.05046439,0.3409779807422883,0.00025063753,6.281917e-08
980,0,1,-0.31326222,0.025374413,-0.452808463353588,0.13954625,0.019473154
981,0,1,0.4172361,-0.12841654,0.4951215811381542,0.07788548,0.0060661477
982,0,1,-0.4550693,0.1920178,-0.5015620511382672,0.046492755,0.0021615764
983,0,1,0.4611702,-0.17948675,0.4492642043219432,0.011905998,0.00014175278
984,0,1,-0.4129846,0.1421485,-0.4268035355813682,0.01381892,0.00019096254
985,0,1,0.39372206,-0.10281992,0.5444463215328632,0.15072429,0.022717813
986,0,1,-0.5002191,0.24592614,-0.2229741024363578,0.277245,0.07686478
987,0,1,0.20783114,0.03393221,0.2265409026288716,0.018709764,0.00035005526
988,0,1,-0.20749855,-0.091841936,-0.2304069501607628,0.022908404,0.000524795
989,0,1,0.21465254,0.031900167,0.2176565904111305,0.0030040592,9.024372e-06
990,0,1,-0.19927645,-0.09553051,-0.4126134983042897,0.21333706,0.045512702
991,0,1,0.3808694,-0.08940816,0.310226887379367,0.0706425,0.004990363
992,0,1,-0.284873,-0.0075309277,-0.1784524613313816,0.10642055,0.011325332
993,0,1,0.16692114,0.04180956,0.0899949480227726,0.076926194,0.0059176395
994,0,1,-0.08106947,-0.08000469,-0.3189143652980752,0.23784488,0.056570187
995,0,1,0.2956488,-0.012792587,0.2010308856203693,0.09461793,0.008952553
996,0,1,-0.18388939,-0.09939456,-0.2341751781902759,0.050285786,0.0025286602
997,0,1,0.21810937,0.030794144,0.1769523735000371,0.041156992,0.001693898
998,0,1,-0.16159725,-0.09381962,0.0056022160991626,0.16719946,0.02795566
999,0,1,-0.002947092,-0.015081167,-0.1874078736494389,0.18446079,0.03402578
1000,0,1,0.17515755,0.040834904,0.1174372008668838,0.05772035,0.0033316386
1001,0,1,-0.10648322,-0.08330369,-0.1610153334181134,0.05453211,0.0029737512
1002,0,1,0.15087509,0.042790174,0.3038045685202051,0.15292948,0.023387427
1003,0,1,-0.27893972,-0.0143892765,-0.0874852882494758,0.19145444,0.036654804
1004,0,1,0.08308864,0.032821894,0.0154987084152788,0.06758993,0.004568399
1005,0,1,-0.012103558,-0.022599697,-0.0418143365668739,0.02971078,0.00088273047
1006,0,1,0.040901423,0.014425278,0.1100716300892634,0.06917021,0.0047845175
1007,0,1,-0.099662304,-0.08232236,-0.0659082792055461,0.03375403,0.0011393344
1008,0,1,0.063164234,0.025336027,-0.1427929050471847,0.20595714,0.042418346
1009,0,1,0.13409376,0.042485237,0.0644635451472184,0.06963021,0.0048483666
1010,0,1,-0.0574286,-0.06673694,-0.1772995945837543,0.11987099,0.014369055
1011,0,1,0.16586089,0.041913033,0.05991835863334,0.10594253,0.01122382
1012,0,1,-0.053220272,-0.06215477,-0.0006155097468685,0.05260476,0.002767261
1013,0,1,0.002805233,-0.010599375,-0.0681063817187461,0.070911616,0.0050284574
1014,0,1,0.06519461,0.02619648,0.0534487227765971,0.011745885,0.00013796582
1015,0,1,-0.047230244,-0.055804014,-0.1308481562005123,0.08361791,0.006991955
1016,0,1,0.12308717,0.041527033,0.1730204012091269,0.04993324,0.0024933284
1017,0,1,-0.15795636,-0.092981815,-0.2909199435870002,0.13296357,0.017679311
1018,0,1,0.27007747,0.005324602,0.4680065362046224,0.19792905,0.03917591
1019,0,1,-0.430197,0.16250062,-0.3553972458432923,0.07479975,0.005595002
1020,0,1,0.3289008,-0.03992009,0.3549209609777297,0.02602014,0.00067704765
1021,0,1,-0.3261261,0.040331364,-0.4408699434573191,0.11474386,0.013166153
1022,0,1,0.40644717,-0.11650872,0.4851886398853247,0.07874146,0.0062002176
1023,0,1,-0.4459622,0.18119454,-0.5432969150071782,0.09733474,0.009474052
1024,0,1,0.4986186,-0.22580242,0.4609548977596422,0.0376637,0.0014185541
1025,0,1,-0.42372322,0.1548388,-0.4153403994511171,0.008382827,7.027179e-05
1026,0,1,0.38334107,-0.091953754,0.3548497013890208,0.028491378,0.0008117586
1027,0,1,-0.32605982,0.04025531,-0.4409100599496818,0.11485025,0.0131905805
1028,0,1,0.4064839,-0.1165483,0.4726586492602731,0.066174775,0.004379101
1029,0,1,-0.4344666,0.16755843,-0.4661966239944406,0.031730026,0.0010067945
1030,0,1,0.4293201,-0.14206672,0.3422315864670762,0.087088525,0.007584411
1031,0,1,-0.31441927,0.026717186,-0.157612592938825,0.15680668,0.024588333
1032,0,1,0.14774203,0.04283762,0.2425077483744555,0.09476572,0.008980542
1033,0,1,-0.22227144,-0.07958603,-0.1402020760440594,0.08206937,0.006735381
1034,0,1,0.13170671,0.042329073,0.0727155649089881,0.05899115,0.0034799557
1035,0,1,-0.06506896,-0.07530689,-0.1096103161651109,0.04454136,0.0019839327
1036,0,1,0.10350466,0.038303375,0.1341602550913241,0.030655593,0.00093976536
1037,0,1,-0.121970415,-0.08579111,-0.1299425354999019,0.007972121,6.355472e-05
1038,0,1,0.122252464,0.041429996,0.2618092515733479,0.1395568,0.019476099
1039,0,1,-0.24012446,-0.05910611,-0.1363167312733155,0.10380773,0.010776046
1040,0,1,0.12812734,0.042041063,0.1482268485275359,0.020099506,0.00040399013
1041,0,1,-0.13499832,-0.08816528,-0.2321658340017198,0.09716751,0.009441525
1042,0,1,0.21626568,0.03139019,0.3074635957955034,0.09119791,0.008317058
1043,0,1,-0.28231978,-0.010482311,-0.2578402002787126,0.024479598,0.0005992507
1044,0,1,0.2398026,0.022727013,0.2847871928087593,0.04498458,0.0020236124
1045,0,1,-0.26136708,-0.03466487,-0.3319840227964175,0.07061693,0.004986751
1046,0,1,0.30757046,-0.022074223,0.3885657411494212,0.08099529,0.006560237
1047,0,1,-0.35713983,0.07651973,-0.3237968289747059,0.033342987,0.0011117548
1048,0,1,0.30010366,-0.01620102,0.4099748994633421,0.10987124,0.012071689
1049,0,1,-0.37685323,0.09961915,-0.5034297996287576,0.12657654,0.01602162
1050,0,1,0.46284938,-0.18151331,0.3649340326375569,0.09791535,0.009587416
1051,0,1,-0.3353598,0.05108905,-0.3923910799395433,0.057031274,0.003252566
1052,0,1,0.36252856,-0.07103658,0.3848746470421842,0.02234608,0.0004993473
1053,0,1,-0.35373878,0.07254338,-0.1907091189203784,0.16302967,0.026578674
1054,0,1,0.1781919,0.040396452,0.1711370592958321,0.0070548356,4.9770704e-05
1055,0,1,-0.15621305,-0.092588186,-0.2929499544526295,0.1367369,0.01869698
1056,0,1,0.27193332,0.004095793,0.3649102325863693,0.09297693,0.008644709
1057,0,1,-0.33533812,0.051062107,-0.4212183685011492,0.08588025,0.0073754173
1058,0,1,0.38866544,-0.09749222,0.4517903701504568,0.063124925,0.0039847563
1059,0,1,-0.41530514,0.1448896,-0.5457880106376494,0.13048285,0.017025774
1060,0,1,0.500849,-0.22862959,0.468129104400953,0.03271991,0.0010705926
1061,0,1,-0.43030906,0.1626339,-0.3111072671466299,0.11920178,0.014209065
1062,0,1,0.28852177,-0.0074925423,0.1553931166478506,0.13312864,0.017723236
1063,0,1,-0.14163446,-0.08947492,0.003911778696561,0.14554624,0.021183709
1064,0,1,-0.0013833046,-0.013843775,0.0735786908604927,0.074962,0.005619301
1065,0,1,-0.065867424,-0.07622123,-0.1857710996394717,0.11990367,0.01437689
1066,0,1,0.17365217,0.041036367,0.1483322566012099,0.025319919,0.0006410983
1067,0,1,-0.1350956,-0.08818412,-0.0221990434272556,0.112896554,0.012745632
1068,0,1,0.022767305,0.0035209656,-0.0192431816284082,0.042010486,0.001764881
1069,0,1,0.020034075,0.0017187595,-0.0641224505343553,0.08415653,0.007082321
1070,0,1,0.061514378,0.024620295,0.1097891243514888,0.048274748,0.0023304513
1071,0,1,-0.09940052,-0.082286835,-0.2064193705927079,0.10701884,0.0114530325
1072,0,1,0.19263029,0.037734985,0.2631932038462223,0.0705629,0.004979123
1073,0,1,-0.24140334,-0.057635784,-0.3874781756772161,0.14607483,0.021337856
1074,0,1,0.358068,-0.0667119,0.4479216002008406,0.089853615,0.008073672
1075,0,1,-0.4117508,0.140692,-0.2002649282585031,0.21148586,0.04472627
1076,0,1,0.18697524,0.03889036,0.0810409452275187,0.10593429,0.011222074
1077,0,1,-0.07277775,-0.07913756,0.0364449741383832,0.109222725,0.011929603
1078,0,1,-0.031489372,-0.04006815,-0.1232502528032148,0.09176088,0.008420059
1079,0,1,0.11608267,0.040599108,0.1449428524384228,0.028860182,0.00083291007
1080,0,1,-0.1319561,-0.08758783,-0.1932357316387585,0.061279625,0.0037551925
1081,0,1,0.18051529,0.040032625,-0.0571605990391588,0.23767589,0.05648983
1082,0,1,0.055083275,0.021688938,0.2227586606530818,0.16767539,0.028115036
1083,0,1,-0.20399833,-0.0934093,-0.3557530875840622,0.15175477,0.02302951
1084,0,1,0.32922506,-0.040202856,0.1954236999558025,0.13380136,0.017902803
1085,0,1,-0.1786983,-0.098027945,-0.235200669490041,0.056502372,0.0031925181
1086,0,1,0.21904969,0.030484676,0.3564613682892981,0.13741168,0.018881971
1087,0,1,-0.32754683,0.041986227,-0.1526976281016652,0.17484921,0.030572247
1088,0,1,0.14321661,0.0428226,0.2140762186398017,0.07085961,0.0050210846
1089,0,1,-0.19596314,-0.097022295,-0.2417220792955361,0.045758933,0.00209388
1090,0,1,0.22503042,0.0284307,0.2098877272253574,0.015142694,0.00022930118
1091,0,1,-0.19208646,-0.09876943,-0.1821670224321154,0.009919435,9.839518e-05
1092,0,1,0.17033792,0.041443586,0.3133657398539506,0.14302781,0.020456955
1093,0,1,-0.28777146,-0.004178047,-0.3043292136418736,0.016557753,0.0002741592
1094,0,1,0.2823317,-0.0030441284,0.2295092765264725,0.052822426,0.0027902087
1095,0,1,-0.21024513,-0.0906136,-0.3422471106903502,0.13200197,0.017424518
1096,0,1,0.3169248,-0.029709816,0.2315682968231751,0.08535652,0.007285735
1097,0,1,-0.21214962,-0.08976245,-0.4147205364761377,0.20257092,0.041034974
1098,0,1,0.38277936,-0.091373205,0.4647891347811872,0.08200976,0.006725601
1099,0,1,-0.42724323,0.15900445,-0.6110436169607447,0.1838004,0.033782586
1100,0,1,0.55906487,-0.30466008,0.5193201202005611,0.039744735,0.0015796439
1101,0,1,-0.4772358,0.2184298,-0.5648080264318032,0.08757222,0.0076688933
1102,0,1,0.5178597,-0.25041986,0.5591542361074651,0.041294515,0.001705237
1103,0,1,-0.51365685,0.26205444,-0.4286969406699077,0.084959924,0.0072181886
1104,0,1,0.3954363,-0.104640245,0.357813578748027,0.03762272,0.0014154691
1105,0,1,-0.32879353,0.04343891,-0.2750111489816849,0.053782374,0.0028925438
1106,0,1,0.2555251,0.014483452,0.2791001351268751,0.023575038,0.0005557824
1107,0,1,-0.2561097,-0.040721178,-0.326693814473932,0.07058409,0.0049821134
1108,0,1,0.3027463,-0.018256187,0.2807597627040641,0.021986544,0.00048340813
1109,0,1,-0.25764465,-0.03895521,-0.3283661366529489,0.07072148,0.0050015273
1110,0,1,0.30427194,-0.01945424,0.281034592370085,0.023237348,0.0005399743
1111,0,1,-0.25789857,-0.038662434,-0.2435216658063859,0.014376909,0.0002066955
1112,0,1,0.226681,0.02783823,0.3332093177734156,0.10652831,0.011348281
1113,0,1,-0.30609274,0.017050982,-0.3068976424032366,0.0008049011,6.478658e-07
1114,0,1,0.28467727,-0.004713297,0.2402159644637986,0.04446131,0.001976808
1115,0,1,-0.22015095,-0.08201456,-0.4537779065258722,0.23362696,0.054581556
1116,0,1,0.41811085,-0.12939501,0.3908202643418446,0.027290583,0.0007447759
1117,0,1,-0.35921645,0.07895017,-0.4098291005233805,0.05061266,0.0025616412
1118,0,1,0.37834573,-0.08682537,0.3451453114181553,0.033200413,0.0011022674
1119,0,1,-0.31710815,0.029842138,-0.2081930762362764,0.108915076,0.011862494
1120,0,1,0.1942594,0.037376404,-0.0048926017862518,0.19915201,0.039661523
1121,0,1,0.0067617893,-0.007623434,-0.0971561885916716,0.10391798,0.010798946
1122,0,1,0.092013836,0.03548789,0.0157534883252505,0.07626034,0.00581564
1123,0,1,-0.01233983,-0.022798538,-0.020879603227462,0.0085397735,7.292773e-05
1124,0,1,0.02154708,0.002722025,-0.1178846838282252,0.13943176,0.019441215
1125,0,1,0.111135244,0.039793253,0.1984931005326049,0.08735785,0.0076313936
1126,0,1,-0.18153954,-0.098771095,-0.1942101856780458,0.012670651,0.0001605454
1127,0,1,0.18141103,0.03988552,0.1329578196304406,0.04845321,0.0023477138
1128,0,1,-0.12085724,-0.08560014,-0.1254871389043095,0.004629895,2.1435928e-05
1129,0,1,0.11814475,0.04089856,0.125098857542973,0.0069541037,4.8359558e-05
1130,0,1,-0.11357951,-0.08439827,-0.1009372407041988,0.012642272,0.00015982703
1131,0,1,0.09550333,0.03641534,0.0139288920730362,0.08157444,0.006654389
1132,0,1,-0.01065135,-0.02137518,-0.0958568892467321,0.08520554,0.007259984
1133,0,1,0.09081507,0.035153866,0.0252635093594402,0.06555156,0.0042970064
1134,0,1,-0.021140337,-0.030480623,0.2039205080180282,0.22506085,0.050652385
1135,0,1,-0.18656397,-0.100115776,-0.0688789525663771,0.11768501,0.013849762
1136,0,1,0.06590819,0.026494026,0.0129656391589048,0.052942555,0.0028029142
1137,0,1,-0.00976038,-0.020630598,0.0178633198903193,0.0276237,0.0007630688
1138,0,1,-0.0142912865,-0.024466276,0.0752268793370887,0.08951817,0.008013503
1139,0,1,-0.06739473,-0.0779798,-0.1042607273705611,0.036865994,0.0013591015
1140,0,1,0.098569155,0.0371778,-0.033778504232202,0.13234766,0.017515903
1141,0,1,0.03347349,0.010178804,0.1970273500984323,0.16355386,0.026749866
1142,0,1,-0.18018222,-0.0984149,-0.2038149891736842,0.023632765,0.00055850757
1143,0,1,0.19023705,0.03824091,-0.0255842033506956,0.21582125,0.046578813
1144,0,1,0.02589798,0.005533695,-0.1258637159396305,0.1517617,0.023031613
1145,0,1,0.1184926,0.040946245,0.1959797994020178,0.0774872,0.0060042664
1146,0,1,-0.17921257,-0.098161936,-0.2101184756431773,0.030905902,0.0009551748
1147,0,1,0.19602776,0.036973953,0.1541977678680148,0.04182999,0.0017497479
1148,0,1,-0.14052701,-0.089251995,0.0506397332328432,0.19116674,0.036544725
1149,0,1,-0.044629097,-0.05310893,0.0357815298357353,0.08041063,0.0064658695
1150,0,1,-0.030875444,-0.039483547,-0.0405289985570433,0.009653553,9.319109e-05
1151,0,1,0.039713144,0.013766766,0.1503446428979873,0.110631496,0.012239328
1152,0,1,-0.13695955,-0.08854532,-0.2820531269818374,0.14509356,0.02105214
1153,0,1,0.2619679,0.010535002,0.1951852243204048,0.06678267,0.004459925
1154,0,0,-0.17847776,-0.09797096,0.1256639725431818,0.30414173,0.09250219
1155,0,0,-0.1141026,-0.084481716,0.2114945455306114,0.32559717,0.106013514
1156,0,0,-0.19357419,-0.09809971,0.1527106669974554,0.34628487,0.119913206
1157,0,0,-0.13914967,-0.08897638,0.244550695896605,0.38370037,0.14722598
1158,0,0,-0.22416115,-0.0774219,0.1556350013994376,0.37979615,0.14424512
1159,0,0,-0.14185762,-0.08951998,0.0812168940982864,0.22307453,0.049762245
1160,1,0,0.07906914,-0.07915354,0.1423508618465256,0.06328173,0.004004577
1161,1,0,0.14146948,-0.087142944,0.1204117879673432,0.021057688,0.00044342622
1162,1,0,0.119062185,-0.08371925,-0.1174205314076104,0.23648271,0.055924073
1163,1,0,-0.12269735,0.03971696,-0.0776266941957914,0.045070656,0.002031364
1164,1,0,-0.08241606,0.029666185,-0.0692985399609362,0.013117515,0.0001720692
1165,1,0,-0.07397723,0.026654005,-0.0979347115832305,0.023957476,0.00057396066
1166,1,0,-0.10298252,0.03568387,-0.2529838198217393,0.15000129,0.022500386
1167,1,0,-0.25928664,0.024537802,-0.1792621415866864,0.080024496,0.00640392
1168,1,0,-0.18513441,0.041734695,-0.1258288270268703,0.05930558,0.0035171516
1169,1,0,-0.13119793,0.040941715,-0.2020716074771251,0.07087368,0.005023078
1170,1,0,-0.20811033,0.038566113,-0.3763186269848044,0.1682083,0.028294032
1171,1,0,-0.38257933,-0.057101488,-0.2199277891799678,0.16265154,0.026455523
1172,1,0,-0.22607732,0.03470707,-0.0695898822391942,0.15648744,0.024488317
1173,1,0,-0.07427192,0.026764154,-0.0653369401298271,0.008934975,7.983377e-05
1174,1,0,-0.069960594,0.02510786,-0.075621766086122,0.0056611747,3.2048898e-05
1175,1,0,-0.08038497,0.028970003,-0.0193564486303019,0.06102852,0.0037244805
1176,1,0,-0.02329874,0.0017893314,-0.1714565042594329,0.14815776,0.021950722
1177,1,0,-0.17726493,0.042350292,-0.3010549822232913,0.123790056,0.015323978
1178,1,0,-0.30746078,-0.0009469986,-0.2398310989402072,0.06762968,0.0045737736
1179,1,0,-0.24608088,0.02904129,-0.2873092630754934,0.041228384,0.0016997796
1180,1,0,-0.29369974,0.0074784756,-0.3478058977276146,0.054106146,0.0029274751
1181,1,0,-0.35416698,-0.03396797,-0.3005441255026726,0.05362287,0.0028754123
1182,1,0,-0.30694914,-0.0006227493,-0.3491171654444853,0.04216802,0.0017781421
1183,1,0,-0.3554747,-0.034985304,-0.2859975043652421,0.0694772,0.004827081
1184,1,0,-0.29238653,0.008249283,-0.3893943122305288,0.09700778,0.00941051
1185,1,0,-0.39558983,-0.06839204,-0.452075241950677,0.056485415,0.003190602
1186,1,0,-0.4577849,-0.12767768,-0.3087955937591542,0.14898929,0.02219781
1187,1,0,-0.3152039,-0.005959511,-0.2760972654138931,0.039106637,0.0015293291
1188,1,0,-0.28246784,0.01388526,-0.2664355195553769,0.016032308,0.0002570349
1189,1,0,-0.2727821,0.019060373,-0.2011111057045718,0.07167098,0.005136729
1190,1,0,-0.20714402,0.03873968,-0.2297221108777138,0.02257809,0.0005097702
1191,1,0,-0.23592353,0.032096148,-0.3161636531909537,0.08024013,0.0064384784
1192,1,0,-0.32257104,-0.010903597,-0.2829911525032305,0.039579898,0.0015665684
1193,1,0,-0.2893746,0.009996176,-0.2136187894790735,0.075755805,0.005738942
1194,1,0,-0.21973109,0.036206007,-0.2964204792178928,0.07668939,0.005881263
1195,1,0,-0.30282283,0.001962185,-0.1968079567657628,0.10601488,0.011239154
1196,1,0,-0.20281124,0.039474964,-0.2000475163318169,0.0027637184,7.638139e-06
1197,1,0,-0.20607305,0.038928032,-0.0674063459459484,0.13866669,0.019228451
1198,1,0,-0.07205868,0.025924206,-0.1346747894505759,0.06261611,0.0039207772
1199,1,0,-0.14013767,0.04189992,-0.1833916722256816,0.043254003,0.0018709088
1200,1,0,-0.18929625,0.041311264,-0.0763308016643828,0.11296544,0.012761191
1201,1,0,-0.081103325,0.029218435,0.0276354999321548,0.108738825,0.011824132
1202,1,0,0.024483204,-0.03246379,-0.1700158569038028,0.19449906,0.037829883
1203,1,0,-0.175812,0.042437553,-0.0263593910628734,0.14945261,0.022336083
1204,1,0,-0.03041172,0.0059862137,0.0489268880594964,0.07933861,0.006294615
1205,1,0,0.046161175,-0.05148387,0.048530499947009,0.0023693256,5.6137037e-06
1206,1,0,0.045757532,-0.051108837,-0.0558814211213993,0.10163896,0.010330478
1207,1,0,-0.06037283,0.021124601,-0.1647130806590198,0.104340255,0.010886889
1208,0,0,0.15427852,0.04268551,-0.1115090286941264,0.26578754,0.070643015
1209,0,0,0.10525584,0.038671494,0.0023694387902843,0.1028864,0.010585612
1210,0,0,4.339218e-05,-0.012728214,0.1998779227707743,0.19983453,0.039933838
1211,0,0,-0.18282151,-0.099110365,0.2157139387284514,0.39853543,0.1588305
1212,1,0,0.21649623,-0.0963397,0.2636989943633194,0.047202766,0.002228101
1213,1,0,0.2656386,-0.057099342,0.1402497289900117,0.12538886,0.015722366
1214,1,0,0.139323,-0.08678794,0.2094482890374664,0.0701253,0.0049175574
1215,1,0,0.21008301,-0.098953724,0.2974603922348411,0.0873774,0.0076348097
1216,1,0,0.30024123,-0.021158457,0.2228161896293579,0.07742505,0.005994638
1217,1,0,0.22376633,-0.093385935,0.1100256933781618,0.11374063,0.012936931
1218,1,0,0.10846043,-0.08231664,0.0493751140003304,0.059085313,0.0034910743
1219,1,0,0.046617508,-0.05190754,0.1387643464330121,0.09214684,0.008491041
1220,1,0,0.13780594,-0.08653951,-0.0890365973130848,0.22684254,0.051457535
1221,1,0,-0.09397364,0.03327775,0.0548761089027118,0.14884974,0.022156246
1222,1,0,0.0522213,-0.057188034,0.0163414172757083,0.03587988,0.0012873658
1223,1,0,0.01299119,-0.023262024,0.1715329704165351,0.15854178,0.025135497
1224,1,0,0.17129707,-0.092669964,0.2011532542070551,0.029856175,0.0008913912
1225,1,0,0.20159388,-0.09942484,0.0436405985241297,0.15795328,0.024949238
1226,1,0,0.040777206,-0.046557903,0.0735063105257443,0.032729104,0.0010711943
1227,1,0,0.071208,-0.07614517,-0.0097997420739077,0.08100774,0.0065622544
1228,1,0,-0.013588905,-0.004317045,-0.1273936602836638,0.11380476,0.012951523
1229,1,0,-0.13278008,0.041135788,-0.1847020519821702,0.05192198,0.0026958918
1230,1,0,-0.19061661,0.04116273,-0.0414784029721162,0.14913821,0.022242207
1231,1,0,-0.045760155,0.0142531395,-0.0915675609691413,0.045807406,0.0020983184
1232,1,0,-0.0965364,0.033997774,0.0014203549999165,0.097956754,0.009595525
1233,1,0,-0.0021839142,-0.012046576,-0.0650108235823299,0.06282691,0.0039472207
1234,0,0,0.062335253,0.0249784,-0.2530337911917248,0.31536904,0.09945763
1235,0,0,0.23539901,0.024519682,-0.1921809016750861,0.4275799,0.18282458
1236,1,0,-0.19815111,0.04018712,-0.1757614643716376,0.02238965,0.0005012964
1237,1,0,-0.1816051,0.042040586,-0.1061784625971018,0.07542664,0.0056891777
1238,1,0,-0.1113255,0.03759551,-0.0650624347053301,0.04626307,0.0021402715
1239,1,0,-0.06968236,0.024998665,0.0559710437283063,0.1256534,0.015788777
1240,1,0,0.05333686,-0.05825615,-0.0198197786808851,0.07315664,0.005351894
1241,1,0,-0.023769617,0.0020740032,0.143074951166056,0.16684456,0.027837107
1242,1,1,0.14220977,-0.08726549,-0.050522676323196,0.19273245,0.037145797
1243,1,1,-0.054936886,0.018682718,-0.0584832567451445,0.003546372,1.2576755e-05
1244,1,1,-0.063011885,0.022263527,-0.0777926116754721,0.01478073,0.00021846998
1245,0,1,0.07414031,0.029722929,0.1596488801681688,0.08550857,0.0073117157
1246,0,1,-0.14557528,-0.09028506,0.0179487490408161,0.16352403,0.02674011
1247,0,1,-0.014371395,-0.024533749,0.0028263694601764,0.017197765,0.00029576314
1248,0,1,-0.00037908554,-0.01305747,-0.021921145222981,0.02154206,0.00046406031
1249,0,1,0.022510767,0.0033535957,-0.1932931961725819,0.21580397,0.04657135
1250,0,1,0.18056798,0.04002261,0.3181960561747932,0.13762808,0.018941488
1251,0,1,-0.2922318,0.0009846687,-0.4389277330484904,0.14669594,0.0215197
1252,0,1,0.40469098,-0.11459613,0.3459685552659337,0.058722436,0.0034483245
1253,0,1,-0.31786704,0.03072548,-0.3844560062139659,0.06658897,0.0044340906
1254,0,1,0.35532355,-0.06408,0.4947487348108152,0.13942519,0.019439382
1255,0,1,-0.4547274,0.19161129,-0.4173847183951893,0.037342697,0.0013944771
1256,0,1,0.3851931,-0.09387159,0.4596266969696523,0.074433595,0.00554036
1257,0,1,-0.422503,0.15339637,-0.270928418881438,0.15157458,0.022974854
1258,0,1,0.25178838,0.016694546,0.3328131354388475,0.081024766,0.0065650125
1259,0,1,-0.30572724,0.016626835,-0.2402596832299379,0.065467566,0.0042860024
1260,0,1,0.22368932,0.028903484,0.1558579504073098,0.06783137,0.0046010944
1261,0,1,-0.14206457,-0.08956218,-0.1252428147926214,0.016821757,0.0002829715
1262,0,1,0.11791992,0.040866375,0.1268497837612963,0.008929864,7.9742465e-05
1263,0,1,-0.11520028,-0.08465791,-0.1766932389622941,0.061492965,0.0037813848
1264,0,1,0.16530299,0.041964293,0.1502271340955188,0.015075862,0.00022728163
1265,0,1,-0.13685083,-0.0885241,-0.1239997666050576,0.012851067,0.00016514992
1266,0,1,0.11677456,0.040701628,0.0745476483766296,0.04222691,0.001783112
1267,0,1,-0.06676555,-0.07725382,-0.0469052329827643,0.019860312,0.00039443202
1268,0,1,0.04560709,0.016956806,-0.0568531447353248,0.102460235,0.0104981
1269,0,1,0.054798603,0.021552801,0.1202382440336173,0.06543964,0.0042823465
1270,0,1,-0.10907817,-0.08369517,-0.090301183225447,0.018776983,0.0003525751
1271,0,1,0.08568764,0.0336411,0.0780478103471504,0.0076398253,5.836693e-05
1272,0,1,-0.07000589,-0.0788703,0.1029135476091016,0.17291945,0.029901138
1273,0,1,-0.093033075,-0.08143616,-0.1967214449430554,0.103688374,0.010751279
1274,0,1,0.18371868,0.039489746,0.3476575566836861,0.16393888,0.026875956
1275,0,1,-0.3194251,0.032536745,-0.3789910102783143,0.0595659,0.0035480966
1276,0,1,0.3503592,-0.05937648,0.412387224712551,0.06202802,0.0038474754
1277,0,1,-0.37907362,0.10222483,-0.3850170958390002,0.005943477,3.532492e-05
1278,0,1,0.3558333,-0.06456733,0.2217132501930563,0.13412005,0.017988186
1279,0,1,-0.20303059,-0.093844414,-0.3280132034674903,0.124982625,0.015620656
1280,0,1,0.30394983,-0.019200802,0.3216878097226878,0.017737985,0.0003146361
1281,0,1,-0.29545593,0.0047187805,-0.3458870981254738,0.050431162,0.002543302
1282,0,1,0.32024074,-0.032488108,0.2282387232993121,0.09200202,0.008464372
1283,0,1,-0.20906901,-0.09113884,-0.144373314185477,0.0646957,0.0041855336
1284,0,1,0.13555002,0.042566538,0.0196239627404741,0.11592606,0.013438851
1285,0,1,-0.015921354,-0.025873184,-0.0691368802872531,0.053215526,0.002831892
1286,0,1,0.066146374,0.026591778,0.1785981883877316,0.11245182,0.012645412
1287,0,1,-0.16312122,-0.094175816,-0.1968425074012367,0.033721283,0.001137125
1288,0,1,0.18383002,0.03946948,0.0870960223556567,0.096734,0.009357467
1289,0,1,-0.0783844,-0.079713106,-0.2364092160938073,0.15802482,0.024971843
1290,0,1,0.2201581,0.030115604,0.2147974931789336,0.0053606033,2.8736067e-05
1291,0,1,-0.19663143,-0.09672165,-0.1806715051422966,0.015959933,0.00025471946
1292,0,1,0.16896224,0.041597128,0.2016823095735165,0.032720074,0.0010706033
1293,0,1,-0.1844914,-0.09955597,-0.2212489854748072,0.03675759,0.0013511203
1294,0,1,0.20624757,0.03437543,0.3623797652491185,0.15613219,0.02437726
1295,0,1,-0.33300495,0.048342228,-0.307002707800645,0.026002258,0.00067611743
1296,0,1,0.28477383,-0.0047819614,0.1844620509413093,0.10031177,0.0100624515
1297,0,1,-0.16854978,-0.095476866,-0.001657672032735,0.16689211,0.027852977
1298,0,1,0.0037693977,-0.009865999,-0.1403564951787106,0.1441259,0.020772273
1299,0,1,0.13184929,0.04233861,0.221875727681573,0.09002644,0.008104759
1300,0,1,-0.20318103,-0.093776226,-0.296766433189735,0.0935854,0.008758227
1301,0,1,0.27542114,0.0017478466,0.3205606562081331,0.04513952,0.0020375764
1302,0,1,-0.294415,0.0035133362,-0.3709238623435187,0.07650888,0.0058536087
1303,0,1,0.34302616,-0.052565813,0.5438286401444756,0.2008025,0.040321644
1304,0,1,-0.49965453,0.24524951,-0.4280960410130294,0.071558505,0.0051206197
1305,0,1,0.39489222,-0.104061365,0.4141821808157062,0.01928997,0.00037210295
1306,0,1,-0.38072562,0.104163885,-0.5200776615372722,0.13935202,0.019418987
1307,0,1,0.47780323,-0.1997757,0.5280572161744757,0.050253987,0.0025254632
1308,0,1,-0.48523068,0.22798395,-0.4295884657017006,0.055642217,0.0030960564
1309,0,1,0.39624333,-0.105499506,0.4002421277071799,0.003998786,1.5990292e-05
1310,0,1,-0.36789393,0.08911133,-0.3126263708478825,0.055267572,0.0030545045
1311,0,1,0.28990912,-0.008510113,0.3938104915126743,0.10390136,0.010795492
1312,0,1,-0.36197114,0.082173586,-0.3794361635454955,0.017465025,0.00030502712
1313,0,1,0.3507626,-0.05975628,0.3235182011609621,0.027244419,0.0007422584
1314,0,1,-0.29714656,0.006677389,-0.3610093819019457,0.06386283,0.0040784613
1315,0,1,0.33400822,-0.04441881,0.3266583586770064,0.0073498487,5.402028e-05
1316,0,1,-0.30004478,0.010037661,-0.3821938677211225,0.08214909,0.006748473
1317,0,1,0.3532679,-0.06212449,0.519798776628265,0.16653085,0.027732523
1318,0,1,-0.477674,0.21895385,-0.4574732046202028,0.020200789,0.00040807188
1319,0,1,0.42144823,-0.13313794,0.2970656366627677,0.124382585,0.015471027
1320,0,1,-0.27271295,-0.021579504,-0.2324298392901687,0.040283114,0.0016227292
1321,0,1,0.21650815,0.031312943,0.2092203598769475,0.0072877854,5.3111817e-05
1322,0,1,-0.19146895,-0.09904909,-0.0807852696200139,0.11068369,0.012250879
1323,0,1,0.07690358,0.030724764,0.0861338099974409,0.009230226,8.5197076e-05
1324,0,1,-0.07749343,-0.07961869,0.0036345650106648,0.081127994,0.006581751
1325,0,1,-0.0011265278,-0.013643026,0.0150262275519823,0.016152754,0.00026091147
1326,0,1,-0.011666775,-0.022230387,0.0951201652832147,0.10678694,0.01140345
1327,0,1,-0.08581638,-0.08054757,-0.0700337733620228,0.01578261,0.00024909078
1328,0,1,0.06697464,0.026931763,0.177424558530737,0.110449925,0.012199186
1329,0,1,-0.16203451,-0.09392166,0.0690779693424699,0.23111248,0.053412978
1330,0,1,-0.061700106,-0.071489096,-0.0675699773932421,0.005869873,3.4455406e-05
1331,0,1,0.06469989,0.025987864,-0.0455122008369497,0.11021209,0.012146704
1332,0,1,0.04431939,0.01627636,-0.0967002639981742,0.14101966,0.019886544
1333,0,1,0.091593266,0.035371304,-0.0651032359368071,0.1566965,0.024553793
1334,0,1,0.062421083,0.025015116,0.2091502367825817,0.14672916,0.021529445
1335,0,1,-0.19140458,-0.09907842,-0.2021794516358359,0.010774866,0.00011609773
1336,0,1,0.18873453,0.038546085,0.1058922287052031,0.082842305,0.0068628476
1337,0,1,-0.09579182,-0.081796646,-0.0480623161290481,0.0477295,0.0022781051
1338,0,1,0.046675682,0.017515182,0.1273006662664335,0.08062498,0.006500388
1339,0,1,-0.11561799,-0.08472705,-0.0554658137277264,0.060152177,0.0036182844
1340,0,1,0.05351734,0.020940542,0.159091611926486,0.105574265,0.011145925
1341,0,1,-0.14505887,-0.0901773,0.0233841168329287,0.168443,0.028373042
1342,0,1,-0.01940155,-0.028928995,-0.0389863277363273,0.019584779,0.00038356354
1343,0,1,0.03828764,0.012965441,0.0369164319207566,0.0013712086,1.880213e-06
1344,0,1,-0.031925917,-0.040486097,-0.100458041284893,0.068532124,0.004696652
1345,0,1,0.095061064,0.036301374,0.2493671812749216,0.15430611,0.023810377
1346,0,1,-0.22861624,-0.072314024,-0.3550785877166209,0.12646234,0.015992723
1347,0,1,0.32861114,-0.039666176,0.3175362393721879,0.011074901,0.00012265342
1348,0,1,-0.29162312,0.0002799034,-0.2923210263905127,0.0006979108,4.870795e-07
1349,0,1,0.271358,0.0044772625,0.1352060395021697,0.13615197,0.01853736
1350,0,1,-0.12293863,-0.085959196,-0.1410803684359987,0.018141732,0.0003291224
1351,0,1,0.13251686,0.04238391,0.1839354098405392,0.051418543,0.0026438665
1352,0,1,-0.16806245,-0.09535766,-0.086938246225066,0.0811242,0.006581136
1353,0,1,0.082583904,0.032657385,0.0523559112078499,0.030227993,0.0009137315
1354,0,1,-0.046218634,-0.05475068,-0.0563539924107501,0.01013536,0.00010272552
1355,0,1,0.054338217,0.021333933,0.1490047190487522,0.094666496,0.008961746
1356,0,1,-0.13571787,-0.08830476,-0.0847752456833998,0.050942622,0.0025951508
1357,0,1,0.08058667,0.03199768,0.1212740986854039,0.040687427,0.0016554667
1358,0,1,-0.11003709,-0.08384204,-0.1798414591058672,0.06980437,0.00487265
1359,0,1,0.16819859,0.041679382,0.1685689483352104,0.00037036836,1.3717272e-07
1360,0,1,-0.1538353,-0.09205794,-0.0059236177365451,0.14791168,0.021877866
1361,0,1,0.007715702,-0.006918907,0.0244121002310602,0.0166964,0.00027876973
1362,0,1,-0.020353079,-0.029775381,0.0064101981116624,0.026763277,0.000716273
1363,0,1,-0.0036940575,-0.015677214,0.0081782703266113,0.011872328,0.00014095216
1364,0,1,-0.005330324,-0.016993284,0.0205305111750093,0.025860835,0.0006687828
1365,0,1,-0.01676035,-0.026603222,0.0229993536441686,0.039759703,0.0015808339
1366,0,1,-0.019045353,-0.028612852,0.1102824805561746,0.12932783,0.01672569
1367,0,1,-0.09985757,-0.08234954,-0.1121348321885511,0.01227726,0.00015073112
1368,0,1,0.10583329,0.038789988,0.1119634089595131,0.006130114,3.75783e-05
1369,0,1,-0.1014142,-0.08256745,0.0011836026469089,0.1025978,0.010526309
1370,0,1,0.0011413097,-0.0118768215,0.0789689682691818,0.07782766,0.006057145
1371,0,1,-0.070858955,-0.0789516,-0.1846329836406446,0.11377403,0.01294453
1372,0,1,0.17260575,0.041170597,0.189375702766676,0.016769946,0.00028123107
1373,0,1,-0.17309928,-0.09660077,-0.1774972161837462,0.0043979436,1.9341907e-05
1374,0,1,0.16604233,0.041894436,0.0654679958892834,0.10057433,0.010115196
1375,0,1,-0.05835867,-0.067762375,0.0451632860779516,0.10352196,0.010716796
1376,0,1,-0.039559603,-0.047963142,-0.1909345804280042,0.15137498,0.022914385
1377,0,1,0.17839885,0.040364504,0.1185182315315542,0.059880614,0.003585688
1378,0,1,-0.10748434,-0.0834527,-0.1273008511722659,0.019816518,0.00039269438
1379,0,1,0.11981654,0.041125536,0.2038843038013409,0.08406776,0.0070673884
1380,0,1,-0.18652987,-0.10010624,-0.0440745985060515,0.14245528,0.020293506
1381,0,1,0.0429914,0.01556468,-0.0597271072267791,0.1027185,0.01055109
1382,0,1,0.05745411,0.0227952,-0.0871093220910323,0.14456344,0.020898588
1383,0,1,0.08274102,0.03270936,-0.0105540975363576,0.09329512,0.00870398
1384,0,1,0.011998653,-0.0038194656,-0.0024657693600538,0.014464423,0.00020921954
1385,0,1,0.00451684,-0.009300709,0.1078395075611675,0.10332267,0.010675574
1386,0,1,-0.09759474,-0.082039356,0.0692789236447342,0.16687366,0.027846819
1387,0,1,-0.06188655,-0.071698666,-0.0914430139705411,0.029556468,0.0008735848
1388,0,1,0.08674097,0.033962965,0.2995159187828426,0.21277496,0.045273185
1389,0,1,-0.27497745,-0.018965483,-0.446523288509141,0.17154583,0.029427974
1390,0,1,0.41155696,-0.12211585,0.4078344962441664,0.003722459,1.3856702e-05
1391,0,1,-0.37488317,0.09730673,-0.3029345712495246,0.07194862,0.005176604
1392,0,1,0.28105712,-0.0021471977,0.1592322959461163,0.12182483,0.014841289
1393,0,1,-0.14518929,-0.09020424,-0.0749153346392188,0.07027395,0.0049384283
1394,0,1,0.07148337,0.028720617,0.0968616618171109,0.025378287,0.00064405747
1395,0,1,-0.087427855,-0.0807395,-0.0958243875122906,0.008396536,7.050182e-05
1396,0,1,0.090785265,0.035144806,0.1084463493391001,0.017661087,0.000311914
1397,0,1,-0.09815693,-0.08211589,-0.2116164542686536,0.11345953,0.012873065
1398,0,1,0.19740343,0.036651134,0.017663137051437,0.1797403,0.032306574
1399,0,1,-0.0141067505,-0.024306297,-0.000902570149504,0.013204181,0.00017435038
1400,0,1,0.0030703545,-0.010395527,-0.0524476435054546,0.055517998,0.0030822481
1401,0,1,0.05072832,0.019575119,-0.0268701831499238,0.077598505,0.006021528
1402,0,1,0.027086496,0.0062828064,-0.1454612879559631,0.17254779,0.02977274
1403,0,1,0.13655186,0.04261613,-0.0166706845008866,0.15322255,0.023477148
1404,0,1,0.017655611,0.000116586685,0.0529551224552342,0.03529951,0.0012460554
1405,0,1,-0.046773434,-0.0553267,-0.0250501176133557,0.021723317,0.0004719025
1406,0,1,0.025403976,0.005219221,0.0416662265283833,0.016262252,0.00026446083
1407,0,1,-0.036322594,-0.044753313,-0.1213132604084621,0.084990665,0.0072234133
1408,0,1,0.11429739,0.040322304,0.0755797517781111,0.038717635,0.0014990553
1409,0,1,-0.06772137,-0.07835746,-0.0746881373746233,0.0069667697,4.853588e-05
1410,0,1,0.07127309,0.02864027,0.1454122377862803,0.07413915,0.005496613
1411,0,1,-0.13239121,-0.08767009,-0.0580733722594377,0.07431784,0.005523142
1412,0,1,0.055926323,0.022085667,-0.0031723588755103,0.059098683,0.0034926543
1413,0,1,0.0051703453,-0.0088095665,0.0061925124829529,0.001022167,1.0448255e-06
1414,0,1,-0.0034925938,-0.01551795,-0.1476633702266845,0.14417078,0.020785213
1415,0,1,0.13858008,0.042701244,0.0921083002091096,0.046471782,0.0021596265
1416,0,1,-0.083026886,-0.08022404,0.0487151972376835,0.13174209,0.017355978
1417,0,1,-0.04284811,-0.05128479,-0.0204077761523766,0.022440335,0.0005035686
1418,0,1,0.021110773,0.002434492,0.006931480204054,0.014179293,0.00020105235
1419,0,1,-0.0041766167,-0.01606369,-0.0543048607805904,0.050128244,0.0025128408
1420,0,1,0.052444696,0.020420551,-0.1133328316396395,0.16577753,0.027482191
1421,0,1,0.10693765,0.039010763,0.2866247056294093,0.17968705,0.032287437
1422,0,1,-0.2630651,-0.032708406,-0.3599524852288489,0.09688738,0.009387164
1423,0,1,0.3330462,-0.043565035,0.2638078519301992,0.069238335,0.004793947
1424,0,1,-0.24197173,-0.056982994,-0.441300663087266,0.19932893,0.03973202
1425,0,1,0.40683603,-0.116933584,0.3272221753881648,0.079613864,0.0063383672
1426,0,1,-0.30056643,0.010640383,-0.1098502556293445,0.19071618,0.03637266
1427,0,1,0.10372615,0.038350582,0.1928500353853834,0.08912389,0.007943068
1428,0,1,-0.17631531,-0.09741449,-0.0806385657631105,0.09567674,0.009154039
1429,0,1,0.076767445,0.030677557,0.084884360371646,0.008116916,6.588432e-05
1430,0,1,-0.0763371,-0.07949734,-0.1065718882486024,0.030234791,0.0009141426
1431,0,1,0.10070181,0.037679672,0.1420535163318046,0.041351706,0.0017099635
1432,0,1,-0.12928104,-0.08709192,0.1461043193189399,0.27538538,0.075837106
1433,0,1,-0.1330316,-0.087791204,-0.066693881168411,0.06633773,0.004400694
1434,0,1,0.06388974,0.02564621,-0.0060312824150763,0.069921024,0.0048889495
1435,0,1,0.007815361,-0.006846428,0.0335801086272264,0.025764748,0.0006638223
1436,0,1,-0.028837442,-0.037554502,-0.1156807917275988,0.08684335,0.0075417673
1437,0,1,0.10910249,0.03942585,0.1275387856489587,0.018436298,0.0003398971
1438,0,1,-0.115838766,-0.08476281,-0.1845858938669686,0.06874713,0.0047261682
1439,0,1,0.17256188,0.041176558,0.0903115053211256,0.08225038,0.006765125
1440,0,1,-0.081362486,-0.08003664,-0.0072847952365395,0.07407769,0.005487504
1441,0,1,0.008975029,-0.005997658,0.1604530947034144,0.15147807,0.022945605
1442,0,1,-0.14631939,-0.09043932,-0.2564244369016797,0.11010504,0.012123119
1443,0,1,0.2385056,0.023263454,0.3410657390860532,0.10256013,0.010518581
1444,0,1,-0.3133433,0.025467873,-0.3693416034317347,0.055998325,0.0031358125
1445,0,1,0.34158707,-0.051248312,0.2415555838259524,0.10003148,0.010006297
1446,0,1,-0.22139025,-0.08059502,-0.2002466290824842,0.021143615,0.00044705247
1447,0,1,0.18695855,0.038893223,0.1481266203764764,0.038831934,0.0015079192
1448,0,1,-0.1349051,-0.0881474,0.047527433107366,0.18243253,0.033281628
1449,0,1,-0.041748524,-0.050167322,-0.2366496298841771,0.19490111,0.037986442
1450,0,1,0.22037864,0.030041218,0.2619611725873665,0.041582525,0.0017291064
1451,0,1,-0.2402637,-0.058944702,-0.2342757305792315,0.005987972,3.585581e-05
1452,0,1,0.2182014,0.030764103,0.2583720042073794,0.04017061,0.001613678
1453,0,1,-0.23694515,-0.06275654,-0.2719263799962452,0.03498122,0.0012236858
1454,0,1,0.25270176,0.016159534,0.2645252291704132,0.011823475,0.00013979457
1455,0,1,-0.24263549,-0.05622053,-0.2089952666042229,0.03364022,0.0011316645
1456,0,1,0.19499612,0.037210226,0.2776405397873711,0.08264443,0.0068301023
1457,0,1,-0.25476146,-0.042274475,-0.393180397165223,0.13841894,0.019159803
1458,0,1,0.3632455,-0.071736574,0.3028912364761704,0.060354263,0.003642637
1459,0,1,-0.27809548,-0.015363455,-0.1486796140358905,0.12941587,0.016748467
1460,0,1,0.13951635,0.0427351,0.160516958439981,0.021000609,0.00044102556
1461,0,1,-0.14637923,-0.09045291,-0.178712889658275,0.032333657,0.0010454654
1462,0,1,0.16716051,0.041786194,0.0764403185721342,0.09072019,0.0082301535
1463,0,1,-0.0685184,-0.07873201,-0.0026545857762712,0.06586382,0.0043380423
1464,0,1,0.004691839,-0.00916934,0.0532441591338961,0.04855232,0.0023573276
1465,0,1,-0.04704094,-0.055606365,-0.2009159102929891,0.15387496,0.023677504
1466,0,1,0.18757415,0.038774967,0.2534844749736913,0.06591034,0.004344173
1467,0,1,-0.2324245,-0.06794548,-0.0831440334044604,0.14928046,0.022284655
1468,0,1,0.07908106,0.03148675,0.0776754603161817,0.0014055967,1.9757022e-06
1469,0,1,-0.069661856,-0.07883811,-0.0618927082170115,0.007769149,6.0359675e-05
1470,0,1,0.059455156,0.02370572,0.1042680420799495,0.044812888,0.002008195
1471,0,1,-0.09428787,-0.08159971,-0.0177535282126131,0.076534346,0.0058575063
1472,0,1,0.018656492,0.0007946491,-0.0252022416576882,0.043858733,0.0019235885
1473,0,1,0.02554512,0.0053093433,-0.031399875320667,0.056944996,0.0032427325
1474,0,1,0.031275034,0.008862257,-0.0375317286435481,0.06880677,0.0047343713
1475,0,1,0.036943913,0.012199879,-0.0270712396288717,0.06401515,0.0040979395
1476,0,1,0.027272701,0.0064003468,0.0628362389669034,0.035563536,0.001264765
1477,0,1,-0.05592227,-0.06508541,-0.0246590974743021,0.031263173,0.0009773859
1478,0,1,0.025042057,0.0049893856,0.0584062973363304,0.03336424,0.0011131725
1479,0,1,-0.05182004,-0.060652494,0.0754510150668261,0.12727106,0.016197922
1480,0,1,-0.06760144,-0.07821894,-0.1429812761734417,0.07537983,0.005682119
1481,0,1,0.13426733,0.042495728,0.0606023023766852,0.07366502,0.0054265354
1482,0,1,-0.053853273,-0.062836885,-0.0203541796994763,0.033499092,0.0011221891
1483,0,1,0.021061659,0.002400875,0.0049350897370348,0.01612657,0.00026006624
1484,0,1,-0.0023300648,-0.014591217,0.163929641060005,0.1662597,0.02764229
1485,0,1,-0.14953828,-0.09112191,-0.2363891529558119,0.08685088,0.007543076
1486,0,1,0.22013974,0.030121326,0.3139025449171817,0.093762815,0.008791465
1487,0,1,-0.28826714,-0.0036041737,-0.3077663507457044,0.019499213,0.00038021928
1488,0,1,0.28547144,-0.005282879,0.2445763671381047,0.040895075,0.0016724071
1489,0,1,-0.22418547,-0.07739377,-0.3761282264859846,0.15194276,0.023086602
1490,0,1,0.3477571,-0.056940794,0.3999205735779352,0.05216348,0.0027210289
1491,0,1,-0.36759806,0.088763714,-0.327269502671303,0.040328562,0.001626393
1492,0,1,0.30327082,-0.018667698,0.2724749815426404,0.030795842,0.00094838394
1493,0,1,-0.24998498,-0.04777026,-0.2690528842111628,0.019067913,0.0003635853
1494,0,1,0.25007153,0.017690897,0.2908750448371133,0.040803522,0.0016649273
1495,0,1,-0.26699305,-0.028179646,-0.3852272320019949,0.11823419,0.013979323
1496,0,1,0.35602355,-0.064750195,0.2698308678719643,0.08619267,0.007429176
1497,0,1,-0.24754095,-0.05058217,-0.0582897288232358,0.18925121,0.03581602
1498,0,1,0.056126595,0.022179365,0.0661841119398385,0.010057516,0.00010115364
1499,0,1,-0.059021235,-0.06849599,-0.1433017970303121,0.084280565,0.0071032136
1500,0,1,0.13456273,0.04251194,0.2011717553404559,0.066609025,0.004436762
1501,0,1,-0.18401957,-0.09942937,-0.1308274346929026,0.053192124,0.002829402
1502,0,1,0.123067856,0.04152441,0.0856375553823429,0.0374303,0.0014010274
1503,0,1,-0.07703471,-0.07957029,-0.1036294266210453,0.026594713,0.0007072788
1504,0,1,0.09798694,0.037036896,0.2345897205292182,0.13660279,0.018660322
1505,0,1,-0.21494555,-0.08797526,-0.1398058792326564,0.07513967,0.0056459703
1506,0,1,0.1313417,0.04230213,0.003369159491394,0.12797254,0.016376972
1507,0,1,-0.00088071823,-0.013449669,-0.0519657203194992,0.051085003,0.0026096776
1508,0,1,0.05028391,0.01935339,-0.0802232281660724,0.13050714,0.017032115
1509,0,1,0.07638407,0.030540228,-0.0099679017523963,0.08635197,0.0074566626
1510,0,1,0.01145649,-0.004206896,0.0847329334810305,0.073276445,0.0053694374
1511,0,1,-0.07619667,-0.07948303,0.0176751478392516,0.09387182,0.008811918
1512,0,1,-0.014118195,-0.02431655,-0.2576117393514403,0.24349356,0.059289113
1513,0,1,0.23959374,0.02281475,0.1542935928702804,0.08530015,0.007276115
1514,0,1,-0.14061594,-0.089270115,-0.1157331954459914,0.024882741,0.0006191508
1515,0,1,0.10915208,0.039434433,0.146448478660965,0.0372964,0.0013910214
1516,0,1,-0.13335133,-0.087851286,-0.146986809520969,0.013635486,0.00018592649
1517,0,1,0.13795733,0.04267788,0.0821572957118599,0.055800036,0.003113644
1518,0,1,-0.07381177,-0.07924032,-0.0309177414556072,0.042894028,0.0018398976
1519,0,1,0.030828953,0.008593321,-0.0414193674013039,0.072248325,0.0052198204
1520,0,1,0.04053688,0.014224052,-0.1972035193912624,0.2377404,0.056520496
1521,0,1,0.18416238,0.039411068,0.2579273842196912,0.07376501,0.005441277
1522,0,1,-0.23653388,-0.06322789,-0.2984792842845829,0.06194541,0.0038372336
1523,0,1,0.27698684,0.00067830086,0.3377429426711669,0.060756117,0.0036913059
1524,0,1,-0.310277,0.021906614,-0.150230799665429,0.16004619,0.025614783
1525,0,1,0.14094448,0.042776823,0.0754921185630421,0.06545236,0.004284011
1526,0,1,-0.06763983,-0.07826424,-0.0246403349012083,0.04299949,0.0018489562
1527,0,1,0.025024414,0.0049779415,0.0465194392800043,0.021495026,0.0004620361
1528,0,1,-0.040815353,-0.04922414,-0.0372311521818828,0.0035842024,1.2846506e-05
1529,0,1,0.03666544,0.012040138,0.0344063488000063,0.0022590905,5.10349e-06
1530,0,1,-0.029602528,-0.03827524,-0.0116178564112541,0.017984672,0.00032344842
1531,0,1,0.0129823685,-0.0031223297,0.1152377129848538,0.102255344,0.010456155
1532,0,1,-0.10444665,-0.08300328,-0.0957871530782243,0.008659497,7.4986885e-05
1533,0,1,0.09075093,0.035135746,0.038524025707459,0.05222691,0.0027276499
1534,0,1,-0.033414602,-0.041918278,0.100751885796511,0.13416648,0.018000644
1535,0,1,-0.09103131,-0.081181526,-0.0803103411269532,0.010720968,0.00011493916
1536,0,1,0.076464415,0.030569077,0.171936605261934,0.09547219,0.009114939
1537,0,1,-0.15695357,-0.09275365,-0.1856687561687642,0.028715178,0.00082456146
1538,0,1,0.17355895,0.041049004,0.1814841210110409,0.007925168,6.2808285e-05
1539,0,1,-0.16579318,-0.09481001,-0.328781504793918,0.16298833,0.026565198
1540,0,1,0.30465007,-0.01975274,0.3811623845606111,0.07651231,0.005854133
1541,0,1,-0.35031915,0.06854653,-0.1404507910805938,0.20986836,0.044044726
1542,0,1,0.13193607,0.04234457,0.0893227991697007,0.042613275,0.0018158912
1543,0,1,-0.08044696,-0.079936504,-0.2319580975728148,0.15151113,0.022955623
1544,0,1,0.21607494,0.03145027,0.0608573702609991,0.15521757,0.024092495
1545,0,1,-0.05408907,-0.06309271,0.0176638990041264,0.071752965,0.005148488
1546,0,1,-0.014107704,-0.024307728,-0.1042203132137631,0.09011261,0.008120283
1547,0,1,0.09853244,0.037169218,0.1151059888920555,0.016573548,0.0002746825
1548,0,1,-0.1043241,-0.08298516,-0.036402467250391,0.06792164,0.0046133487
1549,0,1,0.035898924,0.011598587,0.2054212163125113,0.16952229,0.028737806
1550,0,1,-0.18795228,-0.10049415,-0.1420959861090862,0.045856297,0.0021028
1551,0,1,0.13345146,0.042446136,0.2373873511685533,0.10393588,0.010802668
1552,0,1,-0.21753383,-0.085011244,-0.201353338552773,0.016180485,0.0002618081
1553,0,1,0.18797493,0.038695812,0.2303548873827035,0.04237996,0.001796061
1554,0,1,-0.21102786,-0.09026456,-0.1763866924202979,0.03464116,0.0012000101
1555,0,1,0.16502094,0.041989803,0.011681513840358,0.15333943,0.023512982
1556,0,1,-0.008571863,-0.019643784,-0.100896830013621,0.092324965,0.008523899
1557,0,1,0.09546566,0.0364058,0.0155281770581794,0.07993748,0.0063900007
1558,0,1,-0.012132168,-0.022622585,-0.0379425806302227,0.025810413,0.0006661774
1559,0,1,0.037323475,0.012417078,0.1491259359771914,0.11180246,0.01249979
1560,0,1,-0.1358304,-0.08832574,-0.2236862429197188,0.087855846,0.0077186497
1561,0,1,0.20848536,0.03374648,0.104610352268005,0.10387501,0.010790018
1562,0,1,-0.09460521,-0.08164072,-0.0392913253029045,0.05531388,0.0030596254
1563,0,1,0.038569927,0.013124704,0.0064226888072353,0.03214724,0.001033445
1564,0,1,-0.0037055016,-0.015686512,0.0107296035850894,0.014435105,0.00020837225
1565,0,1,-0.007691622,-0.018917322,-0.0491623291209211,0.041470706,0.0017198195
1566,0,1,0.047693014,0.018041372,0.2496703973862355,0.20197739,0.040794864
1567,0,1,-0.22889638,-0.07199144,-0.2281633064005217,0.0007330775,5.374027e-07
1568,0,1,0.21259332,0.032533646,0.1931854320537169,0.019407883,0.00037666594
1569,0,1,-0.17662597,-0.09749484,-0.1872266187322893,0.010600656,0.00011237391
1570,0,1,0.17499089,0.040857553,0.1894930571018482,0.014502168,0.00021031286
1571,0,1,-0.17320776,-0.09662795,-0.2880614905189076,0.11485374,0.0131913815
1572,0,1,0.26746297,0.0070331097,0.2729681164300621,0.0055051446,3.0306617e-05
1573,0,1,-0.25044203,-0.047245264,-0.174132430959379,0.07630959,0.0058231535
1574,0,1,0.16294694,0.042167187,0.1420435213668645,0.020903423,0.00043695312
1575,0,1,-0.12927175,-0.08708954,-0.1615469106479024,0.03227517,0.0010416866
1576,0,1,0.1513648,0.042778492,0.3528536443713332,0.20148885,0.04059776
1577,0,1,-0.32421923,0.03811264,-0.2633550569981717,0.06086418,0.0037044485
1578,0,1,0.24485445,0.020576,0.0724939840155896,0.17236046,0.02970813
1579,0,1,-0.06486344,-0.07507205,0.099760176023099,0.16462362,0.027100936
1580,0,1,-0.09011388,-0.08106756,-0.153233707941705,0.06311983,0.0039841128
1581,0,1,0.14371014,0.04282856,0.0798541552327916,0.06385598,0.004077587
1582,0,1,-0.071679115,-0.079030514,-0.2020699319325531,0.13039082,0.017001767
1583,0,1,0.18863368,0.038565874,0.0613344810130906,0.1272992,0.016205087
1584,0,1,-0.054531336,-0.06357169,-0.215591066271974,0.16105974,0.02594024
1585,0,1,0.20105314,0.035752773,0.0725725132309582,0.12848063,0.016507272
1586,0,1,-0.064935446,-0.075154305,-0.1033350984599374,0.03839965,0.0014745332
1587,0,1,0.09771538,0.036970854,0.1157783211823257,0.018062942,0.00032626986
1588,0,1,-0.10494733,-0.083076715,-0.0091733461586351,0.09577398,0.009172656
1589,0,1,0.010721207,-0.004732847,-0.0738632931347798,0.0845845,0.007154537
1590,0,1,0.07051134,0.028345108,-0.0021212813333919,0.072632626,0.005275498
1591,0,1,0.004198551,-0.009541512,-0.025637443026143,0.029835993,0.0008901865
1592,0,1,0.02594757,0.005564928,-0.1264011658280468,0.15234874,0.02321014
1593,0,1,0.11898756,0.041013718,-0.0752346848841312,0.19422224,0.03772228
1594,0,1,0.07177758,0.028832912,0.1973035857570297,0.12552601,0.01575678
1595,0,1,-0.18043828,-0.09848213,-0.1217135051255695,0.058724776,0.0034485993
1596,0,1,0.11466622,0.04038167,0.1410879555224644,0.026421726,0.0006981076
1597,0,1,-0.12838674,-0.086927176,-0.1876502185860369,0.059263483,0.0035121604
1598,0,1,0.17537975,0.040804625,0.1756456081820454,0.00026585162,7.067708e-08
1599,0,1,-0.16038775,-0.09353852,-0.1765086003490443,0.016120851,0.00025988184
1600,0,1,0.165133,0.04197955,0.1054602875335275,0.059672713,0.0035608327
1601,0,1,-0.09539175,-0.08174443,-0.0788848662323493,0.01650688,0.0002724771
1602,0,1,0.075148106,0.030093431,0.2076226869075328,0.13247459,0.017549517
1603,0,1,-0.1899898,-0.09971738,-0.1059576247811127,0.08403218,0.007061407
1604,0,1,0.10013509,0.03754902,-0.0001786225904365,0.10031371,0.01006284
1605,0,1,0.0024015903,-0.010907412,-0.0465066976382089,0.04890829,0.0023920208
1606,0,1,0.045238495,0.016762733,-0.0615538776822566,0.106792375,0.011404611
1607,0,1,0.05914235,0.023564816,0.0644559590338889,0.005313605,2.8234399e-05
1608,0,1,-0.057420492,-0.06672907,-0.0769694665767848,0.019548975,0.00038216243
1609,0,1,0.07337999,0.02944088,0.1807314460940174,0.10735145,0.011524335
1610,0,1,-0.16509652,-0.09464407,-0.3466752677435143,0.18157876,0.032970846
1611,0,1,0.32095933,-0.03309512,0.1108676402869304,0.21009168,0.044138514
1612,0,1,-0.10039997,-0.08242464,-0.057745060696237,0.04265491,0.0018194413
1613,0,1,0.055622816,0.02194333,0.038183304906457,0.01743951,0.00030413654
1614,0,1,-0.03309846,-0.04161358,0.0207215244924396,0.053819984,0.0028965906
1615,0,1,-0.016937017,-0.02675724,0.0043181434658876,0.021255162,0.0004517819
1616,0,1,-0.0017585754,-0.014140606,-0.1599957151334901,0.15823714,0.025038993
1617,0,1,0.14993668,0.042809248,0.1324635539953678,0.017473117,0.0003053098
1618,0,1,-0.12039971,-0.085522175,-0.1820103773295032,0.06161067,0.0037958745
1619,0,1,0.17019343,0.0414598,0.084778584322807,0.08541485,0.0072956965
1620,0,1,-0.07623863,-0.079487324,-0.160444386135524,0.08420575,0.0070906077
1621,0,1,0.15034986,0.042801857,0.0282588978000761,0.12209096,0.014906202
1622,0,1,-0.023913145,-0.032990217,0.0182862882068319,0.042199433,0.0017807921
1623,0,1,-0.014683485,-0.024802208,0.0562472489049468,0.070930734,0.005031169
1624,0,1,-0.049821377,-0.05852604,0.0182370140137164,0.06805839,0.004631944
1625,0,1,-0.014637709,-0.024763584,-0.0192696750043772,0.0046319664,2.1455113e-05
1626,0,1,0.02005887,0.0017356873,0.1487214415633375,0.12866257,0.016554058
1627,0,1,-0.13545537,-0.08825445,-0.2963417066729708,0.16088635,0.025884416
1628,0,1,0.2750337,0.0020112991,0.1231506092662391,0.1518831,0.023068475
1629,0,1,-0.11177516,-0.08411288,-0.2135561592055292,0.101780996,0.010359371
1630,0,1,0.19918442,0.036220074,0.1224998013239382,0.07668462,0.0058805305
1631,0,1,-0.11117244,-0.08401823,-0.001803562997066,0.109368876,0.011961551
1632,0,1,0.0039043427,-0.009763718,-0.141799989645984,0.14570433,0.021229751
1633,0,1,0.13317895,0.042428255,0.1651845481251777,0.032005593,0.001024358
1634,0,1,-0.15070081,-0.091371536,-0.0696864844962177,0.08101432,0.0065633203
1635,0,1,0.06665373,0.02680087,-0.0982370701366326,0.1648908,0.027188975
1636,0,1,0.09301162,0.03575945,0.1534428463742592,0.060431227,0.0036519333
1637,0,1,-0.13982797,-0.089111805,-0.0478555603928505,0.09197241,0.0084589245
1638,0,1,0.046485186,0.017415524,0.1142779351555085,0.06779275,0.004595857
1639,0,1,-0.103557825,-0.08287454,-0.1452387879542223,0.04168096,0.0017373026
1640,0,1,0.13634706,0.042606354,0.1261871012829485,0.010159954,0.00010322467
1641,0,1,-0.11458683,-0.084560156,-0.1409287801825587,0.026341945,0.00069389807
1642,0,1,0.1323762,0.042375088,0.1953032783026049,0.06292708,0.003959818
1643,0,1,-0.17858672,-0.09800005,-0.1660201049206642,0.012566611,0.00015791971
1644,0,1,0.15548205,0.042634726,0.2589999936138247,0.10351795,0.010715966
1645,0,1,-0.2375257,-0.062089205,-0.3430723935933861,0.10554668,0.0111401025
1646,0,1,0.31767678,-0.030336142,0.2244889434919734,0.09318784,0.008683973
1647,0,1,-0.20559955,-0.092692375,-0.2452415100358655,0.03964196,0.0015714851
1648,0,1,0.22825718,0.02726078,0.0390027109456263,0.18925446,0.03581725
1649,0,1,-0.03385687,-0.042347193,0.0472572200072392,0.08111408,0.0065794946
1650,0,1,-0.041497946,-0.049913168,0.033459469867727,0.074957415,0.005618614
1651,0,1,-0.028725624,-0.037450552,-0.2044224232238427,0.1756968,0.030869367
1652,0,1,0.19079494,0.038125277,0.1898791120483176,0.00091582537,8.387361e-07
1653,0,1,-0.17356515,-0.09671736,-0.1113229710033589,0.06224218,0.0038740889
1654,0,1,0.10508418,0.03863573,-0.0078234225758566,0.1129076,0.012748127
1655,0,1,0.009472609,-0.005635023,-0.0239446474460311,0.033417255,0.0011167129
1656,0,1,0.024382114,0.0045654774,-0.0135966687787827,0.037978783,0.0014423879
1657,0,1,0.014811993,-0.0018396378,0.1850403448467892,0.17022835,0.02897769
1658,0,1,-0.16908503,-0.09560728,-0.1160613532137637,0.053023674,0.0028115099
1659,0,1,0.10945368,0.03949094,0.1021431952105289,0.00731048,5.3443116e-05
1660,0,1,-0.09231973,-0.08134484,-0.2966080577729206,0.20428833,0.041733723
1661,0,1,0.27527714,0.0018453598,0.2957952350920378,0.020518094,0.0004209922
1662,0,0,-0.27153993,-0.022933722,0.3430806391268959,0.61462057,0.37775844
1663,0,0,-0.31520247,0.027627707,0.4063350763528959,0.7215376,0.5206165
1664,0,0,-0.3735032,0.09568739,0.2990191423457342,0.6725223,0.45228624
1665,1,0,0.30183887,-0.019495249,0.2970958496173081,0.0047430396,2.2496424e-05
1666,1,0,0.2998674,-0.021546364,0.3006207460031569,0.0007533431,5.6752583e-07
1667,1,0,0.30348086,-0.01778698,0.2871076815486444,0.016373187,0.00026808126
1668,1,0,0.28962827,-0.032194376,0.2445476103628601,0.04508066,0.002032266
1669,1,0,0.24601889,-0.077424526,0.4796421207379135,0.23362324,0.054579817
1670,1,0,0.48427606,0.17515564,0.5342935997098457,0.050017536,0.0025017539
1671,1,0,0.53863597,0.23480749,0.4640599265801763,0.07457605,0.0055615874
1672,1,0,0.4687829,0.15821171,0.3743088439483171,0.09447405,0.008925346
1673,1,0,0.3790686,0.061169147,0.4329232617493539,0.053854644,0.0029003227
1674,1,0,0.43783307,0.12443733,0.4812998834634605,0.043466806,0.0018893633
1675,1,0,0.4859252,0.1769607,0.5026125677926552,0.016687393,0.0002784691
1676,1,0,0.5071206,0.20018697,0.3595921152058658,0.1475285,0.021764658
1677,1,0,0.36396694,0.045348883,0.3031640204551329,0.060802907,0.0036969935
1678,1,0,0.30608892,-0.015071869,0.3501534028236768,0.044064492,0.0019416795
1679,1,0,0.35428262,0.035214186,0.3820005636873951,0.027717948,0.00076828466
1680,1,0,0.3869617,0.06944752,0.3859112220934446,0.0010504723,1.103492e-06
1681,1,0,0.3909757,0.07366061,0.4799093577756581,0.08893365,0.007909194
1682,1,0,0.48454118,0.17544627,0.4464899925923471,0.038051188,0.0014478929
1683,1,0,0.4513166,0.13914132,0.3559005765072491,0.09541601,0.009104215
1684,1,0,0.3601799,0.041383028,0.2659575386317629,0.09422237,0.008877855
1685,1,0,0.26795268,-0.054698944,0.2998848637405769,0.031932175,0.0010196638
1686,1,0,0.30272675,-0.018571377,0.0863841708873365,0.21634257,0.046804108
1687,1,0,0.0843389,-0.079642296,-0.0140142020295361,0.0983531,0.009673333
1688,1,0,-0.017871141,-0.0015704632,-0.0210959235943559,0.0032247826,1.0399223e-05
1689,1,0,-0.025065184,0.0028526783,0.0624309073263149,0.08749609,0.007655565
1690,1,0,0.05991888,-0.06467581,0.1042895060632189,0.04437063,0.0019687526
1691,1,0,0.10260558,-0.08160162,0.1491239900792118,0.046518415,0.002163963
1692,1,0,0.1483903,-0.088326454,0.3861499997177868,0.23775971,0.05652968
1693,1,0,0.3912208,0.07391739,0.3077102966017437,0.08351052,0.0069740065
1694,1,0,0.31075096,-0.010217905,0.2126694205843295,0.098081544,0.009619989
1695,1,0,0.21337962,-0.09760904,0.1959908286576337,0.01738879,0.00030237006
1696,1,0,0.19631219,-0.09816527,0.2537549673632218,0.057442784,0.0032996736
1697,1,0,0.25545073,-0.06765795,0.1995174164155257,0.05593331,0.0031285353
1698,1,0,0.19992018,-0.09902191,0.4233677473473851,0.22344756,0.049928814
1699,1,0,0.42833757,0.11409569,0.3582702524364682,0.07006732,0.004909429
1700,1,0,0.36261106,0.043928146,0.250726362159642,0.11188468,0.012518182
1701,1,0,0.25234818,-0.07087088,0.3144886461106368,0.062140465,0.0038614373
1702,1,0,0.31770062,-0.0029790401,0.2739655580299081,0.043735057,0.0019127552
1703,1,0,0.2761588,-0.04618454,0.2181028347010043,0.058055982,0.0033704971
1704,1,0,0.21894121,-0.09534526,0.2933762522467944,0.074435055,0.005540577
1705,1,0,0.29605412,-0.025513649,0.2278900136550197,0.06816411,0.004646346
1706,1,0,0.22896147,-0.09128404,0.3067165676957573,0.07775509,0.0060458547
1707,1,0,0.30973125,-0.011279345,0.4804782535828007,0.17074701,0.029154543
1708,1,0,0.4851079,0.17606735,0.4175563549770982,0.06755155,0.0045632124
1709,1,0,0.4225633,0.1078105,0.4468296727362575,0.024266362,0.00058885635
1710,1,0,0.45165467,0.13950801,0.7026561309861017,0.25100148,0.063001744
1711,1,0,0.7061875,0.42067027,0.618039850004108,0.08814764,0.0077700065
1712,1,0,0.62197423,0.32686877,0.8149232263445119,0.192949,0.037229314
1713,1,0,0.8172591,0.54629016,0.7864704532102063,0.0307886,0.0009479379
1714,1,0,0.7895682,0.5143304,0.894359503761653,0.10479134,0.010981225
1715,1,0,0.89139867,0.6359422,0.8701804164414724,0.02121824,0.00045021373
1716,1,0,0.8688271,0.60858893,0.8608331151664834,0.007993996,6.390397e-05
1717,1,0,0.86010194,0.5980289,0.7656880870503442,0.09441388,0.00891398
1718,1,0,0.7688992,0.49104047,0.6557838318226312,0.11311537,0.012795087
1719,1,0,0.65953994,0.3686142,0.727381780047653,0.06784183,0.0046025137
1720,1,0,0.7307899,0.4482243,0.7269692932781466,0.0038205981,1.459697e-05
1721,1,0,0.7303798,0.4477644,0.7474121609094335,0.017032325,0.0002901001
1722,1,0,0.75071836,0.4705937,0.6779776349156204,0.07274073,0.005291214
1723,1,0,0.681628,0.39323378,0.7141656786620394,0.0325377,0.0010587019
1724,1,0,0.7176397,0.43348885,0.6662505495819002,0.051389158,0.0026408455
1725,1,0,0.66995645,0.3802185,0.6671111741261089,0.0028452873,8.09566e-06
1726,1,0,0.6708133,0.38117456,0.7277464923457191,0.056933165,0.0032413853
1727,1,0,0.73115325,0.448632,0.7523551833739313,0.021201909,0.0004495209
1728,1,0,0.755636,0.4761207,1.0017606407783908,0.24612463,0.060577333
1729,1,0,0.9961684,0.7581141,1.125081581583911,0.12891316,0.016618604
1730,1,0,1.1191609,0.899668,1.305795027833708,0.18663418,0.034832317
1731,1,0,1.3031199,1.1009104,1.2752151758072965,0.027904749,0.000778675
1732,1,0,1.2718713,1.0667202,1.0704527330932945,0.20141864,0.04056947
1733,1,0,1.0643346,0.8368013,1.1550175002280023,0.090682864,0.008223382
1734,1,0,1.1495116,0.9328983,1.171469523900194,0.021957994,0.00048215347
1735,1,0,1.1662128,0.9511602,1.2091565989260622,0.042943835,0.001844173
1736,1,0,1.204529,0.9930589,1.0661038812637416,0.13842511,0.019161511
1737,1,0,1.0600111,0.8318074,1.080411007773058,0.020399809,0.0004161522
1738,1,0,1.0742371,0.84824204,1.0827102215863031,0.008473158,7.1794406e-05
1739,1,0,1.0765245,0.8508847,0.9918460243989142,0.08467847,0.0071704434
1740,1,0,0.98635125,0.7467916,0.9548024227985256,0.031548858,0.0009953304
1741,1,0,0.9497235,0.70456624,0.8036456115770432,0.14607787,0.021338744
1742,1,0,0.80664563,0.53361344,0.9814835682447448,0.17483795,0.030568307
1743,1,0,0.97609735,0.73496795,1.0547174472070444,0.078620076,0.006181116
1744,1,0,1.0486963,0.8187406,0.8766012207510321,0.17209506,0.02961671
1745,1,0,0.87482095,0.61584735,0.9452708162025414,0.07044989,0.004963187
1746,1,0,0.9403107,0.69372153,0.8364654087105969,0.1038453,0.010783846
1747,1,0,0.83735967,0.5705421,0.8864990611714938,0.04913938,0.0024146787
1748,1,0,0.88406014,0.62704396,0.929846570641064,0.04578644,0.002096398
1749,1,0,0.92509246,0.67619205,0.8439938921182564,0.08109856,0.006576976
1750,1,0,0.84438586,0.5790274,0.8152390529164939,0.02914679,0.0008495354
1751,1,0,0.8175533,0.5466459,0.9078668434352052,0.090313554,0.008156538
1752,1,0,0.9040091,0.65124774,0.827875648109877,0.07613343,0.0057962993
1753,1,0,0.8293445,0.5608671,0.8949186002724168,0.06557411,0.004299964
1754,1,0,0.8919213,0.6365764,0.936004056726612,0.04408276,0.0019432898
1755,1,0,0.9311664,0.68318725,0.7266628025177053,0.2045036,0.041821722
1756,1,0,0.7300751,0.4474225,0.7337549519772,0.003679812,1.3541016e-05
1757,1,0,0.7371309,0.4553373,0.8420515186238382,0.104920626,0.011008338
1758,1,0,0.8425729,0.5768378,0.796047338905955,0.046525598,0.0021646312
1759,1,0,0.7990916,0.52507997,0.8377766733380914,0.038685083,0.0014965357
1760,1,0,0.83858323,0.5720184,0.770492685400114,0.06809056,0.004636324
1761,1,0,0.7736771,0.49642086,0.7392049574871282,0.034472167,0.0011883304
1762,1,0,0.7425535,0.46142364,0.6779218612213991,0.06463164,0.004177249
1763,1,0,0.6815727,0.3931725,0.6253415354061338,0.05623114,0.0031619412
1764,1,0,0.6292412,0.33493304,0.4930941098052894,0.13614711,0.018536037
1765,1,0,0.49765348,0.18980742,0.5792754523590324,0.081621945,0.006662142
1766,1,0,0.58339524,0.28415775,0.6609726998068335,0.07757747,0.006018264
1767,1,0,0.6647036,0.37436652,0.8248549875524778,0.16015136,0.02564846
1768,1,0,0.82652545,0.55746627,0.6231839771198682,0.20334148,0.04134776
1769,1,0,0.62709403,0.33254933,0.4870581773343461,0.14003587,0.019610044
1770,1,0,0.49165082,0.18323064,0.6663542703341636,0.17470348,0.030521305
1771,1,0,0.6700599,0.3803339,0.6671200401028963,0.00293988,8.642894e-06
1772,1,0,0.6708224,0.38118267,0.5429742095502044,0.12784815,0.016345149
1773,1,0,0.5472729,0.24431348,0.6556026426082471,0.10832971,0.011735327
1774,1,0,0.6593597,0.36841297,0.6067684207466901,0.052591264,0.002765841
1775,1,0,0.61075616,0.31443334,0.6313576592599044,0.020601511,0.00042442227
1776,1,0,0.6352289,0.34158087,0.6766143477738527,0.04138547,0.0017127573
1777,1,0,0.6802709,0.39172053,0.8095350440080105,0.12926412,0.016709212
1778,1,0,0.8122318,0.5402322,0.7928563450119763,0.019375443,0.0003754078
1779,1,0,0.7959187,0.521497,0.7274032102400656,0.06851548,0.004694371
1780,1,0,0.73081183,0.44824886,0.6291556914175787,0.10165614,0.01033397
1781,1,1,0.6330378,0.3391478,-0.6369024993288748,1.2699404,1.6127485
1782,1,1,-0.6405251,-0.33560753,0.5284965731349005,1.1690216,1.3666115
1783,1,1,0.5328684,0.2284627,-0.3946605160683472,0.92752886,0.8603098
1784,0,1,0.36458826,-0.07305288,0.143205103899362,0.22138315,0.0490105
1785,0,1,-0.13034773,-0.08728838,-0.1869352610605759,0.056587532,0.0032021487
1786,0,1,0.17472315,0.04089403,0.3132230705647734,0.13849992,0.019182228
1787,0,1,-0.28763914,-0.004330635,-0.3559015610802007,0.06826243,0.004659759
1788,0,1,0.32935953,-0.04032111,0.3059926277077625,0.023366898,0.00054601196
1789,0,1,-0.28096128,-0.012053013,-0.3407201852472217,0.0597589,0.0035711264
1790,0,1,0.31553364,-0.02855444,0.4321336356441945,0.11660001,0.0135955615
1791,0,1,-0.3972385,0.12358308,-0.4071912035123248,0.009952724,9.905671e-05
1792,0,1,0.37595534,-0.084394455,0.4402788732813878,0.064323545,0.0041375184
1793,0,1,-0.40472674,0.13240671,-0.4488671811728144,0.04414043,0.0019483775
1794,0,1,0.41367579,-0.1244576,0.4317365924586167,0.018060803,0.00032619262
1795,0,1,-0.39687395,0.123152494,-0.4766892736241472,0.07981533,0.0063704867
1796,0,1,0.4387803,-0.15297174,0.4104521099685616,0.02832821,0.0008024875
1797,0,1,-0.3772931,0.10013366,-0.288790002533164,0.08850309,0.007832797
1798,0,1,0.26812983,0.0066006184,0.3725368557249804,0.10440704,0.010900831
1799,0,1,-0.34236884,0.05926323,-0.3477802862125094,0.005411446,2.9283749e-05
1800,0,1,0.32196546,-0.03394866,0.2819775590593605,0.039987892,0.0015990315
1801,0,1,-0.25877023,-0.037658215,-0.3402279886749144,0.081457764,0.0066353674
1802,0,1,0.3150859,-0.02818346,0.3360567164120778,0.020970821,0.00043977535
1803,0,1,-0.30872035,0.020100832,-0.1730668546607408,0.1356535,0.01840187
1804,0,1,0.16196609,0.042243242,0.184688106541504,0.02272202,0.00051629025
1805,0,1,-0.16875958,-0.09552765,-0.0574967151223684,0.11126287,0.0123794265
1806,0,1,0.055393934,0.02183485,-0.0604700379110831,0.11586397,0.01342446
1807,0,1,0.058140516,0.023110628,0.1285984190524476,0.070457906,0.0049643163
1808,0,1,-0.1168201,-0.08492327,-0.2441213507276729,0.12730126,0.01620561
1809,0,1,0.22723055,0.027637243,0.3614135289385145,0.13418299,0.018005075
1810,0,1,-0.33211327,0.047303915,-0.4296444472185916,0.09753117,0.0095123295
1811,0,1,0.39629364,-0.105553865,0.2806938883040772,0.11559975,0.013363303
1812,0,1,-0.25758314,-0.039025307,-0.1004058718290368,0.15717727,0.024704695
1813,0,1,0.09501243,0.036289215,-0.1373691948817308,0.23238163,0.05400122
1814,0,1,0.12909675,0.04212475,-0.0119064347315034,0.14100318,0.019881897
1815,0,1,0.013249159,-0.0029342175,-0.0905044332922662,0.10375359,0.010764807
1816,0,1,0.08587551,0.033698797,0.0918715240309495,0.005996011,3.595215e-05
1817,0,1,-0.082807064,-0.08019972,-0.1501943364964275,0.06738727,0.0045410437
1818,0,1,0.14091206,0.042775393,0.1679487412637303,0.027036682,0.00073098217
1819,0,1,-0.15326095,-0.091930866,-0.2075239161566107,0.054262966,0.0029444695
1820,0,1,0.19364452,0.037513256,0.2825391909541253,0.088894665,0.007902262
1821,0,1,-0.25928926,-0.03706026,-0.3899619745618907,0.13067272,0.01707536
1822,0,1,0.36032343,-0.068891525,0.259060656999329,0.10126278,0.01025415
1823,0,1,-0.23758125,-0.062026024,0.0126072550480751,0.2501885,0.06259429
1824,0,1,-0.009428501,-0.020354033,0.1269544964254394,0.136383,0.018600322
1825,0,1,-0.115297794,-0.0846746,-0.1230744486975665,0.0077766553,6.0476366e-05
1826,0,1,0.11592102,0.040574312,0.1838693259830277,0.06794831,0.004616973
1827,0,1,-0.16800117,-0.095342636,-0.1688516994151032,0.0008505285,7.2339867e-07
1828,0,1,0.15808797,0.04250145,-0.0157736812976141,0.17386165,0.030227873
1829,0,1,0.016825914,-0.0004491806,0.0832240769480279,0.066398166,0.0044087167
1830,0,1,-0.074800014,-0.07933879,0.1222981166135905,0.19709814,0.038847674
1831,0,1,-0.11098623,-0.08398962,-0.3677748449694933,0.2567886,0.06594039
1832,0,1,0.34016275,-0.049950838,0.4789805490696497,0.13881779,0.019270377
1833,0,1,-0.44026756,0.17443609,-0.438368446649934,0.0018991232,3.606669e-06
1834,0,1,0.40418577,-0.11404705,0.1533222171079242,0.25086355,0.06293252
1835,0,1,-0.13971591,-0.08908844,0.0537185204582573,0.19343443,0.03741688
1836,0,1,-0.04747963,-0.056064606,-0.0961966000387133,0.04871697,0.002373343
1837,0,1,0.09112835,0.035241604,0.1294941566119787,0.03836581,0.0014719354
1838,0,1,-0.11764979,-0.08506155,-0.1670642457928348,0.049414456,0.0024417886
1839,0,1,0.15644264,0.042589188,0.3355797214652707,0.17913708,0.032090094
1840,0,1,-0.30828023,0.019589424,-0.3268784195306065,0.018598199,0.000345893
1841,0,1,0.30291462,-0.01838851,0.260431502803176,0.04248312,0.0018048156
1842,0,1,-0.23884892,-0.06057024,-0.2891921964105632,0.050343275,0.0025344454
1843,0,1,0.26849723,0.006361246,0.4069756019685129,0.13847837,0.019176258
1844,0,1,-0.37409258,0.09637976,-0.2112365753126392,0.162856,0.026522076
1845,0,1,0.19705462,0.03673339,0.1575801838778829,0.039474443,0.0015582317
1846,0,1,-0.14365911,-0.08988762,-0.2238008283858188,0.08014171,0.0064226934
1847,0,1,0.20859003,0.033715248,0.1397658023266652,0.06882423,0.004736775
1848,0,1,-0.1271615,-0.0867064,-0.1272359588972218,7.44611e-05,5.5444556e-09
1849,0,1,0.119757175,0.041116953,0.1505748094769705,0.030817628,0.0009497262
1850,0,1,-0.1371727,-0.08858752,-0.1010141126545285,0.036158584,0.0013074432
1851,0,1,0.09557414,0.036434174,0.0689734598290061,0.026600681,0.00070759625
1852,0,1,-0.061603785,-0.071380615,0.0088511111954461,0.070454895,0.0049638925
1853,0,1,-0.0059537888,-0.01749754,0.0463033247491999,0.052257113,0.002730806
1854,0,1,-0.040614605,-0.049022913,-0.1666307285925574,0.12601613,0.015880063
1855,0,1,0.156044,0.04260826,0.1118450182211105,0.04419899,0.0019535506
1856,0,1,-0.10130477,-0.08255243,-0.0010075265750688,0.10029724,0.010059536
1857,0,1,0.003168106,-0.010322332,0.0732865287719835,0.07011842,0.004916593
1858,0,1,-0.06559682,-0.075912476,0.0657991865283849,0.131396,0.017264908
1859,0,1,-0.0586648,-0.0681026,0.0457985980082042,0.1044634,0.010912602
1860,0,1,-0.040147543,-0.048552513,-0.1058111553905711,0.06566361,0.00431171
1861,0,1,0.099999666,0.037517548,0.0205469601254604,0.07945271,0.006312733
1862,0,1,-0.016775846,-0.026616335,0.0112654586558123,0.028041305,0.0007863148
1863,0,1,-0.008186817,-0.019325495,-0.0228235222389772,0.014636705,0.00021423312
1864,0,1,0.023345232,0.0038962364,-0.0265731264859456,0.04991836,0.0024918427
1865,0,1,0.026811838,0.006111145,-0.0125672921614525,0.03937913,0.001550716
1866,0,1,0.013860464,-0.0025043488,-0.05065269316604,0.06451316,0.004161948
1867,0,0,0.04906988,0.018743038,-0.0293401017318664,0.078409985,0.0061481255
1868,0,0,0.029370785,0.0077023506,-0.0820856362240589,0.111456424,0.012422535
1869,0,0,0.07810402,0.03114748,-0.093936489344784,0.1720405,0.029597936
1870,0,0,0.08904314,0.034646988,-0.249931844486873,0.33897498,0.11490404
1871,0,0,0.23255634,0.025635004,-0.2032728875071012,0.43582922,0.18994711
1872,0,0,0.18973875,0.038344145,-0.2035742058403244,0.39331296,0.15469508
1873,1,0,-0.20962334,0.038287163,-0.1219216064940913,0.08770173,0.0076915934
1874,1,0,-0.12724853,0.040411234,-0.0926596576937131,0.034588866,0.0011963897
1875,1,0,-0.0976429,0.034300566,-0.1967892964005169,0.099146396,0.009830008
1876,1,0,-0.20279217,0.03947854,-0.1470438418894,0.05574833,0.003107876
1877,1,0,-0.15263128,0.042680025,-0.1026359259028901,0.049995355,0.0024995354
1878,1,0,-0.107740164,0.03681183,-0.0939847474768411,0.013755418,0.00018921154
1879,1,0,-0.098983765,0.034659386,-0.1646367332307994,0.06565297,0.004310312
1880,1,0,-0.17038584,0.04268861,0.0148706006714158,0.18525644,0.03431995
1881,1,0,0.011494398,-0.022108078,0.0421669964174236,0.030672599,0.0009408083
1882,1,0,0.03927684,-0.045209646,0.0872681919381848,0.04799135,0.0023031698
1883,1,0,0.08524108,-0.079729795,0.1565477396594352,0.07130666,0.00508464
1884,1,0,0.15597701,-0.08969164,0.0784043619701653,0.07757265,0.0060175164
1885,1,0,0.07620168,-0.07890153,0.1639921407896349,0.08779046,0.0077071646
1886,1,0,0.16358662,-0.09113455,0.0744623669381652,0.08912425,0.007943131
1887,1,0,0.07218242,-0.077162504,0.0474239159444183,0.0247585,0.0006129833
1888,1,0,0.04463005,-0.050069332,-0.0614291634367902,0.10605921,0.011248556
1889,1,0,-0.06599927,0.02351284,-0.2397180552825095,0.17371878,0.030178215
1890,1,0,-0.24596691,0.029078007,-0.1514180139696996,0.094548896,0.008939493
1891,1,0,-0.15704775,0.042801857,-0.1561824871269688,0.0008652657,7.486848e-07
1892,1,0,-0.16185641,0.042844057,-0.3063595818890272,0.14450318,0.020881169
1893,1,0,-0.3127668,-0.0043616295,-0.3640265601051351,0.051259756,0.0026275625
1894,1,0,-0.37033796,-0.04687071,-0.2943450019412048,0.07599297,0.0057749315
1895,1,0,-0.300745,0.0032424927,-0.3901407513446981,0.08939573,0.007991597
1896,1,0,-0.39633203,-0.06904912,-0.4138401788178067,0.01750815,0.00030653528
1897,1,0,-0.41988134,-0.09055185,-0.5097843100389534,0.08990294,0.008082538
1898,1,0,-0.5149491,-0.18844199,-0.5676942723372842,0.052745163,0.0027820521
1899,1,0,-0.5723295,-0.25375676,-0.5419631734181007,0.030366361,0.00092211587
1900,1,0,-0.54686856,-0.22429204,-0.4139569243534495,0.13291165,0.017665507
1901,1,0,-0.41999722,-0.09065962,-0.5804321882769687,0.16043496,0.025739377
1902,1,0,-0.58491254,-0.26856494,-0.751168658392757,0.16625613,0.0276411
1903,1,0,-0.7521527,-0.47501278,-0.6820439392470248,0.07010877,0.0049152398
1904,1,0,-0.6847718,-0.3903377,-0.6877487701483385,0.0029770136,8.86261e-06
1905,1,0,-0.69035006,-0.39730024,-0.6938875749270945,0.0035375357,1.2514159e-05
1906,1,0,-0.6963489,-0.4047997,-0.4523034981278608,0.2440454,0.05955816
1907,1,0,-0.4580109,-0.12790751,-0.3885455919126133,0.06946531,0.004825429
1908,1,0,-0.39474583,-0.06764674,-0.5255609008409787,0.13081509,0.017112587
1909,1,0,-0.53060913,-0.20586681,-0.5218221187874201,0.008787036,7.7212004e-05
1910,1,0,-0.52690005,-0.20171022,-0.398734513362514,0.12816554,0.016426407
1911,1,0,-0.40487623,-0.076702595,-0.3516806301353639,0.053195596,0.0028297715
1912,1,0,-0.3580308,-0.036986828,-0.2402559225707703,0.117774874,0.013870921
1913,1,0,-0.24650717,0.028905153,-0.261417174403237,0.0149100125,0.00022230847
1914,1,0,-0.26774812,0.021343708,-0.1874675286363283,0.08028059,0.0064449725
1915,1,0,-0.19340277,0.04082656,-0.3169046760094667,0.1235019,0.015252719
1916,1,0,-0.32331133,-0.011410475,-0.2223297810564366,0.10098155,0.010197273
1917,1,0,-0.22849202,0.034098387,-0.3334332672480409,0.10494125,0.011012666
1918,1,0,-0.33982325,-0.023133993,-0.1423522526788256,0.197471,0.038994793
1919,1,0,-0.14789343,0.04246044,-0.1721692177079425,0.024275795,0.0005893142
1920,1,0,-0.17798352,0.04230404,-0.0566907582628894,0.12129276,0.014711934
1921,1,0,-0.06119299,0.021482468,-0.0215542540712272,0.039638735,0.0015712293
1922,1,0,-0.025530815,0.003131628,-0.0202139452072485,0.0053168703,2.8269109e-05
1923,1,0,-0.024169445,0.0023150444,0.0213655902369547,0.045535035,0.0020734395
1924,1,0,0.018102646,-0.027279377,-0.0999638746468951,0.11806652,0.013939703
1925,1,0,-0.1050365,0.036182404,-0.1668952000859898,0.0618587,0.0038264985
1926,1,0,-0.17266417,0.042597055,-0.154228595460705,0.018435568,0.00033987017
1927,1,0,-0.15988469,0.042838097,-0.1470744023732977,0.01281029,0.00016410352
1928,1,0,-0.15266204,0.042681932,-0.1922099251846729,0.03954789,0.0015640357
1929,1,0,-0.1981802,0.04018283,-0.1632168607663273,0.03496334,0.0012224352
1930,1,0,-0.16895461,0.042734146,-0.2214853180375984,0.052530706,0.002759475
1931,1,0,-0.22764325,0.034315586,-0.2549512077046927,0.027307957,0.00074572454
1932,1,0,-0.26126075,0.023814678,-0.2425120551440058,0.018748686,0.0003515132
1933,1,0,-0.2487731,0.0281713,-0.3752609418289512,0.12648785,0.015999176
1934,1,0,-0.38152647,-0.056206465,-0.3232817939957675,0.058244675,0.0033924421
1935,1,0,-0.32968497,-0.015837908,-0.2352374652582871,0.09444751,0.0089203315
1936,1,0,-0.24146557,0.03047347,-0.1858336476200976,0.05563192,0.0030949106
1937,1,0,-0.19175696,0.041029215,-0.1787374165283743,0.013019547,0.0001695086
1938,1,0,-0.1846056,0.041784048,-0.1412900691335572,0.04331553,0.0018762351
1939,1,0,-0.1468203,0.04239726,-0.3019311883946551,0.1551109,0.02405939
1940,1,0,-0.30833697,-0.0015048981,-0.4546746935661256,0.14633772,0.021414727
1941,1,0,-0.46035814,-0.13030076,-0.59037438890932,0.13001627,0.01690423
1942,1,0,-0.59472466,-0.28021502,-0.6282653343533586,0.033540666,0.0011249763
1943,1,0,-0.6320369,-0.3252318,-0.7525636820660417,0.12052673,0.014526693
1944,1,0,-0.75350714,-0.4767244,-0.85246644991601,0.09895933,0.009792948
1945,1,0,-0.85003614,-0.59865165,-0.7771912347810521,0.07284492,0.0053063827
1946,1,0,-0.77739763,-0.50692725,-0.7026067364563926,0.074790895,0.005593678
1947,1,0,-0.704864,-0.41546464,-0.6287272564926534,0.07613677,0.0057968074
1948,1,0,-0.63249135,-0.32578468,-0.6303401779122564,0.0021511912,4.6276236e-06
1949,1,0,-0.63407683,-0.32772088,-0.6684493946269408,0.034372568,0.0011814735
1950,1,0,-0.6714666,-0.3737824,-0.7957478901425645,0.12428129,0.015445839
1951,1,0,-0.7953582,-0.52964306,-0.7790902274168259,0.016267955,0.00026464637
1952,1,0,-0.7792368,-0.50925374,-1.010861713612738,0.23162496,0.053650122
1953,1,0,-1.000905,-0.78511715,-1.0379601321760843,0.037055135,0.001373083
1954,1,0,-1.026434,-0.81578064,-1.0255705763942595,0.0008633137,7.453105e-07
1955,1,0,-1.0147722,-0.8018117,-1.1402047225040697,0.12543249,0.01573331
1956,1,0,-1.1360228,-0.92763543,-1.1171370274727752,0.018885732,0.00035667085
1957,1,0,-1.1114063,-0.90294766,-1.1774345266133417,0.06602824,0.004359728
1958,1,0,-1.1755512,-0.9667883,-1.244292545588905,0.06874132,0.004725369
1959,1,0,-1.2459056,-1.0349257,-1.2804070388048108,0.034501433,0.0011903489
1960,1,0,-1.283566,-1.0705659,-1.3993546856257,0.1157887,0.013407023
1961,1,0,-1.4058783,-1.1822274,-1.2936325101776007,0.1122458,0.012599119
1962,1,0,-1.2972972,-1.0834136,-1.214287480046636,0.08300972,0.0068906136
1963,1,0,-1.214433,-1.0046923,-1.3688680244627114,0.15443504,0.02385018
1964,1,0,-1.374785,-1.1544354,-1.2571985929055691,0.117586374,0.013826556
1965,1,0,-1.2593923,-1.0477562,-1.3324798499818449,0.07308757,0.0053417934
1966,1,0,-1.337441,-1.1205215,-1.2599641287946892,0.07747686,0.0060026636
1967,1,0,-1.2622778,-1.0504918,-1.178038647070367,0.084239244,0.00709625
1968,1,0,-1.1761911,-0.9674158,-1.120950066988622,0.05524099,0.003051567
1969,1,0,-1.1154821,-0.9070506,-1.0686191965206149,0.04686284,0.002196126
1970,1,0,-1.0593221,-0.84997153,-1.010514019639534,0.048808098,0.0023822305
1971,1,0,-1.0005767,-0.78472114,-0.8418292755745456,0.15874743,0.025200749
1972,1,0,-0.8398068,-0.5857725,-0.9562732296095936,0.11646646,0.013564437
1973,1,0,-0.9492228,-0.72215533,-0.9473119638477404,0.0019108653,3.6514061e-06
1974,1,0,-0.94070697,-0.7116766,-0.9242938851988188,0.016413093,0.0002693896
1975,1,0,-0.9187918,-0.68458796,-0.905283515217644,0.01350826,0.0001824731
1976,1,0,-0.90064836,-0.6620395,-0.9136540166627324,0.013005674,0.00016914755
1977,1,0,-0.90864253,-0.6719866,-0.9124928950307388,0.0038503408,1.4825125e-05
1978,1,0,-0.90753365,-0.67060876,-0.9645231462729682,0.05698949,0.0032478021
1979,1,0,-0.95705533,-0.73176765,-1.0387805228455629,0.08172524,0.006679015
1980,1,0,-1.027205,-0.81670237,-1.034817251907711,0.0076122284,5.794602e-05
1981,1,0,-1.0234773,-0.81224537,-0.9929631838406872,0.030514121,0.0009311116
1982,1,0,-0.9839966,-0.76464415,-0.9876851070754982,0.0036884546,1.3604697e-05
1983,1,0,-0.9790034,-0.758574,-1.0388685000511475,0.059865117,0.0035838322
1984,1,0,-1.027288,-0.8168011,-1.057338489453159,0.030050516,0.00090303353
1985,1,0,-1.0471535,-0.8374541,-1.0570751564401362,0.00992167,9.843954e-05
1986,1,0,-1.0468686,-0.83716106,-1.1708866041446109,0.12401807,0.015380482
1987,1,0,-1.1686177,-0.9599638,-1.2245361754936468,0.055918455,0.0031268736
1988,1,0,-1.2252018,-1.0150838,-1.2728347447629216,0.047632933,0.0022688962
1989,1,0,-1.2756906,-1.0631611,-1.1695603151751408,0.10613024,0.0112636285
1990,1,0,-1.1672115,-0.9585788,-1.267895619370475,0.10068405,0.010137278
1991,1,0,-1.2705467,-1.0583115,-1.3216433763875006,0.051096678,0.0026108704
1992,1,0,-1.3262713,-1.1102643,-1.202104359290984,0.124166965,0.015417435
1993,1,0,-1.2016063,-0.99225616,-1.1047226763835538,0.096883655,0.009386443
1994,1,0,-1.0981185,-0.8895266,-1.260826679580079,0.16270816,0.026473947
1995,1,0,-1.2631776,-1.0513446,-1.3647674232629652,0.1015898,0.010320487
1996,1,0,-1.3705893,-1.1506543,-1.297983930426606,0.07260537,0.00527154
1997,1,0,-1.3018086,-1.0876164,-1.3195554808656218,0.017746925,0.00031495336
1998,1,0,-1.3241167,-1.1082804,-1.3287040312246936,0.0045872927,2.1043254e-05
1999,1,0,-1.3335512,-1.1169553,-1.1192476061040595,0.21430361,0.04592604
2000,1,0,-1.1136627,-0.90521955,-0.9680492058841136,0.14561349,0.021203289
2001,1,0,-0.9604006,-0.7358668,-1.0169038009154714,0.056503177,0.003192609
2002,1,0,-1.0066042,-0.79198956,-1.0819438600365614,0.075339675,0.0056760665
2003,1,0,-1.0736673,-0.8646598,-1.322190286685175,0.248523,0.06176368
2004,1,0,-1.3268354,-1.1107843,-1.5007380545108264,0.17390263,0.030242125
2005,1,0,-1.5079966,-1.2680147,-1.68002355143669,0.17202699,0.029593285
2006,1,0,-1.6836659,-1.0559318,-1.8008944679352177,0.11722863,0.013742551
2007,1,0,-1.7984957,-0.8616407,-1.8951856134685887,0.09668994,0.009348945
2008,1,0,-1.8860365,-0.7157321,-2.077264973330827,0.19122851,0.036568344
2009,1,0,-2.0499973,-0.44621277,-2.121728666924881,0.07173133,0.0051453835
2010,1,0,-2.0890183,-0.38260865,-2.2044878556862684,0.115469456,0.013333195
2011,1,0,-2.1605833,-0.2663443,-2.296433088582931,0.13584971,0.018455144
2012,1,0,-2.2384734,-0.14023447,-2.374120964449751,0.13564754,0.018400254
2013,1,0,-2.3029637,-0.036043644,-2.1578698977352664,0.14509392,0.021052245
2014,1,0,-2.120441,-0.33150315,-2.168747079451236,0.048306227,0.0023334916
2015,1,0,-2.1298466,-0.31622434,-2.144242914875566,0.014396429,0.00020725717
2016,1,0,-2.1086245,-0.35071182,-2.0693181226190576,0.039306402,0.0015449933
2017,1,0,-2.0429816,-0.45766807,-2.0964914953465903,0.05350995,0.0028633147
2018,1,0,-2.0669198,-0.4186089,-2.067424275021906,0.0005044937,2.545139e-07
2019,1,0,-2.041308,-0.46040154,-2.0677687305097665,0.026460886,0.0007001785
2020,1,0,-2.0416121,-0.45990276,-2.061732631240927,0.020120382,0.00040482977
2021,1,0,-2.0362728,-0.46862602,-2.062413172383188,0.026140451,0.0006833232
2022,1,0,-2.0368752,-0.46764016,-2.024984047979048,0.011891127,0.0001413989
2023,1,0,-2.0036054,-0.52206683,-2.056634945367764,0.053029537,0.0028121318
2024,1,0,-2.0317574,-0.47600436,-2.016191536875561,0.015565872,0.00024229637
2025,1,0,-1.9957486,-0.5349405,-2.040701894893625,0.044953227,0.0020207926
2026,1,0,-2.0176105,-0.49913716,-1.9593939699843208,0.05821657,0.0033891692
2027,1,0,-1.9446211,-0.618942,-2.067466014549073,0.122844934,0.015090878
2028,1,0,-2.0413442,-0.46033955,-2.027527898270319,0.013816357,0.00019089172
2029,1,0,-2.0058756,-0.51834893,-2.050893104977174,0.04501748,0.0020265735
2030,1,0,-2.0266652,-0.48432803,-2.1104359695352257,0.08377075,0.007017539
2031,1,0,-2.079146,-0.3986845,-2.1554806052465545,0.076334715,0.0058269887
2032,1,0,-2.118372,-0.33486676,-2.056660566351888,0.06171131,0.003808286
2033,1,0,-2.0317802,-0.47596526,-2.076492535053897,0.044712305,0.0019991903
2034,1,0,-2.0493166,-0.4473245,-2.0432839052390115,0.0060327053,3.6393532e-05
2035,1,0,-2.0199068,-0.49538207,-2.065211208665904,0.045304537,0.002052501
2036,1,0,-2.0393505,-0.4635973,-2.090568538248665,0.051218033,0.0026232868
2037,1,0,-2.0617146,-0.42709637,-2.26219170895386,0.20047712,0.040191077
2038,1,0,-2.2096643,-0.18683457,-2.0841368466607157,0.12552738,0.015757123
2039,1,0,-2.056055,-0.43632817,-1.8731646926937144,0.18289042,0.033448905
2040,1,0,-1.8657525,-0.74939466,-1.9707790913691556,0.1050266,0.011030587
2041,1,0,-1.9549217,-0.6019857,-1.9249392335374556,0.029982448,0.0008989472
2042,1,0,-1.9132876,-0.6706331,-2.047168664619444,0.13388109,0.017924147
2043,1,0,-2.0233588,-0.48973465,-2.0702974298119123,0.046938658,0.0022032375
2044,1,0,-2.0438466,-0.45625305,-2.240654213632653,0.19680762,0.03873324
2045,1,0,-2.1914237,-0.21636629,-2.2695287643693853,0.07810521,0.006100424
2046,1,0,-2.2158575,-0.17681313,-2.341301891332327,0.12544441,0.0157363
2047,1,0,-2.275867,-0.07980108,-2.267336552118389,0.008530378,7.2767354e-05
2048,1,0,-2.2140083,-0.17980552,-2.294761142423971,0.08075285,0.006521023
2049,1,0,-2.2370722,-0.14249945,-2.25736607900272,0.020293951,0.00041184446
2050,1,0,-2.2055855,-0.19343758,-2.318602008238338,0.113016605,0.012772753
2051,1,0,-2.256999,-0.110286474,-2.264576910303999,0.007577896,5.742451e-05
2052,1,0,-2.2116785,-0.18357372,-2.1840819845227726,0.027596474,0.00076156534
2053,1,0,-2.143066,-0.29476213,-2.208085044752363,0.06501913,0.0042274874
2054,1,0,-2.1636627,-0.26135135,-2.03707777388314,0.126585,0.016023764
2055,1,0,-2.014386,-0.50441337,-1.913666528658544,0.10071945,0.010144408
2056,1,0,-1.9029838,-0.68766785,-1.896674429206308,0.00630939,3.9808405e-05
2057,1,0,-1.8874041,-0.713465,-1.886353035228228,0.0010510683,1.1047446e-06
2058,1,0,-1.8779119,-0.72920465,-1.9116934745250276,0.03378153,0.0011411917
2059,1,0,-1.9011775,-0.6906557,-1.883009795722374,0.018167734,0.00033006657
2060,1,1,-1.874833,-0.73431516,1.6457645052600554,3.5205975,12.394607
2061,1,1,1.6530321,1.4842827,-1.401121127354545,3.0541532,9.327852
2062,0,1,1.2611473,-1.183821,1.0855381085763924,0.17560911,0.03083856
2063,0,1,-0.98362184,0.8541362,-0.9452690927497368,0.038352728,0.0014709317
2064,0,1,0.8498399,-0.70928216,0.850322312451564,0.0004823804,2.3269084e-07
2065,0,1,-0.7766285,0.58616614,-0.9059703925088658,0.1293419,0.016729327
2066,0,1,0.8163736,-0.66285634,0.7941535553006474,0.022220016,0.0004937291
2067,0,1,-0.7264118,0.52295375,-0.6574970579258221,0.06891477,0.0047492455
2068,0,1,0.60024905,-0.36048555,0.7319788403518124,0.13172978,0.017352736
2069,0,1,-0.6705172,0.4533553,-0.733898128912092,0.0633809,0.004017138
2070,0,1,0.6674831,-0.45382023,0.711564972407444,0.044081867,0.001943211
2071,0,1,-0.6520989,0.4305911,-0.6575454849503695,0.005446613,2.966559e-05
2072,0,1,0.60029244,-0.36054444,0.6054971598628023,0.005204737,2.7089289e-05
2073,0,1,-0.555913,0.31303144,-0.6785558255408413,0.122642875,0.015041275
2074,0,1,0.6188452,-0.3860855,0.5581152058973315,0.06073004,0.0036881377
2075,0,1,-0.51270795,0.26091456,-0.6074311472124019,0.094723225,0.008972489
2076,0,1,0.5558531,-0.30036736,0.5575844555388665,0.0017313361,2.9975247e-06
2077,0,1,-0.512223,0.26033187,-0.479181202172064,0.033041805,0.0010917609
2078,0,1,0.44102645,-0.15558624,0.1701559688336549,0.27087048,0.073370814
2079,0,1,-0.15530467,-0.09238386,-0.1972371963508208,0.041932523,0.0017583366
2080,0,1,0.18419242,0.039405346,0.1142997799762399,0.06989264,0.0048849806
2081,0,1,-0.103577375,-0.08287668,-0.1692331294666602,0.06565575,0.0043106778
2082,0,1,0.15843892,0.042481422,0.261462331718655,0.10302341,0.010613823
2083,0,1,-0.23980308,-0.059473753,-0.1601727150055527,0.07963036,0.006340994
2084,0,1,0.1501,0.042806864,0.1019283206191863,0.04817167,0.0023205096
2085,0,1,-0.092120886,-0.08132005,-0.1620079744599869,0.06988709,0.004884205
2086,0,1,0.15178871,0.042767763,0.1645384947062687,0.012749776,0.0001625568
2087,0,1,-0.15010309,-0.09124303,-0.2200657110062764,0.06996262,0.0048947684
2088,0,1,0.20516157,0.034673214,0.2438114957752826,0.03864993,0.0014938172
2089,0,1,-0.22347736,-0.07820535,-0.2076129184414497,0.015864447,0.00025168067
2090,0,1,0.19372582,0.037495136,0.2151408008857807,0.02141498,0.00045860137
2091,0,1,-0.19694829,-0.09657884,-0.0928667959274744,0.1040815,0.010832958
2092,0,1,0.088054895,0.03435731,0.172356069564501,0.08430117,0.007106688
2093,0,1,-0.15734124,-0.09284258,-0.2364789396668518,0.0791377,0.006262775
2094,0,1,0.22022176,0.03009367,0.2369994114023907,0.01677765,0.0002814895
2095,0,1,-0.21717525,-0.08542204,-0.2209418483294287,0.0037665963,1.4187248e-05
2096,0,1,0.205966,0.034453154,0.1767254041549164,0.029240593,0.0008550123
2097,0,1,-0.16138673,-0.09377098,-0.179388113588875,0.018001392,0.00032405014
2098,0,1,0.16778159,0.041722298,0.0977045213470901,0.07007707,0.0049107955
2099,0,1,-0.088208914,-0.08083463,-0.2056557035250477,0.117446795,0.01379375
2100,0,1,0.19192815,0.037887335,0.3211438683125158,0.12921572,0.0166967
2101,0,1,-0.2949543,0.004137039,-0.2836071379974383,0.011347175,0.00012875837
2102,0,1,0.26339006,0.009641409,0.4008558746897885,0.1374658,0.018896848
2103,0,1,-0.36845922,0.08977413,-0.5271154582196766,0.15865624,0.025171801
2104,0,1,0.4841175,-0.20759988,0.4465720380967188,0.037545472,0.0014096625
2105,0,1,-0.41051078,0.13923001,-0.347743073696094,0.062767714,0.003939786
2106,0,1,0.32193136,-0.033918858,0.2474955430171981,0.074435815,0.0055406904
2107,0,1,-0.22688484,-0.07429838,-0.2081436251382546,0.01874122,0.00035123335
2108,0,1,0.19421387,0.037386417,0.0103927579114988,0.18382111,0.0337902
2109,0,1,-0.0073797703,-0.01866126,-0.1625301832227506,0.15515041,0.02407165
2110,0,1,0.1522696,0.04275441,0.3219554662679367,0.16968587,0.028793294
2111,0,1,-0.29570365,0.005005598,-0.2674910978592493,0.028212547,0.00079594785
2112,0,1,0.24864125,0.018511057,0.1862250990943406,0.06241615,0.0038957759
2113,0,1,-0.17018223,-0.0958755,-0.2435368235946202,0.0733546,0.005380898
2114,0,1,0.22669458,0.027832508,0.2002156269181094,0.026478961,0.0007011354
2115,0,1,-0.18313408,-0.09919357,-0.1479431619253257,0.03519091,0.0012384001
2116,0,1,0.13883829,0.042711496,0.0058864132489069,0.13295189,0.017676204
2117,0,1,-0.003209591,-0.015290737,0.0065439364439825,0.009753527,9.513129e-05
2118,0,1,-0.0038177967,-0.015776634,0.0718312800217129,0.075649075,0.0057227826
2119,0,1,-0.06424999,-0.074373245,-0.0177503706231378,0.04649962,0.0021622148
2120,0,1,0.01865387,0.0007932186,0.0016515610529306,0.017002309,0.0002890785
2121,0,1,0.00070762634,-0.012211084,0.0808527335426401,0.080145106,0.006423238
2122,0,1,-0.072603464,-0.07912135,-0.0103435317892288,0.06225993,0.0038762991
2123,0,1,0.011803865,-0.003958702,0.0804883117490145,0.068684444,0.004717553
2124,0,1,-0.07226586,-0.079087496,-0.2374523713396743,0.16518651,0.027286584
2125,0,1,0.22111511,0.029793024,0.0794747403661668,0.14164037,0.020061992
2126,0,1,-0.07132816,-0.07899666,-0.0300483131957403,0.041279852,0.0017040262
2127,0,1,0.030025244,0.008103371,0.1778674893297971,0.14784224,0.021857329
2128,0,1,-0.1624453,-0.094017744,-0.1805796747148691,0.01813437,0.00032885539
2129,0,1,0.16887784,0.04160714,0.3465766063024955,0.17769876,0.03157685
2130,0,1,-0.31842804,0.031377554,-0.2800416169791631,0.038386434,0.0014735183
2131,0,1,0.26012802,0.011679888,0.0372064763314989,0.22292155,0.049694017
2132,0,1,-0.032194614,-0.040743828,0.0887400664409274,0.12093468,0.014625197
2133,0,1,-0.07990742,-0.07987666,-0.0156265861306716,0.06428083,0.004132025
2134,0,1,0.016689777,-0.00054192543,-0.0223783761255127,0.039068155,0.0015263207
2135,0,1,0.022933722,0.003629446,-0.168857407589182,0.19179113,0.036783837
2136,0,1,0.15809369,0.042500734,0.0522664571995901,0.105827235,0.011199404
2137,0,1,-0.046135902,-0.054663897,-0.1393401073224724,0.0932042,0.008687023
2138,0,1,0.13091254,0.04227066,0.294506546670588,0.16359401,0.026763
2139,0,0,-0.27034855,-0.024308205,0.3415708453130546,0.6119194,0.37444535
2140,0,0,-0.31380987,0.026009321,0.4523390405102074,0.7661489,0.58698416
2141,1,0,0.4571309,0.14548469,0.5599259293088275,0.102795005,0.010566813
2142,1,0,0.5641401,0.2629013,0.3452971985384478,0.2188429,0.047892213
2143,1,0,0.34930086,0.030005217,0.2810649396458382,0.068235934,0.0046561426
2144,1,0,0.28343487,-0.03862953,0.2507329802876623,0.03270188,0.0010694129
2145,1,0,0.25235486,-0.070863724,0.185419637518923,0.06693523,0.0044803247
2146,1,0,0.185498,-0.09569335,0.2036570239491548,0.018159032,0.00032975044
2147,1,0,0.2041564,-0.100049496,0.4545943605539304,0.25043797,0.06271918
2148,1,0,0.459373,0.147933,0.6250044894518978,0.16563147,0.027433785
2149,1,0,0.628906,0.33456087,0.5663837535881862,0.06252223,0.0039090295
2150,1,0,0.57056594,0.2699914,0.493348646349518,0.07721728,0.0059625083
2151,1,0,0.49790692,0.19008422,0.4154080899068808,0.08249882,0.006806055
2152,1,0,0.42042947,0.10548878,0.3706334350222575,0.049796045,0.0024796461
2153,1,0,0.3752973,0.057215452,0.4295281490379521,0.05423084,0.002940984
2154,1,0,0.4344592,0.120761395,0.3241505765452568,0.11030865,0.012167998
2155,1,0,0.32760954,0.007354021,0.4285657890997214,0.10095626,0.010192167
2156,1,0,0.43350315,0.11972022,0.4137555523661222,0.019747585,0.0003899671
2157,1,0,0.41878724,0.1037035,0.3617977746558165,0.05698946,0.0032477987
2158,1,0,0.36623073,0.047717094,0.3480393625724147,0.018191367,0.00033092586
2159,1,0,0.3521142,0.03294611,0.2743362714682384,0.07777792,0.0060494053
2160,1,0,0.2765386,-0.04579091,0.2513683306166925,0.025170267,0.0006335423
2161,1,0,0.25300598,-0.07019067,0.3652618400585203,0.11225587,0.01260138
2162,1,0,0.36978483,0.051439524,0.3367697118211539,0.033015132,0.001089999
2163,1,0,0.34055352,0.020863771,0.5924413997623286,0.25188786,0.06344749
2164,1,0,0.5964968,0.29864573,0.5060657278513196,0.090431094,0.008177782
2165,1,0,0.5105548,0.2039535,0.5253447490011784,0.014789939,0.0002187423
2166,1,0,0.52973294,0.22501588,0.7179000356462883,0.1881671,0.035406854
2167,1,0,0.72135663,0.4376514,0.5700158162369893,0.15134084,0.02290405
2168,1,0,0.5741799,0.27398038,0.6152864465769645,0.04110658,0.001689751
2169,1,0,0.61923385,0.32383013,0.8382043301201532,0.21897048,0.04794807
2170,1,0,0.8389828,0.57250094,0.9086988799118116,0.06971604,0.0048603257
2171,1,0,0.9047868,0.6521914,0.8097667937945823,0.095020056,0.009028811
2172,1,0,0.81244874,0.5404928,0.8972152914573033,0.08476657,0.0071853707
2173,1,0,0.89406466,0.6391766,0.8307341522689078,0.06333053,0.004010756
2174,1,0,0.83201146,0.56408477,0.860466508120521,0.028455019,0.0008096881
2175,1,0,0.85976005,0.5976155,0.8805615422842927,0.020801485,0.00043270175
2176,1,0,0.87851787,0.6203258,0.8777407353627207,0.00077712536,6.039238e-07
2177,1,0,0.8758843,0.61713624,0.7101186602638685,0.16576564,0.027478248
2178,1,0,0.71361375,0.42897987,0.7595967005320188,0.045982957,0.0021144324
2179,1,0,0.76284003,0.48422146,0.7053429194811351,0.057497084,0.0033059146
2180,1,0,0.70886064,0.42366123,0.734884128028201,0.026023507,0.0006772229
2181,1,0,0.7382543,0.45659852,0.7300213900646182,0.008232892,6.77805e-05
2182,1,0,0.7334168,0.45117068,0.8198059769911157,0.086389184,0.007463091
2183,1,0,0.8218148,0.5517833,0.5885239736345009,0.23329079,0.054424595
2184,1,0,0.59259915,0.29433274,0.4888497680836892,0.103749394,0.010763937
2185,1,0,0.49343252,0.18518257,0.4805376602484981,0.012894869,0.00016627765
2186,1,0,0.4851668,0.17613125,0.6597028773789089,0.17453611,0.030462854
2187,1,0,0.66344,0.37295842,0.8690358769590696,0.20559591,0.042269677
2188,1,0,0.86775804,0.6072962,1.098467631277177,0.23070955,0.0532269
2189,1,0,1.0922239,0.8690088,1.0887755041214304,0.0034483671,1.1891236e-05
2190,1,0,1.0825589,0.8578594,1.1090158843082052,0.026457071,0.00069997663
2191,1,0,1.1028945,0.88115335,1.0826872543030013,0.020207286,0.0004083344
2192,1,0,1.0765011,0.850858,1.0778391023561729,0.0013380051,1.7902576e-06
2193,1,0,1.0716784,0.8452866,1.1016490096084737,0.029970646,0.0008982396
2194,1,0,1.0954411,0.87267184,0.995967710927394,0.09947342,0.009894961
2195,1,0,0.990432,0.75149703,0.9900663534134622,0.0003656745,1.3371783e-07
2196,1,0,0.9845898,0.7447603,0.9858740885846448,0.0012843013,1.6494298e-06
2197,1,0,0.9804418,0.7399752,1.1491512752653166,0.16870952,0.028462902
2198,1,0,1.1435597,0.92639184,1.066565456248251,0.07699418,0.005928104
2199,1,0,1.0604699,0.83233714,1.101221544473774,0.040751696,0.0016607007
2200,1,0,1.0950091,0.87217927,1.0524815433293528,0.042527556,0.001808593
2201,1,0,1.0464756,0.8161738,1.2188981142197206,0.17242241,0.029729487
2202,1,0,1.2144458,1.0039046,1.088001847432245,0.12644398,0.01598808
2203,1,0,1.0817893,0.8569696,1.0549308574100364,0.026858449,0.0007213763
2204,1,0,1.0489085,0.8189852,1.0134615027735498,0.035447,0.0012564899
2205,1,0,1.0077612,0.77148795,0.981490155696688,0.026271105,0.000690171
2206,1,0,0.976104,0.7349751,1.03021855507076,0.05411458,0.0029283878
2207,1,0,1.0243766,0.790663,0.9093711703254193,0.11500543,0.01322625
2208,1,0,0.9054148,0.65295434,1.065885050292168,0.16047025,0.0257507
2209,1,0,1.0597937,0.83155656,0.9233251043612092,0.13646859,0.018623676
2210,1,0,0.91866183,0.66878486,0.7656469544192164,0.1530149,0.02341356
2211,1,0,0.7688577,0.49099374,0.8180368113511469,0.049179077,0.0024185816
2212,1,0,0.82016444,0.5497916,0.8402513412597767,0.020086884,0.00040348293
2213,1,0,0.84089303,0.57480884,0.8152678298444616,0.025625229,0.0006566524
2214,1,0,0.81758094,0.5466788,0.8966673131291691,0.07908636,0.006254653
2215,1,0,0.893554,0.63855815,0.739470938788918,0.15408301,0.023741575
2216,1,0,0.7428186,0.46172023,0.6994563773238336,0.0433622,0.0018802804
2217,1,0,0.70300317,0.41711044,0.7211542597262874,0.018151104,0.00032946258
2218,1,0,0.7245939,0.44127965,0.5917580495995938,0.1328358,0.017645352
2219,1,0,0.5958173,0.29789305,0.7427151778409562,0.14689785,0.021578979
2220,1,0,0.7460463,0.46534395,0.8309623893832749,0.084916055,0.0072107366
2221,1,0,0.8322251,0.5643432,0.7919178083887934,0.040307283,0.0016246771
2222,1,0,0.79498506,0.52044415,0.838392455723453,0.04340738,0.0018842007
2223,1,0,0.8391578,0.57271314,0.861952742976587,0.022794902,0.00051960757
2224,1,0,0.8611467,0.5992935,1.0519838554559633,0.19083714,0.036418814
2225,1,0,1.0459816,0.8156049,1.0346988014566354,0.011282802,0.00012730161
2226,1,0,1.0288222,0.7957928,1.0469793744566416,0.018157244,0.0003296855
2227,1,0,1.0410111,0.80986476,1.0514069163605124,0.010395765,0.00010807194
2228,1,0,1.0454075,0.8149421,1.032703265099434,0.012704253,0.00016139804
2229,1,0,1.0268419,0.7935078,0.971379815053353,0.055462062,0.0030760404
2230,1,0,0.96610427,0.72344756,0.9888856281973362,0.022781372,0.0005189909
2231,1,0,0.98342156,0.7434132,1.0457013083519917,0.0622797,0.003878761
2232,1,0,1.0397427,0.8084004,0.967115895840124,0.07262683,0.005274656
2233,1,0,0.96189,0.7185886,0.9625765213595224,0.0006865263,4.7131834e-07
2234,1,0,0.9574034,0.7134173,0.8921097145457284,0.06529373,0.004263271
2235,1,0,0.8892982,0.63339496,0.9251034708789984,0.035805285,0.0012820184
2236,1,0,0.92041516,0.67080474,0.8269717129928105,0.09344345,0.008731679
2237,1,1,0.8285005,0.55984855,-0.7034214442256119,1.531922,2.346785
2238,1,1,-0.7056589,-0.416461,0.6390192632752707,1.3446782,1.8081594
2239,1,1,0.64285445,0.35005403,-0.6096723972397351,1.2525268,1.5688233
2240,0,1,0.5578456,-0.30302954,0.6389128409535556,0.081067264,0.0065719015
2241,0,1,-0.5862987,0.34993792,-0.4848784303898434,0.10142028,0.010286074
2242,0,1,0.44615865,-0.16160107,0.3899378582472996,0.0562208,0.0031607784
2243,0,1,-0.3584032,0.07799888,-0.3388593968587368,0.019543797,0.00038195998
2244,0,1,0.313838,-0.027156353,0.3986973752569258,0.08485937,0.007201113
2245,0,1,-0.36647105,0.08744478,-0.3660793972563589,0.00039166212,1.5339921e-07
2246,0,1,0.33862114,-0.048553705,0.1770369716211157,0.16158417,0.026109444
2247,0,1,-0.16167521,-0.093838215,-0.0728973949959495,0.08877782,0.007881501
2248,0,1,0.069619894,0.027994633,0.1124975950377136,0.042877704,0.0018384975
2249,0,1,-0.101908684,-0.08263779,-0.0499903291367469,0.051918354,0.0026955155
2250,0,1,0.048458338,0.018432856,0.1107795406915022,0.0623212,0.003883932
2251,0,1,-0.10031819,-0.08241439,-0.1236358725370609,0.02331768,0.0005437142
2252,0,1,0.11643815,0.040652037,0.0680229966805128,0.048415154,0.0023440272
2253,0,1,-0.06072426,-0.070393085,-0.0819337946895037,0.021209538,0.0004498445
2254,0,1,0.07796359,0.031098604,0.0872409109276595,0.009277321,8.606869e-05
2255,0,1,-0.078519106,-0.07972741,-0.0202987773755571,0.058220327,0.0033896065
2256,0,1,0.021010399,0.0023682117,-0.0397298187629036,0.060740218,0.003689374
2257,0,1,0.038975,0.013352156,0.0796319580065483,0.040656954,0.0016529879
2258,0,1,-0.07147336,-0.079010725,-0.1427265795116983,0.071253225,0.005077022
2259,0,1,0.13403296,0.042481184,0.0131717174180563,0.12086125,0.014607441
2260,0,1,-0.009950638,-0.020788908,0.0158767594523041,0.025827397,0.00066705444
2261,0,1,-0.012453079,-0.022897005,0.0039771247872906,0.016430203,0.00026995156
2262,0,1,-0.0014438629,-0.013892174,-0.0117220973429192,0.010278234,0.0001056421
2263,0,1,0.013078928,-0.003054142,-0.1071542053354428,0.12023313,0.014456007
2264,0,1,0.10123873,0.037802696,0.0837689104749537,0.017469816,0.00030519447
2265,0,1,-0.07530379,-0.07939029,0.0818280234844195,0.15713182,0.024690408
2266,0,1,-0.07350659,-0.079209805,-0.0357783812946679,0.037728213,0.001423418
2267,0,1,0.035322666,0.011264086,0.2242366458294671,0.18891399,0.035688493
2268,0,1,-0.20536613,-0.09279704,-0.1435996672482118,0.06176646,0.0038150956
2269,0,1,0.13483691,0.04252839,0.0315000407676802,0.10333687,0.010678509
2270,0,1,-0.02691269,-0.035753965,0.0864053982548052,0.113318086,0.012840988
2271,0,1,-0.0777452,-0.079645395,-0.0869102454184513,0.009165049,8.3998115e-05
2272,0,1,0.0825572,0.032649755,-0.0020321157139573,0.08458932,0.0071553527
2273,0,1,0.0041151047,-0.009602547,-0.0480225965864451,0.052137703,0.0027183401
2274,0,1,0.046639442,0.017497301,-0.0973051672803229,0.1439446,0.02072005
2275,0,1,0.0921514,0.035525322,0.0972806440620424,0.0051292405,2.6309108e-05
2276,0,1,-0.08781719,-0.08078575,-0.1775672359562876,0.08975004,0.0080550695
2277,0,1,0.16610646,0.04188943,0.0709542175826389,0.095152244,0.009053949
2278,0,1,-0.0634377,-0.07345104,-0.0881171681383667,0.024679467,0.0006090761
2279,0,1,0.08367181,0.033008575,0.0839779078485523,0.00030609965,9.3697e-08
2280,0,1,-0.07549763,-0.07941127,-0.0262460032387079,0.049251623,0.0024257223
2281,0,1,0.026510239,0.0059194565,0.0440904404362147,0.0175802,0.00030906344
2282,0,1,-0.03856659,-0.046970844,-0.1694922056412435,0.13092561,0.017141515
2283,0,1,0.15867734,0.042467356,0.1927773969444275,0.034100056,0.0011628137
2284,0,1,-0.17624807,-0.09739828,-0.28302210782565,0.10677403,0.011400694
2285,0,1,0.2628548,0.009977818,0.2802194729796352,0.017364651,0.0003015311
2286,0,1,-0.2571447,-0.039528847,-0.3357160219744504,0.07857132,0.0061734524
2287,0,1,0.3109727,-0.024815798,0.3250291654940089,0.014056474,0.00019758446
2288,0,1,-0.29854083,0.0082941055,-0.2658465846624254,0.03269425,0.001068914
2289,0,1,0.2471354,0.019364834,0.1887779867757859,0.058357418,0.0034055882
2290,0,1,-0.17254639,-0.09646225,-0.2099289356487017,0.037382543,0.0013974545
2291,0,1,0.19585419,0.037014008,0.0197014198454468,0.17615277,0.031029796
2292,0,1,-0.015992641,-0.025935173,-0.074463101931046,0.058470458,0.0034187944
2293,0,1,0.071065426,0.028559685,0.0653521839118864,0.0057132393,3.2641103e-05
2294,0,1,-0.058250904,-0.067643404,-0.1529098714334691,0.09465897,0.008960321
2295,0,1,0.14341164,0.042824507,0.2246696959406131,0.08125806,0.006602872
2296,0,1,-0.20576763,-0.0926168,-0.0968055869296673,0.108962044,0.011872727
2297,0,1,0.09169054,0.035398245,0.1605613288230234,0.06887078,0.004743185
2298,0,1,-0.14641976,-0.090461254,-0.1968116828876036,0.050391912,0.0025393448
2299,0,1,0.18380213,0.03947425,0.0965952225889918,0.08720691,0.0076050446
2300,0,1,-0.08718252,-0.080709696,-0.1701431935017296,0.082960665,0.006882472
2301,0,1,0.15927672,0.042429924,0.3040829342635036,0.1448062,0.020968838
2302,0,1,-0.27919626,-0.014092207,-0.2045534644504614,0.07464279,0.0055715465
2303,0,1,0.19091558,0.03810072,0.2751646512639332,0.08424908,0.0070979074
2304,0,1,-0.25247264,-0.044909,-0.2666034739238561,0.014130831,0.00019968038
2305,0,1,0.24782848,0.018973112,0.1630265295194295,0.08480196,0.007191372
2306,0,1,-0.14870262,-0.09094334,-0.2149356020257329,0.06623298,0.0043868073
2307,0,1,0.20045137,0.035904884,0.2096493157249068,0.009197935,8.460202e-05
2308,0,1,-0.19186544,-0.098869324,-0.022802867563767,0.16906258,0.028582158
2309,0,1,0.023326397,0.0038836002,0.1445159430225047,0.12118955,0.014686907
2310,0,1,-0.13156152,-0.08751416,-0.119048263424689,0.012513258,0.00015658162
2311,0,1,0.11220837,0.039978504,0.1442811011463751,0.032072738,0.0010286606
2312,0,1,-0.13134384,-0.08747411,-0.2144505282517466,0.08310668,0.0069067203
2313,0,1,0.20000577,0.036016226,0.2233753247962844,0.02336955,0.0005461359
2314,0,1,-0.2045691,-0.09315443,-0.1484617580324769,0.056107342,0.0031480337
2315,0,1,0.13931608,0.042727947,0.2256886730484892,0.086372584,0.0074602235
2316,0,1,-0.20671034,-0.092194796,-0.1989884303784275,0.007721901,5.9627753e-05
2317,0,1,0.18580174,0.039111376,0.0024056018432276,0.18339615,0.033634145
2318,0,1,1.0251999e-05,-0.012754202,-0.074177551851795,0.0741878,0.0055038296
2319,0,1,0.070801735,0.028457403,0.005766862329172,0.065034874,0.004229535
2320,0,1,-0.00309968,-0.015202761,0.0132548081062169,0.016354488,0.0002674693
2321,0,1,-0.010027409,-0.020853996,-0.1471235075365604,0.13709609,0.01879534
2322,0,1,0.13808322,0.042682886,0.1561594645349351,0.018076241,0.00032675048
2323,0,1,-0.14234376,-0.08961916,-0.059069046473084,0.083274715,0.006934678
2324,0,1,0.056846857,0.022515059,0.1816218096218746,0.12477495,0.015568787
2325,0,1,-0.16592097,-0.094841,-0.2534294862140873,0.0875085,0.0076577375
2326,0,1,0.23576188,0.024375677,0.2266383530110038,0.009123534,8.323887e-05
2327,0,1,-0.20758915,-0.09180188,-0.2073223436022515,0.0002668053,7.118506e-08
2328,0,1,0.19345927,0.037554264,0.2693409818384991,0.07588172,0.0057580355
2329,0,1,-0.24708772,-0.051103354,-0.2125940685429843,0.034493655,0.0011898122
2330,0,1,0.19830084,0.036435366,0.2035225243625955,0.00522168,2.726594e-05
2331,0,1,-0.1861949,-0.10001588,-0.1727588517793785,0.013436049,0.00018052742
2332,0,1,0.16168284,0.04226446,0.2972693572921696,0.1355865,0.018383699
2333,0,1,-0.27290106,-0.021362305,-0.3623153237292724,0.08941427,0.007994912
2334,0,1,0.33519602,-0.045476913,0.2575960110179029,0.0776,0.0060217604
2335,0,1,-0.23622775,-0.06358147,-0.0512479700118153,0.18497978,0.034217518
2336,0,1,0.04962015,0.019021034,-0.0772148304363962,0.12683499,0.016087115
2337,0,1,0.07360625,0.029524565,0.1453711211254686,0.07176487,0.0051501966
2338,0,1,-0.1323533,-0.08766246,-0.1626094549226477,0.030256152,0.00091543474
2339,0,1,0.15234232,0.04275179,0.2070846791862051,0.054742366,0.0029967267
2340,0,0,-0.18949175,-0.099942446,-0.002231584044035,0.18726017,0.03506637
2341,0,0,0.004300356,-0.009463549,-0.2539852838753345,0.25828564,0.06671147
2342,0,0,0.23627138,0.024170876,-0.2414388026112419,0.4777102,0.22820702
2343,0,0,0.22477078,0.02852273,-0.157053872082947,0.38182467,0.14579009
2344,0,0,0.14722872,0.042841196,-0.2414034733547039,0.38863218,0.15103497
2345,0,0,0.22473764,0.02853489,-0.1945673566269841,0.419305,0.17581668
2346,1,0,-0.20055532,0.03982997,-0.1657336671905303,0.03482166,0.001212548
2347,1,0,-0.17149353,0.042645216,-0.1468328677262604,0.024660662,0.0006081482
2348,1,0,-0.15241861,0.04267168,-0.1330510431851075,0.019367576,0.00037510297
2349,1,0,-0.13849735,0.041749477,-0.2043140823414591,0.06581673,0.004331842
2350,1,0,-0.21036816,0.038146496,-0.1891653874191261,0.021202773,0.00044955758
2351,1,0,-0.19511342,0.0406065,-0.2448559886023504,0.049742565,0.0024743227
2352,1,0,-0.25112653,0.027391434,-0.1475562463812747,0.10357028,0.010726803
2353,1,0,-0.15314841,0.04269862,-0.1087582308665373,0.04439018,0.001970488
2354,1,0,-0.11393595,0.03813219,-0.1170519911540184,0.0031160414,9.7097145e-06
2355,1,0,-0.12232399,0.039655924,-0.1759472371341597,0.053623244,0.0028754524
2356,1,0,-0.1817925,0.042026043,-0.1545207883635773,0.027271703,0.00074374577
2357,1,0,-0.16017866,0.042840004,-0.2296711789781098,0.06949252,0.00482921
2358,1,0,-0.23587298,0.032110214,-0.1104404072005218,0.12543258,0.015733331
2359,1,0,-0.11563802,0.0384655,-0.1417205660115166,0.026082546,0.0006802992
2360,1,0,-0.14725566,0.042423725,-0.2002067820819806,0.052951127,0.0028038218
2361,1,0,-0.20623374,0.038900375,-0.1065879898359196,0.09964575,0.009929275
2362,1,0,-0.111739874,0.037682533,-0.2030711017631028,0.09133123,0.008341393
2363,1,0,-0.2091167,0.038381338,-0.1860014369822562,0.023115262,0.00053431536
2364,1,0,-0.19192624,0.04100895,-0.2026396649901598,0.010713428,0.00011477755
2365,1,0,-0.20868254,0.038461685,-0.1114056987917586,0.09727684,0.009462783
2366,1,0,-0.11661339,0.03865218,-0.1602399027175494,0.043626517,0.0019032729
2367,1,0,-0.16595078,0.042805433,-0.1766091265852551,0.010658354,0.0001136005
2368,1,0,-0.18246031,0.041971207,-0.1814700180096773,0.0009902865,9.806673e-07
2369,1,0,-0.18736005,0.041516066,-0.160578611438483,0.02678144,0.0007172455
2370,1,0,-0.16629243,0.04279971,-0.0646407821636163,0.101651646,0.0103330575
2371,1,0,-0.06925464,0.024829388,-0.0539270917841263,0.015327547,0.00023493369
2372,1,0,-0.058390856,0.020249605,-0.1079046377362162,0.04951378,0.0024516145
2373,1,0,-0.11307168,0.037958384,-0.1816237872004809,0.06855211,0.0046993913
2374,1,0,-0.18751454,0.04150033,-0.214435167441553,0.026920617,0.0007247196
2375,1,0,-0.2205522,0.036020517,-0.2755179903896834,0.054965794,0.0030212386
2376,1,0,-0.2818873,0.014205217,-0.236091947613505,0.04579535,0.002097214
2377,1,0,-0.24232459,0.030212402,-0.0910896079717695,0.15123498,0.022872021
2378,1,0,-0.09605241,0.033864737,-0.210784815537524,0.114732414,0.013163527
2379,1,0,-0.21687984,0.036830425,-0.2750149270260498,0.058135092,0.003379689
2380,1,0,-0.2813828,0.014481306,-0.3853193013579226,0.10393649,0.010802794
2381,1,0,-0.39153647,-0.064830065,-0.165635013656237,0.22590145,0.051031467
2382,1,0,-0.17139411,0.0426507,-0.1516641654938606,0.019729942,0.0003892706
2383,1,0,-0.1572957,0.04280591,-0.1339220741353135,0.023373634,0.00054632674
2384,1,0,-0.13937712,0.041831493,-0.1406814187157192,0.0013042986,1.701195e-06
2385,1,0,-0.1462059,0.042359114,0.0873290194725733,0.23353493,0.054538563
2386,1,0,0.08530259,-0.07973671,-0.1663148549248743,0.25161743,0.06331133
2387,1,0,-0.17207956,0.042622328,-0.251295350783471,0.079215795,0.006275142
2388,1,0,-0.25759125,0.02514863,-0.3513715994040498,0.09378034,0.008794752
2389,1,0,-0.35772324,-0.036744356,-0.4735775601732719,0.11585432,0.013422224
2390,1,0,-0.47905278,-0.149719,-0.3719802891364447,0.1070725,0.01146452
2391,1,0,-0.37825966,-0.0534482,-0.1206621152387503,0.25759754,0.06635649
2392,1,0,-0.12597442,0.040225506,-0.3277933179946779,0.20181891,0.040730875
2393,1,0,-0.33419156,-0.019042969,-0.4069528125184352,0.07276124,0.0052941977
2394,1,0,-0.41304135,-0.08417511,-0.2378979617880534,0.17514339,0.030675208
2395,1,0,-0.24413896,0.029653072,-0.2183638037807029,0.02577515,0.0006643583
2396,1,0,-0.22450376,0.035092115,-0.1561730774723155,0.068330675,0.0046690814
2397,1,0,-0.1618464,0.04284334,0.0382766574895558,0.20012306,0.040049236
2398,1,0,0.035315037,-0.041697025,-0.0464521922488803,0.08176723,0.00668588
2399,1,0,-0.050807238,0.016737223,-0.2173128283353573,0.16650559,0.027724111
2400,1,0,-0.22344685,0.03534627,-0.4042142025269468,0.18076736,0.03267684
2401,1,0,-0.41032147,-0.08166838,-0.342726012283431,0.06759545,0.004569145
2402,1,0,-0.34909916,-0.030072689,-0.2685820574456712,0.08051711,0.0064830054
2403,1,0,-0.27493405,0.017938852,-0.133976535103955,0.14095752,0.019869022
2404,1,0,-0.1394329,0.04183674,-0.2410825371322058,0.10164963,0.010332647
2405,1,0,-0.24733734,0.028638601,-0.2306323497044706,0.016704991,0.00027905675
2406,1,0,-0.23683858,0.03183508,-0.1496007599922064,0.08723782,0.0076104375
2407,1,0,-0.15521312,0.042761326,0.1094400035955969,0.26465312,0.07004127
2408,1,0,0.107861996,-0.08224177,0.1283168226355884,0.020454824,0.0004183998
2409,1,0,0.12713504,-0.08488107,0.1949041583600239,0.067769125,0.0045926543
2410,1,0,0.19520068,-0.09790397,0.1506783904907735,0.044522285,0.001982234
2411,1,0,0.14997935,-0.08860588,0.0558528359554659,0.09412652,0.008859802
2412,1,0,0.05321598,-0.0581398,-0.150338531887336,0.20355451,0.04143444
2413,1,0,-0.15595722,0.042779446,0.0385572070911597,0.19451442,0.037835862
2414,1,0,0.03560114,-0.04194784,-0.1256345718381233,0.1612357,0.025996953
2415,1,0,-0.13100171,0.04091811,-0.0160233336610544,0.11497837,0.013220026
2416,1,0,-0.01991272,-0.00029063225,0.0293395874383408,0.04925231,0.0024257898
2417,1,0,0.026217699,-0.033905506,0.0035872399425929,0.022630459,0.00051213766
2418,0,0,-0.0010828972,-0.013608456,-0.0781279100249601,0.077045016,0.0059359344
2419,0,0,0.07444954,0.029837132,0.050449649287473,0.023999888,0.00057599467
2420,0,0,-0.04445386,-0.05292797,0.0575704677602391,0.10202433,0.010408964
2421,0,0,-0.051045895,-0.059826374,0.0350474649693088,0.08609336,0.007412066
2422,0,0,-0.030196428,-0.038838387,-0.1192486729626902,0.089052245,0.007930302
2423,0,0,0.11239362,0.04001069,-0.1138733435695753,0.22626695,0.05119673
2424,0,0,0.10743618,0.039108276,-0.0601707318159103,0.16760692,0.028092079
2425,0,0,0.05786395,0.022984266,-0.1822401979470966,0.24010415,0.057650004
2426,0,0,0.17040515,0.04143572,-0.1501161653767382,0.3205213,0.1027339
2427,0,0,0.14083982,0.04277444,-0.3674902232655976,0.50833005,0.25839943
2428,1,0,-0.37378788,-0.049715757,-0.3464741282626171,0.027313739,0.0007460403
2429,1,0,-0.35283828,-0.03293991,-0.2721611619221407,0.08067712,0.006508798
2430,1,0,-0.27852225,0.016033411,-0.2802191641882743,0.0016969144,2.8795187e-06
2431,1,0,-0.2865982,0.011578798,-0.2730423987726693,0.013555795,0.00018375958
2432,1,0,-0.27940536,0.015556335,-0.2683917910588662,0.011013567,0.00012129867
2433,1,0,-0.27474308,0.01803875,-0.2239161575028427,0.050826922,0.002583376
2434,1,0,-0.23008752,0.033685684,-0.3377813437004033,0.10769382,0.011597959
2435,1,0,-0.34416437,-0.026350737,-0.2889088664661683,0.055255502,0.0030531706
2436,1,0,-0.2953019,0.006529093,-0.46943114775515,0.17412925,0.030320995
2437,1,0,-0.47495413,-0.14540958,-0.570630981171083,0.09567684,0.009154057
2438,1,0,-0.575232,-0.25715828,-0.567852063469831,0.007379949,5.446365e-05
2439,1,0,-0.5724852,-0.2539382,-0.5942924562497782,0.021807253,0.0004755563
2440,1,0,-0.5985887,-0.28482604,-0.5569313558807711,0.04165733,0.001735333
2441,1,0,-0.56168675,-0.24135375,-0.4643959469914058,0.097290814,0.009465503
2442,1,0,-0.469975,-0.14021373,-0.4530467551290176,0.016928226,0.0002865648
2443,1,0,-0.4587469,-0.12865639,-0.486302287924389,0.027555376,0.00075929874
2444,1,0,-0.49162102,-0.16311169,-0.4345644870764382,0.057056516,0.003255446
2445,1,0,-0.4404397,-0.11032581,-0.4223861849676518,0.018053502,0.00032592894
2446,1,0,-0.4283626,-0.098600864,-0.5916812912319172,0.1633187,0.026672997
2447,1,0,-0.5960133,-0.2817514,-0.7129993385963407,0.11698604,0.013685733
2448,1,0,-0.7150028,-0.42819142,-0.8100805261033774,0.09507775,0.009039779
2449,1,0,-0.8092065,-0.5471511,-0.708263881529998,0.10094261,0.010189411
2450,1,1,-0.71038413,-0.42239046,0.4868290700834379,1.1972132,1.4333193
2451,1,1,0.49142337,0.18298173,-0.3781905205584128,0.8696139,0.7562283
2452,1,1,-0.38444257,-0.058693647,0.3439822355085136,0.7284248,0.5306027
2453,1,1,0.34795213,0.028594255,-0.2540391064766587,0.60199124,0.36239344
2454,0,1,0.23632002,0.024151802,0.3940086318295859,0.15768862,0.0248657
2455,0,1,-0.3621528,0.082387924,-0.1343875054816536,0.2277653,0.051877037
2456,0,1,0.12634897,0.041873932,0.1041052001382842,0.022243775,0.00049478555
2457,0,1,-0.09413695,-0.08157992,-0.1232542387748654,0.029117286,0.00084781635
2458,0,1,0.1160872,0.040599585,0.139720180751492,0.023632988,0.00055851816
2459,0,1,-0.12711978,-0.08669877,-0.1348435565552708,0.0077237785,5.9656755e-05
2460,0,1,0.12676907,0.0419147,0.2450523467134191,0.11828329,0.013990936
2461,0,1,-0.22462487,-0.07688975,-0.3063411620303089,0.0817163,0.0066775535
2462,0,1,0.28416944,-0.0043489933,0.2179142239682989,0.06625521,0.004389753
2463,0,1,-0.19951558,-0.09542203,-0.4435992984225323,0.2440837,0.059576854
2464,0,1,0.40891457,-0.119208574,0.3889994270429224,0.019915134,0.00039661254
2465,0,1,-0.35753894,0.07698798,-0.6450423418395013,0.28750342,0.08265822
2466,0,1,0.58922887,-0.34541893,0.5384780623166643,0.050750792,0.002575643
2467,0,1,-0.4947636,0.23938799,-0.5154607530470958,0.020697117,0.00042837064
2468,0,1,0.47365856,-0.19467616,0.5210111171270078,0.047352552,0.002242264
2469,0,1,-0.47878385,0.22027802,-0.6223653155933517,0.14358145,0.020615634
2470,0,1,0.56912255,-0.31816483,0.5705440022944521,0.0014214516,2.0205246e-06
2471,0,1,-0.5240543,0.2745602,-0.3959783986525318,0.1280759,0.016403435
2472,0,1,0.3657837,-0.074229956,0.2338908612586769,0.13189283,0.017395718
2473,0,1,-0.2142992,-0.0887146,-0.1744970985041671,0.039802104,0.0015842075
2474,0,1,0.16328216,0.04213953,0.2134509586700215,0.050168797,0.0025169083
2475,0,1,-0.1953845,-0.097281456,-0.1331334714623007,0.06225103,0.0038751909
2476,0,1,0.12519407,0.04175687,0.21804636561329,0.092852294,0.008621548
2477,0,1,-0.19963837,-0.09536791,-0.2224067018312077,0.022768334,0.000518397
2478,0,1,0.2073102,0.034078836,0.2378247553088464,0.030514553,0.00093113794
2479,0,1,-0.21793914,-0.084548,-0.2511333714335513,0.033194244,0.0011018579
2480,0,1,0.2336576,0.025207043,0.2683858729515007,0.03472829,0.001206054
2481,0,1,-0.24620533,-0.052118063,-0.1236038237576395,0.12260151,0.01503113
2482,0,1,0.11640906,0.04064727,0.2428208028394021,0.12641174,0.015979927
2483,0,1,-0.2225616,-0.07925463,-0.2451375538875133,0.02257596,0.00050967396
2484,0,1,0.22816133,0.027296066,0.1634258272117255,0.0647355,0.004190685
2485,0,1,-0.14907265,-0.091022015,-0.1656411135451647,0.016568467,0.0002745141
2486,0,1,0.15513301,0.042649746,0.1454963920291287,0.009636611,9.286427e-05
2487,0,1,-0.13246894,-0.087684155,-0.1277324024388164,0.0047365427,2.2434837e-05
2488,0,1,0.12021494,0.041176558,0.1261347896130571,0.005919844,3.504455e-05
2489,0,1,-0.11453843,-0.08455181,-0.248809692677979,0.13427126,0.018028772
2490,0,1,0.2315278,0.026031256,0.3441051243733102,0.11257732,0.012673653
2491,0,1,-0.31614804,0.028727293,-0.2962417277141953,0.019906312,0.00039626125
2492,0,1,0.27494168,0.0020725727,0.0278774946974018,0.24706419,0.061040714
2493,0,1,-0.023559809,-0.032669067,-0.1993672112770346,0.1758074,0.030908242
2494,0,1,0.18615007,0.039046288,0.1633499463036645,0.022800133,0.00051984604
2495,0,1,-0.14900231,-0.09100747,0.0178476169973063,0.16684993,0.027838897
2496,0,1,-0.014277697,-0.024452925,-0.0800369834399208,0.06575929,0.004324284
2497,0,1,0.076212645,0.030478239,0.3003167507344089,0.2241041,0.05022265
2498,0,1,-0.27571702,-0.018110752,-0.1679696381230466,0.107747376,0.0116094975
2499,0,1,0.15727544,0.042546272,0.087324976050136,0.06995046,0.004893067
2500,0,1,-0.078597546,-0.07973552,0.0699227918791018,0.14852034,0.02205829
2501,0,1,-0.062483072,-0.07237077,-0.0789518841931409,0.016468816,0.00027122188
2502,0,1,0.07521033,0.030115843,-0.0428349775666299,0.118045315,0.013934696
2503,0,1,0.0418458,0.014941692,-0.0447293732753273,0.08657517,0.0074952603
2504,0,1,0.043596745,0.015890121,0.1875495834435594,0.14395283,0.020722417
2505,0,1,-0.17140889,-0.09617996,-0.1594864740745474,0.011922419,0.00014214408
2506,0,1,0.14946723,0.042816877,0.0357577973978835,0.113709435,0.012929835
2507,0,1,-0.030853271,-0.03946185,-0.0223712850192088,0.008481987,7.19441e-05
2508,0,1,0.022926807,0.0036239624,0.0216925221880011,0.0012342855,1.5234608e-06
2509,0,1,-0.017835617,-0.02754569,0.0722892373620265,0.09012485,0.008122489
2510,0,1,-0.064674616,-0.07485604,-0.0756864099773637,0.011011794,0.00012125961
2511,0,1,0.07219505,0.028992891,0.0580067305208098,0.014188323,0.00020130852
2512,0,1,-0.051449776,-0.06025672,0.0005528741205647,0.05200265,0.0027042755
2513,0,1,0.0017240047,-0.011426926,0.0170254405043226,0.015301436,0.00023413394
2514,0,1,-0.013515949,-0.023801088,0.0219594594133218,0.03547541,0.0012585048
2515,0,1,-0.018082619,-0.027761698,0.0518027150637392,0.06988533,0.004883959
2516,0,1,-0.045706272,-0.05421996,-0.0364009641416216,0.0093053095,8.6588785e-05
2517,0,1,0.03589821,0.011598349,-0.0068907121719443,0.042788923,0.0018308919
2518,0,1,0.008610487,-0.0062634945,0.098517765515683,0.08990728,0.008083319
2519,0,1,-0.08896232,-0.08092499,-0.0104189713171893,0.07854334,0.0061690565
2520,0,1,0.0118739605,-0.003908634,0.0365217055379103,0.024647746,0.0006075114
2521,0,1,-0.031560183,-0.040136576,0.0697510025397649,0.101311184,0.010263956
2522,0,1,-0.062324286,-0.072190285,-0.0198356752490105,0.042488612,0.0018052822
2523,0,1,0.020582914,0.0020840168,0.010619831711661,0.009963083,9.926302e-05
2524,0,1,-0.0075900555,-0.01883459,0.0012457605772322,0.008835816,7.8071644e-05
2525,0,1,0.0010838509,-0.011921167,-0.0993067394523188,0.10039059,0.010078271
2526,0,1,0.09399843,0.0360229,-0.0054893533502111,0.09948779,0.00989782
2527,0,1,0.0073139668,-0.0072155,-0.2007582616676457,0.20807223,0.043294054
2528,0,1,0.18742895,0.038802862,0.0574769593587958,0.12995198,0.016887518
2529,0,1,-0.050959587,-0.059733868,0.066424311867308,0.1173839,0.013778979
2530,0,1,-0.05924344,-0.06874323,-0.1467175721304556,0.08747414,0.007651725
2531,0,1,0.13770938,0.042667866,0.2709301815896072,0.13322079,0.017747778
2532,0,1,-0.24855804,-0.049412727,-0.2975919523430574,0.04903391,0.0024043242
2533,0,1,0.27617598,0.0012333393,0.2901090266482353,0.013933063,0.00019413023
2534,0,1,-0.26628494,-0.02899599,-0.0638682398901919,0.2024167,0.040972523
2535,0,1,0.06127906,0.024517775,0.0040073004525003,0.057271756,0.003280054
2536,0,1,-0.0014717579,-0.013913155,0.0244414623224047,0.02591322,0.000671495
2537,0,1,-0.020380259,-0.029799938,-0.1696972429858667,0.14931698,0.02229556
2538,0,1,0.15886593,0.04245448,0.1803787687985987,0.021512836,0.00046280213
2539,0,1,-0.16476917,-0.09456515,-0.2649491037118685,0.10017994,0.010036021
2540,0,1,0.24631333,0.019827127,0.3505065979021791,0.10419327,0.010856237
2541,0,1,-0.3220539,0.03559327,-0.3512040709420221,0.029150158,0.00084973173
2542,0,1,0.3250835,-0.036612988,0.181855121957748,0.14322837,0.020514365
2543,0,1,-0.1661365,-0.09489226,-0.1229355939862117,0.04320091,0.0018663186
2544,0,1,0.11579275,0.04055524,0.2143654925170222,0.098572746,0.009716586
2545,0,1,-0.19623137,-0.09690094,-0.170599803383483,0.025631562,0.00065697695
2546,0,1,0.1596961,0.04240322,0.013238613761541,0.1464575,0.021449797
2547,0,1,-0.010012627,-0.020840883,-0.0456084677793819,0.03559584,0.0012670639
2548,0,1,0.04440832,0.016324043,0.0041722200055245,0.0402361,0.0016189438
2549,0,1,-0.0016241074,-0.014034033,-0.0954412348329407,0.09381713,0.008801654
2550,0,1,0.09043169,0.035045147,0.0830227453886034,0.0074089468,5.489249e-05
2551,0,1,-0.074612856,-0.079321146,-0.0742789515987065,0.00033390522,1.11492696e-07
2552,0,1,0.070895195,0.028493643,0.0959645716316641,0.025069378,0.0006284737
2553,0,1,-0.08659768,-0.0806396,-0.2212556320847274,0.13465795,0.018132763
2554,0,1,0.20625353,0.03437352,0.0165195953823369,0.18973394,0.035998967
2555,0,1,-0.013048649,-0.023402452,0.0036990889138919,0.016747737,0.0002804867
2556,0,1,-0.0011863708,-0.01368928,0.1491996628153495,0.15038604,0.02261596
2557,0,1,-0.13589835,-0.08833885,0.0163475753842305,0.15224592,0.023178821
2558,0,1,-0.012889624,-0.02326703,-0.0408127383008687,0.027923115,0.00077970035
2559,0,1,0.03997636,0.013912201,0.0822412234001044,0.042264864,0.0017863187
2560,0,1,-0.073889494,-0.07924795,0.0779807910742884,0.15187028,0.023064582
2561,0,1,-0.06994414,-0.078864574,-0.055074818077565,0.014869325,0.00022109682
2562,0,1,0.05315566,0.020766258,-0.0923657856851885,0.14552145,0.021176491
2563,0,0,0.08759308,0.03421974,-0.0123589118162028,0.09995199,0.009990401
2564,0,0,0.01366806,-0.002639532,0.0773711380986332,0.063703075,0.0040580817
2565,0,0,-0.06938052,-0.078813076,-0.080636409573684,0.01125589,0.00012669506
2566,0,0,0.076765776,0.030676842,-0.3010189000126821,0.37778467,0.14272125
2567,0,0,0.2793076,-0.00092482567,-0.2475455482352404,0.52685314,0.27757424
2568,0,0,0.23036885,0.026471853,-0.1764461750106076,0.40681502,0.16549847
2569,1,0,-0.1822958,0.041984797,-0.099380117591211,0.08291568,0.0068750097
2570,1,0,-0.104445696,0.03604102,-0.2471972615970292,0.14275156,0.020378008
2571,1,0,-0.2534778,0.026592016,-0.2228363598586646,0.030641451,0.00093889853
2572,1,0,-0.2290008,0.03396821,-0.2622082620711254,0.033207446,0.0011027345
2573,1,0,-0.2685418,0.021031857,-0.1358925302699067,0.13264929,0.017595833
2574,1,0,-0.14136839,0.042005777,-0.1084134730654864,0.032954916,0.0010860265
2575,1,0,-0.113586664,0.038062334,-0.1431106135251232,0.029523954,0.00087166385
2576,1,0,-0.14865923,0.042502165,-0.3221301634749309,0.17347094,0.030092169
2577,1,0,-0.32853365,-0.015028954,-0.3186121328047337,0.009921521,9.8436576e-05
2578,1,0,-0.32501793,-0.012583017,-0.2885499071811139,0.03646803,0.0013299171
2579,1,0,-0.29494262,0.0067431927,-0.4190302929501723,0.12408766,0.015397748
2580,1,0,-0.42503285,-0.09542227,-0.3051940677567333,0.119838774,0.014361332
2581,1,0,-0.3116014,-0.0036034584,-0.3349657729151269,0.023364365,0.00054589356
2582,1,0,-0.34135365,-0.024261236,-0.2873698373286246,0.053983808,0.0029142515
2583,1,0,-0.29376101,0.007442713,-0.3017654034441381,0.008004397,6.407037e-05
2584,1,0,-0.30817127,-0.0013995171,-0.4618406888684863,0.15366942,0.02361429
2585,1,0,-0.46744847,-0.13759232,-0.5917814109153459,0.124332964,0.015458686
2586,1,0,-0.59611225,-0.28186965,-0.5253035405790674,0.07080871,0.0050138733
2587,1,0,-0.5303538,-0.20558023,-0.4044491459883903,0.12590465,0.01585198
2588,1,0,-0.41055512,-0.08188319,-0.3382090637412971,0.07234606,0.005233953
2589,1,0,-0.34459138,-0.02666974,-0.3105877386415154,0.034003645,0.0011562479
2590,1,0,-0.31699586,-0.0071468353,-0.1657360603982907,0.1512598,0.022879526
2591,1,0,-0.17149544,0.042646408,-0.2390727179681206,0.06757729,0.00456669
2592,1,0,-0.24531841,0.029283047,-0.0251068258874687,0.22021158,0.04849314
2593,1,0,-0.029139757,0.005253315,0.0134471676114045,0.042586923,0.0018136459
2594,1,0,0.010047197,-0.021002054,-0.0131503579939904,0.023197554,0.0005381265
2595,1,0,-0.016993284,-0.0021276474,0.0123775438136921,0.029370828,0.0008626455
2596,1,0,0.0089588165,-0.020177841,0.1141558943306102,0.10519708,0.011066426
2597,1,0,0.11267614,-0.08285785,0.2880360677029063,0.17535993,0.030751107
2598,1,0,0.29058003,-0.031204939,0.3779491720445351,0.087369144,0.007633367
2599,1,0,0.38280416,0.065086365,0.4949957075962921,0.11219156,0.012586946
2600,1,0,0.49954462,0.19187975,0.4310539640753501,0.068490654,0.00469097
2601,1,0,0.4359753,0.122413635,0.4160289177838794,0.019946396,0.00039785873
2602,1,0,0.42104602,0.1061604,0.4253620643927811,0.004316032,1.8628132e-05
2603,1,0,0.4303198,0.116253614,0.4332785045479621,0.002958715,8.753994e-06
2604,1,0,0.43818617,0.12482262,0.5148702590363983,0.07668412,0.0058804536
2605,1,0,0.5193126,0.21356726,0.4979871027685156,0.021325529,0.00045477817
2606,1,0,0.5025203,0.19514203,0.441030787936906,0.061489522,0.0037809613
2607,1,0,0.44589067,0.13322234,0.5797200659114545,0.13382941,0.017910313
2608,1,0,0.58383775,0.28464746,0.4554640244861652,0.12837371,0.01647981
2609,1,0,0.46023726,0.14887643,0.5131521133290877,0.052914858,0.0027999822
2610,1,0,0.51760435,0.2116909,0.5271366052932076,0.009532273,9.0864225e-05
2611,1,0,0.5315151,0.22697544,0.6102028193204174,0.07868773,0.0061917584
2612,1,0,0.6141746,0.31822157,0.5955324143664176,0.018642187,0.00034753114
2613,1,0,0.59957385,0.3020506,0.6628649010765026,0.06329107,0.00400576
2614,1,0,0.6665871,0.37646413,0.5240289781942673,0.14255816,0.020322828
2615,1,0,0.528424,0.22357774,0.4106740486975151,0.11774999,0.01386506
2616,1,0,0.41572642,0.10037327,0.4529778472807724,0.037251413,0.0013876677
2617,1,0,0.45776534,0.14617729,0.3187945168202319,0.13897082,0.01931289
2618,1,0,0.32211637,0.001625061,0.3548875010778536,0.03277114,0.0010739476
2619,1,0,0.3591404,0.04029584,0.3056842772581087,0.053456128,0.0028575575
2620,1,0,0.30867267,-0.012381554,0.2604532154110548,0.048219442,0.0023251146
2621,1,0,0.26231265,-0.060547113,0.2170115589173842,0.045301095,0.002052189
2622,1,0,0.21782446,-0.09579897,0.2625940418052574,0.044769585,0.0020043158
2623,1,0,0.2645061,-0.058273077,0.2794684750767358,0.014962375,0.00022387267
2624,1,0,0.28179884,-0.04032898,0.3435879206350019,0.061789095,0.0038178924
2625,1,0,0.347548,0.028172493,0.4275628689630535,0.080014855,0.006402377
2626,1,0,0.43250632,0.118635416,0.2683394233981921,0.1641669,0.026950771
2627,1,0,0.27039337,-0.05216813,0.361315336836141,0.09092197,0.008266805
2628,1,0,0.3657353,0.047198296,0.2591714697419265,0.10656384,0.011355851
2629,1,0,0.26100016,-0.06190753,0.1042104889095965,0.15678966,0.024582997
2630,1,0,0.10252547,-0.08159304,-0.110766698349817,0.21329218,0.045493554
2631,1,0,-0.11596727,0.03852892,-0.1047332708220349,0.011234,0.00012620277
2632,1,0,-0.10986304,0.037282705,-0.1422761604528322,0.032413125,0.0010506107
2633,1,0,-0.14781666,0.04245591,-0.1084731802010927,0.039343476,0.0015479091
2634,1,0,-0.11364722,0.038074255,0.0924509971680205,0.20609823,0.04247648
2635,1,0,0.09052706,-0.080260515,0.0642075611247423,0.026319496,0.00069271587
2636,1,0,0.061729193,-0.06647563,-0.1053174956597891,0.1670467,0.027904598
2637,1,0,-0.110453844,0.037410498,-0.0006033375420533,0.1098505,0.012067134
2638,1,0,-0.0042414665,-0.010608196,-0.0073286239080254,0.0030871574,9.53054e-06
2639,1,0,-0.011076927,-0.0059673786,0.0356130228019919,0.04668995,0.0021799514
2640,0,0,-0.030719757,-0.039334297,-0.0541259889769718,0.023406234,0.0005478518
2641,0,0,0.05227971,0.020339727,0.0666232319026529,0.0143435225,0.00020573664
2642,0,0,-0.059427977,-0.06894803,0.2936581774414644,0.35308614,0.12466983
2643,0,0,-0.26956487,-0.025213957,0.4301801429262561,0.699745,0.48964307
2644,1,0,0.43510675,0.12146807,0.4997143049937222,0.06460756,0.004174137
2645,1,0,0.50423837,0.1970253,0.5161982324953578,0.011959851,0.00014303804
2646,1,0,0.5206344,0.21501923,0.6996424694049046,0.17900807,0.03204389
2647,1,0,0.70318866,0.4173174,0.7295110939245357,0.026322424,0.00069287
2648,1,0,0.73290944,0.45060086,0.6596431366241906,0.07326633,0.0053679547
2649,1,0,0.66338086,0.37289214,0.7860643054585643,0.122683465,0.015051233
2650,1,0,0.7891638,0.5138755,0.9176578583045196,0.12849402,0.016510714
2651,1,0,0.9131515,0.6623528,0.8642164321897963,0.048935056,0.0023946397
2652,1,0,0.86326003,0.6018503,0.9152856220586298,0.052025616,0.0027066648
2653,1,1,0.9109361,0.659662,-0.8616494744121437,1.7725856,3.1420598
2654,1,1,-0.85885715,-0.60974264,0.6606123094291152,1.5194695,2.3087876
2655,1,1,0.6643455,0.37396622,-0.4031841983488324,1.0675297,1.1396196
2656,0,1,0.3723216,-0.080729246,0.4526357765510238,0.08031416,0.0064503644
2657,0,1,-0.41608214,0.14580631,-0.5767085872777886,0.16062647,0.025800863
2658,0,1,0.52848554,-0.26422238,0.5216406141086489,0.006844938,4.6853173e-05
2659,0,1,-0.4793601,0.22096658,-0.5401384605691559,0.06077838,0.0036940114
2660,0,1,0.49579072,-0.22222662,0.4225528944644052,0.07323784,0.0053637805
2661,0,1,-0.38842726,0.11321497,-0.3755830096625137,0.012844235,0.00016497436
2662,0,1,0.34726167,-0.056479454,0.3173131057681431,0.029948562,0.0008969164
2663,0,1,-0.29141712,4.1246414e-05,-0.3677330812078603,0.07631597,0.0058241272
2664,0,1,0.34012413,-0.049916267,0.3801377608526959,0.04001364,0.0016010915
2665,0,1,-0.3493743,0.06744194,-0.3985533893442765,0.049179107,0.0024185847
2666,0,1,0.36812067,-0.07653904,0.4034016320901421,0.035280973,0.0012447471
2667,0,1,-0.37080264,0.09252167,-0.3386403496412709,0.03216228,0.0010344122
2668,0,1,0.3136387,-0.026991844,0.192502991187875,0.1211357,0.014673857
2669,0,1,-0.17599463,-0.097332716,-0.1556430077008213,0.020351633,0.00041418898
2670,0,1,0.14592886,0.04284358,0.3502169149824778,0.20428807,0.041733615
2671,0,1,-0.3217864,0.035282373,-0.1579345329443318,0.16385187,0.026847435
2672,0,1,0.14803934,0.042834997,0.3369258022906169,0.18888646,0.035678096
2673,0,1,-0.30952287,0.021031618,-0.2861239653128149,0.023398906,0.0005475088
2674,0,1,0.26569176,0.008174896,0.1050972786150041,0.16059448,0.025790587
2675,0,1,-0.09505558,-0.08170009,-0.1261930249916321,0.031137452,0.0009695409
2676,0,1,0.11879587,0.04098797,0.2454000157575899,0.12660414,0.01602861
2677,0,1,-0.22494698,-0.07652092,-0.2759616577013331,0.05101469,0.0026024987
2678,0,1,0.2563944,0.013961077,0.192057163029105,0.064337224,0.0041392785
2679,0,1,-0.17558146,-0.09722662,-0.2382276645645626,0.06264621,0.0039245477
2680,0,1,0.22182631,0.029549837,0.1593234663417848,0.062502846,0.0039066058
2681,0,1,-0.14527369,-0.09022164,0.0279393119628732,0.173213,0.030002745
2682,0,1,-0.023617506,-0.03271985,0.015787961299273,0.039405465,0.0015527906
2683,0,1,-0.01237154,-0.022826195,0.1587532340224737,0.17112477,0.029283687
2684,0,1,-0.14474535,-0.09011245,-0.4255199283981947,0.2807746,0.07883437
2685,0,1,0.39256024,-0.10159016,0.4063482052060245,0.013787955,0.0001901077
2686,0,1,-0.37351513,0.09570265,-0.2856824703751668,0.08783266,0.007714576
2687,0,1,0.2652874,0.00843358,0.3441540173315052,0.07886663,0.0062199454
2688,0,1,-0.31619263,0.02877903,-0.3254809114893482,0.009288281,8.6272164e-05
2689,0,1,0.30163932,-0.017392159,0.2467866946198578,0.05485262,0.0030088099
2690,0,1,-0.22622967,-0.075050354,-0.1105216303777001,0.11570804,0.01338835
2691,0,1,0.10434437,0.038481236,0.0518371555456371,0.052507214,0.0027570075
2692,0,1,-0.04573846,-0.054252625,-0.0012194626200847,0.044518996,0.001981941
2693,0,1,0.0033638477,-0.010173321,-0.1326462794270475,0.13601013,0.018498754
2694,0,1,0.12474418,0.04171014,0.239323268736038,0.1145791,0.013128369
2695,0,1,-0.21932554,-0.08296108,-0.2062785820051167,0.013046965,0.0001702233
2696,0,1,0.19250011,0.037763596,0.1406636871023874,0.05183643,0.0026870156
2697,0,1,-0.12799358,-0.08685708,-0.2406788172142522,0.11268523,0.012697962
2698,0,1,0.22407365,0.028769493,0.2740108984341511,0.04993725,0.0024937287
2699,0,1,-0.25140548,-0.046135664,-0.1956262981795542,0.055779174,0.0031113164
2700,0,1,0.18271232,0.039665222,0.2057979512190697,0.023085639,0.0005329467
2701,0,1,-0.1883018,-0.10048032,-0.1226818641631712,0.06561994,0.0043059764
2702,0,1,0.11555934,0.040519714,0.0361812482469798,0.07937809,0.0063008815
2703,0,1,-0.031245947,-0.039836884,-0.2280062402164344,0.1967603,0.038714614
2704,0,1,0.21244955,0.03257799,0.3859617153352519,0.17351216,0.03010647
2705,0,1,-0.35474014,0.07371426,-0.3075413971487246,0.047198743,0.0022277213
2706,0,1,0.2852652,-0.005134344,0.256603583929909,0.028661609,0.0008214878
2707,0,1,-0.23531032,-0.06463456,-0.0125616095800098,0.22274871,0.04961699
2708,0,1,0.013855457,-0.0025076866,0.0640643842460471,0.050208926,0.0025209363
2709,0,1,-0.057058096,-0.066330194,-0.1438140452226841,0.08675595,0.007526594
2710,0,1,0.1350348,0.04253888,0.1778209220737427,0.04278612,0.0018306522
2711,0,1,-0.16240144,-0.09400725,-0.0148075513629648,0.14759389,0.021783955
2712,0,1,0.015932322,-0.0010631084,0.2593786983039567,0.24344638,0.05926614
2713,0,1,-0.23787618,-0.061687946,-0.0866316184271052,0.15124455,0.022874914
2714,0,1,0.08229995,0.032565594,0.0338835033299997,0.048416443,0.002344152
2715,0,1,-0.029118061,-0.037819624,0.0031661634784443,0.032284226,0.0010422713
2716,0,1,-0.00069355965,-0.01330328,-0.0941464871250317,0.09345293,0.00873345
2717,0,1,0.0892365,0.03470254,0.197436326446053,0.108199835,0.011707204
2718,0,1,-0.1805613,-0.09851456,-0.0153043069038747,0.16525699,0.027309874
2719,0,1,0.016391754,-0.00074625015,0.1191547383037789,0.10276298,0.01056023
2720,0,1,-0.108074665,-0.08354163,-0.0896499763142277,0.01842469,0.0003394692
2721,0,1,0.085086584,0.033454895,0.3138734259927132,0.22878686,0.052343424
2722,0,1,-0.28823972,-0.0036349297,-0.3513222243072142,0.063082516,0.003979404
2723,0,1,0.3251915,-0.036705256,0.2192383948848597,0.1059531,0.011226059
2724,0,1,-0.20074129,-0.09487295,-0.1206772145568728,0.08006407,0.006410256
2725,0,1,0.113710165,0.040228605,0.0924561491480679,0.021254018,0.00045173327
2726,0,1,-0.083349705,-0.08026075,-0.0043563964316923,0.078993306,0.0062399423
2727,0,1,0.006266117,-0.007990837,-0.0732210596075475,0.079487175,0.006318211
2728,0,1,0.069918394,0.028112888,0.1437793026869394,0.07386091,0.0054554343
2729,0,1,-0.1308794,-0.08738661,-0.1567444600484488,0.025865063,0.0006690015
2730,0,1,0.14694357,0.04284239,0.2881780938246403,0.14123452,0.019947188
2731,0,1,-0.26450133,-0.031052828,-0.3996070094075699,0.13510567,0.018253542
2732,0,1,0.36907625,-0.077488184,0.3426129250515819,0.02646333,0.00070030784
2733,0,1,-0.31477118,0.027126312,-0.5416880037520548,0.22691685,0.051491257
2734,0,1,0.49717784,-0.22397995,0.6268250566736877,0.1296472,0.016808394
2735,0,1,-0.5753157,0.3365724,-0.586895378219094,0.011579692,0.00013408928
2736,0,1,0.53756976,-0.27612948,0.406651779695208,0.130918,0.017139522
2737,0,1,-0.37379456,0.096028805,-0.3433460582826484,0.030448496,0.0009271109
2738,0,1,0.31792617,-0.030544281,0.3265822092573072,0.008656055,7.492728e-05
2739,0,1,-0.2999754,0.009954929,-0.3005978323345486,0.0006224513,3.8744562e-07
2740,0,1,0.27892256,-0.0006570816,0.2758181696267225,0.0031043887,9.63723e-06
2741,0,1,-0.25307631,-0.04421282,-0.2431944149630882,0.009881899,9.765192e-05
2742,0,1,0.22638035,0.027945995,0.1815258739425003,0.044854477,0.002011924
2743,0,1,-0.16583133,-0.09481883,-0.1924517628100237,0.026620433,0.0007086474
2744,0,1,0.17979431,0.04014778,0.2835091838961179,0.10371488,0.010756777
2745,0,1,-0.26018476,-0.036027193,-0.0955874581391609,0.1645973,0.027092272
2746,0,1,0.0905664,0.03508377,0.1094963304585388,0.018929936,0.00035834248
2747,0,1,-0.0991292,-0.0822494,-0.2247710619247218,0.12564187,0.015785879
2748,0,1,0.20948052,0.033458233,0.2148488753526067,0.005368352,2.8819202e-05
2749,0,1,-0.1966784,-0.09670043,-0.2416760458493767,0.044997647,0.0020247882
2750,0,1,0.22498846,0.028445005,0.1211404783419483,0.10384798,0.010784403
2751,0,1,-0.10991335,-0.083822966,-0.2288921290161782,0.11897878,0.014155951
2752,0,1,0.21326232,0.032330036,0.3449353250582159,0.13167301,0.01733778
2753,0,1,-0.3169148,0.029618502,-0.2031344776152837,0.11378032,0.012945961
2754,0,1,0.18961239,0.038369417,0.2481815149061756,0.058569133,0.0034303435
2755,0,1,-0.22751975,-0.07357144,-0.1465059843883867,0.08101377,0.006563231
2756,0,1,0.13751459,0.042659044,0.0472318080410558,0.09028278,0.008150981
2757,0,1,-0.04147458,-0.049889565,-0.2111191561364709,0.16964458,0.028779283
2758,0,1,0.19694662,0.036758423,0.1572960271137673,0.03965059,0.0015721692
2759,0,1,-0.14339638,-0.0898335,-0.1261199339237309,0.017276451,0.00029847576
2760,0,1,0.118728876,0.04097867,-0.0042809697168135,0.123009846,0.015131422
2761,0,1,0.0061967373,-0.008043766,-0.078181845078781,0.084378585,0.0071197455
2762,0,1,0.07449913,0.02985549,0.1128843948705631,0.038385265,0.0014734286
2763,0,1,-0.10226703,-0.08268881,-0.3398594552678187,0.23759243,0.056450162
2764,0,1,0.314749,-0.027905464,0.3821291511359499,0.06738016,0.004540086
2765,0,1,-0.3512094,0.0695858,-0.4832116693854997,0.13200226,0.017424598
2766,0,1,0.44465685,-0.15983701,0.5372311673125885,0.0925743,0.0085700005
2767,0,1,-0.4936235,0.2380228,-0.5029716978948118,0.009348214,8.73891e-05
2768,0,1,0.46243787,-0.1810162,0.3552891993732281,0.10714868,0.011480839
2769,0,1,-0.32646537,0.040727615,-0.4072656816196311,0.080800325,0.0065286923
2770,0,1,0.37602258,-0.08446264,0.3010974125627115,0.074925154,0.0056137787
2771,0,0,-0.27643895,-0.017277956,0.2056654638786592,0.48210442,0.23242468
2772,0,0,-0.18817925,-0.10053706,0.2541905059581917,0.44236976,0.195691
2773,0,0,-0.23307824,-0.06719613,0.1697192323663632,0.40279746,0.1622458
2774,0,0,-0.15490007,-0.09229374,0.2713472010308999,0.42624727,0.18168673
2775,0,0,-0.24894238,-0.048969984,0.2863420009045243,0.5352844,0.2865294
2776,1,0,0.28884387,-0.033010006,0.3746340706749502,0.08579019,0.0073599564
2777,1,0,0.37940264,0.061519146,0.2566531280208819,0.12274951,0.015067441
2778,1,0,0.25841975,-0.06458092,0.1108932733257779,0.14752647,0.02176406
2779,1,0,0.109345436,-0.082428455,0.1506146370964707,0.041269198,0.0017031467
2780,1,0,0.14991331,-0.08859396,0.1348053016526336,0.015108004,0.0002282518
2781,1,0,0.13376212,-0.085894346,0.2068872487319053,0.073125124,0.0053472836
2782,1,0,0.20746231,-0.1000247,0.3200723896976196,0.11261007,0.012681028
2783,1,0,0.32342672,0.0029911995,0.333961627647521,0.010534912,0.00011098438
2784,1,0,0.337672,0.017856836,0.3511631826831936,0.0134911835,0.00018201204
2785,1,0,0.35531902,0.03629756,0.4950610743326336,0.13974205,0.01952784
2786,1,0,0.4996097,0.19195104,0.3214544661708505,0.17815524,0.03173929
2787,1,0,0.32484436,0.004469633,0.3216177455007827,0.003226608,1.04109995e-05
2788,1,0,0.32501197,0.0046441555,0.4472812079489143,0.12226924,0.014949768
2789,1,0,0.4521029,0.13999796,0.4363778650729926,0.015725046,0.0002472771
2790,1,0,0.4412663,0.12817907,0.4152445843330068,0.026021719,0.00067712984
2791,1,0,0.4202664,0.10531235,0.4471586222361856,0.026892245,0.0007231928
2792,1,0,0.45198154,0.1398654,0.4689638985650082,0.016982347,0.0002884001
2793,1,0,0.47365832,0.16354108,0.3699350238616596,0.10372329,0.01075852
2794,1,0,0.37458038,0.05646515,0.5342187802689855,0.1596384,0.02548442
2795,1,0,0.5385611,0.23472428,0.3895543592891806,0.14900675,0.022203013
2796,1,0,0.39471483,0.077586174,0.3742861491357265,0.020428687,0.00041733126
2797,1,0,0.37904572,0.06114483,0.3402105214008997,0.038835198,0.0015081726
2798,1,0,0.3440826,0.024550915,0.3652754173498298,0.021192819,0.00044913558
2799,1,0,0.36979842,0.05145502,0.2799593519597367,0.08983907,0.008071058
2800,1,0,0.28230143,-0.039806366,0.1061131450903043,0.17618829,0.031042313
2801,1,0,0.104466915,-0.0818243,0.0042711052129669,0.10019581,0.0100392
2802,1,0,0.0007145405,-0.014106035,-0.133136169618361,0.13385071,0.017916013
2803,1,0,-0.13858342,0.041757345,-0.1305167929623429,0.008066624,6.507043e-05
2804,1,0,-0.1359365,0.041490793,-0.1459895615430944,0.010053068,0.000101064186
2805,1,0,-0.1515665,0.042639256,-0.2316236847863657,0.080057174,0.006409151
2806,1,0,-0.23783445,0.03154826,-0.3996594509866202,0.161825,0.02618733
2807,1,0,-0.40579557,-0.07753539,-0.3549964428534626,0.05079913,0.0025805517
2808,1,0,-0.36133742,-0.03960085,-0.3448618968204604,0.016475528,0.00027144304
2809,1,0,-0.35123014,-0.031701326,-0.3943002179949899,0.043070078,0.0018550316
2810,1,0,-0.40046835,-0.072731495,-0.391788142510252,0.008680195,7.534578e-05
2811,1,0,-0.39796996,-0.07050276,-0.3927944451325396,0.005175531,2.678612e-05
2812,1,0,-0.39897108,-0.07139325,-0.2725276395357823,0.12644345,0.015987946
2813,1,0,-0.27888942,0.015836239,-0.3142391362575023,0.035349727,0.0012496032
2814,1,0,-0.32064652,-0.009597063,-0.1839454611178279,0.13670106,0.018687181
2815,1,0,-0.18985415,0.04124999,-0.2778743987062895,0.088020265,0.0077475673
2816,1,0,-0.28424835,0.012898922,-0.1982874456579004,0.08596091,0.007389278
2817,1,0,-0.20430064,0.039230585,-0.2936024045057217,0.089301765,0.007974805
2818,1,0,-0.30000138,0.0036976337,-0.1961705544420096,0.10383083,0.010780841
2819,1,0,-0.20216918,0.0395782,-0.0306222607544786,0.17154692,0.029428346
2820,1,0,-0.034740448,0.008426666,0.0898272453619744,0.124567695,0.015517111
2821,1,0,0.08785105,-0.079987526,-0.0426262876658558,0.13047734,0.017024336
2822,1,0,-0.046925306,0.014837503,-0.1668403965460902,0.11991508,0.014379627
2823,1,0,-0.1726098,0.0425992,-0.0961935903094972,0.07641622,0.005839438
2824,1,0,-0.10122013,0.03524065,-0.0434956322541277,0.0577245,0.0033321178
2825,1,0,-0.047807455,0.015274048,-0.0158406963980111,0.03196676,0.0010218738
2826,1,0,-0.019726992,-0.0004069805,0.1675394598911412,0.18726645,0.035068724
2827,1,0,0.16721368,-0.09184766,0.3228377325592664,0.15562406,0.024218848
2828,1,0,0.3262632,0.005948305,0.4181020003491724,0.09183881,0.008434366
2829,1,0,0.42310596,0.1084013,0.3635958634610468,0.059510082,0.0035414498
2830,1,0,0.36807537,0.049649954,0.4515636452180369,0.083488286,0.006970294
2831,1,0,0.45635986,0.14464426,0.424749480672264,0.03161037,0.0009992155
2832,1,0,0.42971087,0.115590334,0.3441129112738306,0.08559796,0.0073270113
2833,1,0,0.34808612,0.028734922,0.3751884750731706,0.027102351,0.00073453743
2834,1,0,0.3799708,0.06211543,0.3161170392820778,0.06385374,0.0040773004
2835,1,0,0.31937099,-0.001237154,0.2494471756134251,0.0699238,0.0048893383
2836,1,0,0.2510376,-0.07222867,0.2613090309837256,0.01027143,0.00010550227
2837,1,0,0.26319003,-0.05963826,0.296182924290723,0.0329929,0.0010885315
2838,1,0,0.29893088,-0.022521019,0.1690725608391079,0.12985833,0.016863186
2839,1,0,0.16878033,-0.0921607,0.234216784655092,0.06543645,0.004281929
2840,1,0,0.2354393,-0.08836889,0.088236166346618,0.14720313,0.021668762
2841,1,0,0.086227655,-0.07982564,0.1380334986018372,0.05180584,0.0026838449
2842,1,0,0.13705897,-0.086419344,0.183338705474314,0.04627973,0.0021418133
2843,1,0,0.18336916,-0.09522438,0.1612179075068915,0.022151247,0.0004906777
2844,1,0,0.16075087,-0.09058905,0.136230716607427,0.024520144,0.00060123747
2845,1,0,0.13521767,-0.08612442,0.0982229218132326,0.036994748,0.0013686114
2846,1,0,0.09641528,-0.080892086,-0.0173266072610216,0.11374189,0.012937217
2847,1,0,-0.021235943,0.00052809715,-0.0457544652227945,0.024518523,0.000601158
2848,1,0,-0.050099373,0.016395807,-0.166337984518003,0.11623861,0.013511415
2849,1,0,-0.17210245,0.04262066,-0.2494098236803674,0.07730737,0.00597643
2850,1,0,-0.25569892,0.025820494,-0.3388162046466152,0.08311728,0.0069084815
2851,1,0,-0.34519672,-0.027124166,-0.2839735231028153,0.06122321,0.0037482814
2852,1,0,-0.2903595,0.009429216,-0.3088562323148118,0.018496722,0.0003421287
2853,1,0,-0.315264,-0.005999565,-0.329015599518148,0.013751626,0.00018910722
2854,1,0,-0.33541203,-0.019920826,-0.3884716842101108,0.053059667,0.0028153283
2855,1,1,-0.3946724,-0.067582846,0.3428875966124445,0.73756003,0.5439948
2856,1,1,0.3468287,0.02742052,-0.4375905110052303,0.7844192,0.6153135
2857,1,1,-0.44343877,-0.11328387,0.3964942015774637,0.839933,0.70548743
2858,0,1,-0.3644421,0.08506727,-0.4504770281297183,0.086034924,0.007402008
2859,0,1,0.4151299,-0.12607145,0.5044409560398098,0.08931106,0.007976466
2860,0,1,-0.46361017,0.20218158,-0.3596165035999008,0.103993654,0.01081468
2861,0,1,0.33274102,-0.04329419,0.2499114908023112,0.082829535,0.006860732
2862,0,1,-0.22911978,-0.071736336,-0.3597615167830477,0.13064173,0.017067261
2863,0,1,0.3328731,-0.043411493,0.5267611720060548,0.19388807,0.037592582
2864,0,1,-0.48404574,0.22656584,-0.3591444388589213,0.124901295,0.015600333
2865,0,1,0.33231115,-0.04291439,0.3959151177336131,0.06360397,0.0040454646
2866,0,1,-0.36390877,0.084442854,-0.2872805246465288,0.07662824,0.005871887
2867,0,1,0.26674914,0.007495165,0.3195133568789523,0.052764207,0.0027840615
2868,0,1,-0.29344845,0.0023927689,-0.3589454780938821,0.06549704,0.0042898622
2869,0,1,0.3321302,-0.04275441,0.3301664572317531,0.0019637346,3.856254e-06
2870,0,1,-0.30328393,0.013791561,0.0145520171769888,0.31783596,0.101019695
2871,0,1,-0.011227608,-0.021859407,0.1641561099064752,0.17538372,0.030759448
2872,0,1,-0.1497488,-0.09116745,-0.2512619233258504,0.10151312,0.010304913
2873,0,1,0.23377562,0.025161266,0.0405486315137042,0.193227,0.03733667
2874,0,1,-0.035288095,-0.043738842,0.0056018652402749,0.04088996,0.0016719889
2875,0,1,-0.0029466152,-0.015081167,0.0272161853328691,0.0301628,0.00090979453
2876,0,1,-0.022947311,-0.03211093,-0.145748300970848,0.12280099,0.015080083
2877,0,1,0.13681698,0.04262829,0.0809557173934103,0.055861264,0.0031204808
2878,0,1,-0.07269859,-0.07913065,-0.0134439699265511,0.059254624,0.0035111106
2879,0,1,0.014671564,-0.0019373894,0.0272562719546152,0.012584709,0.0001583749
2880,0,1,-0.022984505,-0.032146215,0.0230753194928228,0.046059825,0.0021215074
2881,0,1,-0.01911521,-0.028673649,-0.070028117337578,0.05091291,0.0025921243
2882,0,1,0.06696987,0.026931047,0.1397301828629134,0.072760314,0.005294063
2883,0,1,-0.1271298,-0.08670044,-0.3606435688007456,0.23351377,0.054528683
2884,0,1,0.33367562,-0.04412341,0.2033189009101916,0.13035673,0.016992876
2885,0,1,-0.18600655,-0.09996462,-0.1057698821459278,0.080236666,0.0064379224
2886,0,1,0.099961996,0.037507534,0.0672234494991057,0.032738544,0.0010718122
2887,0,1,-0.05998397,-0.069566965,0.0381133179496244,0.09809729,0.009623078
2888,0,1,-0.03303361,-0.04155135,-0.1262893682901031,0.09325576,0.008696636
2889,0,1,0.118884325,0.041000128,0.0018906760301979,0.11699365,0.013687515
2890,0,1,0.00048661232,-0.012383223,0.0198139852990575,0.019327372,0.00037354731
2891,0,1,-0.01609683,-0.026025534,0.0166916933177669,0.032788523,0.0010750872
2892,0,1,-0.013208151,-0.023537874,0.078531519729994,0.09173967,0.0084161665
2893,0,1,-0.0704546,-0.07891297,0.0027337557052948,0.07318835,0.0053565344
2894,0,1,-0.00029325485,-0.012990713,-0.1027731626899473,0.102479905,0.010502131
2895,0,1,0.097197056,0.036842823,0.1267957434814657,0.029598683,0.00087608205
2896,0,1,-0.11515021,-0.08465028,-0.0850317825149082,0.030118428,0.0009071197
2897,0,1,0.08082366,0.032077074,-0.0304825280187976,0.11130619,0.0123890685
2898,0,1,0.030426264,0.008348227,-0.03968076539405,0.07010703,0.0049149953
2899,0,1,0.038929224,0.013327599,0.1142164725288319,0.075287245,0.0056681694
2900,0,1,-0.10350132,-0.08286667,-0.1699929484946172,0.06649163,0.0044211373
2901,0,1,0.15913701,0.042438507,0.372993567885199,0.21385655,0.04573462
2902,0,1,-0.3427899,0.059753895,-0.2615369302279107,0.08125296,0.0066020438
2903,0,1,0.24318981,0.021296263,0.2139673721020525,0.029222444,0.0008539512
2904,0,1,-0.19586325,-0.097067595,-0.1067441329276923,0.089119114,0.0079422165
2905,0,1,0.100860834,0.037715673,0.282051489257197,0.18119067,0.03283006
2906,0,1,-0.25883818,-0.037578583,-0.164291876268265,0.0945463,0.008939004
2907,0,1,0.15389132,0.042700052,0.3010261606323574,0.14713484,0.021648662
2908,0,1,-0.2763729,-0.017354012,-0.2664727222212737,0.0099001825,9.801361e-05
2909,0,1,0.24770904,0.019041061,0.15827193136339,0.0894371,0.007998995
2910,0,1,-0.14430022,-0.09001899,-0.2910226872369006,0.14672247,0.021527482
2911,0,1,0.2701714,0.0052626133,0.2339163582267849,0.036255047,0.0013144284
2912,0,1,-0.21432257,-0.088688135,-0.1923108777850726,0.022011682,0.00048451417
2913,0,1,0.17966485,0.040168285,0.1054795888962174,0.07418526,0.005503453
2914,0,1,-0.09540868,-0.08174658,-0.216023492657821,0.12061481,0.014547933
2915,0,1,0.20145011,0.0356524,0.1293033817408511,0.07214673,0.00520515
2916,0,1,-0.1174736,-0.08503103,0.1974700065671566,0.3149436,0.099189475
2917,0,1,-0.1805923,-0.09852314,-0.1395609894059144,0.041031316,0.0016835689
2918,0,1,0.13111639,0.042286158,0.1494397356887891,0.018323347,0.00033574505
2919,0,1,-0.13612032,-0.08838153,-0.2058806260442094,0.06976031,0.0048665004
2920,0,1,0.1921351,0.03784275,0.1244533539747676,0.067681745,0.0045808186
2921,0,1,-0.11298108,-0.084302425,-0.2584866076698349,0.14550552,0.021171855
2922,0,1,0.24039507,0.022480726,0.2558119041403075,0.015416831,0.00023767867
2923,0,1,-0.2345779,-0.06547403,-0.1419707241818946,0.09260717,0.008576088
2924,0,1,0.1333363,0.04243803,0.0780344273227053,0.055301875,0.0030582973
2925,0,1,-0.06999469,-0.07886982,0.0672357160132715,0.1372304,0.018832183
2926,0,1,-0.059994936,-0.06957984,0.0975154217850278,0.15751036,0.024809511
2927,0,1,-0.088033676,-0.08081269,-0.0347612545260234,0.053272422,0.002837951
2928,0,1,0.03438258,0.010714054,-0.0835996126226463,0.117982194,0.013919798
2929,0,1,0.07950139,0.031630993,0.0243517869495821,0.055149604,0.0030414788
2930,0,1,-0.02029705,-0.029726267,-0.119156717151339,0.09885967,0.009773234
2931,0,1,0.11230874,0.03999567,0.025870887909877,0.08643785,0.0074715023
2932,0,1,-0.021702528,-0.030985594,0.126338173505708,0.1480407,0.021916049
2933,0,1,-0.11472726,-0.08458209,0.0677614239830384,0.18248868,0.033302117
2934,0,1,-0.060481787,-0.07012248,0.0094908668952871,0.06997266,0.004896173
2935,0,1,-0.0065448284,-0.01797986,-0.0635791897937494,0.05703436,0.0032529181
2936,0,1,0.06101322,0.024399519,0.0825795031043625,0.02156628,0.0004651044
2937,0,1,-0.07420325,-0.07927966,0.0188588397879119,0.093062095,0.008660554
2938,0,1,-0.0152134895,-0.025259733,0.1480046713582954,0.16321816,0.026640166
2939,0,1,-0.13479233,-0.08812618,-0.1365070049258179,0.0017146766,2.940116e-06
2940,0,1,0.1283021,0.04205656,-0.0900785200296656,0.21838062,0.047690094
2941,0,1,0.08548212,0.03357768,0.1628700391687827,0.077387914,0.0059888894
2942,0,1,-0.1485579,-0.09091234,-0.2853397710191325,0.13678187,0.01870928
2943,0,1,0.26497483,0.008633852,0.3798157382736491,0.114840895,0.013188431
2944,0,1,-0.3490777,0.06709552,-0.3926149386009085,0.04353723,0.0018954903
2945,0,1,0.36273146,-0.07123494,0.4808553507844522,0.11812389,0.013953253
2946,0,1,-0.44198728,0.17647696,-0.2881562474019579,0.15383103,0.023663986
2947,0,1,0.26755023,0.0069770813,0.2599936277793637,0.0075565875,5.7102014e-05
2948,0,1,-0.23844409,-0.06103468,-0.4065601832960777,0.1681161,0.028263021
2949,0,1,0.37538266,-0.08381438,0.4076130513666745,0.032230377,0.0010387972
2950,0,1,-0.37468004,0.097067356,-0.5884042377291734,0.2137242,0.04567803
2951,0,1,0.53891397,-0.27790046,0.3491181855927054,0.18979579,0.036022443
2952,0,1,-0.3207729,0.034103632,-0.323727195269659,0.0029543042,8.727913e-06
2953,0,1,0.30003977,-0.016151905,0.2081710200813011,0.09186874,0.008439866
2954,0,1,-0.19049764,-0.09948778,-0.170874967998909,0.019622669,0.00038504912
2955,0,1,0.15995002,0.042386293,0.1691667810085317,0.0092167705,8.494886e-05
2956,0,1,-0.15438867,-0.09218001,-0.2673411802552143,0.1129525,0.012758267
2957,0,1,0.24850416,0.018588543,0.2372513890690895,0.011252776,0.00012662496
2958,0,1,-0.21740866,-0.085155964,-0.2799978833382681,0.06258923,0.0039174114
2959,0,1,0.2600882,0.011704445,0.2149104428490043,0.045177758,0.0020410297
2960,0,1,-0.19673562,-0.09667468,-0.1965210622449853,0.00021456182,4.6036774e-08
2961,0,1,0.1835351,0.039521456,0.2937847854227815,0.1102497,0.012154996
2962,0,1,-0.26968193,-0.02507782,-0.2515225081329468,0.01815942,0.0003297645
2963,0,1,0.23401403,0.025067806,0.1923368369265858,0.04167719,0.0017369883
2964,0,1,-0.1758411,-0.09729409,-0.1372280003376755,0.038613096,0.0014909712
2965,0,1,0.1289661,0.042114258,0.2931229690310712,0.16415688,0.026947483
2966,0,1,-0.26907063,-0.025783539,-0.1695194450904025,0.099551186,0.009910438
2967,0,1,0.15870237,0.04246521,0.1025802256909731,0.056122147,0.0031496952
2968,0,1,-0.09272432,-0.08139682,-0.0194683603235104,0.07325596,0.005366436
2969,0,1,0.02024293,0.0018577576,0.024314862348135,0.0040719323,1.6580632e-05
2970,0,1,-0.02026248,-0.029694557,-0.0605671804224203,0.0403047,0.001624469
2971,0,1,0.0582304,0.02315092,0.244176149575888,0.18594575,0.03457582
2972,0,1,-0.22381449,-0.07781792,-0.4755507530667704,0.25173625,0.063371144
2973,0,1,0.43775415,-0.15177989,0.4753901261520936,0.037635982,0.0014164671
2974,0,1,-0.43697405,0.17052937,-0.3727357544538683,0.06423828,0.0041265567
2975,0,1,0.34467316,-0.054080963,0.3385979245760655,0.006075233,3.690846e-05
2976,0,1,-0.3110659,0.022823334,-0.3335032515524649,0.022437334,0.000503434
2977,0,1,0.3089552,-0.02318573,0.5043259840820298,0.1953708,0.038169745
2978,0,1,-0.4635043,0.20205617,-0.4853040671056092,0.021799743,0.0004752288
2979,0,1,0.4465413,-0.1620524,0.3415761646610096,0.10496515,0.011017683
2980,0,1,-0.31381416,0.026015759,-0.3944710838438161,0.080656916,0.0065055382
2981,0,1,0.36441636,-0.0728848,0.262484599085814,0.10193175,0.010390081
2982,0,1,-0.24074817,-0.058389902,-0.2739707352610074,0.033222556,0.0011037382
2983,0,1,0.25457263,0.015052557,0.3781395691344107,0.123566926,0.015268785
2984,0,1,-0.3475325,0.06529117,-0.3538241341069414,0.006291628,3.9584582e-05
2985,0,1,0.3274691,-0.0386734,0.3621698015876724,0.03470069,0.001204138
2986,0,1,-0.33281088,0.048116684,-0.4979404084914729,0.16512954,0.027267765
2987,0,1,0.45791364,-0.17557073,0.3556525666695163,0.10226107,0.010457326
2988,0,1,-0.32680082,0.041116714,-0.293479087033524,0.03332174,0.0011103383
2989,0,1,0.27241683,0.0037722588,0.381517201813792,0.10910037,0.011902891
2990,0,1,-0.35064578,0.06892705,-0.4673442119205835,0.116698444,0.013618527
2991,0,1,0.43035507,-0.1432507,0.3436268529336561,0.086728215,0.0075217835
2992,0,1,-0.31570697,0.028213978,-0.3695260493507719,0.05381909,0.0028964945
2993,0,1,0.34175515,-0.0514009,0.3701997628377196,0.028444618,0.00080909627
2994,0,1,-0.3402145,0.05674839,-0.3963235275429793,0.05610904,0.0031482244
2995,0,1,0.36609793,-0.074537754,0.2756359415209597,0.090462,0.008183373
2996,0,1,-0.25290775,-0.04440689,-0.113381264876641,0.13952649,0.01946764
2997,0,1,0.10698271,0.039019108,0.0410862755091105,0.06589644,0.0043423404
2998,0,1,-0.035785913,-0.044225693,-0.0052420813888698,0.030543832,0.0009329257
2999,0,1,0.007084608,-0.007384062,0.0881736415487877,0.081089035,0.0065754317
3000,0,1,-0.0793829,-0.079820156,0.0161325709120649,0.09551547,0.009123204
3001,0,1,-0.012690783,-0.023097754,-0.124939192192587,0.11224841,0.012599707
3002,0,1,0.1176393,0.040827274,0.0342310351575423,0.08340827,0.006956939
3003,0,1,-0.029440165,-0.038122654,-0.0565980903882858,0.027157925,0.0007375529
3004,0,1,0.054563522,0.021442175,0.1808955702056085,0.12633204,0.015959786
3005,0,1,-0.16524816,-0.094680786,-0.2299280648948829,0.064679906,0.0041834903
3006,0,1,0.21421242,0.032036304,0.2789472306947895,0.06473482,0.0041905963
3007,0,1,-0.2559688,-0.040883064,-0.2044329541447243,0.05153586,0.0026559448
3008,0,1,0.1908052,0.038123846,0.3511881337763234,0.16038293,0.025722682
3009,0,1,-0.32268262,0.036323547,-0.4097820918626969,0.08709946,0.007586316
3010,0,1,0.37830448,-0.08678198,0.393449828974084,0.015145361,0.00022938197
3011,0,1,-0.36163878,0.08178496,-0.3765963718348724,0.014957577,0.0002237291
3012,0,1,0.3481822,-0.05733776,0.4407792423922809,0.09259704,0.008574211
3013,0,1,-0.40518737,0.13294959,-0.3234963945633886,0.08169097,0.0066734143
3014,0,1,0.29982948,-0.015989304,0.2364291319432911,0.06340036,0.0040196055
3015,0,1,-0.2166481,-0.08602786,-0.0349663251970224,0.18168178,0.03300827
3016,0,1,0.034572124,0.010825872,-0.0417794233721924,0.07635155,0.0058295596
3017,0,1,0.04087019,0.014407635,0.0913812554661421,0.050511062,0.0025513675
3018,0,1,-0.08235359,-0.08014822,-0.2796976453490236,0.19734406,0.03894468
3019,0,1,0.25981402,0.011874437,0.2466705953911492,0.013143435,0.00017274989
3020,0,1,-0.22612166,-0.07517362,-0.2714876762240568,0.04536602,0.0020580757
3021,0,1,0.25230026,0.016395092,0.1955715627371783,0.056728706,0.003218146
3022,0,1,-0.17883563,-0.09806347,-0.1255307133793999,0.05330491,0.0028414135
3023,0,1,0.11818552,0.04090357,0.1491175565669924,0.030932039,0.00095679105
3024,0,1,-0.13582301,-0.08832431,-0.1354035472217614,0.0004194677,1.7595315e-07
3025,0,1,0.12728548,0.041963577,0.0320432864178705,0.095242195,0.009071075
3026,0,1,-0.027415276,-0.036222458,0.1399273347067029,0.1673426,0.028003547
3027,0,1,-0.12731194,-0.086734295,-0.2158171876092209,0.08850524,0.007833177
3028,0,1,0.2012608,0.03570056,0.191820251341479,0.009440556,8.91241e-05
3029,0,1,-0.17536259,-0.09717107,-0.3371751930982434,0.1618126,0.026183318
3030,0,1,0.31230307,-0.025898218,0.2797249186425374,0.03257814,0.0010613352
3031,0,1,-0.25668788,-0.040056467,-0.1610435185025149,0.095644355,0.009147842
3032,0,1,0.15090132,0.042789936,0.1955361683626981,0.04463485,0.0019922697
3033,0,1,-0.17880249,-0.09805536,-0.1719688305025069,0.0068336576,4.6698875e-05
3034,0,1,0.16095662,0.04231763,0.196340864659954,0.035384238,0.0012520442
3035,0,1,-0.17954683,-0.098248005,0.0235434682752404,0.2030903,0.04124567
3036,0,1,-0.019548655,-0.02905941,-0.0559552339914728,0.03640658,0.0013254391
3037,0,1,0.053969383,0.021157742,0.0159529168705572,0.03801647,0.0014452519
3038,0,1,-0.012525082,-0.022955418,-0.0720556073166416,0.059530526,0.0035438836
3039,0,1,0.06884217,0.027687073,-0.0017374138309769,0.07057959,0.004981478
3040,0,1,0.003843069,-0.009809732,0.0563426097214661,0.05249954,0.0027562017
3041,0,1,-0.04990983,-0.058619738,-0.1382854799463531,0.08837564,0.007810254
3042,0,1,0.12994075,0.042194605,0.1549438436816173,0.02500309,0.0006251545
3043,0,1,-0.14121866,-0.08939028,-0.1223896561871007,0.018829003,0.00035453137
3044,0,1,0.11528921,0.040478468,0.1246000926827197,0.009310879,8.669247e-05
3045,0,1,-0.1131165,-0.08432412,-0.0432940397131691,0.06982246,0.004875176
3046,0,1,0.042269707,0.015173912,0.2091340308818758,0.16686432,0.0278437
3047,0,1,-0.19138932,-0.09908557,-0.1717272590799279,0.019662067,0.0003865969
3048,0,1,0.16073489,0.042333603,0.0845598191734002,0.07617507,0.0058026416
3049,0,1,-0.07603645,-0.079465866,-0.1492552255017747,0.07321878,0.0053609894
3050,0,1,0.1400466,0.042751312,0.2249090995975802,0.0848625,0.007201644
3051,0,1,-0.20598888,-0.09251785,-0.229984570385711,0.023995683,0.0005757928
3052,0,1,0.21426415,0.032019854,0.2397555503398609,0.025491402,0.0006498115
3053,0,1,-0.21972537,-0.08250213,-0.1787844630600781,0.04094091,0.0016761582
3054,0,1,0.16722679,0.04177928,0.0149355012791492,0.1522913,0.023192639
3055,0,1,-0.011582851,-0.022159576,-0.0317517029550531,0.020168852,0.00040678258
3056,0,1,0.0316,0.009060144,0.0334849008168531,0.0018849038,3.5528622e-06
3057,0,1,-0.028749943,-0.037472248,0.0295048663185562,0.05825481,0.0033936226
3058,0,1,-0.025065422,-0.03404689,-0.0383082047793585,0.013242781,0.00017537126
3059,0,1,0.0376606,0.01260972,-0.0170935365219544,0.054754138,0.0029980156
3060,0,1,0.018046618,0.00038170815,0.0194852464695824,0.0014386289,2.069653e-06
3061,0,1,-0.0157938,-0.025762558,-0.0382691948227544,0.022475395,0.00050514337
3062,0,1,0.037625074,0.012589693,-0.004593276780711,0.04221835,0.001782389
3063,0,1,0.006485462,-0.007828236,0.1101845581233096,0.103699096,0.010753502
3064,0,1,-0.09976721,-0.08233762,-0.192022341311377,0.09225513,0.008511009
3065,0,1,0.17939901,0.040210247,0.2253176705248942,0.04591866,0.0021085232
3066,0,0,-0.20636678,-0.092348814,0.1630750744584435,0.36944187,0.13648729
3067,0,0,-0.14874792,-0.09095311,0.1133606970177036,0.26210862,0.06870093
3068,0,0,-0.102709055,-0.08275199,0.112620132357287,0.21532919,0.046366658
3069,0,0,-0.10202241,-0.08265424,0.2518014445545971,0.35382384,0.12519132
3070,0,0,-0.23086858,-0.06973076,0.224856993887093,0.45572555,0.20768578
3071,1,0,0.22585583,-0.09253979,0.2216212792430352,0.0042345524,1.7931434e-05
3072,1,0,0.22254348,-0.093882084,0.2429707814783839,0.020427302,0.00041727466
3073,1,0,0.24440455,-0.07909489,0.2745118911586819,0.03010735,0.0009064525
3074,1,0,0.27671814,-0.045603514,0.388856997906283,0.11213887,0.012575125
3075,1,0,0.39399838,0.0768342,0.4093203210484732,0.01532194,0.00023476186
3076,1,0,0.4143808,0.098911285,0.4045155110826401,0.009865284,9.732383e-05
3077,1,0,0.40960908,0.0937233,0.4227913567633687,0.013182282,0.00017377257
3078,1,0,0.4277649,0.11347246,0.2374742137521615,0.19029067,0.03621054
3079,1,0,0.23877525,-0.08491945,0.3454532715884717,0.10667801,0.0113801975
3080,1,0,0.34946084,0.030173063,0.3381400682840403,0.01132077,0.00012815982
3081,1,0,0.341959,0.022331953,0.4046279739606575,0.06266898,0.003927401
3082,1,0,0.40972042,0.093844414,0.5271745258425033,0.11745411,0.013795468
3083,1,0,0.53155327,0.22701716,0.7448715960976435,0.21331835,0.04550472
3084,1,0,0.7481911,0.46775413,0.6843521358655704,0.06383896,0.0040754126
3085,1,0,0.68797183,0.40031505,0.677478002606152,0.010493815,0.00011012015
3086,1,0,0.6811302,0.3926792,0.5451034874957661,0.13602668,0.018503258
3087,1,0,0.54939127,0.24664545,0.4499067798803997,0.0994845,0.009897166
3088,1,0,0.45471287,0.14284539,0.4438436301164739,0.010869235,0.00011814026
3089,1,0,0.44868636,0.136271,0.4317418556243084,0.016944498,0.000287116
3090,1,0,0.43665934,0.123158455,0.3096525880530065,0.12700674,0.016130712
3091,1,0,0.312742,-0.008144379,0.3350154122017965,0.022273421,0.0004961053
3092,1,0,0.33875394,0.018985033,0.338707362586363,4.658103e-05,2.1697923e-09
3093,1,0,0.34254074,0.022940159,0.4959828213781896,0.15344208,0.023544474
3094,1,0,0.50052667,0.19295573,0.4013170213349797,0.09920964,0.009842552
3095,1,0,0.4064312,0.09027052,0.3572330499403295,0.04919815,0.002420458
3096,1,0,0.361547,0.042814016,0.4253374807446199,0.0637905,0.0040692277
3097,1,0,0.43029475,0.11622715,0.5431893107061612,0.112894535,0.012745176
3098,1,0,0.54748654,0.24454927,0.5552883184296586,0.007801771,6.0867635e-05
3099,1,0,0.5595255,0.25781298,0.7986281631185634,0.23910266,0.057170082
3100,1,0,0.8016579,0.5279777,0.8432035848753352,0.04154569,0.0017260442
3101,1,0,0.8436477,0.5781362,0.8162696964363572,0.027378023,0.0007495561
3102,1,0,0.81851506,0.547806,0.7739233314636649,0.044591725,0.001988422
3103,1,0,0.77708983,0.5002637,0.818822437781257,0.04173261,0.0017416107
3104,1,0,0.82089686,0.55067706,0.9850710124330172,0.16417414,0.026953148
3105,1,0,0.97964597,0.7390597,1.1336951901730443,0.15404928,0.02373118
3106,1,0,1.1278894,0.90925765,1.0675745565049684,0.060314894,0.0036378864
3107,1,0,1.0614731,0.8334954,1.1213730730610574,0.059899926,0.0035880012
3108,1,0,1.1154048,0.8953922,1.2264654400749166,0.11106062,0.012334461
3109,1,0,1.222152,1.0123341,1.0806147168944291,0.14153731,0.02003281
3110,1,0,1.0744398,0.84847665,1.0730227417032725,0.0014170408,2.0080047e-06
3111,1,0,1.0668895,0.83975244,1.157558796616711,0.090669274,0.008220918
3112,1,0,1.1520898,0.9357183,1.0848050069495296,0.06728482,0.0045272475
3113,1,0,1.0786078,0.85329366,1.001675891740129,0.07693195,0.0059185256
3114,1,0,0.9960835,0.7580168,0.976058753669355,0.020024717,0.0004009893
3115,1,0,0.970731,0.72877955,1.137440161031519,0.16670918,0.027791953
3116,1,0,1.1316841,0.9134085,1.082275515000399,0.049408555,0.0024412053
3117,1,0,1.076092,0.850384,1.1039875569294266,0.02789557,0.0007781628
3118,1,0,1.0978072,0.87536407,1.0658371711905636,0.031970024,0.0010220824
3119,1,0,1.0597456,0.8315003,1.0549604780862274,0.004785061,2.2896807e-05
3120,1,0,1.0489376,0.8190191,0.9552414089436758,0.09369618,0.0087789735
3121,1,0,0.95015645,0.7050655,0.9708419633947432,0.020685494,0.00042788967
3122,1,0,0.9655731,0.7228348,0.8621860292660206,0.10338706,0.010688883
3123,1,0,0.8613651,0.5995562,1.018979679112363,0.15761459,0.02484236
3124,1,0,1.013231,0.7778008,0.9927382856125128,0.020492733,0.0004199521
3125,1,0,0.98723483,0.7478106,0.995866445300416,0.008631587,7.450429e-05
3126,1,0,0.9903319,0.75138164,0.9409950115176636,0.04933685,0.002434125
3127,1,0,0.9360912,0.6888597,0.7677207595386704,0.16837043,0.0283486
3128,1,0,0.77092004,0.49331594,0.6963301874150942,0.07458985,0.0055636456
3129,1,0,0.6998923,0.41363168,0.6275449976805256,0.07234728,0.0052341293
3130,1,0,0.6314342,0.33736682,0.8475747734512349,0.21614057,0.046716746
3131,1,0,0.84772754,0.5830667,0.9062921347090024,0.058564603,0.0034298128
3132,1,0,0.90253854,0.64946294,0.8923339129522456,0.010204613,0.00010413413
3133,1,0,0.889508,0.63364816,0.7291408010919276,0.16036719,0.025717637
3134,1,0,0.73254037,0.45018768,0.8510934612644045,0.1185531,0.014054838
3135,1,0,0.85101104,0.5870354,0.9035627064890908,0.052551687,0.0027616797
3136,1,0,0.8999908,0.64636874,1.0316821512838792,0.13169134,0.017342608
3137,1,0,1.0258286,0.7923372,1.1052086059873054,0.079380035,0.0063011902
3138,1,0,1.0990422,0.87676835,1.107937298962653,0.008895159,7.912385e-05
3139,1,0,1.1018031,0.8799112,1.0111668191930936,0.09063625,0.00821493
3140,1,0,1.0054867,0.7688639,0.9870080333169712,0.018478692,0.00034146203
3141,1,0,0.9815633,0.7412689,1.0934789468704849,0.11191559,0.012525099
3142,1,0,1.0872405,0.8632686,1.003370177414777,0.08387029,0.007034226
3143,1,0,0.99776244,0.75995374,0.8464540507610718,0.15130842,0.022894237
3144,1,0,0.84668136,0.5818021,0.7170147832244544,0.12966657,0.016813418
3145,1,0,0.72047544,0.43666482,0.6830717799212134,0.037403643,0.0013990325
3146,1,0,0.6866977,0.39889216,0.8927910675478334,0.20609337,0.04247448
3147,1,0,0.8899338,0.63416696,0.884551776788006,0.005382061,2.896658e-05
3148,1,0,0.88224244,0.624841,0.6920805623671646,0.19016188,0.036161542
3149,1,0,0.69566274,0.40890527,0.6990747605027727,0.0034120083,1.16418005e-05
3150,1,0,0.7026231,0.41668653,0.7544506952504064,0.05182755,0.002686095
3151,1,0,0.7577207,0.4784639,0.6355390284411206,0.122181654,0.014928357
3152,1,0,0.6393907,0.34620476,0.5652728864998084,0.07411784,0.005493454
3153,1,0,0.56946015,0.2687707,0.5805123679408797,0.011052191,0.00012215093
3154,1,0,0.58462596,0.28551912,0.4902899646787926,0.094336,0.008899282
3155,1,0,0.4948647,0.18675208,0.4226068578045701,0.07225785,0.0052211965
3156,1,0,0.42758155,0.11327362,0.3590178326470759,0.06856373,0.004700985
3157,1,0,0.36337757,0.044730425,0.3443958150773825,0.018981755,0.00036030702
3158,1,0,0.34837627,0.02903843,0.3562371582798089,0.007860899,6.179373e-05
3159,1,0,0.36052465,0.041745424,0.3979211862690808,0.03739652,0.0013984997
3160,1,0,0.40305805,0.08660674,0.4810238943630653,0.077965856,0.0060786745
3161,1,0,0.48565006,0.17666054,0.3176178954286808,0.16803217,0.02823481
3162,1,0,0.3209107,0.00036668777,0.3302088946570247,0.009298205,8.6456625e-05
3163,1,0,0.3338232,0.013838053,0.3885850229737033,0.054761827,0.0029988578
3164,1,0,0.3937199,0.07654071,0.4450142023841046,0.051294297,0.002631105
3165,1,0,0.44985032,0.13753986,0.2836079481271452,0.16624236,0.027636522
3166,1,0,0.28604078,-0.035921812,0.0261699251779572,0.25987086,0.06753286
3167,1,0,0.02299118,-0.031235695,-0.012630185638927,0.035621367,0.0012688818
3168,1,0,-0.016465187,-0.002464056,-0.0736101738528347,0.057144985,0.0032655492
3169,1,0,-0.07834625,0.028253555,-0.0595412803163735,0.018804971,0.00035362694
3170,1,0,-0.06408453,0.02271676,0.0055784618514125,0.06966299,0.004852932
3171,1,0,0.0020439625,-0.015063286,0.0055269503915593,0.003482988,1.2131206e-05
3172,1,0,0.0019915104,-0.015025377,0.061861003318878,0.059869494,0.0035843563
3173,1,0,0.059338808,-0.06410098,0.0581187628188244,0.0012200437,1.4885068e-06
3174,1,0,0.055525064,-0.060368538,0.0153106615832521,0.040214404,0.0016171983
3175,1,0,0.011942148,-0.022452593,0.0325857633547825,0.020643614,0.0004261588
3176,0,0,-0.027917624,-0.03669262,-0.1112936581237611,0.083376035,0.006951563
3177,0,0,0.10505724,0.038630486,-0.0844903075587306,0.18954754,0.035928268
3178,0,0,0.08032417,0.031909943,0.0574372300681038,0.022886943,0.00052381214
3179,0,0,-0.050922394,-0.05969596,0.1017177099061585,0.1526401,0.023299001
3180,0,0,-0.09192538,-0.08129525,0.1604405013486656,0.2523659,0.06368854
3181,0,0,-0.14630747,-0.090436935,0.2216043440172415,0.36791182,0.13535911
3182,0,0,-0.20293021,-0.09388876,0.1459626735767667,0.34889287,0.12172623
3183,1,0,0.1451602,-0.08776617,0.3170016015796624,0.17184141,0.029529471
3184,1,0,0.32027817,-0.00029230118,0.3618895405444946,0.041611373,0.0017315064
3185,1,0,0.36632514,0.0478158,0.3111779929563747,0.05514714,0.003041207
3186,1,0,0.31430602,-0.0065147877,0.3156120870219898,0.001306057,1.7057848e-06
3187,1,0,0.31885314,-0.0017764568,0.262814413615823,0.056038737,0.00314034
3188,1,0,0.26473212,-0.05803895,0.3329834492538888,0.06825134,0.0046582455
3189,1,0,0.33666897,0.016808271,0.2462236391733561,0.090445325,0.008180357
3190,1,0,0.24773645,-0.075647116,0.234234218361514,0.01350224,0.00018231048
3191,1,0,0.23545694,-0.08835006,0.1332642801941195,0.10219267,0.010443342
3192,1,0,0.1321876,-0.0856483,0.1074962649102189,0.024691343,0.00060966244
3193,1,0,0.10587835,-0.08199668,-0.0676001391634923,0.17347848,0.030094784
3194,1,0,-0.07225537,0.0260005,-0.1758368935893459,0.10358152,0.010729131
3195,1,0,-0.18168163,0.042034864,-0.0649632704562108,0.11671836,0.013623175
3196,1,0,-0.06958151,0.024959326,-0.1143838928177549,0.044802383,0.0020072535
3197,1,0,-0.11962652,0.03919959,-0.2129087849574098,0.09328227,0.0087015815
3198,1,0,-0.21901679,0.03636527,-0.2525373284793946,0.03352055,0.0011236273
3199,1,0,-0.25883865,0.024700642,-0.4315757635934143,0.17273712,0.029838113
3200,1,0,-0.43747663,-0.10742116,-0.6251982662745812,0.18772161,0.035239402
3201,1,0,-0.6290219,-0.32155538,-0.6333002213716123,0.004278362,1.830438e-05
3202,1,0,-0.63698554,-0.33127546,-0.5173484453458488,0.11963707,0.014313029
3203,1,0,-0.52245975,-0.19675803,-0.4711344505279098,0.05132529,0.0026342855
3204,1,0,-0.47663784,-0.14717698,-0.4406443965997937,0.035993457,0.001295529
3205,1,0,-0.44646406,-0.116286755,-0.5778267824560062,0.13136274,0.017256169
3206,1,0,-0.58233976,-0.26552463,-0.5562937718561667,0.026045978,0.000678393
3207,1,0,-0.5610554,-0.24062276,-0.6495329271199473,0.08847749,0.007828266
3208,1,0,-0.65292335,-0.35084367,-0.6698640838312477,0.016940713,0.00028698775
3209,1,0,-0.6728511,-0.3755021,-0.7204954458694863,0.047644377,0.0022699866
3210,1,0,-0.7223103,-0.43737936,-0.8321476581531382,0.10983735,0.012064245
3211,1,0,-0.83048654,-0.57402205,-0.9592956898058032,0.12880915,0.016591799
3212,1,0,-0.9520931,-0.72568107,-1.0695987225644186,0.11750555,0.013807555
3213,1,0,-1.0603778,-0.8510549,-1.0453825332280275,0.0149953365,0.00022486012
3214,1,0,-1.0342312,-0.8241067,-1.0191064415586863,0.015124798,0.00022875951
3215,1,0,-1.0086803,-0.79448986,-0.9807111508092574,0.027969182,0.0007822751
3216,1,0,-0.97240114,-0.75053215,-0.9756419384579456,0.0032408237,1.05029385e-05
3217,1,0,-0.9675987,-0.74467015,-0.8770245890267545,0.090574086,0.008203665
3218,1,0,-0.8736062,-0.62825036,-0.9927519736039216,0.11914575,0.01419571
3219,1,0,-0.98379636,-0.7644012,-0.8476185215352992,0.13617784,0.018544404
3220,1,0,-0.8453753,-0.5927861,-0.96613340140108,0.120758116,0.014582522
3221,1,0,-0.9585831,-0.7336409,-0.9996911043027756,0.041108012,0.0016898686
3222,1,0,-0.99035597,-0.7723596,-1.1050793181075875,0.114723325,0.013161441
3223,1,0,-1.0985005,-0.8899138,-1.0564622922779123,0.042038202,0.0017672104
3224,1,0,-1.0462072,-0.83647895,-1.1466897748084914,0.10048258,0.010096749
3225,1,0,-1.1429262,-0.9345176,-1.034375627840351,0.10855055,0.011783222
3226,1,0,-1.0230615,-0.811748,-1.0249075106603796,0.0018459558,3.407553e-06
3227,1,0,-1.014148,-0.8010614,-0.9766703740588945,0.037477612,0.0014045715
3228,1,0,-0.96857333,-0.7458608,-0.983549704380569,0.014976382,0.00022429203
3229,1,0,-0.9750893,-0.753808,-0.7976074525603614,0.17748183,0.0314998
3230,1,0,-0.7971554,-0.53191686,-0.9495977106207332,0.15244234,0.023238666
3231,1,0,-0.9428804,-0.7143533,-0.9084369066405502,0.034443498,0.0011863546
3232,1,0,-0.903661,-0.66578984,-0.8106813391427519,0.09297967,0.008645219
3233,1,0,-0.8097863,-0.5478842,-0.6152502755050304,0.19453603,0.037844267
3234,1,0,-0.61923504,-0.3096695,-0.7433978463865696,0.12416279,0.0154164
3235,1,0,-0.744601,-0.4654777,-0.6594888155694147,0.085112214,0.007244089
3236,1,0,-0.6626866,-0.36290002,-0.5860476942977866,0.07663888,0.0058735176
3237,1,0,-0.59045553,-0.27513576,-0.6228713468284321,0.032415807,0.0010507846
3238,1,0,-0.6267333,-0.31877017,-0.4599163747371189,0.16681692,0.027827885
3239,1,0,-0.46554446,-0.13562608,-0.2127683429796554,0.25277612,0.06389576
3240,1,0,-0.21887541,0.036396742,-0.2283213033916071,0.009445891,8.922485e-05
3241,1,0,-0.23451543,0.032490015,-0.1021280855152535,0.13238734,0.017526409
3242,1,0,-0.10722661,0.03669405,-0.0097675858444561,0.097459026,0.009498262
3243,1,0,-0.013555765,-0.0043389797,0.141090973156222,0.15464674,0.023915613
3244,1,0,0.14018297,-0.08692908,0.0942510433627239,0.045931928,0.002109742
3245,1,0,0.09236336,-0.08045268,0.0883363002566954,0.0040270537,1.6217162e-05
3246,1,0,0.08632994,-0.07983661,0.035375499193373,0.05095444,0.0025963548
3247,1,0,0.032361507,-0.039126396,0.0019570259333554,0.030404482,0.00092443253
3248,1,0,-0.0016374588,-0.012431145,-0.102288905147875,0.10065144,0.010130713
3249,1,0,-0.10738897,0.03673172,0.0372711825828453,0.14466016,0.020926561
3250,1,0,0.034291267,-0.040801525,0.1099922300623363,0.07570096,0.0057306355
3251,1,0,0.108425856,-0.082312346,0.1531537517200987,0.04472789,0.0020005843
3252,1,0,0.15250802,-0.089058876,0.1085765307409514,0.04393149,0.0019299759
3253,1,0,0.10698104,-0.082131386,0.0783506602464467,0.028630376,0.00081969844
3254,1,0,0.07614708,-0.078896284,0.0649683856449629,0.011178695,0.00012496322
3255,1,0,0.06250453,-0.06725168,0.171925964995343,0.10942143,0.0119730495
3256,1,0,0.17169833,-0.0927515,0.1137868945766209,0.05791144,0.003353735
3257,1,0,0.11229944,-0.08280873,0.0285756083236972,0.083723836,0.007009681
3258,1,0,0.02543974,-0.033258677,-0.0371582352020363,0.062597975,0.0039185067
3259,1,0,-0.041375875,0.012001991,0.0560720588674756,0.09744793,0.009496099
3260,1,0,0.053439617,-0.058354378,0.0767098680246531,0.02327025,0.00054150453
3261,0,1,-0.06876731,-0.0787549,-0.0933148365220501,0.024547525,0.00060258096
3262,0,1,0.08846927,0.03447938,0.072679409233745,0.015789859,0.00024931965
3263,0,1,-0.06503487,-0.07526851,-0.0563652723971928,0.008669592,7.5161835e-05
3264,0,1,0.05434823,0.021338463,0.0963082575918066,0.04196003,0.0017606441
3265,0,1,-0.08691549,-0.080676794,0.0067893656443738,0.09370486,0.0087806005
3266,0,1,-0.004045725,-0.015957832,-0.0799417049816733,0.07589598,0.0057602
3267,0,1,0.07612443,0.030447245,0.0496479221211059,0.026476506,0.0007010054
3268,0,1,-0.0437119,-0.052165985,-0.2198791645454521,0.17616726,0.031034905
3269,0,1,0.20499015,0.034720182,0.1327875971901528,0.07220255,0.005213208
3270,0,1,-0.12069917,-0.08557272,-0.2070109705643097,0.0863118,0.007449727
3271,0,1,0.19317365,0.0376184,0.1694443509319545,0.023729295,0.00056307943
3272,0,1,-0.15464497,-0.09223819,-0.1882629452853352,0.033617973,0.0011301681
3273,0,1,0.17594361,0.040724993,0.1033998203032782,0.07254379,0.0052626017
3274,0,1,-0.093483925,-0.08149552,0.1297302415421541,0.22321416,0.049824562
3275,0,1,-0.11786747,-0.085096836,0.095598931155227,0.2134664,0.045567907
3276,0,1,-0.08625865,-0.08059883,-0.2167373391511007,0.1304787,0.01702469
3277,0,1,0.20210624,0.035482645,0.084342695060021,0.11776354,0.013868252
3278,0,1,-0.07583523,-0.07944536,-0.1197930585904107,0.04395783,0.0019322907
3279,0,1,0.11289501,0.040094137,0.1430357952255887,0.030140787,0.00090846705
3280,0,1,-0.13019013,-0.08726025,-0.1367025577612866,0.0065124184,4.2411593e-05
3281,0,1,0.1284821,0.042072058,0.1867808226789375,0.058298722,0.003398741
3282,0,1,-0.17069769,-0.09600282,-0.2543735584484996,0.08367586,0.0070016496
3283,0,1,0.23662663,0.024027824,0.1405298248844646,0.0960968,0.009234595
3284,0,1,-0.12786913,-0.08683443,-0.1541046838328288,0.02623555,0.00068830414
3285,0,1,0.14451265,0.042836428,0.1577913725524764,0.013278723,0.00017632448
3286,0,1,-0.14385533,-0.0899272,-0.1421763640259872,0.0016789734,2.8189518e-06
3287,0,1,0.13352609,0.042450905,0.1971499071787437,0.063623816,0.00404799
3288,0,1,-0.18029618,-0.09844422,-0.0467934137834831,0.13350277,0.017822988
3289,0,1,0.045503378,0.016902924,-0.0580188537897208,0.103522226,0.010716851
3290,0,1,0.055876255,0.022061825,0.0464400312070893,0.009436224,8.904232e-05
3291,0,1,-0.040741682,-0.049149275,-0.1009814660457442,0.060239784,0.0036288316
3292,0,1,0.09554386,0.03642583,0.2408131929579551,0.14526933,0.02110318
3293,0,1,-0.22070336,-0.08138251,-0.2043635901457254,0.016339779,0.00026698838
3294,0,1,0.1907413,0.038137436,0.2719165614099634,0.08117527,0.006589424
3295,0,1,-0.24946928,-0.048363447,-0.2515790911983782,0.0021098256,4.451364e-06
3296,0,1,0.23406625,0.025047302,0.071074913435968,0.16299134,0.026566178
3297,0,1,-0.06354976,-0.07357621,-0.142601112121393,0.07905136,0.0062491177
3298,0,1,0.13391662,0.04247427,0.2693733175318358,0.13545671,0.01834852
3299,0,1,-0.24711776,-0.05106783,-0.1385097949539568,0.10860796,0.011795689
3300,0,1,0.1301477,0.04221058,0.1097565152672945,0.020391181,0.00041580026
3301,0,1,-0.09937048,-0.08228254,-0.1767591052624109,0.07738863,0.0059889997
3302,0,1,0.16536307,0.041958094,0.1334475950585454,0.03191547,0.0010185973
3303,0,1,-0.12131095,-0.08567834,-0.3048273447454597,0.18351638,0.033678263
3304,0,1,0.28278613,-0.0033664703,0.3350701181395186,0.052283973,0.0027336138
3305,0,1,-0.30780983,0.019043922,-0.2307635248139457,0.077046305,0.005936133
3306,0,1,0.21497893,0.03179741,0.1528847134220581,0.062094226,0.003855693
3307,0,1,-0.13931131,-0.08901024,-0.1809937935925254,0.04168248,0.0017374293
3308,0,1,0.16925836,0.04156518,0.1288789409004791,0.04037942,0.0016304975
3309,0,1,-0.11707997,-0.084965706,-0.0566319706180222,0.060448002,0.003653961
3310,0,1,0.054594755,0.021456242,0.272832161558656,0.2182374,0.047627565
3311,0,1,-0.2503152,-0.047390223,-0.1460267221093567,0.104288474,0.010876086
3312,0,1,0.1370728,0.042639732,0.0379740014567651,0.0990988,0.009820572
3313,0,1,-0.03290558,-0.041427374,0.1367099425370126,0.16961552,0.028769426
3314,0,1,-0.12433195,-0.086201906,-0.1612111566039709,0.03687921,0.0013600762
3315,0,1,0.15105534,0.0427866,0.2152461481645269,0.064190805,0.0041204593
3316,0,1,-0.19704652,-0.09653354,-0.1488743082132915,0.048172206,0.0023205613
3317,0,1,0.1396954,0.042740345,0.3033012044145953,0.16360581,0.02676686
3318,0,1,-0.27847457,-0.01492691,-0.5420396540062451,0.26356506,0.069466546
3319,0,1,0.49749303,-0.22437835,0.428869082476885,0.06862396,0.004709248
3320,0,1,-0.39423704,0.120048046,-0.2834111476896432,0.110825896,0.012282379
3321,0,1,0.26321054,0.009754419,0.3113041381587784,0.048093617,0.002312996
3322,0,1,-0.2858677,-0.006380081,-0.4314572241972945,0.14558953,0.021196311
3323,0,1,0.39793396,-0.10730696,0.4399341585055869,0.042000204,0.0017640172
3324,0,1,-0.40441012,0.13203263,-0.3112953129454041,0.09311482,0.00867037
3325,0,1,0.28869343,-0.007618189,0.1781184830254023,0.110574946,0.012226819
3326,0,1,-0.16267705,-0.09407115,-0.0177557844370466,0.14492127,0.021002175
3327,0,1,0.018659115,0.00079631805,0.0615461377065629,0.042887025,0.0018392969
3328,0,1,-0.0547266,-0.06378412,-0.1548631087796166,0.1001365,0.010027319
3329,0,1,0.14521074,0.042841673,0.2188264735343899,0.07361573,0.0054192757
3330,0,1,-0.2003603,-0.09504366,-0.2497381544006347,0.04937786,0.002438173
3331,0,1,0.23237944,0.025704145,0.1841533896006559,0.048226044,0.0023257514
3332,0,1,-0.16826439,-0.09540677,-0.1720470121584072,0.00378263,1.430829e-05
3333,0,1,0.16102886,0.042312145,0.2950571332478708,0.13402829,0.01796358
3334,0,1,-0.27085757,-0.023721933,-0.2749083110578616,0.0040507317,1.6408427e-05
3335,0,1,0.2554314,0.014539957,0.2788289823466945,0.023397565,0.000547446
3336,0,1,-0.25585938,-0.041009426,-0.2435378182685981,0.012321562,0.00015182087
3337,0,1,0.22669506,0.027832031,0.2776417462110307,0.050946683,0.0025955646
3338,0,1,-0.2547624,-0.042274,-0.324501622136276,0.06973922,0.0048635593
3339,0,1,0.3007462,-0.01669836,0.1595098600057958,0.14123634,0.019947702
3340,0,1,-0.14544606,-0.090257645,-0.1265886810896979,0.018857375,0.00035560058
3341,0,1,0.11916065,0.04103732,0.1895381399932305,0.070377484,0.0049529904
3342,0,1,-0.17324948,-0.096639395,-0.3676520036020396,0.19440252,0.03779234
3343,0,1,0.34005094,-0.049849033,0.3056781201522041,0.034372807,0.0011814898
3344,0,1,-0.28067064,-0.012388945,-0.4818181545453943,0.20114753,0.040460326
3345,0,1,0.44340205,-0.15836477,0.4876785320148338,0.044276476,0.0019604063
3346,0,1,-0.4482453,0.1839068,-0.3429925987347344,0.10525268,0.011078128
3347,0,1,0.31760406,-0.030275345,0.2644913283666898,0.053112745,0.0028209637
3348,0,1,-0.24260402,-0.05625677,-0.2369201730866033,0.0056838393,3.230603e-05
3349,0,1,0.22062707,0.029957771,0.1384107909512639,0.08221628,0.0067595164
3350,0,1,-0.12590766,-0.08648133,-0.1095788151320555,0.016328841,0.00026663108
3351,0,1,0.10347533,0.03829646,0.0794618419333637,0.02401349,0.0005766477
3352,0,1,-0.07131553,-0.078995705,-0.0027626544794663,0.068552874,0.0046994966
3353,0,1,0.004791498,-0.009094238,0.0684242180207634,0.06363272,0.004049123
3354,0,1,-0.061095,-0.070809126,0.0319221945369205,0.09301719,0.008652198
3355,0,1,-0.027303219,-0.03611803,-0.0403534472530591,0.013050228,0.00017030846
3356,0,1,0.039551973,0.013675928,0.1160323485827197,0.076480374,0.005849248
3357,0,1,-0.10518265,-0.083111286,-0.2814241244626245,0.17624149,0.031061063
3358,0,1,0.26139307,0.010894299,0.2411871541282217,0.020205915,0.000408279
3359,0,1,-0.22104979,-0.08098626,-0.3584389575911753,0.13738918,0.018875787
3360,0,1,0.33166957,-0.04234767,0.4283274156468351,0.09665784,0.009342738
3361,0,1,-0.3937378,0.11946201,-0.2799619578103653,0.11377585,0.012944944
3362,0,1,0.26005507,0.011725187,0.2243024742981529,0.035752594,0.001278248
3363,0,1,-0.2054267,-0.09276986,-0.3592368303616133,0.15381014,0.02365756
3364,0,1,0.3323958,-0.0429883,0.2884895931953481,0.04390621,0.0019277554
3365,0,0,-0.2647884,-0.030721664,0.2241723419847598,0.48896074,0.2390826
3366,0,0,-0.20530581,-0.09282279,0.1900271541357003,0.39533296,0.15628815
3367,0,0,-0.17370248,-0.09675264,0.1636523643386707,0.33735484,0.11380829
3368,0,0,-0.14928246,-0.09106755,0.0737582881055374,0.22304074,0.049747173
3369,0,0,-0.066034555,-0.076412916,0.1542406666869649,0.22027522,0.048521172
3370,0,0,-0.14056706,-0.08926058,0.2448841918583171,0.38545126,0.14857267
3371,0,0,-0.2244699,-0.07706785,0.1173263684560415,0.34179628,0.116824694
3372,1,0,0.115912676,-0.08328867,0.0178147508008406,0.09809792,0.009623202
3373,1,0,0.014489651,-0.02442789,-0.0360442687969047,0.05053392,0.0025536772
3374,1,0,-0.04024458,0.011407375,-0.0872028068905632,0.04695823,0.0022050755
3375,1,0,-0.09211683,0.032737017,-0.0575230088784324,0.034593824,0.0011967326
3376,1,0,-0.062037945,0.021846533,0.1237445710946425,0.18578252,0.034515146
3377,1,0,0.12246513,-0.08419943,0.1260793201669421,0.0036141872,1.3062349e-05
3378,1,0,0.1248498,-0.08454394,0.160496106073003,0.035646304,0.001270659
3379,1,0,0.16001296,-0.090447664,0.1901299253529647,0.03011696,0.0009070313
3380,1,0,0.19031596,-0.09677577,0.1180096451401269,0.07230632,0.0052282037
3381,1,0,0.11661029,-0.08338261,0.111154106654554,0.0054561794,2.9769893e-05
3382,1,0,0.10961151,-0.08246231,0.0918101099909303,0.017801404,0.00031689
3383,1,0,0.089873314,-0.08019233,-0.043543260473112,0.13341658,0.017799983
3384,1,0,-0.047855616,0.015298843,-0.1274655178467734,0.0796099,0.0063377363
3385,1,0,-0.13285303,0.041145086,0.0403692425133956,0.17322227,0.030005956
3386,1,0,0.03744626,-0.043576717,-0.0887652537942012,0.12621152,0.015929349
3387,1,0,-0.09369898,0.033198357,-0.140294895935797,0.046595916,0.0021711795
3388,1,0,-0.14581585,0.042335033,-0.0178607093450087,0.12795514,0.016372517
3389,0,0,0.018755674,0.00086236,0.2216679803785113,0.2029123,0.041173402
3390,0,0,-0.20298958,-0.09386277,0.0906902113037726,0.29367977,0.08624781
3391,0,0,-0.0817132,-0.08007622,0.1695205642590069,0.25123376,0.0631184
3392,1,0,0.16923904,-0.092253685,0.1847500322159581,0.015510991,0.00024059085
3393,1,0,0.18481302,-0.095541954,0.1802605110122543,0.0045525134,2.0725378e-05
3394,1,0,0.18022156,-0.09453988,0.1963895938454718,0.016168043,0.00026140563
3395,1,0,0.19672012,-0.09826136,0.3191005200330536,0.122380406,0.014976963
3396,1,0,0.3224311,0.0019521713,0.3406163292616573,0.018185228,0.00033070252
3397,1,0,0.34449935,0.02498746,0.2704073528839852,0.074092,0.0054896246
3398,1,0,0.2725122,-0.04996872,0.272089341338245,0.00042286515,1.7881494e-07
3399,1,0,0.2742362,-0.04818058,0.0607307573017452,0.21350545,0.045584574
3400,1,0,0.058186293,-0.06296539,0.1097476342060326,0.05156134,0.0026585718
3401,1,0,0.10817647,-0.082280874,0.0782780644767973,0.029898405,0.0008939146
3402,1,0,0.07607269,-0.0788908,0.1506200868246177,0.074547395,0.005557314
3403,1,0,0.14991903,-0.08859491,0.0941821815685024,0.055736855,0.0031065969
3404,1,0,0.09229374,-0.08044624,-0.1756659944316609,0.2679597,0.07180241
3405,1,0,-0.18150973,0.042048216,-0.0289028115285119,0.15260692,0.023288872
3406,1,0,-0.03299451,0.007453203,0.150100936399816,0.18309544,0.03352394
3407,1,0,0.14938903,-0.08850169,0.1253142676167651,0.024074763,0.0005795942
3408,1,0,0.12406874,-0.084429264,0.1351166551282334,0.011047915,0.000122056415
3409,1,0,0.13407993,-0.08594513,0.0846147535370707,0.04946518,0.002446804
3410,1,0,0.08253384,-0.07947135,-0.0146573222667307,0.097191155,0.009446121
3411,1,0,-0.018524408,-0.0011589527,-0.0706808899524973,0.05215648,0.0027202982
3412,1,0,-0.07537794,0.027176142,-0.0618933664982845,0.013484575,0.00018183376
3413,1,0,-0.066468954,0.023705244,-0.0689979985608792,0.0025290474,6.396081e-06
3414,0,0,0.066017866,0.026539087,-0.0235515728582331,0.089569435,0.008022684
3415,0,0,0.024018526,0.0043313503,0.0175652594178417,0.0064532664,4.1644646e-05
3416,0,0,-0.014015913,-0.02422905,0.0051921275330086,0.01920804,0.0003689488
3417,0,0,-0.002567768,-0.014780045,-0.0593996505166507,0.05683188,0.0032298628
3418,0,0,0.057151794,0.022655964,-0.0620725872631164,0.119224384,0.014214454
3419,0,0,0.059621096,0.02377987,-0.1278271720937516,0.18744826,0.035136852
3420,0,0,0.12030268,0.041188717,-0.3729161255472641,0.4932188,0.2432648
3421,0,0,0.3448379,-0.05423212,-0.1939569306661872,0.5387948,0.29029986
3422,1,0,-0.1999402,0.039923668,-0.3108482702864577,0.11090806,0.012300598
3423,1,0,-0.31725645,-0.007320404,-0.2482547102009009,0.069001734,0.0047612395
3424,1,0,-0.25453973,0.026225328,-0.3868385161333689,0.1322988,0.017502971
3425,1,0,-0.3930471,-0.06615448,-0.5147814578226906,0.12173438,0.01481926
3426,1,0,-0.5199115,-0.193928,-0.5056614053420767,0.0142501,0.00020306534
3427,1,0,-0.51085377,-0.18394041,-0.4221976702685994,0.0886561,0.007859903
3428,1,0,-0.42817545,-0.09842181,-0.5391461555592394,0.110970736,0.012314504
3429,1,0,-0.54407763,-0.22110558,-0.3698333010558685,0.17424434,0.030361092
3430,1,0,-0.37612152,-0.05165696,-0.2152704014588353,0.16085112,0.025873084
3431,1,0,-0.2213924,0.0358274,-0.1240679903795167,0.0973244,0.009472039
3432,1,0,-0.12941861,0.04071045,0.0189702803118509,0.14838889,0.022019263
3433,1,0,0.015665531,-0.025349379,0.1329021238384182,0.1172366,0.01374442
3434,1,0,0.13181758,-0.085591555,-0.0404229568646137,0.17224054,0.029666804
3435,1,0,-0.04468894,0.013711929,0.0727767410903723,0.11746568,0.013798187
3436,1,0,0.070464134,-0.075371265,-0.0583934855052481,0.12885761,0.016604284
3437,1,0,-0.06292081,0.02222395,-0.0672408642801549,0.0043200552,1.8662877e-05
3438,1,0,-0.07189107,0.025860071,0.0205356893767336,0.09242676,0.008542706
3439,1,0,0.017258406,-0.026607275,0.0502523405866104,0.032993935,0.0010885998
3440,0,0,-0.044270754,-0.052739143,0.0663962634100308,0.11066702,0.012247189
3441,0,0,-0.05921793,-0.06871486,-0.014246704919191,0.044971224,0.002022411
3442,0,0,0.015412807,-0.0014214516,0.008312637570174,0.0071001695,5.0412407e-05
3443,0,0,-0.0054547787,-0.01709342,-0.0358697036927839,0.030414924,0.0009250676
3444,0,0,0.03540778,0.011312962,-0.2328002026921316,0.26820797,0.07193551
3445,0,0,0.21684766,0.031203508,-0.2021281769091096,0.41897583,0.17554075
3446,0,0,0.18868732,0.03855586,-0.2200550491467541,0.40874237,0.16707033
3447,1,0,-0.22620487,0.034674883,-0.3156323475059372,0.08942747,0.007997273
3448,1,0,-0.3220396,-0.010541916,-0.449093480632694,0.12705389,0.01614269
3449,1,0,-0.45483327,-0.124684334,-0.6231979547452151,0.1683647,0.028346673
3450,1,0,-0.6270547,-0.31916142,-0.6507834808590891,0.023728788,0.0005630554
3451,1,0,-0.6541505,-0.35235667,-0.658086453221769,0.0039359927,1.5492038e-05
3452,1,0,-0.6613121,-0.36119962,-0.6749160074708436,0.013603926,0.00018506679
3453,1,0,-0.67779756,-0.38165116,-0.7839617890211703,0.10616422,0.011270841
3454,1,0,-0.7839539,-0.5152211,-0.6938955373301146,0.09005839,0.008110513
3455,1,0,-0.69635653,-0.404809,-0.7889986492626968,0.09264213,0.008582564
3456,1,0,-0.7888298,-0.5213866,-0.6509637124596055,0.13786608,0.019007055
3457,1,0,-0.65432715,-0.35257483,-0.3415527788114958,0.3127744,0.09782782
3458,1,0,-0.3479278,-0.02918315,-0.321014214386055,0.026913583,0.00072434096
3459,1,0,-0.32741857,-0.014249086,-0.2787156328089777,0.048702925,0.002371975
3460,1,0,-0.28509116,0.012428045,-0.3652018457804895,0.0801107,0.0064177243
3461,1,0,-0.37150836,-0.04783225,-0.3993412798836169,0.027832925,0.00077467173
3462,1,0,-0.40547895,-0.0772481,-0.3796202192282347,0.02585873,0.0006686739
3463,1,0,-0.38586593,-0.05991435,-0.554344424554011,0.16847849,0.028385
3464,1,0,-0.55912733,-0.23838925,-0.6078051808832123,0.04867786,0.0023695342
3465,1,1,-0.6119051,-0.3008113,0.6461345447670976,1.2580397,1.5826639
3466,1,1,0.64993644,0.35792828,-0.5427138459055381,1.1926503,1.4224148
3467,1,1,-0.54761195,-0.22514153,0.6188063382773499,1.1664183,1.3605317
3468,0,1,-0.56802416,0.32771516,-0.5570627372072172,0.010961413,0.00012015258
3469,0,1,0.5109365,-0.24150491,0.2759126280061728,0.23502386,0.055236213
3470,0,1,-0.2531631,-0.04411316,-0.0760614572547813,0.17710164,0.031364992
3471,0,1,0.072541475,0.029124498,0.2639285927836483,0.19138712,0.03662903
3472,0,1,-0.24208331,-0.056855917,-0.365217388069722,0.12313408,0.015162
3473,0,1,0.33783627,-0.047845602,0.3418230377278974,0.003986776,1.5894382e-05
3474,0,1,-0.31404305,0.026280165,-0.2529831543654173,0.061059892,0.0037283103
3475,0,1,0.23535228,0.024538279,0.0691322440662358,0.16622004,0.027629102
3476,0,1,-0.06175065,-0.071546316,-0.132824196253293,0.07107355,0.005051449
3477,0,1,0.12490773,0.041727543,0.1379450365785035,0.013037309,0.00016997143
3478,0,1,-0.1254754,-0.086405516,-0.1121163715436801,0.013359033,0.00017846376
3479,0,1,0.10581541,0.038785458,0.1638805679328387,0.05806516,0.003371563
3480,0,1,-0.14949322,-0.09111261,-0.2503286839800789,0.10083547,0.010167792
3481,0,1,0.23292112,0.025494814,0.2776032261268946,0.044682115,0.0019964913
3482,0,1,-0.2547264,-0.042313576,-0.1054409636155844,0.14928544,0.022286141
3483,0,1,0.09965825,0.0374372,0.0155671337977958,0.08409112,0.0070713162
3484,0,1,-0.012167931,-0.022654533,0.0722239559770092,0.084391885,0.00712199
3485,0,1,-0.06461382,-0.0747869,-0.0761358729557155,0.011522055,0.00013275775
3486,0,1,0.0726099,0.029150248,-0.1441895970910676,0.2167995,0.04700202
3487,0,1,0.13538074,0.042557,0.1110209083503481,0.024359837,0.00059340167
3488,0,1,-0.10054159,-0.08244562,-0.1014169328701268,0.0008753389,7.662182e-07
3489,0,1,0.09594607,0.036527872,-0.1596320346223279,0.2555781,0.065320164
3490,0,1,0.1496017,0.042815447,0.1063741333102794,0.04322757,0.0018686226
3491,0,1,-0.0962379,-0.08185673,-0.2742330171558205,0.17799512,0.03168226
3492,0,1,0.25481296,0.014909029,0.2116412604176125,0.04317169,0.0018637948
3493,0,1,-0.19370961,-0.09803748,-0.1236203420412831,0.07008927,0.0049125063
3494,0,1,0.11642456,0.04065013,0.0979872167937174,0.01843734,0.00033993553
3495,0,1,-0.088470936,-0.080865145,-0.1437821769353786,0.055311248,0.0030593341
3496,0,1,0.135005,0.042537212,0.2669732039423351,0.1319682,0.017415605
3497,0,1,-0.24489856,-0.053619385,-0.3724165717989205,0.12751803,0.016260847
3498,0,1,0.34438348,-0.05381322,0.3682300978318706,0.023846626,0.0005686616
3499,0,1,-0.33839893,0.05463028,-0.3177525108493766,0.020646423,0.00042627478
3500,0,1,0.2945881,-0.011991978,0.4760728663442628,0.18148479,0.03293673
3501,0,1,-0.43759966,0.17127228,-0.2819523048892027,0.15564737,0.024226103
3502,0,1,0.2618761,0.0105929375,0.153717400228504,0.10815871,0.011698306
3503,0,1,-0.1400826,-0.08916259,-0.2307970121239635,0.09071441,0.008229104
3504,0,1,0.2150104,0.031787872,0.2764754910311953,0.061465085,0.0037779566
3505,0,1,-0.2536838,-0.04351425,-0.2962255818791499,0.042541772,0.0018098024
3506,0,1,0.27492714,0.0020825863,0.3364887384615698,0.061561584,0.0037898286
3507,0,1,-0.30911994,0.020563126,-0.378346010368638,0.06922606,0.004792247
3508,0,1,0.34977293,-0.05882573,0.212522388233205,0.13725054,0.01883771
3509,0,1,-0.19452524,-0.097670555,-0.1771050342061713,0.017420202,0.00030346346
3510,0,1,0.16568136,0.04192853,0.2577993860085468,0.092118025,0.008485731
3511,0,1,-0.23641562,-0.06336546,-0.3871786696448684,0.15076303,0.022729492
3512,0,1,0.3577962,-0.06645012,0.2495269363694912,0.10826926,0.011722232
3513,0,1,-0.2287643,-0.07214451,-0.0884422057420044,0.14032209,0.019690288
3514,0,1,0.08397126,0.033103466,0.170880042969113,0.08690879,0.0075531374
3515,0,1,-0.15597486,-0.09253359,-0.1568496753293593,0.0008748174,7.6530546e-07
3516,0,1,0.14704037,0.04284239,0.0544355598252259,0.09260481,0.008575651
3517,0,1,-0.048143625,-0.056759596,-0.1229572399792826,0.07481361,0.0055970764
3518,0,1,0.115813255,0.040558577,0.093802039230435,0.022011213,0.0004844935
3519,0,1,-0.084594965,-0.08040428,-0.056067867285154,0.028527096,0.0008137952
3520,0,1,0.05407381,0.021208048,0.2028700758045145,0.14879626,0.022140328
3521,0,1,-0.18559098,-0.09985185,-0.1269428506777057,0.058648124,0.0034396024
3522,0,1,0.11948705,0.041080713,0.0994161276021268,0.020070918,0.00040284175
3523,0,1,-0.089794636,-0.08102751,-0.2325243586933947,0.14272973,0.020371776
3524,0,1,0.2165947,0.031284332,0.3152338013986795,0.0986391,0.009729672
3525,0,1,-0.28949642,-0.0021812916,-0.212586958339529,0.07690947,0.005915066
3526,0,1,0.1982944,0.036436796,0.2247453317756376,0.026450932,0.0006996518
3527,0,1,-0.20583701,-0.09258628,-0.1932747304392084,0.012562275,0.00015781075
3528,0,1,0.18055081,0.040026188,0.1330055297812933,0.047545284,0.002260554
3529,0,1,-0.12090182,-0.08560777,-0.0182344297207017,0.10266739,0.010540593
3530,0,1,0.019100904,0.0010948181,0.1073330229392208,0.088232115,0.0077849063
3531,0,1,-0.09712601,-0.0819757,-0.1039020725732089,0.0067760646,4.591505e-05
3532,0,1,0.09823871,0.037098408,0.3140321750434456,0.21579346,0.046566818
3533,0,1,-0.28838634,-0.003465414,-0.152178891436423,0.13620745,0.01855247
3534,0,1,0.1427393,0.04281473,0.2209301421515666,0.07819085,0.0061138086
3535,0,1,-0.20230675,-0.09416914,0.0162923858352024,0.21859914,0.047785584
3536,0,1,-0.0128388405,-0.023223162,0.0534357161471605,0.06627455,0.0043923166
3537,0,1,-0.047217607,-0.05579114,-0.1083346168148509,0.06111701,0.0037352887
3538,0,1,0.10232782,0.038045883,0.0702201388324277,0.03210769,0.0010309037
3539,0,1,-0.062758684,-0.072681665,0.0218454971931434,0.08460418,0.0071578673
3540,0,1,-0.017977238,-0.02766943,-0.0711619181833276,0.05318468,0.0028286104
3541,0,1,0.06801605,0.02735567,0.1136914377059787,0.045675382,0.0020862406
3542,0,1,-0.10301471,-0.08279586,-0.1294694706191492,0.026454762,0.0006998544
3543,0,1,0.12181592,0.041377306,0.0808211687165858,0.04099475,0.0016805694
3544,0,1,-0.072574854,-0.07911825,-0.0808607438852582,0.008285888,6.865593e-05
3545,0,1,0.07697272,0.030750275,0.2377000436072545,0.16072732,0.025833271
3546,0,1,-0.2178235,-0.08468032,-0.2643296774967578,0.046506166,0.0021628235
3547,0,1,0.24574637,0.02014494,0.3044023622549261,0.058655977,0.0034405238
3548,0,1,-0.27949166,-0.013750076,-0.3373656325204672,0.057873964,0.0033493957
3549,0,1,0.31247616,-0.026040077,0.1373186612591879,0.1751575,0.03068015
3550,0,1,-0.12489581,-0.08630228,-0.0496863933285389,0.07520942,0.005656456
3551,0,1,0.04817748,0.018289328,-0.0839697909669743,0.13214728,0.017462904
3552,0,1,0.07984352,0.031747103,0.0212342864261714,0.058609232,0.0034350422
3553,0,1,-0.01741147,-0.027172565,-0.0585943787236304,0.04118291,0.001696032
3554,0,1,0.05640769,0.02230978,0.0745869415968649,0.018179253,0.00033048523
3555,0,1,-0.06680179,-0.07729578,-0.0133584217486952,0.053443365,0.0028561933
3556,0,1,0.014592648,-0.001992941,-0.125198336277021,0.13979098,0.019541519
3557,0,1,0.11787915,0.040860415,0.0380891697817662,0.07978998,0.006366441
3558,0,1,-0.033011198,-0.041529894,-0.0221427453910458,0.0108684525,0.00011812326
3559,0,1,0.022715807,0.0034866333,0.0472893989013996,0.02457359,0.00060386135
3560,0,1,-0.04152751,-0.049943447,0.1347806893089189,0.1763082,0.031084582
3561,0,1,-0.122546196,-0.08589077,-0.101429423917756,0.02111677,0.000445918
3562,0,1,0.09595752,0.036532164,0.1358334005736798,0.03987588,0.0015900858
3563,0,1,-0.123520136,-0.08605981,-0.3182421445104197,0.194722,0.037916657
3564,0,1,0.2950349,-0.012328625,0.4042681110947375,0.10923323,0.011931899
3565,0,0,-0.3716004,0.09345603,0.6221567576338072,0.9937571,0.98755324
3566,0,0,-0.5710709,0.33141494,0.3734165293974016,0.94448745,0.8920565
3567,1,0,0.37815285,0.06020856,0.4725180459201712,0.09436521,0.008904792
3568,1,0,0.47719264,0.16740656,0.3119414673104512,0.16525117,0.027307948
3569,1,0,0.31508875,-0.0056989193,0.40852010497301,0.09343135,0.008729418
3570,1,0,0.41358638,0.09804726,0.2108354179088518,0.20275097,0.041107953
3571,1,0,0.21150303,-0.09837532,0.2311168113991679,0.019613788,0.00038470066
3572,1,0,0.23226523,-0.08994961,0.1436165551960737,0.08864868,0.007858588
3573,1,0,0.14276338,-0.08735943,0.2190228500725628,0.07625948,0.0058155083
3574,1,0,0.2198832,-0.094961405,0.1755786541258253,0.04430455,0.0019628932
3575,1,0,0.1754334,-0.09352422,0.0248958523133349,0.15053755,0.022661554
3576,1,0,0.02169466,-0.030175924,0.1839047137159601,0.16221005,0.0263121
3577,1,0,0.18394876,-0.09535098,0.2559347052047349,0.07198596,0.0051819785
3578,1,0,0.25768304,-0.06534433,0.3546568313505784,0.09697381,0.009403919
3579,1,0,0.3589034,0.040048122,0.4806376176533966,0.1217342,0.014819216
3580,1,0,0.48526597,0.17623925,0.3996607023446019,0.08560526,0.007328261
3581,1,0,0.40478563,0.088483095,0.5308192931191518,0.12603366,0.015884485
3582,1,0,0.5351796,0.23100352,0.5213795466428768,0.013800085,0.00019044234
3583,1,0,0.52578855,0.22068119,0.4824103064987883,0.043378234,0.0018816711
3584,1,0,0.48702836,0.17816973,0.5720392800194207,0.085010946,0.007226861
3585,1,0,0.57619405,0.2762034,0.5646723542373908,0.011521697,0.0001327495
3586,1,0,0.56886315,0.26811218,0.6047704708189312,0.035907328,0.0012893362
3587,1,0,0.60876775,0.31223083,0.5727845631439927,0.035983205,0.001294791
3588,1,0,0.57693505,0.27702284,0.4981057716099024,0.07882929,0.0062140566
3589,1,0,0.5026381,0.19527149,0.390594717815206,0.11204338,0.012553719
3590,1,0,0.39578176,0.07870746,0.4287921884219692,0.033010423,0.001089688
3591,1,0,0.43372774,0.11996555,0.5205324949231485,0.08680475,0.007535064
3592,1,0,0.524946,0.21975613,0.6098393143386045,0.084893346,0.00720688
3593,1,0,0.6138127,0.3178196,0.5162649235925847,0.09754777,0.009515568
3594,1,0,0.52070045,0.21509123,0.546121996782742,0.02542156,0.0006462557
3595,1,0,0.5504048,0.2477622,0.6633251061334424,0.112920344,0.012751004
3596,1,0,0.66704535,0.37697387,0.5214567217274162,0.14558864,0.02119605
3597,1,0,0.52586484,0.2207644,0.595957223864175,0.07009238,0.0049129417
3598,1,0,0.5999968,0.30251837,0.6325034415540061,0.032506645,0.001056682
3599,1,0,0.63636994,0.34284806,0.5638185503605855,0.07255137,0.005263701
3600,1,0,0.5680134,0.26717424,0.5986573024469029,0.03064388,0.00093904743
3601,1,0,0.6026838,0.3054924,0.540413467563909,0.062270343,0.0038775958
3602,1,0,0.54472446,0.24150848,0.4445920815062227,0.100132376,0.010026493
3603,1,0,0.44943047,0.13708138,0.420728388432936,0.02870208,0.0008238094
3604,1,0,0.42571497,0.111240864,0.252898409310565,0.17281657,0.029865569
3605,1,0,0.2545731,-0.0685668,0.3112133544906488,0.056640238,0.0032081166
3606,1,0,0.31434226,-0.006477356,0.1933308640209698,0.12101139,0.014643757
3607,1,0,0.19359064,-0.09752846,0.1728360373389996,0.020754606,0.00043075366
3608,1,0,0.17262888,-0.09294224,0.0560382909542895,0.11659059,0.013593365
3609,1,0,0.05340576,-0.058321714,-0.0518289557655764,0.10523471,0.011074345
3610,1,0,-0.056262016,0.019290686,-0.156570877633543,0.100308865,0.0100618685
3611,1,0,-0.16224861,0.042843103,-0.2621229007129173,0.09987429,0.009974874
3612,1,0,-0.26845622,0.021065474,-0.2352609443703786,0.033195272,0.0011019261
3613,1,0,-0.24148941,0.030466795,-0.1367814397906919,0.10470797,0.010963759
3614,1,0,-0.1422658,0.04207921,-0.1802033315366751,0.037937537,0.0014392567
3615,1,0,-0.18608356,0.04164338,-0.2315959103441645,0.04551235,0.0020713739
3616,1,0,-0.23780656,0.031556368,-0.3365351735406436,0.09872863,0.009747342
3617,1,0,-0.34292006,-0.025423765,-0.2234150812334085,0.11950499,0.014281442
3618,1,0,-0.2295835,0.0338161,-0.1326858704868798,0.09689763,0.009389151
3619,1,0,-0.13812804,0.041713238,-0.0718527759817639,0.06627527,0.004392411
3620,1,0,-0.07656503,0.027611732,-0.0778324814840432,0.0012674555,1.6064434e-06
3621,1,0,-0.08262491,0.029736519,-0.1073279672901503,0.024703056,0.00061024097
3622,1,0,-0.11248875,0.03783822,0.0296126717602001,0.14210142,0.020192815
3623,1,0,0.026495218,-0.034137964,0.0533296396472677,0.02683442,0.00072008616
3624,1,0,0.050646067,-0.055688858,0.1103481171701381,0.059702054,0.0035643352
3625,1,0,0.10878968,-0.08235836,0.1580777429273081,0.049288064,0.0024293133
3626,1,0,0.15754104,-0.08998227,0.1974338473009562,0.039892808,0.0015914361
3627,1,0,0.19778895,-0.09851408,0.340068519061425,0.14227957,0.020243475
3628,1,0,0.3439381,0.024399519,0.4223895535727391,0.078451455,0.006154631
3629,1,0,0.42736578,0.113037825,0.4592583593647004,0.031892568,0.0010171359
3630,1,0,0.46400952,0.1529963,0.5457708661187439,0.08176136,0.00668492
3631,1,0,0.55005527,0.24737763,0.4048162554739458,0.145239,0.021094365
3632,1,0,0.40990686,0.09404802,0.4072222042936229,0.0026846528,7.207361e-06
3633,1,0,0.41229725,0.09664631,0.3272731643992368,0.08502409,0.007229096
3634,1,0,0.33081245,0.010694981,0.4188783352787033,0.08806589,0.0077556013
3635,1,0,0.423877,0.10924029,0.2837873912269746,0.1400896,0.019625096
3636,1,0,0.28622508,-0.035730362,0.3276245611109694,0.04139948,0.0017139169
3637,1,0,0.3311727,0.011070251,0.3072701351490701,0.023902565,0.00057133264
3638,1,0,0.31029916,-0.010689497,0.2274824635149697,0.08281669,0.006858604
3639,1,0,0.228544,-0.09145284,0.1820038176028249,0.046540186,0.0021659888
3640,1,0,0.18200397,-0.09492612,0.0943809249896863,0.08762305,0.007677799
3641,1,0,0.09249592,-0.08046651,0.0396381481047374,0.05285777,0.002793944
3642,1,0,0.03670144,-0.04291725,0.005470323308204,0.031231117,0.00097538263
3643,1,0,0.0019340515,-0.014984608,-0.02790504067615,0.029839093,0.00089037145
3644,1,0,-0.03198147,0.006881237,-0.126555119615904,0.09457365,0.008944174
3645,1,0,-0.13193226,0.041033506,-0.0580805098337773,0.07385175,0.0054540806
3646,1,0,-0.06260252,0.022089005,-0.0771898340259022,0.014587313,0.0002127897
3647,1,0,-0.08197355,0.029516697,-0.1444308704655639,0.062457323,0.0039009172
3648,1,0,-0.14999294,0.042568922,-0.1080742319974512,0.04191871,0.0017571782
3649,1,0,-0.11324334,0.037992954,-0.1765964117970155,0.06335308,0.0040136124
3650,1,0,-0.18244696,0.041971684,-0.2078559101144663,0.025408953,0.0006456149
3651,1,0,-0.21393299,0.0374465,-0.1322404688106608,0.08169252,0.006673667
3652,1,0,-0.13767862,0.041669607,-0.3300893189584788,0.19241071,0.03702188
3653,1,0,-0.3364842,-0.020697832,-0.3075125244552672,0.028971672,0.0008393578
3654,1,0,-0.31392074,-0.0051162243,-0.338861085073149,0.024940342,0.0006220206
3655,1,0,-0.34524202,-0.027156591,-0.3902478931818196,0.045005858,0.0020255272
3656,1,0,-0.39643884,-0.06914306,-0.2451917056410333,0.15124713,0.022875695
3657,1,0,-0.25146413,0.027277946,-0.1980495787504894,0.053414553,0.0028531146
3658,1,0,-0.20406127,0.0392704,-0.0793432813669809,0.12471799,0.015554576
3659,1,0,-0.0841558,0.03024745,-0.1913582595541791,0.107202455,0.011492367
3660,1,0,-0.19732285,0.040305614,-0.3107401376000598,0.1134173,0.012863483
3661,1,0,-0.31714797,-0.0072484016,-0.5077268549825971,0.19057888,0.03632031
3662,1,0,-0.51290536,-0.18619275,-0.5778346012617921,0.06492925,0.004215807
3663,1,0,-0.58234787,-0.26553416,-0.6825483173123916,0.100200474,0.010040135
3664,1,0,-0.6852646,-0.39095283,-0.7074093739624807,0.022144794,0.0004903919
3665,1,0,-0.7095504,-0.42134356,-0.7075217303396242,0.002028644,4.1153967e-06
3666,1,0,-0.70966077,-0.4214821,-0.5598726490872195,0.14978814,0.022436487
3667,1,0,-0.5645962,-0.24473286,-0.5269575060908749,0.037638664,0.001416669
3668,1,0,-0.53199506,-0.20742416,-0.4659213335664409,0.066073716,0.0043657357
3669,1,0,-0.47148418,-0.14178324,-0.530125595884293,0.058641434,0.0034388178
3670,1,0,-0.5351367,-0.21096396,-0.4917069030457517,0.043429792,0.0018861468
3671,1,0,-0.4969797,-0.16887331,-0.5459843092803407,0.049004614,0.0024014523
3672,1,0,-0.55085087,-0.22885251,-0.5357827809489022,0.015068114,0.00022704805
3673,1,0,-0.5407448,-0.217314,-0.6439629721283464,0.1032182,0.010653996
3674,1,0,-0.6474576,-0.3441167,-0.596966636976556,0.050490975,0.0025493386
3675,1,0,-0.6012254,-0.28797984,-0.6535177013714004,0.052292347,0.0027344895
3676,1,0,-0.65683246,-0.35566497,-0.6461175540157957,0.010714889,0.000114808834
3677,1,0,-0.6495726,-0.34671712,-0.6008281852063826,0.04874444,0.0023760204
3678,1,0,-0.6050317,-0.2925427,-0.7179345702154025,0.11290282,0.012747047
3679,1,0,-0.71981454,-0.4342401,-0.7040738341126493,0.015740693,0.0002477694
3680,1,0,-0.7062957,-0.41726017,-0.6694128297188393,0.036882877,0.0013603467
3681,1,0,-0.67241,-0.3749535,-0.6943225902466259,0.021912575,0.00048016093
3682,1,0,-0.696774,-0.4053316,-0.6765652680834826,0.020208716,0.00040839222
3683,1,0,-0.6794114,-0.3836596,-0.7240803930892512,0.044668972,0.0019953172
3684,1,0,-0.7258022,-0.44177604,-0.6914422587005649,0.034359932,0.0011806049
3685,1,0,-0.6939595,-0.40181065,-0.5288925982315287,0.1650669,0.02724708
3686,1,0,-0.5339136,-0.20958447,-0.4859586513899616,0.047954947,0.0022996769
3687,1,0,-0.49128222,-0.16274714,-0.5418987950078971,0.050616562,0.0025620363
3688,1,0,-0.54680467,-0.2242186,-0.3980259415750509,0.14877874,0.022135112
3689,1,0,-0.40417194,-0.076064825,-0.4142300767621618,0.010058135,0.00010116608
3690,1,0,-0.42026782,-0.09091544,-0.3297884841294425,0.090479344,0.008186512
3691,1,0,-0.33618402,-0.02047944,-0.503739746329996,0.16755575,0.02807493
3692,1,0,-0.5089438,-0.18184972,-0.6341912029882435,0.12524742,0.015686916
3693,1,0,-0.6378608,-0.33234668,-0.5055086420919586,0.13235211,0.017517082
3694,1,0,-0.5107012,-0.183774,-0.5684333539081625,0.057732165,0.0033330028
3695,1,0,-0.57306004,-0.2546115,-0.5379759747849642,0.03508407,0.0012308919
3696,1,0,-0.54291797,-0.21978521,-0.4845782613713485,0.058339715,0.0034035223
3697,1,0,-0.48991942,-0.1612835,-0.4095459064331415,0.080373526,0.0064599034
3698,1,0,-0.41561675,-0.08656454,-0.4562386501649804,0.040621907,0.0016501393
3699,1,0,-0.46190572,-0.13188529,-0.6083802581932622,0.14647454,0.02145479
3700,1,0,-0.6124716,-0.30149412,-0.4712414840571477,0.1412301,0.019945944
3701,1,0,-0.47674346,-0.14728785,-0.3436463986291516,0.13309705,0.017714825
3702,1,0,-0.3500173,-0.030773163,-0.2745803082223239,0.07543701,0.0056907423
3703,1,0,-0.28094673,0.014719009,-0.414328394069904,0.13338166,0.017790668
3704,1,0,-0.42036533,-0.09100723,-0.4516761751202964,0.031310856,0.0009803697
3705,1,0,-0.45738983,-0.12727642,-0.3463422600095156,0.111047566,0.012331562
3706,1,0,-0.3527074,-0.03283882,-0.2042782121784663,0.14842917,0.022031218
3707,1,0,-0.21033216,0.038153887,-0.2913645947330283,0.081032425,0.006566254
3708,1,0,-0.2977612,0.005056381,-0.1395975204011805,0.15816368,0.02501575
3709,1,0,-0.14511132,0.042287827,-0.2557201794240584,0.110608846,0.012234317
3710,1,0,-0.2620325,0.023527622,-0.146360494874044,0.11567201,0.013380013
3711,1,0,-0.15194154,0.042654276,-0.1290390764741769,0.022902459,0.0005245226
3712,1,0,-0.1344428,0.04132819,-0.207064250474402,0.07262145,0.005273875
3713,1,0,-0.21313643,0.03760743,-0.1166710655741463,0.09646537,0.0093055675
3714,1,0,-0.12193918,0.03959346,-0.1273947505518924,0.0054555684,2.9763227e-05
3715,1,0,-0.1327815,0.041136026,-0.0928937385708352,0.039887764,0.0015910337
3716,1,0,-0.09787989,0.034364223,-0.0653726214807863,0.032507263,0.0010567221
3717,1,0,-0.06999707,0.02512312,-0.1873779464406024,0.11738087,0.013778269
3718,1,0,-0.19331264,0.040839434,0.0221959362765642,0.21550858,0.046443947
3719,1,0,0.018947363,-0.027955532,0.031182464440191,0.012235101,0.0001496977
3720,1,0,0.028093338,-0.035481453,0.0252936883069785,0.0027996488,7.8380335e-06
3721,1,0,0.022099733,-0.030505896,-0.0045495523259191,0.026649285,0.0007101844
3722,1,0,-0.008252144,-0.007858753,-0.0701844355632985,0.061932288,0.0038356083
3723,0,0,0.067114115,0.026989937,-0.1114596208582807,0.17857373,0.031888574
3724,0,0,0.10520983,0.03866124,-0.055060783598491,0.16027062,0.02568667
3725,0,0,0.053143024,0.020760298,-0.06454377929846,0.1176868,0.013850183
3726,0,0,0.061903954,0.024790049,-0.0789378161054839,0.14084177,0.019836403
3727,0,0,0.07519722,0.03011179,-0.0432170629112089,0.11841428,0.014021942
3728,0,0,0.04219842,0.015134811,0.0486903113332579,0.006491892,4.2144664e-05
3729,0,0,-0.0428257,-0.051259995,0.1647460884011495,0.20757179,0.04308605
3730,0,0,-0.15029502,-0.091284275,0.0049915239042084,0.15528655,0.024113912
3731,0,0,-0.00238204,-0.01463294,-0.1020291166647835,0.099647075,0.00992954
3732,0,0,0.09651041,0.03667164,0.0320207961085623,0.06448962,0.004158911
3733,0,0,-0.02739501,-0.036202908,0.0361105521694278,0.06350556,0.004032956
3734,0,0,-0.031180143,-0.039773703,-0.0025958198284699,0.028584324,0.00081706356
3735,0,0,0.0046372414,-0.009210587,0.0418538290264103,0.03721659,0.0013850745
3736,0,0,-0.036496162,-0.04492402,0.0695058523540712,0.10600202,0.011236427
3737,0,0,-0.062096834,-0.07193518,0.1110872340704127,0.17318407,0.029992722
3738,0,0,-0.10060334,-0.08245373,-0.0060756924174176,0.09452765,0.008935476
3739,0,0,0.007855654,-0.0068159103,-0.0758421895404315,0.08369784,0.0070053283
3740,0,0,0.07233882,0.02904725,-0.2143132271734091,0.28665203,0.082169384
3741,0,0,0.19988012,0.036048412,-0.0803779867833536,0.28025812,0.07854462
3742,0,0,0.07652688,0.03059125,-0.1473891014944155,0.22391598,0.050138365
3743,0,0,0.13832784,0.042692423,-0.0798829383171191,0.21821077,0.04761594
3744,0,0,0.07606959,0.030427694,-0.1754323829314366,0.25150198,0.063253246
3745,0,0,0.16414356,0.04206705,-0.1489519351309942,0.3130955,0.0980288
3746,1,0,-0.15455723,0.04274273,-0.0550202053628048,0.09953702,0.009907619
3747,1,0,-0.059499502,0.020741224,-0.2423259098106753,0.18282641,0.0334255
3748,1,0,-0.2485857,0.028232813,-0.193650496954397,0.054935202,0.0030178765
3749,1,0,-0.19963145,0.039970398,-0.0907274712951498,0.10890398,0.011860077
3750,1,0,-0.09568596,0.033762455,-0.0665277691868029,0.02915819,0.0008502
3751,1,0,-0.071167946,0.025580406,-0.1146707619289433,0.043502815,0.001892495
3752,1,0,-0.11991596,0.03924966,-0.2186877829751345,0.098771825,0.009755873
3753,1,0,-0.22483063,0.035013437,-0.1815899778007446,0.04324065,0.0018697539
3754,1,0,-0.18748045,0.041504145,-0.0236138518177173,0.1638666,0.026852261
3755,1,0,-0.027622938,0.0043690205,0.0234228185203262,0.051045757,0.0026056692
3756,1,0,0.020196438,-0.028959274,-0.1551814371535851,0.17537788,0.0307574
3757,1,0,-0.16084576,0.042842627,0.034474478010753,0.19532023,0.038149994
3758,1,0,0.03144431,-0.03833604,0.0089410062749357,0.022503305,0.00050639873
3759,1,0,0.0054633617,-0.017565966,-0.0716730638723546,0.07713643,0.0059500285
3760,1,0,-0.076382875,0.027544975,-0.1035417972128653,0.027158923,0.00073760713
3761,0,0,0.09790611,0.037017107,0.0034951763211763,0.09441093,0.008913425
3762,0,0,-0.0009980202,-0.013540983,-0.0146027226020266,0.013604702,0.00018508793
3763,0,0,0.015743732,-0.0011937618,0.0012225590777994,0.014521173,0.00021086447
3764,0,0,0.0011045933,-0.011904478,0.1244316703378087,0.12332708,0.015209568
3765,0,0,-0.11296129,-0.084299326,0.2179912864414261,0.33095258,0.109529614
3766,0,0,-0.19958639,-0.095391035,0.2753891062332969,0.4749755,0.22560172
3767,1,0,0.27761674,-0.04467058,0.5049186122398943,0.2273019,0.05166615
3768,1,0,0.50941443,0.20270324,0.519817070130256,0.01040262,0.0001082145
3769,1,0,0.5242343,0.21897173,0.5708366264086702,0.04660231,0.002171775
3770,1,0,0.5749972,0.27488256,0.5065301771439805,0.06846702,0.004687733
3771,1,0,0.5110173,0.20446134,0.5327387471792413,0.021721423,0.0004718202
3772,1,0,0.5370898,0.23310518,0.3866230174603142,0.1504668,0.022640258
3773,1,0,0.3917055,0.07442784,0.3965039242854171,0.0047984123,2.302476e-05
3774,1,0,0.40165043,0.085078955,0.3261259475915889,0.07552448,0.005703947
3775,1,0,0.32963586,0.009467125,0.3248817196358136,0.004754126,2.2601715e-05
3776,1,0,0.32835984,0.008136034,0.3969280146531542,0.06856817,0.004701594
3777,1,0,0.4020722,0.08553529,0.4106576480138613,0.008585453,7.3710005e-05
3778,1,0,0.41570973,0.10035586,0.3196310429130116,0.096078694,0.009231116
3779,1,0,0.32297444,0.0025191307,0.2181626162496859,0.10481183,0.01098552
3780,1,0,0.21900249,-0.09531951,0.0736838145714635,0.14531867,0.021117516
3781,1,0,0.07138872,-0.07633448,0.0817012711311799,0.01031255,0.000106348685
3782,1,0,0.07956314,-0.079197645,0.2007495976264239,0.12118645,0.014686156
3783,1,0,0.20118165,-0.099325895,0.0914953763274715,0.10968627,0.012031078
3784,1,0,0.0895524,-0.0801599,0.1524327071336855,0.06288031,0.0039539333
3785,1,0,0.15177155,-0.08892584,0.1168371440326301,0.0349344,0.0012204124
3786,1,0,0.11541319,-0.08322096,0.2241277116947126,0.10871452,0.011818847
3787,1,0,0.2251091,-0.09284186,0.2115396626943084,0.013569444,0.00018412982
3788,1,0,0.21222329,-0.09808016,0.2013243704495608,0.010898918,0.00011878641
3789,1,0,0.20176935,-0.09946823,0.1312040162056944,0.07056534,0.0049794675
3790,1,0,0.13008308,-0.085324764,0.1830234108150197,0.052940324,0.002802678
3791,1,0,0.18304658,-0.09515309,0.1134068285732232,0.06963975,0.0048496947
3792,1,0,0.11191082,-0.08275843,0.0615954735272041,0.050315347,0.0025316342
3793,1,0,0.059067965,-0.06383395,0.0539059690197314,0.005161997,2.6646212e-05
3794,1,0,0.05123329,-0.05624628,0.0808796765532418,0.029646382,0.000878908
3795,1,0,0.078725815,-0.07912326,0.0514835303973075,0.027242284,0.00074214203
3796,1,0,0.04876542,-0.053913116,0.0528339166389222,0.0040684976,1.6552673e-05
3797,1,0,0.050140858,-0.055210114,0.1113551486496802,0.06121429,0.0037471894
3798,1,0,0.10981679,-0.08248925,0.1133094090020767,0.0034926161,1.2198368e-05
3799,1,0,0.11181188,-0.082745075,0.1885681962053405,0.07675631,0.0058915317
3800,1,0,0.18871856,-0.09641361,0.1327431870786974,0.055975378,0.003133243
3801,1,0,0.13165545,-0.08556628,0.2635427701339936,0.13188732,0.017394265
3802,1,0,0.26547813,-0.05726528,0.1308320034427881,0.13464613,0.018129582
3803,1,0,0.12970376,-0.08526707,0.3178054048397962,0.18810165,0.03538223
3804,1,0,0.32110214,0.0005681515,0.1607866010418623,0.16031554,0.025701074
3805,1,0,0.16030955,-0.090504885,0.2961650433762832,0.1358555,0.018456716
3806,1,0,0.29891372,-0.02254057,0.1654297816463779,0.13348393,0.01781796
3807,1,0,0.16505647,-0.091421604,0.071478669753906,0.093577795,0.008756803
3808,1,0,0.06914067,-0.074002266,-0.0995983665667168,0.16873904,0.028472861
3809,1,0,-0.10466623,0.036094666,-0.1852197588314026,0.08055353,0.0064888713
3810,1,0,-0.1911385,0.04110217,-0.2515818485660075,0.06044334,0.0036533976
3811,1,0,-0.25787926,0.025046349,-0.2355861421692879,0.02229312,0.00049698324
3812,1,0,-0.24181604,0.030367374,-0.244954254757987,0.0031382143,9.84839e-06
3813,1,0,-0.25122523,0.027357817,-0.2608229253633052,0.009597689,9.211563e-05
3814,1,0,-0.26715183,0.021576643,-0.3060067198965552,0.038854897,0.001509703
3815,1,0,-0.31241393,-0.0041315556,-0.3624394766790537,0.050025553,0.002502556
3816,1,0,-0.36875582,-0.045577526,-0.3960525456838542,0.027296722,0.000745111
3817,1,0,-0.40221024,-0.07429528,-0.3996634016229308,0.0025468469,6.486429e-06
3818,1,0,-0.4057989,-0.07753897,-0.4886209237941403,0.082822025,0.006859488
3819,1,0,-0.49391007,-0.1655786,-0.3713073258774848,0.12260276,0.015031437
3820,1,0,-0.37758994,-0.052885294,-0.3660047799946571,0.011585146,0.00013421562
3821,1,0,-0.37230802,-0.048491478,-0.2612113106811029,0.11109671,0.012342479
3822,1,0,-0.2675419,0.021424055,-0.1332457260514599,0.13429616,0.01803546
3823,1,0,-0.13869381,0.04176855,-0.1726502653470301,0.033956453,0.0011530407
3824,1,0,-0.1784687,0.042271852,-0.1793263510123255,0.00085765123,7.3556566e-07
3825,1,0,-0.18519926,0.041728258,-0.0942732991255179,0.09092596,0.00826753
3826,1,0,-0.099276304,0.03473687,-0.0346993581073147,0.064576946,0.004170182
3827,1,0,-0.03887987,0.010681629,0.1190862515810802,0.15796612,0.024953296
3828,1,0,0.1177094,-0.08353305,0.2078153939863223,0.090105996,0.00811909
3829,1,0,0.20841241,-0.099636555,0.3224764485327935,0.11406404,0.013010604
3830,1,0,0.32589293,0.005561352,0.4488733332029779,0.122980416,0.015124182
3831,1,0,0.45368505,0.14172411,0.3908546541006266,0.06283039,0.0039476575
3832,1,0,0.39603996,0.07898736,0.4245626986369717,0.02852273,0.0008135461
3833,1,0,0.42952466,0.11538887,0.464983146501591,0.035458475,0.0012573035
3834,1,0,0.46970034,0.15921521,0.4909333600862178,0.021233022,0.00045084124
3835,1,0,0.4955051,0.18745327,0.4568171544328456,0.038687944,0.001496757
3836,1,0,0.46158242,0.15034509,0.5276130560551686,0.06603062,0.004360043
3837,1,0,0.5319898,0.22749686,0.4771647580627953,0.054825068,0.003005788
3838,1,0,0.48181272,0.17246127,0.5039023614482385,0.02208966,0.00048795308
3839,1,0,0.5084033,0.20159292,0.38557175661705,0.12283155,0.015087591
3840,1,0,0.3906269,0.073293924,0.3148050597541703,0.07582185,0.0057489523
3841,1,0,0.31802535,-0.0026404858,0.3734696262740198,0.05544427,0.0030740672
3842,1,0,0.37820792,0.06026554,0.2069341983504835,0.17127372,0.029334689
3843,1,0,0.20751023,-0.10000515,0.3275502945690642,0.12004006,0.014409616
3844,1,0,0.33109665,0.010991812,0.2566190735927982,0.07447758,0.00554691
3845,1,0,0.2583847,-0.06461811,0.3402921816850526,0.08190748,0.0067088353
3846,1,0,0.34416676,0.024639368,0.1089678544599803,0.2351989,0.055318523
3847,1,0,0.10738063,-0.08218169,-0.0089127392730592,0.11629337,0.013524148
3848,1,0,-0.0126879215,-0.004905939,0.1078363391992307,0.12052426,0.014526096
3849,1,0,0.10622573,-0.08203888,0.1515133130467107,0.04528758,0.0020509649
3850,1,0,0.15083194,-0.08875823,0.2495850668663428,0.098753124,0.0097521795
3851,1,0,0.25117922,-0.072081804,0.2920836484141538,0.040904433,0.0016731726
3852,1,0,0.29472947,-0.026891232,0.5790770265900869,0.28434753,0.08085352
3853,1,0,0.58319783,0.28393912,0.5116621612325467,0.07153565,0.005117349
3854,1,0,0.51612186,0.21006417,0.3194206880496057,0.19670117,0.03869135
3855,1,0,0.32275867,0.002295494,0.2189756336855297,0.10378304,0.01077092
3856,1,0,0.21983457,-0.09498119,0.2836760194740075,0.06384146,0.004075732
3857,1,0,0.28611088,-0.035848856,0.3747618250168854,0.08865094,0.00785899
3858,1,0,0.3795333,0.061656952,0.3638025335743764,0.015730768,0.00024745706
3859,1,0,0.36828756,0.049871683,0.2772695823264657,0.09101799,0.0082842745
3860,1,0,0.27954483,-0.04266858,0.2863155978344545,0.00677076,4.584319e-05
3861,1,0,0.2888162,-0.0330379,0.2255399275829717,0.06327629,0.004003889
3862,1,0,0.22655511,-0.09225607,0.2838098759445278,0.05725476,0.0032781076
3863,1,0,0.28624845,-0.03570652,0.3650881694701264,0.07883972,0.0062157013
3864,1,0,0.36960673,0.051253557,0.3406361306702279,0.0289706,0.0008392956
3865,1,0,0.34451938,0.025007248,0.3627739520812065,0.018254578,0.00033322963
3866,1,0,0.36723185,0.048766375,0.3506663836634156,0.016565472,0.00027441487
3867,1,0,0.35480952,0.03576517,0.3090365640539407,0.04577297,0.0020951647
3868,1,0,0.3121097,-0.008802891,0.3714665076287495,0.05935681,0.0035232308
3869,1,0,0.37615156,0.058110237,0.1407101632381491,0.2354414,0.055432655
3870,1,0,0.13979363,-0.08686471,0.3136768453739118,0.1738832,0.030235367
3871,1,0,0.31686902,-0.003844738,0.2588238968026428,0.05804512,0.003369236
3872,1,0,0.26064348,-0.06227684,0.2314775887128961,0.029165894,0.0008506494
3873,1,0,0.23263502,-0.08980012,0.2179259130613728,0.014709115,0.00021635806
3874,1,0,0.21876049,-0.09541774,0.3149158691794671,0.096155375,0.009245856
3875,1,0,0.3181393,-0.002519846,0.4195855111323658,0.10144621,0.010291334
3876,1,0,0.42457962,0.11000514,0.5472415512275646,0.12266195,0.015045954
3877,1,0,0.5515182,0.24898958,0.5030210930038845,0.04849708,0.002351967
3878,1,0,0.5075271,0.20063233,0.5632601396705756,0.055733025,0.00310617
3879,1,0,0.56745744,0.26656127,0.5587054246805319,0.008751988,7.65973e-05
3880,1,0,0.5629256,0.2615621,0.466007771042094,0.09691781,0.0093930615
3881,1,0,0.47071886,0.16032934,0.4665416814785983,0.004177183,1.7448858e-05
3882,1,0,0.47124982,0.16090846,0.6875247540647993,0.21627492,0.046774838
3883,1,0,0.69112945,0.40384054,0.7401381322383611,0.049008667,0.0024018495
3884,1,0,0.74348235,0.4624648,0.6539313556105202,0.08955097,0.008019377
3885,1,0,0.657696,0.3665626,0.684043936550967,0.026347935,0.00069421367
3886,1,0,0.6876657,0.39997315,0.7887311871304639,0.10106546,0.010214226
3887,1,0,0.791816,0.5168674,0.7836309340522738,0.008185089,6.699568e-05
3888,1,0,0.7867434,0.5111468,0.8344479905311064,0.047704577,0.0022757268
3889,1,0,0.8354776,0.56826854,0.7923767859065332,0.043100834,0.0018576819
3890,1,0,0.7954409,0.5209582,0.7868562331993956,0.008584678,7.36967e-05
3891,1,0,0.7899511,0.51476383,0.865831322553277,0.07588023,0.005757809
3892,1,0,0.86476684,0.60367465,1.0652182454380248,0.20045137,0.040180754
3893,1,0,1.0591304,0.8307898,1.0822446991007282,0.023114324,0.00053427194
3894,1,0,1.076061,0.85035014,0.9303965641312488,0.14566445,0.021218132
3895,1,0,0.9256346,0.6768162,0.9168415273354298,0.008793116,7.731888e-05
3896,1,0,0.91238856,0.66142726,0.8331620743529995,0.079226494,0.0062768376
3897,1,0,0.83427787,0.56682086,0.820814637412902,0.013463259,0.00018125934
3898,1,0,0.82275605,0.5529175,0.8078797823173205,0.014876246,0.0002213027
3899,1,0,0.8106878,0.5383711,0.877069603700027,0.06638181,0.004406545
3900,1,0,0.87525773,0.6163771,0.7190812017637378,0.15617651,0.024391102
3901,1,0,0.72253156,0.4389677,0.6138895464078034,0.10864198,0.01180308
3902,1,0,0.6178434,0.32228923,0.6129444097722652,0.0048989654,2.399986e-05
3903,1,0,0.6169026,0.3212452,0.6880323180927745,0.07112974,0.0050594397
3904,1,0,0.69163394,0.40440464,0.7728515593106402,0.08121765,0.0065963063
3905,1,0,0.7760236,0.49906206,0.5828205152357486,0.19320309,0.037327435
3906,1,0,0.5869229,0.2880571,0.8359918108140705,0.24906892,0.062035326
3907,1,0,0.8369181,0.5700085,0.7453014724501563,0.09161663,0.008393607
3908,1,0,0.74861884,0.46823454,0.6763265134329131,0.07229233,0.005226181
3909,1,0,0.67998433,0.3914001,0.6103769598746811,0.06960738,0.004845187
3910,1,0,0.6143477,0.31841326,0.6165682523980061,0.002220571,4.9309356e-06
3911,1,0,0.6205094,0.32524586,0.4964593195197841,0.12405008,0.015388423
3912,1,0,0.5010004,0.19347501,0.5879529857943422,0.08695257,0.007560749
3913,1,0,0.59203076,0.29370522,0.5150086724146661,0.077022076,0.0059324
3914,1,0,0.51945114,0.21371841,0.5674169526720774,0.047965825,0.0023007204
3915,1,0,0.571594,0.27112556,0.4091398371321935,0.16245416,0.026391353
3916,1,0,0.41420197,0.09871626,0.4762440860905372,0.062042117,0.0038492242
3917,1,0,0.4808972,0.171458,0.5414283598162739,0.0605312,0.003664026
3918,1,0,0.54573464,0.24261975,0.5673210932889465,0.021586478,0.00046597602
3919,1,0,0.5714991,0.27101922,0.4784299331114887,0.093069166,0.00866187
3920,1,0,0.4830706,0.17383742,0.5851033264311591,0.10203272,0.010410676
3921,1,0,0.589195,0.29056835,0.7325904382232209,0.14339542,0.020562248
3922,1,0,0.73597264,0.4540372,0.7553162611371014,0.019343615,0.00037417543
3923,1,0,0.7585819,0.47943187,0.6491913502163329,0.1093905,0.011966281
3924,1,0,0.65297866,0.3613119,0.7764442714692312,0.1234656,0.015243754
3925,1,0,0.7795975,0.50308895,0.9205274171341852,0.14092988,0.01986123
3926,1,0,0.9159043,0.66561055,0.8838960907570397,0.03200817,0.001024523
3927,1,0,0.88163066,0.62409854,0.799209874187174,0.08242077,0.006793183
3928,1,0,0.8022363,0.52863073,0.6754457940678997,0.12679052,0.016075836
3929,1,0,0.6791084,0.39042282,0.5234119454906994,0.15569645,0.024241386
3930,1,0,0.52780986,0.22290325,0.6663372482585355,0.1385274,0.019189838
3931,1,0,0.67004323,0.3803153,0.6847387631409716,0.014695525,0.00021595845
3932,1,0,0.68835616,0.4007442,0.8071125638526166,0.11875641,0.014103086
3933,1,0,0.80997205,0.53751016,1.0506055613205685,0.24063349,0.057904474
3934,1,0,1.0446126,0.81402373,1.002977067911886,0.041635633,0.0017335259
3935,1,0,0.9973738,0.75950456,0.9806365928395028,0.016737223,0.0002801346
3936,1,0,0.97525907,0.7340019,0.989055467724373,0.013796389,0.00019034035
3937,1,0,0.9835894,0.7436063,1.0564784155013789,0.07288897,0.005312802
3938,1,0,1.0504463,0.8207605,0.9681406714752784,0.08230561,0.0067742136
3939,1,0,0.9629023,0.7197554,0.8928782686890453,0.07002401,0.0049033626
3940,1,0,0.8900163,0.63426566,0.860999628149401,0.029016674,0.00084196735
3941,1,0,0.8602574,0.59821725,1.138648356818146,0.278391,0.07750155
3942,1,0,1.132909,0.91474795,1.094215502883125,0.038693547,0.0014971906
3943,1,0,1.0879738,0.86411595,1.06314546014482,0.024828315,0.0006164452
3944,1,0,1.057071,0.8284104,1.0637866199366193,0.0067156553,4.5100027e-05
3945,1,0,1.0577075,0.8291466,1.024950778793555,0.032756805,0.0010730083
3946,1,0,1.019151,0.7846315,1.0351267288193935,0.015975714,0.00025522342
3947,1,0,1.029247,0.7962835,0.9683160083817816,0.060931027,0.00371259
3948,1,0,0.9630754,0.7199552,0.8287758856920688,0.13429952,0.01803636
3949,1,0,0.8301842,0.56187963,0.8629721438136353,0.03278792,0.0010750477
3950,1,0,0.86209893,0.60044456,1.0951007357095777,0.23300183,0.05428985
3951,1,0,1.0888555,0.86513495,0.9370271148505088,0.15182841,0.023051865
3952,1,0,0.9321749,0.6843493,1.1114505428407455,0.17927563,0.032139752
3953,1,0,1.1053593,0.88395905,1.1123072817851605,0.006947994,4.8274625e-05
3954,1,0,1.1062262,0.88494515,1.259750290617608,0.15352404,0.02356963
3955,1,0,1.2560856,1.0494511,1.3651573823595782,0.10907173,0.011896643
3956,1,0,1.3639042,1.1674345,1.3442752797298838,0.019629002,0.0003852977
3957,1,0,1.3425038,1.1440098,1.3276653579703868,0.014838457,0.0002201798
3958,1,0,1.3254945,1.125397,1.3140420600542488,0.011452436,0.0001311583
3959,1,0,1.3115537,1.110141,1.3700970392896568,0.058543324,0.0034273209
3960,1,0,1.3689687,1.1729791,1.360384788552229,0.008583903,7.36834e-05
3961,1,0,1.3590109,1.1620786,1.408931959032261,0.049921036,0.0024921098
3962,1,0,1.4088252,1.2166145,1.3323410060880625,0.0764842,0.005849833
3963,1,0,1.330282,1.1306345,1.3587561089771207,0.028474092,0.0008107739
3964,1,0,1.3573415,1.1602509,1.4933227345436166,0.1359812,0.018490888
3965,1,0,1.4956357,1.3117039,1.5368234716393725,0.041187763,0.0016964319
3966,1,0,1.5404823,1.360851,1.537922172206842,0.0025601387,6.55431e-06
3967,1,0,1.5416157,1.3620942,1.5472384979697575,0.0056227446,3.161526e-05
3968,1,0,1.5512278,1.3726313,1.4326620987466456,0.11856568,0.01405782
3969,1,0,1.4332087,1.2433174,1.2818094925756234,0.15139925,0.022921734
3970,1,0,1.2786057,1.0740883,1.2045177583041125,0.07408798,0.0054890285
3971,1,0,1.1998093,0.9878967,1.2000337517607869,0.00022447109,5.038727e-08
3972,1,0,1.1952465,0.9829085,1.2079998856983374,0.012753487,0.00016265143
3973,1,1,1.2033513,0.99177146,-0.9254133615148894,2.1287646,4.5316386
3974,1,1,-0.91985893,-0.6859114,0.9334646727798588,1.8533236,3.4348083
3975,1,1,0.92866063,0.68030095,-0.82577176089849,1.7544324,3.0780332
3976,0,1,0.7474401,-0.56626964,0.5885222951281661,0.15891778,0.025254862
3977,0,1,-0.5404501,0.29433107,-0.5181117717223347,0.02233833,0.000499001
3978,0,1,0.4760387,-0.19760108,0.3645383373146966,0.11150035,0.012432328
3979,0,1,-0.33499503,0.050662518,-0.1234515377042679,0.2115435,0.044750653
3980,0,1,0.1162684,0.04062724,0.1705123017920264,0.054243907,0.0029424015
3981,0,1,-0.1556344,-0.092457294,-0.1512290584988904,0.0044053495,1.9407104e-05
3982,0,1,0.14186454,0.042798996,0.2765909941970412,0.13472646,0.01815122
3983,0,1,-0.25379062,-0.043391228,-0.3313239343958343,0.077533305,0.0060114134
3984,0,1,0.30696893,-0.021592617,0.3478654148912135,0.040896475,0.0016725217
3985,0,1,-0.3196175,0.032759666,-0.269993833421621,0.04962367,0.0024625084
3986,0,1,0.25093246,0.017191887,0.2141496833981144,0.03678277,0.0013529722
3987,0,1,-0.19603205,-0.096990585,-0.1634205261646424,0.03261152,0.0010635111
3988,0,1,0.15308928,0.042728662,0.0781188243359225,0.07497046,0.00562057
3989,0,1,-0.070072174,-0.078876734,0.0269552318200312,0.097027406,0.009414317
3990,0,1,-0.022706032,-0.031892538,-0.0166053381864443,0.0061006937,3.7218462e-05
3991,0,1,0.01759553,7.6293945e-05,0.0920329589260702,0.07443743,0.005540931
3992,0,1,-0.08295727,-0.08021641,0.0093620973604626,0.09231936,0.008522864
3993,0,1,-0.006426096,-0.017881393,0.1017970898469511,0.108223185,0.011712258
3994,0,1,-0.09199953,-0.08130455,-0.2094955309192392,0.117496,0.013805309
3995,0,1,0.19545531,0.037106276,0.0825757984421633,0.112879515,0.012741785
3996,0,1,-0.07419944,-0.079278946,-0.1100690078198165,0.03586957,0.001286626
3997,0,1,0.103927374,0.038392782,0.1535376956399292,0.049610317,0.0024611836
3998,0,1,-0.1399157,-0.08912921,-0.2101240571423566,0.070208356,0.0049292133
3999,0,1,0.19603205,0.03697276,0.17693596255548,0.019096091,0.0003646607
4000,0,1,-0.16158223,-0.09381485,-0.2219874745269714,0.06040524,0.0036487929
4001,0,1,0.20692515,0.03418708,0.0625596528869927,0.1443655,0.0208414
4002,0,1,-0.055665255,-0.06480527,-0.051351122289772,0.004314132,1.8611736e-05
4003,0,1,0.049714804,0.019069195,-0.0006844276504103,0.050399233,0.0025400827
4004,0,1,0.0028688908,-0.010550022,-0.0014309059033332,0.0042997967,1.8488252e-05
4005,0,1,0.0035598278,-0.010024548,-0.0492391379256607,0.052798964,0.0027877307
4006,0,1,0.047763824,0.018077374,0.2058295512439651,0.15806572,0.024984771
4007,0,1,-0.18833017,-0.1004684,-0.1406842936988219,0.04764588,0.00227013
4008,0,1,0.13215089,0.042359352,0.126184150686595,0.005966738,3.560196e-05
4009,0,1,-0.114584446,-0.08455992,-0.0771676959259872,0.03741675,0.0014000131
4010,0,1,0.0735631,0.02950859,-0.0047780953242297,0.07834119,0.0061373427
4011,0,1,0.0066559315,-0.0077023506,0.1624754630099203,0.15581954,0.024279727
4012,0,1,-0.14819217,-0.090835094,-0.1594959058796763,0.011303738,0.00012777449
4013,0,1,0.14947677,0.042817354,-0.0315106575169616,0.18098742,0.032756444
4014,0,1,0.031377554,0.008924961,0.0342642534409169,0.0028866976,8.333023e-06
4015,0,1,-0.02947092,-0.038151264,-0.1436803285309222,0.11420941,0.01304379
4016,0,1,0.13491106,0.042531967,0.0465525073438328,0.08835855,0.0078072334
4017,0,1,-0.040845156,-0.049254894,-0.0611407127568468,0.020295557,0.00041190963
4018,0,1,0.058760405,0.023391724,-0.0378161604418418,0.096576564,0.009327033
4019,0,1,0.03720665,0.012350559,-0.0628742667233765,0.100080915,0.01001619
4020,0,1,0.06036234,0.02411151,0.0621873466665618,0.0018250085,3.3306562e-06
4021,0,1,-0.055320263,-0.06442976,-0.0686663840035866,0.013346121,0.00017811893
4022,0,1,0.0657115,0.02641201,0.0961394666058845,0.03042797,0.00092586136
4023,0,1,-0.086759806,-0.08065939,-0.0367370738098697,0.050022732,0.0025022738
4024,0,1,0.03620863,0.011778116,0.1661441730070514,0.12993555,0.016883247
4025,0,1,-0.15158987,-0.09156489,0.0704580249302364,0.2220479,0.049305268
4026,0,1,-0.06297898,-0.07292962,-0.0741224637533157,0.011143483,0.00012417721
4027,0,1,0.070750475,0.028437853,-0.0015151650069444,0.07226564,0.005222323
4028,0,1,0.0036382675,-0.00996542,0.0675560213032548,0.063917756,0.00408548
4029,0,1,-0.06029129,-0.06991029,-0.158214444376699,0.09792316,0.009588945
4030,0,1,0.1482966,0.04283309,0.1610723986968478,0.012775809,0.00016322128
4031,0,1,-0.14689302,-0.09056091,-0.1315428910004645,0.015350133,0.00023562659
4032,0,1,0.12372756,0.041599274,0.0823437842309338,0.041383773,0.0017126166
4033,0,1,-0.07398391,-0.07925773,-0.0109528233234579,0.063031085,0.003972918
4034,0,1,0.01236701,-0.0035581589,-0.0550728569470342,0.06743987,0.004548136
4035,0,1,0.05315423,0.020766258,0.1351650651456437,0.082010835,0.006725777
4036,0,1,-0.1229012,-0.08595204,0.0456176167273585,0.16851881,0.02839859
4037,0,1,-0.039980173,-0.048384428,-0.2336509206884494,0.19367075,0.03750836
4038,0,1,0.217628,0.030951262,0.3495984958435874,0.1319705,0.01741621
4039,0,1,-0.32121587,0.03461933,-0.3605014117589546,0.03928554,0.0015433537
4040,0,1,0.33354616,-0.044008017,0.173943619462809,0.15960254,0.02547297
4041,0,1,-0.15881133,-0.09317565,-0.112665208518178,0.046146125,0.0021294649
4042,0,1,0.10632157,0.03888774,0.0144067963554421,0.09191477,0.008448325
4043,0,1,-0.0110936165,-0.021746874,0.0325235301379684,0.043617148,0.0019024556
4044,0,1,-0.027859211,-0.036637306,-0.0151379423880686,0.012721268,0.00016183067
4045,0,1,0.016237736,-0.0008530617,0.0104769536498321,0.0057607824,3.3186614e-05
4046,0,1,-0.0074579716,-0.01872611,0.0236835940040349,0.031141566,0.00096979714
4047,0,1,-0.019678116,-0.029173851,-0.042821393221196,0.023143277,0.00053561124
4048,0,1,0.041832924,0.01493597,0.0434951291646115,0.0016622059,2.7629285e-06
4049,0,1,-0.038015604,-0.04642439,0.0865605738216444,0.12457618,0.015519225
4050,0,1,-0.07788873,-0.07965994,-0.3304083994834577,0.25251967,0.06376618
4051,0,1,0.30613375,-0.020928144,0.32985168206101,0.02371794,0.00056254066
4052,0,1,-0.3029933,0.013454914,-0.3040134927285751,0.0010201931,1.0407939e-06
4053,0,1,0.28204322,-0.0028412342,0.3815924446009817,0.099549234,0.00991005
4054,0,1,-0.35071468,0.06900954,-0.4442477529052624,0.09353307,0.008748435
4055,0,1,0.40950084,-0.11985159,0.5029416951898034,0.09344083,0.008731189
4056,0,1,-0.46223593,0.20054603,-0.5235270319637473,0.0612911,0.0037565988
4057,0,1,0.48089814,-0.20360303,0.4177497191912778,0.06314841,0.0039877216
4058,0,1,-0.38400817,0.10801935,-0.452190091942128,0.06818193,0.004648776
4059,0,1,0.41667652,-0.12779307,0.2320110083140316,0.18466552,0.034101352
4060,0,1,-0.21255994,-0.089580536,-0.2299827203821847,0.01742278,0.00030355327
4061,0,1,0.21426249,0.032021284,0.2465709090000696,0.03230843,0.0010438346
4062,0,1,-0.22603011,-0.07527971,-0.1185770010389859,0.10745311,0.01154617
4063,0,1,0.111774206,0.039904118,0.1428148575820009,0.031040654,0.0009635222
4064,0,1,-0.12998557,-0.0872221,-0.2445478354050032,0.11456226,0.013124511
4065,0,1,0.22762108,0.027495384,0.0967200042885831,0.13090107,0.01713509
4066,0,1,-0.08729744,-0.080723286,-0.0887939420508319,0.0014965013,2.239516e-06
4067,0,1,0.08429623,0.033207417,0.1249805936669115,0.040684365,0.0016552175
4068,0,1,-0.11347008,-0.08438063,-0.0886529665511743,0.02481711,0.0006158889
4069,0,1,0.08416605,0.033165693,0.1779123508216717,0.093746305,0.00878837
4070,0,1,-0.16248631,-0.09402776,-0.0486119662642186,0.113874346,0.012967367
4071,0,1,0.04718399,0.017778873,-0.0243539030670225,0.0715379,0.0051176706
4072,0,1,0.024760485,0.0048081875,-0.1235096029709499,0.14827009,0.021984018
4073,0,1,0.11632228,0.040634632,0.0663650634056156,0.049957216,0.0024957233
4074,0,1,-0.059188366,-0.068682194,-0.1348515145717064,0.07566315,0.005724912
4075,0,1,0.1267767,0.04191637,0.1514417735120785,0.024665073,0.0006083658
4076,0,1,-0.13797522,-0.08874416,-0.1516544119730625,0.0136791915,0.00018712028
4077,0,1,0.14225554,0.04280591,-0.0271549800420691,0.16941053,0.028699927
4078,0,0,0.027350426,0.0064480305,0.0722423465868575,0.044891924,0.0020152847
4079,0,0,-0.064630985,-0.074807405,0.0355210544594273,0.10015204,0.010030431
4080,0,0,-0.030633926,-0.039254665,0.1508463113198987,0.18148024,0.03293508
4081,0,0,-0.13742352,-0.088636875,0.2465952146905441,0.38401872,0.14747037
4082,0,0,-0.22605205,-0.07525396,0.119732913516668,0.34578496,0.11956724
4083,0,0,-0.10860968,-0.08362436,0.1626508948528169,0.27126056,0.07358229
4084,0,0,-0.14835525,-0.09086919,0.0993212300475887,0.24767648,0.061343636
4085,1,0,0.09753609,-0.081017494,0.1494173046891491,0.051881224,0.0026916615
4086,1,0,0.14868999,-0.088378906,0.2829642691700433,0.13427427,0.01802958
4087,1,0,0.28538084,-0.036607504,0.211791845821712,0.073589,0.0054153404
4088,1,0,0.21248126,-0.09797478,0.2009684694067872,0.011512786,0.00013254424
4089,1,0,0.20140505,-0.09937978,0.3343017739157763,0.13289672,0.017661538
4090,1,0,0.33802176,0.018220663,0.426132543094841,0.088110775,0.0077635087
4091,1,0,0.43108535,0.11708689,0.2231170956730603,0.20796825,0.04325079
4092,1,0,0.22407484,-0.093261,0.2542752159389692,0.030200362,0.0009120619
4093,1,0,0.25598335,-0.067106485,0.2439080329840912,0.01207532,0.00014581335
4094,1,0,0.24536419,-0.078101635,0.2409802585827032,0.0043839365,1.92189e-05
4095,1,0,0.2423656,-0.081204176,0.1093963267354904,0.13296928,0.017680828
4096,1,0,0.10781741,-0.08223653,0.1351712301844094,0.027353823,0.00074823166
4097,1,0,0.13413548,-0.085953,0.1444375411940623,0.010302052,0.00010613228
4098,1,0,0.1436019,-0.087501764,0.3700258364527089,0.22642395,0.051267806
4099,1,0,0.37467337,0.056562185,0.481238874394462,0.106565505,0.011356207
4100,1,0,0.48586392,0.17689443,0.4959625915932739,0.010098666,0.00010198305
4101,1,0,0.5005069,0.19293475,0.5085234266782712,0.008016527,6.42647e-05
4102,1,0,0.513,0.20663643,0.5594796175442776,0.046479583,0.0021603517
4103,1,0,0.56369567,0.2624116,0.5579430818787614,0.0057525635,3.3091987e-05
4104,1,0,0.56216645,0.26072502,0.5352548582172316,0.026911616,0.0007242351
4105,1,0,0.5395925,0.23585844,0.4801492281045298,0.059443265,0.0035335019
4106,1,0,0.4847808,0.17570782,0.3751236758207592,0.10965711,0.012024681
4107,1,0,0.379905,0.06204605,0.3695753109097817,0.010329664,0.000106701955
4108,1,0,0.37421155,0.05607605,0.4357834115085071,0.061571866,0.0037910948
4109,1,0,0.44067526,0.12753558,0.4499741920044893,0.009298921,8.6469925e-05
4110,1,0,0.45477986,0.1429193,0.5172741929782654,0.062494338,0.0039055422
4111,1,0,0.5217047,0.21619415,0.6059495704157212,0.08424491,0.007097204
4112,1,0,0.60994124,0.31353092,0.6555089164630483,0.04556769,0.0020764144
4113,1,0,0.65926623,0.36831117,0.5121044822810017,0.14716172,0.021656573
4114,1,0,0.51656246,0.21054769,0.4318951417016889,0.084667325,0.007168556
4115,1,0,0.4368117,0.12332535,0.5157656769325434,0.07895398,0.0062337313
4116,1,0,0.5202043,0.21454597,0.4998886340937063,0.020315677,0.00041272672
4117,1,0,0.5044112,0.19721389,0.5225713727971222,0.018160164,0.00032979157
4118,1,0,0.52697444,0.22198343,0.5721796034107736,0.045205176,0.002043508
4119,1,0,0.5763333,0.27635813,0.3877482330562323,0.18858504,0.03556432
4120,1,0,0.3928609,0.07563925,0.4891725938879183,0.09631172,0.009275947
4121,1,0,0.49375343,0.18553495,0.5413901957452678,0.047636747,0.0022692597
4122,1,0,0.5456965,0.24257731,0.4263639039999565,0.11933258,0.014240265
4123,1,0,0.4313147,0.11733794,0.3099124467247898,0.12140226,0.014738509
4124,1,0,0.31300807,-0.007866383,0.4738232034005425,0.16081512,0.025861504
4125,1,0,0.47848988,0.16882515,0.4577885983273617,0.02070129,0.00042854337
4126,1,0,0.46254826,0.15140152,0.4571261179058914,0.005422145,2.9399658e-05
4127,1,0,0.4618895,0.15068102,0.5105948976764578,0.0487054,0.002372216
4128,1,0,0.5150602,0.20889854,0.4852953305488543,0.02976486,0.00088594697
4129,1,0,0.48989773,0.18131113,0.6468935461077279,0.15699583,0.024647692
4130,1,0,0.65069175,0.35876703,0.6533503175331599,0.002658546,7.0678666e-06
4131,1,0,0.6571176,0.36591864,0.5276570887472367,0.12946051,0.016760025
4132,1,0,0.5320339,0.22754574,0.3501689147426714,0.181865,0.033074882
4133,1,0,0.35429907,0.03523159,0.2139666348866291,0.14033243,0.01969319
4134,1,0,0.21470737,-0.09706807,0.0080589880081887,0.20664838,0.042703554
4135,1,0,0.0045666695,-0.016903639,-0.1159457818442906,0.12051245,0.01452325
4136,1,0,-0.121206045,0.03947115,-0.1526137043591826,0.031407654,0.0009864408
4137,1,0,-0.15825415,0.042820692,-0.1793278855172104,0.021073744,0.00044410268
4138,1,0,-0.18520117,0.041728735,-0.402920573485785,0.2177194,0.04740174
4139,1,0,-0.40903616,-0.080489635,-0.4203394973475887,0.011303335,0.0001277654
4140,1,0,-0.426332,-0.09665966,-0.3466180243417791,0.07971397,0.006354317
4141,1,0,-0.3529818,-0.033050776,-0.4830566135543961,0.1300748,0.016919453
4142,1,0,-0.4884162,-0.15967298,-0.469989736500477,0.018426448,0.000339534
4143,1,0,-0.4755063,-0.14598823,-0.5291772897575271,0.053671002,0.0028805765
4144,1,0,-0.53419614,-0.20990276,-0.5372894257250724,0.0030933022,9.568519e-06
4145,1,0,-0.5422375,-0.21901083,-0.6277755410199868,0.08553803,0.0073167547
4146,1,0,-0.6315558,-0.32464314,-0.6422483725568457,0.010692596,0.00011433162
4147,1,0,-0.6457746,-0.34204817,-0.6033687442474864,0.042405844,0.0017982556
4148,1,0,-0.6075351,-0.29555035,-0.5683500309132317,0.039185107,0.0015354726
4149,1,0,-0.5729778,-0.25451565,-0.5973696586201473,0.02439189,0.00059496425
4150,1,0,-0.6016226,-0.28845572,-0.4395889118701155,0.16203368,0.026254913
4151,1,0,-0.44541907,-0.11524773,-0.3136082501893296,0.13181081,0.01737409
4152,1,0,-0.3200159,-0.009170294,-0.310849167897365,0.009166747,8.4029256e-05
4153,1,0,-0.3172574,-0.007320881,-0.1106393784430532,0.20661803,0.042691007
4154,1,0,-0.115838766,0.038504362,-0.1110065422301644,0.004832223,2.335038e-05
4155,1,0,-0.116209745,0.038575172,0.081831654544231,0.19804141,0.0392204
4156,1,0,0.07969642,-0.079209805,-0.0166291133277942,0.09632553,0.0092786085
4157,1,0,-0.020528078,9.083748e-05,0.063203223127354,0.0837313,0.0070109307
4158,1,0,0.060706377,-0.06545639,0.1266456493351637,0.06593928,0.0043479884
4159,1,0,0.12542772,-0.08462834,0.1341329863824847,0.008705258,7.578152e-05
4160,1,0,0.133075,-0.08578682,0.0696710820512591,0.06340392,0.004020057
4161,1,0,0.0672977,-0.07210803,0.2267240813356519,0.15942639,0.025416775
4162,1,0,0.22776747,-0.09176636,0.2744869057297903,0.046719432,0.0021827053
4163,1,0,0.27669334,-0.04562974,0.1230643609575814,0.15362898,0.023601862
4164,1,0,0.121771336,-0.08410025,0.0826447273797392,0.039126605,0.0015308912
4165,1,0,0.08052516,-0.079285145,0.1790248863802852,0.09849973,0.009702197
4166,1,0,0.1789577,-0.094269514,0.1863222666746828,0.007364571,5.423691e-05
4167,1,0,0.1864214,-0.09589791,0.2007673161115644,0.014345929,0.00020580569
4168,1,0,0.20119905,-0.09932971,0.0243716583365238,0.1768274,0.03126793
4169,1,0,0.021161556,-0.029741287,0.1201807769378597,0.09901922,0.009804807
4170,1,0,0.118826866,-0.08368635,0.0944845987409794,0.024342269,0.0005925461
4171,1,0,0.092602015,-0.08047891,0.2427041525640696,0.15010214,0.022530653
4172,1,1,0.24413157,-0.07937837,-0.4233632273640477,0.6674948,0.44554928
4173,1,1,-0.42933202,-0.09953046,0.3472645627089878,0.77659655,0.6031022
4174,0,1,-0.3190632,0.03211522,-0.1737523858605398,0.1453108,0.02111523
4175,0,1,0.16259742,0.042194605,0.0375342482162937,0.12506317,0.015640795
4176,0,1,-0.032497644,-0.04103589,-0.1437221660864889,0.11122452,0.012370893
4177,0,1,0.13494992,0.042533875,0.1131932928364385,0.021756627,0.0004733508
4178,0,1,-0.10255337,-0.08272982,-0.1279766135944835,0.025423244,0.0006463413
4179,0,1,0.12043977,0.041205645,0.0919031080632661,0.028536662,0.0008143411
4180,0,1,-0.08283687,-0.08020282,-0.0025376577872027,0.080299206,0.0064479625
4181,0,1,0.004583597,-0.009250879,-0.0722038589725837,0.07678746,0.0058963136
4182,0,1,0.06897926,0.027741194,0.2353405174945502,0.16636126,0.027676068
4183,0,1,-0.21564078,-0.087178946,0.0860459433841729,0.30168673,0.091014884
4184,0,1,-0.07741308,-0.07960987,-0.0425214743824167,0.03489161,0.0012174244
4185,0,1,0.041555405,0.014783621,-0.1464070562176362,0.18796246,0.035329886
4186,0,1,0.1374228,0.042655945,0.0637480564165184,0.073674746,0.005427968
4187,0,1,-0.056766033,-0.066009045,-0.1659574142948829,0.10919139,0.011922759
4188,0,1,0.15542388,0.04263735,0.0054992585423385,0.14992462,0.022477392
4189,0,1,-0.002851963,-0.015006304,-0.1270563856474851,0.12420443,0.01542674
4190,0,1,0.11959195,0.041095257,0.1509622797961949,0.031370327,0.0009840974
4191,0,1,-0.13753104,-0.08865738,-0.2227345991168179,0.08520356,0.0072596464
4192,0,1,0.20761108,0.033994198,0.1863539004196477,0.021257177,0.00045186759
4193,0,1,-0.1703012,-0.09590483,-0.2175286040889461,0.047227412,0.0022304284
4194,0,1,0.20283175,0.035293818,0.2971219818333792,0.09429023,0.0088906465
4195,0,1,-0.2727654,-0.021519423,-0.3315940446698806,0.058828652,0.0034608103
4196,0,1,0.3072152,-0.02178955,0.0647521392778043,0.24246308,0.058788348
4197,0,1,-0.05769539,-0.06703138,-0.0893835239755072,0.03168814,0.0010041381
4198,0,1,0.084840536,0.033376932,-0.0123545759565453,0.09719511,0.00944689
4199,0,1,0.01366353,-0.0026421547,-0.1177675839714225,0.13143112,0.01727414
4200,0,1,0.111028194,0.03977418,-0.0578878234495663,0.16891602,0.02853262
4201,0,1,0.05575466,0.022005081,0.1730115615735306,0.117256895,0.013749179
4202,0,1,-0.15794897,-0.09297943,-0.2072335406026964,0.049284562,0.0024289682
4203,0,1,0.19337821,0.037572622,0.2654775656027679,0.07209936,0.0051983176
4204,0,1,-0.24351549,-0.055209637,-0.3675712281508221,0.12405574,0.015389827
4205,0,1,0.33997726,-0.049782276,0.18380474133314,0.15617253,0.02438986
4206,0,1,-0.16794157,-0.09532833,0.1534363688830367,0.32137793,0.10328378
4207,0,1,-0.13982296,-0.08911133,-0.0514894027310739,0.08833356,0.007802818
4208,0,1,0.04984331,0.01913333,-0.0589557919236551,0.1087991,0.011837244
4209,0,1,0.056741476,0.022466421,0.0407939918650956,0.015947483,0.00025432222
4210,0,1,-0.03551483,-0.043961287,-0.0576293002387027,0.022114467,0.00048904965
4211,0,1,0.055516243,0.021892548,0.1576185661491518,0.102102324,0.010424885
4212,0,1,-0.14369488,-0.089895725,-0.2021884318550859,0.058493555,0.003421496
4213,0,1,0.18874311,0.038544893,0.0058763369332921,0.18286678,0.03344026
4214,0,1,-0.0032010078,-0.015282154,-0.1251603320784191,0.12195933,0.014874077
4215,0,1,0.11784387,0.040855408,0.1391535350135586,0.021309674,0.0004541022
4216,0,1,-0.12659526,-0.0866034,-0.0995670824983081,0.027028173,0.00073052215
4217,0,1,0.094239,0.036087036,0.1797977380594368,0.08555874,0.0073202983
4218,0,1,-0.16423178,-0.09443879,-0.1176795474245793,0.046552233,0.0021671103
4219,0,1,0.11094642,0.03975916,-0.0571236919750677,0.16807011,0.028247561
4220,0,1,0.055048943,0.021672249,-0.090970075532907,0.14601901,0.021321552
4221,0,1,0.0863049,0.033830166,0.0706714106305241,0.015633494,0.0002444061
4222,0,1,-0.063176155,-0.07315397,-0.017193181457733,0.04598297,0.0021144338
4223,0,1,0.018138647,0.0004453659,0.0103009868782191,0.007837661,6.1428924e-05
4224,0,1,-0.0072939396,-0.018591642,-0.0650566246373673,0.057762682,0.0033365274
4225,0,1,0.062377214,0.024996042,0.1108201334887466,0.048442923,0.0023467168
4226,0,1,-0.10035586,-0.082419634,-0.2000622166076295,0.09970635,0.009941356
4227,0,1,0.18678904,0.038926363,0.1142479720040521,0.072541066,0.0052622063
4228,0,1,-0.10352969,-0.082870245,-0.1005403349856237,0.0029893592,8.936268e-06
4229,0,1,0.09513688,0.036320925,0.1834919766990665,0.088355094,0.007806623
4230,0,1,-0.16765237,-0.095258474,-0.0837370525472356,0.083915316,0.0070417803
4231,0,1,0.07962847,0.03167391,0.0644909610544908,0.0151375085,0.00022914416
4232,0,1,-0.057453632,-0.06676388,-0.1353638059425752,0.07791017,0.0060699945
4233,0,1,0.12724853,0.041960716,0.2288561478983042,0.10160762,0.010324108
4234,0,1,-0.20964098,-0.09088349,-0.2527049079696808,0.04306394,0.0018545028
4235,0,1,0.23509812,0.024639368,0.2300475512926918,0.00505057,2.5508256e-05
4236,0,1,-0.21074343,-0.0903914,-0.2048635814645734,0.005879849,3.4572626e-05
4237,0,1,0.1912005,0.038041115,0.2724678601186965,0.08126736,0.0066043832
4238,0,1,-0.24997902,-0.047777414,-0.2256438717912425,0.024335146,0.0005921993
4239,0,1,0.21028113,0.033224583,0.2286578896973643,0.018376753,0.00033770505
4240,0,1,-0.2094574,-0.09096527,-0.222170100585445,0.012712702,0.0001616128
4241,0,1,0.20709324,0.034139633,0.3075503649570374,0.10045713,0.010091635
4242,0,1,-0.28239942,-0.010390282,-0.2619266871247196,0.020472735,0.00041913288
4243,0,1,0.24354601,0.021143198,0.3924270084252739,0.14888099,0.022165548
4244,0,1,-0.36069632,0.080682755,-0.1866737682001482,0.17402254,0.030283844
4245,0,1,0.17448235,0.040926695,-0.1377847249575667,0.31226707,0.09751072
4246,0,1,0.12947893,0.04215741,0.1549122702859513,0.025433332,0.00064685434
4247,0,1,-0.1411891,-0.089384794,-0.2251355351944917,0.08394644,0.007047004
4248,0,1,0.20981479,0.033361673,0.3018694870931937,0.092054695,0.008474067
4249,0,1,-0.2771523,-0.016453981,-0.3824596496194501,0.10530734,0.011089636
4250,0,1,0.3535099,-0.06235361,0.361707816319639,0.008197904,6.720563e-05
4251,0,1,-0.33238506,0.047620296,-0.4493724267715828,0.11698738,0.013686047
4252,0,1,0.41413236,-0.12496376,0.374506840100925,0.039625525,0.0015701823
4253,0,1,-0.34418488,0.061381817,-0.3822330102594748,0.03804815,0.0014476615
4254,0,1,0.3533039,-0.062158108,0.4997110309208135,0.14640713,0.021435047
4255,0,1,-0.45927596,0.19702148,-0.440974725410209,0.018301249,0.0003349357
4256,0,1,0.40654206,-0.116612434,0.3815551611886745,0.024986893,0.0006243448
4257,0,1,-0.35068107,0.06896877,-0.3140386720759776,0.036642402,0.0013426656
4258,0,1,0.29119802,-0.009460688,0.41727377008166,0.12607574,0.015895093
4259,0,1,-0.38357067,0.107504845,-0.4055546321684367,0.021983951,0.0004832941
4260,0,1,0.37447095,-0.08289361,0.2083561572366958,0.16611479,0.027594125
4261,0,1,-0.1906693,-0.09941125,0.0435846006294844,0.2342539,0.05487489
4262,0,1,-0.038098335,-0.04650688,-0.0816848107198073,0.043586478,0.001899781
4263,0,1,0.07773399,0.031018734,0.0405091786253226,0.037224814,0.0013856868
4264,0,1,-0.03525138,-0.043703794,-0.0804034291164601,0.045152053,0.002038708
4265,0,1,0.076550245,0.030599833,0.0945373533550619,0.01798711,0.0003235361
4266,0,1,-0.08527613,-0.08048415,-0.0839450993295809,0.0013310239,1.7716245e-06
4267,0,1,0.079820395,0.031739235,0.0886487397747433,0.008828342,7.793962e-05
4268,0,1,-0.07982302,-0.079868555,0.0270205628799891,0.106843576,0.01141555
4269,0,1,-0.022766352,-0.031947136,0.1082928343092395,0.13105918,0.01717651
4270,0,1,-0.09801483,-0.082096815,-0.0357869103656915,0.06222792,0.003872314
4271,0,1,0.035330296,0.011268377,0.0480256845118618,0.012695391,0.00016117295
4272,0,1,-0.04220915,-0.050634146,-0.0318611501324586,0.010348,0.0001070811
4273,0,1,0.031701803,0.009120226,-0.0366681996374826,0.06837,0.004674457
4274,0,1,0.03614521,0.011740923,-0.1986042797483849,0.2347495,0.055107325
4275,0,1,0.18544984,0.03917718,0.0454109691084649,0.14003888,0.019610887
4276,0,1,-0.0397892,-0.048192978,-0.1016828482315479,0.06189365,0.0038308238
4277,0,1,0.09619045,0.036590576,0.0514359355341977,0.044754516,0.0020029668
4278,0,1,-0.045367002,-0.053868532,0.0516825961258029,0.097049594,0.0094186235
4279,0,1,-0.045595407,-0.054104567,-0.1419261338641684,0.09633073,0.00927961
4280,0,1,0.1332953,0.042435408,0.1157351843238387,0.017560117,0.0003083577
4281,0,1,-0.104907036,-0.08307028,-0.2282125407172532,0.1233055,0.015204246
4282,0,1,0.21263885,0.032520294,0.2386067769909061,0.025967926,0.0006743332
4283,0,0,-0.2186625,-0.08371973,0.4198419339630499,0.63850445,0.40768793
4284,0,0,-0.38593292,0.110281706,0.3948044655039298,0.7807374,0.6095509
4285,1,0,0.3999629,0.08324528,0.4376025736338298,0.037639678,0.0014167454
4286,1,0,0.4424832,0.12950611,0.1955157609391942,0.24696742,0.060992908
4287,1,0,0.19582582,-0.09804988,0.1740659869702749,0.021759823,0.0004734899
4288,1,0,0.17388654,-0.09320235,0.1647528349864462,0.009133697,8.342441e-05
4289,1,0,0.16436434,-0.09128642,0.186868140628424,0.022503808,0.0005064214
4290,1,0,0.18697977,-0.09602308,0.1641718966227348,0.022807881,0.0005201994
4291,1,0,0.1637702,-0.09117031,0.0792434557386916,0.08452674,0.0071447697
4292,1,0,0.07705712,-0.078976154,-0.063697164689672,0.14075428,0.019811768
4293,1,0,-0.06829834,0.024447441,-0.0608406693630634,0.00745767,5.5616838e-05
4294,1,0,-0.06540179,0.023266792,-0.1171554019530862,0.05175361,0.0026784362
4295,1,0,-0.122428894,0.03967333,0.1252526056538121,0.2476815,0.061346125
4296,1,0,0.12400532,-0.08442116,0.0190871798543592,0.10491814,0.011007816
4297,1,0,0.015783787,-0.025442123,-0.0390076955348983,0.054791484,0.0030021067
4298,1,0,-0.043252945,0.01297617,-0.0526792076250006,0.009426262,8.885442e-05
4299,0,0,0.05094266,0.019682169,-0.053000183447327,0.10394284,0.010804114
4300,0,0,0.051239014,0.019828558,-0.0810452436482891,0.13228425,0.017499125
4301,0,0,0.077142954,0.030810118,-0.1161947580962827,0.19333771,0.03737947
4302,0,0,0.10957718,0.03951311,0.0193717996088378,0.09020538,0.00813701
4303,0,0,-0.015687943,-0.025670052,0.1005170348315664,0.11620498,0.013503597
4304,0,0,-0.09081411,-0.08115554,0.1759306538530185,0.26674476,0.07115277
4305,0,0,-0.16065097,-0.093600035,0.1316042271946313,0.2922552,0.0854131
4306,0,0,-0.11960316,-0.08538771,-0.0361926951495084,0.08341046,0.006957304
4307,0,0,0.035705328,0.011486769,0.0158155367780175,0.01988979,0.00039560377
4308,0,0,-0.012397051,-0.02284789,-0.106860022161682,0.09446297,0.008923252
4309,0,0,0.10096741,0.03774047,-0.179385257649129,0.28035265,0.07859761
4310,0,0,0.1677792,0.04172325,-0.1545389667809069,0.3223182,0.10388902
4311,0,0,0.1449132,0.042840004,-0.1244017923596074,0.269315,0.072530575
4312,1,0,-0.12975526,0.040755987,-0.1063537280825164,0.023401529,0.0005476315
4313,1,0,-0.111502886,0.037632942,-0.1551409431115806,0.04363805,0.0019042795
4314,1,0,-0.16080523,0.042843103,-0.1087685489988667,0.052036673,0.0027078153
4315,1,0,-0.11394596,0.038134098,0.0043834043710835,0.11832937,0.01400184
4316,1,0,0.0008289814,-0.01418829,0.1690990789775992,0.1682701,0.028314825
4317,1,0,0.16880798,-0.09216571,0.373613550680735,0.20480555,0.041945316
4318,1,0,0.37835503,0.060420513,0.399463251565558,0.02110824,0.0004455578
4319,1,0,0.40459037,0.08827114,0.2773259551952587,0.12726441,0.01619623
4320,1,0,0.27960253,-0.042609215,0.2550358895195588,0.02456665,0.0006035203
4321,1,0,0.25676274,-0.06629896,0.0831888049726834,0.17357394,0.030127913
4322,1,0,0.08107972,-0.07933664,0.1673974710015491,0.08631775,0.007450754
4323,1,0,0.16706824,-0.09181905,0.1422354865756876,0.024832755,0.00061666575
4324,1,0,0.14135194,-0.08712244,-0.0263106108100878,0.16766255,0.02811073
4325,1,0,-0.030361652,0.0059576035,-0.0006222405876288,0.029739412,0.0008844326
4326,1,0,-0.00426054,-0.010594368,-0.1847315155235254,0.18047097,0.032569773
4327,1,0,-0.19064641,0.04115939,-0.287073128819292,0.096426725,0.009298113
4328,1,0,-0.29346395,0.007617712,-0.2375558074724568,0.055908144,0.0031257204
4329,1,0,-0.24379516,0.02976036,-0.2506303158392007,0.0068351626,4.6719448e-05
4330,1,0,-0.2569239,0.025387049,-0.2880971858428984,0.031173259,0.00097177207
4331,1,0,-0.29448938,0.0070118904,-0.3929452344834026,0.09845585,0.009693554
4332,1,0,-0.39912057,-0.07152724,-0.4166804046203363,0.017559826,0.00030834752
4333,1,0,-0.42270064,-0.09320998,-0.5166985463680969,0.093997896,0.008835604
4334,1,0,-0.5218148,-0.19604063,-0.4130125055780254,0.10880232,0.011837944
4335,1,0,-0.41905904,-0.089779854,-0.2718055345191859,0.14725351,0.021683598
4336,1,0,-0.27816558,0.016223669,-0.0894434575886147,0.18872212,0.035616037
4337,1,0,-0.09438586,0.033395052,0.0055859155950193,0.09997178,0.009994357
4338,1,0,0.0020518303,-0.015069723,0.0107951614882511,0.008743331,7.644583e-05
4339,1,0,0.0073492527,-0.018967867,-0.0618838245381963,0.069233075,0.004793219
4340,1,0,-0.066459894,0.023702383,-0.1539175246605575,0.08745763,0.0076488364
4341,1,0,-0.1595707,0.042835712,-0.239425863513838,0.079855174,0.0063768486
4342,1,0,-0.24567366,0.029171228,-0.2532274981726963,0.0075538456,5.7060584e-05
4343,1,0,-0.25953078,0.024449348,-0.3266704932973239,0.067139715,0.0045077414
4344,1,0,-0.33307004,-0.018239975,-0.4179782180947282,0.08490819,0.0072094
4345,1,0,-0.42398787,-0.09443021,-0.3605760972084111,0.06341177,0.0040210527
4346,1,0,-0.3668995,-0.044068575,-0.3135727419558103,0.053326756,0.002843743
4347,1,0,-0.31998062,-0.00914669,-0.3234552916571127,0.0034746826,1.2073419e-05
4348,1,0,-0.32985806,-0.01595974,-0.1876799958483315,0.14217807,0.020214604
4349,1,0,-0.19361663,0.040799856,-0.1863507754602529,0.007265851,5.2792588e-05
4350,1,0,-0.19227791,0.040966272,-0.2098691142696682,0.017591208,0.0003094506
4351,1,0,-0.21595788,0.03702593,-0.1056896718165325,0.110268205,0.012159077
4352,1,0,-0.110830545,0.03749132,-0.2571469162258037,0.14631638,0.021408483
4353,1,0,-0.2634642,0.022990942,-0.2304161930514148,0.03304802,0.0010921715
4354,1,0,-0.2366209,0.031897783,-0.2505076911055197,0.01388678,0.00019284265
4355,1,0,-0.25680113,0.025431395,-0.4856723984080817,0.22887126,0.052382052
4356,1,0,-0.49099922,-0.16244411,-0.4714286618583454,0.01957056,0.0003830068
4357,1,0,-0.4769287,-0.14748216,-0.6253109987521048,0.1483823,0.02201731
4358,1,0,-0.62913275,-0.32169032,-0.5411547533128132,0.087978005,0.0077401293
4359,1,0,-0.5460675,-0.22337604,-0.5216448367991342,0.024422646,0.0005964656
4360,1,0,-0.52672386,-0.20151329,-0.3139452262487716,0.21277863,0.045274746
4361,1,0,-0.32035303,-0.009397984,-0.3974606407866647,0.07710761,0.0059455833
4362,1,0,-0.40361,-0.075556755,-0.4085415291616754,0.0049315393,2.432008e-05
4363,1,0,-0.4146192,-0.085636616,-0.2566307601935764,0.15798846,0.024960354
4364,1,0,-0.26294613,0.02318573,-0.2225156886954487,0.04043044,0.0016346206
4365,1,0,-0.22867918,0.03405118,-0.1450658851869222,0.08361329,0.0069911825
4366,1,0,-0.15063381,0.042598724,-0.1069258056227493,0.043708004,0.0019103896
4367,1,0,-0.112082005,0.037754536,-0.1080879241461358,0.0039940774,1.5952655e-05
4368,1,0,-0.11325741,0.03799534,-0.1487154283996621,0.035458013,0.0012572707
4369,1,0,-0.15431881,0.042735577,-0.2065220466108304,0.052203238,0.0027251781
4370,1,0,-0.21259022,0.03771496,-0.1804311342097992,0.03215909,0.0010342071
4371,1,0,-0.18631268,0.041621447,-0.1249130113864795,0.06139966,0.0037699183
4372,1,0,-0.13027191,0.040823698,-0.0114147845514902,0.11885713,0.014127017
4373,1,0,-0.01522994,-0.0032548904,-0.1755692580962367,0.16033931,0.025708694
4374,1,0,-0.18141198,0.042057037,-0.0539740316404433,0.12743795,0.016240431
4375,1,0,-0.058438063,0.020270824,-0.0664265250305966,0.00798846,6.3815496e-05
4376,1,0,-0.07106519,0.025540829,-0.0596376246534533,0.011427563,0.0001305892
4377,1,0,-0.064181805,0.022756815,-0.1866137621289239,0.12243196,0.014989586
4378,1,0,-0.19254303,0.04093361,-0.2008346055071763,0.008291572,6.8750174e-05
4379,1,0,-0.20686507,0.038789272,-0.1445936345929968,0.06227143,0.003877731
4380,1,0,-0.15015674,0.042577267,-0.1898144224841331,0.039657682,0.0015727318
4381,1,0,-0.19576788,0.040519476,-0.2648539479309968,0.069086075,0.0047728857
4382,1,0,-0.2711954,0.019876719,-0.2813039133749009,0.010108501,0.00010218179
4383,1,0,-0.28768468,0.010962963,-0.2026015892039043,0.0850831,0.0072391336
4384,1,0,-0.20864463,0.0384686,-0.1351474968463546,0.07349713,0.0054018283
4385,1,0,-0.14061546,0.04194188,-0.2994562125777662,0.15884075,0.025230382
4386,1,0,-0.30586076,6.389618e-05,-0.2954281598527388,0.010432601,0.000108839165
4387,1,0,-0.3018291,0.0025761127,-0.2672704613465351,0.034558624,0.0011942985
4388,1,0,-0.2736187,0.018625975,-0.3037435930003611,0.030124903,0.00090750976
4389,1,0,-0.31015015,-0.0026664734,-0.3206555060086415,0.010505348,0.00011036234
4390,1,0,-0.32706022,-0.013999224,-0.2081592779989818,0.11890094,0.014137434
4391,1,0,-0.21423793,0.037383318,-0.0703563776752718,0.14388156,0.020701904
4392,1,0,-0.07504892,0.027054071,0.0349643917756186,0.11001331,0.012102929
4393,1,0,0.03194356,-0.03876567,0.0852128224296979,0.05326926,0.002837614
4394,1,0,0.08314443,-0.07952809,0.1812295396572953,0.09808512,0.009620691
4395,1,0,0.18121243,-0.09475398,0.3196138330153606,0.13840142,0.019154953
4396,1,0,0.32295704,0.0025014877,0.2133210702778276,0.109635964,0.012020045
4397,1,0,0.21404648,-0.09733677,0.2726694414644566,0.058622956,0.003436651
4398,1,0,0.27483058,-0.0475626,0.2369699118241262,0.03786066,0.0014334297
4399,1,0,0.23825884,-0.08545375,0.1968109082703275,0.041447937,0.0017179315
4400,1,0,0.19715095,-0.098362684,0.1570964458393358,0.0400545,0.001604363
4401,1,0,0.15653801,-0.08979535,0.1266916211555449,0.029846385,0.0008908067
4402,1,0,0.12547517,-0.08463454,0.156788466267514,0.0313133,0.0009805227
4403,1,0,0.15622354,-0.08973718,0.3112842258753776,0.15506068,0.024043813
4404,1,0,0.3144145,-0.006402254,0.0927352337417088,0.22167927,0.049141698
4405,1,0,0.09081721,-0.080290556,0.0954494832027927,0.004632272,2.1457943e-05
4406,1,0,0.093586445,-0.080583334,-0.1411010639438208,0.2346875,0.055078227
4407,1,0,-0.14662957,0.042386055,-0.2387074303685565,0.09207785,0.00847833
4408,1,0,-0.24495173,0.02939868,-0.392633303845133,0.14768156,0.021809844
4409,1,0,-0.3988104,-0.07125139,-0.239555819608018,0.15925457,0.025362017
4410,1,0,-0.24580407,0.029129267,-0.2619735420211255,0.016169459,0.00026145138
4411,1,0,-0.26830626,0.021124125,-0.1629258150356252,0.105380446,0.011105038
4412,1,0,-0.16866016,0.042742968,-0.0589541934650839,0.10970597,0.0120354
4413,1,0,-0.0634892,0.022465229,-0.0539400012467385,0.009549197,9.118716e-05
4414,1,0,-0.058403492,0.020255566,-0.0499417347027364,0.0084617585,7.160136e-05
4415,1,0,-0.05434823,0.018409729,-0.0269086281725563,0.027439602,0.00075293175
4416,1,0,-0.030969858,0.006305456,0.048833839699292,0.0798037,0.00636863
4417,1,0,0.046066046,-0.05139661,0.0656258001463245,0.019559756,0.00038258405
4418,1,0,0.0631752,-0.067923546,0.1307889418828502,0.067613736,0.004571617
4419,1,0,0.12965941,-0.08526063,0.0699438532405425,0.05971556,0.0035659482
4420,1,0,0.06757641,-0.07239199,0.126102190654572,0.058525786,0.0034252675
4421,1,0,0.12487292,-0.08454752,0.0476877972757305,0.077185124,0.0059575434
4422,1,0,0.04489875,-0.05031681,0.2036977781514819,0.15879902,0.025217129
4423,1,0,0.20419765,-0.10005951,0.225570961213708,0.021373317,0.00045681867
4424,1,0,0.22658706,-0.09224391,0.3494244420248873,0.122837394,0.015089026
4425,1,0,0.35353565,0.03443265,0.3735607841820263,0.020025134,0.000401006
4426,1,0,0.37830138,0.06036377,0.3420280014543504,0.03627339,0.0013157588
4427,1,0,0.34594727,0.026499271,0.1745946983743143,0.17135257,0.029361703
4428,1,0,0.17442703,-0.09331441,0.2546795715967316,0.08025253,0.006440468
4429,1,0,0.25639796,-0.06667566,0.4057613967250204,0.14936343,0.022309434
4430,1,0,0.41084623,0.095068455,0.2790027963802095,0.13184345,0.017382694
4431,1,0,0.28132176,-0.04082465,0.1441491251968507,0.13717264,0.018816333
4432,1,0,0.14330745,-0.087450504,0.1046459863459228,0.038661458,0.0014947084
4433,1,0,0.10296965,-0.08164549,0.1206001304729338,0.017630488,0.0003108341
4434,1,0,0.119255304,-0.08374572,0.0418635969933256,0.07739171,0.005989476
4435,1,0,0.03896737,-0.044932604,0.1371599475898883,0.09819257,0.009641781
4436,1,0,0.13616681,-0.086275816,0.1105376497989123,0.025629163,0.000656854
4437,1,0,0.10898256,-0.082383156,0.0066877679684411,0.102294795,0.010464225
4438,1,0,0.003172636,-0.015883207,-0.114450872380968,0.11762351,0.0138352895
4439,1,0,-0.119693995,0.03921175,-0.1761386736848877,0.056444675,0.0031860012
4440,1,0,-0.18198586,0.042010307,-0.1745627228131696,0.0074231327,5.5102897e-05
4441,1,0,-0.18039727,0.042134047,-0.3001054396681968,0.11970818,0.014330048
4442,1,0,-0.30650997,-0.0003452301,-0.4981781788229766,0.19166821,0.036736704
4443,1,0,-0.5034158,-0.1758275,-0.4436686007743042,0.05974722,0.00356973
4444,1,0,-0.44946003,-0.11927724,-0.4515628556542266,0.002102822,4.4218605e-06
4445,1,0,-0.457278,-0.1271627,-0.5100266252332895,0.05274862,0.002782417
4446,1,0,-0.5151901,-0.18870735,-0.5552765577723702,0.04008645,0.0016069233
4447,1,0,-0.56004953,-0.23945713,-0.4461325996364196,0.11391693,0.012977067
4448,1,0,-0.45190072,-0.121726274,-0.3538458939788564,0.098054826,0.009614749
4449,1,0,-0.36019063,-0.03869009,-0.2850486310215729,0.075141996,0.0056463196
4450,1,0,-0.29143643,0.008804083,-0.3120706543107086,0.020634234,0.0004257716
4451,1,0,-0.31847882,-0.008136272,-0.3960881003672862,0.07760927,0.006023199
4452,1,0,-0.402246,-0.074326515,-0.4326759721596862,0.03042996,0.00092598243
4453,1,0,-0.4385674,-0.10848856,-0.4664256610343433,0.027858257,0.0007760825
4454,1,0,-0.47198272,-0.14230323,-0.6070738488383491,0.13509113,0.018249612
4455,1,0,-0.6111846,-0.29994273,-0.6197314626725774,0.008546889,7.304931e-05
4456,1,0,-0.62364507,-0.31501627,-0.4557728150712639,0.16787225,0.028181093
4457,1,0,-0.46144485,-0.13141322,-0.4164530926451761,0.04499176,0.0020242585
4458,1,0,-0.42247486,-0.09299636,-0.1590964890695438,0.26337838,0.06936817
4459,1,0,-0.16479683,0.042823315,-0.0559784970120316,0.10881834,0.01184143
4460,1,0,-0.060471296,0.021168947,0.0052317850265186,0.06570308,0.004316895
4461,1,0,0.0016913414,-0.014809132,0.1557658160510624,0.15407448,0.023738943
4462,1,0,0.15517807,-0.08954406,0.0031161540359763,0.15206191,0.023122825
4463,1,0,-0.0004594326,-0.013267279,-0.0453646772609834,0.044905245,0.002016481
4464,1,0,-0.049703598,0.016203642,0.0365587222839161,0.086262316,0.0074411873
4465,1,0,0.033566475,-0.040169716,0.0415183238087091,0.007951848,6.323189e-05
4466,1,0,0.03861618,-0.04461837,0.0145731137933484,0.024043066,0.00057806907
4467,1,0,0.011192322,-0.021876335,-0.0798486383978152,0.09104096,0.008288457
4468,0,0,0.07603812,0.03041625,0.0483560051918119,0.027682118,0.00076629966
4469,0,0,-0.042515755,-0.050945282,0.0588145308641938,0.10133028,0.010267826
4470,0,0,-0.052197933,-0.06105733,0.0237261359203078,0.07592407,0.0057644644
4471,0,0,-0.019717693,-0.029209375,0.182102298894383,0.20181999,0.040731307
4472,0,0,-0.16636539,-0.09494829,0.2710832154218523,0.4374486,0.19136126
4473,0,0,-0.24869895,-0.049250603,0.136671695364658,0.38537064,0.14851053
4474,1,0,0.13566828,-0.08619666,0.1371851367231977,0.0015168637,2.3008754e-06
4475,1,0,0.13619256,-0.086280346,-0.069004284033284,0.20519684,0.042105746
4476,1,0,-0.07367849,0.02654171,0.0358579778814851,0.10953647,0.011998238
4477,1,0,0.03285265,-0.03955102,-0.0087391507134384,0.0415918,0.0017298779
4478,1,0,-0.0125107765,-0.005022526,-0.0855098340661602,0.07299906,0.005328863
4479,1,0,-0.09040189,0.032224417,-0.1848020322733918,0.09440014,0.008911386
4480,1,0,-0.19071794,0.041151047,-0.1132512153129954,0.07746672,0.0060010925
4481,1,1,-0.11848068,0.038995504,-0.0336154295965251,0.08486526,0.0072021117
4482,1,1,-0.037778854,0.010089874,0.1188014956720446,0.15658036,0.02451741
4483,1,1,0.11741853,-0.08349252,-0.2485491051411594,0.36596763,0.1339323
4484,0,1,0.23128891,0.02612257,0.2697867565670169,0.038497835,0.0014820833
4485,0,1,-0.24750042,-0.050628185,-0.2577121189519218,0.010211706,0.000104278944
4486,0,1,0.23968554,0.02277708,0.346850150676961,0.10716462,0.011484256
4487,0,1,-0.3186803,0.031670332,-0.3236230501539783,0.004942775,2.4431023e-05
4488,0,1,0.29994535,-0.016077995,0.2565044910484211,0.04344085,0.0018871073
4489,0,1,-0.23521829,-0.064739466,-0.2239722468152187,0.01124604,0.00012647343
4490,0,1,0.20874691,0.03367114,0.1587737830645701,0.04997313,0.0024973138
4491,0,1,-0.1447649,-0.09011483,-0.0930018816410931,0.05176302,0.0026794104
4492,0,1,0.08818054,0.03439355,0.0617089383188202,0.026471604,0.0007007458
4493,0,1,-0.05487728,-0.063947916,0.0320145969761553,0.086891875,0.0075501977
4494,0,1,-0.027388811,-0.036196947,-0.1777457632407961,0.15035695,0.022607211
4495,0,1,0.16627121,0.041873455,0.2559344360834754,0.08966324,0.008039496
4496,0,1,-0.2346909,-0.06534481,-0.1904361812088626,0.04425472,0.0019584803
4497,0,1,0.1779418,0.040434837,0.1510908226202572,0.026850984,0.00072097534
4498,0,1,-0.13765049,-0.088680506,-0.1159571694522649,0.02169332,0.0004706001
4499,0,1,0.109357834,0.03947258,0.0616638901979369,0.047693945,0.0022747125
4500,0,1,-0.054835558,-0.06390238,-0.0302167894406477,0.024618769,0.0006060838
4501,0,1,0.030180931,0.008198738,0.0943846911175056,0.06420376,0.004122123
4502,0,1,-0.085134506,-0.08046746,-0.0687142923402244,0.016420215,0.00026962347
4503,0,1,0.06575537,0.02643013,0.0655103687732805,0.00024499744,6.0023744e-08
4504,0,1,-0.05839753,-0.06780529,-0.176434378894593,0.11803685,0.013932698
4505,0,1,0.16506386,0.04198575,0.1421488442162823,0.02291502,0.0005250982
4506,0,1,-0.12936902,-0.087108135,0.063358665515159,0.19272768,0.03714396
4507,0,1,-0.056405306,-0.065613985,-0.1742530415767427,0.11784774,0.01388809
4508,0,1,0.16305804,0.04215789,0.2258270698698141,0.062769026,0.0039399504
4509,0,1,-0.20683765,-0.092137575,-0.2631922554759214,0.056354612,0.0031758423
4510,0,1,0.24470496,0.020641327,0.372253514685164,0.12754855,0.016268631
4511,0,1,-0.34210753,0.058958054,-0.2766846010934873,0.06542292,0.004280159
4512,0,1,0.2570567,0.013560295,0.261347948520485,0.0042912364,1.841471e-05
4513,0,1,-0.23969674,-0.05959606,-0.1121433314364606,0.1275534,0.01626987
4514,0,1,0.10584092,0.038791418,0.0661013595830555,0.039739564,0.001579233
4515,0,1,-0.05894494,-0.06841183,-0.2610491465126054,0.20210421,0.040846113
4516,0,1,0.2427423,0.021487951,0.3558923649614098,0.11315006,0.012802936
4517,0,1,-0.32702208,0.041374445,-0.2777395673249865,0.04928252,0.0024287668
4518,0,1,0.25802183,0.012973547,0.2490822579639413,0.008939579,7.991608e-05
4519,0,1,-0.22835279,-0.07261586,-0.3541356229810959,0.12578285,0.015821325
4520,0,1,0.32775283,-0.038920403,0.2691135528856256,0.058639288,0.003438566
4521,0,1,-0.24687743,-0.05134487,-0.0200968362604831,0.2267806,0.05142944
4522,0,1,0.02082324,0.0022437572,-0.0001787793280896,0.021002019,0.0004410848
4523,0,1,0.002401352,-0.010907412,-0.123355935463171,0.12575728,0.015814893
4524,0,1,0.11618018,0.04061389,0.0748645218902348,0.04131566,0.0017069838
4525,0,1,-0.067058325,-0.07759166,-0.016456251918377,0.05060207,0.0025605697
4526,0,1,0.017457485,-1.7166138e-05,0.050615967324207,0.03315848,0.0010994849
4527,0,1,-0.0446074,-0.053085566,-0.087415187441258,0.042807788,0.0018325067
4528,0,1,0.08302426,0.032800674,0.13402022276283,0.05099596,0.0026005881
4529,0,1,-0.12184167,-0.08576894,-0.1627934335463043,0.04095176,0.0016770465
4530,0,1,0.15251207,0.042746305,0.1219243579281754,0.030587718,0.00093560846
4531,0,1,-0.110639095,-0.08393502,-0.028537497651349,0.0821016,0.0067406725
4532,0,1,0.02862835,0.00724411,-0.0587112132152265,0.087339565,0.0076281996
4533,0,1,0.05651641,0.022361517,0.0691962846029556,0.012679875,0.00016077922
4534,0,1,-0.061810017,-0.0716126,-0.0353097732118605,0.026500244,0.0007022629
4535,0,1,0.034888744,0.0110116005,0.2017392347051694,0.16685049,0.027839087
4536,0,1,-0.18454456,-0.0995698,-0.163215443964503,0.02132912,0.00045493135
4537,0,1,0.15289998,0.04273486,0.2072003928235632,0.054300413,0.002948535
4538,0,1,-0.18959928,-0.09989333,-0.2210791980397703,0.031479925,0.0009909857
4539,0,1,0.2060926,0.03441763,0.1573185462233879,0.04877405,0.0023789078
4540,0,1,-0.14341688,-0.08983779,-0.0539055917679762,0.08951129,0.0080122715
4541,0,1,0.0520761,0.020240545,0.1574850213399949,0.10540892,0.011111041
4542,0,1,-0.1435709,-0.089869976,-0.0838980077526851,0.059672892,0.0035608541
4543,0,1,0.079776764,0.031724453,-0.0186161813042433,0.09839295,0.009681173
4544,0,1,0.01945448,0.0013313293,-0.0175196228872618,0.036974102,0.0013670842
4545,0,1,0.018440247,0.0006492138,0.1108903388224109,0.09245009,0.008547019
4546,0,1,-0.10042071,-0.08242893,-0.0700964661197507,0.03032425,0.00091956015
4547,0,1,0.067032814,0.026956797,0.0021427252134009,0.06489009,0.0042107236
4548,0,1,0.00025439262,-0.012564421,0.0049904633475272,0.0047360705,2.2430364e-05
4549,0,1,-0.0023806095,-0.01463151,-0.0746693477663758,0.07228874,0.0052256617
4550,0,1,0.07125616,0.02863264,0.1595208051459171,0.088264644,0.0077906474
4551,0,1,-0.14545608,-0.09025884,-0.0932663362502359,0.052189738,0.0027237688
4552,0,1,0.088424444,0.03446579,0.2730497132726701,0.18462527,0.03408649
4553,0,1,-0.2505164,-0.04715848,-0.2475295984165928,0.0029868186,8.921085e-06
4554,0,1,0.23035479,0.026477337,0.2802768052697901,0.04992202,0.002492208
4555,0,1,-0.25719833,-0.039468765,-0.2424430657018024,0.014755264,0.00021771781
4556,0,1,0.22569156,0.02819395,0.0791784488481099,0.1465131,0.02146609
4557,0,1,-0.07105303,-0.07897043,-0.0022879729916538,0.06876505,0.0047286325
4558,0,1,0.0043520927,-0.009424448,0.0688983947559105,0.0645463,0.004166225
4559,0,1,-0.061533928,-0.071302414,-0.1498172925951379,0.08828336,0.007793952
4560,0,1,0.14056396,0.042766333,0.1593099809417415,0.018746018,0.0003514132
4561,0,1,-0.14526176,-0.0902195,-0.0630866789823398,0.08217508,0.0067527443
4562,0,1,0.06055808,0.024198294,0.0557620923163133,0.004795987,2.3001492e-05
4563,0,1,-0.049371958,-0.058050632,-0.0379444602837724,0.011427499,0.00013058774
4564,0,1,0.037324905,0.0124185085,-0.0643279696444651,0.101652876,0.010333307
4565,0,1,0.061704397,0.024703503,-0.0856692138429289,0.14737362,0.021718983
4566,0,1,0.08141184,0.032274008,0.0085313536812434,0.072880484,0.005311565
4567,0,1,-0.0056574345,-0.01725769,-0.0175999672321558,0.011942532,0.00014262406
4568,0,1,0.018514395,0.0006990433,-0.090323202565818,0.1088376,0.011845622
4569,0,1,0.08570814,0.033647776,0.1410136246357893,0.05530548,0.0030586962
4570,0,1,-0.12831903,-0.08691549,-0.2232537288548286,0.0949347,0.009012598
4571,0,1,0.2080872,0.033858776,0.0888918783162435,0.11919533,0.014207526
4572,0,1,-0.08004832,-0.07989192,0.1998802391579466,0.27992857,0.07836
4573,0,1,-0.1828239,-0.099111795,-0.1723205337315994,0.010503367,0.00011032071
4574,0,1,0.16127992,0.042294502,0.421375299087857,0.2600954,0.06764961
4575,0,1,-0.3873446,0.11194062,-0.4901950884376216,0.1028505,0.010578224
4576,0,1,0.45094466,-0.16725779,0.5134991946833067,0.06255454,0.00391307
4577,0,1,-0.47190642,0.21207094,-0.4381250160037906,0.03378141,0.0011411837
4578,0,1,0.40396523,-0.113808155,0.4332994548971101,0.029334217,0.0008604963
4579,0,1,-0.39831042,0.12484479,-0.3656911106496405,0.032619298,0.0010640186
4580,0,1,0.33826756,-0.048233986,0.3547278391676416,0.01646027,0.00027094048
4581,0,1,-0.32594776,0.040124178,-0.5159293130308096,0.18998158,0.036093
4582,0,1,0.4740796,-0.1951921,0.4217662900965266,0.052313328,0.0027366842
4583,0,0,-0.3877039,0.11236358,0.4690501169804597,0.856754,0.73402745
4584,0,0,-0.43115544,0.16363478,0.5528844562356388,0.9840399,0.96833456
4585,0,0,-0.5079303,0.25517654,0.6380558947529811,1.1459862,1.3132844
4586,1,0,0.64189553,0.34898782,0.7541497753791613,0.11225426,0.012601019
4587,1,0,0.7574208,0.47812772,0.7110054426642107,0.04641533,0.0021543829
4588,1,0,0.7144954,0.4299674,0.7570324227507501,0.042536974,0.0018093941
4589,1,0,0.76028895,0.4813521,0.7786436195779607,0.018354654,0.00033689334
4590,1,0,0.7817843,0.5055537,0.9124937334611024,0.13070941,0.01708495
4591,1,0,0.9083288,0.6564958,0.8856869792960409,0.022641778,0.0005126501
4592,1,0,0.88330245,0.6261246,0.9636394034432354,0.08033693,0.006454022
4593,1,0,0.9584534,0.714628,0.9457324047705308,0.012721002,0.00016182389
4594,1,0,0.9407666,0.694247,1.0164119759131789,0.07564545,0.0057222336
4595,1,0,1.0106862,0.774863,0.7947188484956897,0.2159673,0.046641875
4596,1,0,0.79777026,0.52358794,0.6206224011982626,0.17714787,0.031381365
4597,1,0,0.6245444,0.3297217,0.5552971093239276,0.069247246,0.004795181
4598,1,0,0.5595341,0.2578225,0.5499431325447937,0.009590924,9.198582e-05
4599,1,0,0.5542064,0.25195146,0.5061443207595677,0.048062027,0.0023099585
4600,1,0,0.510633,0.20404029,0.2365739165173037,0.27405906,0.075108364
4601,1,0,0.23785329,-0.085873365,0.2279047332245118,0.009948552,9.897368e-05
4602,1,0,0.22897625,-0.09127784,0.2648369047335821,0.035860658,0.0012859867
4603,1,0,0.26680446,-0.055889606,0.1384860979171667,0.12831835,0.0164656
4604,1,0,0.1375215,-0.08649397,0.114450941680158,0.023070566,0.000532251
4605,1,0,0.11297727,-0.08289719,0.208707078550812,0.09572981,0.009164197
4606,1,0,0.20932436,-0.099264145,0.1061452330668943,0.10317913,0.0106459325
4607,1,0,0.104500294,-0.08182907,0.1844377487776207,0.07993746,0.006389997
4608,1,0,0.18449354,-0.09547138,0.2824690105766696,0.09797546,0.009599191
4609,1,0,0.2848742,-0.037134886,0.2735955424270413,0.011278659,0.00012720816
4610,1,0,0.27577972,-0.04657793,0.083933919798786,0.1918458,0.036804814
4611,1,0,0.08184028,-0.07940698,0.3343051847470031,0.25246492,0.06373853
4612,1,0,0.33802533,0.018223524,0.3485521401714591,0.010526806,0.00011081365
4613,1,0,0.35264015,0.033495903,0.4834218965056416,0.13078174,0.017103864
4614,1,0,0.48803473,0.17927074,0.5185893555856969,0.030554652,0.0009335868
4615,1,0,0.5230131,0.21763134,0.5147255711934711,0.008287549,6.868347e-05
4616,1,0,0.5191691,0.21340919,0.4836967544582102,0.035472333,0.0012582864
4617,1,0,0.4883077,0.17957067,0.4872664170116398,0.0010412931,1.0842914e-06
4618,1,0,0.49185824,0.1834569,0.5065845758016239,0.014726341,0.00021686511
4619,1,0,0.51107144,0.20452046,0.563935768705631,0.052864313,0.0027946357
4620,1,0,0.56813025,0.26730275,0.3623478837075793,0.20578238,0.042346388
4621,1,0,0.3667946,0.048308134,0.4256293008780356,0.0588347,0.003461522
4622,1,0,0.4305849,0.11654234,0.4880139259148741,0.057429016,0.003298092
4623,1,0,0.4926014,0.18427205,0.4229844490402596,0.06961694,0.004846519
4624,1,0,0.42795658,0.11368179,0.2951723809509938,0.13278419,0.01763164
4625,1,0,0.29789567,-0.023597479,0.4163563104582639,0.118460655,0.014032926
4626,1,0,0.42137098,0.1065135,0.5131252739996683,0.09175432,0.008418854
4627,1,0,0.5175772,0.21166277,0.6136321530799038,0.09605497,0.009226558
4628,1,0,0.61758685,0.32200503,0.6669536797263862,0.04936683,0.002437084
4629,1,0,0.6706569,0.3809979,0.7732616775197196,0.10260475,0.010527734
4630,1,0,0.7764313,0.4995234,0.8272011140278805,0.050769806,0.0025775733
4631,1,0,0.8287146,0.5601065,0.676841794616553,0.15187281,0.023065351
4632,1,0,0.6804974,0.39197183,0.6236388302281228,0.0568586,0.0032329003
4633,1,0,0.6275461,0.3330531,0.6760049872087808,0.048458934,0.0023482682
4634,1,0,0.6796644,0.3910439,0.7084105451316414,0.028746188,0.0008263433
4635,1,0,0.71191335,0.42707705,0.7673134507807542,0.055400133,0.0030691747
4636,1,0,0.7705157,0.49285913,0.6892993014791098,0.081216395,0.006596103
4637,1,0,0.69289565,0.40581274,0.7047334006216732,0.011837721,0.00014013164
4638,1,0,0.7082541,0.4229834,0.703270829723206,0.0049832463,2.4832743e-05
4639,1,0,0.7067988,0.4213543,0.714876624677403,0.00807786,6.525182e-05
4640,1,0,0.71834683,0.43428135,0.878124449436942,0.15977764,0.025528895
4641,1,0,0.8762429,0.61757016,0.8790858945282323,0.0028430223,8.082776e-06
4642,1,0,0.8771398,0.6186569,0.9642901053064016,0.087150276,0.0075951708
4643,1,0,0.95909667,0.715369,0.9712256068747824,0.012128949,0.00014711141
4644,1,0,0.96595216,0.72327113,0.9143522110613608,0.05159992,0.0026625518
4645,1,0,0.9100654,0.6586034,0.8700265885216143,0.040038824,0.0016031074
4646,1,0,0.8686831,0.60841537,0.8925353650616539,0.023852289,0.0005689317
4647,1,0,0.8896959,0.6338775,0.9369841468707372,0.04728824,0.0022361774
4648,1,0,0.93213344,0.68430114,0.8696984954558951,0.06243491,0.0038981182
4649,1,0,0.8683765,0.60804486,1.0797878909258285,0.21141136,0.044694763
4650,1,0,1.0736177,0.8475268,0.8552095587805977,0.21840817,0.047702126
4651,1,0,0.8548534,0.5916817,0.7159185806435739,0.13893479,0.019302877
4652,1,0,0.7193849,0.4354422,0.6116427560039726,0.10774213,0.011608367
4653,1,0,0.6156075,0.31980968,0.5712869286178921,0.044320583,0.0019643141
4654,1,0,0.5754454,0.27537775,0.5540160468860207,0.02142936,0.00045921747
4655,1,0,0.558259,0.2564168,0.4461359835278706,0.11212301,0.0125715695
4656,1,0,0.45096445,0.13875675,0.3037778740744801,0.14718658,0.02166389
4657,1,0,0.30671835,-0.014417648,0.1512564455949352,0.1554619,0.024168404
4658,1,0,0.15056944,-0.08871174,0.1354176822879993,0.015151754,0.00022957566
4659,1,0,0.13438678,-0.0859921,0.2209874117266079,0.08660063,0.007499669
4660,1,0,0.22189426,-0.09414601,0.2268272020475654,0.00493294,2.4333896e-05
4661,1,0,0.22787333,-0.09172344,0.1432859262243844,0.084587395,0.0071550272
4662,1,0,0.14242554,-0.087302685,0.3135068940068239,0.17108136,0.029268833
4663,1,0,0.31669426,-0.0040254593,0.3393466503613642,0.022652388,0.0005131307
4664,1,0,0.34319663,0.023626328,0.3297835118615264,0.013413131,0.0001799121
4665,1,1,0.33338714,0.013381243,-0.0829908350698613,0.41637796,0.1733706
4666,1,1,-0.087850094,0.031438112,0.0884238872280778,0.17627397,0.031072512
4667,1,1,0.086419106,-0.07984543,-0.1568016752619043,0.24322078,0.059156347
4668,1,1,-0.1624806,0.042842627,0.2687770896723278,0.4312577,0.1859832
4669,1,1,0.2708416,-0.051701784,-0.1799071591219689,0.45074874,0.20317443
4670,1,1,-0.18578434,0.04167247,0.2673699756943719,0.45315433,0.20534885
4671,0,1,-0.24526572,-0.0531981,-0.2086233937897019,0.036642328,0.0013426602
4672,0,1,0.19465375,0.037287474,0.1975425146162308,0.002888769,8.344986e-06
4673,0,1,-0.1806593,-0.09853959,-0.0617915404233322,0.118867755,0.014129543
4674,0,1,0.059361696,0.02366352,-0.1162973681528996,0.17565906,0.030856106
4675,0,1,0.10967207,0.039530993,-0.0513535015080495,0.16102557,0.025929233
4676,0,1,0.049717903,0.019069672,-0.1200893887037666,0.16980729,0.028834514
4677,0,1,0.11316824,0.040139437,0.042158579057995,0.071009666,0.0050423727
4678,0,1,-0.03677821,-0.04520154,0.113200630674918,0.14997885,0.022493655
4679,0,1,-0.10256052,-0.08273053,-0.0235883148514042,0.078972206,0.006236609
4680,0,1,0.024052858,0.004353285,0.0411637205271016,0.017110862,0.0002927816
4681,0,1,-0.035856724,-0.044296503,-0.1598250027681769,0.12396827,0.015368133
4682,0,1,0.14977908,0.042812586,0.0413410639717901,0.108438015,0.011758803
4683,0,1,-0.036021948,-0.04445696,0.0537910916221329,0.08981304,0.008066382
4684,0,1,-0.04754734,-0.056133747,0.0226631969089039,0.07021054,0.0049295197
4685,0,1,-0.01873374,-0.028336287,-0.0418042824875621,0.023070544,0.00053225
4686,0,1,0.0408926,0.014420271,0.091048209121459,0.05015561,0.0025155852
4687,0,1,-0.08204508,-0.08011317,-0.0171448698810769,0.064900205,0.0042120367
4688,0,1,0.018093824,0.00041484833,-0.0194131295976478,0.037506953,0.0014067715
4689,0,1,0.020191431,0.0018239021,0.066520797435563,0.046329364,0.00214641
4690,0,1,-0.059333086,-0.06884289,-0.0360289252266015,0.02330416,0.0005430839
4691,0,1,0.035553694,0.011398554,0.0048891627065681,0.030664532,0.0009403135
4692,0,1,-0.0022876263,-0.0145576,-0.0922760609990573,0.08998843,0.008097918
4693,0,1,0.08751035,0.034195185,0.1200616910443024,0.03255134,0.0010595898
4694,0,1,-0.1089139,-0.08367038,-0.0461682417273521,0.06274566,0.003937018
4695,0,1,0.044925928,0.016598701,0.0198365684044663,0.025089359,0.0006294759
4696,0,1,-0.016118526,-0.026042938,0.1458043820415477,0.1619229,0.026219025
4697,0,1,-0.13275456,-0.08773875,-0.2313097524509806,0.09855519,0.009713126
4698,0,1,0.21548033,0.031639338,0.1403537319268952,0.07512659,0.0056440043
4699,0,1,-0.12770653,-0.086805105,-0.0730683971250973,0.054638132,0.0029853254
4700,0,1,0.06977749,0.02805686,0.1233608142259607,0.053583324,0.0028711725
4701,0,1,-0.11196923,-0.08414364,-0.1258074764681294,0.013838246,0.00019149706
4702,0,1,0.11844039,0.04093957,0.0377754714839668,0.08066492,0.006506829
4703,0,1,-0.03272128,-0.041250706,-0.0360552629637167,0.003333982,1.1115437e-05
4704,0,1,0.035578012,0.011413097,-0.0375385305425348,0.07311654,0.0053460286
4705,0,1,0.036949873,0.012203932,0.1454979266874634,0.10854806,0.011782682
4706,0,1,-0.13247037,-0.08768487,-0.0491528199377788,0.08331755,0.006941814
4707,0,1,0.047683954,0.01803565,0.1171902258238217,0.06950627,0.004831122
4708,0,1,-0.10625458,-0.08326912,-0.0524767949069953,0.053777784,0.00289205
4709,0,1,0.0507555,0.019588709,0.0924965981904333,0.041741095,0.0017423191
4710,0,1,-0.08338642,-0.08026576,-0.0154756199524945,0.067910805,0.0046118773
4711,0,1,0.01655078,-0.0006380081,-0.0917297950403375,0.10828058,0.011724683
4712,0,1,0.08700609,0.03404355,0.1426793958720589,0.0556733,0.0030995165
4713,0,1,-0.1298604,-0.08719826,0.0236893062447984,0.1535497,0.023577511
4714,0,1,-0.019683838,-0.02917862,-0.012776144563785,0.006907693,4.7716225e-05
4715,0,1,0.014053583,-0.0023691654,-0.0066734195184992,0.020727003,0.00042960866
4716,0,1,0.008408785,-0.0064105988,-0.0781941715949017,0.086602956,0.007500072
4717,0,1,0.07451129,0.029860497,0.0801959187210141,0.005684629,3.231501e-05
4718,0,1,-0.07199478,-0.07906151,0.0428819898329555,0.11487677,0.013196672
4719,0,1,-0.03744793,-0.045862675,0.122403751193818,0.15985167,0.025552556
4720,0,1,-0.11108279,-0.0840044,-0.0135814220810708,0.09750137,0.009506517
4721,0,1,0.014798641,-0.0018491745,0.0584155033558433,0.04361686,0.0019024306
4722,0,1,-0.051828384,-0.060661554,0.0240799645838909,0.07590835,0.0057620774
4723,0,1,-0.020045042,-0.029501438,-0.2162408202733212,0.19619578,0.038492784
4724,0,1,0.20164943,0.035600662,0.1609250417693211,0.04072438,0.0016584753
4725,0,1,-0.14675593,-0.09053135,-0.1655671652868959,0.018811226,0.0003538622
4726,0,1,0.15506482,0.042653322,0.0692762799120503,0.08578854,0.0073596737
4727,0,1,-0.061884165,-0.07169485,-0.1990494437571119,0.13716528,0.018814314
4728,0,1,0.18585896,0.039101124,0.1897672635620608,0.0039082915,1.5274742e-05
4729,0,1,-0.17346215,-0.09669185,-0.0213879757674089,0.15207417,0.023126554
4730,0,1,0.022017956,0.0030312538,-0.0030604980539936,0.025078453,0.0006289288
4731,0,1,0.0050668716,-0.008887291,0.04568813541914,0.040621262,0.001650087
4732,0,1,-0.0400455,-0.04844904,-0.0512906302938227,0.0112451315,0.00012645299
4733,0,1,0.04965973,0.019040108,0.084203851310693,0.034544125,0.0011932966
4734,0,1,-0.0757072,-0.07943249,0.187092929846623,0.26280013,0.06906391
4735,0,1,-0.17098594,-0.096074104,-0.2739653065263514,0.10297936,0.010604749
4736,0,1,0.2545681,0.015055418,0.2460214112523968,0.008546695,7.3045994e-05
4737,0,1,-0.22552204,-0.075861454,-0.3132351576598555,0.08771312,0.007693592
4738,0,1,0.2904644,-0.008919001,0.3684302382145241,0.077965826,0.00607867
4739,0,1,-0.33858275,0.054845095,-0.3895637818960278,0.050981015,0.0025990638
4740,0,1,0.359962,-0.06854129,0.3304664691745467,0.029495507,0.000869985
4741,0,1,-0.3035605,0.014112949,-0.2203115768852477,0.08324891,0.0069303815
4742,0,1,0.20538735,0.034611464,0.3544910659976792,0.1491037,0.022231914
4743,0,1,-0.32572985,0.039869785,-0.2751288795265081,0.050600976,0.0025604588
4744,0,1,0.25563264,0.014419317,0.2248351849393541,0.030797452,0.000948483
4745,0,1,-0.20592046,-0.092549086,-0.220075859017057,0.014155403,0.00020037543
4746,0,1,0.20517087,0.03467059,0.2479003578327634,0.042729482,0.0018258087
4747,0,1,-0.22725964,-0.073868275,-0.0929949249845547,0.13426471,0.018027011
4748,0,1,0.088173866,0.03439164,-0.0452868454895325,0.13346072,0.017811762
4749,0,1,0.04411125,0.016165972,-0.1567308937492977,0.20084214,0.040337566
4750,0,1,0.14693093,0.042841673,-0.0177315323331073,0.16466247,0.027113728
4751,0,1,0.018636465,0.00078105927,0.0186204729008627,1.5992671e-05,2.5576552e-10
4752,0,1,-0.014992952,-0.025069714,0.0863202268070844,0.10131318,0.01026436
4753,0,1,-0.07766724,-0.079636335,-0.1467918415334961,0.06912461,0.0047782115
4754,0,1,0.1377778,0.042670965,0.1634683617368955,0.025690556,0.0006600046
4755,0,1,-0.14911103,-0.09103012,-0.0917352422689963,0.05737579,0.003291981
4756,0,1,0.087011576,0.034044504,0.0246124517189891,0.062399127,0.003893651
4757,0,1,-0.020538092,-0.029940844,0.055888088983778,0.07642618,0.005840961
4758,0,1,-0.049488306,-0.05817461,0.037486486575335,0.08697479,0.0075646145
4759,0,1,-0.032454014,-0.040991783,-0.0588901555270053,0.026436143,0.00069886964
4760,0,1,0.056681395,0.022438288,-0.0927190534121154,0.14940044,0.022320492
4761,0,1,0.08791876,0.03431654,0.1048071447811014,0.016888388,0.00028521763
4762,0,1,-0.09478712,-0.081664324,-0.0091599450504791,0.085627176,0.0073320135
4763,0,1,0.010709047,-0.004742384,0.1944080365154858,0.18369898,0.033745315
4764,0,1,-0.17775846,-0.097785234,-0.0328183448950167,0.14494011,0.021007635
4765,0,1,0.032586098,0.0096514225,0.0180717997237103,0.014514297,0.00021066483
4766,0,1,-0.014485359,-0.024632692,0.0930265582735025,0.107511915,0.011558812
4767,0,1,-0.083877325,-0.080322504,-0.0753888007193386,0.008488521,7.205499e-05
4768,0,1,0.07192016,0.028888226,0.1342752185380948,0.062355056,0.003888153
4769,0,1,-0.12207723,-0.085809946,-0.3082039580491531,0.18612674,0.034643162
4770,0,1,0.28587103,-0.005569458,0.430245133010469,0.1443741,0.020843882
4771,0,1,-0.39550233,0.12153864,-0.3745590812928792,0.020943254,0.0004386199
4772,0,1,0.34633112,-0.055614233,0.3669965492199094,0.020665437,0.0004270603
4773,0,1,-0.33726144,0.05330491,-0.331240578447471,0.006020874,3.625092e-05
4774,0,1,0.30689287,-0.02153325,0.2514322427092943,0.05546063,0.0030758816
4775,0,1,-0.23052621,-0.07012248,-0.2769571221330142,0.046430916,0.00215583
4776,0,1,0.2573061,0.013409376,0.2761729641811108,0.018866867,0.00035595868
4777,0,1,-0.25340462,-0.043836594,-0.1498934387843049,0.103511184,0.010714565
4778,0,1,0.14063478,0.04276824,0.0759594843053861,0.064675294,0.004182894
4779,0,1,-0.06807208,-0.07869077,-0.1547545413215183,0.086682454,0.0075138477
4780,0,1,0.14511108,0.042841434,0.0586742878677739,0.08643679,0.0074713193
4781,0,1,-0.052067757,-0.060917854,0.1842328151506627,0.23630057,0.05583796
4782,0,1,-0.1683383,-0.09542465,-0.2470941573298168,0.078755856,0.006202485
4783,0,1,0.22995567,0.026628256,0.102925406126662,0.12703027,0.01613669
4784,0,1,-0.09304476,-0.081437826,-0.0163231851874741,0.07672157,0.0058861994
4785,0,1,0.017334223,-0.00010228157,0.0411406103023281,0.023806386,0.000566744
4786,0,1,-0.03583622,-0.044275284,-0.0073874542601322,0.028448766,0.0008093323
4787,0,1,0.009069204,-0.005928278,0.0466560438551808,0.037586838,0.0014127704
4788,0,1,-0.040941954,-0.04935026,-0.0903030493410699,0.049361095,0.0024365177
4789,0,1,0.08568978,0.033642054,-0.0492505123012758,0.1349403,0.018208884
4790,0,1,0.047774076,0.018082619,0.1553491372209263,0.10757506,0.011572394
4791,0,1,-0.14159322,-0.08946633,-0.056412472480694,0.085180745,0.007255759
4792,0,1,0.05439186,0.021360636,0.1991142897715958,0.14472243,0.020944582
4793,0,1,-0.18211484,-0.098923445,-0.3194947334473625,0.13737988,0.018873233
4794,0,1,0.29617786,-0.013194084,0.333551648304712,0.03737378,0.0013967996
4795,0,1,-0.3064084,0.017416954,-0.2955651735638964,0.010843217,0.000117575364
4796,0,1,0.27432346,0.0024912357,0.342932864228576,0.06860939,0.004707248
4797,0,1,-0.31506634,0.027469873,-0.3473866385558417,0.03232029,0.0010446012
4798,0,1,0.32160687,-0.033643723,0.2527267949816925,0.06888008,0.0047444655
4799,0,1,-0.2317245,-0.06874895,-0.280559956355674,0.048835456,0.0023849017
4800,0,1,0.26060247,0.011386156,0.1076826461609972,0.15291983,0.023384474
4801,0,1,-0.09744954,-0.082020044,0.0331711795178648,0.13062072,0.017061772
4802,0,1,-0.02845931,-0.037199736,0.0390802605340838,0.06753957,0.0045615938
4803,0,1,-0.033928394,-0.042416096,-0.1052437663320282,0.07131537,0.0050858823
4804,0,1,0.099476576,0.037394285,0.0813525815030309,0.018123992,0.00032847907
4805,0,1,-0.07306647,-0.079165936,-0.1105890117477055,0.03752254,0.001407941
4806,0,1,0.10440707,0.03849435,-0.0352153310143545,0.1396224,0.019494416
4807,0,1,0.03480172,0.010960102,0.1663017063027667,0.13149999,0.017292248
4808,0,1,-0.15173483,-0.0915966,0.034385983382664,0.18612081,0.034640957
4809,0,1,-0.029583693,-0.03825903,-0.1298832054773644,0.10029951,0.010059991
4810,0,1,0.12219763,0.041422844,0.1519260037191689,0.029728383,0.00088377675
4811,0,1,-0.13842392,-0.08883333,0.0763330272626325,0.21475694,0.046120543
4812,0,1,-0.068418264,-0.07872224,-0.0829080869967957,0.014489822,0.00020995495
4813,0,1,0.07886243,0.03141141,0.0067856530101479,0.072076775,0.0051950617
4814,0,1,-0.004042387,-0.015955925,0.0145968741528914,0.01863926,0.00034742206
4815,0,1,-0.011269331,-0.02189517,-0.0234931888049434,0.012223858,0.00014942272
4816,0,1,0.023964405,0.0042967796,-0.0716999525224562,0.09566436,0.00915167
4817,0,1,0.06851387,0.027554512,0.1365944299425039,0.06808056,0.0046349624
4818,0,1,-0.12422538,-0.08618355,-0.1708848810558501,0.0466595,0.0021771088
4819,0,1,0.15995932,0.042386055,0.2216716705894343,0.061712354,0.0038084148
4820,0,1,-0.20299268,-0.09386182,-0.0952770609858659,0.107715614,0.011602653
4821,0,1,0.090280056,0.03500223,0.1099302378046815,0.019650184,0.00038612972
4822,0,1,-0.09953165,-0.08230448,-0.0312720928909073,0.06825955,0.0046593663
4823,0,1,0.031156778,0.0087919235,0.0429999773115814,0.011843201,0.0001402614
4824,0,1,-0.037556887,-0.045969963,-0.0361373586265574,0.0014195293,2.0150635e-06
4825,0,1,0.035654306,0.011456251,0.0858949922971663,0.050240688,0.0025241268
4826,0,1,-0.07727289,-0.07959509,-0.0709898312050811,0.0062830597,3.947684e-05
4827,0,1,0.06785798,0.027291775,0.1314945420797104,0.063636556,0.0040496113
4828,0,1,-0.119502306,-0.085370064,-0.1615373085136684,0.042035,0.001766941
4829,0,1,0.1513555,0.04277873,0.0909180912228357,0.06043741,0.0036526807
4830,0,1,-0.0819242,-0.08009982,-0.0663806554664425,0.015543543,0.00024160172
4831,0,1,0.06360102,0.02552247,0.121153506867929,0.057552487,0.0033122888
4832,0,1,-0.10992503,-0.08382511,-0.3496296642776562,0.23970464,0.057458315
4833,0,1,0.32364917,-0.035383463,0.2279644234279398,0.09568475,0.009155571
4834,0,1,-0.20881534,-0.09125304,-0.0771039407993257,0.1317114,0.01734789
4835,0,1,0.073503494,0.029486418,0.2216633949355571,0.1481599,0.021951357
4836,0,1,-0.20298433,-0.09386444,-0.1243797486262852,0.07860459,0.006178681
4837,0,1,0.11712432,0.040753126,0.1859773025476125,0.06885299,0.004740734
4838,0,1,-0.16995287,-0.095819,-0.1130504497140032,0.056902416,0.003237885
4839,0,1,0.10667777,0.03895855,0.0617478419689896,0.04492993,0.0020186985
4840,0,1,-0.05491376,-0.06398773,-0.2097398073176304,0.15482605,0.023971105
4841,0,1,0.19567943,0.0370543,0.1888122949914943,0.0068671256,4.7157413e-05
4842,0,1,-0.17257738,-0.09646988,-0.1049264827574072,0.0676509,0.0045766444
4843,0,1,0.09918356,0.03732443,0.1085775299053564,0.009393968,8.824663e-05
4844,0,1,-0.098278284,-0.082133055,-0.0370969101953733,0.061181374,0.0037431605
4845,0,1,0.036541462,0.011969805,0.0874877502586195,0.050946288,0.0025955243
4846,0,1,-0.078748465,-0.07975197,-0.0666078261821745,0.012140639,0.00014739511
4847,0,1,0.06380987,0.025612593,0.1226197628221692,0.05880989,0.0034586033
4848,0,1,-0.11128354,-0.08403492,-0.0845809737461835,0.026702568,0.00071302714
4849,0,1,0.08040738,0.031938553,0.0896412190376931,0.00923384,8.52638e-05
4850,0,1,-0.08074212,-0.07996869,-0.0414168187259975,0.0393253,0.0015464793
4851,0,1,0.040534735,0.014222622,0.0998909397895766,0.059356205,0.003523159
4852,0,1,-0.09023428,-0.08108258,0.0299442945196841,0.12017857,0.014442889
4853,0,1,-0.025472641,-0.03442192,-0.074953355564391,0.049480714,0.002448341
4854,0,1,0.071517706,0.028733969,0.0640635850974229,0.0074541196,5.5563898e-05
4855,0,1,-0.05705762,-0.06632948,-0.0119626478535752,0.04509497,0.0020335563
4856,0,1,0.013301611,-0.0028972626,0.0272924597247334,0.013990849,0.00019574387
4857,0,1,-0.023018837,-0.03217578,-0.1553433968097315,0.13232456,0.01750979
4858,0,1,0.14565301,0.042843103,-0.0492159810000396,0.19486898,0.03797392
4859,0,1,0.047742844,0.018066406,0.0278874969458389,0.019855347,0.00039423478
4860,0,1,-0.023569584,-0.032677174,-0.0458776417487545,0.022308059,0.0004976495
4861,0,1,0.044657707,0.016456366,0.1622304723933574,0.11757277,0.0138233565
4862,0,1,-0.14796591,-0.09078717,0.0134573261464883,0.16142324,0.026057461
4863,0,1,-0.010215044,-0.021009922,0.1474771019809031,0.15769215,0.024866814
4864,0,1,-0.13430357,-0.08803272,-0.2025404428710531,0.06823687,0.0046562706
4865,0,1,0.1890657,0.03848076,-0.0609254699488155,0.24999116,0.06249558
4866,0,1,0.058561802,0.023301601,0.0081026805650759,0.05045912,0.0025461228
4867,0,1,-0.0052604675,-0.016936302,-0.0399931920824068,0.034732725,0.0012063623
4868,0,1,0.03921795,0.013489008,0.0261574869363063,0.013060462,0.00017057566
4869,0,1,-0.02196765,-0.031224728,0.0785197151608261,0.10048737,0.01009771
4870,0,1,-0.07044363,-0.07891202,0.0658504911545723,0.13629413,0.01857609
4871,0,1,-0.058712482,-0.06815457,-0.0406256153525728,0.018086866,0.0003271347
4872,0,1,0.039803267,0.01381588,0.1181419113015795,0.078338645,0.0061369436
4873,0,1,-0.10713649,-0.08340144,-0.0838011608033322,0.02333533,0.0005445376
4874,0,1,0.07968712,0.031694412,0.1439140401106562,0.064226925,0.0041250978
4875,0,1,-0.13100386,-0.08741045,-0.0231039406289963,0.10789992,0.011642393
4876,0,1,0.023603916,0.0040638447,-0.017830646996594,0.041434564,0.0017168231
4877,0,1,0.018728733,0.0008430481,0.143611355010901,0.12488262,0.01559567
4878,0,1,-0.13072324,-0.08735824,-0.3418102363763142,0.21108699,0.044557717
4879,0,1,0.3165264,-0.02937746,0.3240320813092134,0.0075056553,5.6334862e-05
4880,0,1,-0.29762077,0.0072271824,-0.2484353221224946,0.049185455,0.0024192089
4881,0,1,0.23118448,0.026162148,0.1527648204760248,0.078419656,0.006149642
4882,0,1,-0.13920021,-0.08898687,-0.0779712693053928,0.06122894,0.003748983
4883,0,1,0.07430434,0.029783726,0.101476795819388,0.027172454,0.00073834223
4884,0,1,-0.0917027,-0.0812664,-0.112721999929187,0.021019302,0.00044181108
4885,0,1,0.10637474,0.03889823,0.2521341047368928,0.14575937,0.021245794
4886,0,1,-0.23117614,-0.06937933,-0.2527461536074198,0.021570027,0.00046526606
4887,0,1,0.23513532,0.024625301,0.3011138622094531,0.06597856,0.00435317
4888,0,1,-0.2764542,-0.017260075,-0.3030872399716293,0.026633024,0.000709318
4889,0,1,0.28119683,-0.0022451878,0.1919917875373005,0.08920504,0.0079575395
4890,0,1,-0.17552185,-0.09721184,-0.1769501501550201,0.0014283061,2.0400582e-06
4891,0,1,0.16553926,0.04194212,0.1550122399743427,0.01052703,0.00011081835
4892,0,1,-0.14128232,-0.08940363,-0.1104847016004773,0.030797616,0.00094849314
4893,0,1,0.10431075,0.0384748,0.0268610370022703,0.07744972,0.0059984587
4894,0,1,-0.022618532,-0.031812906,-0.1898714127465002,0.16725288,0.027973527
4895,0,1,0.17742205,0.040511608,0.2108545306493843,0.033432484,0.001117731
4896,0,1,-0.19298172,-0.0983665,-0.1484958205412154,0.044485897,0.001978995
4897,0,1,0.13934684,0.042729616,0.1270033497199221,0.012343481,0.00015236152
4898,0,1,-0.11534333,-0.084682226,0.027312064643985,0.1426554,0.020350564
4899,0,1,-0.023036242,-0.03219223,0.0688330248147073,0.091869265,0.008439962
4900,0,1,-0.061474085,-0.0712347,0.1049867524802983,0.16646084,0.027709212
4901,0,1,-0.0949533,-0.0816865,-0.0751835826749145,0.019769713,0.00039084157
4902,0,1,0.07173061,0.028814793,0.166314057214274,0.09458344,0.008946027
4903,0,1,-0.15174699,-0.09159899,-0.0493627010397723,0.102384284,0.010482541
4904,0,1,0.047878742,0.018136024,0.0432209906640426,0.004657753,2.1694661e-05
4905,0,1,-0.03776145,-0.046172857,-0.046481130183881,0.008719679,7.6032804e-05
4906,0,1,0.04521489,0.016751051,0.0223801037507178,0.022834787,0.0005214275
4907,0,1,-0.018472433,-0.02810502,0.1524724938504795,0.17094493,0.029222168
4908,0,1,-0.13892937,-0.08893299,-0.0744235197838882,0.064505845,0.004161004
4909,0,1,0.07102823,0.02854538,-0.0171851288504742,0.08821336,0.0077815973
4910,0,1,0.018131256,0.00043988228,-0.0132109841723022,0.03134224,0.0009823359
4911,0,1,0.014456272,-0.0020885468,0.0372818620967607,0.022825591,0.00052100763
4912,0,1,-0.03226328,-0.040810585,-0.1517083387499718,0.119445056,0.014267121
4913,0,1,0.14230561,0.042806625,0.1805079548151584,0.038202345,0.0014594191
4914,0,1,-0.16488862,-0.094595194,-0.2119772735106417,0.047088653,0.0022173412
4915,0,1,0.19773483,0.03657174,0.2127798648135748,0.015045032,0.00022635299
4916,0,1,-0.19476342,-0.09756279,-0.2641636145112289,0.06940019,0.0048163864
4917,0,1,0.24559426,0.020228863,0.1462138711296035,0.09938039,0.009876462
4918,0,1,-0.13313413,-0.0878098,-0.2097411537555862,0.07660703,0.0058686375
4919,0,1,0.19568133,0.037053823,0.1938555046960735,0.0018258244,3.3336346e-06
4920,0,1,-0.17724633,-0.09765291,-0.1952543179622448,0.018007979,0.0003242873
4921,0,1,0.18237066,0.039723396,0.2309838949707243,0.048613235,0.0023632466
4922,0,1,-0.2116096,-0.090004444,-0.2057150586020424,0.0058945417,3.4745623e-05
4923,0,1,0.19198275,0.037875652,0.2539983197142876,0.062015563,0.00384593
4924,0,1,-0.23290038,-0.06739926,-0.2126408331488165,0.020259544,0.00041044914
4925,0,1,0.19834471,0.036424875,0.1317368945168211,0.06660782,0.0044366014
4926,0,1,-0.11972618,-0.08540845,-0.1059105504202815,0.013815634,0.00019087174
4927,0,1,0.100091934,0.037539005,-0.0456698471738064,0.14576179,0.021246498
4928,0,1,0.044465065,0.016354322,0.2124949139439529,0.16802984,0.02823403
4929,0,1,-0.19450021,-0.09768152,-0.0728290508041613,0.121671155,0.01480387
4930,0,1,0.06955695,0.027968884,0.0365692965296742,0.032987654,0.0010881854
4931,0,1,-0.031604767,-0.040179253,0.0007509898247808,0.032355756,0.0010468949
4932,0,1,0.0015416145,-0.011567116,-0.1118968511093747,0.113438465,0.012868285
4933,0,1,0.10561323,0.038745165,0.0446480517614502,0.06096518,0.0037167533
4934,0,1,-0.039082766,-0.047486544,-0.0981416716869834,0.059058905,0.0034879541
4935,0,1,0.0929234,0.03573537,0.142225223018904,0.049301818,0.0024306693
4936,0,1,-0.12943983,-0.08712077,-0.2011876618168537,0.071747825,0.0051477505
4937,0,1,0.18782353,0.038725615,0.0950838215649527,0.09273971,0.008600653
4938,0,1,-0.08578205,-0.08054304,0.1568480935247036,0.24263014,0.058869384
4939,0,1,-0.14298153,-0.089749575,-0.1782091697685794,0.03522764,0.0012409867
4940,0,1,0.16669679,0.04183221,0.0863515166378907,0.08034527,0.006455363
4941,0,1,-0.07769561,-0.07963991,-0.07945379614657,0.001758188,3.0912252e-06
4942,0,1,0.07567263,0.030284643,0.0300854354549886,0.04558719,0.0020781918
4943,0,1,-0.025603056,-0.034541845,-0.0797649640481772,0.054161906,0.002933512
4944,0,1,0.07596135,0.030387878,0.0682286611247118,0.0077326894,5.9794485e-05
4945,0,1,-0.060914516,-0.07060623,0.0710742094328984,0.13198873,0.017421026
4946,0,1,-0.0635488,-0.07357621,0.0207849347648716,0.08433374,0.00711218
4947,0,1,-0.016995668,-0.026808977,-0.1246235755218529,0.107627906,0.011583766
4948,0,1,0.11734891,0.040785074,0.0919182027668754,0.02543071,0.000646721
4949,0,1,-0.08285117,-0.08020377,-0.172563037971571,0.08971186,0.008048218
4950,0,1,0.16150331,0.042277575,0.2213551699301565,0.059851855,0.0035822445
4951,0,1,-0.20269966,-0.09399271,-0.0346315535251555,0.16806811,0.02824689
4952,0,1,0.034262657,0.010642767,-0.0151996403022613,0.049462296,0.0024465187
4953,0,1,0.016295195,-0.0008134842,0.1156018135973964,0.09930662,0.009861805
4954,0,1,-0.10478401,-0.083052635,-0.3424414907449176,0.23765749,0.056481082
4955,0,1,0.31710172,-0.029856205,0.4100090860429697,0.09290737,0.008631779
4956,0,1,-0.37688518,0.09965563,-0.3273373913789621,0.04954779,0.0024549835
4957,0,1,0.30333304,-0.018716574,0.1210394051435073,0.18229364,0.03323097
4958,0,1,-0.10981989,-0.0838089,-0.2533197737592312,0.14349988,0.020592216
4959,0,1,0.2356615,0.024414778,0.1573970258596415,0.078264475,0.006125328
4960,0,1,-0.1434896,-0.08985305,-0.1501484367133989,0.006658837,4.434011e-05
4961,0,1,0.14086914,0.042774677,0.0874503975671183,0.05341874,0.002853562
4962,0,1,-0.07871318,-0.07974911,-0.0252165986758163,0.05349658,0.0028618842
4963,0,1,0.025557756,0.005316496,0.0499212126696453,0.024363454,0.0005935779
4964,0,1,-0.043964386,-0.052425146,-0.1254487781537152,0.08148439,0.006639706
4965,0,1,0.11811018,0.040893555,0.0402168404644385,0.07789334,0.0060673724
4966,0,1,-0.03498125,-0.043439865,-0.2407847227641539,0.20580347,0.042355068
4967,0,1,0.22417068,0.028734684,0.0808187068479644,0.14335197,0.020549787
4968,0,1,-0.07257199,-0.07911706,-0.0750541694736792,0.0024821758,6.161197e-06
4969,0,1,0.07161069,0.028769493,0.1204651981619182,0.048854508,0.002386763
4970,0,1,-0.10928798,-0.08372736,-0.0695477746411343,0.039740205,0.0015792839
4971,0,1,0.066526175,0.02674818,0.213179963350762,0.14665379,0.021507334
4972,0,1,-0.19513416,-0.09739494,-0.0942617888778865,0.100872375,0.0101752365
4973,0,1,0.08934331,0.03473401,0.1934530826326104,0.10410978,0.010838846
4974,0,1,-0.17687416,-0.09755778,-0.3261013280331593,0.14922717,0.02226875
4975,0,1,0.30220556,-0.017834187,0.2850725706119803,0.017132998,0.0002935396
4976,0,1,-0.26163006,-0.034362078,-0.263598193745834,0.0019681454,3.873596e-06
4977,0,1,0.2450769,0.020479202,0.3864259669879857,0.14134908,0.01997956
4978,0,1,-0.35516834,0.07421589,-0.4416774091297974,0.08650908,0.007483821
4979,0,1,0.4071772,-0.117305756,0.32520467143677,0.08197254,0.006719497
4980,0,1,-0.2987032,0.008481979,-0.2300305757819827,0.06867261,0.004715928
4981,0,1,0.2143066,0.032007217,0.1432801281838189,0.07102646,0.005044758
4982,0,1,-0.13041663,-0.08730078,-0.2170922055386923,0.08667557,0.007512654
4983,0,1,0.20243192,0.03539896,0.1830219734535392,0.01940994,0.00037674577
4984,0,1,-0.16721678,-0.095152855,-0.3255527800799691,0.15833601,0.025070293
4985,0,1,0.3017056,-0.017443419,0.2231514441097353,0.07855415,0.0061707553
4986,0,1,-0.20436215,-0.09324741,-0.1634835902647906,0.040878564,0.001671057
4987,0,1,0.15314722,0.04272604,0.2441443316871181,0.090997115,0.008280475
4988,0,1,-0.22378469,-0.07785225,-0.0088489121306056,0.21493578,0.04619739
4989,0,1,0.010421276,-0.0049488544,0.0982621536510541,0.08784088,0.0077160196
4990,0,1,-0.08872652,-0.08089566,-0.0602538974381277,0.028472625,0.00081069034
4991,0,1,0.0579412,0.02301836,-0.149602267178738,0.20754346,0.043074287
4992,0,1,0.14036608,0.042760372,0.2814028596711297,0.14103678,0.019891374
4993,0,1,-0.25823832,-0.03826952,-0.1122418036255101,0.14599651,0.02131498
4994,0,1,0.105932,0.038809538,0.1080296588237517,0.0020976588,4.4001727e-06
4995,0,1,-0.09777093,-0.08206296,-0.161192029848475,0.0634211,0.004022236
4996,0,1,0.15103793,0.042786837,0.1058762000472657,0.04516173,0.002039582
4997,0,1,-0.09577727,-0.081795216,0.0610625948682566,0.15683986,0.024598742
4998,0,1,-0.054279327,-0.06329894,-0.2222047340995807,0.1679254,0.02819894
4999,0,1,0.20712495,0.03413081,0.3614961449443683,0.1543712,0.023830468
5000,0,1,-0.33218956,0.047393322,-0.269442037728552,0.06274751,0.00393725
5001,0,1,0.25042748,0.017485142,0.3534549802598854,0.10302749,0.010614664
5002,0,1,-0.32477403,0.0387578,-0.290665309169074,0.03410873,0.0011634054
5003,0,1,0.2698443,0.0054779053,0.0983492029244841,0.17149508,0.029410562
5004,0,1,-0.088805676,-0.08090639,-0.2750783583482712,0.18627268,0.03469751
5005,0,1,0.2555864,0.014446735,0.2432466929696279,0.012339696,0.0001522681
5006,0,1,-0.22295451,-0.07880306,-0.184546298931969,0.03840822,0.0014751913
5007,0,1,0.17252636,0.041180372,0.1559485726422775,0.01657778,0.00027482279
5008,0,1,-0.14214826,-0.089579105,-0.1014278297250297,0.040720426,0.001658153
5009,0,1,0.09595561,0.03653121,0.1758097209199651,0.079854116,0.00637668
5010,0,1,-0.16053939,-0.09357333,0.1025401931829437,0.26307958,0.069210865
5011,0,1,-0.092687845,-0.08139372,-0.0777631535674401,0.01492469,0.00022274637
5012,0,1,0.074112654,0.029712915,-0.0465975458935199,0.120710194,0.0145709505
5013,0,1,0.04532194,0.016807795,0.0410539206749782,0.0042680204,1.8215998e-05
5014,0,1,-0.03575611,-0.044196606,0.0299334824199766,0.06568959,0.0043151225
5015,0,1,-0.025462627,-0.03441167,-0.2156728124700659,0.19021018,0.03617991
5016,0,1,0.20112848,0.03573346,0.3060810190419971,0.104952544,0.011015036
5017,0,1,-0.28104305,-0.0119588375,-0.325040827446363,0.043997765,0.0019358033
5018,0,1,0.30123806,-0.017080069,0.0794220675355443,0.221816,0.049202338
5019,0,1,-0.07127905,-0.07899189,0.0283670698764026,0.09964612,0.00992935
5020,0,1,-0.024012566,-0.03308153,-0.1122015357672427,0.08818897,0.007777294
5021,0,1,0.10589433,0.03880143,-0.0015229903322766,0.107417315,0.0115384795
5022,0,1,0.0036451817,-0.009959221,0.038918364984557,0.035273183,0.0012441975
5023,0,1,-0.033779144,-0.042271137,-0.1231283321670275,0.08934919,0.007983278
5024,0,1,0.11597061,0.04058194,0.1361558760311703,0.020185262,0.0004074448
5025,0,1,-0.12381935,-0.08611226,-0.3901444646506484,0.26632512,0.070929065
5026,0,1,0.36048937,-0.06905246,0.3089953289053424,0.051494032,0.0026516353
5027,0,1,-0.28373504,-0.008845568,-0.2741431063182609,0.009591937,9.2005255e-05
5028,0,1,0.2547307,0.0149588585,0.2021253988660514,0.0526053,0.0027673177
5029,0,1,-0.18490195,-0.099666834,-0.2429270927259477,0.058025137,0.0033669164
5030,0,1,0.22613573,0.028034925,0.4446460088324735,0.21851027,0.047746737
5031,0,1,-0.40874076,0.13714004,-0.4318975311868986,0.023156762,0.00053623563
5032,0,1,0.39833236,-0.10773277,0.2752270396159626,0.12310532,0.01515492
5033,0,1,-0.25253034,-0.04484296,-0.2710344705802145,0.018504143,0.0003424033
5034,0,1,0.2518847,0.016637802,0.1368833320595759,0.115001366,0.013225314
5035,0,1,-0.12449312,-0.08623123,-0.0059766037432287,0.11851652,0.014046165
5036,0,1,0.0077643394,-0.006883621,0.0981724679931641,0.09040813,0.008173631
5037,0,1,-0.08864236,-0.0808866,-0.010649967667208,0.077992395,0.0060828137
5038,0,1,0.012087107,-0.003755331,0.1287155946342051,0.11662848,0.013602203
5039,0,1,-0.11692953,-0.08494091,-0.1751011396310509,0.058171615,0.0033839368
5040,0,1,0.16383839,0.0420928,0.0709260741428661,0.09291231,0.008632697
5041,0,1,-0.06341219,-0.073421,-0.106969189109642,0.043557003,0.0018972125
5042,0,1,0.101068735,0.03776288,-0.0071200564116362,0.10818879,0.011704815
5043,0,1,0.008822918,-0.0061080456,-0.028180294693437,0.03700321,0.0013692377
5044,0,1,0.02829814,0.0070397854,0.0176438556277398,0.010654284,0.000113513765
5045,0,1,-0.0140891075,-0.024291277,-0.0080593573488765,0.00602975,3.6357887e-05
5046,0,1,0.009691238,-0.00547719,-0.1414268859653042,0.15111813,0.022836689
5047,0,1,0.13283515,0.04240632,0.1837248544797649,0.0508897,0.0025897617
5048,0,1,-0.16786766,-0.095309734,-0.152361269972812,0.015506387,0.00024044803
5049,0,1,0.14290714,0.042816877,0.2375164847597468,0.094609335,0.008950926
5050,0,1,-0.21765327,-0.08487558,-0.2534103962003384,0.035757124,0.0012785719
5051,0,1,0.23574424,0.02438283,0.1405951833216492,0.095149055,0.009053343
5052,0,1,-0.1279304,-0.0868454,-0.1768552715953686,0.048924863,0.0023936422
5053,0,1,0.16545129,0.041950464,0.1148219287721592,0.050629362,0.0025633324
5054,0,1,-0.10406113,-0.08294749,-0.1529097321402917,0.0488486,0.0023861856
5055,0,1,0.14341187,0.042824507,0.0124220490431525,0.13098982,0.017158333
5056,0,1,-0.009257078,-0.020212412,-0.0651534887166782,0.05589641,0.0031244084
5057,0,1,0.062466383,0.025034904,0.0791463342967562,0.01667995,0.00027822074
5058,0,0,-0.0710237,-0.07896733,-0.0659095897928505,0.005114116,2.615418e-05
5059,0,0,0.0631659,0.02533555,-0.1626912456035056,0.22585715,0.051011454
5060,0,0,0.15241838,0.042749643,-0.1560524619559125,0.30847085,0.09515426
5061,0,0,0.1463058,0.04284358,-0.1654067581015508,0.31171256,0.09716472
5062,0,0,0.15491724,0.042658567,-0.3024946805025927,0.45741192,0.20922565
5063,0,0,0.28065562,-0.0018646717,-0.2249695855834024,0.5056252,0.25565684
5064,1,0,-0.2311461,0.033405542,-0.4366643087980679,0.20551822,0.042237736
5065,1,0,-0.44252086,-0.11237669,-0.4968139394649413,0.054293096,0.0029477403
5066,1,0,-0.5020592,-0.17435646,-0.4503395106374865,0.051719725,0.00267493
5067,1,0,-0.4560666,-0.1259327,-0.576772676094162,0.12070608,0.014569958
5068,1,0,-0.58129954,-0.264297,-0.3196228190410797,0.26167673,0.06847471
5069,1,0,-0.32602787,-0.013282776,-0.3212463926545212,0.0047814846,2.2862596e-05
5070,1,0,-0.3276508,-0.014411688,-0.1748216547727512,0.15282913,0.023356741
5071,1,0,-0.18065786,0.04211545,-0.3049184108081233,0.124260545,0.015440683
5072,1,0,-0.31132555,-0.0034251213,-0.4077856682962979,0.096460104,0.009304551
5073,1,0,-0.4138689,-0.08494115,-0.3792660544497122,0.03460285,0.0011973573
5074,1,0,-0.3855133,-0.05961156,-0.5053640994573128,0.119850814,0.014364217
5075,1,0,-0.5105581,-0.1836164,-0.3226016579726476,0.18795648,0.03532764
5076,1,0,-0.32900476,-0.015360594,-0.3203557594424864,0.008648992,7.480506e-05
5077,1,0,-0.32676053,-0.013792038,-0.2246760970841799,0.10208443,0.01042123
5078,1,0,-0.23085093,0.03348446,-0.2176372492561058,0.013213679,0.00017460131
5079,1,0,-0.22377324,0.03526783,-0.2498359763665161,0.026062742,0.0006792665
5080,1,0,-0.25612688,0.025669336,-0.1240487516616144,0.13207813,0.017444631
5081,1,0,-0.12939882,0.040708542,-0.1268696766613404,0.0025291443,6.396571e-06
5082,1,0,-0.13225007,0.04107213,-0.2717871602767037,0.1395371,0.0194706
5083,1,0,-0.2781477,0.016233921,-0.3662647575792594,0.08811706,0.007764617
5084,1,0,-0.37256718,-0.04870534,-0.2813320677272846,0.0912351,0.008323844
5085,1,0,-0.28771305,0.010946751,-0.3648953087433293,0.07718226,0.005957102
5086,1,0,-0.37120318,-0.04758191,-0.3968405416893552,0.025637358,0.00065727415
5087,1,0,-0.40299296,-0.07500124,-0.5392126333743454,0.13621968,0.018555801
5088,1,0,-0.5441437,-0.22118068,-0.4603038204728453,0.08383986,0.0070291227
5089,1,0,-0.4659276,-0.13602114,-0.5378593958328488,0.07193178,0.005174181
5090,1,0,-0.5428028,-0.21965265,-0.5148253247677119,0.027977467,0.0007827386
5091,1,0,-0.51995516,-0.1939764,-0.5199069828933309,4.8160553e-05,2.3194389e-09
5092,1,0,-0.5249994,-0.19958735,-0.5478542581622698,0.022854865,0.00052234484
5093,1,0,-0.5527024,-0.2309792,-0.6183233581494139,0.06562096,0.00430611
5094,1,0,-0.6222594,-0.31333518,-0.682814523667894,0.06055516,0.0036669273
5095,1,0,-0.6855254,-0.39127803,-0.6710805868377263,0.014444828,0.00020865306
5096,1,0,-0.6740427,-0.37698174,-0.6376324298850715,0.036410272,0.0013257079
5097,1,0,-0.64124155,-0.3364861,-0.6571281793121999,0.015886605,0.0002523842
5098,1,0,-0.6603732,-0.36003828,-0.5777667146419332,0.082606494,0.006823833
5099,1,0,-0.5822809,-0.26545525,-0.4063921065248381,0.17588878,0.030936861
5100,1,0,-0.41248465,-0.08366108,-0.52233785808663,0.10985321,0.012067728
5101,1,0,-0.52741146,-0.20228267,-0.6442950222502977,0.116883576,0.01366177
5102,1,0,-0.64778376,-0.34451675,-0.515454653210893,0.1323291,0.017510992
5103,1,0,-0.5205798,-0.19466925,-0.6187294159307144,0.0981496,0.009633344
5104,1,0,-0.6226592,-0.31381965,-0.795196404313447,0.17253721,0.029769087
5105,1,0,-0.7948246,-0.5289693,-0.8150263392780372,0.020201743,0.0004081104
5106,1,0,-0.81398034,-0.5531831,-0.8780612597483248,0.064080894,0.004106361
5107,1,0,-0.87459946,-0.62949467,-0.8094263332369249,0.06517315,0.004247539
5108,1,0,-0.8085747,-0.5463526,-0.7701950981649648,0.03837955,0.0014729899
5109,1,0,-0.770617,-0.4983523,-0.7440413170964084,0.026575685,0.000706267
5110,1,0,-0.7452264,-0.4662671,-0.7205080534178032,0.024718344,0.00061099656
5111,1,0,-0.7223222,-0.4373958,-0.5906974521032682,0.13162476,0.017325077
5112,1,0,-0.5950432,-0.2805953,-0.6111827103813097,0.016139507,0.0002604837
5113,1,0,-0.6152308,-0.30482554,-0.5741467095528998,0.04108411,0.0016879041
5114,1,0,-0.5787053,-0.26124048,-0.6828116427111537,0.10410631,0.010838123
5115,1,0,-0.68552256,-0.39127398,-0.7520443320904899,0.066521764,0.004425145
5116,1,0,-0.7530031,-0.4760878,-0.9066520652203738,0.15364897,0.023608007
5117,1,0,-0.9019563,-0.66366744,-0.9237170799597716,0.021760762,0.00047353076
5118,1,0,-0.918242,-0.68390656,-0.6946886348838919,0.22355336,0.049976103
5119,1,0,-0.69713163,-0.40577888,-0.7849126051306703,0.08778095,0.0077054957
5120,1,0,-0.7848749,-0.51638484,-0.7134651928649665,0.0714097,0.0050993455
5121,1,0,-0.7154572,-0.42876196,-0.7059211427900891,0.0095360875,9.093696e-05
5122,1,0,-0.70809793,-0.41952157,-0.6547558403835323,0.053342104,0.00284538
5123,1,0,-0.6580465,-0.35716486,-0.556159927263673,0.10188657,0.010380873
5124,1,0,-0.5609231,-0.24046898,-0.6453569819925655,0.08443385,0.0071290755
5125,1,0,-0.6488259,-0.3457992,-0.6546865362210847,0.0058606267,3.4346944e-05
5126,1,0,-0.6579788,-0.35708046,-0.8071139270855543,0.14913517,0.0222413
5127,1,0,-0.8063414,-0.5435302,-0.4292765771301572,0.37706482,0.14217788
5128,1,0,-0.4351964,-0.10519838,-0.446372043843394,0.0111756325,0.00012489477
5129,1,0,-0.4521382,-0.12196517,-0.4262539548665551,0.02588424,0.0006699939
5130,1,0,-0.43219924,-0.10229254,-0.3991698077150825,0.033029437,0.0010909437
5131,1,0,-0.40530872,-0.0770936,-0.4855174369037374,0.08020872,0.0064334385
5132,1,0,-0.49084616,-0.16227841,-0.3744165649033233,0.1164296,0.013555851
5133,1,0,-0.3806858,-0.05549431,-0.3870698951621421,0.0063840747,4.075641e-05
5134,1,0,-0.39327765,-0.06635523,-0.4488736173943399,0.055595964,0.0030909113
5135,1,0,-0.45461512,-0.124464035,-0.4489545939426596,0.005660534,3.2041644e-05
5136,1,0,-0.4546957,-0.12454486,-0.3592055726106635,0.09549013,0.009118364
5137,1,0,-0.36553335,-0.042963743,-0.3072898192687483,0.058243543,0.0033923103
5138,1,0,-0.31369758,-0.00496912,-0.1380405130241593,0.17565706,0.030855404
5139,1,0,-0.143538,0.042176962,-0.148860339531113,0.005322337,2.8327273e-05
5140,1,0,-0.1544652,0.04273987,-0.0666219050345686,0.08784329,0.007716444
5141,1,0,-0.07126355,0.025617838,-0.0579621175964377,0.013301436,0.0001769282
5142,1,0,-0.062483072,0.022037268,-0.0728123212195881,0.0103292465,0.00010669333
5143,1,0,-0.0775373,0.027963638,-0.2078073539793177,0.13027005,0.016970286
5144,1,0,-0.21388364,0.037455797,-0.4107494071233866,0.19686577,0.038756132
5145,1,0,-0.41681194,-0.08767676,-0.5539987015253747,0.13718677,0.01882021
5146,1,0,-0.55878496,-0.23799348,-0.5315691619191005,0.027215779,0.0007406986
5147,1,0,-0.53656816,-0.21258068,-0.3219677696601537,0.21460038,0.046053324
5148,1,0,-0.3283713,-0.014915466,-0.3876099866979534,0.059238702,0.003509224
5149,1,0,-0.39381456,-0.066827774,-0.380669012149307,0.013145566,0.0001728059
5150,1,0,-0.38690948,-0.06081295,-0.3727270596325125,0.014182419,0.000201141
5151,1,0,-0.37900376,-0.05407381,-0.4969782772248132,0.11797452,0.013917987
5152,1,0,-0.5022228,-0.17453289,-0.5039417793736032,0.001718998,2.954954e-06
5153,1,0,-0.5091448,-0.18206978,-0.5160790140696121,0.0069342256,4.8083482e-05
5154,1,0,-0.52119946,-0.19535708,-0.4943591592529031,0.0268403,0.00072040164
5155,1,0,-0.49961782,-0.17171621,-0.2872722595449457,0.21234557,0.04509064
5156,1,0,-0.29366374,0.0074999332,-0.4221639091368243,0.12850016,0.016512292
5157,1,0,-0.42814207,-0.0983901,-0.4664903328808161,0.038348258,0.0014705888
5158,1,0,-0.47204685,-0.14236927,-0.2881652828118808,0.18388158,0.033812437
5159,1,0,-0.2945571,0.0069713593,-0.3020093014865441,0.0074522197,5.553558e-05
5160,1,0,-0.30841565,-0.0015552044,-0.1632205302618641,0.14519513,0.021081625
5161,1,0,-0.16895795,0.042734623,-0.1814486591017692,0.012490705,0.0001560177
5162,1,0,-0.18733811,0.04151845,-0.2555356309159142,0.06819752,0.0046509015
5163,1,0,-0.2618475,0.023596764,-0.2686019693063843,0.0067544878,4.5623106e-05
5164,1,0,-0.27495408,0.017928362,-0.1441023072699025,0.13085178,0.017122187
5165,1,0,-0.14966106,0.042552948,-0.0992484840791196,0.05041258,0.0025414282
5166,1,0,-0.10431266,0.036008835,-0.1731212088156541,0.068808556,0.004734617
5167,1,0,-0.1789434,0.042240143,-0.2537733151197021,0.074829906,0.005599515
5168,1,0,-0.26007915,0.024249315,-0.2001593963353958,0.059919745,0.0035903759
5169,1,0,-0.20618582,0.03890896,-0.0336647736216555,0.17252104,0.029763509
5170,1,0,-0.0378294,0.010116339,-0.295834862227903,0.25800547,0.066566825
5171,1,0,-0.30223608,0.0023245811,-0.392584473297191,0.09034839,0.008162832
5172,1,0,-0.398762,-0.071208,-0.284084827952928,0.11467716,0.013150851
5173,1,0,-0.29047084,0.0093643665,-0.2464693886198201,0.044001445,0.0019361272
5174,1,0,-0.25274706,0.026842356,-0.1451354262435606,0.10761163,0.011580262
5175,1,0,-0.15070415,0.042602062,-0.1293736861933396,0.02133046,0.00045498856
5176,1,0,-0.13478088,0.0413661,-0.0284578003128777,0.106323086,0.011304598
5177,1,0,-0.03254199,0.0071983337,-0.0687656153291786,0.036223628,0.0013121512
5178,1,0,-0.07343674,0.02644968,0.0839785279290867,0.15741527,0.024779567
5179,1,0,0.081885576,-0.07941151,0.2744452278445073,0.19255966,0.037079223
5180,1,0,0.2766502,-0.045674562,0.2285651166786673,0.04808508,0.0023121748
5181,1,0,0.2296524,-0.09100366,0.2780404932439553,0.048388094,0.0023414076
5182,1,0,0.28033495,-0.041849136,0.3204495937637217,0.04011464,0.0016091844
5183,1,0,0.32381415,0.0033946037,0.2606157066783359,0.06319845,0.003994044
5184,1,0,0.2624793,-0.060373068,0.2269584123957519,0.035520896,0.001261734
5185,1,0,0.22800708,-0.09166908,0.1937909473431802,0.034216136,0.001170744
5186,1,0,0.19406152,-0.09763813,0.2108169287339611,0.016755417,0.000280744
5187,1,0,0.2114842,-0.09838271,0.1002262633364723,0.11125793,0.012378328
5188,1,0,0.09845972,-0.08112097,0.0593263590887005,0.039133362,0.00153142
5189,1,0,0.056755543,-0.061564684,0.2033895038524638,0.14663397,0.02150152
5190,1,0,0.20388222,-0.0999825,0.056616956308003,0.14726526,0.021687055
5191,1,0,0.053994656,-0.058888435,0.087428156940704,0.033433504,0.0011177992
5192,1,0,0.08540392,-0.07974601,0.2587872046877852,0.1733833,0.030061767
5193,1,0,0.26060557,-0.06231594,0.3523712388509237,0.09176567,0.008420939
5194,1,0,0.35655808,0.03759551,0.2449605677423436,0.11159752,0.012454007
5195,1,0,0.24644256,-0.07698655,0.1841811265432356,0.062261432,0.0038764859
5196,1,0,0.18423104,-0.09541273,0.1324675339694265,0.051763505,0.0026794604
5197,1,0,0.13137412,-0.08552337,0.1018964798471526,0.029477641,0.0008689313
5198,1,0,0.100164175,-0.08131647,0.1066431466618231,0.0064789727,4.1977088e-05
5199,1,0,0.10500836,-0.081890345,0.2674131636523609,0.1624048,0.026375322
5200,1,0,0.269444,-0.053152084,0.2337579171530839,0.035686076,0.001273496
5201,1,0,0.23496962,-0.08885598,0.1723844658922968,0.062585145,0.0039169006
5202,1,0,0.17216754,-0.09284711,0.1324507351138222,0.03971681,0.001577425
5203,1,0,0.13135672,-0.08551979,0.3375066560305915,0.20614994,0.042497795
5204,1,0,0.3413093,0.021652937,0.2067368962352143,0.13457242,0.018109735
5205,1,0,0.20730829,-0.10008764,0.1870798077325166,0.02022849,0.00040919182
5206,1,0,0.18719554,-0.09607124,0.012803810385471,0.17439173,0.030412477
5207,1,0,0.0093922615,-0.020505667,0.1448877255068099,0.13549547,0.018359022
5208,1,0,0.14406204,-0.08757877,0.0438396605663986,0.10022238,0.010044525
5209,1,0,0.040979862,-0.04674101,0.0254182620052287,0.015561599,0.00024216337
5210,1,0,0.022226334,-0.030608654,0.2364082847965183,0.21418194,0.045873906
5211,1,0,0.23768306,-0.086048365,0.2340067488353923,0.0036763102,1.3515257e-05
5212,1,0,0.23522449,-0.08859229,0.1581287002586893,0.07709579,0.005943761
5213,1,0,0.15759373,-0.08999205,0.3673478190995722,0.20975408,0.043996774
5214,1,0,0.37192512,0.05368185,0.344238296293879,0.027686805,0.00076655915
5215,1,0,0.34821463,0.028870106,0.3279332139403066,0.020281404,0.00041133535
5216,1,0,0.33148956,0.011400938,0.2503990247124634,0.08109054,0.0065756757
5217,1,0,0.25201297,-0.071219206,0.3098146690497447,0.057801694,0.0033410357
5218,1,0,0.31290817,-0.007971764,0.276946920970297,0.03596124,0.0012932108
5219,1,0,0.2792139,-0.04301262,0.3610903896837407,0.08187649,0.006703759
5220,1,0,0.36550426,0.04695773,0.2424477468142645,0.123056516,0.015142906
5221,1,0,0.24386835,-0.07965016,0.2782417087180491,0.034373343,0.0011815267
5222,1,0,0.28054094,-0.04163432,0.3436903262484869,0.06314939,0.003987846
5223,1,0,0.34765244,0.028282404,0.3492184708964401,0.0015660226,2.452427e-06
5224,1,0,0.35332394,0.034211636,0.360232028841533,0.006908089,4.7721693e-05
5225,1,0,0.36462402,0.046034813,0.396332397030438,0.03170836,0.0010054201
5226,1,0,0.4014809,0.0848937,0.3413620070009404,0.060118914,0.0036142839
5227,1,0,0.3452642,0.025786161,0.3766889066828125,0.0314247,0.0009875118
5228,1,0,0.38151073,0.06373024,0.3184346777181561,0.06307605,0.003978588
5229,1,0,0.32174754,0.0012402534,0.3436336745913531,0.02188614,0.00047900312
5230,1,0,0.34759426,0.028221369,0.3379421978208397,0.009652078,9.316261e-05
5231,1,0,0.3417561,0.022121191,0.2483201418128682,0.09343596,0.008730278
5232,1,0,0.24988365,-0.07342458,0.1211512714355569,0.12873238,0.016572027
5233,1,0,0.11981797,-0.08382416,0.118662717149145,0.0011552572,1.3346192e-06
5234,1,0,0.117277384,-0.08347368,0.1925242402816356,0.075246856,0.005662089
5235,1,0,0.19276524,-0.09733772,0.2228862688185251,0.030121028,0.00090727635
5236,1,0,0.22383809,-0.09335756,0.1724292539423197,0.051408842,0.002642869
5237,1,0,0.17221308,-0.09285712,0.0847670153542732,0.087446064,0.007646814
5238,1,0,0.08268976,-0.07948661,0.0955958339530607,0.0129060745,0.00016656677
5239,1,0,0.09373498,-0.08059931,0.0561854795453324,0.0375495,0.0014099649
5240,1,0,0.05355525,-0.058466196,0.0143493247380397,0.039205924,0.0015371045
5241,1,0,0.010964155,-0.02170229,0.1752888566307491,0.1643247,0.027002607
5242,1,0,0.17513657,-0.09346199,-0.0492109744921518,0.22434753,0.050331816
5243,1,0,-0.05360627,0.018063307,-0.1005760321839472,0.046969764,0.0022061588
5244,1,0,-0.10565591,0.03632927,-0.0694841163934825,0.036171794,0.0013083987
5245,1,0,-0.07416463,0.026724577,-0.0925736430441674,0.018409014,0.00033889178
5246,1,0,-0.0975554,0.034276962,-0.0039321974487656,0.0936232,0.0087653035
5247,0,0,0.0058739185,-0.008284569,0.2432926550496859,0.23741874,0.056367658
5248,0,0,-0.22299767,-0.07875514,0.2304201971600519,0.45341787,0.20558776
5249,1,0,0.23155189,-0.09023738,0.1450214961990359,0.08653039,0.007487508
5250,1,0,0.14419818,-0.08760214,0.0771252692950934,0.06707291,0.0044987756
5251,1,0,0.07489729,-0.078790665,0.075556504078607,0.00065921247,4.345611e-07
5252,1,0,0.07329798,-0.07833195,-0.0702038890132534,0.14350186,0.020592785
5253,1,0,-0.07489419,0.026996851,-0.090397369588179,0.015503183,0.00024034869
5254,1,0,-0.095351696,0.033669233,0.0194535269680917,0.11480522,0.013180239
5255,1,0,0.016156673,-0.025735855,0.0241755418758113,0.008018868,6.430224e-05
5256,1,0,0.020961761,-0.02957964,0.1799291324863805,0.15896738,0.025270626
5257,1,0,0.17988253,-0.09446788,0.2390641297198827,0.0591816,0.0035024618
5258,1,0,0.24040365,-0.083235025,0.367520067321061,0.12711641,0.016158583
5259,1,0,0.37210178,0.053868532,0.4875907005241715,0.11548892,0.013337689
5260,1,0,0.4921806,0.18381119,0.5047959279995142,0.012615323,0.00015914638
5261,1,0,0.5092926,0.20256877,0.4744423424089716,0.03485027,0.0012145413
5262,1,0,0.47910523,0.16949892,0.3535104381457303,0.1255948,0.015774053
5263,1,0,0.3577273,0.038817167,0.2613214778216286,0.096405804,0.009294079
5264,1,0,0.2632029,-0.059623957,0.3618788083842208,0.09867591,0.009736935
5265,1,0,0.36631346,0.04780364,0.2526337497496165,0.11367971,0.012923076
5266,1,0,0.25430226,-0.068847656,0.1820760447513887,0.07222621,0.0052166255
5267,1,0,0.1820786,-0.094941854,0.0460312399041904,0.13604736,0.018508885
5268,1,0,0.04321146,-0.04876852,0.177108262601858,0.1338968,0.017928353
5269,1,0,0.17699766,-0.09385276,0.2184984451662504,0.041500777,0.0017223145
5270,1,0,0.21934628,-0.09518075,0.1997767606802685,0.019569531,0.00038296654
5271,1,0,0.20018625,-0.099086046,0.0929549172383841,0.107231334,0.011498559
5272,1,0,0.091041565,-0.08031416,0.1422318151745512,0.051190257,0.0026204423
5273,1,0,0.14134836,-0.0871222,0.1481283595187643,0.0067799985,4.596838e-05
5274,1,0,0.14737344,-0.08814764,0.0570457264749646,0.09032771,0.008159095
5275,1,0,0.054431677,-0.05930996,0.1256710665886982,0.0712394,0.0050750514
5276,1,0,0.1244328,-0.08448315,0.1321645151988439,0.007731706,5.9779275e-05
5277,1,0,0.13106418,-0.08547497,0.1610957972953706,0.030031621,0.0009018983
5278,1,0,0.16062617,-0.09056449,0.3213463982670554,0.16072023,0.025830992
5279,1,0,0.32473278,0.004353285,0.2448710470747599,0.07986173,0.006377896
5280,1,0,0.246351,-0.07708144,0.1387660843406957,0.10758492,0.011574516
5281,1,0,0.13780761,-0.0865407,-0.029085782863627,0.1668934,0.027853405
5282,1,1,-0.03317952,0.0075571537,-0.0175577319526936,0.015621789,0.00024404029
5283,1,1,-0.021471262,0.00067305565,-0.0678220584343907,0.0463508,0.0021483966
5284,1,1,-0.072479725,0.026086569,-0.0783358738625672,0.005856149,3.429448e-05
5285,1,1,-0.08313489,0.029908419,0.0264862366210931,0.10962112,0.012016791
5286,1,1,0.023313046,-0.03149891,-0.0525447642600025,0.07585781,0.0057544075
5287,1,1,-0.05698824,0.019619703,0.1062830935667107,0.16327134,0.02665753
5288,1,1,0.104640484,-0.08184552,-0.0290777008676133,0.1337182,0.017880555
5289,1,1,-0.03317213,0.007553339,0.0399029376604063,0.07307507,0.005339966
5290,0,1,-0.03469062,-0.043156624,-0.037619422396093,0.0029288046,8.577897e-06
5291,0,1,0.03702426,0.012246847,-0.0525968193096,0.08962108,0.008031938
5292,0,1,0.050866604,0.019644022,0.0212166568991558,0.029649947,0.0008791193
5293,0,1,-0.017394781,-0.02715826,-0.0287356642471734,0.011340883,0.00012861562
5294,0,1,0.028811932,0.0073575974,-0.1086144945856646,0.13742644,0.018886026
5295,0,1,0.10258603,0.038102865,0.09987196523821,0.0027140677,7.3661636e-06
5296,0,1,-0.09021664,-0.081080675,-0.0018808955103861,0.08833574,0.0078032026
5297,0,1,0.0039761066,-0.009709597,-0.0096787245113776,0.013654831,0.0001864544
5298,0,1,0.011188984,-0.004397869,-0.0558223150345851,0.0670113,0.004490514
5299,0,1,0.053847313,0.021098375,-0.0559004152213433,0.10974772,0.012044563
5300,0,1,0.05391836,0.021133661,0.1004135230496521,0.046495162,0.0021618002
5301,0,1,-0.090717554,-0.081142664,-0.0523822805367641,0.038335275,0.0014695933
5302,0,1,0.050668478,0.019546032,-0.0130160364052134,0.063684516,0.0040557175
5303,0,1,0.014275789,-0.002213955,-0.0086841894290987,0.022959977,0.00052716053
5304,0,1,0.01026845,-0.005058527,-0.1570642140656062,0.16733266,0.02800022
5305,0,1,0.14723754,0.042841673,0.1497669774753971,0.0025294423,6.3980783e-06
5306,0,1,-0.1364243,-0.088440895,-0.2912872099574475,0.15486291,0.023982521
5307,0,1,0.27041268,0.0051038265,0.2366107137917157,0.033801973,0.0011425734
5308,0,1,-0.21681571,-0.08583307,-0.2342907767780948,0.017475069,0.00030537802
5309,0,1,0.21821475,0.030759811,0.0557102887990055,0.16250446,0.0264077
5310,0,1,-0.049324274,-0.05800152,0.0174306461540774,0.06675492,0.0044562197
5311,0,1,-0.0138914585,-0.024122238,0.1103755431052442,0.124267004,0.0154422885
5312,0,1,-0.09994435,-0.08236194,-0.0291446126037899,0.07079974,0.005012603
5313,0,1,0.029189348,0.007591486,0.1897485876711866,0.16055924,0.025779268
5314,0,1,-0.17344522,-0.096687555,-0.1697398341518701,0.0037053972,1.37299685e-05
5315,0,1,0.15890527,0.042452812,0.2712229688275158,0.11231771,0.012615268
5316,0,1,-0.24882746,-0.049101353,-0.2888954271444666,0.04006797,0.0016054423
5317,0,1,0.26822686,0.0065379143,0.2640349947243128,0.0041918755,1.757182e-05
5318,0,1,-0.24218225,-0.056741953,-0.3731005257756674,0.13091826,0.017139591
5319,0,1,0.3450048,-0.054387093,0.3682056528314525,0.02320087,0.00053828035
5320,0,1,-0.33837605,0.054604053,-0.2700882060351932,0.06828785,0.0046632304
5321,0,1,0.25101924,0.017141342,0.2999526806292207,0.048933446,0.0023944823
5322,0,1,-0.2753806,-0.018499851,-0.387505252921442,0.11212465,0.012571937
5323,0,1,0.35809255,-0.066735744,0.2426154666153053,0.115477085,0.013334957
5324,0,1,-0.22237039,-0.07947254,-0.0693971367313257,0.15297325,0.023400815
5325,0,1,0.06638646,0.026691198,0.0504154489532346,0.015971012,0.00025507325
5326,0,1,-0.04442191,-0.052894592,0.0894675772915647,0.1338895,0.017926397
5327,0,1,-0.08058143,-0.07995057,-0.0195574253770844,0.061024003,0.003723929
5328,0,1,0.020324945,0.0019135475,0.0878419353873867,0.06751699,0.004558544
5329,0,1,-0.079075575,-0.07978678,0.0122631988770769,0.091338776,0.008342772
5330,0,1,-0.009110451,-0.020090103,0.0434800566176529,0.052590508,0.0027657615
5331,0,1,-0.038001537,-0.046410322,-0.0164288270829247,0.021572711,0.00046538186
5332,0,1,0.017431736,-3.552437e-05,0.0329427038916336,0.015510969,0.00024059016
5333,0,1,-0.028247118,-0.03700137,-0.0111231230102313,0.017123995,0.00029323122
5334,0,1,0.01252532,-0.0034456253,-0.0188005203211116,0.03132584,0.0009813082
5335,0,1,0.019625664,0.0014457703,-0.0114181220364724,0.031043787,0.0009637167
5336,0,1,0.012798071,-0.003252983,0.0219451196376647,0.009147048,8.3668485e-05
5337,0,1,-0.018069506,-0.027751207,0.0568566876659799,0.0749262,0.005613935
5338,0,1,-0.050385952,-0.059123993,-0.2536049000699756,0.20321894,0.041297935
5339,0,1,0.23592257,0.024310589,0.2628507919613994,0.026928216,0.0007251288
5340,0,1,-0.24108648,-0.05799985,-0.2315332684919218,0.009553209,9.12638e-05
5341,0,1,0.21568513,0.031574965,0.3088526061461554,0.093167484,0.00868018
5342,0,1,-0.28360224,-0.009000063,-0.5045365351561273,0.22093427,0.048811954
5343,0,1,0.463845,-0.18271661,0.354044801455891,0.10980022,0.012056088
5344,0,1,-0.3253169,0.039390326,-0.4002302931101003,0.07491338,0.005612015
5345,0,1,0.36964154,-0.07805085,0.3531680046868848,0.016473532,0.00027137724
5346,0,1,-0.32450867,0.03844905,-0.3071802008294759,0.017328471,0.00030027592
5347,0,1,0.28493595,-0.0048980713,0.3027867718512507,0.017850816,0.00031865164
5348,0,1,-0.27799916,-0.015474796,-0.280687041578425,0.0026878715,7.224653e-06
5349,0,1,0.26071882,0.011313915,0.2973905370961027,0.036671728,0.0013448156
5350,0,1,-0.27301288,-0.021232128,-0.3623824739601931,0.089369595,0.007986925
5351,0,1,0.33525777,-0.045532227,0.4030442632394568,0.067786485,0.0045950077
5352,0,1,-0.37047386,0.09213495,-0.4688550593606915,0.09838119,0.009678859
5353,0,1,0.43171763,-0.1448133,0.4325078937701518,0.0007902682,6.245238e-07
5354,0,1,-0.39758348,0.12398839,-0.2701181184327041,0.12746537,0.01624742
5355,0,1,0.25104642,0.01712656,0.2034952462863857,0.04755117,0.0022611138
5356,0,1,-0.18616939,-0.10000849,-0.1194390738333552,0.06673031,0.0044529345
5357,0,1,0.11256838,0.040039062,-0.1605943755180932,0.27316275,0.07461789
5358,0,1,0.15048742,0.042799234,0.0664053492832517,0.084082074,0.0070697954
5359,0,1,-0.05922556,-0.068724394,0.2013050113647403,0.2605306,0.06787619
5360,0,1,-0.18414259,-0.09946346,-0.0771455786511361,0.10699701,0.011448361
5361,0,1,0.07354236,0.029500484,0.1061816115330587,0.032639258,0.0010653212
5362,0,1,-0.09606004,-0.0818336,0.003103993766699,0.09916403,0.009833505
5363,0,1,-0.00063562393,-0.013257742,-0.2492593429144052,0.24862371,0.06181375
5364,0,1,0.23194027,0.025873184,0.3499460688126676,0.11800581,0.013925372
5365,0,1,-0.32153678,0.03499198,-0.4570927072252555,0.13555592,0.018375408
5366,0,1,0.42110395,-0.13275194,0.3901611925076769,0.030942768,0.0009574549
5367,0,1,-0.35861015,0.078240395,-0.37365028293372,0.015040129,0.00022620549
5368,0,1,0.34550476,-0.054848433,0.4122647792152598,0.06676003,0.004456902
5369,0,1,-0.37896085,0.102092505,-0.3664242432707918,0.012536615,0.00015716672
5370,0,1,0.33893394,-0.048837185,0.3068033505465717,0.0321306,0.0010323754
5371,0,1,-0.28170943,-0.011186361,-0.4784089266006188,0.1966995,0.038690694
5372,0,1,0.44033027,-0.1547749,0.4384032646431302,0.0019269884,3.713284e-06
5373,0,1,-0.40300345,0.13037443,-0.2354194029061869,0.16758405,0.028084412
5374,0,1,0.21925044,0.030418158,0.3585270212088622,0.1392766,0.01939797
5375,0,1,-0.32945156,0.044204235,-0.249138675063973,0.08031289,0.006450161
5376,0,1,0.23182893,0.0259161,0.2333987648756808,0.0015698373,2.4643894e-06
5377,0,1,-0.21384406,-0.089007616,-0.2757514659369149,0.06190741,0.0038325274
5378,0,1,0.2562034,0.014076233,0.2592934962405757,0.0030900836,9.548617e-06
5379,0,1,-0.23779726,-0.06177807,-0.2365655704679627,0.0012316853,1.5170486e-06
5380,0,1,0.22030139,0.030067205,0.0438578304785313,0.17644356,0.031132331
5381,0,1,-0.03835082,-0.046757936,-0.0613304480102585,0.022979628,0.00052806333
5382,0,1,0.058935404,0.023471832,-0.0459447316319781,0.10488014,0.0109998435
5383,0,1,0.04471898,0.016489267,0.1785599757945282,0.133841,0.017913412
5384,0,1,-0.1630857,-0.094168186,-0.3464202814061785,0.18333459,0.033611573
5385,0,1,0.32072687,-0.032898426,0.2528188799474744,0.06790799,0.004611495
5386,0,1,-0.23180866,-0.06865215,-0.2499055617625458,0.018096894,0.00032749758
5387,0,1,0.2325325,0.02564478,0.252151851922286,0.019619346,0.00038491873
5388,0,1,-0.23119164,-0.06935859,-0.4014069247281737,0.17021528,0.02897324
5389,0,1,0.37070966,-0.079116106,0.2829204471990754,0.08778921,0.007706945
5390,0,1,-0.2596414,-0.036653996,-0.3708460248080283,0.111204624,0.012366468
5391,0,1,0.3429556,-0.052500725,0.44287031470938,0.09991473,0.009982953
5392,0,1,-0.4071095,0.13521552,-0.4596191004620373,0.052509606,0.0027572587
5393,0,1,0.42338443,-0.13532257,0.3820106331516975,0.04137379,0.0017117904
5394,0,1,-0.35110092,0.06945872,-0.2394889163871902,0.11161201,0.01245724
5395,0,1,0.22298217,0.029150724,0.2380033922774442,0.01502122,0.00022563705
5396,0,1,-0.21810365,-0.084359646,-0.2673586301798005,0.049254984,0.0024260534
5397,0,1,0.2485199,0.018580675,0.2896057536079151,0.04108587,0.0016880486
5398,0,1,-0.26582074,-0.029531956,-0.1465063126871424,0.11931443,0.014235933
5399,0,1,0.13751459,0.042659283,0.1208742039939312,0.016640387,0.0002769025
5400,0,1,-0.109666824,-0.08378482,-0.1477907089782144,0.03812389,0.0014534311
5401,0,1,0.13869762,0.04270625,0.18266065767448,0.04396303,0.001932748
5402,0,1,-0.16688299,-0.09507251,-0.2340187294140205,0.06713574,0.0045072073
5403,0,1,0.21796584,0.030841112,0.2014881574322391,0.01647769,0.00027151423
5404,0,1,-0.18431163,-0.09950781,-0.1586974869046411,0.025614142,0.0006560843
5405,0,1,0.14874148,0.042828083,0.0608882093215927,0.087853275,0.007718198
5406,0,1,-0.054117918,-0.06312442,-0.0087013961286714,0.045416523,0.0020626606
5407,0,1,0.010285139,-0.0050480366,-0.0792965311739055,0.08958167,0.008024875
5408,0,1,0.07552838,0.030231953,0.1697963878594803,0.09426801,0.008886457
5409,0,1,-0.15497136,-0.09230852,-0.0161722370541537,0.13879913,0.0192652
5410,0,1,0.01719451,-0.00019717216,0.0584377619864997,0.04124325,0.0017010057
5411,0,1,-0.051849604,-0.060682774,-0.1013851221262593,0.04953552,0.0024537677
5412,0,1,0.09591603,0.036520958,0.0963840922134764,0.00046806037,2.1908052e-07
5413,0,1,-0.08698678,-0.080685616,-0.0437964053139783,0.043190375,0.0018654085
5414,0,1,0.04273367,0.015425205,0.0673301745001753,0.024596505,0.0006049881
5415,0,1,-0.060082197,-0.069677114,-0.1338830724621624,0.07380088,0.0054465695
5416,0,1,0.12588406,0.041828156,0.2639150069425198,0.13803095,0.019052543
5417,0,1,-0.24207044,-0.05686903,-0.2217782693450036,0.020292163,0.00041177188
5418,0,1,0.20673323,0.034240007,0.0396262948984724,0.16710693,0.027924726
5419,0,1,-0.034434795,-0.042907238,0.0487494934303165,0.08318429,0.0069196257
5420,0,1,-0.04288006,-0.051316023,-0.1364998621347446,0.09361981,0.008764668
5421,0,1,0.12829518,0.042055607,0.0749001215050308,0.053395063,0.0028510327
5422,0,1,-0.06709194,-0.077629566,-0.0763589335596526,0.009266995,8.58772e-05
5423,0,1,0.07281566,0.029228926,0.1751454401937491,0.10232979,0.010471386
5424,0,1,-0.1599245,-0.09343147,-0.3222915795099874,0.16236708,0.026363067
5425,0,1,0.29873037,-0.015142202,0.432101220511166,0.13337085,0.017787782
5426,0,1,-0.39720893,0.12354779,-0.384042938342255,0.013165981,0.00017334304
5427,0,1,0.35494804,-0.06372213,0.3190687170063779,0.035879314,0.0012873252
5428,0,1,-0.29303813,0.0019192696,-0.2309497654319909,0.06208837,0.0038549658
5429,0,1,0.21515012,0.031743765,0.0807470907061134,0.13440302,0.018064171
5430,0,1,-0.07250571,-0.07911062,-0.1114167334626721,0.038911022,0.0015140676
5431,0,1,0.1051712,0.03865385,0.209376472886305,0.104205266,0.010858737
5432,0,1,-0.19161296,-0.098983765,-0.1665685445117062,0.025044411,0.00062722253
5433,0,1,0.15598702,0.042610884,0.0073652903986105,0.14862174,0.022088422
5434,0,1,-0.004577875,-0.01638627,-0.009605262202637,0.0050273873,2.5274623e-05
5435,0,1,0.011120796,-0.004446745,0.0862938400012365,0.07517304,0.0056509865
5436,0,1,-0.077641964,-0.07963371,-0.0789647045016068,0.0013227388,1.749638e-06
5437,0,1,0.075222015,0.030119896,0.0675437389491881,0.007678278,5.895595e-05
5438,0,1,-0.060280085,-0.06989789,0.148031733497759,0.20831181,0.04339381
5439,0,1,-0.13481736,-0.08813119,-0.0767988162553821,0.058018543,0.0033661514
5440,0,1,0.07322192,0.029381037,0.0960192711896317,0.022797346,0.000519719
5441,0,1,-0.08664894,-0.08064604,-0.0183204434725339,0.0683285,0.004668784
5442,0,1,0.019181013,0.0011479855,0.0278250241458617,0.008644011,7.4718926e-05
5443,0,1,-0.02351141,-0.032624483,0.0020705045582585,0.025581915,0.0006544344
5444,0,1,0.000320673,-0.012513161,0.0818529011688777,0.081532225,0.006647504
5445,0,1,-0.07352972,-0.07921171,-0.0141342387823044,0.05939548,0.0035278231
5446,0,1,0.015310049,-0.0014936924,0.0869628060069684,0.071652755,0.0051341173
5447,0,1,-0.078261614,-0.07969999,0.113691005820899,0.19195262,0.036845807
5448,0,1,-0.10301447,-0.08279562,0.0165345188976275,0.11954899,0.014291962
5449,0,1,-0.013062239,-0.023414135,0.0030033209426241,0.01606556,0.00025810223
5450,0,1,-0.0005428791,-0.013184786,0.0391413234878545,0.039684203,0.001574836
5451,0,1,-0.033985376,-0.04247141,0.1761048977478982,0.21009028,0.044137925
5452,0,1,-0.16081238,-0.09363699,-0.051446895881233,0.10936548,0.011960808
5453,0,1,0.04980445,0.019112825,0.0065765873020819,0.043227863,0.0018686481
5454,0,1,-0.003847599,-0.015800476,0.0285603719237843,0.03240797,0.0010502764
5455,0,1,-0.024191856,-0.03324485,0.0362341919950535,0.06042605,0.0036513074
5456,0,1,-0.031294584,-0.0398829,-0.0995976741914725,0.06830309,0.0046653124
5457,0,1,0.09426689,0.03609419,0.1451020411587107,0.050835148,0.0025842122
5458,0,1,-0.13210464,-0.08761597,0.0181207210507876,0.15022536,0.022567658
5459,0,1,-0.014530659,-0.0246706,-0.0047636176405401,0.009767041,9.539508e-05
5460,0,1,0.0066423416,-0.007712126,-0.0132128963924031,0.019855238,0.0003942305
5461,0,1,0.014457226,-0.0020866394,-0.0068522250085369,0.02130945,0.00045409266
5462,0,1,0.008574486,-0.0062897205,0.0156681184517522,0.0070936326,5.0319624e-05
5463,0,1,-0.012260437,-0.02273202,-0.0263293732502334,0.014068937,0.00019793499
5464,0,1,0.026586533,0.0059685707,0.0362754375965641,0.009688906,9.387491e-05
5465,0,1,-0.031332254,-0.039919853,0.0878894262871625,0.11922168,0.014213809
5466,0,1,-0.07911992,-0.07979202,-0.1700269390539106,0.09090702,0.008264087
5467,0,1,0.15916944,0.04243636,0.2110177416406333,0.051848307,0.002688247
5468,0,1,-0.19313288,-0.098297834,-0.3055365383125767,0.11240366,0.012634583
5469,0,1,0.28343415,-0.003825903,0.2998594878507767,0.016425341,0.00026979184
5470,0,1,-0.27529573,-0.01859808,-0.113522042147784,0.16177368,0.026170723
5471,0,1,0.107112646,0.03904462,0.2586270902383645,0.15151444,0.022956626
5472,0,1,-0.23718047,-0.06248665,-0.1452792473628164,0.09190123,0.008445836
5473,0,1,0.13638425,0.04260826,0.0529244041989152,0.08345984,0.0069655445
5474,0,1,-0.046744585,-0.055297136,-0.1510674509131129,0.104322866,0.0108832605
5475,0,1,0.14171576,0.042794943,0.2349751690163306,0.09325941,0.008697317
5476,0,1,-0.21530294,-0.087566376,-0.2589721686898873,0.043669224,0.0019070011
5477,0,1,0.24083924,0.022294283,0.3416766719359114,0.10083744,0.010168189
5478,0,1,-0.31390738,0.026123047,-0.4425441854287886,0.1286368,0.016547428
5479,0,1,0.40796113,-0.11816335,0.4542774570974752,0.046316326,0.0021452021
5480,0,1,-0.4175899,0.14758825,-0.4439991121018782,0.026409209,0.0006974463
5481,0,1,0.40927577,-0.1196053,0.384450019091886,0.024825752,0.00061631796
5482,0,1,-0.35334802,0.072086096,-0.3499313209993575,0.0034166873,1.1673752e-05
5483,0,1,0.32392454,-0.03561783,0.2422349781870032,0.08168957,0.006673185
5484,0,1,-0.22201896,-0.07987571,-0.2800629403017374,0.058043987,0.0033691043
5485,0,1,0.26014757,0.011667728,0.2259514090017531,0.03419617,0.0011693779
5486,0,1,-0.20695329,-0.09208655,-0.076453710845362,0.13049957,0.017030139
5487,0,1,0.07290316,0.029261112,-0.0273580954605923,0.100261256,0.01005232
5488,0,1,0.027537823,0.006566286,-0.1563645960740554,0.18390241,0.033820096
5489,0,1,0.14659357,0.042842865,0.0120309230842314,0.13456264,0.018107105
5490,0,1,-0.008895636,-0.01991129,0.1683771916080543,0.17727283,0.031425655
5491,0,1,-0.1536572,-0.09201741,-0.1542627288813021,0.0006055236,3.666588e-07
5492,0,1,0.14465761,0.042838573,0.2136081011538189,0.06895049,0.00475417
5493,0,1,-0.19553018,-0.09721708,-0.214444486283313,0.018914312,0.0003577512
5494,0,1,0.20000052,0.03601718,0.1286716453996894,0.07132888,0.0050878087
5495,0,1,-0.11688781,-0.08493447,-0.2766985065956087,0.15981069,0.025539458
5496,0,1,0.2570691,0.013552427,0.1609742318886988,0.09609488,0.009234225
5497,0,1,-0.14680219,-0.090541124,-0.1076817818652116,0.039120406,0.0015304062
5498,0,1,0.10172534,0.037911654,0.1682608120866544,0.06653547,0.004426969
5499,0,1,-0.15354967,-0.091994286,0.0047706985079796,0.15832037,0.025065338
5500,0,1,-0.0021774769,-0.014470339,0.1520128737383652,0.15419035,0.023774663
5501,0,1,-0.13850427,-0.08884883,-0.2359747148408679,0.09747045,0.009500488
5502,0,1,0.21975994,0.03024888,0.2001280558665912,0.019631892,0.0003854112
5503,0,1,-0.18305278,-0.09917188,-0.0564267251820722,0.12662604,0.016034154
5504,0,1,0.054404974,0.021366596,0.0948463940774098,0.040441424,0.0016355087
5505,0,1,-0.085562944,-0.08051753,-0.3259806054234291,0.24041766,0.05780065
5506,0,1,0.30209517,-0.017747879,0.3441138032797846,0.042018622,0.0017655647
5507,0,1,-0.31615615,0.028735638,-0.1997989117506584,0.11635724,0.013539007
5508,0,1,0.18654752,0.038972378,0.0588264011569319,0.12772112,0.016312683
5509,0,1,-0.0522089,-0.061068773,-0.15894001945435,0.10673112,0.011391532
5510,0,1,0.14896488,0.042824984,0.075222199487392,0.07374268,0.0054379827
5511,0,1,-0.067389965,-0.07797432,-0.0141547507897832,0.053235214,0.002833988
5512,0,1,0.015328646,-0.0014810562,-0.1352322278710911,0.15056087,0.022668576
5513,0,1,0.12712717,0.041948795,0.074744388227407,0.052382782,0.002743956
5514,0,1,-0.06694794,-0.07746339,-0.029627455825266,0.03732048,0.0013928182
5515,0,1,0.029635906,0.0078651905,-0.0752825359563518,0.10491844,0.01100788
5516,0,1,0.071822405,0.028850555,-0.0623121534374733,0.13413456,0.017992081
5517,0,1,0.05984211,0.023878813,0.085211876090065,0.025369763,0.00064362487
5518,0,1,-0.07664037,-0.07952881,-0.1421095142949666,0.065469146,0.004286209
5519,0,1,0.1334641,0.04244709,0.357818086504059,0.224354,0.050334718
5520,0,1,-0.32879734,0.043441296,-0.1891250112166784,0.13967232,0.019508358
5521,0,1,0.17673612,0.04061246,0.1670869685271192,0.009649143,9.3105955e-05
5522,0,1,-0.15246272,-0.09175587,-0.2127164759558644,0.060253754,0.003630515
5523,0,1,0.19841337,0.03640771,0.2736874533160667,0.07527408,0.005666187
5524,0,1,-0.25110626,-0.046480417,-0.2728886532375827,0.021782398,0.00047447288
5525,0,1,0.25358272,0.015640259,0.2496998361457985,0.003882885,1.50767955e-05
5526,0,1,-0.22892427,-0.07196069,-0.4109694902254919,0.18204522,0.033140462
5527,0,1,0.37937975,-0.08788061,0.421853418860556,0.042473674,0.0018040129
5528,0,1,-0.38778424,0.11245775,-0.3828000556420452,0.0049842,2.484225e-05
5529,0,1,0.35381866,-0.06264806,0.2175585294107538,0.13626012,0.01856682
5530,0,1,-0.19918585,-0.0955708,-0.247860886310729,0.048675045,0.00236926
5531,0,1,0.23065853,0.02636218,0.258723423235264,0.028064907,0.000787639
5532,0,1,-0.23726988,-0.062383175,-0.4635386339483216,0.22626877,0.051197555
5533,0,1,0.42692184,-0.13933325,0.4609102992674176,0.033988446,0.0011552145
5534,0,1,-0.42368197,0.15479112,-0.4444441437310842,0.020762175,0.00043106792
5535,0,1,0.40967846,-0.12004614,0.4136198490818539,0.003941387,1.5534531e-05
5536,0,1,-0.38020802,0.10355687,-0.2783011703954385,0.101906836,0.010385003
5537,0,1,0.25853634,0.012660027,0.3026184345085148,0.044082105,0.001943232
5538,0,1,-0.2778437,-0.015654564,-0.2318612149685384,0.045982495,0.0021143898
5539,0,1,0.21598625,0.03147888,0.2047416900819092,0.011244565,0.00012644025
5540,0,1,-0.18732333,-0.10032201,-0.1255740846368449,0.06174925,0.00381297
5541,0,1,0.118225336,0.04090953,-0.0034491335285755,0.12167447,0.014804677
5542,0,1,0.0054268837,-0.008617878,0.0611573995619951,0.055730514,0.0031058902
5543,0,1,-0.054366827,-0.06339383,-0.2088498514700383,0.15448302,0.023865003
5544,0,1,0.19486213,0.037240267,0.1984100455026531,0.0035479218,1.2587749e-05
5545,0,1,-0.18146276,-0.09875083,-0.3604669214883231,0.17900416,0.03204249
5546,0,1,0.33351517,-0.04398036,0.3793307610980423,0.045815587,0.002099068
5547,0,1,-0.34863067,0.06657338,-0.2219574172746812,0.12667325,0.016046112
5548,0,1,0.20689797,0.034195185,0.2519553181639495,0.045057356,0.0020301654
5549,0,1,-0.23101068,-0.069568396,-0.2729864021801282,0.041975737,0.0017619624
5550,0,1,0.2536726,0.01558733,0.1479203840019969,0.105752215,0.011183531
5551,0,1,-0.13471365,-0.088110924,-0.2802292728296174,0.14551562,0.021174796
5552,0,1,0.26029968,0.01157403,0.1615270641327009,0.098772615,0.00975603
5553,0,1,-0.14731479,-0.09064937,-0.1889480280013407,0.04163325,0.0017333274
5554,0,1,0.17657351,0.040635586,0.0962782087914932,0.08029531,0.0064473366
5555,0,1,-0.08688831,-0.08067441,-0.0346733479017533,0.052214965,0.0027264026
5556,0,1,0.034300804,0.010667324,0.0951521303304048,0.060851328,0.003702884
5557,0,1,-0.08584595,-0.08055067,-0.1386610030715189,0.05281505,0.0027894294
5558,0,1,0.13028765,0.042223215,0.286806664080355,0.15651903,0.024498206
5559,0,1,-0.26323318,-0.032515526,-0.2881658867152636,0.024932712,0.0006216401
5560,0,1,0.2675588,0.006971121,0.413362047998016,0.14580324,0.021258585
5561,0,1,-0.3799708,0.103279114,-0.338847341378083,0.04112345,0.0016911381
5562,0,1,0.31382704,-0.027146578,0.2211497094495329,0.092677325,0.008589086
5563,0,1,-0.20251012,-0.094078064,-0.0393003424734188,0.16320978,0.026637433
5564,0,1,0.038577795,0.013130188,0.0551001067186103,0.01652231,0.00027298674
5565,0,1,-0.048758507,-0.05740547,-0.023466395608894,0.025292112,0.0006396909
5566,0,1,0.023939371,0.004281044,-0.0819299405133877,0.10586931,0.011208311
5567,0,1,0.077959776,0.031098127,0.0780164517866532,5.6676567e-05,3.2122331e-09
5568,0,1,-0.06997824,-0.07886815,-0.1254103648807643,0.055432126,0.0030727205
5569,0,1,0.11807442,0.040888548,0.1441880102432402,0.0261136,0.0006819201
5570,0,1,-0.13125825,-0.08745766,-0.176619184998283,0.045360938,0.0020576147
5571,0,1,0.16523457,0.041970253,0.3030911649254935,0.1378566,0.019004444
5572,0,1,-0.27828074,-0.015150785,-0.2293200632728869,0.04896067,0.0023971472
5573,0,1,0.21365523,0.032209396,0.2057737758469833,0.007881463,6.2117455e-05
5574,0,1,-0.18827915,-0.10049105,-0.177320142762769,0.010959014,0.0001201
5575,0,1,0.16587973,0.041909933,0.1917674517108292,0.025887728,0.0006701744
5576,0,1,-0.17531347,-0.097159386,-0.0759982212746219,0.09931525,0.009863518
5577,0,1,0.072482824,0.029102564,0.0307021144237049,0.04178071,0.0017456277
5578,0,1,-0.026174307,-0.035069227,-0.0215619638643538,0.0046123434,2.1273712e-05
5579,0,1,0.022178411,0.0031366348,0.0027948500457153,0.01938356,0.00037572242
5580,0,1,-0.00034999847,-0.013034344,0.0024550964875786,0.002805095,7.868558e-06
5581,0,1,-3.528595e-05,-0.012789249,-0.117203815968482,0.11716853,0.013728465
5582,0,1,0.110507965,0.03968191,-0.0245335462939442,0.1350415,0.018236209
5583,0,1,0.024926662,0.004914522,0.0929583295457501,0.06803167,0.004628308
5584,0,1,-0.083814144,-0.080314636,0.0411298209211912,0.124943964,0.015610994
5585,0,1,-0.035826206,-0.044266224,0.1675009881724074,0.2033272,0.04134195
5586,0,1,-0.15284586,-0.09183955,-0.2388068811500936,0.08596103,0.0073892986
5587,0,1,0.22235727,0.02936697,0.2635137270207419,0.04115644,0.0016938526
5588,0,1,-0.24169993,-0.057296515,-0.1570772295991966,0.08462271,0.007161003
5589,0,1,0.14725018,0.042841673,0.2253113792116012,0.07806121,0.0060935523
5590,0,1,-0.2063601,-0.09235144,-0.0532389973039362,0.1531211,0.02344607
5591,0,1,0.05145979,0.019937277,0.0961954778918841,0.044735685,0.0020012816
5592,0,1,-0.08681154,-0.080664635,-0.2214866199630649,0.13467507,0.018137375
5593,0,1,0.20646548,0.03431511,0.2141704710882299,0.007704988,5.936684e-05
5594,0,1,-0.19605112,-0.09698272,-0.1777801452897387,0.01827097,0.00033382833
5595,0,1,0.16630292,0.041870356,0.1357391852726284,0.030563727,0.0009341414
5596,0,1,-0.12343311,-0.08604503,-0.076652946712481,0.04678017,0.0021883843
5597,0,1,0.073087215,0.029330492,-0.0188665248827963,0.09195374,0.00845549
5598,0,1,0.01968646,0.001486063,-0.1367871814097534,0.15647364,0.024484
5599,0,1,0.12856007,0.04207921,0.2761530324726773,0.14759296,0.021783682
5600,0,1,-0.25338602,-0.04385805,-0.3980578541253665,0.14467183,0.020929938
5601,0,1,0.3676715,-0.07609296,0.4349055044533707,0.06723401,0.004520412
5602,0,1,-0.3997872,0.12658453,-0.3711659556988707,0.028621227,0.00081917463
5603,0,1,0.3432467,-0.052767515,0.193534259688243,0.14971244,0.022413816
5604,0,1,-0.17694926,-0.09757733,-0.2210360938385456,0.04408683,0.0019436484
5605,0,1,0.2060523,0.03442955,0.1820426177268217,0.02400969,0.0005764652
5606,0,1,-0.16631007,-0.094934225,-0.0226045589255767,0.14370552,0.020651275
5607,0,1,0.023142815,0.003765583,0.1178254510707894,0.094682634,0.008964801
5608,0,1,-0.106842995,-0.08335757,-0.1450680588871202,0.03822507,0.001461156
5609,0,1,0.13618946,0.042598963,0.2885714686922549,0.15238202,0.023220278
5610,0,1,-0.26486444,-0.030635357,-0.215030057641131,0.049834386,0.002483466
5611,0,1,0.20053816,0.03588319,0.1944854684574126,0.0060526878,3.663503e-05
5612,0,1,-0.17782927,-0.09780383,-0.2174420542998394,0.039612785,0.0015691727
5613,0,1,0.20275307,0.03531456,0.1977165129307496,0.005036548,2.5366813e-05
5614,0,1,-0.1808207,-0.09858227,-0.1897297401172051,0.008909032,7.9370846e-05
5615,0,1,0.17729235,0.04053068,0.2503485330599511,0.07305619,0.005337207
5616,0,1,-0.2295239,-0.07127309,-0.1827754307702194,0.04674846,0.0021854185
5617,0,1,0.170897,0.041378498,0.1864672457368672,0.015570238,0.00024243232
5618,0,1,-0.17040658,-0.09593153,-0.1152530413202126,0.05515354,0.003041913
5619,0,1,0.10870838,0.0393517,0.2712162564271461,0.16250786,0.026408805
5620,0,1,-0.24882245,-0.04910779,-0.151367783493908,0.09745467,0.0094974125
5621,0,1,0.14199233,0.04279995,0.257844380788915,0.11585206,0.013421699
5622,0,1,-0.23645663,-0.06331754,-0.2608220323931594,0.024365395,0.0005936725
5623,0,1,0.24253416,0.021576643,0.2134875548498147,0.02904661,0.00084370555
5624,0,1,-0.19541883,-0.09726715,-0.3558465686073515,0.16042772,0.025737053
5625,0,1,0.32931042,-0.040277004,0.1832664078861343,0.14604402,0.021328855
5626,0,1,-0.16744304,-0.09520841,-0.1499907895078549,0.017452255,0.0003045812
5627,0,1,0.14072418,0.04277134,0.2016727671504163,0.06094858,0.0037147296
5628,0,1,-0.18448281,-0.09955382,-0.1558419629521195,0.028640851,0.0008202984
5629,0,1,0.1461122,0.04284358,0.2122129843253914,0.066100776,0.0043693124
5630,0,1,-0.1942389,-0.09779906,-0.1990642303947143,0.004825324,2.328375e-05
5631,0,1,0.1858716,0.039097786,0.1782851702068519,0.0075864345,5.755399e-05
5632,0,1,-0.16283083,-0.094108105,0.0447130653377079,0.2075439,0.04307447
5633,0,1,-0.03914237,-0.047546387,0.0023959492227247,0.04153832,0.0017254321
5634,0,1,1.8835068e-05,-0.012747288,-0.0763319845593231,0.07635082,0.0058294483
5635,0,1,0.0727911,0.029218912,0.0487272749680078,0.024063826,0.0005790677
5636,0,1,-0.042859316,-0.051295757,-0.0392635317026983,0.0035957843,1.2929665e-05
5637,0,1,0.038544178,0.013109446,0.1121854616870026,0.073641285,0.0054230387
5638,0,1,-0.1016202,-0.082597256,-0.1780711635752836,0.07645096,0.005844749
5639,0,1,0.16657043,0.041844845,0.1163325942829152,0.050237834,0.00252384
5640,0,1,-0.10546017,-0.08315158,-0.0563415447413961,0.049118623,0.002412639
5641,0,1,0.054326534,0.021328688,0.0474800152861836,0.0068465173,4.68748e-05
5642,0,1,-0.041704178,-0.0501225,-0.080118507438565,0.03841433,0.0014756607
5643,0,1,0.07628703,0.030506372,0.0456574539769198,0.030629579,0.0009381711
5644,0,1,-0.040017366,-0.0484221,-0.2389844344373966,0.19896707,0.039587896
5645,0,1,0.22251987,0.029310942,0.3909200521889451,0.16840017,0.028358616
5646,0,1,-0.35930872,0.07905793,-0.2926203075877893,0.06668842,0.004447345
5647,0,1,0.27163148,0.0042955875,0.2643366334233588,0.0072948337,5.3214597e-05
5648,0,1,-0.24246049,-0.05642152,-0.206770181010774,0.035690308,0.001273798
5649,0,1,0.19295216,0.037666082,0.0580432216607276,0.13490893,0.01820042
5650,0,1,-0.051484108,-0.060293436,-0.1111516814454605,0.059667572,0.0035602192
5651,0,1,0.10492611,0.038603783,0.2042706830785592,0.09934457,0.009869343
5652,0,1,-0.18688774,-0.100203514,-0.1726886704100394,0.014199078,0.00020161382
5653,0,1,0.16161823,0.04226947,0.1740762968094578,0.012458071,0.00015520354
5654,0,1,-0.1589346,-0.09320474,-0.307006930588471,0.14807233,0.021925416
5655,0,1,0.2847767,-0.004784584,0.3651596124467446,0.08038291,0.0064614126
5656,0,1,-0.33556747,0.05132985,-0.4733691108323676,0.13780165,0.018989295
5657,0,1,0.43578792,-0.14950228,0.4177497290189707,0.018038183,0.00032537605
5658,0,1,-0.38400817,0.10801935,-0.140384122418947,0.24362405,0.059352677
5659,0,1,0.1318748,0.04234028,0.0561675454707217,0.07570726,0.0057315887
5660,0,1,-0.04974675,-0.05844879,0.1504718867015402,0.20021863,0.040087502
5661,0,1,-0.13707685,-0.088568926,-0.1075604592628498,0.029516399,0.0008712178
5662,0,1,0.10161328,0.037886858,0.0978812553265155,0.0037320256,1.39280155e-05
5663,0,1,-0.088373184,-0.080853224,-0.2308573522336492,0.14248417,0.020301739
5664,0,1,0.21506572,0.031770706,0.2583478009368711,0.04328209,0.0018733394
5665,0,1,-0.23692274,-0.062782764,-0.0731786092892234,0.16374412,0.026812138
5666,0,1,0.06987953,0.028096676,0.1792729865563092,0.10939345,0.011966926
5667,0,1,-0.16374612,-0.09432292,-0.2223702318411002,0.05862412,0.0034367873
5668,0,1,0.20727658,0.034088373,0.0789509896697988,0.1283256,0.01646746
5669,0,1,-0.07084298,-0.07894993,-0.1207871866451335,0.049944207,0.0024944239
5670,0,1,0.113811255,0.040245056,0.1148867063063514,0.001075454,1.1566015e-06
5671,0,1,-0.10412145,-0.0829556,0.020472157604138,0.1245936,0.015523565
5672,0,1,-0.016706705,-0.026556015,-0.0142202952924126,0.0024864096,6.182233e-06
5673,0,1,0.015389681,-0.0014383793,-0.002264566227732,0.017654248,0.00031167245
5674,0,1,0.0043308735,-0.009441137,0.0149371051012825,0.010606231,0.00011249214
5675,0,0,-0.0115840435,-0.022161007,-0.1960572424288433,0.1844732,0.034030363
5676,0,0,0.18310833,0.03959608,-0.1213621049985831,0.30447042,0.09270224
5677,0,0,0.114341974,0.040329933,-0.0984416402723731,0.2127836,0.04527686
5678,0,0,0.093200445,0.035810947,-0.2083922385397603,0.30159268,0.09095814
5679,0,0,0.19444227,0.037335396,-0.1542531683081582,0.34869546,0.12158852
5680,0,0,0.14464903,0.042838573,-0.3723406041545742,0.5169896,0.26727822
5681,1,0,-0.37861872,-0.05374956,-0.382298668831051,0.003679961,1.3542112e-05
5682,1,0,-0.3885312,-0.062214375,-0.2616091393554041,0.12692207,0.016109211
5683,1,0,-0.26794076,0.021267414,-0.2578570123215575,0.010083735,0.00010168171
5684,1,0,-0.26417708,0.02272129,-0.190782351748755,0.07339473,0.0053867865
5685,1,0,-0.1967423,0.04038596,-0.0388504944969283,0.15789181,0.024929823
5686,1,0,-0.043093443,0.012894869,0.0699751528529555,0.113068596,0.012784507
5687,1,0,0.067608595,-0.07242465,0.0586296690632877,0.008978926,8.06211e-05
5688,1,0,0.056045294,-0.06087303,-0.037256607956138,0.09330191,0.008705246
5689,1,0,-0.041475296,0.0120539665,0.0701298883379064,0.11160518,0.012455717
5690,1,0,0.067765474,-0.072585344,-0.0113776275604684,0.0791431,0.00626363
5691,1,0,-0.01519227,-0.003279686,-0.111507629829485,0.09631536,0.009276649
5692,1,0,-0.11671686,0.038671017,-0.1591690006130375,0.04245214,0.0018021844
5693,1,0,-0.16487002,0.042822123,0.0233533588713328,0.18822338,0.03542804
5694,1,0,0.020125628,-0.028903008,-0.141657121744084,0.16178276,0.02617366
5695,0,0,0.13304734,0.042419672,-0.0986089033924346,0.23165625,0.05366462
5696,0,0,0.09335446,0.035852194,-0.2111517753643754,0.30450624,0.092724055
5697,0,0,0.19697714,0.036751986,-0.1366628856660643,0.33364004,0.111315675
5698,1,0,-0.14214635,0.04206896,-0.0779179524861239,0.06422839,0.0041252864
5699,1,0,-0.0827117,0.029765606,0.0550523176570982,0.137764,0.018978922
5700,1,0,0.05240178,-0.05735922,0.323547701185535,0.2711459,0.0735201
5701,1,0,0.32699156,0.0067093372,0.2479593386499883,0.07903221,0.0062460904
5702,1,0,0.24951386,-0.073806286,0.118177864906305,0.131336,0.017249146
5703,1,0,0.11678195,-0.08340669,0.3691012854893669,0.25231934,0.06366505
5704,1,0,0.37372494,0.05556774,0.4799864375224421,0.10626149,0.011291505
5705,1,0,0.48461866,0.17553067,0.3993272985636684,0.085291356,0.0072746156
5706,1,0,0.40445495,0.08812475,0.4759204094103242,0.07146546,0.0051073125
5707,1,0,0.4805758,0.17110729,0.4365547016865156,0.0440211,0.0019378572
5708,1,0,0.44144225,0.12837052,0.4986310921240315,0.05718884,0.0032705632
5709,1,0,0.50316024,0.1958437,0.6327618338850924,0.1296016,0.016796574
5710,1,0,0.6366265,0.3431332,0.7132216593742995,0.07659519,0.005866823
5711,1,0,0.71670127,0.4324379,0.7562443242844847,0.039543033,0.0015636515
5712,1,0,0.75950456,0.48047018,0.5193978200285931,0.24010676,0.057651255
5713,1,0,0.52381706,0.21851444,0.5514787241786836,0.027661681,0.00076516863
5714,1,0,0.55573463,0.2536347,0.7482024756580707,0.19246787,0.03704388
5715,1,0,0.75150514,0.471478,0.7313067298915539,0.020198405,0.00040797555
5716,1,0,0.7346957,0.45260525,0.7854796541730811,0.05078399,0.0025790138
5717,1,0,0.78858256,0.51321936,0.7137240920018022,0.07485849,0.005603793
5718,1,0,0.717201,0.432997,0.7487888988747975,0.0315879,0.0009977954
5719,1,0,0.7520888,0.4721322,0.8938217509574682,0.14173299,0.02008824
5720,1,0,0.89089656,0.6353338,0.7775782064033216,0.113318324,0.012841042
5721,1,0,0.78072524,0.5043595,0.7870717250853061,0.006346464,4.0277606e-05
5722,1,0,0.79016614,0.5150051,0.6457495764124546,0.14441657,0.020856146
5723,1,0,0.64955306,0.35750222,0.7112309526666274,0.061677873,0.00380416
5724,1,0,0.71471953,0.4302199,0.7859295575750944,0.07121003,0.005070868
5725,1,0,0.7890303,0.51372457,0.736556669923448,0.052473664,0.0027534855
5726,1,0,0.7399194,0.4584663,0.6034464272632323,0.136473,0.01862488
5727,1,0,0.60745025,0.31077075,0.6813111835434582,0.07386094,0.005455439
5728,1,0,0.68494487,0.39693666,0.7427800683085359,0.05783522,0.0033449128
5729,1,0,0.7461107,0.46541762,0.7861039108716086,0.039993227,0.0015994582
5730,1,0,0.7892034,0.5139196,0.6481665524345108,0.14103687,0.019891398
5731,1,0,0.6519587,0.36017704,0.6807488229574683,0.028790116,0.0008288708
5732,1,0,0.684386,0.39631224,0.7276909573531252,0.04330492,0.0018753161
5733,1,0,0.73109794,0.44857,0.7014684701281078,0.029629469,0.0008779054
5734,1,0,0.7050054,0.4193492,0.7554359952164389,0.050430596,0.002543245
5735,1,0,0.75870013,0.4795668,0.734642420033881,0.024057686,0.0005787723
5736,1,0,0.73801494,0.45632863,0.6368699516518999,0.10114497,0.010230305
5737,1,0,0.64071536,0.34767628,0.7165015742083232,0.07578623,0.005743553
5738,1,0,0.71996474,0.43609285,0.6448735428835968,0.07509118,0.005638686
5739,1,0,0.6486809,0.35653257,0.5869733275027529,0.061707616,0.00380783
5740,1,0,0.59105563,0.29262662,0.6869992533774991,0.09594363,0.00920518
5741,1,0,0.6906059,0.4032569,0.8229990635891498,0.13239318,0.017527955
5742,1,0,0.8247931,0.55537605,0.6852651717572695,0.13952792,0.01946804
5743,1,0,0.6888807,0.40132952,0.7030813722928912,0.014200687,0.00020165952
5744,1,0,0.70660996,0.42114425,0.8151463887166321,0.10853642,0.011780155
5745,1,0,0.81746745,0.54654145,0.7848973099689638,0.032570124,0.001060813
5746,1,0,0.7880037,0.5125663,0.7890844514435833,0.0010807514,1.1680236e-06
5747,1,0,0.7921674,0.51726365,1.0216826861326544,0.22951531,0.05267728
5748,1,0,1.0159113,0.7808912,0.992761662349491,0.02314967,0.00053590717
5749,1,0,0.9872577,0.7478368,1.0169322028946373,0.02967453,0.0008805777
5750,1,0,1.0112016,0.7754576,1.111121618389841,0.099920034,0.009984014
5751,1,0,1.1050255,0.883579,1.0900376621368904,0.014987826,0.00022463493
5752,1,0,1.0838149,0.8593104,1.136117903434632,0.052303076,0.0027356117
5753,1,0,1.1303437,0.9119437,1.113835870843348,0.016507864,0.00027250958
5754,1,0,1.107774,0.8867066,1.0454875716080196,0.062286496,0.0038796077
5755,1,0,1.03953,0.8081553,1.0104214109359586,0.029108644,0.00084731315
5756,1,0,1.0047491,0.76801276,0.9566602540636332,0.04808879,0.0023125317
5757,1,0,0.9515579,0.70668054,0.8847653291533146,0.06679255,0.004461244
5758,1,0,0.88244176,0.6250813,0.7074267690206777,0.17501497,0.03063024
5759,1,0,0.7109349,0.4259827,0.7654611742934798,0.05452627,0.0029731141
5760,1,0,0.7686722,0.49078512,0.6888252192583724,0.07984704,0.0063755494
5761,1,0,0.6924236,0.4052856,0.7581536766319172,0.065730095,0.0043204455
5762,1,0,0.7614038,0.48260665,0.7788496114826606,0.017445803,0.00030435604
5763,1,0,0.78198934,0.50578594,0.9032671552260676,0.12127781,0.014708307
5764,1,0,0.8997152,0.6460335,1.0233376379390775,0.12362242,0.015282502
5765,1,0,1.0175526,0.78278565,0.987017068008876,0.03053552,0.0009324179
5766,1,0,0.9815719,0.7412803,1.1727483239316716,0.19117641,0.03654842
5767,1,0,1.1675117,0.95257926,1.027415048259964,0.14009666,0.019627076
5768,1,0,1.0215962,0.78745246,0.9660265932222764,0.05556959,0.0030879793
5769,1,0,0.9608128,0.7173474,0.9265704637740986,0.034242332,0.0011725373
5770,1,0,0.9218619,0.6724708,1.0673048463330104,0.14544296,0.021153655
5771,1,0,1.0612047,0.83318686,1.135900225606267,0.07469559,0.0055794306
5772,1,0,1.1301239,0.91170096,1.1608137736479152,0.030689955,0.0009418733
5773,1,0,1.1553938,0.93932986,1.051663863876002,0.10372996,0.010759905
5774,1,0,1.0456631,0.8152368,0.8904117258207482,0.15525138,0.024102991
5775,1,0,0.8877127,0.6314738,0.8181840349135165,0.0695287,0.00483424
5776,1,0,0.8203018,0.5499587,0.7905830961355869,0.029718697,0.00088320096
5777,1,0,0.793658,0.5189462,0.705802624168403,0.0878554,0.007718571
5778,1,0,0.7093179,0.4241743,0.6723574966614962,0.036960423,0.0013660729
5779,1,0,0.6760342,0.38699412,0.5393083330989241,0.1367259,0.018693972
5780,1,0,0.54362535,0.24029803,0.6018250005208556,0.058199644,0.0033871986
5781,1,0,0.60583615,0.30898428,0.651838212010269,0.04600203,0.0021161868
5782,1,0,0.6556127,0.3642428,0.6740695216681192,0.018456817,0.00034065408
5783,1,0,0.67773795,0.3888955,0.7275386896790832,0.049800754,0.002480115
5784,1,0,0.7309463,0.44839978,0.8565541466260611,0.12560785,0.01577733
5785,1,0,0.8561084,0.59319806,0.893429192996694,0.037320793,0.0013928416
5786,1,0,0.89053035,0.6348889,0.8600314009378951,0.030498922,0.0009301842
5787,1,0,0.8593538,0.5971229,0.8632627163311501,0.003908932,1.5279751e-05
5788,1,0,0.86237025,0.60077405,0.9335026567044564,0.07113242,0.0050598215
5789,1,0,0.9286983,0.68034387,0.7740375692374992,0.15466076,0.023919951
5790,1,0,0.7772038,0.50039244,0.8749706731622529,0.097766876,0.009558362
5791,1,0,0.8732979,0.6140039,0.7931831023800844,0.08011484,0.006418388
5792,1,0,0.7962434,0.5218642,0.890560504106261,0.09431708,0.008895711
5793,1,0,0.88785195,0.6316407,0.86617212033828,0.021679819,0.00047001452
5794,1,0,0.8650849,0.60405993,0.7477669671207416,0.117317915,0.013763493
5795,1,0,0.75107074,0.47099066,0.6458545368758233,0.105216205,0.01107045
5796,1,0,0.6496575,0.35761762,0.6805839898127277,0.030926526,0.00095645
5797,1,0,0.684222,0.39612818,0.5390049399572763,0.14521706,0.021087995
5798,1,0,0.5433233,0.2399652,0.601907444291292,0.058584154,0.003432103
5799,1,0,0.60591817,0.3090744,0.7623020754513461,0.15638393,0.024455935
5800,1,0,0.7655308,0.48724842,0.7148876450854584,0.050643206,0.0025647343
5801,1,0,0.71835876,0.43429327,0.6355262191315991,0.082832515,0.0068612257
5802,1,0,0.63937783,0.34618974,0.630326148846398,0.009051681,8.193292e-05
5803,1,0,0.63420224,0.3404417,0.6124257580204522,0.021776497,0.00047421583
5804,1,0,0.61638665,0.320673,0.6383048150255113,0.021918178,0.0004804065
5805,1,0,0.6421435,0.3492632,0.8024727594168826,0.16032928,0.02570548
5806,1,0,0.80547976,0.53229547,0.7247060622117272,0.08077371,0.0065243924
5807,1,0,0.7281277,0.44524026,0.5791408424831936,0.14898688,0.02219709
5808,1,0,0.5832603,0.2840104,0.7591473430164224,0.17588705,0.030936254
5809,1,0,0.7623923,0.48371863,0.6838634562919226,0.07852882,0.0061667757
5810,1,0,0.68748546,0.39977145,0.5954431022547406,0.09204233,0.00847179
5811,1,0,0.5994847,0.30195212,0.6811243809189125,0.08163971,0.0066650417
5812,1,0,0.6847594,0.39672852,0.8167511405742212,0.13199174,0.017421821
5813,1,0,0.81896424,0.5483463,0.7816977893002677,0.037266433,0.0013887871
5814,1,0,0.78482175,0.5089779,0.7642835374011914,0.02053821,0.0004218181
5815,1,0,0.7675016,0.48946762,0.7245366207609796,0.042964995,0.0018459908
5816,1,0,0.7279594,0.4450512,0.8209314618691734,0.09297204,0.0086438
5817,1,0,0.8228648,0.5530486,0.6433222724471537,0.17954248,0.032235503
5818,1,0,0.6471369,0.35481524,0.5838358747325612,0.06330103,0.00400702
5819,1,0,0.5879333,0.28917432,0.5856077819790397,0.0023255348,5.408112e-06
5820,1,0,0.58969665,0.2911229,0.5795557417000734,0.010140896,0.00010283777
5821,1,0,0.5836737,0.28446627,0.5369949511104597,0.04667878,0.0021789086
5822,1,0,0.54132366,0.23776412,0.4024940097954004,0.13882965,0.01927367
5823,1,0,0.4076004,0.09154129,0.6604859584757699,0.25288558,0.06395112
5824,1,0,0.66421914,0.37382722,0.7719789040153562,0.107759774,0.0116121685
5825,1,0,0.7751553,0.49808502,0.8310995186684731,0.055944204,0.003129754
5826,1,0,0.8323524,0.5644977,0.8620710542785344,0.029718637,0.0008831974
5827,1,0,0.8612578,0.59942794,0.8546149579064948,0.0066428185,4.412704e-05
5828,1,0,0.85429835,0.5910094,0.8763049668936174,0.02200663,0.0004842918
5829,1,0,0.8745434,0.61551166,0.9784432934559786,0.10389984,0.010795176
5830,1,0,0.9730904,0.73149943,0.8490820688170166,0.12400836,0.015378073
5831,1,0,0.84913373,0.5847657,0.9178649600427592,0.06873125,0.0047239843
5832,1,0,0.91334414,0.66258883,0.922633936779865,0.009289801,8.63004e-05
5833,1,0,0.91798043,0.66800046,1.0451385847152586,0.12715816,0.0161692
5834,1,0,1.0391843,0.80775476,1.265482567573231,0.22629821,0.05121088
5835,1,0,1.261935,1.0558512,1.17454180465903,0.087393165,0.007637565
5836,1,0,1.1693342,0.95457196,1.0907927751414683,0.0785414,0.006168751
5837,1,0,1.0845668,0.86017966,1.0577638790371569,0.026802897,0.0007183953
5838,1,0,1.0517223,0.82223487,1.1969570933397775,0.14523482,0.021093154
5839,1,0,1.192117,0.9794867,1.145999677055563,0.046117306,0.002126806
5840,1,0,1.140363,0.92289567,1.1167472176997912,0.023615718,0.00055770215
5841,1,0,1.1107209,0.89006114,1.145726269136064,0.03500545,0.0012253815
5842,1,0,1.1400859,0.92259383,1.1961746045989918,0.056088686,0.0031459406
5843,1,0,1.1913211,0.97861695,1.2313834043735814,0.04006231,0.0016049886
5844,1,0,1.2271626,1.0178144,1.3577751847812762,0.13061261,0.017059654
5845,1,0,1.3563364,1.1591504,1.280319597254326,0.07601678,0.0057785516
5846,1,0,1.2770841,1.0724247,1.3849145199425883,0.107830405,0.011627397
5847,1,0,1.3841684,1.1896188,1.241852460845267,0.14231598,0.020253839
5848,1,0,1.2378314,1.0294836,1.3755148557770327,0.13768351,0.018956749
5849,1,0,1.3745248,1.1790626,1.399429002115037,0.024904132,0.0006202158
5850,1,0,1.3990657,1.2059295,1.3393252002912122,0.059740543,0.0035689324
5851,1,0,1.3374326,1.1384599,1.4321892665622316,0.0947566,0.008978814
5852,1,0,1.4327228,1.2427857,1.5026718723146035,0.06994903,0.004892867
5853,1,0,1.5052693,1.3222587,1.6181168718853054,0.11284757,0.012734573
5854,1,0,1.6244395,1.4529135,1.6886325773502606,0.06419313,0.004120758
5855,1,0,1.6973994,1.5329745,1.6731009454943853,0.02429843,0.0005904137
5856,1,0,1.68132,1.5153267,1.4877374026575283,0.19358253,0.037474196
5857,1,0,1.4898832,1.3054011,1.4579549203870823,0.0319283,0.0010194164
5858,1,0,1.4592221,1.2718108,1.302851126056749,0.156371,0.02445189
5859,1,0,1.3001091,1.0976169,1.283807060053611,0.016302109,0.00026575875
5860,1,0,1.2806466,1.0763204,1.3646817474989112,0.08403516,0.007061908
5861,1,0,1.363416,1.1669004,1.1911319748797786,0.172284,0.02968178
5862,1,0,1.1861942,0.9730089,1.3655833324265143,0.17938912,0.032180455
5863,1,0,1.3643401,1.1679122,1.518097896678356,0.15375781,0.023641465
5864,1,0,1.5211713,1.3396842,1.5048583863598046,0.016312957,0.00026611256
5865,1,0,1.5075233,1.3247297,1.5855589295980077,0.07803559,0.0060895537
5866,1,0,1.5907929,1.4160116,1.629201530017918,0.038408637,0.0014752235
5867,1,0,1.6359007,1.4654863,1.6200548690123775,0.015845895,0.0002510924
5868,1,0,1.6264431,1.4551117,1.6638063232816085,0.03736317,0.0013960066
5869,1,0,1.6717002,1.5047677,1.5222612815436674,0.14943898,0.022332007
5870,1,0,1.5254633,1.3443887,1.5512024907564697,0.025739193,0.00066250603
5871,1,0,1.5553191,1.377115,1.4987000576547769,0.056619048,0.0032057166
5872,1,1,1.5011761,1.3177745,-1.334032865393413,2.835209,8.038409
5873,1,1,-1.33904,-1.1219857,1.3156393664754424,2.6546793,7.0473223
5874,0,1,-1.181432,1.1119292,-0.9492611319299128,0.23217088,0.05390332
5875,0,1,0.8532288,-0.71395946,0.7057789595352841,0.14744985,0.02174146
5876,0,1,-0.6468723,0.4241469,-0.6139119870263956,0.032960296,0.0010863811
5877,0,1,0.56161404,-0.3080747,0.5327706902776694,0.028843343,0.00083193847
5878,0,1,-0.48954272,0.23314023,-0.4733639680079444,0.016178757,0.00026175217
5879,0,1,0.43578315,-0.14949656,0.397870865108604,0.03791228,0.001437341
5880,0,1,-0.36570978,0.08655357,-0.3960236813172986,0.030313909,0.0009189331
5881,0,1,0.3658259,-0.074269295,0.3156345344793174,0.050191343,0.002519171
5882,0,1,-0.28986645,-0.0017528534,-0.0458639345604332,0.24400252,0.059537232
5883,0,1,0.044644833,0.01644969,-0.02317863742438,0.06782347,0.004600023
5884,0,1,0.023673296,0.004108906,-0.0592163344094034,0.08288963,0.006870691
5885,0,1,0.056982517,0.022577763,0.1623159314230839,0.10533342,0.011095129
5886,0,1,-0.14804506,-0.090803385,-0.1779565688894799,0.029911503,0.000894698
5887,0,1,0.16646552,0.04185486,0.1279375751670595,0.03852795,0.001484403
5888,0,1,-0.116208315,-0.08482385,-0.0219711170150005,0.09423719,0.008880649
5889,0,1,0.02255702,0.0033841133,-0.1182162943691542,0.14077331,0.019817125
5890,0,1,0.11144161,0.03984642,0.044637511243434,0.066804096,0.0044627874
5891,0,1,-0.03907323,-0.04747653,-0.0564678284186905,0.017394599,0.00030257207
5892,0,1,0.054442883,0.021384716,0.1510710809694311,0.096628204,0.00933701
5893,0,1,-0.1376319,-0.08867788,-0.0516225354074655,0.08600935,0.007397609
5894,0,1,0.049966812,0.01919508,0.1640063021330609,0.114039496,0.013005006
5895,0,1,-0.1496098,-0.091138124,-0.0050363759728022,0.14457344,0.020901479
5896,0,1,0.0068945885,-0.007524967,-0.0440480111468923,0.0509426,0.0025951485
5897,0,1,0.042966366,0.015551567,0.1271706589889079,0.08420429,0.007090362
5898,0,1,-0.11549783,-0.08470726,-0.1292808810666179,0.013783053,0.00018997253
5899,0,1,0.12164235,0.04135585,-0.0399707802375757,0.16161314,0.026118806
5900,0,1,0.039197683,0.013477325,0.0406421215509023,0.0014444366,2.0863972e-06
5901,0,1,-0.035374403,-0.04382372,-0.1128238579494267,0.077449456,0.005998418
5902,0,1,0.1064682,0.038916826,0.1298831826181055,0.023414984,0.0005482615
5903,0,1,-0.118010044,-0.08512068,0.0260491991139519,0.14405924,0.020753065
5904,0,1,-0.021867752,-0.031134367,-0.0639117568911706,0.042044006,0.0017676984
5905,0,1,0.061320305,0.024535418,-0.1162816720365413,0.17760198,0.03154246
5906,0,1,0.10965705,0.039527893,0.2573530473286989,0.14769599,0.021814104
5907,0,1,-0.23600292,-0.0638392,-0.1340038586108503,0.10199906,0.010403808
5908,0,1,0.12599564,0.041839123,0.2535573878997801,0.12756175,0.016272
5909,0,1,-0.23249221,-0.06786823,-0.2960862972096012,0.0635941,0.00404421
5910,0,1,0.2748003,0.0021693707,0.2532294210249763,0.021570891,0.00046530334
5911,0,1,-0.2321887,-0.06821656,-0.2001577241866479,0.032030985,0.001025984
5912,0,1,0.18687701,0.03890848,0.1597400156316983,0.027136996,0.00073641655
5913,0,1,-0.14565945,-0.0903008,-0.1607875343698341,0.015128091,0.00022885913
5914,0,1,0.150666,0.04279542,0.0632524259291749,0.08741357,0.0076411325
5915,0,1,-0.0563066,-0.06550622,-0.0282936627810532,0.028012937,0.00078472466
5916,0,1,0.028403282,0.00710392,0.0932866965543093,0.06488341,0.004209857
5917,0,1,-0.08411813,-0.08034825,-0.1540435905214723,0.06992546,0.0048895697
5918,0,1,0.14445639,0.042836428,0.1976132633890266,0.053156883,0.002825654
5919,0,1,-0.18072534,-0.09855628,-0.1759773469921719,0.004747987,2.2543378e-05
5920,0,1,0.16464448,0.042023182,0.170102117714586,0.0054576397,2.9785831e-05
5921,0,1,-0.15525389,-0.09237313,-0.1783386732494229,0.02308479,0.0005329075
5922,0,1,0.166816,0.04182005,0.0437512503756054,0.12306474,0.01514493
5923,0,1,-0.038251877,-0.04665923,-0.1331759129983578,0.09492403,0.009010572
5924,0,1,0.12523222,0.041762114,0.0945574871967376,0.030674733,0.00094093924
5925,0,1,-0.08529472,-0.08048606,-0.1274166610914067,0.042121932,0.0017742572
5926,0,1,0.11992407,0.041138887,0.0848760907773935,0.03504798,0.0012283608
5927,0,1,-0.07632947,-0.07949734,-0.0501483555836368,0.026181113,0.0006854507
5928,0,1,0.04860401,0.018507957,-0.0566730773382739,0.10527709,0.011083266
5929,0,1,0.05463338,0.0214746,0.0888124016817917,0.034179024,0.0011682058
5930,0,1,-0.079974174,-0.07988405,-0.072962521949941,0.007011652,4.9163264e-05
5931,0,1,0.06967974,0.028018951,-0.0031910590542798,0.0728708,0.005310153
5932,0,1,0.005187273,-0.00879693,0.1003225577880302,0.09513529,0.009050723
5933,0,1,-0.09063411,-0.08113265,-0.137752691460439,0.04711859,0.0022201615
5934,0,1,0.1294496,0.042154312,0.1286033087452858,0.00084629655,7.1621787e-07
5935,0,1,-0.11682463,-0.084923744,-0.0672484497076486,0.04957618,0.0024577975
5936,0,1,0.0644021,0.025863409,-0.0675702902309844,0.1319724,0.017416716
5937,0,1,0.06469989,0.025988579,0.0892189899534097,0.0245191,0.0006011863
5938,0,1,-0.08035159,-0.07992649,-0.119836069290717,0.03948448,0.0015590241
5939,0,1,0.11293483,0.040100574,0.2018081560540552,0.08887333,0.0078984685
5940,0,1,-0.18460846,-0.09958792,-0.2294039306525879,0.04479547,0.002006634
5941,0,1,0.21373296,0.032185555,0.0865657847288732,0.12716717,0.016171487
5942,0,1,-0.07789421,-0.07965994,-0.1411213047044426,0.06322709,0.0039976644
5943,0,1,0.13255358,0.042387247,0.3232720612211941,0.19071847,0.036373537
5944,0,1,-0.29691887,0.00641346,-0.5301111305417847,0.23319227,0.054378632
5945,0,1,0.486804,-0.21094728,0.4322817837222028,0.054522216,0.002972672
5946,0,1,-0.39737487,0.12374306,-0.4912080295098491,0.09383315,0.008804659
5947,0,1,0.45185685,-0.16833997,0.5766339180972042,0.12477708,0.015569319
5948,0,1,-0.52960944,0.28125358,-0.6385162649001956,0.108906806,0.011860692
5949,0,1,0.5834482,-0.3375504,0.4990308610991247,0.08441731,0.007126283
5950,0,1,-0.45865202,0.19627929,-0.3807269248515306,0.077925086,0.006072319
5951,0,1,0.3519361,-0.06086278,0.4435678842780626,0.09163177,0.0083963815
5952,0,1,-0.4077499,0.13597178,-0.4257350605282641,0.017985165,0.00032346617
5953,0,1,0.3927555,-0.10179567,0.462754134914471,0.06999862,0.0048998073
5954,0,1,-0.42537498,0.15679312,-0.4679826232233623,0.042607635,0.0018154106
5955,0,1,0.4309306,-0.14391041,0.4275668472062328,0.0033637583,1.131487e-05
5956,0,1,-0.39303946,0.11863971,-0.4705218710687053,0.0774824,0.006003523
5957,0,1,0.43322062,-0.14654112,0.4009954203169665,0.03222519,0.001038463
5958,0,1,-0.36858726,0.08992386,-0.4771381349802617,0.10855088,0.0117832925
5959,0,1,0.43918514,-0.15344143,0.3125506984632653,0.12663445,0.016036283
5960,0,1,-0.28701854,-0.005049467,-0.42423041915597,0.13721189,0.018827103
5961,0,1,0.39139295,-0.10035753,0.4276466832377879,0.03625375,0.0013143345
5962,0,1,-0.3931129,0.11872578,-0.2611405278225098,0.13197237,0.017416706
5963,0,1,0.24282622,0.021452188,0.2733689423672687,0.030542731,0.00093285844
5964,0,1,-0.25081158,-0.04681921,-0.2334638526781804,0.017347723,0.0003009435
5965,0,1,0.21745682,0.031006813,0.2382949838280765,0.020838171,0.00043422938
5966,0,1,-0.21837378,-0.084050655,-0.0761891967262786,0.14218459,0.020216456
5967,0,1,0.072659016,0.029169083,-0.1146922594980868,0.18735127,0.035100497
5968,0,1,0.10819149,0.039253473,-0.1265340370963796,0.23472552,0.05509607
5969,0,1,0.119110584,0.0410316,0.0413026840264509,0.0778079,0.00605407
5970,0,1,-0.035986185,-0.044423103,-0.1074571643010342,0.071470976,0.0051081004
5971,0,1,0.10151768,0.037864923,0.0020384782217139,0.0994792,0.009896111
5972,0,1,0.0003502369,-0.012489796,-0.0886814450855215,0.08903168,0.00792664
5973,0,1,0.084192514,0.033173084,0.0774263616418831,0.0067661554,4.578086e-05
5974,0,1,-0.06943083,-0.07881689,-0.0785280555790595,0.009097226,8.275952e-05
5975,0,1,0.07481885,0.029973984,-0.0772933886845228,0.15211225,0.023138136
5976,0,1,0.07367873,0.029552221,-0.0806438457019611,0.15432258,0.023815459
5977,0,1,0.07677245,0.03067851,0.0996415792547509,0.022869125,0.0005229969
5978,0,1,-0.09000373,-0.08105326,-0.1144840135020284,0.024480283,0.00059928425
5979,0,1,0.10799956,0.039217234,0.0536671939756487,0.054332368,0.0029520062
5980,0,1,-0.047431946,-0.056015253,-0.1051168104665651,0.05768486,0.0033275431
5981,0,1,0.099359035,0.03736639,0.0168763646707477,0.08248267,0.0068033915
5982,0,1,-0.013379097,-0.023684502,-0.1509168275075598,0.13753773,0.018916627
5983,0,1,0.14157677,0.04279208,0.0412497216364213,0.100327045,0.0100655155
5984,0,1,-0.03593707,-0.044374466,0.1048422735794223,0.14077935,0.019818824
5985,0,1,-0.094819546,-0.08166933,-0.1503971907209833,0.05557765,0.0030888752
5986,0,1,0.1410985,0.042780638,0.1979130353530416,0.056814536,0.0032278916
5987,0,1,-0.18100238,-0.09863019,-0.1102383349684421,0.07076404,0.0050075497
5988,0,1,0.10408354,0.038425922,0.0916667242872009,0.012416817,0.00015417735
5989,0,1,-0.08261776,-0.08017707,-0.0556074311067527,0.027010329,0.0007295579
5990,0,1,0.05364847,0.021003246,0.0155704207382405,0.03807805,0.0014499379
5991,0,1,-0.012170315,-0.022656202,0.0896232679971329,0.10179358,0.010361933
5992,0,1,-0.08072543,-0.07996702,-0.0101709314367659,0.0705545,0.004977938
5993,0,1,0.011643887,-0.0040721893,0.0199202237107232,0.008276338,6.8497764e-05
5994,0,0,-0.016196012,-0.026111841,0.0177982666662877,0.03399428,0.001155611
5995,0,0,-0.014231205,-0.0244143,-0.195939222066749,0.18170802,0.033017807
5996,0,0,0.18299961,0.03961563,-0.0654316507379224,0.24843127,0.061718095
5997,0,0,0.06272411,0.025146484,-0.1825419676579032,0.24526608,0.06015545
5998,0,0,0.17068219,0.04140401,-0.181155192449665,0.3518374,0.12378956
5999,0,0,0.16940689,0.04154849,-0.2063787369761134,0.37578565,0.14121485
6000,0,0,0.19259286,0.037744284,-0.073853414587111,0.2664463,0.070993625
6001,1,0,-0.07859278,0.028341055,0.0477750149946945,0.12636779,0.015968818
6002,1,0,0.04498768,-0.050399065,-0.0565486809145476,0.10153636,0.010309633
6003,1,0,-0.06104946,0.021420002,0.048155054483292,0.109204516,0.011925627
6004,1,0,0.04537511,-0.050755978,0.1994635302223995,0.15408842,0.023743242
6005,1,0,0.1998651,-0.0990088,0.2266112486985969,0.026746139,0.000715356
6006,1,0,0.22765207,-0.091812134,0.0989208530913026,0.12873122,0.016571727
6007,1,0,0.09712744,-0.08097148,0.182070337447842,0.08494291,0.0072152973
6008,1,0,0.18207216,-0.09493995,0.1185534723502992,0.06351869,0.0040346235
6009,1,0,0.117165565,-0.08345795,0.0123096172849384,0.10485595,0.01099477
6010,1,0,0.008889675,-0.02012539,0.0018951818177055,0.0069944933,4.8922935e-05
6011,1,0,-0.001701355,-0.012386799,0.0897646527054663,0.09146601,0.008366031
6012,1,0,0.087786674,-0.07998061,0.0709874864354609,0.01679919,0.00028221274
6013,1,0,0.06864023,-0.07348585,0.0786185027137542,0.009978272,9.9565914e-05
6014,1,0,0.07641959,-0.07892108,0.1273729946596251,0.050953403,0.0025962493
6015,1,0,0.12617087,-0.084736824,-0.057033886590776,0.18320476,0.033563983
6016,1,0,-0.061541796,0.021633148,-0.2676768572443619,0.20613506,0.042491663
6017,1,0,-0.2740264,0.018414259,-0.2731551462119124,0.0008712411,7.5906104e-07
6018,1,0,-0.2795186,0.015496016,-0.2652209476875664,0.014297664,0.0002044232
6019,1,0,-0.27156353,0.01968813,-0.241860597036982,0.029702932,0.00088226417
6020,1,0,-0.24811864,0.028385162,-0.2969548359962317,0.0488362,0.0023849746
6021,1,0,-0.30335712,0.0016298294,-0.3476865679072625,0.044329435,0.0019650988
6022,1,0,-0.354048,-0.033875227,-0.3716892741045812,0.017641246,0.00031121357
6023,1,0,-0.37797046,-0.053204775,-0.4854787269096414,0.10750827,0.011558029
6024,1,0,-0.49080825,-0.1622374,-0.4602029910348109,0.030605257,0.00093668175
6025,1,0,-0.46582842,-0.13591838,-0.5277615375129683,0.0619331,0.0038357088
6026,1,0,-0.5327923,-0.20832133,-0.5855505016982687,0.052758157,0.002783423
6027,1,0,-0.5899646,-0.2745533,-0.4506133212079235,0.13935131,0.019418787
6028,1,0,-0.45633817,-0.1262083,-0.3853958552293117,0.07094231,0.005032812
6029,1,0,-0.391613,-0.06489658,-0.3122658283900792,0.07934716,0.0062959725
6030,1,0,-0.3186736,-0.008266687,-0.3856647659938681,0.06699115,0.0044878144
6031,1,0,-0.3918798,-0.065129995,-0.4682406276234689,0.07636082,0.0058309752
6032,1,0,-0.4737773,-0.14417648,-0.3737847721866174,0.09999251,0.009998503
6033,1,0,-0.38005638,-0.054962635,-0.4410116593671547,0.060955286,0.0037155468
6034,1,0,-0.44682837,-0.11664891,-0.5438636021779559,0.09703523,0.009415836
6035,1,0,-0.54875064,-0.2264452,-0.5963953282257779,0.047644675,0.002270015
6036,1,0,-0.60066175,-0.28730583,-0.6461217120478295,0.045459986,0.0020666104
6037,1,0,-0.6495762,-0.34672213,-0.5731498260559955,0.07642639,0.0058409926
6038,1,0,-0.5777211,-0.26008177,-0.5107291873105,0.066991925,0.004487918
6039,1,0,-0.51588774,-0.18947649,-0.5971248765915385,0.08123714,0.0065994724
6040,1,0,-0.60138106,-0.28816652,-0.7753387013022399,0.17395765,0.030261263
6041,1,0,-0.7756021,-0.50465703,-0.606595133430647,0.16900694,0.028563347
6042,1,0,-0.61071324,-0.29937506,-0.5075958900869293,0.10311735,0.010633187
6043,1,0,-0.51277494,-0.18605018,-0.4896457635596571,0.023129195,0.00053495966
6044,1,0,-0.49493003,-0.16667128,-0.641998410623601,0.14706838,0.021629108
6045,1,0,-0.64552855,-0.3417468,-0.5690124112917441,0.07651615,0.0058547216
6046,1,0,-0.5736325,-0.2552824,-0.714825818714838,0.14119333,0.019935556
6047,1,0,-0.716784,-0.43042922,-0.8306635707717978,0.11387956,0.012968554
6048,1,0,-0.8290565,-0.57221794,-0.8894662600544505,0.060409784,0.003649342
6049,1,0,-0.88552284,-0.64316416,-0.8601847018274289,0.025338113,0.00064201996
6050,1,0,-0.8574505,-0.60797524,-0.9836704570295738,0.12621999,0.015931485
6051,1,0,-0.97520304,-0.753948,-1.0225657675238633,0.047362685,0.002243224
6052,1,0,-1.011941,-0.79841137,-1.0245978510021714,0.012656927,0.0001601978
6053,1,0,-1.0138557,-0.8007114,-0.9865469755150632,0.027308702,0.0007457652
6054,1,0,-0.97792625,-0.7572634,-1.0873028564927494,0.10937655,0.01196323
6055,1,0,-1.0794284,-0.870538,-1.1411890606143982,0.061760664,0.0038143797
6056,1,0,-1.1370711,-0.9286814,-1.1368335624094388,0.00023758411,5.644621e-08
6057,1,0,-1.1324317,-0.9240482,-1.321069587753954,0.18863785,0.03558424
6058,1,0,-1.3256793,-1.109719,-1.3037810110827637,0.02189827,0.0004795342
6059,1,0,-1.3078122,-1.0931983,-1.2989186663910297,0.00889349,7.909416e-05
6060,1,0,-1.302777,-1.0885184,-1.4867032783453282,0.18392622,0.033828855
6061,1,0,-1.4939783,-1.2565639,-1.5453892150280288,0.051410913,0.002643082
6062,1,0,-1.552338,-1.28332,-1.6537911334702935,0.101453185,0.010292749
6063,1,0,-1.6583593,-1.0992758,-1.6411243657825474,0.017234921,0.0002970425
6064,1,0,-1.6460911,-1.1203635,-1.691599966241235,0.04550886,0.0020710565
6065,1,0,-1.6947907,-1.0369415,-1.7008223703155536,0.0060316324,3.638059e-05
6066,1,0,-1.703633,-1.0218742,-1.6859402670614698,0.017692685,0.0003130311
6067,1,0,-1.6893553,-1.046215,-1.8196872379816167,0.130332,0.016986428
6068,1,0,-1.8160858,-0.83218384,-1.7679873254494614,0.048098445,0.0023134605
6069,1,0,-1.7675229,-0.9136913,-1.848013641483488,0.08049071,0.0064787543
6070,1,0,-1.8424653,-0.78814554,-1.8931219561935764,0.050656676,0.002566099
6071,1,0,-1.88414,-0.71887684,-1.9771102843693864,0.09297025,0.008643468
6072,1,0,-1.9606385,-0.5925827,-2.0330822469232475,0.07244372,0.005248093
6073,1,0,-2.010828,-0.5102396,-2.053103889833821,0.042275906,0.0017872521
6074,1,0,-2.0286267,-0.48112226,-1.827479505579456,0.2011472,0.040460195
6075,1,0,-1.8233587,-0.8200271,-1.682239201507899,0.14111948,0.019914707
6076,1,0,-1.6857976,-1.0522883,-1.8169193220978133,0.13112175,0.017192915
6077,1,0,-1.8134998,-0.83651185,-1.873559101928004,0.06005931,0.0036071206
6078,1,0,-1.8661164,-0.74879026,-1.827178328432373,0.038938046,0.0015161714
6079,1,0,-1.823078,-0.8204956,-1.8399956252695475,0.016917586,0.00028620474
6080,1,0,-1.8350152,-0.8005676,-1.9402851731573356,0.10527003,0.011081778
6081,1,0,-1.9272729,-0.6475396,-1.9842920238856387,0.057019114,0.0032511794
6082,1,0,-1.9671137,-0.5819392,-1.9357916291546249,0.03132212,0.0009810753
6083,1,0,-1.9231824,-0.6542914,-1.855828633922868,0.067353725,0.0045365244
6084,1,0,-1.849715,-0.7760701,-2.027775825344772,0.17806077,0.031705637
6085,1,0,-2.0060964,-0.517987,-1.9206425880318332,0.08545375,0.0073023434
6086,1,0,-1.9093634,-0.67711926,-1.8381693324107011,0.07119405,0.005068593
6087,1,0,-1.8333156,-0.8034024,-1.9169003135427063,0.083584666,0.0069863964
6088,1,0,-1.9059422,-0.68277574,-1.9994097487006977,0.09346759,0.008736191
6089,1,0,-1.9807103,-0.55960774,-2.03367108946807,0.052960873,0.002804854
6090,1,1,-2.011352,-0.5093801,1.8420558881622724,3.8534079,14.848752
6091,1,1,1.8564279,1.7076991,-1.66180523904517,3.5182333,12.377966
6092,0,1,1.4820435,-1.0859859,1.610691701429722,0.12864816,0.01655035
6093,0,1,-1.4293232,1.444494,-1.589160896580153,0.15983772,0.025548097
6094,0,1,1.4217985,-1.2080121,1.4565627913542405,0.03476429,0.0012085559
6095,0,1,-1.3011315,1.270241,-1.1649264781944455,0.13620496,0.018551791
6096,0,1,1.0507071,-0.95372987,0.8644446216179573,0.18626249,0.034693714
6097,0,1,-0.7892091,0.60210776,-0.7783827203217553,0.010826409,0.00011721113
6098,0,1,0.7063253,-0.5083873,0.7268605433148587,0.02053523,0.0004216957
6099,0,1,-0.66590214,0.44764423,-0.7338362512454228,0.067934096,0.0046150414
6100,0,1,0.66742826,-0.4537444,0.824224414246348,0.15679616,0.024585035
6101,0,1,-0.75333,0.5567565,-0.7023211413085568,0.05100888,0.002601906
6102,0,1,0.6397736,-0.4151144,0.6256960770373632,0.014077544,0.00019817725
6103,0,1,-0.57428885,0.335325,-0.4817894652228198,0.092499375,0.008556134
6104,0,1,0.44337606,-0.15833378,0.3360869415745768,0.107289135,0.011510959
6105,0,1,-0.30874896,0.020133257,-0.2310455190833749,0.077703446,0.0060378257
6106,0,1,0.21523762,0.03171611,0.3028589557261112,0.08762133,0.007677498
6107,0,1,-0.2780664,-0.015398741,-0.0993038952286093,0.1787625,0.03195603
6108,0,1,0.09399557,0.036022186,0.2045518036454181,0.11055623,0.01222268
6109,0,1,-0.1871481,-0.10027456,-0.2930382426637541,0.105890155,0.011212725
6110,0,1,0.27201366,0.0040414333,0.2229563410746373,0.04905732,0.0024066207
6111,0,1,-0.20418191,-0.093328476,-0.2216580461740793,0.017476141,0.0003054155
6112,0,1,0.20662355,0.03427148,0.1935467739977752,0.013076782,0.00017100223
6113,0,1,-0.17696023,-0.097580194,-0.3041047555661968,0.12714452,0.016165728
6114,0,1,0.28212643,-0.0028998852,0.3098935834613034,0.027767152,0.0007710147
6115,0,1,-0.28456426,-0.007886648,-0.2053960726835777,0.079168186,0.0062676016
6116,0,1,0.19168997,0.037937164,0.2761057265478559,0.08441576,0.007126021
6117,0,1,-0.25334167,-0.04390669,-0.2403465040015802,0.012995169,0.00016887441
6118,0,1,0.22376943,0.02887559,0.134156975946682,0.089612454,0.008030392
6119,0,1,-0.121967554,-0.08579087,-0.1198301430151187,0.0021374077,4.5685115e-06
6120,0,1,0.112929344,0.040100098,0.0974715816028717,0.015457764,0.00023894248
6121,0,1,-0.087993145,-0.080807686,-0.0101431735017984,0.07784997,0.0060606175
6122,0,1,0.011619091,-0.004091263,-0.1359575642217736,0.14757666,0.02177887
6123,0,1,0.12779546,0.042011023,0.0590770423294086,0.06871842,0.004722221
6124,0,1,-0.052441597,-0.06131792,0.0049867109261945,0.057428308,0.0032980104
6125,0,1,-0.0023767948,-0.014629602,-0.1734702447872442,0.17109345,0.029272968
6126,0,1,0.16233778,0.04221487,0.2043391652996677,0.04200138,0.001764116
6127,0,1,-0.18695116,-0.10022044,-0.3118080627953254,0.12485689,0.015589243
6128,0,1,0.28916168,-0.0079603195,0.2490654017984201,0.040096283,0.0016077119
6129,0,1,-0.22833705,-0.072633505,-0.1621594679523252,0.06617758,0.0043794718
6130,0,1,0.15192866,0.04276395,0.1477703920437187,0.0041582733,1.7291237e-05
6131,0,1,-0.1345756,-0.0880847,-0.0162230043967985,0.1183526,0.014007337
6132,0,1,0.017241478,-0.00016403198,-0.0712508132700526,0.08849229,0.007830885
6133,0,1,0.06809926,0.027388573,0.0356379344407429,0.032461327,0.0010537377
6134,0,1,-0.030742645,-0.03935671,-0.1333835269472865,0.10264088,0.010535151
6135,0,1,0.12542415,0.04178095,0.0753531119014585,0.05007104,0.002507109
6136,0,1,-0.06751156,-0.07811475,-0.1884673770261744,0.120955825,0.014630311
6137,0,1,0.17613149,0.040699005,0.2134941935546668,0.03736271,0.0013959721
6138,0,1,-0.19542527,-0.09726477,-0.1900441730745941,0.0053810924,2.8956156e-05
6139,0,1,0.17758083,0.040488005,0.0431867312047216,0.13439411,0.018061776
6140,0,1,-0.03772998,-0.04614067,-0.040871410099275,0.003141433,9.868601e-06
6141,0,1,0.04003048,0.013942003,0.22271993846415,0.18268946,0.03337544
6142,0,1,-0.20396304,-0.09342575,-0.3147743918282657,0.11081135,0.012279156
6143,0,1,0.29186964,-0.0099589825,0.2550311468407109,0.0368385,0.0013570752
6144,0,1,-0.23385453,-0.06630373,-0.3015538280763583,0.06769928,0.004583193
6145,0,1,0.27979636,-0.0012645721,0.3283767049827193,0.04858035,0.0023600503
6146,0,1,-0.30163193,0.011875868,-0.2878788815447444,0.0137530565,0.00018914657
6147,0,1,0.2672963,0.00714159,0.1809711609259832,0.08632515,0.007452032
6148,0,1,-0.16531825,-0.09469724,0.0836868663588066,0.24900511,0.062003545
6149,0,1,-0.07522845,-0.07938385,-0.1289425014179714,0.05371405,0.0028851994
6150,0,1,0.1213305,0.0413177,0.0190923677418966,0.10223813,0.010452636
6151,0,1,-0.015429258,-0.025446653,-0.2233562306897809,0.20792697,0.043233626
6152,0,1,0.2081821,0.03383231,0.2775039621731703,0.06932187,0.0048055216
6153,0,1,-0.25463462,-0.04241991,-0.2979541543505655,0.043319523,0.0018765811
6154,0,1,0.27650738,0.0010068417,0.2979377381893431,0.021430373,0.0004592609
6155,0,1,-0.2735188,-0.020648241,-0.4172404846423849,0.14372167,0.020655919
6156,0,1,0.38506222,-0.09373641,0.1821983663908262,0.20286386,0.041153744
6157,0,1,-0.16645432,-0.094969034,-0.2533772760204065,0.08692297,0.0075556035
6158,0,1,0.23571444,0.024394274,0.0181884170959834,0.21752602,0.04731757
6159,0,1,-0.014592171,-0.024724483,0.1230739748050333,0.13766614,0.018951965
6160,0,1,-0.111703396,-0.08410144,-0.1629945573887665,0.051291168,0.002630784
6161,0,1,0.15269685,0.0427413,0.2136805784553219,0.060983732,0.0037190155
6162,0,1,-0.19559765,-0.09718728,-0.0731409695199811,0.12245668,0.014995637
6163,0,1,0.069844246,0.028083086,0.0225679328317656,0.04727631,0.0022350496
6164,0,1,-0.018646479,-0.028258562,0.0218321755660846,0.040478654,0.0016385214
6165,0,1,-0.017964602,-0.027658701,-0.1786075107871614,0.1606429,0.025806144
6166,0,1,0.16706371,0.041795015,0.0319453503922959,0.13511837,0.018256973
6167,0,1,-0.0273242,-0.036138058,-0.1458821419260814,0.118557945,0.014055986
6168,0,1,0.13693929,0.042633772,0.222938339805097,0.08599906,0.007395838
6169,0,1,-0.20416498,-0.093334675,-0.084990407462774,0.11917458,0.01420258
6170,0,1,0.080785036,0.032064915,0.1438676680590389,0.063082635,0.003979419
6171,0,1,-0.13096118,-0.08740258,-0.1172366829229409,0.013724498,0.00018836185
6172,0,1,0.11053777,0.039687157,0.1147896930807905,0.004251927,1.8078885e-05
6173,0,1,-0.10403156,-0.0829432,-0.169727147146935,0.065695584,0.00431591
6174,0,1,0.15889359,0.042454004,0.0183545935438274,0.14053899,0.019751208
6175,0,1,-0.014746666,-0.024856567,0.2361918920410675,0.25093856,0.06297016
6176,0,1,-0.2164278,-0.08627796,-0.2288055174821339,0.012377709,0.00015320769
6177,0,1,0.2131834,0.032354116,0.1550737438356324,0.058109656,0.003376732
6178,0,1,-0.14133811,-0.08941579,-0.0286437929716911,0.112694316,0.012700009
6179,0,1,0.028726578,0.007304907,0.0098069409599395,0.018919636,0.0003579526
6180,0,1,-0.006837368,-0.01821804,-0.2339815990452556,0.22714423,0.0515945
6181,0,1,0.21793175,0.030852318,0.3482344201223419,0.13030267,0.016978785
6182,0,1,-0.31995773,0.033156157,-0.4134890038456835,0.09353128,0.0087481
6183,0,1,0.38166404,-0.09022379,0.5332114532086156,0.15154743,0.022966623
6184,0,1,-0.48994732,0.23362255,-0.4983297076751007,0.00838238,7.0264294e-05
6185,0,1,0.4582641,-0.17599034,0.4231075616818107,0.035156548,0.0012359829
6186,0,1,-0.3889377,0.11381531,-0.5110723601376463,0.122134626,0.014916867
6187,0,1,0.46971726,-0.18985343,0.3884198241293308,0.08129743,0.0066092717
6188,0,1,-0.3570056,0.07636356,-0.3385890938460987,0.018416494,0.00033916725
6189,0,1,0.31359148,-0.026953459,0.2951168529341115,0.018474638,0.00034131226
6190,0,1,-0.27091336,-0.023658037,-0.3290201539511064,0.05810678,0.003376398
6191,0,1,0.3048675,-0.019924402,0.1490923619549211,0.15577514,0.024265897
6192,0,1,-0.13579941,-0.08832049,-0.157564141547434,0.02176474,0.00047370393
6193,0,1,0.1476984,0.042838097,0.011517532985585,0.13618086,0.018545227
6194,0,1,-0.008419752,-0.019518614,-0.0097860670712668,0.0013663154,1.8668178e-06
6195,0,1,0.011287928,-0.004326105,-0.0015061396759534,0.012794067,0.00016368815
6196,0,1,0.0036292076,-0.0099720955,0.0004702039734181,0.0031590036,9.979303e-06
6197,0,1,0.0018012524,-0.011368275,0.0639603657771088,0.062159114,0.0038637554
6198,0,1,-0.05696273,-0.066224575,0.049642575342534,0.106605306,0.011364691
6199,0,1,-0.043706417,-0.05216098,-0.0316018713395656,0.012104545,0.00014652
6200,0,1,0.031461954,0.008975744,-0.0105158983120752,0.041977853,0.0017621401
6201,0,1,0.011964083,-0.0038442612,-0.0386956736149448,0.050659757,0.002566411
6202,0,1,0.038018942,0.0128138065,0.222381090606631,0.18436214,0.0339894
6203,0,1,-0.20364904,-0.093566895,0.0304626037622952,0.23411165,0.054808266
6204,0,1,-0.02595234,-0.03486395,0.0535476316027558,0.079499975,0.006320246
6205,0,1,-0.047322035,-0.05589938,-0.0212425036973558,0.026079532,0.00068014197
6206,0,1,0.02188325,0.0029423237,-0.0084048622980126,0.030288111,0.0009173697
6207,0,1,0.010010719,-0.0052461624,0.0347521901826985,0.02474147,0.0006121404
6208,0,1,-0.029922724,-0.038578033,0.1081765221228256,0.13809925,0.019071404
6209,0,1,-0.09790683,-0.08208156,-0.2500527496123506,0.15214592,0.023148382
6210,0,1,0.23266745,0.025592804,0.4632886080528324,0.23062116,0.05318612
6211,0,1,-0.42586565,0.15737438,-0.545844293522519,0.11997867,0.01439488
6212,0,1,0.5008998,-0.22869372,0.5957961575622606,0.094896376,0.009005322
6213,0,1,-0.54707813,0.3023405,-0.5819225706626736,0.034844458,0.0012141363
6214,0,1,0.53313637,-0.27030706,0.6373465483374985,0.1042102,0.010859765
6215,0,1,-0.5848758,0.3482046,-0.5647803305856729,0.020095468,0.0004038278
6216,0,1,0.5178344,-0.25038815,0.4822371283217115,0.035597295,0.0012671674
6217,0,1,-0.44325495,0.17798066,-0.3085183440618526,0.1347366,0.01815395
6218,0,1,0.2861576,-0.0057764053,0.3056300220331645,0.01947242,0.00037917515
6219,0,1,-0.28062606,-0.012440205,-0.1752362608166779,0.1053898,0.011107011
6220,0,1,0.1639626,0.04208231,0.1139131729225786,0.05004943,0.0025049455
6221,0,1,-0.103219986,-0.082825184,-0.1045387113113567,0.001318723,1.7390303e-06
6222,0,1,0.09882665,0.03723955,0.2746571057784956,0.17583045,0.030916348
6223,0,1,-0.25200272,-0.045448065,-0.2349270023311431,0.017075717,0.00029158013
6224,0,1,0.21879864,0.030568123,0.2642427131386857,0.04544407,0.0020651636
6225,0,1,-0.24237299,-0.056521177,-0.140240209433895,0.10213278,0.010431105
6226,0,1,0.13174224,0.04233122,-0.1983656343423856,0.33010787,0.1089712
6227,0,1,0.18523002,0.039216995,0.2456053916116305,0.060375378,0.0036451863
6228,0,1,-0.22513747,-0.07630229,-0.0324620155776904,0.19267546,0.037123833
6229,0,1,0.032256603,0.009453297,-0.0699360386522367,0.10219264,0.010443335
6230,0,1,0.066884756,0.026895523,0.0724816119735178,0.005596854,3.1324773e-05
6231,0,1,-0.06485224,-0.07505965,-0.0477822979724034,0.01706994,0.00029138284
6232,0,1,0.046417236,0.017381191,0.0324288879955871,0.01398835,0.00019567393
6233,0,1,-0.02777195,-0.03655505,-0.0139705457196472,0.013801404,0.00019047876
6234,0,1,0.015158892,-0.0015985966,-0.0031356131462429,0.018294506,0.00033468893
6235,0,1,0.0051367283,-0.008835077,0.1309932165390033,0.12585649,0.015839856
6236,0,1,-0.119038105,-0.0852921,-0.1160253400318693,0.0030127615,9.076732e-06
6237,0,1,0.10942149,0.039484978,0.1503435780059194,0.04092209,0.0016746175
6238,0,1,-0.13695836,-0.088544846,-0.0440792833173362,0.09287907,0.008626522
6239,0,1,0.04299593,0.015567303,0.0477789586631787,0.0047830306,2.2877382e-05
6240,0,1,-0.041980267,-0.05040264,-0.1089712069290569,0.06699094,0.0044877864
6241,0,1,0.10291481,0.038175106,0.0560874305773264,0.04682738,0.0021928034
6242,0,1,-0.049672842,-0.05837035,-0.1435343204408408,0.093861476,0.008809976
6243,0,1,0.13477707,0.042524338,0.2335554482929862,0.09877838,0.009757169
6244,0,1,-0.21398878,-0.088942766,-0.3781595640295458,0.16417077,0.026952043
6245,0,1,0.34960365,-0.058667183,0.3873392858620472,0.03773564,0.0014239786
6246,0,1,-0.35600996,0.07519865,-0.3926043597612185,0.03659439,0.0013391494
6247,0,1,0.3627231,-0.07122564,0.4780423400088414,0.11531922,0.013298523
6248,0,1,-0.43940783,0.17341614,-0.5597076395974869,0.120299816,0.014472046
6249,0,1,0.51330113,-0.2445426,0.4915761994753476,0.02172494,0.00047197298
6250,0,1,-0.45181918,0.18815255,-0.3742474394777679,0.07757175,0.006017376
6251,0,1,0.34604836,-0.055351734,0.3922012396193937,0.04615289,0.0021300893
6252,0,1,-0.3604889,0.080439806,-0.3850441490328165,0.024555266,0.0006029611
6253,0,1,0.35585737,-0.06459093,0.4207328970660251,0.06487551,0.004208832
6254,0,1,-0.38675332,0.11124563,-0.2508330530665712,0.13592026,0.018474316
6255,0,1,0.23338246,0.025315285,0.2962169566215418,0.0628345,0.0039481744
6256,0,1,-0.27192926,-0.022484303,-0.1707746571005901,0.10115461,0.010232255
6257,0,1,0.15985775,0.042392492,-0.1870476356063917,0.34690538,0.12034334
6258,0,1,0.17482567,0.040879965,0.2445960460571825,0.06977038,0.004867906
6259,0,1,-0.22420311,-0.07737255,0.0503814608606174,0.27458456,0.07539668
6260,0,1,-0.0443902,-0.05286312,-0.18758680600263,0.1431966,0.020505266
6261,0,1,0.17532182,0.040811777,0.1605385547489124,0.014783263,0.00021854487
6262,0,1,-0.14639926,-0.09045625,-0.1791320589594378,0.0327328,0.0010714362
6263,0,1,0.16754651,0.04174733,0.1907065542455281,0.02316004,0.0005363875
6264,0,1,-0.17433119,-0.09691,-0.4227429868440877,0.2484118,0.061708424
6265,0,1,0.39004588,-0.098939896,0.4349436235541724,0.044897735,0.0020158067
6266,0,1,-0.3998227,0.12662601,-0.3978078807389242,0.0020148456,4.059603e-06
6267,0,1,0.36744452,-0.07586861,0.2871656737442465,0.08027884,0.0064446926
6268,0,1,-0.26356506,-0.03213215,-0.2387281520924307,0.024836913,0.0006168722
6269,0,1,0.22228503,0.029392004,0.1350258739678254,0.08725916,0.007614161
6270,0,1,-0.12277293,-0.08592892,-0.1528419227344257,0.030068994,0.00090414437
6271,0,1,0.14335012,0.042823553,0.182719889355734,0.039369762,0.0015499782
6272,0,1,-0.16693664,-0.0950861,-0.087567842880361,0.07936879,0.0062994054
6273,0,1,0.08316469,0.032845974,-0.1363265951340677,0.21949129,0.048176426
6274,0,1,0.12813616,0.04204154,0.1072571626945393,0.020878993,0.00043593234
6275,0,1,-0.09705591,-0.08196688,-0.055841744844816,0.041214168,0.0016986077
6276,0,1,0.05386448,0.021107674,0.0433384947674002,0.010525983,0.00011079632
6277,0,1,-0.03786993,-0.046281338,-0.0659988948834859,0.028128967,0.0007912388
6278,0,1,0.06324792,0.02537179,-0.0013912185888615,0.064639136,0.004178218
6279,0,1,0.0035233498,-0.010052204,-0.0023179972074873,0.005841347,3.4121334e-05
6280,0,1,0.0043797493,-0.009404182,0.0786476970484013,0.074267946,0.0055157277
6281,0,1,-0.070561886,-0.07892299,0.0375404506400522,0.10810234,0.0116861155
6282,0,1,-0.032503843,-0.041040897,-0.1328256013738484,0.100321755,0.010064455
6283,0,1,0.12490988,0.041727304,0.1635966039300349,0.038686723,0.0014966625
6284,0,1,-0.14923072,-0.09105611,-0.0631812586340565,0.08604946,0.0074045095
6285,0,1,0.060645342,0.024237156,0.0289571885429893,0.031688154,0.0010041391
6286,0,1,-0.024558544,-0.033581495,-0.0528339828943553,0.028275438,0.0007995004
6287,0,1,0.051086187,0.019752264,0.1421078389603125,0.09102166,0.008284942
6288,0,1,-0.12933135,-0.08710027,-0.109139955146897,0.020191394,0.0004076924
6289,0,1,0.10307002,0.03820944,0.2613438161872632,0.15827379,0.025050592
6290,0,1,-0.23969316,-0.059601307,-0.3360190691317335,0.096325904,0.00927868
6291,0,1,0.31124973,-0.025039911,0.1886922915491911,0.12255745,0.015020328
6292,0,1,-0.17246652,-0.096441984,-0.1021632504352121,0.07030327,0.0049425494
6293,0,1,0.09663463,0.036702156,-0.0878109424680144,0.18444556,0.034020163
6294,0,1,0.08338952,0.032917976,0.0825214132336094,0.0008681044,7.5360526e-07
6295,0,1,-0.074148655,-0.07927394,0.0025133218655759,0.076661974,0.0058770585
6296,0,1,-8.845329e-05,-0.0128314495,-0.07809340826189,0.078004956,0.006084773
6297,0,1,0.07441783,0.029825687,-0.0124718791238755,0.08688971,0.007549821
6298,0,1,0.013772011,-0.0025663376,0.00505859141701,0.00871342,7.592368e-05
6299,0,1,-0.0024433136,-0.014681578,-0.0486230419274424,0.046179727,0.002132567
6300,0,1,0.04719472,0.017784357,-0.0520830419356745,0.099277765,0.009856074
6301,0,1,0.050391436,0.019407034,0.1899540957961076,0.13956267,0.019477738
6302,0,1,-0.17363405,-0.09673524,-0.2708828771056706,0.09724882,0.009457333
6303,0,1,0.25174713,0.016719103,0.1144446812210695,0.13730246,0.018851966
6304,0,1,-0.10371184,-0.08289647,0.1427160511815364,0.2464279,0.060726706
6305,0,1,-0.1298945,-0.087204695,-0.102412090973337,0.027482405,0.0007552826
6306,0,1,0.09686351,0.036759853,0.0977336614759698,0.0008701533,7.571668e-07
6307,0,1,-0.08823657,-0.08083677,-0.1068138626154255,0.018577293,0.0003451158
6308,0,1,0.10092473,0.037730932,-0.0243318478722414,0.12525658,0.015689211
6309,0,1,0.02474022,0.004796028,0.0196945251271309,0.0050456934,2.5459021e-05
6310,0,1,-0.01598692,-0.025930166,-0.0257049405106055,0.009718021,9.4439936e-05
6311,0,1,0.026009798,0.005604267,0.0628968582553377,0.036887057,0.001360655
6312,0,1,-0.05597782,-0.06514621,-0.0551177319002049,0.0008600913,7.3975707e-07
6313,0,1,0.053195,0.020785093,0.1121100150719502,0.05891502,0.0034709794
6314,0,1,-0.10155058,-0.082587,-0.0985357199348317,0.0030148625,9.089396e-06
6315,0,1,0.09328723,0.035834074,0.0732124022497875,0.02007483,0.0004029988
6316,0,1,-0.06552935,-0.075832605,-0.0685601407922393,0.0030307919,9.185699e-06
6317,0,1,0.06561375,0.026371479,0.0025061033701669,0.06310764,0.003982574
6318,0,1,-8.225441e-05,-0.012825966,-0.1114069041035397,0.11132465,0.012393178
6319,0,1,0.10516167,0.03865242,0.0598132412725078,0.045348424,0.0020564797
6320,0,1,-0.05312252,-0.062049866,-0.0774635570891226,0.02434104,0.0005924862
6321,0,1,0.07383561,0.029610634,0.1998202150716417,0.12598461,0.01587212
6322,0,1,-0.18276858,-0.09909582,-0.1276199402854057,0.055148646,0.003041373
6323,0,1,0.120111704,0.04116416,0.1691709109559309,0.049059212,0.0024068062
6324,0,1,-0.15439248,-0.092181206,-0.1346220927624042,0.019770384,0.00039086808
6325,0,1,0.12656498,0.04189515,-0.0021440011124651,0.12870897,0.016565999
6326,0,1,0.004219532,-0.009525299,0.1012936144320857,0.097074084,0.009423378
6327,0,1,-0.09153223,-0.08124566,-0.0792681597883375,0.012264073,0.00015040749
6328,0,1,0.07550311,0.03022194,-0.0630637228579757,0.13856684,0.019200768
6329,0,1,0.06053686,0.024188757,0.2313301857921574,0.17079332,0.02917036
6330,0,1,-0.21193027,-0.089860916,-0.0286240877833026,0.18330619,0.033601157
6331,0,1,0.028708696,0.007294178,0.1341264149768744,0.10541771,0.011112894
6332,0,1,-0.12193918,-0.085785866,-0.2249892026377553,0.10305002,0.010619307
6333,0,1,0.2096808,0.033400774,0.1199871995395147,0.0896936,0.008044941
6334,0,1,-0.10884547,-0.08365989,-0.0390201034581632,0.069825366,0.0048755817
6335,0,1,0.03831935,0.0129823685,0.0177913898904491,0.020527959,0.0004213971
6336,0,1,-0.0142252445,-0.024409294,0.0408509665145335,0.05507621,0.003033389
6337,0,1,-0.03556776,-0.0440135,-0.1959984640049663,0.1604307,0.02573801
6338,0,1,0.18305445,0.039606094,0.1169858288983203,0.06606862,0.0043650623
6339,0,1,-0.10606551,-0.08324075,-0.0235968412043861,0.08246867,0.0068010823
6340,0,1,0.024059772,0.004357815,0.0262903409272516,0.0022305679,4.975433e-06
6341,0,1,-0.022090912,-0.031336308,-0.1839270833941313,0.16183618,0.026190948
6342,0,1,0.17195559,0.041251898,0.1037716831945512,0.0681839,0.004649044
6343,0,1,-0.09382796,-0.08153963,-0.1901011007738056,0.09627314,0.009268518
6344,0,1,0.17763329,0.040480375,0.2842015319184234,0.10656825,0.0113567915
6345,0,1,-0.26082563,-0.035289526,-0.2687576027148783,0.0079319775,6.291627e-05
6346,0,1,0.24980116,0.017846107,0.1857594355996883,0.06404172,0.0041013416
6347,0,1,-0.16975164,-0.0957706,-0.1762433695285854,0.0064917207,4.2142437e-05
6348,0,1,0.16488934,0.042001247,0.1864625122804848,0.021573171,0.0004654017
6349,0,1,-0.17040253,-0.09593034,-0.1849046652889621,0.014502138,0.000210312
6350,0,1,0.17285562,0.041138887,-0.0774184222940554,0.25027403,0.06263709
6351,0,1,0.07379484,0.029594898,0.0928305232161852,0.019035682,0.00036235718
6352,0,1,-0.08369541,-0.08030081,-0.1743888081482718,0.0906934,0.008225293
6353,0,1,0.16318321,0.042147398,0.1737231601775057,0.010539949,0.00011109052
6354,0,1,-0.15860724,-0.09312987,-0.018317574830287,0.14028966,0.01968119
6355,0,1,0.01917839,0.0011463165,-0.0667936564908302,0.08597205,0.007391193
6356,0,1,0.06398201,0.025684834,0.0900733936362989,0.026091382,0.0006807602
6357,0,1,-0.08114171,-0.08001232,-0.1503242483662816,0.069182545,0.0047862246
6358,0,1,0.14103055,0.042778492,0.1656986894791954,0.024668142,0.00060851726
6359,0,1,-0.15117764,-0.09147549,-0.1257466431685872,0.025431007,0.0006467361
6360,0,1,0.11838412,0.040931225,0.1416521356200051,0.023268014,0.00054140046
6361,0,1,-0.12890911,-0.0870235,-0.2474428179034378,0.1185337,0.014050238
6362,0,1,0.23027492,0.02650714,0.1409812416664571,0.08929367,0.00797336
6363,0,1,-0.12828755,-0.086910725,-0.0279308104306905,0.10035674,0.010071476
6364,0,1,0.028067827,0.0068967342,-0.3492938935024892,0.3773617,0.14240186
6365,0,1,0.323344,-0.035122395,0.3789128856816526,0.055568904,0.0030879031
6366,0,1,-0.34824514,0.06612444,-0.0489958789341238,0.29924926,0.08955012
6367,0,1,0.047538996,0.01796174,0.0567438079523539,0.009204812,8.472857e-05
6368,0,1,-0.050280094,-0.059013844,0.0046766471890902,0.05495674,0.0030202435
6369,0,1,-0.002090454,-0.014402151,0.002375727913499,0.004466182,1.9946783e-05
6370,0,1,3.7908554e-05,-0.012732506,-0.092504350733845,0.09254226,0.00856407
6371,0,1,0.08772111,0.03425789,0.0578908844695695,0.029830225,0.00088984234
6372,0,1,-0.051342964,-0.06014371,-0.0572540584695024,0.005911093,3.4941022e-05
6373,0,1,0.055169344,0.021728992,0.0131653660370334,0.042003978,0.0017643342
6374,0,1,-0.009944677,-0.020783901,-0.081047243542093,0.07110257,0.005055575
6375,0,1,0.07714486,0.03081131,-0.032314271937762,0.10945913,0.011981302
6376,0,1,0.03211999,0.009371996,0.0977179995435957,0.06559801,0.004303099
6377,0,1,-0.08822131,-0.080834866,-0.0747859811092808,0.013435334,0.0001805082
6378,0,1,0.07136345,0.02867484,0.009861489004165,0.06150196,0.0037824912
6379,0,1,-0.0068883896,-0.018259048,0.0568170579499396,0.063705444,0.0040583834
6380,0,1,-0.05034828,-0.05908513,-0.0410494978715165,0.009298783,8.6467364e-05
6381,0,1,0.040195465,0.014034033,0.052996453579964,0.012800988,0.00016386529
6382,0,1,-0.046811104,-0.055366755,-0.1224005618569594,0.075589456,0.005713766
6383,0,1,0.1152997,0.04047942,0.0888025852228042,0.026497118,0.00070209726
6384,0,1,-0.079965115,-0.079883575,-0.1723723079054515,0.0924072,0.00853909
6385,0,1,0.1613276,0.04229045,0.0426240872988881,0.118703514,0.014090524
6386,0,1,-0.037209988,-0.04562664,-0.0806471517681424,0.04343716,0.0018867869
6387,0,1,0.07677531,0.03068018,0.2181697902458337,0.14139448,0.0199924
6388,0,1,-0.19975233,-0.09531665,-0.0029428938170883,0.19680944,0.038733955
6389,0,1,0.0049579144,-0.008968592,0.0309609356228199,0.026003022,0.0006761571
6390,0,1,-0.026413202,-0.035291195,-0.0567613560510236,0.030348152,0.00092101033
6391,0,1,0.05471468,0.021513224,0.0823499051494183,0.027635224,0.00076370564
6392,0,1,-0.07399011,-0.07925868,-0.1460983182283706,0.07210821,0.005199594
6393,0,1,0.1371386,0.04264331,0.2484261642717244,0.111287564,0.012384922
6394,0,1,-0.22774625,-0.07331157,-0.3556842844047376,0.12793803,0.01636814
6395,0,1,0.3291626,-0.04014802,0.335820934825823,0.0066583455,4.4333563e-05
6396,0,1,-0.30850363,0.019848108,-0.4138065244245288,0.1053029,0.011088701
6397,0,1,0.38195133,-0.09052062,0.1965676376342089,0.18538369,0.034367114
6398,0,1,-0.17975712,-0.09830427,-0.1328985301577705,0.046858594,0.0021957278
6399,0,1,0.1249764,0.04173422,0.043260678632695,0.08171572,0.0066774585
6400,0,1,-0.037798405,-0.04620838,0.0722273305998966,0.11002573,0.012105662
6401,0,1,-0.06461716,-0.07479119,-0.1055918228698287,0.04097467,0.0016789235
6402,0,1,0.0997982,0.037469387,0.2116702866794928,0.11187208,0.012515361
6403,0,1,-0.19373727,-0.0980258,-0.23127676252814,0.037539497,0.0014092139
6404,0,1,0.21544981,0.03164935,0.2980610122955975,0.0826112,0.0068246108
6405,0,1,-0.27363324,-0.020517588,-0.1275423400524218,0.1460909,0.02134255
6406,0,1,0.12004018,0.041154623,-0.0718952642595476,0.19193545,0.036839217
6407,0,1,0.06869364,0.027627468,0.1057929913647539,0.037099354,0.001376362
6408,0,1,-0.09569931,-0.08178544,-0.1804293714639753,0.08473006,0.007179183
6409,0,1,0.1687398,0.041621923,0.2591069221762798,0.09036714,0.00816622
6410,0,1,-0.2376244,-0.061976194,-0.3190788019495225,0.081454396,0.006634819
6411,0,1,0.2957983,-0.012905836,0.4766932224822793,0.18089491,0.03272297
6412,0,1,-0.438169,0.17194676,-0.6293241283698348,0.19115514,0.036540285
6413,0,1,0.575299,-0.32650113,0.5633837003684454,0.011915326,0.00014197499
6414,0,1,-0.517519,0.26669693,-0.6268211175146456,0.1093021,0.01194695
6415,0,1,0.57307744,-0.32350016,0.4043315058268191,0.16874593,0.028475191
6416,0,1,-0.3716588,0.093524694,-0.2699839858964576,0.101674825,0.01033777
6417,0,1,0.2509246,0.017198086,0.128241353960743,0.12268323,0.015051174
6418,0,1,-0.11648965,-0.08486891,-0.1156215953472625,0.00086805224,7.535147e-07
6419,0,1,0.10904908,0.039415836,0.231964567865746,0.12291549,0.015108218
6420,0,1,-0.21251678,-0.089598656,-0.2524730850689383,0.0399563,0.001596506
6421,0,1,0.23488545,0.024724245,0.318139114551379,0.08325365,0.0069311704
6422,0,1,-0.29217935,0.0009255409,-0.1643329305108789,0.12784642,0.016344707
6423,0,1,0.15392876,0.04269862,0.2164742675208866,0.06254551,0.0039119404
6424,0,1,-0.19818234,-0.09602237,-0.2353984857617908,0.03721614,0.0013850412
6425,0,1,0.21923137,0.030424833,0.1659067087424821,0.053324655,0.0028435187
6426,0,1,-0.15136957,-0.09151745,-0.1824520947088346,0.031082526,0.0009661234
6427,0,1,0.1705997,0.041413546,0.2225180790359484,0.051918387,0.002695519
6428,0,1,-0.2037754,-0.09350991,-0.3128298258559234,0.10905442,0.011892865
6429,0,1,0.29009485,-0.008645773,0.2105951318670884,0.07949972,0.0063202055
6430,0,1,-0.19274163,-0.09847522,-0.0747253498986597,0.11801628,0.0139278425
6431,0,1,0.0713079,0.028653383,0.117570548280693,0.04626265,0.0021402328
6432,0,1,-0.10660696,-0.08332229,-0.1933410876303991,0.08673413,0.0075228093
6433,0,1,0.18061209,0.04001665,0.0771318813887083,0.103480205,0.010708153
6434,0,1,-0.06915808,-0.07879114,-0.0790784935645114,0.009920418,9.84147e-05
6435,0,1,0.0753274,0.030158281,0.1359908138697445,0.060663417,0.0036800501
6436,0,1,-0.12366629,-0.086084366,-0.2626753453239123,0.13900906,0.019323518
6437,0,1,0.24423194,0.020846844,0.3635281922581534,0.11929625,0.014231596
6438,0,1,-0.33406377,0.049576998,-0.3349889267006936,0.0009251535,8.55909e-07
6439,0,1,0.31031036,-0.024279118,0.2828960995718241,0.027414262,0.00075154175
6440,0,1,-0.2596197,-0.036679745,-0.1027804150681084,0.1568393,0.024598565
6441,0,1,0.097203255,0.036844492,-0.1358901134320351,0.23309337,0.054332517
6442,0,1,0.1277337,0.042005777,-0.0806759593719101,0.20840967,0.04343459
6443,0,1,0.07680249,0.030688524,0.204160500618308,0.127358,0.016220061
6444,0,1,-0.18678546,-0.10017586,-0.1530701828770571,0.033715278,0.00113672
6445,0,1,0.14356017,0.04282713,0.0642367494862719,0.07932342,0.006292205
6446,0,1,-0.057217836,-0.06650567,-0.1117829881600451,0.054565154,0.002977356
6447,0,1,0.10550833,0.038722992,0.0474867373536165,0.05802159,0.003366505
6448,0,1,-0.041710854,-0.050129175,-0.1485197870681553,0.10680893,0.011408147
6449,0,1,0.13936925,0.042729855,0.3001036325496771,0.16073439,0.025835542
6450,0,1,-0.27552104,-0.01833868,-0.3169747459563923,0.04145372,0.0017184109
6451,0,1,0.29387808,-0.011458874,0.3241656868571443,0.030287594,0.0009173383
6452,0,1,-0.29774404,0.0073695183,-0.2307232023702132,0.06702083,0.004491792
6453,0,1,0.21494222,0.031808853,0.2848962971571223,0.06995407,0.0048935716
6454,0,1,-0.26146722,-0.03454995,-0.1717486953026177,0.08971852,0.008049413
6455,0,1,0.16075301,0.042331457,0.0295532000907634,0.1311998,0.01721339
6456,0,1,-0.025110722,-0.03408861,0.0166851979990454,0.041795917,0.0017468986
6457,0,1,-0.01320219,-0.023532867,-0.1579782435244512,0.14477605,0.020960104
6458,0,1,0.14807892,0.042834997,0.2803547689256369,0.13227585,0.0174969
6459,0,1,-0.2572701,-0.039385796,-0.2944226337467457,0.03715253,0.0013803104
6460,0,1,0.27327895,0.0031945705,0.3649457374107805,0.09166679,0.0084028
6461,0,1,-0.33537054,0.051100016,-0.2243419451299058,0.1110286,0.01232735
6462,0,1,0.20908618,0.033573866,0.2628920396531775,0.053805858,0.0028950702
6463,0,1,-0.2411251,-0.057955742,-0.329398512910863,0.088273406,0.0077921944
6464,0,1,0.30521274,-0.020198345,0.4436705411452855,0.1384578,0.019170564
6465,0,1,-0.40784478,0.13608384,-0.5163440848182796,0.10849929,0.011772095
6466,0,1,0.47445226,-0.19564867,0.3583603168559284,0.11609194,0.013477338
6467,0,1,-0.32929802,0.044025183,-0.1684230628954535,0.16087496,0.025880754
6468,0,1,0.15769339,0.042523384,0.1547822121968249,0.0029111803,8.474971e-06
6469,0,1,-0.14106822,-0.08936095,-0.1113740659744362,0.029694155,0.00088174286
6470,0,1,0.10513091,0.038645983,0.1382249524466199,0.03309405,0.001095216
6471,0,1,-0.12573552,-0.08645153,-0.1530455545815354,0.027310029,0.0007458377
6472,0,1,0.14353728,0.042826414,0.0910035969788332,0.052533686,0.0027597882
6473,0,1,-0.08200407,-0.08010888,-0.008532875643151,0.073471196,0.0053980164
6474,0,1,0.010128975,-0.0051608086,0.045866632175413,0.035737656,0.00127718
6475,0,1,-0.040210962,-0.04861617,0.1201431309685929,0.1603541,0.025713434
6476,0,1,-0.10899019,-0.08368111,-0.1910889395432629,0.08209875,0.006740205
6477,0,1,0.17854142,0.040343046,0.209704215130777,0.031162798,0.00097112
6478,0,1,-0.19191718,-0.09884715,-0.1882014058510299,0.0037157685,1.3806935e-05
6479,0,1,0.1758864,0.040733337,0.3198208060621175,0.1439344,0.02071711
6480,0,1,-0.2937324,0.0027225018,0.0263192665091112,0.32005167,0.10243307
6481,0,1,-0.022117615,-0.03135991,-0.0221474450771914,2.9830262e-05,8.8984453e-10
6482,0,1,0.022719622,0.003490448,-0.0093896111939737,0.03210923,0.0010310027
6483,0,1,0.010921478,-0.004589081,0.2261476040028647,0.21522613,0.046322286
6484,0,1,-0.20713472,-0.09200454,-0.3301593237070395,0.12302461,0.015135055
6485,0,1,0.3059063,-0.020748377,0.3818220677581028,0.07591578,0.005763206
6486,0,1,-0.3509264,0.069256306,-0.2486877583815214,0.10223864,0.01045274
6487,0,1,0.23141646,0.026073694,0.2657209589657814,0.0343045,0.0011767987
6488,0,1,-0.24374032,-0.054950476,-0.241794061894955,0.0019462556,3.7879108e-06
6489,0,1,0.22509718,0.028407335,0.2924012583901723,0.067304075,0.0045298385
6490,0,1,-0.26840353,-0.026553154,-0.293705130610062,0.025301605,0.00064017123
6491,0,1,0.27262378,0.0036346912,0.2222920221479132,0.050331756,0.0025332856
6492,0,1,-0.20356703,-0.093603134,-0.3677322489275902,0.16416523,0.026950222
6493,0,1,0.3401239,-0.04991579,0.2605990191080276,0.079524875,0.0063242055
6494,0,1,-0.23900414,-0.060391903,-0.2888310600208879,0.04982692,0.002482722
6495,0,1,0.26816773,0.0065755844,0.2956528089739301,0.027485073,0.0007554292
6496,0,1,-0.27140832,-0.023085833,-0.3382896219838609,0.0668813,0.0044731083
6497,0,1,0.3133185,-0.026730299,0.1752610232082436,0.13805747,0.019059865
6498,0,1,-0.16003084,-0.09345651,-0.3346500542243795,0.1746192,0.030491864
6499,0,1,0.3100009,-0.024028301,0.1806724766862193,0.12932841,0.016725838
6500,0,1,-0.16504121,-0.094631195,-0.0930546132169669,0.07198659,0.0051820697
6501,0,1,0.088229656,0.034408092,0.149221585433898,0.060991928,0.0037200153
6502,0,1,-0.13591886,-0.08834338,-0.2249499819275762,0.08903113,0.007926542
6503,0,1,0.2096448,0.033410788,0.335569099831587,0.12592432,0.015856935
6504,0,1,-0.30827093,0.019577265,-0.1769951625533234,0.13127577,0.017233329
6505,0,1,0.16558123,0.041938543,0.0681169464058992,0.09746428,0.009499285
6506,0,1,-0.060810566,-0.07049084,0.0501642738796825,0.11097484,0.012315415
6507,0,1,-0.04418993,-0.05265665,0.0058252836010503,0.050015215,0.0025015217
6508,0,1,-0.0031533241,-0.015245438,0.1381036951318393,0.14125702,0.019953545
6509,0,1,-0.12562251,-0.08643079,-0.3044382622627419,0.17881575,0.031975072
6510,0,1,0.2824316,-0.0031151772,0.2694429839283869,0.012988627,0.00016870443
6511,0,1,-0.24718213,-0.050993443,-0.418126622783328,0.17094448,0.029222015
6512,0,1,0.3858652,-0.094569206,0.4127633092140885,0.026898086,0.000723507
6513,0,1,-0.37941933,0.102630615,-0.454269453021626,0.07485011,0.0056025395
6514,0,1,0.41855502,-0.12989116,0.3650723133171314,0.05348271,0.0028604004
6515,0,1,-0.33548737,0.051235437,-0.4245840554526565,0.089096695,0.007938221
6516,0,1,0.39171314,-0.100694895,0.3644448643049469,0.02726829,0.0007435597
6517,0,1,-0.3349092,0.05056286,-0.2756569004013776,0.059252292,0.0035108342
6518,0,1,0.2561159,0.014128208,0.1961411044935213,0.059974805,0.003596977
6519,0,1,-0.17936254,-0.09820104,-0.1387436784534426,0.04061885,0.0016498911
6520,0,1,0.13036323,0.042227745,0.1063835378249531,0.023979686,0.00057502533
6521,0,1,-0.09624648,-0.081858635,-0.2541145630341956,0.15786809,0.024922334
6522,0,1,0.2363894,0.024124384,0.2035582308832659,0.032831162,0.0010778852
6523,0,1,-0.18622804,-0.1000247,-0.1103407150094764,0.07588732,0.0057588858
6524,0,1,0.10417771,0.038446665,0.0443306918375356,0.059847023,0.0035816662
6525,0,1,-0.038788557,-0.047192812,-0.051325267200128,0.012536712,0.00015716915
6526,0,1,0.049692154,0.019056797,0.1317807564036264,0.082088605,0.006738539
6527,0,1,-0.11976743,-0.08541489,-0.1352184626093775,0.015451029,0.0002387343
6528,0,0,0.12711549,0.041947603,-0.2637922965011063,0.3909078,0.1528089
6529,0,0,0.245255,0.020401478,-0.1306670806749301,0.37592208,0.14131741
6530,0,0,0.1229198,0.04150796,-0.1113349917734689,0.23425479,0.054875307
6531,0,0,0.10509539,0.038638115,-0.1059281573796782,0.21102354,0.044530936
6532,0,0,0.10010815,0.03754282,-0.1335032437387924,0.23361139,0.05457428
6533,0,0,0.12553382,0.041791916,-0.0647572253280555,0.19029105,0.036210682
6534,0,0,0.062101126,0.024876118,-0.2086391375488525,0.27074027,0.073300295
6535,1,0,-0.2147212,0.03728509,-0.2483377920717062,0.033616588,0.001130075
6536,1,0,-0.25462294,0.026197195,-0.3833801308637024,0.12875721,0.01657842
6537,1,0,-0.38960743,-0.0631485,-0.2537120031082458,0.13589543,0.018467568
6538,1,0,-0.2600174,0.024271011,-0.3994859191520943,0.13946852,0.01945147
6539,1,0,-0.40562296,-0.07737923,-0.3495591701595026,0.0560638,0.00314315
6540,1,0,-0.35591602,-0.035329103,-0.2574267592493324,0.098489255,0.009700133
6541,1,0,-0.26374483,0.022884846,-0.2033689307948236,0.0603759,0.0036452492
6542,1,0,-0.20941615,0.03832555,-0.2269680536279552,0.017551899,0.00030806917
6543,1,0,-0.23315501,0.03286457,-0.1511268288031,0.08202818,0.0067286226
6544,1,0,-0.15675354,0.04279542,-0.2072310347500674,0.05047749,0.002547977
6545,1,0,-0.21330404,0.037573338,-0.1546298895946956,0.058674157,0.0034426567
6546,1,0,-0.16028953,0.04284048,0.0110690862546398,0.17135862,0.029363776
6547,1,0,0.007627487,-0.019176483,0.3406706915211259,0.33304322,0.110917784
6548,1,0,0.3445549,0.02504468,0.4214212561686405,0.07686636,0.005908437
6549,1,0,0.42640376,0.11199021,0.4753340190609409,0.048930258,0.00239417
6550,1,0,0.47999215,0.17046857,0.4114492404084982,0.0685429,0.004698129
6551,1,0,0.41649628,0.10121083,0.3391944495635588,0.07730183,0.005975573
6552,1,0,0.3430407,0.023462534,0.3131453117383391,0.029895395,0.0008937346
6553,1,0,0.31632304,-0.0044133663,0.2008432663058048,0.11547978,0.01333558
6554,1,0,0.20127726,-0.09934878,0.2710070487863785,0.069729805,0.0048622456
6555,1,0,0.27312708,-0.04933095,0.2476461562900018,0.025480926,0.0006492776
6556,1,0,0.24919248,-0.07413864,0.092145582234477,0.15704688,0.024663724
6557,1,0,0.09021568,-0.08022833,0.017125488950116,0.073090196,0.0053421766
6558,1,0,0.0137889385,-0.02388072,0.1269944213059908,0.11320548,0.01281548
6559,1,0,0.12578368,-0.084680796,0.2236042727048581,0.097820595,0.009568869
6560,1,0,0.22457314,-0.0930593,0.2167656890163676,0.0078074485,6.0956252e-05
6561,1,0,0.2175734,-0.09590125,0.1894907993918497,0.02808261,0.00078863295
6562,1,0,0.18966198,-0.096627,0.1620073078055433,0.027654678,0.0007647812
6563,1,0,0.16155791,-0.09074283,0.2431635250673527,0.08160561,0.006659476
6564,1,0,0.24460173,-0.07889128,0.2569372461324413,0.012335509,0.00015216478
6565,1,0,0.25871086,-0.06428027,0.106832903948796,0.15187795,0.023066914
6566,1,0,0.105201244,-0.08191347,0.0390060266978955,0.06619522,0.004381807
6567,1,0,0.03605795,-0.042350292,-0.0835757221927004,0.119633675,0.014312216
6568,1,0,-0.08844328,0.03162265,0.0140916633370324,0.10253494,0.010513415
6569,1,0,0.010702848,-0.021502495,-0.2233905538076128,0.2340934,0.05479972
6570,1,0,-0.22955894,0.03382349,-0.2288849309872116,0.0006740093,4.5428857e-07
6571,1,0,-0.23508191,0.032331944,-0.1695902695426157,0.06549165,0.004289156
6572,1,0,-0.17538285,0.042461157,-0.307237259521524,0.13185441,0.017385587
6573,1,0,-0.31364536,-0.00493598,-0.2157912992708031,0.09785406,0.009575417
6574,1,0,-0.22191668,0.035706043,-0.2090290727819499,0.012887597,0.00016609016
6575,1,0,-0.21511316,0.037203312,-0.1576975693324716,0.05741559,0.00329655
6576,1,0,-0.16338515,0.042837143,-0.1388468761764762,0.024538279,0.0006021271
6577,1,0,-0.14435291,0.04223585,0.1755616020572095,0.31991452,0.1023453
6578,1,0,0.17541623,-0.093520164,0.2057891548138899,0.030372918,0.0009225141
6579,1,0,0.20633793,-0.10048461,0.2126106479170446,0.0062727183,3.9346996e-05
6580,1,0,0.21332026,-0.09763312,0.167784909798546,0.04553534,0.0020734672
6581,1,0,0.16746378,-0.091897726,0.0502007010049001,0.11726308,0.0137506295
6582,1,0,0.04745841,-0.052690983,-0.0079884189691341,0.05544683,0.003074351
6583,1,0,-0.011748552,-0.0055246353,-0.0735451858610036,0.061796635,0.0038188242
6584,1,0,-0.07828069,0.028230429,-0.3262242616430124,0.24794358,0.06147602
6585,1,0,-0.33262396,-0.01792121,-0.2678038911187048,0.06482008,0.0042016427
6586,1,0,-0.27415347,0.018347263,-0.2570094210667459,0.017144054,0.0002939186
6587,1,0,-0.26332617,0.023042917,-0.3132014394238811,0.04987526,0.0024875414
6588,1,0,-0.3196094,-0.008895874,-0.3068078378359593,0.012801558,0.00016387989
6589,1,0,-0.3132155,-0.004654646,-0.258122992355299,0.055092514,0.0030351852
6590,1,0,-0.26444364,0.022619724,-0.4606098026533316,0.19616616,0.03848116
6591,1,0,-0.46623135,-0.1363337,-0.4952879332886297,0.029056579,0.0008442848
6592,1,0,-0.5005417,-0.17271471,-0.4668780184650614,0.03366366,0.001133242
6593,1,0,-0.47243,-0.14276958,-0.5393036634673702,0.06687367,0.0044720876
6594,1,0,-0.54423404,-0.22128344,-0.4587797459186018,0.085454285,0.0073024346
6595,1,0,-0.46442032,-0.13446712,-0.6075202844068621,0.14309996,0.0204776
6596,1,0,-0.6116245,-0.3004732,-0.4272809063780571,0.18434358,0.033982553
6597,1,0,-0.43321776,-0.10327768,-0.342429226235267,0.09078854,0.00824256
6598,1,0,-0.34880304,-0.029847383,-0.3752486583585588,0.026445627,0.0006993712
6599,1,0,-0.38151407,-0.05619645,-0.4068070661948106,0.025292993,0.0006397355
6600,1,0,-0.41289663,-0.08404136,-0.6228336662690306,0.20993704,0.04407356
6601,1,0,-0.6266961,-0.3187251,-0.684328823204476,0.057632685,0.0033215263
6602,1,0,-0.68700576,-0.39312506,-0.5844260716267136,0.10257971,0.0105225975
6603,1,0,-0.5888555,-0.27323604,-0.4137690602145958,0.17508644,0.030655261
6604,1,0,-0.41981053,-0.090485096,-0.3988720927204143,0.020938426,0.0004384177
6605,1,0,-0.40501285,-0.076826096,-0.5807348099562066,0.17572194,0.030878201
6606,1,0,-0.58521104,-0.26891875,-0.4248022383845735,0.1604088,0.02573098
6607,1,0,-0.4307592,-0.10090423,-0.3036925555681398,0.12706664,0.016145932
6608,1,0,-0.31009912,-0.0026342869,-0.2787672137046018,0.031331897,0.0009816878
6609,1,0,-0.28514338,0.01239872,-0.2931864020333687,0.008043021,6.469018e-05
6610,1,0,-0.29958487,0.0039510727,-0.1707529314249001,0.12883194,0.016597668
6611,1,0,-0.17655492,0.042393446,-0.0606307438494706,0.11592418,0.013438416
6612,1,0,-0.06518912,0.0231781,-0.1678808849658892,0.102691755,0.0105455965
6613,1,0,-0.17365909,0.042550802,-0.3101547512222371,0.13649568,0.01863107
6614,1,0,-0.31656265,-0.0068588257,-0.2065675295324363,0.10999513,0.012098928
6615,1,0,-0.21263623,0.037706137,-0.0328451063837511,0.17979112,0.032324847
6616,1,0,-0.036996603,0.009665966,0.2443085000915461,0.2813051,0.079132564
6617,1,0,0.24577451,-0.07767749,0.2984443184414216,0.052669823,0.0027741103
6618,1,0,0.30124974,-0.020109177,0.2163013907833852,0.084948346,0.0072162217
6619,1,0,0.21709752,-0.09609461,0.2616109579728611,0.044513434,0.0019814458
6620,1,0,0.26349878,-0.05931759,0.2942091568645746,0.03071037,0.0009431268
6621,1,0,0.29690766,-0.024625063,0.2587039216003726,0.038203746,0.0014595262
6622,1,0,0.2605207,-0.06240511,0.4024985669802992,0.14197788,0.020157717
6623,1,0,0.40760493,0.09154606,0.3781905872129734,0.029414356,0.0008652043
6624,1,0,0.3830521,0.06534672,0.07100554411259,0.31204656,0.09737305
6625,1,0,0.06865859,-0.07350445,0.238459504393993,0.1698009,0.028832348
6626,1,0,0.239784,-0.08387613,0.2068826259806417,0.032901376,0.0010825006
6627,1,0,0.20745683,-0.10002732,0.3501780358842796,0.1427212,0.020369343
6628,1,0,0.35430813,0.03524041,0.2658607833845181,0.08844733,0.007822931
6629,1,0,0.26785374,-0.05480194,0.4946396045272849,0.22678587,0.05143183
6630,1,0,0.4991908,0.19149137,0.5482768043493471,0.049085975,0.002409433
6631,1,0,0.55254817,0.25012445,0.564590519695439,0.012042344,0.00014501804
6632,1,0,0.5687816,0.26802182,0.4456094086503093,0.123172194,0.015171389
6633,1,0,0.4504416,0.13818526,0.4866686200837504,0.036227018,0.0013123968
6634,1,0,0.49126315,0.18280625,0.3177754558453767,0.1734877,0.03009798
6635,1,0,0.32107162,0.00053572655,0.3799815585326924,0.058909923,0.003470379
6636,1,0,0.38489032,0.06727481,0.2806477349390377,0.10424259,0.010866518
6637,1,0,0.28300714,-0.039074183,0.340418255544554,0.057411104,0.0032960349
6638,1,0,0.3442955,0.024773598,0.5378705483440553,0.19357502,0.03747129
6639,1,0,0.5421946,0.23872328,0.4772763516226321,0.06491825,0.004214379
6640,1,0,0.48192382,0.17258286,0.3654316480842579,0.11649218,0.013570429
6641,1,0,0.3699596,0.051623106,0.4474181681281455,0.07745856,0.0059998287
6642,1,0,0.4522395,0.1401465,0.4220278087061242,0.030211717,0.0009127478
6643,1,0,0.42700624,0.11264634,0.5068285172808058,0.0798223,0.0063716
6644,1,0,0.51131415,0.20478702,0.5972435952612147,0.08592945,0.007383871
6645,1,0,0.60127664,0.3039353,0.6834979190663293,0.08222127,0.0067603374
6646,1,0,0.6871216,0.3993659,0.8759023034614599,0.18878067,0.03563814
6647,1,0,0.87416816,0.61505675,0.8458129065187685,0.02835524,0.0008040197
6648,1,0,0.8460829,0.58107924,0.669849675428686,0.17623323,0.031058151
6649,1,0,0.6735389,0.38421106,0.5957392057537523,0.07779974,0.006052799
6650,1,0,0.59977984,0.3022778,0.5027787092881044,0.097001135,0.00940922
6651,1,0,0.5072856,0.20036745,0.4608206963464871,0.04646489,0.002158986
6652,1,0,0.46556258,0.15469313,0.6483819252599266,0.18281937,0.03342292
6653,1,0,0.6521728,0.3604164,0.6189746175933268,0.033198178,0.001102119
6654,1,0,0.62290454,0.3279004,0.6358734702148827,0.012968957,0.00016819386
6655,1,0,0.63972306,0.34657454,0.501501345393196,0.13822174,0.01910525
6656,1,0,0.5060153,0.19897366,0.475058042249374,0.030957252,0.0009583514
6657,1,0,0.47971797,0.17016888,0.6053805538788679,0.12566257,0.01579108
6658,1,0,0.60937524,0.31290293,0.7290453757498194,0.11967015,0.014320945
6659,1,0,0.73244596,0.4500804,0.7656073330625843,0.0331614,0.0010996786
6660,1,0,0.7688186,0.49094987,0.7813790938532414,0.012560487,0.00015776583
6661,1,0,0.7845051,0.5086205,0.5755153342468069,0.2089898,0.043676738
6662,1,0,0.579653,0.2800238,0.478020468851779,0.101632565,0.010329179
6663,1,0,0.4826641,0.17339206,0.5693919076221277,0.0867278,0.007521711
6664,1,0,0.5735595,0.27329564,0.5781252796356662,0.0045657754,2.0846304e-05
6665,1,0,0.58225036,0.2828939,0.6803397574163363,0.0980894,0.00962153
6666,1,0,0.6839788,0.39585733,0.7262696361982734,0.042290866,0.0017885173
6667,1,0,0.7296841,0.4469838,0.5870295883817289,0.14265454,0.020350317
6668,1,0,0.5911114,0.29268885,0.5530979459599066,0.03801346,0.001445023
6669,1,0,0.55734587,0.25540972,0.4154682264548657,0.14187765,0.020129267
6670,1,0,0.42048883,0.10555291,0.3714334934351955,0.049055338,0.0024064262
6671,1,0,0.37611794,0.058075428,0.2789462122986208,0.097171724,0.009442344
6672,1,0,0.2812631,-0.040884495,0.0666026137109141,0.2146605,0.04607913
6673,1,0,0.06417084,-0.06892681,-0.0085639384684652,0.07273477,0.005290347
6674,1,0,-0.012332916,-0.005138874,0.1816429708801443,0.19397588,0.037626643
6675,1,0,0.18163514,-0.094845295,0.1752278884979166,0.006407246,4.10528e-05
6676,1,0,0.17507505,-0.093449116,0.2360893785896372,0.061014324,0.0037227478
6677,1,0,0.23735738,-0.08638668,0.2554937600768401,0.018136382,0.00032892835
6678,1,0,0.25723147,-0.06581259,0.1419115115881819,0.11531997,0.013298695
6679,1,0,0.14102149,-0.087067366,-0.0167332144273446,0.1577547,0.024886547
6680,1,0,-0.020633936,0.00015568733,-0.0844750233215791,0.06384109,0.0040756846
6681,1,0,-0.08935332,0.03190565,-0.1164736778782962,0.027120352,0.00073551346
6682,1,0,-0.1217401,0.039560318,0.0080471158060868,0.12978722,0.016844723
6683,1,0,0.004554987,-0.016895056,-0.0492128757248155,0.053767864,0.0028909831
6684,1,0,-0.05360794,0.018064976,0.04636686694375,0.09997481,0.009994963
6685,1,0,0.043554068,-0.049082518,-0.1629436310272369,0.2064977,0.0426413
6686,1,0,-0.16867852,0.042742252,-0.0822715697415503,0.08640695,0.0074661616
6687,1,0,-0.087121725,0.031208038,-0.1371597597100411,0.05003804,0.0025038053
6688,0,0,0.12890363,0.04210925,-0.1118756369722993,0.24077927,0.057974655
6689,0,0,0.10559416,0.03874135,-0.1891366479003626,0.2947308,0.08686625
6690,1,0,-0.19508481,0.04061055,-0.2440089204124467,0.048924103,0.002393568
6691,1,0,-0.25027704,0.027674913,-0.3211218586927398,0.07084483,0.00501899
6692,1,0,-0.3275261,-0.014324427,-0.0827268879602742,0.2447992,0.059926648
6693,1,0,-0.087583065,0.031353712,-0.1853132279606328,0.09773016,0.009551184
6694,1,0,-0.19123292,0.041091204,-0.160389595711905,0.030843318,0.0009513102
6695,1,0,-0.16610193,0.04280305,-0.1541410358169654,0.011960894,0.00014306298
6696,1,0,-0.15979576,0.04283738,-0.1144539816093686,0.045341782,0.0020558771
6697,1,0,-0.119697094,0.039211273,-0.1549392726572729,0.035242185,0.0012420116
6698,1,0,-0.16060185,0.04284072,-0.1503908785210836,0.010210976,0.00010426403
6699,1,0,-0.15601039,0.04278016,-0.1501101369502873,0.005900249,3.4812936e-05
6700,1,0,-0.15572667,0.042773485,-0.1364217097328826,0.019304961,0.0003726815
6701,1,0,-0.14190292,0.042049408,-0.0324336947049319,0.10946923,0.011983512
6702,1,0,-0.03657961,0.009438038,0.0484010879569214,0.0849807,0.007221719
6703,1,0,0.045625687,-0.050987482,-0.0323980666273775,0.078023754,0.0060877064
6704,1,0,-0.03654313,0.009418964,0.1082748771086907,0.14481801,0.020972256
6705,1,0,0.10667348,-0.082093716,0.0851126978234875,0.02156078,0.00046486728
6706,1,0,0.08304191,-0.07951903,0.1535368042862019,0.070494905,0.0049695317
6707,1,0,0.15289998,-0.08912921,0.1687534244349486,0.01585345,0.00025133186
6708,1,0,0.16845465,-0.0920949,0.0852611336248574,0.08319351,0.00692116
6709,1,0,0.08319402,-0.07953358,0.1301502951140967,0.04695627,0.0022048913
6710,1,0,0.1290071,-0.085161924,0.3726515618721819,0.24364445,0.059362616
6711,1,0,0.37736773,0.059386253,0.2611387730235885,0.11622897,0.013509173
6712,1,0,0.2630155,-0.059818745,0.2571188953022729,0.005896628,3.477022e-05
6713,1,0,0.25889754,-0.06408787,0.2860168387651929,0.027119309,0.0007354569
6714,1,0,0.28851008,-0.03335619,0.1890729968795628,0.09943709,0.009887734
6715,1,0,0.18923521,-0.096530914,0.1408593026236002,0.048375905,0.002340228
6716,1,0,0.13994598,-0.086889505,0.0915863882888232,0.048359595,0.0023386504
6717,1,0,0.08964491,-0.0801692,0.0550842204358774,0.034560688,0.0011944411
6718,1,0,0.052433252,-0.057389736,-0.0217778477719172,0.0742111,0.005507287
6719,1,0,-0.025758505,0.0032663345,-0.0388092903616947,0.013050787,0.00017032305
6720,1,0,-0.04305148,0.012872696,0.0596401845524265,0.102691665,0.010545578
6721,1,0,0.057075262,-0.061877966,0.1475476616763074,0.0904724,0.008185255
6722,1,0,0.14677978,-0.08804512,0.0838679280211667,0.062911846,0.0039579
6723,1,0,0.081772804,-0.07940054,-0.1249466137256494,0.20671943,0.04273292
6724,1,0,-0.13030648,0.040828228,-0.2291897898420511,0.0988833,0.009777907
6725,1,0,-0.23538852,0.03224659,-0.3018210720557497,0.066432565,0.0044132858
6726,1,0,-0.30822635,-0.001434803,-0.4139393621533638,0.10571301,0.01117524
6727,1,0,-0.41997862,-0.09064412,-0.2632785747349944,0.15670004,0.024554905
6728,1,0,-0.26961565,0.020607471,-0.2192138353442247,0.05040182,0.0025403437
6729,1,0,-0.22535872,0.034883738,-0.1085238515380138,0.11683487,0.0136503875
6730,1,0,-0.11369848,0.038084984,-0.1028350779125721,0.010863401,0.00011801348
6731,1,0,-0.10794234,0.036857367,-0.2551570543501524,0.14721471,0.02167217
6732,1,0,-0.26146674,0.023737669,-0.3396633852792123,0.078196645,0.0061147152
6733,1,0,-0.34604263,-0.027759075,-0.4209038751891771,0.07486123,0.0056042033
6734,1,0,-0.42689133,-0.09719467,-0.1936275764501522,0.23326375,0.054411974
6735,1,0,-0.19960833,0.039973497,-0.2866666825765183,0.087058365,0.007579159
6736,1,0,-0.29305625,0.007857323,-0.4540281261865626,0.16097188,0.025911946
6737,1,0,-0.45971823,-0.1296475,-0.3988873587612875,0.06083086,0.0037003937
6738,1,0,-0.40502834,-0.076839924,-0.4967927155480187,0.09176436,0.008420698
6739,1,0,-0.50203824,-0.17433429,-0.4660542608849352,0.03598398,0.0012948468
6740,1,0,-0.4716158,-0.14192033,-0.5487621204376838,0.07714635,0.0059515596
6741,1,0,-0.553602,-0.23201418,-0.5394665639282659,0.01413542,0.0001998101
6742,1,0,-0.5443952,-0.22146797,-0.5260704636729163,0.018324733,0.00033579583
6743,1,0,-0.5311148,-0.20643449,-0.6926273936207732,0.16151255,0.026086304
6744,1,0,-0.6951177,-0.40325904,-0.6489403170734374,0.046177387,0.002132351
6745,1,0,-0.65234256,-0.35012722,-0.8456649571721986,0.19332242,0.037373558
6746,1,0,-0.84349704,-0.5904205,-0.878272908548333,0.034775853,0.00120936
6747,1,0,-0.8748028,-0.62974906,-0.8363342348769938,0.0384686,0.0014798332
6748,1,0,-0.83451796,-0.5791061,-0.9051510611038373,0.07063311,0.004989037
6749,1,0,-0.9005215,-0.6618817,-0.8634780397350914,0.037043452,0.0013722173
6750,1,0,-0.8606124,-0.6119485,-0.7801427838496902,0.08046961,0.006475358
6751,1,0,-0.7802565,-0.5105436,-0.8165245099439651,0.036267996,0.0013153675
6752,1,0,-0.81542563,-0.55500937,-0.8080404346625838,0.0073851943,5.4541095e-05
6753,1,0,-0.8072362,-0.5446615,-0.9258869103497958,0.118650734,0.014077997
6754,1,0,-0.92031074,-0.6864705,-0.8417967631347292,0.07851398,0.006164445
6755,1,0,-0.83977556,-0.5857334,-0.7263651822541135,0.11341035,0.012861908
6756,1,0,-0.7280278,-0.44457817,-0.7619460417190287,0.033918202,0.0011504444
6757,1,0,-0.76261616,-0.48823524,-0.8762961103677611,0.113679945,0.01292313
6758,1,0,-0.8729081,-0.62737465,-0.7776193774328903,0.09528875,0.009079946
6759,1,0,-0.7778127,-0.5074513,-0.5457528014690984,0.2320599,0.053851794
6760,1,0,-0.550622,-0.22858953,-0.5536881190144625,0.0030661225,9.4011075e-06
6761,1,0,-0.55847716,-0.23763776,-0.5067065179056116,0.051770627,0.0026801978
6762,1,0,-0.5118916,-0.18507934,-0.4618121993589668,0.050079405,0.002507947
6763,1,0,-0.46741986,-0.13756347,-0.3387197185196875,0.12870014,0.016563725
6764,1,0,-0.34510088,-0.027050972,-0.3777105385104438,0.03260967,0.0010633906
6765,1,0,-0.38396502,-0.058284283,-0.4552222414179869,0.07125723,0.0050775935
6766,1,0,-0.46090007,-0.13085532,-0.3716109052614831,0.08928916,0.007972554
6767,1,0,-0.37789226,-0.05313897,-0.3537004981234601,0.024191767,0.0005852416
6768,1,0,-0.36004543,-0.038575888,-0.380182971111588,0.020137548,0.00040552087
6769,1,0,-0.38642502,-0.060396194,-0.3335889745019833,0.05283603,0.0027916462
6770,1,0,-0.33997893,-0.023247957,-0.3397652224766756,0.00021371245,4.5673012e-08
6771,1,0,-0.34614396,-0.027836084,-0.3523101094193963,0.00616616,3.802153e-05
6772,1,0,-0.35865903,-0.037480116,-0.3480397357071658,0.010619283,0.000112769165
6773,1,0,-0.35439992,-0.03414893,-0.5027049133868604,0.148305,0.021994373
6774,1,0,-0.50791526,-0.18072557,-0.6791299401412987,0.1712147,0.029314473
6775,1,0,-0.681921,-0.3867848,-0.6954264863581892,0.013505459,0.00018239742
6776,1,0,-0.69785213,-0.40668082,-0.8004992956428443,0.102647185,0.010536444
6777,1,0,-0.7999513,-0.53545165,-0.948023630782366,0.1480723,0.021925407
6778,1,0,-0.94138384,-0.7125101,-1.0399081728486983,0.09852433,0.009707044
6779,1,0,-1.028307,-0.8179691,-0.9693435254791072,0.058963418,0.0034766847
6780,1,0,-0.9616277,-0.7373688,-1.0540765574831945,0.09244883,0.008546786
6781,1,0,-1.0436304,-0.83382154,-1.0702723268564411,0.026641965,0.0007097943
6782,1,0,-1.0611036,-0.8517995,-1.0110708783257991,0.050032735,0.0025032745
6783,1,0,-1.0011017,-0.7853553,-1.017959622651547,0.016857862,0.00028418752
6784,1,0,-1.0075998,-0.79318833,-0.9643318037903564,0.043268025,0.0018721219
6785,1,0,-0.9568734,-0.73154545,-1.1214085137783347,0.16453505,0.027071781
6786,1,0,-1.1159718,-0.90754366,-1.2553430811993405,0.13937128,0.019424353
6787,1,0,-1.2574546,-1.0459185,-1.2162266049703985,0.041228056,0.0016997526
6788,1,0,-1.2164721,-1.0066645,-1.066247408020232,0.15022469,0.022567457
6789,1,0,-1.0567656,-0.8473456,-1.1429124665585664,0.08614695,0.007421297
6790,1,0,-1.138906,-0.93051195,-1.090571688588287,0.04833436,0.0023362103
6791,1,0,-1.0829391,-0.87411547,-1.1217320556313628,0.03879285,0.0015048851
6792,1,0,-1.1163175,-0.9078913,-1.0883772717210651,0.027940273,0.00078065885
6793,1,0,-1.0805826,-0.87171435,-1.1562591534551978,0.07567656,0.005726942
6794,1,0,-1.1530991,-0.9446249,-1.2654039922985634,0.112304926,0.012612397
6795,1,0,-1.2679505,-1.0558596,-1.4299630023295218,0.16201246,0.026248036
6796,1,0,-1.4369175,-1.2091019,-1.316723561277238,0.12019396,0.014446587
6797,1,0,-1.3211935,-1.1055841,-1.2160546399282262,0.10513878,0.011054163
6798,1,0,-1.216291,-1.0064888,-1.2476180590576469,0.03132713,0.000981389
6799,1,0,-1.2493839,-1.0382423,-1.1943911165280403,0.054992795,0.0030242074
6800,1,0,-1.1934719,-0.98433375,-1.169310577487467,0.024161339,0.0005837703
6801,1,0,-1.1669474,-0.95831776,-1.13844100575945,0.028506398,0.00081261474
6802,1,0,-1.1341443,-0.9257586,-1.130905501873666,0.0032387972,1.0489807e-05
6803,1,0,-1.1261113,-0.917722,-1.1880359712421762,0.061924696,0.003834668
6804,1,0,-1.1867621,-0.97777915,-0.9488159658603325,0.23794615,0.05661837
6805,1,0,-0.942137,-0.7134383,-0.9689055330868648,0.026768506,0.0007165529
6806,1,0,-0.96121264,-0.73686075,-1.1135766233727442,0.15236402,0.023214793
6807,1,0,-1.1075983,-0.89910793,-0.945050879534478,0.16254741,0.02642166
6808,1,0,-0.93855715,-0.7090261,-1.0182048035516948,0.07964766,0.00634375
6809,1,0,-1.0078309,-0.7934663,-1.0333161061116471,0.025485277,0.00064949936
6810,1,0,-1.0220647,-0.81055427,-0.9539589466760804,0.06810576,0.0046383943
6811,1,0,-0.94702435,-0.71945333,-1.1262953560279605,0.17927098,0.032138087
6812,1,0,-1.1211908,-0.91278815,-1.2664302795785924,0.14523947,0.021094505
6813,1,0,-1.2690198,-1.05687,-1.202026086329068,0.06699371,0.0044881576
6814,1,0,-1.201524,-0.9921756,-1.1474562432643929,0.05406773,0.0029233196
6815,1,0,-1.1437416,-0.9353287,-1.1719978737208212,0.028256297,0.0007984183
6816,1,0,-1.1697948,-0.96112466,-1.1743973242370598,0.0046025515,2.118348e-05
6817,1,0,-1.1723359,-0.96362567,-1.0279037867982534,0.14443207,0.020860622
6818,1,0,-1.0169692,-0.80444884,-1.056991160451482,0.040022016,0.0016017617
6819,1,0,-1.046778,-0.83706784,-1.0394646310028306,0.0073133707,5.348539e-05
6820,1,0,-1.0278485,-0.81747055,-1.072150402240564,0.044301867,0.0019626555
6821,1,0,-1.0631268,-0.8538742,-1.086001960155515,0.02287519,0.0005232743
6822,1,0,-1.0780303,-0.8691132,-0.9693703807774354,0.10865998,0.011806992
6823,1,0,-0.9616537,-0.7373998,-0.9959246893503382,0.034271,0.0011745016
6824,1,0,-0.98679686,-0.7680428,-0.9351432189184408,0.051653624,0.002668097
6825,1,0,-0.92912865,-0.697386,-1.0149619858521477,0.08583331,0.007367357
6826,1,0,-1.0047729,-0.789783,-0.9847508866360366,0.020022035,0.00040088187
6827,1,0,-0.9762261,-0.7551935,-1.0852017031456378,0.10897565,0.011875692
6828,1,0,-1.0771701,-0.8682358,-0.992688382544388,0.084481776,0.0071371705
6829,1,0,-0.9837363,-0.764328,-1.0347036653000328,0.050967336,0.0025976694
6830,1,0,-1.0233703,-0.8121171,-1.057539534691586,0.034169316,0.0011675422
6831,1,0,-1.0473697,-0.83767796,-0.9869900571030672,0.060379684,0.0036457062
6832,1,0,-0.97834563,-0.7577734,-1.0114893978842985,0.03314376,0.0010985087
6833,1,0,-1.0014966,-0.7858319,-0.8910646114333916,0.11043197,0.01219522
6834,1,0,-0.8870523,-0.64507604,-0.8220064733682153,0.06504583,0.0042309603
6835,1,0,-0.8207128,-0.56168747,-0.8300936688545866,0.009380877,8.800085e-05
6836,1,0,-0.82850766,-0.57152486,-0.8115983795372093,0.016909301,0.00028592447
6837,1,0,-0.8106718,-0.5490029,-0.8471629194680017,0.036491096,0.0013316001
6838,1,0,-0.8449371,-0.5922346,-0.7914232133198222,0.053513885,0.002863736
6839,1,0,-0.79117537,-0.52435374,-0.7706992769839744,0.020476103,0.0004192708
6840,1,0,-0.771106,-0.49897027,-0.7306018601524125,0.040504158,0.0016405868
6841,1,0,-0.7321532,-0.44977617,-0.908406905719835,0.17625374,0.03106538
6842,1,0,-0.90363216,-0.66575456,-1.0562434917968693,0.15261137,0.023290232
6843,1,0,-1.0459709,-0.8362353,-1.024809069626205,0.021161795,0.00044782154
6844,1,0,-1.0140548,-0.80095005,-1.083033175173597,0.06897843,0.0047580237
6845,1,0,-1.0748391,-0.8658571,-1.0975631952450606,0.022724032,0.00051638164
6846,1,0,-1.0904434,-0.8817451,-1.254961239419643,0.16451788,0.027066132
6847,1,0,-1.2570567,-1.0455396,-1.2584592947784126,0.0014026165,1.967333e-06
6848,1,0,-1.2607081,-1.0490041,-1.208534271836847,0.052173853,0.0027221108
6849,1,0,-1.208379,-0.9988313,-1.120140265876183,0.088238716,0.007786071
6850,1,0,-1.1146162,-0.9061799,-1.307078841511199,0.19246268,0.037041884
6851,1,0,-1.3112247,-1.0963638,-1.2436735041787332,0.067551136,0.004563156
6852,1,0,-1.2452581,-1.0343077,-1.4237745652278742,0.1785165,0.031868145
6853,1,0,-1.4306562,-1.2038102,-1.3630131610514562,0.06764305,0.0045755818
6854,1,0,-1.3687932,-1.149034,-1.2598501001281457,0.108943105,0.0118686
6855,1,0,-1.2621591,-1.0503793,-1.220033559321819,0.042125583,0.0017745647
6856,1,0,-1.220473,-1.0105264,-1.2114712945899662,0.009001732,8.1031176e-05
6857,1,0,-1.2114706,-1.001826,-1.3080742879074871,0.09660363,0.009332262
6858,1,0,-1.312254,-1.0973182,-1.3158059344463862,0.00355196,1.261642e-05
6859,1,0,-1.320245,-1.1047087,-1.4128898349242065,0.09264481,0.008583061
6860,1,0,-1.4196265,-1.1943867,-1.318302544186687,0.10132396,0.010266545
6861,1,0,-1.3228233,-1.1070876,-1.3565614812405695,0.033738136,0.0011382619
6862,1,0,-1.3621831,-1.1430573,-1.4144485524090986,0.052265406,0.0027316727
6863,1,0,-1.421207,-1.19578,-1.4700901519846865,0.0488832,0.0023895672
6864,1,0,-1.4773362,-1.242862,-1.5607822912960567,0.083446145,0.006963259
6865,1,0,-1.5675344,-1.2566769,-1.578347125291884,0.01081264,0.00011691319
6866,1,0,-1.5848178,-1.2264862,-1.540492684020446,0.044325113,0.0019647158
6867,1,0,-1.5474954,-1.2918332,-1.4786279538905651,0.068867445,0.004742725
6868,1,0,-1.4858955,-1.2499237,-1.370645802739754,0.11524975,0.013282506
6869,1,0,-1.3766026,-1.1560714,-1.3337733170170298,0.042829275,0.0018343468
6870,1,0,-1.3387728,-1.1217408,-1.3657475374922785,0.026974797,0.0007276397
6871,1,0,-1.3715918,-1.1515594,-1.2399019730789842,0.13168979,0.0173422
6872,1,0,-1.2413111,-1.0305371,-1.06950583892116,0.17180526,0.029517049
6873,1,0,-1.0602779,-0.8509519,-0.8493684446763137,0.21090949,0.044482812
6874,1,0,-0.8470578,-0.59490395,-0.7771008910499844,0.0699569,0.004893968
6875,1,0,-0.77731013,-0.50681686,-0.9130089088648928,0.1356988,0.018414164
6876,1,0,-0.908026,-0.671221,-0.885411899547226,0.022614062,0.0005113958
6877,1,0,-0.88164115,-0.63830996,-0.982809052986536,0.10116792,0.010234947
6878,1,0,-0.9743881,-0.75295377,-0.9549754859813366,0.019412637,0.00037685045
6879,1,0,-0.9479909,-0.7206409,-1.129113047713441,0.18112218,0.032805245
6880,1,0,-1.1241984,-0.9158058,-1.0271008941105628,0.097097516,0.009427927
6881,1,0,-1.0162132,-0.80354166,-0.9846181395797896,0.03159505,0.0009982473
6882,1,0,-0.9761007,-0.75504017,-1.0098754851106455,0.033774853,0.0011407407
6883,1,0,-0.99997354,-0.78399324,-1.0134331029049777,0.013459563,0.00018115985
6884,1,0,-1.0033312,-0.788044,-0.9495621652156134,0.053768992,0.0028911044
6885,1,0,-0.9428463,-0.7143111,-1.0444728312333118,0.101626515,0.010327948
6886,1,0,-1.033247,-0.82308865,-0.9703328194658688,0.06291419,0.0039581954
6887,1,0,-0.96256614,-0.73851705,-1.0204191664490128,0.057852983,0.0033469677
6888,1,0,-1.009918,-0.79597855,-0.8683244236588812,0.14159358,0.020048741
6889,1,0,-0.865263,-0.61778736,-0.751355223514893,0.113907754,0.012974977
6890,1,0,-0.7523341,-0.47524166,-0.7770550283694004,0.024720907,0.0006111233
6891,1,0,-0.77726555,-0.5067606,-0.6277064965602976,0.14955908,0.022367919
6892,1,0,-0.63148785,-0.32456112,-0.7033321627996307,0.07184434,0.005161609
6893,1,0,-0.70557165,-0.41635203,-0.7760108564812169,0.07043922,0.0049616834
6894,1,0,-0.7762537,-0.505481,-0.953804491523064,0.1775508,0.031524286
6895,1,0,-0.9468777,-0.71927214,-0.8362604201421107,0.11061728,0.012236183
6896,1,0,-0.83444667,-0.5790167,-0.8461934611844764,0.011746764,0.00013798647
6897,1,0,-0.84400535,-0.5910611,-0.8289102627658935,0.015095055,0.00022786068
6898,1,0,-0.82736754,-0.5700867,-0.7656043205980776,0.061763227,0.003814696
6899,1,0,-0.7661648,-0.4927225,-0.7710875087994777,0.0049227476,2.4233444e-05
6900,1,0,-0.771482,-0.49944592,-0.8019387164443419,0.030456722,0.0009276119
6901,1,0,-0.8013425,-0.53721,-0.7998781716874062,0.0014643073,2.1441958e-06
6902,1,0,-0.7993505,-0.53469276,-0.7643959160015759,0.034954607,0.0012218246
6903,1,0,-0.7649927,-0.49124074,-0.8864137960040237,0.1214211,0.014743083
6904,1,0,-0.8826003,-0.63951063,-0.7860457922441983,0.09655452,0.009322775
6905,1,0,-0.7859719,-0.5177722,-0.9864480846632682,0.20047623,0.04019072
6906,1,0,-0.97783256,-0.75714946,-1.0504053846300443,0.07257283,0.0052668154
6907,1,0,-1.0396628,-0.8297243,-1.0278993321419292,0.0117634535,0.00013837883
6908,1,0,-1.0169652,-0.80444384,-1.0511992722627157,0.034234166,0.0011719781
6909,1,0,-1.0405209,-0.83061147,-1.2924531285651475,0.25193226,0.063469864
6910,1,0,-1.2960749,-1.0822723,-1.1605122108042738,0.13556266,0.018377235
6911,1,0,-1.1576154,-0.9490979,-1.2016605121307902,0.04404509,0.0019399701
6912,1,0,-1.201139,-0.99180055,-1.251287588844725,0.050148606,0.0025148827
6913,1,0,-1.2532194,-1.0418928,-1.2962900972926517,0.043070674,0.0018550829
6914,1,0,-1.3000529,-1.0859821,-1.4437264613144851,0.14367354,0.020642085
6915,1,0,-1.4508159,-1.2207882,-1.4845740341118523,0.033758163,0.0011396136
6916,1,0,-1.4918485,-1.254817,-1.3516781839754335,0.14017034,0.019647723
6917,1,0,-1.3571751,-1.1385157,-1.370371753440487,0.013196588,0.00017414993
6918,1,0,-1.3763227,-1.1558199,-1.3361068655677464,0.04021585,0.0016173145
6919,1,0,-1.3411744,-1.1239388,-1.2407479892653113,0.100426316,0.010085445
6920,1,0,-1.2421968,-1.0313842,-1.2593775703795056,0.0171808,0.0002951799
6921,1,0,-1.261666,-1.049912,-1.173643443639928,0.08802259,0.007747976
6922,1,0,-1.1715372,-0.9628408,-1.176521818183597,0.0049846172,2.484641e-05
6923,1,0,-1.1745851,-0.9658377,-1.2177274126455662,0.04314232,0.0018612597
6924,1,0,-1.2180493,-1.0081866,-1.1932833167338588,0.024765968,0.0006133532
6925,1,0,-1.192303,-0.98319316,-1.14352642347434,0.048776507,0.0023791476
6926,1,0,-1.1395597,-0.93116355,-1.2122530842676156,0.07269335,0.005284323
6927,1,0,-1.2122931,-1.0026228,-1.1502962344265346,0.061996937,0.0038436202
6928,1,0,-1.1467619,-0.9383328,-1.3142045009086971,0.16744256,0.028037012
6929,1,0,-1.3185909,-1.1031809,-1.1981163938276915,0.12047446,0.014514095
6930,1,0,-1.1974027,-0.9881644,-1.215526775862252,0.018124104,0.00032848312
6931,1,0,-1.2157364,-1.0059524,-1.1865815520394345,0.029154778,0.00085000106
6932,1,0,-1.1852248,-0.97627544,-1.1906474305693444,0.0054227114,2.9405799e-05
6933,1,0,-1.1895199,-0.9804759,-1.1950884665031607,0.0055686235,3.1009567e-05
6934,1,0,-1.1942079,-0.9850519,-1.1699700420456622,0.024237871,0.0005874744
6935,1,0,-1.1676464,-0.95900655,-1.2090925206653362,0.04144609,0.0017177784
6936,1,0,-1.2089667,-0.99940133,-0.9830393444304932,0.22592741,0.051043198
6937,1,0,-0.97460556,-0.75321937,-1.0909152712868124,0.11630976,0.0135279605
6938,1,0,-1.0833082,-0.87449145,-1.1370426826301316,0.05373442,0.002887388
6939,1,0,-1.1326544,-0.92427063,-1.3166025705852165,0.18394816,0.033836924
6940,1,0,-1.3210683,-1.1054683,-1.3006630111940312,0.020405293,0.00041637596
6941,1,0,-1.3045838,-1.0901988,-1.2947037907622838,0.009879947,9.7613345e-05
6942,1,0,-1.2984085,-1.0844495,-1.2142825009489244,0.084125996,0.007077183
6943,1,0,-1.2144277,-1.0046878,-1.2580763087884548,0.0436486,0.0019052003
6944,1,0,-1.2603087,-1.048625,-1.373037575116292,0.112728834,0.01270779
6945,1,0,-1.3790476,-1.1582699,-1.3541135519769725,0.024934053,0.000621707
6946,1,0,-1.359673,-1.1407821,-1.2430833451125096,0.116589665,0.01359315
6947,1,0,-1.2446406,-1.0337181,-1.3926036555934609,0.14796305,0.021893064
6948,1,0,-1.3990083,-1.1761212,-1.331904664148715,0.067103624,0.004502896
6949,1,0,-1.336849,-1.1199794,-1.3375208102743508,0.00067186356,4.5140064e-07
6950,1,0,-1.3426292,-1.1252685,-1.426439299670362,0.08381009,0.0070241312
6951,1,0,-1.433353,-1.2060916,-1.2957329724000952,0.13761997,0.018939257
6952,1,0,-1.2994754,-1.0854437,-1.2537933984184422,0.045682073,0.0020868517
6953,1,0,-1.255837,-1.0443809,-1.1810686563287809,0.074768305,0.0055902996
6954,1,0,-1.1793966,-0.9705632,-1.2845207232783644,0.105124116,0.01105108
6955,1,0,-1.2878411,-1.0745745,-1.075426342966976,0.21241474,0.045120023
6956,1,0,-1.0666544,-0.85748816,-1.0716226606202004,0.0049681664,2.4682677e-05
6957,1,0,-1.0625587,-0.85329103,-1.111296386444962,0.048737764,0.0023753697
6958,1,0,-1.1051583,-0.89664555,-1.1487705347270896,0.04361224,0.0019020276
6959,1,0,-1.1451395,-0.9367194,-1.1880585927593788,0.04291916,0.0018420542
6960,1,0,-1.1867859,-0.9778023,-1.3276048268248588,0.14081883,0.019829944
6961,1,0,-1.3324187,-1.1159165,-1.149489579731998,0.18292916,0.033463076
6962,1,0,-1.1459041,-0.93748045,-1.1109205178127608,0.034983516,0.0012238463
6963,1,0,-1.1047556,-0.89623857,-1.1574592176159229,0.05270362,0.0027776714
6964,1,0,-1.1543739,-0.9458878,-1.016674321604382,0.1376996,0.018961182
6965,1,0,-1.0063877,-0.791729,-0.8802354910675807,0.12615222,0.015914382
6966,1,0,-0.876683,-0.6321051,-0.9702219829572928,0.093539,0.008749545
6967,1,0,-0.96246076,-0.738389,-0.9373533517928272,0.025107384,0.0006303807
6968,1,0,-0.93123245,-0.6999867,-0.9101853888716368,0.021047056,0.00044297855
6969,1,0,-0.9053304,-0.6678686,-0.949157594016102,0.043827176,0.0019208214
6970,1,0,-0.9424617,-0.7138376,-0.883566592023906,0.05889511,0.003468634
6971,1,0,-0.87987447,-0.6360998,-0.9314934100929926,0.051618934,0.0026645144
6972,1,0,-0.92565274,-0.6930866,-1.0036462765719223,0.07799351,0.006082988
6973,1,0,-0.9940927,-0.77688456,-1.1162985617095127,0.12220585,0.014934271
6974,1,0,-1.1105094,-0.9020443,-1.1922914176249657,0.08178198,0.0066882926
6975,1,0,-1.191256,-0.98217106,-1.3003744306220293,0.10911834,0.011906813
6976,1,0,-1.304285,-1.089921,-1.22372451379871,0.080560565,0.0064900047
6977,1,0,-1.2243493,-1.0142629,-1.3155552482096406,0.091205955,0.008318526
6978,1,0,-1.3199868,-1.1044698,-1.2112206376610248,0.1087662,0.011830086
6979,1,0,-1.2112064,-1.0015712,-1.1338820061319046,0.07732439,0.005979061
6980,1,0,-1.1292846,-0.92090106,-0.9489948884097296,0.18028975,0.03250439
6981,1,0,-0.9423075,-0.71364784,-0.9673080741697831,0.025000572,0.0006250286
6982,1,0,-0.95969725,-0.73500514,-0.9623048004973058,0.0026075244,6.7991837e-06
6983,1,0,-0.95494986,-0.7291863,-0.9735362009852042,0.018586338,0.00034545193
6984,1,0,-0.9656029,-0.7422321,-0.9939513855572276,0.028348505,0.0008036378
6985,1,0,-0.984931,-0.76577854,-0.9741635648064468,0.0107674,0.000115936906
6986,1,0,-0.9661975,-0.74295783,-0.9960602397042022,0.029862761,0.0008917845
6987,1,0,-0.9869244,-0.76819825,-0.9734217245061264,0.013502657,0.00018232176
6988,1,0,-0.9654949,-0.7420993,-1.1007817921552765,0.13528693,0.018302552
6989,1,0,-1.0938952,-0.88524795,-1.1672411168098211,0.0733459,0.005379621
6990,1,0,-1.1647534,-0.9561541,-1.1091500449025848,0.055603385,0.0030917365
6991,1,0,-1.1028609,-0.89432335,-1.1947634329462633,0.091902494,0.0084460685
6992,1,0,-1.1938651,-0.9847176,-1.3378639825697216,0.14399898,0.020735707
6993,1,0,-1.3429818,-1.1255906,-1.3238725399732645,0.01910925,0.0003651634
6994,1,0,-1.3285708,-1.11238,-1.4195523728688235,0.09098148,0.00827763
6995,1,0,-1.4263804,-1.2001874,-1.4775900909741018,0.05120969,0.002622432
6996,1,0,-1.4848559,-1.2490675,-1.443416169495921,0.04143977,0.0017172546
6997,1,0,-1.4505032,-1.2205267,-1.4127180232825451,0.037785172,0.0014277193
6998,1,0,-1.4194522,-1.1942327,-1.4336539104488932,0.01420176,0.00020169
6999,1,0,-1.4406478,-1.2122471,-1.4688592990250335,0.028211474,0.0007958873
7000,1,0,-1.476101,-1.2418408,-1.4232776309613473,0.052823424,0.0027903141
7001,1,0,-1.4301534,-1.2033851,-1.4715652117152855,0.041411877,0.0017149436
7002,1,0,-1.478816,-1.2440853,-1.2730256036883012,0.2057904,0.04234969
7003,1,0,-1.2758887,-1.0633476,-1.3893083971092417,0.11341977,0.012864045
7004,1,0,-1.3956516,-1.173132,-1.535645876403276,0.13999426,0.019598395
7005,1,0,-1.5426959,-1.2960098,-1.509142255018992,0.0335536,0.0011258441
7006,1,0,-1.5163723,-1.2748177,-1.5480431441647031,0.03167081,0.0010030401
7007,1,0,-1.5549619,-1.2787137,-1.4423658512277917,0.112596035,0.012677867
7008,1,0,-1.4494437,-1.2196388,-1.2157740398041397,0.23366964,0.0546015
7009,1,0,-1.2159965,-1.0062039,-1.198755943507943,0.017240524,0.00029723567
7010,1,0,-1.1980767,-0.98882127,-1.3565988922408727,0.15852213,0.025129266
7011,1,0,-1.3622215,-1.1430919,-1.4846980735401647,0.12247658,0.015000512
7012,1,0,-1.4919726,-1.2549181,-1.5195018467425971,0.02752924,0.00075785903
7013,1,0,-1.5266777,-1.2831483,-1.6422295335636587,0.11555183,0.013352226
7014,1,0,-1.6471626,-1.1185181,-1.6792264908821106,0.03206396,0.0010280976
7015,1,0,-1.6828992,-1.057241,-1.6820865845145123,0.0008126497,6.6039956e-07
7016,1,0,-1.6856507,-1.052541,-1.5860445956248923,0.09960616,0.009921387
7017,1,0,-1.5923729,-1.2133279,-1.402730533459054,0.18964231,0.035964206
7018,1,0,-1.4093103,-1.1852703,-1.3282600945096417,0.08105028,0.0065691476
7019,1,0,-1.3330941,-1.1165359,-1.4094804524490017,0.07638633,0.005834872
7020,1,0,-1.4161665,-1.191334,-1.516529292614016,0.10036278,0.010072687
7021,1,0,-1.5237228,-1.2807636,-1.628838581960851,0.10511577,0.011049326
7022,1,0,-1.634161,-1.1409206,-1.5688406053770096,0.06532037,0.004266751
7023,1,0,-1.5754714,-1.2427998,-1.5050753539309498,0.070396066,0.004955606
7024,1,0,-1.5123205,-1.2715306,-1.4949602023557904,0.01736033,0.00030138105
7025,1,0,-1.5022305,-1.2633142,-1.697683521720284,0.19545305,0.038201895
7026,1,0,-1.700625,-1.0269966,-1.7775808579821406,0.076955914,0.0059222127
7027,1,0,-1.7765752,-0.89845395,-1.7760392181256934,0.00053596497,2.8725844e-07
7028,1,0,-1.7751216,-0.90089846,-1.7856318278006165,0.010510206,0.00011046443
7029,1,0,-1.7841572,-0.88570666,-1.7461251473767128,0.038032055,0.0014464372
7030,1,0,-1.7468259,-0.94861174,-1.7471464045635317,0.00032043457,1.02678314e-07
7031,1,0,-1.747795,-0.9469745,-1.8897407714682544,0.14194584,0.020148622
7032,1,0,-1.8810297,-0.72403264,-1.9229379579381447,0.041908264,0.0017563025
7033,1,0,-1.9114603,-0.67365193,-2.073959208492592,0.16249883,0.02640587
7034,1,0,-2.047081,-0.45097208,-2.0188056526859945,0.028275251,0.00079948985
7035,1,0,-1.9980867,-0.5311098,-1.9918672490381943,0.006219387,3.8680777e-05
7036,1,0,-1.9739326,-0.570735,-2.03351944083407,0.059586883,0.0035505965
7037,1,0,-2.0112176,-0.5096009,-2.0592386444470243,0.048021078,0.0023060238
7038,1,0,-2.0340643,-0.47223473,-1.9200016846608756,0.11406267,0.013010292
7039,1,0,-1.9087782,-0.67808723,-1.7409762979660952,0.16780186,0.028157463
7040,1,0,-1.7419381,-0.95687556,-1.748256207941948,0.0063180923,3.991829e-05
7041,1,0,-1.7488478,-0.9451964,-1.7004781876511543,0.048369646,0.0023396227
7042,1,0,-1.7033038,-1.0224364,-1.7185522573166836,0.015248418,0.00023251424
7043,1,0,-1.7205865,-0.9930539,-1.7882909363726296,0.06770444,0.004583891
7044,1,0,-1.7866586,-0.88150454,-1.7706339957395991,0.01602459,0.00025678746
7045,1,0,-1.7700218,-0.9094825,-1.717472649561378,0.052549124,0.0027614103
7046,1,0,-1.7195557,-0.9948027,-1.721668015295151,0.0021122694,4.4616822e-06
7047,1,0,-1.7235591,-0.9880104,-1.8476046041871683,0.12404549,0.015387284
7048,1,0,-1.8420855,-0.78877926,-1.7338070587234355,0.108278394,0.01172421
7049,1,0,-1.7351223,-0.96841097,-1.6024082799804114,0.13271403,0.017613014
7050,1,0,-1.6083944,-1.1854913,-1.5858447865160117,0.02254963,0.00050848577
7051,1,0,-1.5921769,-1.2136695,-1.6254865166050665,0.03330958,0.001109528
7052,1,0,-1.6309005,-1.1465466,-1.6145327214393914,0.016367793,0.00026790466
7053,1,0,-1.6202315,-1.1649857,-1.6639584458621697,0.04372692,0.0019120437
7054,1,0,-1.6681842,-1.0824225,-1.6634283128482752,0.0047558546,2.2618153e-05
7055,1,0,-1.667672,-1.0832989,-1.6864565420341748,0.018784523,0.0003528583
7056,1,0,-1.6898512,-1.0453656,-1.7050412416660643,0.0151901245,0.00023073988
7057,1,0,-1.7076727,-1.0149992,-1.70935466034801,0.0016819239,2.828868e-06
7058,1,0,-1.7117995,-1.0079832,-1.6120567507332402,0.09974277,0.009948621
7059,1,0,-1.6178163,-1.1691654,-1.6387354324541947,0.020919085,0.0004376081
7060,1,0,-1.6437734,-1.1243544,-1.5942214739357692,0.049551964,0.002455397
7061,1,0,-1.600385,-1.1993945,-1.573588413572398,0.02679658,0.0007180567
7062,1,0,-1.5801418,-1.2346451,-1.665665943213594,0.0855242,0.007314389
7063,1,0,-1.6698322,-1.0795996,-1.4274187998727452,0.2424134,0.058764257
7064,1,0,-1.4343443,-1.206929,-1.4834797517126166,0.049135447,0.0024142922
7065,1,0,-1.4907535,-1.2539172,-1.4826977046223118,0.008055806,6.489601e-05
7066,1,0,-1.4899709,-1.2532747,-1.5945071060304417,0.104536176,0.010927812
7067,1,0,-1.6006647,-1.1989093,-1.7788460265440345,0.17818129,0.03174857
7068,1,0,-1.7777671,-0.8964472,-1.703604999797161,0.07416201,0.005500003
7069,1,0,-1.7062984,-1.0173373,-1.766826033515149,0.060527682,0.0036636004
7070,1,0,-1.7664262,-0.9155388,-1.664356357362888,0.102069855,0.010418255
7071,1,0,-1.6685685,-1.0817642,-1.6387049708590276,0.029863477,0.0008918272
7072,1,0,-1.6437436,-1.124404,-1.591290646536516,0.05245304,0.0027513215
7073,1,0,-1.5975149,-1.2043834,-1.7184291144872774,0.12091422,0.014620249
7074,1,0,-1.7204689,-0.9932554,-1.8909055231466103,0.17043662,0.029048642
7075,1,0,-1.8821017,-0.72225523,-1.7284930317835734,0.15360868,0.023595627
7076,1,0,-1.7300645,-0.97697973,-1.707659877043295,0.02240467,0.00050196925
7077,1,0,-1.7101789,-1.0107381,-1.6623461398867423,0.047832727,0.00228797
7078,1,0,-1.6666279,-1.0850904,-1.6095403786432516,0.05708754,0.0032589873
7079,1,0,-1.6153607,-1.1734161,-1.5763383509337687,0.039022326,0.001522742
7080,1,0,-1.5828447,-1.2299285,-1.6320853848338663,0.04924071,0.0024246473
7081,1,0,-1.637317,-1.1354773,-1.4842554393052203,0.15306151,0.023427825
7082,1,0,-1.4915297,-1.2545545,-1.6182620285074665,0.12673235,0.016061088
7083,1,0,-1.6238668,-1.1586986,-1.4952732235731527,0.12859356,0.016536305
7084,1,0,-1.5025427,-1.2635694,-1.7594370433372315,0.25689435,0.06599471
7085,1,0,-1.7594397,-0.92731524,-1.6692240370655955,0.09021568,0.00813887
7086,1,0,-1.6732645,-1.0737226,-1.6463327931790614,0.026931763,0.00072531984
7087,1,0,-1.651139,-1.1116781,-1.6411423617385987,0.009996653,9.9933066e-05
7088,1,0,-1.6461083,-1.1203353,-1.6125669022215787,0.03354132,0.0011250202
7089,1,0,-1.618314,-1.1683028,-1.484218820656435,0.13409519,0.01798152
7090,1,0,-1.4914933,-1.2545245,-1.3954043189448817,0.096089005,0.009233097
7091,1,0,-1.4018598,-1.1786585,-1.3993604975687512,0.0024992228,6.2461145e-06
7092,1,0,-1.4058845,-1.1822329,-1.4252078430726445,0.019323349,0.0003733918
7093,1,0,-1.4321067,-1.2050383,-1.4581767245226454,0.026069999,0.0006796448
7094,1,0,-1.4653692,-1.2329383,-1.5387760362306278,0.073406816,0.0053885607
7095,1,0,-1.5457953,-1.2948213,-1.3054250906333986,0.24037027,0.057777867
7096,1,0,-1.3095133,-1.0947771,-1.374898217951217,0.065384865,0.0042751804
7097,1,0,-1.3809493,-1.1599772,-1.462100132204918,0.08115089,0.0065854667
7098,1,0,-1.4693123,-1.2362156,-1.4549825709025686,0.014329791,0.0002053429
7099,1,0,-1.462155,-1.2302628,-1.458876315965709,0.003278613,1.0749304e-05
7100,1,0,-1.4660721,-1.2335229,-1.3817964800120666,0.0842756,0.0071023772
7101,1,0,-1.3879924,-1.1662903,-1.396690611614669,0.008698225,7.565912e-05
7102,1,0,-1.4031684,-1.1798215,-1.409339690006806,0.0061712265,3.8084036e-05
7103,1,0,-1.4160237,-1.1912084,-1.565402828110597,0.14937913,0.022314126
7104,1,0,-1.5720869,-1.2487133,-1.611477434358921,0.039390445,0.0015516072
7105,1,0,-1.6172513,-1.1701431,-1.5480785972933944,0.06917262,0.0047848513
7106,1,0,-1.5549964,-1.2786517,-1.6982080142539135,0.1432116,0.020509563
7107,1,0,-1.7011282,-1.02614,-1.7053736282044132,0.0042454004,1.8023426e-05
7108,1,0,-1.7079911,-1.0144584,-1.8020569733430536,0.094065905,0.008848394
7109,1,0,-1.7995863,-0.8598137,-1.829514198263918,0.02992785,0.0008956762
7110,1,0,-1.8252555,-0.81685853,-1.8890230052854264,0.06376743,0.0040662857
7111,1,0,-1.8803694,-0.72512865,-1.97386056317063,0.0934912,0.008740604
7112,1,0,-1.9577051,-0.5974066,-1.7345949502187683,0.2231102,0.04977816
7113,1,0,-1.7358719,-0.96714115,-1.5739443107822009,0.16192758,0.026220541
7114,1,0,-1.5804908,-1.2340355,-1.5136296802504792,0.06686115,0.0044704136
7115,1,0,-1.5208391,-1.2784333,-1.5289702815649089,0.008131146,6.611554e-05
7116,1,0,-1.5360788,-1.2907093,-1.5879753398213272,0.051896572,0.0026932543
7117,1,0,-1.5942652,-1.2100348,-1.7715722530260647,0.17730701,0.031437777
7118,1,0,-1.7709078,-0.90799093,-1.7914358977567455,0.020528197,0.00042140688
7119,1,0,-1.7896155,-0.87653947,-1.8176626353530088,0.028047085,0.000786639
7120,1,0,-1.8141937,-0.8353491,-1.7098915585287784,0.10430217,0.010878942
7121,1,0,-1.7123132,-1.0071082,-1.752070577356898,0.03975737,0.0015806486
7122,1,0,-1.7524638,-0.9390869,-1.984968879561905,0.23250508,0.054058615
7123,1,0,-1.9677236,-0.580935,-1.991574640522101,0.023851037,0.00056887197
7124,1,0,-1.9736696,-0.57116747,-1.8513210302169685,0.122348666,0.014969196
7125,1,0,-1.8455353,-0.783031,-1.8851988782832396,0.039663553,0.0015731974
7126,1,0,-1.8768495,-0.73096824,-1.9501600373863104,0.073310494,0.005374429
7127,1,0,-1.936247,-0.63274145,-2.0669569164241497,0.13071,0.017085105
7128,1,0,-2.0408945,-0.46107483,-2.1982800851444813,0.15738559,0.024770223
7129,1,0,-2.155263,-0.27497268,-2.181537295762868,0.026274443,0.00069034635
7130,1,0,-2.1408758,-0.29831886,-2.2596762746611048,0.1188004,0.014113535
7131,1,0,-2.207539,-0.19027376,-2.2054857415253,0.0020532608,4.21588e-06
7132,1,0,-2.1614373,-0.26495862,-2.173767883825533,0.012330532,0.00015204202
7133,1,0,-2.1341796,-0.3091879,-2.181218134723804,0.047038555,0.0022126257
7134,1,0,-2.1406007,-0.29876494,-2.3412482719383982,0.20064759,0.040259458
7135,1,0,-2.2758224,-0.07987499,-2.088718804231981,0.18710351,0.035007723
7136,1,0,-2.0600877,-0.42975044,-2.2239245768464926,0.16383696,0.026842548
7137,1,0,-2.1771903,-0.23942494,-1.9909507544684195,0.1862396,0.034685187
7138,1,0,-1.9731084,-0.5720897,-2.145230869738026,0.17212236,0.029626107
7139,1,0,-2.1094823,-0.34931588,-2.2100141843146184,0.10053182,0.010106646
7140,1,0,-2.1653125,-0.2586758,-2.123056709376136,0.04225588,0.0017855592
7141,1,0,-2.0901775,-0.38072228,-2.2941889552816024,0.20401144,0.041620668
7142,1,0,-2.2365923,-0.14327383,-2.2094641374931387,0.02712822,0.0007359403
7143,1,0,-2.164842,-0.25943923,-2.0900052296674887,0.07483673,0.0056005362
7144,1,0,-2.0612192,-0.4279034,-2.1870433672705,0.12582421,0.015831733
7145,1,0,-2.1456132,-0.2906294,-2.5555280182454867,0.40991473,0.16803008
7146,1,0,-2.4488802,0.19938445,-2.707836862249443,0.25895667,0.067058556
7147,1,0,-2.5664039,0.38911843,-2.764687907358989,0.19828415,0.039316602
7148,1,0,-2.6091228,0.4581883,-2.638244798491933,0.029122114,0.00084809755
7149,1,0,-2.5132651,0.30328655,-2.5900055034818266,0.076740265,0.0058890684
7150,1,0,-2.4758787,0.24294567,-2.736230547425988,0.2603519,0.06778311
7151,1,0,-2.5878172,0.42373013,-2.618653963065567,0.03083682,0.0009509095
7152,1,0,-2.4981365,0.27886677,-2.6828180818841565,0.18468165,0.034107313
7153,1,0,-2.5474079,0.35842586,-2.7015468470645807,0.15413904,0.023758844
7154,1,0,-2.5616395,0.38141823,-2.65928344295399,0.09764385,0.009534322
7155,1,0,-2.5294287,0.32938695,-2.6458620999068434,0.11643338,0.013556733
7156,1,0,-2.5191271,0.31275177,-2.67467688342373,0.15554976,0.024195729
7157,1,0,-2.5412006,0.34839845,-2.6563430663619174,0.115142345,0.01325776
7158,1,0,-2.5271747,0.32574487,-2.71741819273285,0.19024348,0.03619258
7159,1,0,-2.5736475,0.40082455,-2.6289337025600577,0.05528617,0.0030565604
7160,1,0,-2.5060837,0.2916956,-2.5801386408054565,0.07405496,0.0054841368
7161,1,0,-2.4681761,0.23051667,-2.337061275349652,0.13111496,0.017191133
7162,1,0,-2.2723503,-0.085483074,-2.2178665516811544,0.054483652,0.0029684682
7163,1,0,-2.172022,-0.24780011,-2.3486719885141083,0.17664981,0.031205155
7164,1,0,-2.2819705,-0.06994367,-2.3823262736028687,0.10035586,0.010071299
7165,1,0,-2.3097045,-0.025161982,-2.448394990357554,0.13869047,0.019235047
7166,1,0,-2.363494,0.061641693,-2.5759428461900544,0.21244884,0.045134507
7167,1,0,-2.4648948,0.22522116,-2.566411464998769,0.10151672,0.010305645
7168,1,0,-2.4574273,0.21317458,-2.5013161705692157,0.043888807,0.0019262274
7169,1,0,-2.4059558,0.1301403,-2.552304905072048,0.14634919,0.021418085
7170,1,0,-2.4463441,0.19529152,-2.4795941345501484,0.033250093,0.0011055687
7171,1,0,-2.3885942,0.10213113,-2.548695216867148,0.16010118,0.025632387
7172,1,0,-2.4435017,0.19070554,-2.497767796262723,0.054265976,0.002944796
7173,1,0,-2.4031258,0.12557411,-2.6264326139761414,0.2233069,0.04986597
7174,1,0,-2.5041523,0.28857684,-2.687355772097908,0.18320346,0.033563506
7175,1,0,-2.550863,0.3640058,-2.6517058969475795,0.10084295,0.010169301
7176,1,0,-2.5236166,0.32000065,-2.551431288337725,0.027814627,0.00077365345
7177,1,0,-2.445657,0.1941812,-2.527558762564758,0.08190179,0.006707903
7178,1,0,-2.4268062,0.16377306,-2.586756065162166,0.15994978,0.025583932
7179,1,0,-2.4733438,0.23885489,-2.4594817660255326,0.013862133,0.00019215874
7180,1,0,-2.3724356,0.07606673,-2.3871317875896385,0.014696121,0.00021597598
7181,1,0,-2.3136463,-0.018798113,-2.3678485837795744,0.05420232,0.0029378913
7182,1,0,-2.2978015,-0.044377804,-2.290414194041752,0.0073873997,5.4573673e-05
7183,1,0,-2.2334263,-0.1483953,-2.3559810286884937,0.12255478,0.015019674
7184,1,0,-2.288013,-0.060184956,-2.21260414003746,0.075408936,0.0056865076
7185,1,0,-2.1675272,-0.25508547,-2.1976089307464024,0.030081749,0.0009049116
7186,1,0,-2.1546874,-0.27590847,-2.361267231216276,0.20657992,0.042675264
7187,1,0,-2.2923765,-0.05313754,-2.225904603019702,0.066471815,0.004418502
7188,1,0,-2.1788778,-0.23669028,-2.22766403515113,0.048786163,0.0023800898
7189,1,0,-2.1803765,-0.23426199,-2.160876332518571,0.019500256,0.00038025997
7190,1,0,-2.123043,-0.3272779,-2.217255013033338,0.094212055,0.008875911
7191,1,0,-2.1715004,-0.24864554,-2.1468333628142213,0.024667025,0.0006084621
7192,1,0,-2.1108732,-0.34705472,-2.073451943667804,0.037421227,0.0014003481
7193,1,0,-2.046633,-0.45170498,-2.1187808624257,0.072147846,0.005205312
7194,1,0,-2.0864444,-0.3868003,-2.123589002689648,0.03714466,0.0013797259
7195,1,0,-2.0906422,-0.37996387,-2.0905244864947496,0.00011777878,1.3871841e-08
7196,1,0,-2.061676,-0.42716002,-2.1136582455089523,0.051982164,0.0027021454
7197,1,0,-2.0819654,-0.39409447,-2.334265827954578,0.25230026,0.06365542
7198,1,0,-2.27003,-0.0892303,-2.332502237718495,0.062472105,0.0039027638
7199,1,0,-2.2685652,-0.09159708,-2.498057706010633,0.22949243,0.052666772
7200,1,0,-2.403357,0.12594771,-2.421265111844796,0.017908096,0.0003206999
7201,1,0,-2.3415115,0.026174307,-2.269899523214891,0.07161188,0.0051282616
7202,1,0,-2.2161698,-0.1763084,-2.46213097074314,0.24596119,0.060496908
7203,1,0,-2.374568,0.079508305,-2.3576037703903667,0.016964197,0.00028778397
7204,1,0,-2.289353,-0.058019638,-2.4208083668298093,0.13145542,0.017280528
7205,1,0,-2.34114,0.025573969,-2.535976218715287,0.19483614,0.03796112
7206,1,0,-2.433466,0.17451644,-2.392422694248092,0.04104328,0.001684551
7207,1,0,-2.3179805,-0.011802435,-2.4220940013391385,0.10411358,0.010839637
7208,1,0,-2.3421853,0.027259827,-2.433866332868284,0.091681,0.008405406
7209,1,0,-2.3517404,0.04267788,-2.405211741606932,0.053471327,0.002859183
7210,1,0,-2.328435,0.0050725937,-2.427384473655965,0.09894943,0.0097909905
7211,1,0,-2.3464828,0.034195185,-2.485981765269774,0.13949895,0.019459957
7212,1,0,-2.3937087,0.1103847,-2.6159671910114786,0.22225857,0.04939887
7213,1,0,-2.496056,0.2755084,-2.5729502613733244,0.07689428,0.005912731
7214,1,0,-2.462552,0.22144103,-2.634287728908372,0.17173576,0.029493172
7215,1,0,-2.5102153,0.2983632,-2.546555161371557,0.03633976,0.0013205782
7216,1,0,-2.4418154,0.18798423,-2.7210687158435207,0.27925324,0.07798237
7217,1,0,-2.5764024,0.4052775,-2.599058510375976,0.022656202,0.0005133035
7218,1,0,-2.4829297,0.254323,-2.55909264348951,0.07616305,0.0058008106
7219,1,0,-2.4516826,0.2039032,-2.537973978128462,0.08629131,0.007446191
7220,1,0,-2.435044,0.17706323,-2.6064107366943183,0.17136669,0.029366544
7221,1,0,-2.488644,0.26354623,-2.653542834477609,0.16489887,0.027191639
7222,1,0,-2.5250268,0.3222785,-2.652428649639976,0.12740183,0.016231226
7223,1,0,-2.5241716,0.3208971,-2.5245943965666062,0.00042271614,1.7868894e-07
7224,1,0,-2.424458,0.15998459,-2.5758490402771903,0.15139103,0.022919243
7225,1,0,-2.4648216,0.22510219,-2.592905586851997,0.12808394,0.016405497
7226,1,0,-2.478139,0.24659324,-2.598193604759521,0.12005472,0.014413136
7227,1,0,-2.482257,0.2532375,-2.45303294177292,0.029223919,0.0008540374
7228,1,0,-2.3672373,0.06768203,-2.36848769571805,0.001250267,1.5631676e-06
7229,1,0,-2.2983274,-0.043528557,-2.406167143030297,0.107839584,0.011629376
7230,1,0,-2.3292146,0.0063295364,-2.464728211405922,0.13551354,0.018363921
7231,1,0,-2.3766582,0.08287978,-2.4904300254193976,0.113771915,0.012944049
7232,1,0,-2.3972666,0.11612177,-2.4436010477772387,0.046334505,0.0021468864
7233,1,0,-2.359621,0.055392504,-2.4634360671487303,0.10381508,0.01077757
7234,1,0,-2.375619,0.08120084,-2.613930543053937,0.23831153,0.056792386
7235,1,0,-2.4944773,0.27296114,-2.646565995481754,0.15208864,0.023130955
7236,1,0,-2.519668,0.31362605,-2.630389564014129,0.11072135,0.012259217
7237,1,0,-2.5072083,0.29350972,-2.710533921045544,0.20332551,0.041341264
7238,1,0,-2.568445,0.39241624,-2.739753698751794,0.17130876,0.02934669
7239,1,0,-2.590463,0.42800975,-2.8621298725565323,0.271667,0.07380296
7240,1,0,-2.6809096,0.5744364,-2.933056778665106,0.2521472,0.06357821
7241,1,0,-2.732038,0.65739703,-2.9875496786685907,0.25551176,0.06528626
7242,1,0,-2.7706833,0.7202108,-3.1362688884729795,0.36558557,0.1336528
7243,1,0,-2.8733845,0.88762975,-3.06290376465732,0.1895194,0.035917606
7244,1,0,-2.823223,0.80576587,-3.2554124210207567,0.43218923,0.18678753
7245,1,0,-2.9527957,1.0176337,-3.238410425894155,0.28561473,0.08157577
7246,1,0,-2.9416168,0.9993031,-3.227645717553928,0.28602886,0.08181251
7247,1,0,-2.934513,0.98766017,-3.3366555386006067,0.40214252,0.1617186
7248,1,0,-3.0055168,1.1042297,-3.437145033691444,0.43162823,0.18630293
7249,1,1,-3.0691583,1.2090824,3.0440369364999778,6.1131954,37.37116
7250,1,1,3.084463,3.0355532,-2.75934232126442,5.8438053,34.15006
7251,0,1,2.2538593,0.45173144,2.486049791902317,0.23219061,0.05391248
7252,0,1,-2.210652,2.428017,-2.203608168762662,0.0070438385,4.961566e-05
7253,0,1,1.8972476,-0.2675662,2.017671128306295,0.120423555,0.014501832
7254,0,1,-1.8026745,1.9057643,-1.8002477587658858,0.0024267435,5.889084e-06
7255,0,1,1.5938585,-0.86265826,1.640749461903798,0.046890974,0.0021987634
7256,0,1,-1.4539716,1.4785903,-1.4412695929691064,0.012701988,0.0001613405
7257,0,1,1.2959936,-1.2187107,1.3331409384004504,0.037147403,0.0013799295
7258,0,1,-1.1964188,1.131531,-1.2574038870757818,0.06098509,0.003719181
7259,0,1,1.1341531,-1.0479593,1.082828636560833,0.051324487,0.0026342028
7260,0,1,-0.9812701,0.8510206,-0.9856298960145384,0.0043598413,1.9008217e-05
7261,0,1,0.8855479,-0.7562065,1.0231075380344303,0.13755965,0.018922659
7262,0,1,-0.9292402,0.78252244,-0.9142385280277572,0.015001714,0.00022505142
7263,0,1,0.8234322,-0.67268014,0.7445325713372379,0.07889962,0.0062251505
7264,0,1,-0.6818278,0.46737552,-0.6701222664272248,0.011705518,0.00013701915
7265,0,1,0.6114037,-0.3758161,0.5953565228736912,0.01604718,0.00025751197
7266,0,1,-0.54667807,0.3018558,-0.6066972809618933,0.060019195,0.0036023038
7267,0,1,0.5552001,-0.2994964,0.7667638858950903,0.21156377,0.04475923
7268,0,1,-0.70182705,0.49224472,-0.7678732883635924,0.06604624,0.0043621054
7269,0,1,0.69716907,-0.4955051,0.7948180696501495,0.09764898,0.009535323
7270,0,1,-0.72700787,0.5236993,-0.6994945197333391,0.027513325,0.00075698306
7271,0,1,0.63728786,-0.41165662,0.663350377124615,0.026062548,0.0006792564
7272,0,1,-0.6084738,0.377002,-0.6157878899191855,0.007314086,5.3495853e-05
7273,0,1,0.5632813,-0.31031013,0.7806670174735628,0.21738571,0.047256548
7274,0,1,-0.7143142,0.5078225,-0.7244704883111064,0.010156274,0.0001031499
7275,0,1,0.6592219,-0.44225502,0.5980469666032646,0.06117493,0.003742372
7276,0,1,-0.549129,0.3048203,-0.5960687809396035,0.04693979,0.002203344
7277,0,1,0.54574203,-0.28692055,0.6976068203700589,0.15186477,0.023062907
7278,0,1,-0.6394863,0.41505122,-0.6525683023262725,0.013081968,0.00017113789
7279,0,1,0.5958903,-0.35451627,0.6796136897891674,0.083723426,0.007009612
7280,0,1,-0.62320733,0.39505124,-0.5796626676095031,0.04354465,0.0018961366
7281,0,1,0.53112054,-0.26766658,0.4411771143688625,0.08994344,0.008089822
7282,0,1,-0.40555286,0.13338089,-0.4013589808955959,0.004193872,1.7588563e-05
7283,0,1,0.3706665,-0.079072475,0.3566414717539627,0.0140250325,0.00019670154
7284,0,1,-0.327713,0.042179823,-0.3008168043936261,0.026896209,0.00072340603
7285,0,1,0.27912283,-0.0007958412,0.402381006065772,0.12325817,0.015192578
7286,0,1,-0.36986303,0.09142017,-0.2842643831233942,0.08559865,0.0073271287
7287,0,1,0.26399136,0.009260893,0.2203266869150701,0.043664664,0.0019066029
7288,0,1,-0.2017479,-0.09441948,-0.1182450140373005,0.08350288,0.006972731
7289,0,1,0.11146808,0.039850473,0.1046247560666069,0.006843321,4.6831043e-05
7290,0,1,-0.094617605,-0.08164239,-0.1364625935490009,0.041844994,0.0017510036
7291,0,1,0.12826133,0.042052984,0.08415077736284,0.04411055,0.0019457408
7292,0,1,-0.07565737,-0.079426765,-0.0510155952639594,0.02464177,0.00060721685
7293,0,1,0.049405098,0.018912554,-0.0267295014520261,0.0761346,0.005796477
7294,0,1,0.026957035,0.0062015057,0.0492985724950698,0.022341538,0.0004991443
7295,0,1,-0.04338765,-0.051835775,0.0147854408125396,0.05817309,0.0033841084
7296,0,1,-0.011443853,-0.022041798,0.1330436788687494,0.14448753,0.020876646
7297,0,1,-0.12093687,-0.08561349,-0.0676346218785344,0.05330225,0.00284113
7298,0,1,0.06475878,0.026013136,0.1709501206650716,0.10619134,0.0112766
7299,0,1,-0.156039,-0.09254813,-0.108751378852351,0.04728762,0.002236119
7300,0,1,0.10271168,0.038131,0.2412198601258164,0.13850819,0.019184517
7301,0,1,-0.22107935,-0.080951214,-0.0893482313956282,0.13173112,0.01735309
7302,0,1,0.08480787,0.033367395,0.2460828420386973,0.16127497,0.026009616
7303,0,1,-0.22557855,-0.075797796,-0.2699581186791597,0.044379562,0.0019695456
7304,0,1,0.2508998,0.017211676,0.0330122501273009,0.21788755,0.047474984
7305,0,1,-0.028312445,-0.037061214,0.0245024533609061,0.052814897,0.0027894133
7306,0,1,-0.020436049,-0.029850245,-0.0447241070964312,0.024288058,0.0005899098
7307,0,1,0.043591022,0.015888453,-0.1188154576755895,0.16240647,0.026375864
7308,0,1,0.11199403,0.039941788,-0.0144080663893593,0.1264021,0.015977489
7309,0,1,0.015563488,-0.0013189316,-0.0366269073491865,0.052190397,0.0027238375
7310,0,1,0.036106825,0.011719465,0.1384881398750357,0.10238132,0.010481934
7311,0,1,-0.12597942,-0.086494684,-0.1979442800655833,0.07196486,0.005178941
7312,0,1,0.18484282,0.039287567,0.013023074536568,0.17181975,0.029522026
7313,0,1,-0.009812593,-0.02067542,-0.0358249697302297,0.026012376,0.0006766437
7314,0,1,0.03536606,0.011289597,0.0769037370598457,0.04153768,0.0017253788
7315,0,1,-0.06894636,-0.078772545,-0.1378091535952439,0.068862796,0.0047420845
7316,0,1,0.12950158,0.042158842,0.0988515013518456,0.03065008,0.00093942735
7317,0,1,-0.089271545,-0.08096242,-0.0554136596648522,0.033857886,0.0011463565
7318,0,1,0.05346942,0.020917892,0.0461265826108459,0.0073428378,5.3917265e-05
7319,0,1,-0.04045105,-0.048858643,-0.093617261600595,0.05316621,0.002826646
7320,0,1,0.08874798,0.03456068,0.2423536055549444,0.15360563,0.023594689
7321,0,1,-0.22212934,-0.0797503,-0.1540535718283422,0.068075776,0.0046343114
7322,0,1,0.14446568,0.042837143,0.064574711691911,0.079890974,0.006382568
7323,0,1,-0.057531357,-0.06684971,-0.0222993864416531,0.03523197,0.0012412918
7324,0,1,0.022860527,0.003581524,0.1096373448726493,0.086776815,0.0075302157
7325,0,1,-0.09926057,-0.082267046,-0.0715670521105704,0.027693518,0.0007669309
7326,0,1,0.06839156,0.027505875,0.0390457065811933,0.029345855,0.0008611792
7327,0,1,-0.03389716,-0.0423851,0.0599183940843461,0.09381555,0.008801358
7328,0,1,-0.053220272,-0.06215477,-0.0877633220502183,0.034543052,0.0011932225
7329,0,1,0.08334541,0.032904148,0.1480226574833496,0.06467724,0.0041831452
7330,0,1,-0.13480854,-0.08812976,-0.2584414704855899,0.12363294,0.015285104
7331,0,1,0.24035358,0.022497416,0.2187923887531737,0.02156119,0.00046488494
7332,0,1,-0.20032859,-0.09505868,-0.1524986994541803,0.047829896,0.002287699
7333,0,1,0.14303398,0.04281926,0.2225533860116226,0.079519406,0.0063233357
7334,0,0,-0.20380902,-0.09349632,0.2248179004656108,0.42862692,0.18372104
7335,0,0,-0.20590448,-0.092556715,0.2078858038582272,0.4137903,0.1712224
7336,0,0,-0.19023418,-0.09960747,0.3704321513063005,0.5606663,0.31434673
7337,0,0,-0.34042835,0.05699849,0.2789951649521605,0.6194235,0.38368547
7338,1,0,0.28131294,-0.040833473,0.2091776365828579,0.0721353,0.0052035013
7339,1,0,0.2098062,-0.099066734,0.3439668755411005,0.13416067,0.017999085
7340,1,0,0.34793663,0.028578997,0.4855675979517251,0.13763097,0.018942283
7341,1,0,0.49016857,0.18160725,0.5363742360440953,0.04620564,0.002134961
7342,1,0,0.5407059,0.23708439,0.7892107847163845,0.24850488,0.061754674
7343,1,0,0.79229283,0.5174055,0.729551554399412,0.06274128,0.003936468
7344,1,0,0.732949,0.4506464,0.612054658757788,0.12089437,0.014615449
7345,1,0,0.6160176,0.32026434,0.6597099682422294,0.04369241,0.0019090266
7346,1,0,0.66344714,0.37296653,0.5758443987158732,0.087602735,0.007674239
7347,1,0,0.5799806,0.28038573,0.5435581188013487,0.03642249,0.0013265979
7348,1,0,0.5478537,0.2449534,0.5600400266313157,0.012186289,0.00014850564
7349,1,0,0.56425357,0.26302624,0.4115896813494415,0.15266389,0.023306262
7350,1,0,0.4166355,0.10136366,0.4585874465155992,0.041951925,0.0017599639
7351,1,0,0.46334267,0.15226793,0.6214582139730704,0.15811557,0.025000531
7352,1,0,0.62537646,0.3306439,0.4051733218161715,0.22020313,0.048489418
7353,1,0,0.41026235,0.09443307,0.4878607026591028,0.07759836,0.006021506
7354,1,0,0.49244928,0.18410492,0.5538571092536224,0.061407804,0.0037709184
7355,1,0,0.55810094,0.25624347,0.5213102681257502,0.03679067,0.0013535534
7356,1,0,0.5257201,0.22060537,0.4707736123819219,0.054946512,0.0030191191
7357,1,0,0.47545815,0.16550899,0.4926425034383617,0.017184347,0.00029530178
7358,1,0,0.49720478,0.18931484,0.2450234831202253,0.2521813,0.06359541
7359,1,0,0.24650669,-0.076919794,0.1657159739078761,0.08079071,0.0065271393
7360,1,0,0.16534877,-0.09147835,0.2443612995595283,0.07901253,0.00624298
7361,1,0,0.24582863,-0.0776217,0.2864487871856829,0.04062015,0.0016499964
7362,1,0,0.2889526,-0.032895565,0.2144413791994268,0.074511215,0.005551921
7363,1,0,0.21519327,-0.096869946,0.2045772923171944,0.010615975,0.000112698915
7364,1,0,0.20509791,-0.100280285,0.2022995710109394,0.0027983487,7.830755e-06
7365,1,0,0.20276713,-0.09970927,0.1052924312139387,0.0974747,0.0095013175
7366,1,0,0.10362911,-0.081724405,0.1178915193849152,0.014262408,0.00020341628
7367,1,0,0.11648965,-0.08336592,0.1000761104325329,0.01641354,0.0002694043
7368,1,0,0.098306656,-0.08110356,0.1584793932151553,0.060172737,0.0036207582
7369,1,0,0.15795135,-0.0900588,0.0190348516459866,0.1389165,0.019297795
7370,1,0,0.015731096,-0.025401115,-0.0591390535222271,0.074870154,0.00560554
7371,1,0,-0.06367707,0.02254486,-0.1629058992400622,0.09922883,0.00984636
7372,1,0,-0.16864038,0.042743444,-0.1887451365888099,0.020104766,0.00040420162
7373,1,0,-0.19468999,0.04066205,-0.2328277489041665,0.038137764,0.0014544891
7374,1,0,-0.23904467,0.03119564,-0.2921902704860755,0.053145617,0.0028244567
7375,1,0,-0.29858732,0.0045571327,-0.4003638687138329,0.10177654,0.010358464
7376,1,0,-0.40649557,-0.07817149,-0.3340293432369021,0.072466224,0.0052513536
7377,1,0,-0.34041882,-0.023572206,-0.3382882445850614,0.002130568,4.5393203e-06
7378,1,0,-0.34467006,-0.02672863,-0.4630386847224672,0.118368626,0.014011132
7379,1,0,-0.46863317,-0.13881993,-0.4323103206088103,0.036322862,0.0013193503
7380,1,0,-0.43820453,-0.108133316,-0.5803230703623323,0.14211857,0.02019769
7381,1,0,-0.5848048,-0.26843762,-0.4104996186094287,0.17430514,0.030382283
7382,1,0,-0.41656375,-0.08744526,-0.2370622227070518,0.17950153,0.0322208
7383,1,0,-0.243299,0.029913187,-0.391600934577037,0.14830193,0.021993462
7384,1,0,-0.39778423,-0.070337534,-0.2768217345911643,0.1209625,0.014631926
7385,1,0,-0.28319335,0.013484478,-0.322267296252543,0.039073944,0.0015267731
7386,1,0,-0.3286705,-0.015125275,-0.3501702733069902,0.021499783,0.00046224066
7387,1,0,-0.35652542,-0.035805225,-0.3120366313018841,0.044488788,0.0019792523
7388,1,0,-0.3184445,-0.008113861,-0.3572441432338564,0.038799644,0.0015054124
7389,1,0,-0.36357808,-0.041390657,-0.4455916921417389,0.08201361,0.006726232
7390,1,0,-0.45136547,-0.12118769,-0.3460667106554602,0.10529876,0.011087828
7391,1,0,-0.352432,-0.032625914,-0.3358821152826992,0.016549885,0.0002738987
7392,1,0,-0.34226823,-0.024938822,-0.3905214469601348,0.04825321,0.002328372
7393,1,0,-0.39671087,-0.06938434,-0.3321961395630768,0.06451473,0.00416215
7394,1,0,-0.33858824,-0.022229195,-0.4604635776450352,0.121875346,0.0148535995
7395,1,0,-0.4660859,-0.13618445,-0.4265454544711318,0.03954047,0.0015634487
7396,1,0,-0.43248844,-0.10257244,-0.4271982040367477,0.00529024,2.798664e-05
7397,1,0,-0.433136,-0.10319853,-0.5002037336244478,0.06706774,0.004498082
7398,1,0,-0.50542927,-0.17801547,-0.6142471747756519,0.108817935,0.011841343
7399,1,0,-0.6182482,-0.30847383,-0.574386620895353,0.043861628,0.0019238424
7400,1,0,-0.57894206,-0.26151943,-0.6422378330479814,0.06329578,0.004006356
7401,1,0,-0.64576364,-0.34203553,-0.6492489809330331,0.003485322,1.21474695e-05
7402,1,0,-0.6526449,-0.35050058,-0.5402380126787749,0.11240685,0.0126353
7403,1,0,-0.5451596,-0.22233987,-0.4922395053586377,0.052920073,0.0028005342
7404,1,0,-0.49750996,-0.1694436,-0.5215094446736073,0.023999512,0.00057597656
7405,1,0,-0.52658916,-0.20136285,-0.3284798546388687,0.1981093,0.039247293
7406,1,0,-0.33487725,-0.019536018,-0.1941279258516655,0.14074932,0.019810371
7407,1,0,-0.20011234,0.039897442,-0.2036667272704044,0.0035543889,1.263368e-05
7408,1,0,-0.20971656,0.03826976,-0.3699280513789476,0.1602115,0.025667725
7409,1,0,-0.37621593,-0.051735878,-0.4509748529112802,0.07475892,0.0055888956
7410,1,0,-0.45669556,-0.12657118,-0.4786396431908732,0.021944076,0.00048154246
7411,1,0,-0.4840541,-0.15501714,-0.6634041148676113,0.17935002,0.03216643
7412,1,0,-0.6665242,-0.3676517,-0.5950233944764993,0.07150078,0.005112361
7413,1,0,-0.59930944,-0.28568769,-0.5989601690584809,0.00034928322,1.2199877e-07
7414,1,0,-0.6031904,-0.2903335,-0.682520957335436,0.07933056,0.0062933383
7415,1,0,-0.6852379,-0.3909197,-0.9723493909580428,0.28711152,0.08243302
7416,1,0,-0.964478,-0.7408564,-0.9794669652323428,0.014988959,0.00022466888
7417,1,0,-0.9712229,-0.749094,-1.0164683583320122,0.04524553,0.0020471578
7418,1,0,-1.0061934,-0.79149485,-1.1089862670310184,0.10279286,0.0105663715
7419,1,0,-1.1026852,-0.8941474,-0.8980218594537113,0.20466334,0.041887082
7420,1,0,-0.8937073,-0.65338564,-0.963740515788524,0.07003325,0.004904656
7421,1,0,-0.9563122,-0.7308581,-1.0097962764429569,0.053484082,0.002860547
7422,1,0,-0.9998996,-0.78390336,-1.0336223542934682,0.03372276,0.0011372244
7423,1,0,-1.0223529,-0.8109,-0.8851787660292856,0.13717419,0.018816758
7424,1,0,-0.8814182,-0.6380305,-0.6865645296609046,0.19485372,0.037967972
7425,1,0,-0.6891923,-0.395854,-0.7452853453639978,0.056093037,0.0031464288
7426,1,0,-0.7464359,-0.46779394,-0.8514242021102549,0.10498834,0.011022551
7427,1,0,-0.8490341,-0.5973916,-0.8858626048314537,0.036828518,0.0013563398
7428,1,0,-0.8820729,-0.6388502,-1.0556624831626156,0.17358959,0.030133344
7429,1,0,-1.0453432,-0.8355882,-1.2662490648477962,0.2209059,0.048799418
7430,1,0,-1.2688315,-1.0566909,-1.2443706869318365,0.024460793,0.0005983304
7431,1,0,-1.2459874,-1.0350034,-1.1239346529861458,0.12205279,0.014896884
7432,1,0,-1.11867,-0.9102564,-1.1673872266524996,0.04871726,0.0023733715
7433,1,0,-1.1649086,-0.956306,-1.1546056107229288,0.0103030205,0.000106152234
7434,1,0,-1.1513426,-0.94288206,-1.1342396799342698,0.017102957,0.00029251113
7435,1,0,-1.1296666,-0.92128205,-1.364816310242075,0.23514974,0.0552954
7436,1,0,-1.3706388,-1.1506994,-1.251160625228422,0.119478226,0.014275046
7437,1,0,-1.2530861,-1.0417666,-1.2594643103149097,0.006378174,4.06811e-05
7438,1,0,-1.2617564,-1.049999,-1.2246373412350224,0.03711903,0.0013778225
7439,1,0,-1.2253084,-1.0151846,-1.041809372939858,0.1834991,0.03367192
7440,1,0,-1.0303645,-0.820102,-1.0411086103554728,0.010744095,0.00011543557
7441,1,0,-1.0296059,-0.8193164,-1.059374753165388,0.029768944,0.00088619004
7442,1,0,-1.0493512,-0.8397188,-1.0941787081056016,0.04482746,0.0020095012
7443,1,0,-1.0868115,-0.8780546,-1.102411363624102,0.015599847,0.00024335521
7444,1,0,-1.0956421,-0.88701844,-1.1957687858448611,0.10012674,0.010025364
7445,1,0,-1.1949258,-0.9857516,-1.1247308710862685,0.07019496,0.0049273325
7446,1,0,-1.1195207,-0.91111135,-0.9678779577077186,0.15164268,0.022995502
7447,1,0,-0.960238,-0.7356677,-0.9130276880064172,0.047210276,0.0022288102
7448,1,1,-0.9080446,-0.67124295,0.7794687767749093,1.6875134,2.8477013
7449,1,1,0.78260446,0.50647926,-0.7386120598635881,1.5212165,2.3140998
7450,1,1,-0.7399471,-0.45960498,0.7127891681100045,1.4527363,2.1104426
7451,0,1,-0.6532037,0.43195534,-0.7352620050130523,0.08205825,0.0067335567
7452,0,1,0.66867757,-0.4554932,0.6798274775821693,0.011149883,0.0001243199
7453,0,1,-0.6234007,0.39528775,-0.5890055258853741,0.03439516,0.0011830269
7454,0,1,0.53945017,-0.27860618,0.4666024154269648,0.072847754,0.0053067952
7455,0,1,-0.4289086,0.16097498,-0.4938791446452386,0.06497055,0.0042211725
7456,0,1,0.45426035,-0.17120123,0.4222536452850165,0.03200671,0.0010244296
7457,0,1,-0.38815165,0.112891436,-0.3625610132862631,0.025590628,0.00065488025
7458,0,1,0.33542037,-0.045676947,0.3837767018561413,0.048356324,0.0023383342
7459,0,1,-0.35272717,0.0713613,-0.2613963457993362,0.09133083,0.00834132
7460,0,1,0.24306035,0.021351814,0.1262271367223704,0.11683321,0.013649999
7461,0,1,-0.11462402,-0.08456564,-0.1584765567907848,0.043852538,0.001923045
7462,0,1,0.14853811,0.042830467,0.2713094297153762,0.12277132,0.015072797
7463,0,1,-0.24890828,-0.049009085,-0.3281573537265454,0.079249084,0.006280417
7464,0,1,0.30408072,-0.01930499,0.4680091728178595,0.16392845,0.026872536
7465,0,1,-0.4301989,0.16250443,-0.5883392520919712,0.15814036,0.025008373
7466,0,1,0.53885627,-0.2778244,0.5330209977490368,0.0058352947,3.4050663e-05
7467,0,1,-0.48977184,0.23341393,-0.5852852487869131,0.0955134,0.00912281
7468,0,1,0.53613424,-0.2742424,0.3965526881220071,0.13958156,0.019483013
7469,0,1,-0.36449575,0.08513117,-0.1660898863346993,0.19840586,0.039364886
7470,0,1,0.15554667,0.04263234,0.0014573823724286,0.15408929,0.023743508
7471,0,1,0.00088763237,-0.012072563,-0.1221278469927886,0.12301548,0.015132808
7472,0,1,0.11504841,0.040441036,-0.1539566238850294,0.26900503,0.072363704
7473,0,1,0.14437652,0.04283595,0.2115014410615785,0.06712492,0.0045057544
7474,0,1,-0.19358015,-0.098095655,-0.1812508256033078,0.012329325,0.00015201226
7475,0,1,0.16949558,0.041539192,0.0370676739240796,0.1324279,0.017537149
7476,0,1,-0.032066107,-0.040621042,-0.0326830241380604,0.0006169155,3.8058477e-07
7477,0,1,0.032460928,0.009575844,-0.0643262957115293,0.09678722,0.009367766
7478,0,1,0.06170273,0.024702072,0.1328511446205675,0.07114841,0.0050620963
7479,0,1,-0.12075877,-0.08558297,-0.1345074609288654,0.0137486905,0.00018902648
7480,0,1,0.12645984,0.041885853,0.0609037106216843,0.065556124,0.0042976053
7481,0,1,-0.0541327,-0.0631392,0.0613377106787584,0.11547041,0.013333416
7482,0,1,-0.05453396,-0.06357455,-0.0464567578050356,0.0080772005,6.524117e-05
7483,0,1,0.04519248,0.01673913,-0.1284128315331414,0.17360531,0.030138804
7484,0,1,0.12084198,0.04125738,-0.0401667053613321,0.16100869,0.025923796
7485,0,1,0.03937888,0.013579607,0.0680886955205064,0.028709814,0.0008242534
7486,0,1,-0.06078458,-0.070461035,-0.1580679547205625,0.09728338,0.009464055
7487,0,1,0.14816117,0.042834044,0.0477028462489599,0.100458324,0.010091875
7488,0,1,-0.041910887,-0.05033064,0.0101390895537063,0.052049976,0.0027092
7489,0,1,-0.0071442127,-0.018469572,0.0989190091088292,0.106063224,0.011249407
7490,0,1,-0.08933377,-0.080970764,0.0292366824135799,0.118570454,0.014058952
7491,0,1,-0.024817467,-0.033819437,0.0008657414715389,0.025683207,0.00065962714
7492,0,1,0.0014352798,-0.01164937,-0.1050700242490907,0.106505305,0.0113433795
7493,0,1,0.09931636,0.03735614,0.1953297470825026,0.09601338,0.00921857
7494,0,1,-0.17861152,-0.09800601,-0.229818561157348,0.05120705,0.002622162
7495,0,1,0.21411252,0.032067537,0.2302832332695574,0.01617071,0.00026149186
7496,0,1,-0.21096087,-0.09029436,-0.2730975708853247,0.06213671,0.0038609707
7497,0,1,0.25377345,0.01552701,0.3872509533702026,0.13347751,0.017816246
7498,0,1,-0.35592842,0.07510376,-0.3569943909703617,0.0010659695,1.1362908e-06
7499,0,1,0.3303547,-0.0411911,0.2747857248167085,0.055568963,0.0030879097
7500,0,1,-0.2521212,-0.04531169,-0.2334876274118769,0.01863359,0.00034721065
7501,0,1,0.21747851,0.030999899,0.1607000254933241,0.05677849,0.003223797
7502,0,1,-0.14654851,-0.090488195,-0.2833155861771605,0.13676709,0.018705238
7503,0,1,0.26312256,0.009809971,0.1395713077500642,0.12355125,0.015264912
7504,0,1,-0.12698197,-0.08667374,-0.1864046470839229,0.05942267,0.003531054
7505,0,1,0.17423439,0.04095936,0.256120879998337,0.0818865,0.0067053987
7506,0,1,-0.23486304,-0.065146685,-0.2400101069547724,0.0051470697,2.6492326e-05
7507,0,1,0.22346091,0.02898407,0.167325195443782,0.056135714,0.0031512184
7508,0,1,-0.15268302,-0.09180355,-0.0785253166547446,0.0741577,0.0054993643
7509,0,1,0.074816465,0.029972076,0.0581148348653375,0.016701631,0.0002789445
7510,0,1,-0.05154991,-0.060364246,-0.1081011468580013,0.056551233,0.003198042
7511,0,1,0.10211277,0.037998915,-0.0198781155075438,0.12199089,0.014881777
7512,0,1,0.020622015,0.002109766,0.0302946586650936,0.009672644,9.356003e-05
7513,0,1,-0.025796652,-0.034721375,-0.0541628985734519,0.028366245,0.00080464385
7514,0,1,0.05231428,0.020357132,-0.0171979482219439,0.06951223,0.0048319506
7515,0,1,0.018143177,0.0004477501,-0.0369786005652357,0.05512178,0.0030384106
7516,0,1,0.036432266,0.011907101,0.0999726519823003,0.063540384,0.00403738
7517,0,1,-0.09030962,-0.08109212,0.0831101748863156,0.1734198,0.030074429
7518,0,1,-0.07469416,-0.079329014,0.0008944264502721,0.075588584,0.005713634
7519,0,1,0.0014088154,-0.011670113,-0.0727315717294896,0.074140385,0.0054967967
7520,0,1,0.069466114,0.027934074,-0.0581643403545535,0.12763046,0.016289534
7521,0,1,0.056010723,0.022124529,-0.0300705004735495,0.08608122,0.007409977
7522,0,1,0.030045986,0.008116722,-0.0242746796955368,0.054320663,0.0029507345
7523,0,1,0.024687052,0.0047619343,0.0615600180631661,0.036872968,0.0013596158
7524,0,1,-0.05474019,-0.063797474,0.0481617288533833,0.10290192,0.010588805
7525,0,1,-0.04233527,-0.050761938,-0.0797062950901454,0.037371024,0.0013965935
7526,0,1,0.07590699,0.030369043,-0.0995690018457367,0.17547598,0.030791821
7527,0,1,0.09424043,0.036086798,-0.0091630577696224,0.10340349,0.010692281
7528,0,1,0.01071167,-0.0047397614,-0.0606168854337898,0.07132855,0.005087762
7529,0,1,0.058276415,0.023172617,0.2287735339104966,0.17049712,0.029069267
7530,0,1,-0.20956421,-0.090918064,-0.1328897723365658,0.07667443,0.0058789686
7531,0,1,0.12496853,0.04173422,0.1866469953376652,0.06167847,0.0038042336
7532,0,1,-0.17057276,-0.0959723,-0.2587795087429403,0.08820674,0.0077804285
7533,0,1,0.24066281,0.022368431,0.306244991825475,0.065582186,0.004301023
7534,0,1,-0.28119397,-0.011782646,-0.2467076962321854,0.03448628,0.0011893035
7535,0,1,0.22960186,0.026761055,0.1447268481295731,0.08487502,0.0072037685
7536,0,1,-0.13175726,-0.08755088,0.0441249205336506,0.17588218,0.03093454
7537,0,1,-0.0385983,-0.047003508,-0.1734226948653838,0.1348244,0.018177617
7538,0,1,0.16229391,0.04221773,0.1478749923683735,0.014418915,0.0002079051
7539,0,1,-0.13467193,-0.08810353,-0.0057503000609071,0.12892163,0.016620787
7540,0,1,0.0075552464,-0.0070369244,-0.0402334778592865,0.047788724,0.0022837622
7541,0,1,0.03943968,0.013613939,0.0925973348026372,0.053157657,0.0028257365
7542,0,1,-0.083479166,-0.080275774,-0.1653814976871199,0.081902325,0.006707991
7543,0,1,0.15489411,0.042659998,0.2096854572738262,0.054791346,0.0030020915
7544,0,1,-0.19189954,-0.09885478,-0.1298084493257767,0.062091082,0.0038553025
7545,0,1,0.122128725,0.0414145,-0.0351732730206197,0.15730199,0.024743916
7546,0,1,0.034763575,0.010937929,0.0574123152635319,0.02264874,0.00051296543
7547,0,1,-0.050899744,-0.059670925,-0.280857718462884,0.22995797,0.052880667
7548,0,1,0.260875,0.011216879,0.3194885889957848,0.0586136,0.003435554
7549,0,1,-0.29342604,0.002366066,-0.3654211400295653,0.07199511,0.005183296
7550,0,1,0.33802152,-0.048012972,0.5726833181749638,0.23466182,0.05506617
7551,0,1,-0.52600574,0.27691245,-0.5491526181626365,0.023146868,0.0005357775
7552,0,1,0.5038614,-0.23245883,0.6283139381402587,0.12445253,0.015488433
7553,0,1,-0.5766685,0.33821726,-0.5290470433273158,0.04762143,0.0022678005
7554,0,1,0.4858501,-0.20975733,0.4673093687978444,0.01854074,0.00034375905
7555,0,1,-0.4295566,0.1617434,-0.4527764687582203,0.023219854,0.0005391616
7556,0,1,0.41720653,-0.12838387,0.4118697558363422,0.0053367615,2.8481023e-05
7557,0,1,-0.37859678,0.1016655,-0.2516852522997799,0.12691152,0.016106535
7558,0,1,0.23416305,0.025009155,0.1385115293322596,0.09565152,0.009149213
7559,0,1,-0.1260004,-0.08649802,-0.3206813219346367,0.19468093,0.037900664
7560,0,1,0.297261,-0.01401782,0.3217035670128267,0.024442554,0.0005974384
7561,0,1,-0.29547048,0.0047359467,-0.5648949097745297,0.26942444,0.07258953
7562,0,1,0.5179367,-0.25052023,0.5073235925638944,0.010613143,0.000112638816
7563,0,1,-0.46625042,0.20532703,-0.5098582388060842,0.04360783,0.0019016429
7564,0,1,0.46862698,-0.18852282,0.5935014528915246,0.12487447,0.015593634
7565,0,1,-0.5449872,0.2998135,-0.5943347494064106,0.04934752,0.0024351778
7566,0,1,0.54419804,-0.28487563,0.4210759809382827,0.123122066,0.0151590435
7567,0,1,-0.3870685,0.11161637,-0.5627790351903488,0.1757105,0.03087418
7568,0,1,0.51604676,-0.24807858,0.4684382531453912,0.047608495,0.0022665688
7569,0,1,-0.43059325,0.16296959,-0.3476136216582461,0.08297962,0.006885617
7570,0,1,0.32181382,-0.033819675,0.214156301254099,0.10765752,0.011590142
7571,0,1,-0.19603705,-0.09698868,-0.0900961003507077,0.10594095,0.011223486
7572,0,1,0.085498095,0.033583164,0.0635477909372523,0.021950305,0.00048181586
7573,0,1,-0.056580305,-0.0658052,-0.0414596912085971,0.015120614,0.00022863298
7574,0,1,0.040573835,0.014243603,0.1357725124915858,0.095198676,0.0090627875
7575,0,1,-0.123464584,-0.086049795,-0.1609117926372936,0.037447214,0.0014022938
7576,0,1,0.15078044,0.042792797,0.1915684935743486,0.040788054,0.0016636654
7577,0,1,-0.17512965,-0.097112894,-0.1381802266544065,0.036949426,0.0013652601
7578,0,1,0.12984347,0.042186975,0.0072664407432747,0.122577034,0.01502513
7579,0,1,-0.0044870377,-0.01631236,0.2494710642780107,0.2539581,0.06449472
7580,0,1,-0.22871208,-0.072202206,-0.34555647273883,0.116844386,0.013652611
7581,0,1,0.3199396,-0.03223443,0.2454476542388328,0.07449196,0.0055490527
7582,0,1,-0.22499084,-0.07647014,-0.1250326897535139,0.09995815,0.009991632
7583,0,1,0.11772609,0.040839434,0.0456423845585112,0.072083704,0.0051960605
7584,0,1,-0.0400033,-0.04840684,-0.0515349107714318,0.01153161,0.00013297804
7585,0,1,0.04988551,0.019154072,-0.1051305518052583,0.15501606,0.02402998
7586,0,1,0.09937167,0.037369967,0.1310730525143548,0.031701386,0.0010049779
7587,0,1,-0.11911178,-0.0853045,-0.1019248514165318,0.017186925,0.00029539037
7588,0,1,0.09641433,0.03664708,0.1457033499169453,0.049289018,0.0024294073
7589,0,1,-0.13266015,-0.08771992,-0.1617449688345211,0.029084817,0.0008459266
7590,0,1,0.15154696,0.042773724,0.1893870738590708,0.037840113,0.0014318741
7591,0,1,-0.17310977,-0.09660363,-0.3114043999339522,0.13829464,0.019125408
7592,0,1,0.28879333,-0.007691145,0.272824324930359,0.015969008,0.00025500922
7593,0,1,-0.25030828,-0.047398806,-0.3016137614099787,0.051305473,0.0026322515
7594,0,1,0.27985048,-0.0013029575,0.3154982912004955,0.03564781,0.0012707664
7595,0,1,-0.28974032,-0.0018985271,-0.1765022742221265,0.11323805,0.012822856
7596,0,1,0.16512752,0.041980267,-0.0431614824098414,0.208289,0.043384306
7597,0,1,0.04214716,0.01510644,-0.0404163161923181,0.082563475,0.0068167276
7598,0,1,0.03960991,0.013708591,0.1900541253676015,0.15044421,0.02263346
7599,0,1,-0.17372727,-0.09675932,-0.0579387853410664,0.11578849,0.013406974
7600,0,1,0.05580187,0.022027731,-0.0750007858154053,0.13080266,0.017109336
7601,0,1,0.07156181,0.028751135,0.2298588862628272,0.15829708,0.025057964
7602,0,1,-0.2105689,-0.09046912,-0.1249724471168605,0.08559646,0.0073267533
7603,0,1,0.11767101,0.040831566,0.3315856421984806,0.21391463,0.04575947
7604,0,1,-0.30459404,0.015310764,-0.3920071143835244,0.08741307,0.0076410454
7605,0,1,0.36217976,-0.070696115,0.4880723823899955,0.12589264,0.015848957
7606,0,1,-0.44860673,0.18433571,-0.5541402316340869,0.10553348,0.011137315
7607,0,1,0.50832295,-0.23815489,0.4241348921373462,0.084188074,0.0070876316
7608,0,1,-0.38988185,0.11492562,-0.2600707980725452,0.12981105,0.01685091
7609,0,1,0.24184632,0.021870136,0.2919651718445473,0.050118864,0.0025119004
7610,0,1,-0.2680006,-0.027017117,-0.2866282690386317,0.018627673,0.00034699021
7611,0,1,0.26615334,0.007879734,0.1488540400432336,0.11729929,0.013759123
7612,0,1,-0.1355784,-0.08827686,-0.2397845936277161,0.104206204,0.010858933
7613,0,1,0.22325397,0.02905631,0.300690552865964,0.077436596,0.0059964266
7614,0,1,-0.27606225,-0.017712593,-0.4224486461776604,0.14638638,0.021428974
7615,0,1,0.38977933,-0.098659754,0.4198776167530416,0.03009829,0.000905907
7616,0,1,-0.38596678,0.11032176,-0.4950588486694456,0.10909206,0.011901077
7617,0,1,0.45532155,-0.17246747,0.4013467706521649,0.053974777,0.0029132767
7618,0,1,-0.36891055,0.090304375,-0.2600885933931467,0.10882196,0.011842218
7619,0,1,0.24186301,0.021862507,0.3778117655359856,0.13594875,0.018482061
7620,0,1,-0.34723043,0.06493974,-0.0709228157801615,0.2763076,0.0763459
7621,0,1,0.06779623,0.027266026,0.0716755512082416,0.0038793236,1.5049151e-05
7622,0,1,-0.06410575,-0.07420921,-0.2611545787159919,0.19704884,0.038828246
7623,0,1,0.24283862,0.021446943,0.2818506782246781,0.039012045,0.0015219396
7624,0,1,-0.2586527,-0.037792444,-0.4226684379042011,0.16401574,0.026901163
7625,0,1,0.3899784,-0.098869085,0.2735428061513643,0.11643562,0.013557253
7626,0,1,-0.25097227,-0.046633005,-0.1881590099109931,0.06281327,0.0039455066
7627,0,1,0.17584825,0.04073906,0.1617127130703886,0.0141355395,0.00019981348
7628,0,1,-0.14748597,-0.09068513,-0.0663814333634382,0.08110454,0.0065779462
7629,0,1,0.063601494,0.025522709,0.1596018553368789,0.09600036,0.009216069
7630,0,1,-0.14553046,-0.090274334,0.0030265480441018,0.148557,0.022069184
7631,0,1,-0.0005645752,-0.013201952,0.0096849586293705,0.010249534,0.00010505294
7632,0,1,-0.006724596,-0.018126488,-0.0411347427403154,0.034410145,0.0011840581
7633,0,1,0.040273905,0.014077902,0.1501559716444687,0.10988207,0.01207407
7634,0,1,-0.13678408,-0.088511944,-0.0729255372285924,0.06385854,0.004077913
7635,0,1,0.069645405,0.02800417,0.1985812057610503,0.1289358,0.01662444
7636,0,1,-0.18162179,-0.09879303,-0.336685549091289,0.15506375,0.024044765
7637,0,1,0.31185627,-0.025535345,0.3242184015047882,0.012362123,0.00015282207
7638,0,1,-0.29779267,0.007426262,-0.4272126751942795,0.12942001,0.01674954
7639,0,1,0.39409328,-0.10321331,0.3850483820852997,0.009044886,8.180996e-05
7640,0,1,-0.35389948,0.0727303,-0.4882989758944664,0.1343995,0.018063227
7641,0,1,0.44923782,-0.16523552,0.5723559900004225,0.12311816,0.015158081
7642,0,1,-0.5257075,0.2765522,-0.5940953424833162,0.068387866,0.0046769003
7643,0,1,0.54398465,-0.2845943,0.4441251042398573,0.099859536,0.009971927
7644,0,1,-0.408262,0.1365745,-0.2696120665786323,0.13864994,0.019223806
7645,0,1,0.25058317,0.017394781,0.3371336839511443,0.086550504,0.0074909898
7646,0,1,-0.3097148,0.021253824,-0.4441867007727929,0.1344719,0.01808269
7647,0,1,0.4094453,-0.11979103,0.3014384768147646,0.108006805,0.01166547
7648,0,1,-0.27675414,-0.016914368,-0.2656185074045294,0.011135638,0.00012400243
7649,0,1,0.24692726,0.019482613,0.257434866125819,0.010507613,0.00011040994
7650,0,1,-0.23607779,-0.06375289,-0.1720753479783963,0.06400244,0.0040963124
7651,0,0,0.16105485,0.042310476,-0.3251606033553926,0.48621544,0.23640546
7652,0,0,0.3013482,-0.017164946,-0.3324349294519266,0.6337831,0.401681
7653,0,0,0.3079815,-0.022403002,-0.3720316719118202,0.6800132,0.46241793
7654,0,0,0.34403324,-0.053491354,-0.414664919509168,0.75869817,0.5756229
7655,1,0,-0.4206996,-0.09132171,-0.4181042014379965,0.0025953948,6.7360743e-06
7656,1,0,-0.42411375,-0.0945487,-0.491182919006969,0.06706917,0.004498274
7657,1,0,-0.496459,-0.16831326,-0.4254399322498323,0.07101908,0.00504371
7658,1,0,-0.43139172,-0.10151386,-0.4970597012531912,0.06566799,0.0043122843
7659,1,0,-0.5023036,-0.17462182,-0.4841429079511639,0.0181607,0.00032981107
7660,1,0,-0.48948932,-0.16082168,-0.3422737795457609,0.14721555,0.021672416
7661,1,0,-0.3486476,-0.029729605,-0.2778848909461913,0.070762694,0.0050073587
7662,1,0,-0.28425932,0.012892246,-0.1551180034352901,0.12914132,0.01667748
7663,1,0,-0.16078186,0.042842627,-0.0139695991435031,0.14681226,0.02155384
7664,1,0,-0.017825842,-0.0015995502,-0.0500668406936202,0.032240998,0.001039482
7665,1,0,-0.05447507,0.018468618,0.1039703665193472,0.15844543,0.025104955
7666,1,0,0.10228038,-0.081563234,0.0404446381490779,0.06183574,0.0038236587
7667,1,0,0.037522316,-0.043645144,0.0325455716699174,0.0049767457,2.4767998e-05
7668,1,0,0.029480696,-0.036656618,-0.0731725927559669,0.10265329,0.010537697
7669,1,0,-0.077902794,0.028094292,-0.124499795555697,0.046597004,0.0021712808
7670,1,0,-0.12985468,0.040768623,-0.0079144165830427,0.12194026,0.014869427
7671,1,0,-0.011673212,-0.0055732727,-0.1263669328797063,0.114693716,0.013154648
7672,1,0,-0.13174152,0.041009903,0.0114270599066115,0.14316858,0.020497244
7673,0,0,-0.008335829,-0.019448996,-0.065187966579125,0.05685214,0.0032321657
7674,0,0,0.062498808,0.025048733,0.0923187038973805,0.029819898,0.0008892263
7675,0,0,-0.083221436,-0.08024645,0.0312300177260045,0.11445145,0.013099135
7676,0,0,-0.026662111,-0.03552246,0.0091390756230107,0.035801187,0.001281725
7677,0,0,-0.0062191486,-0.017714262,-0.0378325385396292,0.03161339,0.0009994064
7678,0,0,0.037220955,0.012359381,-0.0172923218878149,0.054513276,0.0029716971
7679,0,0,0.018230438,0.0005066395,0.1135929267526494,0.09536249,0.0090940045
7680,0,0,-0.10292339,-0.08278322,0.2018482529613527,0.30477166,0.09288576
7681,0,0,-0.18464541,-0.099597454,0.1089521463633116,0.29359758,0.08619954
7682,0,0,-0.09862566,-0.08218074,0.0678052824070643,0.16643095,0.027699262
7683,0,0,-0.06052208,-0.07016802,-0.0413988568928016,0.019123223,0.00036569763
7684,0,0,0.040517807,0.0142138,-0.2248793268413105,0.26539713,0.070435636
7685,0,0,0.20957947,0.033430576,-0.3204654373248168,0.5300449,0.2809476
7686,1,0,-0.32686996,-0.013867617,-0.3890705877526246,0.062200636,0.003868919
7687,1,0,-0.39526772,-0.06810713,-0.3974502888315374,0.002182573,4.7636254e-06
7688,1,0,-0.40359974,-0.075547695,-0.4367162898982468,0.03311655,0.0010967058
7689,1,0,-0.44257212,-0.11242771,-0.4006109109786986,0.041961193,0.0017607417
7690,1,0,-0.4067409,-0.07839489,-0.4894950260248776,0.082754135,0.006848247
7691,1,0,-0.49477935,-0.16651058,-0.420701694496016,0.074077666,0.0054875007
7692,1,0,-0.4266913,-0.097002745,-0.506476567424913,0.07978529,0.0063656922
7693,1,0,-0.5116632,-0.184829,-0.4238711072673453,0.0877921,0.0077074524
7694,1,0,-0.4298358,-0.100014925,-0.443057648475889,0.01322186,0.00017481759
7695,1,0,-0.44885564,-0.11867142,-0.4451768622221697,0.0036787689,1.353334e-05
7696,1,0,-0.45095444,-0.120774746,-0.5978413242122791,0.14688689,0.021575756
7697,1,0,-0.60208726,-0.28901243,-0.6391045154809656,0.037017286,0.0013702795
7698,1,0,-0.6426871,-0.33825922,-0.4871783904231304,0.1555087,0.024182955
7699,1,0,-0.49248576,-0.16404271,-0.2232530347060004,0.26923272,0.07248626
7700,1,0,-0.22942042,0.03385949,-0.2105820496120403,0.018838376,0.0003548844
7701,1,0,-0.21667576,0.03687477,-0.1419463345554232,0.07472943,0.005584487
7702,1,0,-0.14748335,0.042437077,-0.2210306696297821,0.07354732,0.005409208
7703,1,0,-0.22718596,0.034430504,0.0388480707757206,0.26603404,0.07077411
7704,1,0,0.035897017,-0.042208433,0.0728510596326272,0.036954045,0.0013656014
7705,1,0,0.07054019,-0.07544947,0.4245561821839332,0.354016,0.12532733
7706,1,0,0.4295187,0.115380526,0.3735712990093689,0.055947393,0.003130111
7707,1,0,0.37831187,0.060375214,0.3624333290625015,0.015878558,0.0002521286
7708,1,0,0.36688185,0.04839945,0.3115231840560688,0.055358678,0.0030645833
7709,1,0,0.31465936,-0.006145954,0.3937032146595616,0.079043865,0.0062479326
7710,1,0,0.39886928,0.08205867,0.3496046435561641,0.04926464,0.0024270047
7711,1,0,0.3537202,0.034626007,0.269999835504664,0.083720356,0.007009098
7712,1,0,0.27209425,-0.050402403,0.1060581470103878,0.1660361,0.027567986
7713,1,0,0.10441089,-0.081818104,0.1980090304376074,0.09359814,0.008760612
7714,1,0,0.19837713,-0.098653555,0.2065038696227672,0.008126736,6.604383e-05
7715,1,0,0.20707011,-0.10018492,0.2327286828494803,0.025658578,0.0006583626
7716,1,0,0.2339158,-0.089283705,0.0698841412784845,0.16403165,0.026906384
7717,1,0,0.067515135,-0.07232952,0.026570805299896,0.04094433,0.0016764381
7718,1,0,0.023399353,-0.03157091,0.1260639000862871,0.102664545,0.010540009
7719,1,0,0.124833345,-0.08454132,0.0792844383481679,0.04554891,0.002074703
7720,1,0,0.077099085,-0.07897949,0.0075549031835677,0.06954418,0.004836393
7721,1,0,0.0040545464,-0.01652813,-0.0854150641864945,0.08946961,0.008004812
7722,1,0,-0.09030628,0.032196045,-0.2646331569097104,0.17432687,0.030389857
7723,1,0,-0.27097416,0.01998949,-0.245136762770858,0.025837392,0.0006675708
7724,1,0,-0.25140882,0.02729559,-0.1949994514476607,0.05640936,0.0031820158
7725,1,0,-0.2009902,0.039763212,-0.2301996417494365,0.029209435,0.0008531911
7726,1,0,-0.23640347,0.03195834,-0.2514118789350901,0.01500842,0.00022525266
7727,1,0,-0.25770903,0.025107145,-0.2783280450361611,0.020619005,0.00042514337
7728,1,0,-0.28470302,0.012645245,-0.4048886200938488,0.12018561,0.014444582
7729,1,0,-0.4109912,-0.08228421,-0.3518516933484483,0.05913949,0.0034974793
7730,1,0,-0.35820174,-0.037120342,-0.1482406646429774,0.20996107,0.04408365
7731,1,0,-0.15383935,0.04272151,-0.2417487514069098,0.0879094,0.0077280626
7732,1,0,-0.24800682,0.02842164,-0.1787620088131132,0.06924482,0.004794845
7733,1,0,-0.1846304,0.041781425,-0.2653325293352853,0.080702126,0.0065128333
7734,1,0,-0.27167535,0.019629955,-0.1373182281214382,0.13435712,0.018051837
7735,1,0,-0.14280844,0.04212141,-0.0722271938284775,0.07058124,0.004981712
7736,1,0,-0.07694483,0.027749538,-0.253539495428607,0.17659467,0.03118568
7737,1,0,-0.25984383,0.024335623,-0.2151630892084459,0.044680744,0.0019963689
7738,1,0,-0.2212851,0.035852194,-0.317625581683751,0.09634048,0.009281487
7739,1,0,-0.32403207,-0.011904955,-0.5489960165978114,0.22496396,0.050608784
7740,1,0,-0.55383325,-0.23228025,-0.4058724568374194,0.14796078,0.021892393
7741,1,0,-0.41196823,-0.08318472,-0.3981619392216018,0.0138062835,0.00019061346
7742,1,0,-0.40430665,-0.07618666,-0.4328630939836686,0.028556436,0.00081547006
7743,1,0,-0.4387524,-0.10867047,-0.586088221605706,0.14733583,0.021707846
7744,1,0,-0.59049535,-0.2751832,-0.6098872330414093,0.019391894,0.00037604556
7745,1,0,-0.6139555,-0.30328488,-0.7857953171158671,0.17183983,0.029528929
7746,1,0,-0.78572917,-0.5174651,-0.8198448336329496,0.034115672,0.0011638791
7747,1,0,-0.8186288,-0.5590551,-0.8249939774330666,0.00636518,4.0515515e-05
7748,1,0,-0.82359385,-0.5653229,-0.7512630999319985,0.07233077,0.005231741
7749,1,0,-0.75224423,-0.4751289,-0.7361542536487762,0.016089976,0.00025888733
7750,1,0,-0.73755646,-0.45658827,-0.7625717855209917,0.025015354,0.0006257679
7751,1,0,-0.7632234,-0.48900366,-0.7873094214914942,0.024085999,0.0005801353
7752,1,0,-0.78719497,-0.5193188,-0.8765413280494792,0.08934635,0.00798277
7753,1,0,-0.87314296,-0.62766933,-0.8311107852527391,0.042032182,0.0017667044
7754,1,0,-0.8294878,-0.57276154,-0.8129282949283954,0.016559482,0.00027421644
7755,1,0,-0.81195545,-0.5506246,-0.6971109256241981,0.1148445,0.013189259
7756,1,0,-0.69949746,-0.40874052,-0.7390394716461923,0.03954202,0.0015635713
7757,1,0,-0.7403629,-0.46012926,-0.6623780792954825,0.07798481,0.0060816305
7758,1,0,-0.6655185,-0.36640644,-0.6014239663812186,0.06409454,0.0041081104
7759,1,0,-0.60561824,-0.29324722,-0.5519537628077655,0.053664446,0.0028798727
7760,1,0,-0.55676126,-0.23565459,-0.7432249892120275,0.18646371,0.034768716
7761,1,0,-0.7444327,-0.4652655,-0.7750516244626202,0.030618966,0.00093752105
7762,1,0,-0.77532434,-0.50430584,-0.7166788879341279,0.058645427,0.003439286
7763,1,0,-0.71859026,-0.4327016,-0.570024417815461,0.14856583,0.022071805
7764,1,0,-0.5746324,-0.25645518,-0.6951465426928451,0.120514154,0.014523662
7765,1,0,-0.6975789,-0.4063387,-0.9002595934527169,0.2026807,0.04107947
7766,1,0,-0.89584684,-0.65605474,-0.8781547123206641,0.017692149,0.00031301213
7767,1,0,-0.87468934,-0.62960696,-0.773227392866803,0.10146195,0.010294527
7768,1,0,-0.77355623,-0.5020685,-0.5156248375164663,0.2579314,0.06652861
7769,1,0,-0.52074957,-0.1948564,-0.3703040563840867,0.15044552,0.022633854
7770,1,0,-0.3765905,-0.052048445,-0.397693663989314,0.021103173,0.00044534393
7771,1,0,-0.4038415,-0.07576585,-0.2644429025989843,0.1393986,0.019431971
7772,1,0,-0.2707832,0.020087242,-0.123497522774123,0.14728567,0.02169307
7773,1,0,-0.12884164,0.04063344,-0.0694114850141121,0.059430152,0.003531943
7774,1,0,-0.074091196,0.026697397,-0.0089071180652053,0.06518408,0.004248964
7775,1,0,-0.012681723,-0.004909992,0.2862913872890744,0.2989731,0.08938492
7776,1,0,0.28879094,-0.03306389,0.297412724090671,0.008621782,7.433513e-05
7777,1,0,0.3001926,-0.021208763,0.3329524909926618,0.032759905,0.0010732113
7778,1,0,0.3366375,0.016775131,0.2732353603330058,0.063402146,0.0040198322
7779,1,0,0.2754109,-0.04696083,0.19245366264491,0.08295722,0.006881901
7780,1,0,0.192693,-0.097322226,0.1761822830636168,0.01651071,0.00027260356
7781,1,0,0.17605066,-0.09365368,0.128611689715981,0.04743898,0.0022504567
7782,1,0,0.12743592,-0.08492541,0.0628700451856358,0.064565875,0.004168752
7783,1,0,0.060366392,-0.06511855,0.0248670794009493,0.035499312,0.0012602011
7784,1,0,0.021665812,-0.030151367,0.1477746020207995,0.1261088,0.015903428
7785,1,0,0.14701152,-0.088084936,0.2088174601615646,0.06180595,0.0038199753
7786,1,0,0.20943737,-0.099217415,0.1395816130015141,0.069855765,0.0048798276
7787,1,0,0.13864064,-0.08667493,0.0775134136546347,0.06112723,0.0037365383
7788,1,0,0.07529259,-0.078823805,0.1267521813955445,0.051459596,0.00264809
7789,1,0,0.12553692,-0.08464408,0.0342948062243118,0.09124211,0.008325123
7790,1,0,0.031261444,-0.03817892,-0.1973774687515606,0.22863892,0.052275755
7791,1,0,-0.2033844,0.03938198,-0.0911223740331839,0.112262025,0.012602762
7792,1,0,-0.096086025,0.033873796,-0.043624485482276,0.05246154,0.002752213
7793,1,0,-0.047938347,0.015339375,-0.1361929416098877,0.0882546,0.0077888747
7794,1,0,-0.14167142,0.042030096,-0.1934949291394643,0.05182351,0.0026856763
7795,1,0,-0.19947457,0.039993048,-0.2684878176097358,0.06901324,0.004762827
7796,1,0,-0.27483964,0.017988205,-0.1142750246153334,0.16056462,0.025780996
7797,1,0,-0.119515896,0.039180517,0.0371612833248868,0.15667719,0.02454774
7798,1,0,0.034179926,-0.040703773,0.0189708702732858,0.015209056,0.0002313154
7799,1,0,0.01566577,-0.025348902,0.0558918982291394,0.040226128,0.0016181414
7800,1,0,0.05325651,-0.0581789,-0.0056429331406033,0.058899444,0.0034691445
7801,1,0,-0.0093643665,-0.007109642,4.6473495845411605e-05,0.00941084,8.856392e-05
7802,1,0,-0.0035808086,-0.011067152,-0.06926268669483,0.065681875,0.0043141088
7803,1,0,-0.07394004,0.0266397,0.0103010241448018,0.08424106,0.0070965565
7804,0,0,-0.0072944164,-0.018591642,-0.0975379871253614,0.09024357,0.008143902
7805,0,0,0.09236646,0.035583973,0.1486123624619062,0.05624591,0.0031636022
7806,0,0,-0.135355,-0.088234425,0.0442226568351817,0.17957765,0.032248132
7807,0,0,-0.038689137,-0.04709339,0.0689846748873947,0.10767381,0.011593649
7808,0,0,-0.061614275,-0.07139182,-0.1461912626450585,0.084576994,0.007153268
7809,0,0,0.13722444,0.042646885,-0.2493542055022692,0.38657862,0.14944303
7810,0,0,0.23202705,0.025839806,-0.2168287872339305,0.44885585,0.20147157
7811,0,0,0.20218992,0.035461426,-0.2228334098142466,0.42502332,0.18064483
7812,1,0,-0.22899818,0.033968687,-0.2134349311710188,0.01556325,0.00024221474
7813,1,0,-0.21954608,0.036246777,-0.1824136023154574,0.03713247,0.0013788205
7814,1,0,-0.18831015,0.041418076,-0.1794982397005102,0.008811906,7.764969e-05
7815,1,0,-0.18537235,0.041712523,-0.2134738890513303,0.028101534,0.0007896962
7816,1,0,-0.21958542,0.036237955,-0.1724821580801587,0.047103256,0.0022187168
7817,1,0,-0.17829943,0.04228401,-0.1496222124967947,0.02867721,0.0008223824
7818,1,0,-0.15523386,0.04276085,-0.0447537043385071,0.11048016,0.012205865
7819,1,0,-0.049084425,0.01590252,-0.1194179167450162,0.07033349,0.0049467995
7820,1,0,-0.124717474,0.04003644,-0.1505324889547377,0.02581501,0.00066641474
7821,1,0,-0.15615344,0.04278326,-0.1773043630242021,0.021150917,0.0004473613
7822,1,0,-0.18316078,0.04191208,-0.3470930184708138,0.16393223,0.026873777
7823,1,0,-0.35345578,-0.033416986,-0.2963882814618754,0.057067513,0.0032567012
7824,1,0,-0.3027904,0.001982212,-0.3982845645112021,0.09549415,0.0091191325
7825,1,0,-0.40442896,-0.07629728,-0.2842863784792562,0.12014258,0.014434239
7826,1,0,-0.2906723,0.009247541,-0.0973041436917201,0.19336817,0.03739125
7827,1,0,-0.10234451,0.035525322,-0.1668293517711729,0.064484835,0.004158294
7828,1,0,-0.1725986,0.04259944,-0.0108956082320776,0.16170299,0.026147857
7829,1,0,-0.014702082,-0.003595829,0.0379410855041486,0.05264317,0.0027713033
7830,1,0,0.03497386,-0.04139781,0.0996051559419668,0.0646313,0.004177205
7831,1,0,0.09782553,-0.08105016,0.2103946573307595,0.11256912,0.012671808
7832,1,0,0.2110517,-0.098558664,0.2288524262072342,0.017800719,0.00031686557
7833,1,0,0.22994709,-0.090886116,0.2391723421315648,0.009225249,8.5105225e-05
7834,1,0,0.24051428,-0.083120584,0.3411812189150853,0.10066694,0.010133833
7835,1,0,0.34507823,0.02559185,0.3435862665517342,0.0014919639,2.2259562e-06
7836,1,0,0.3475461,0.02816987,0.3770010494887947,0.029454947,0.00086759386
7837,1,0,0.38183093,0.06406593,0.4338552376819882,0.052024305,0.0027065284
7838,1,0,0.43875933,0.1254468,0.4956853736166975,0.05692604,0.0032405742
7839,1,0,0.50023055,0.19263124,0.5300857621754109,0.029855192,0.00089133246
7840,1,0,0.53444934,0.23020172,0.4075047156085034,0.12694463,0.016114939
7841,1,0,0.41257715,0.096950054,0.5431574815417197,0.1305803,0.017051216
7842,1,0,0.54745483,0.24451423,0.4035682747319971,0.14388657,0.020703344
7843,1,0,0.40866756,0.09270072,0.3660118185725522,0.042655736,0.0018195119
7844,1,0,0.37055445,0.052246094,0.3806091940764959,0.010054737,0.00010109774
7845,1,0,0.3855343,0.06795001,0.3742740701617495,0.0112602115,0.00012679237
7846,1,0,0.3790326,0.06113124,0.5500314740051362,0.17099887,0.029240614
7847,1,0,0.55429506,0.25204778,0.5187524057158339,0.035542667,0.0012632812
7848,1,0,0.523175,0.21780896,0.4817862328750002,0.04138878,0.0017130311
7849,1,0,0.48640847,0.17748976,0.4645797295156115,0.02182874,0.00047649394
7850,1,0,0.46929884,0.15877652,0.3813595362937043,0.08793929,0.007733319
7851,1,0,0.38630486,0.06875825,0.5577810932683964,0.17147624,0.029404102
7852,1,0,0.5620055,0.26054764,0.6188130092219883,0.056807518,0.0032270942
7853,1,0,0.62274337,0.32772303,0.5650910353700165,0.057652354,0.0033237939
7854,1,0,0.56927943,0.26857162,0.5036254129082494,0.06565404,0.004310453
7855,1,0,0.5081284,0.20129156,0.5299083526851613,0.021779954,0.00047436642
7856,1,0,0.5342734,0.23000813,0.5047788250827523,0.029494584,0.0008699305
7857,1,0,0.50927544,0.20255017,0.5200420410607798,0.010766625,0.00011592022
7858,1,0,0.52445745,0.21921897,0.4917957434439173,0.032661706,0.001066787
7859,1,1,0.49636245,0.18839216,-0.4620089797324103,0.9583714,0.91847575
7860,1,1,-0.46761513,-0.13776469,0.3462731465857041,0.8138883,0.6624142
7861,1,1,0.35030222,0.031051874,-0.2768436538006478,0.6271459,0.39331198
7862,1,1,-0.28321552,0.013472557,0.4161040820505195,0.6993196,0.4890479
7863,0,1,-0.3824942,0.106241465,-0.2796544775406651,0.10283974,0.010576012
7864,0,1,0.25977397,0.011898756,0.302771167511537,0.04299721,0.0018487602
7865,0,1,-0.2779851,-0.015491962,-0.4179155974227595,0.13993049,0.019580541
7866,0,1,0.38567424,-0.09437108,0.3826224192721676,0.0030518174,9.3135895e-06
7867,0,1,-0.35166335,0.07011819,-0.3389920566818523,0.012671292,0.00016056164
7868,0,1,0.31395936,-0.027255297,0.3548856211917299,0.040926248,0.0016749578
7869,0,1,-0.32609296,0.04029274,-0.4019276542661831,0.07583469,0.0057509006
7870,0,1,0.37118196,-0.07958746,0.1982462674712284,0.1729357,0.029906755
7871,0,1,-0.1813116,-0.098711014,-0.1353768770321335,0.045934737,0.00211
7872,0,1,0.12726092,0.04196167,0.000549209643295,0.12671171,0.016055858
7873,0,1,0.001727581,-0.011424065,0.1143416785147679,0.112614095,0.012681934
7874,0,1,-0.10361695,-0.08288288,-0.1185090201954079,0.014892064,0.00022177357
7875,0,1,0.11171079,0.039894104,-0.0288717173281849,0.1405825,0.01976344
7876,0,1,0.02893734,0.007434845,0.0736388456624324,0.04470151,0.001998225
7877,0,1,-0.06592417,-0.07628536,-0.0998657285547479,0.03394156,0.0011520295
7878,0,1,0.09451437,0.0361588,-0.0202915739868991,0.114805944,0.013180405
7879,0,1,0.0210042,0.002363205,0.0584280625516098,0.037423864,0.0014005456
7880,0,1,-0.051840067,-0.06067443,-0.0106334887954773,0.041206576,0.0016979818
7881,0,1,0.012071848,-0.0037679672,0.1233349854473151,0.11126314,0.012379486
7882,0,1,-0.11194587,-0.08414006,0.0560647190999459,0.16801059,0.028227558
7883,0,1,-0.049652338,-0.058347225,0.0569434605565404,0.1065958,0.011362664
7884,0,1,-0.050465584,-0.059210062,0.0453001533721613,0.09576574,0.009171077
7885,0,1,-0.03968644,-0.04809022,-0.0576255606249938,0.01793912,0.00032181205
7886,0,1,0.05551362,0.021891594,0.0572827545927805,0.0017691329,3.1298312e-06
7887,0,1,-0.050779343,-0.05954194,-0.1126429652225562,0.061863624,0.0038271078
7888,0,1,0.106301785,0.03888488,-0.0448993070516245,0.1512011,0.022861773
7889,0,1,0.043753147,0.015974283,0.1938345548285251,0.15008141,0.02252443
7890,0,1,-0.17722678,-0.09764886,-0.2343518718283914,0.05712509,0.003263276
7891,0,1,0.2182715,0.030741453,0.2171703660025952,0.0011011213,1.2124681e-06
7892,0,1,-0.19882631,-0.09573293,-0.2920000679481149,0.09317374,0.008681347
7893,0,1,0.27106476,0.0046725273,0.2799018379223859,0.008837074,7.809388e-05
7894,0,1,-0.2568512,-0.039868355,-0.3613973545784423,0.10454616,0.010929899
7895,0,1,0.3343613,-0.04473281,0.2971034756334023,0.03725785,0.0013881474
7896,0,1,-0.27274895,-0.021538973,-0.3105901469690777,0.0378412,0.0014319565
7897,0,1,0.28804946,-0.007148266,0.2269025233563719,0.06114693,0.003738947
7898,0,1,-0.20783305,-0.09169245,-0.157241462653042,0.050591588,0.0025595087
7899,0,1,0.14740038,0.042840004,0.1503729858266802,0.0029726028,8.836368e-06
7900,0,1,-0.13698483,-0.088551044,-0.1369484542451666,3.6373734e-05,1.3230486e-09
7901,0,1,0.12870932,0.0420928,0.0458945738968536,0.08281474,0.006858281
7902,0,1,-0.04023671,-0.04864192,-0.0893718400397434,0.049135126,0.0024142605
7903,0,1,0.084830284,0.033375025,-0.0906139453527616,0.17544423,0.030780679
7904,0,1,0.08597636,0.033729553,-0.1466942035761871,0.23267056,0.05413559
7905,0,1,0.13768697,0.042666674,0.0899159252123102,0.047771044,0.0022820726
7906,0,1,-0.08099604,-0.079996824,-0.1717434171188729,0.090747386,0.008235089
7907,0,1,0.16074824,0.042332172,0.1901426290648986,0.029394388,0.00086403004
7908,0,1,-0.17380905,-0.09677863,0.0265637791800115,0.20037283,0.04014927
7909,0,1,-0.022344112,-0.03156495,-0.1027013642533236,0.08035725,0.0064572883
7910,0,1,0.09713054,0.036826372,-0.0776163256037181,0.17474687,0.03053647
7911,0,1,0.07397747,0.029662848,0.0431336859065973,0.030843783,0.00095133897
7912,0,1,-0.037680864,-0.046092033,0.0500081266319965,0.08768899,0.007689359
7913,0,1,-0.044044495,-0.052508354,0.1017992099038194,0.14584371,0.021270389
7914,0,1,-0.09200168,-0.08130503,-0.0093943579201738,0.08260732,0.0068239695
7915,0,1,0.010925531,-0.00458622,0.1136169054174671,0.102691375,0.010545518
7916,0,1,-0.102945805,-0.08278608,-0.138503570321482,0.03555776,0.0012643544
7917,0,1,0.13014221,0.04221034,0.0810859959294241,0.049056217,0.0024065124
7918,0,1,-0.07281947,-0.07914162,-0.0698103361959674,0.003009133,9.054882e-06
7919,0,1,0.066768885,0.026848316,0.1366872134988876,0.069918334,0.0048885737
7920,0,1,-0.124311924,-0.08619928,-0.179185300427588,0.054873377,0.0030110874
7921,0,1,0.16759586,0.04174137,0.2940958739759916,0.12650001,0.016002253
7922,0,1,-0.26996922,-0.024745464,-0.2384359668447064,0.031533256,0.0009943462
7923,0,1,0.22201657,0.029484034,0.2634076825302553,0.041391104,0.0017132235
7924,0,1,-0.24160147,-0.05740881,-0.2963777691331692,0.05477631,0.0030004443
7925,0,1,0.27506614,0.001988411,0.182423728106079,0.09264241,0.008582616
7926,0,1,-0.16666317,-0.09501934,0.0522396663423938,0.21890284,0.047918454
7927,0,1,-0.04611087,-0.054638624,-0.1039337917112122,0.05782292,0.0033434902
7928,0,1,0.098267555,0.037104845,-0.0080331046257282,0.10630066,0.01129983
7929,0,1,0.009666204,-0.0054945946,-0.0719686739139882,0.08163488,0.0066642533
7930,0,1,0.068762064,0.027654886,0.1272907346334295,0.058528677,0.003425606
7931,0,1,-0.11560893,-0.08472586,-0.2150990621587687,0.099490136,0.009898287
7932,0,1,0.20060134,0.035867214,0.1736588993599661,0.026942447,0.00072589546
7933,0,1,-0.15854788,-0.09311628,-0.2405724365678025,0.08202456,0.0067280284
7934,0,1,0.22397614,0.028803587,0.1157994347205675,0.1081767,0.011702199
7935,0,1,-0.10496664,-0.08307886,-0.0917149799820005,0.013251662,0.00017560655
7936,0,1,0.086992264,0.034039497,0.1879400600169662,0.1009478,0.010190458
7937,0,1,-0.17177033,-0.09626818,-0.1054682685976007,0.06630207,0.004395964
7938,0,1,0.09968376,0.03744316,0.1278983546928245,0.028214589,0.00079606305
7939,0,1,-0.1161716,-0.084816694,-0.1719566898646571,0.05578509,0.0031119762
7940,0,1,0.16094518,0.04231882,0.1520187580983987,0.008926421,7.9681e-05
7941,0,1,-0.13850927,-0.0888505,-0.239959629661397,0.101450354,0.010292174
7942,0,1,0.2234149,0.02900076,0.1017885623844288,0.12162633,0.014792965
7943,0,1,-0.0919919,-0.08130312,-0.2710245601502254,0.17903265,0.032052692
7944,0,1,0.25187612,0.016643524,0.1095806527178742,0.14229546,0.020248
7945,0,1,-0.09920764,-0.082259655,-0.0253590819422147,0.07384856,0.00545361
7946,0,1,0.025689602,0.005400896,-0.0364743769963302,0.06216398,0.0038643603
7947,0,1,0.035966873,0.011637449,0.1214454955169648,0.08547862,0.0073065944
7948,0,1,-0.1101954,-0.08386636,-0.1127586435080001,0.0025632456,6.570228e-06
7949,0,1,0.10640788,0.03890562,0.1942002802473439,0.0877924,0.007707505
7950,0,1,-0.17756557,-0.09773517,-0.1340080483447043,0.043557525,0.001897258
7951,0,1,0.1259985,0.0418396,0.0061439139619499,0.119854584,0.014365122
7952,0,1,-0.0034480095,-0.015480757,-0.2240675393048445,0.22061953,0.048672978
7953,0,1,0.20883512,0.03364563,0.2242375758379911,0.015402451,0.00023723551
7954,0,1,-0.20536709,-0.09279585,-0.3071913745862589,0.10182428,0.010368185
7955,0,1,0.28494644,-0.0049057007,0.2942009568686949,0.009254515,8.5646054e-05
7956,0,1,-0.2700665,-0.024634361,-0.3339840266920602,0.06391752,0.004085449
7957,0,1,0.3093934,-0.023538351,0.2011656406792661,0.10822776,0.011713248
7958,0,1,-0.1840136,-0.09942794,-0.1074333996421583,0.076580204,0.0058645275
7959,0,1,0.10149622,0.03786111,0.0861354744843279,0.015360743,0.00023595242
7960,0,1,-0.07749581,-0.079618216,-0.1369845537132659,0.059488744,0.0035389105
7961,0,1,0.12874222,0.042095184,0.0670136548869799,0.06172856,0.003810415
7962,0,1,-0.05978918,-0.06935072,-0.1749940650933323,0.115204886,0.013272165
7963,0,1,0.16373992,0.04210162,0.2512089314710133,0.08746901,0.007650828
7964,0,0,-0.23032045,-0.07035923,0.025760324174183,0.25608078,0.065577365
7965,0,0,-0.021599531,-0.030893803,0.1718443916971419,0.19344392,0.037420552
7966,0,0,-0.15686822,-0.092734575,0.0399563488852878,0.19682457,0.03873991
7967,0,0,-0.03473997,-0.043204546,0.1110365793247702,0.14577654,0.0212508
7968,0,0,-0.100556135,-0.082448006,0.1366586568615577,0.23721479,0.056270856
7969,0,0,-0.124284744,-0.08619523,0.0480889214231941,0.17237367,0.02971268
7970,0,0,-0.0422678,-0.050694704,-0.0698859298059795,0.027618133,0.0007627612
7971,0,0,0.0668385,0.026876926,0.0905175451847277,0.02367904,0.00056069694
7972,0,0,-0.0815537,-0.08005905,0.148775908792234,0.2303296,0.053051725
7973,0,0,-0.13550615,-0.08826423,-0.1024216424981201,0.03308451,0.0010945849
7974,0,0,0.09687209,0.036762238,-0.0319171286226414,0.12878922,0.016586661
7975,0,0,0.031752586,0.009151936,-0.0223307162452104,0.054083303,0.0029250036
7976,0,0,0.022889853,0.0035998821,0.1432280221899819,0.12033817,0.014481275
7977,0,0,-0.13036823,-0.08729315,0.0523699550208243,0.18273818,0.033393245
7978,0,0,-0.04623127,-0.05476427,-0.0387048201523478,0.00752645,5.664745e-05
7979,0,0,0.038027763,0.012818098,-0.0577388776597942,0.09576664,0.009171249
7980,0,0,0.05561757,0.021940947,-0.0176027293289258,0.0732203,0.005361212
7981,0,0,0.018517494,0.0007007122,-0.1344561086740445,0.1529736,0.023400925
7982,0,0,0.12641191,0.041880846,-0.0500870998903124,0.17649901,0.0311519
7983,0,0,0.048547983,0.018477917,-0.2628198720098522,0.31136787,0.09694995
7984,0,0,0.24436402,0.020789385,-0.1234424210627547,0.36780643,0.13528158
7985,0,0,0.11626005,0.040625572,-0.1039777629371014,0.22023782,0.0485047
7986,0,0,0.09830856,0.03711462,-0.0623220719743384,0.16063064,0.025802204
7987,1,0,-0.06690431,0.023884058,0.0930582548626914,0.15996256,0.025588023
7988,1,0,0.09114671,-0.080325365,0.1131873422795801,0.022040635,0.0004857896
7989,1,0,0.1116879,-0.0827291,0.0875676847150597,0.024120212,0.0005817846
7990,1,0,0.08554602,-0.07975912,0.0983600406252946,0.012814023,0.00016419917
7991,1,0,0.09655523,-0.08090806,-0.2606623087915447,0.35721755,0.12760438
7992,0,0,0.24238753,0.021639585,-0.2793838273455153,0.5217714,0.27224538
7993,1,0,-0.28576088,0.012051582,-0.4276750339936357,0.14191416,0.020139629
7994,1,0,-0.4336083,-0.103657246,-0.2806939295535167,0.15291438,0.023382805
7995,1,0,-0.28707385,0.011310101,-0.229091932969244,0.057981923,0.0033619034
7996,1,0,-0.23529029,0.032273293,-0.1389319995798299,0.096358284,0.009284919
7997,1,0,-0.14443898,0.042241573,-0.0807126274994374,0.06372636,0.004061049
7998,1,0,-0.08554292,0.030701637,-0.1468118888120959,0.06126897,0.0037538868
7999,1,0,-0.15239644,0.042671204,-0.09144740370825,0.060949035,0.003714785
8000,1,0,-0.096414804,0.033964872,-0.1323981132763028,0.03598331,0.0012947986
8001,1,0,-0.13783765,0.041685104,-0.121789736540415,0.01604791,0.0002575354
8002,1,0,-0.12711549,0.04039216,-0.1057297063175557,0.021385781,0.00045735165
8003,1,0,-0.11087108,0.037499905,-0.0463844122398104,0.06448667,0.0041585304
8004,1,0,-0.05073881,0.016704082,-0.1384330495385417,0.08769424,0.00769028
8005,1,0,-0.14393473,0.042205572,-0.2136987965126899,0.06976406,0.0048670243
8006,1,0,-0.21981144,0.03618741,-0.0494989236430378,0.17031252,0.029006356
8007,1,0,-0.053898335,0.018200636,-0.1116809439892998,0.057782613,0.0033388303
8008,1,0,-0.11689186,0.038704395,-0.0436750687631395,0.073216796,0.0053606993
8009,1,0,-0.04798937,0.015364885,0.0162567219898353,0.06424609,0.0041275597
8010,1,0,0.012904406,-0.023195028,-0.1358687432037539,0.14877315,0.02213345
8011,1,0,-0.14134479,0.04200387,-0.1179883527166705,0.02335643,0.00054552284
8012,1,0,-0.12327123,0.039809704,-0.1891175339536448,0.06584631,0.0043357364
8013,1,0,-0.19506502,0.040613413,-0.2133853540843571,0.018320337,0.00033563474
8014,1,0,-0.21949649,0.03625822,-0.1971156391995125,0.022380844,0.0005009022
8015,1,0,-0.20312095,0.039425373,-0.2610222750934867,0.057901323,0.0033525631
8016,1,0,-0.2673521,0.02149868,0.0696958264948741,0.33704793,0.11360131
8017,1,0,0.067323446,-0.072133064,-0.0301993306355736,0.09752278,0.009510693
8018,1,0,-0.034310818,0.0081887245,0.0241788877818458,0.058489706,0.0034210458
8019,1,0,0.020965338,-0.029582739,-0.0855618255992367,0.106527165,0.011348037
8020,1,0,-0.09045434,0.03224063,0.0680985673618832,0.15855291,0.025139026
8021,1,0,0.065695286,-0.07047224,0.1456096197466725,0.07991433,0.0063863005
8022,1,0,0.14479923,-0.08770466,0.1740363783654035,0.029237151,0.000854811
8023,1,0,0.17385674,-0.09319615,0.1476954335721436,0.026161298,0.00068441354
8024,1,0,0.14693093,-0.08807087,-0.0964466140567728,0.24337754,0.059232626
8025,1,0,-0.10147619,0.035306454,-0.2176924854595943,0.11621629,0.013506225
8026,1,0,-0.22382832,0.035254717,-0.3517969650271864,0.12796864,0.016375972
8027,1,0,-0.35814738,-0.037077665,-0.422859530143052,0.06471214,0.0041876608
8028,1,0,-0.42883182,-0.09905124,-0.5538978588745951,0.12506604,0.015641514
8029,1,0,-0.55868506,-0.23787785,-0.832948363783713,0.27426332,0.07522037
8030,1,0,-0.83125806,-0.5749948,-0.8881263852961618,0.056868315,0.0032340053
8031,1,0,-0.8842404,-0.64156055,-0.9292301624484564,0.044989765,0.002024079
8032,1,0,-0.9234965,-0.6904168,-0.938861632785569,0.015365124,0.00023608703
8033,1,0,-0.93266845,-0.7017598,-0.9650965965289005,0.032428145,0.0010515846
8034,1,0,-0.95759916,-0.73243546,-0.927663971534185,0.029935181,0.0008961151
8035,1,0,-0.9220042,-0.6885693,-0.7645744486043515,0.15742975,0.024784127
8036,1,0,-0.7651663,-0.49145985,-0.845251068967134,0.0800848,0.0064135753
8037,1,0,-0.8430989,-0.5899193,-0.8459642213591079,0.0028653145,8.210027e-06
8038,1,0,-0.8437848,-0.5907831,-0.8918260647448406,0.048041284,0.002307965
8039,1,0,-0.8877809,-0.64598703,-0.9889421924524546,0.1011613,0.010233609
8040,1,0,-0.98019266,-0.76002145,-0.8902457131178321,0.089946926,0.0080904495
8041,1,0,-0.8862686,-0.64409685,-0.8340908288117954,0.052177787,0.0027225215
8042,1,0,-0.8323579,-0.5763824,-0.694058145429489,0.13829976,0.019126825
8043,1,0,-0.69651556,-0.4050069,-0.5963418471524107,0.10017371,0.010034773
8044,1,0,-0.60060906,-0.28724217,-0.5987739880094058,0.0018350482,3.3674019e-06
8045,1,0,-0.6030071,-0.2901144,-0.6280864355523819,0.02507937,0.00062897475
8046,1,0,-0.63186145,-0.32501698,-0.517841482836856,0.11401999,0.013000558
8047,1,0,-0.52294993,-0.19730258,-0.462315981724807,0.060633957,0.003676477
8048,1,0,-0.4679184,-0.13807917,-0.4114759585176077,0.05644244,0.003185749
8049,1,0,-0.41753364,-0.08835101,-0.4780837309643364,0.060550094,0.0036663138
8050,1,0,-0.48350477,-0.15443301,-0.4433966304911476,0.040108144,0.0016086632
8051,1,0,-0.4491911,-0.11900759,-0.3258114316408802,0.12337965,0.015222537
8052,1,0,-0.33221102,-0.017627716,-0.3522925612579817,0.02008155,0.00040326864
8053,1,0,-0.35864115,-0.037466288,-0.1165811148282691,0.24206004,0.05859306
8054,1,0,-0.12184787,0.03957796,-0.1193491369314809,0.002498731,6.2436566e-06
8055,1,0,-0.12464762,0.040025473,-0.0084815488798195,0.11616607,0.013494556
8056,1,0,-0.012248993,-0.0051939487,-0.1183952050367107,0.10614621,0.011267018
8057,1,0,-0.12368274,0.039876223,-0.0990721280950994,0.024610609,0.0006056821
8058,1,0,-0.104133844,0.035965443,-0.2622177735370226,0.15808392,0.024990525
8059,1,0,-0.2685516,0.02102828,-0.2101818499411565,0.05836974,0.0034070266
8060,1,0,-0.21627331,0.036959887,-0.3343134769424147,0.118040174,0.013933483
8061,1,0,-0.34070253,-0.023780346,-0.2995619612579152,0.041140586,0.0016925478
8062,1,0,-0.30596614,-2.3841858e-06,-0.3086990188287783,0.002732873,7.4685945e-06
8063,1,0,-0.31510758,-0.0058960915,-0.3660252965952164,0.050917715,0.0025926137
8064,1,0,-0.37232852,-0.04850912,-0.2212390490998554,0.15108947,0.02282803
8065,1,0,-0.22739553,0.034377813,-0.157713848703739,0.06968169,0.004855538
8066,1,0,-0.16340184,0.042837143,-0.0940597936542704,0.06934205,0.0048083193
8067,1,0,-0.09905982,0.03467965,-0.0539712009431938,0.04508862,0.0020329836
8068,1,0,-0.05843544,0.020270348,-0.0230986222188427,0.03533682,0.0012486908
8069,1,0,-0.02709961,0.004061222,0.0839250842081438,0.11102469,0.012326483
8070,1,0,0.08183122,-0.079405546,0.0303097913445093,0.051521428,0.0026544575
8071,1,0,0.02720499,-0.034733295,0.0346827064166834,0.0074777156,5.591623e-05
8072,1,0,0.031656504,-0.038517237,-0.1078378892862468,0.13949439,0.019458685
8073,1,0,-0.11300421,0.03794408,-0.0263444199394986,0.08665979,0.007509919
8074,1,0,-0.030396223,0.0059776306,-0.0840927990411994,0.053696573,0.0028833218
8075,1,0,-0.08896685,0.031784534,-0.1414772414577232,0.052510396,0.0027573416
8076,0,0,0.1328814,0.042408943,-0.2418053326500371,0.37468672,0.14039014
8077,1,0,-0.24806356,0.028403282,-0.3423899687307234,0.09432641,0.008897471
8078,1,0,-0.34876347,-0.029817343,-0.395731311668368,0.046967834,0.0022059774
8079,1,0,-0.40189052,-0.07400775,-0.4166642472155275,0.014773726,0.000218263
8080,1,0,-0.42268443,-0.09319401,-0.2382644428098945,0.18441999,0.034010734
8081,1,0,-0.24450684,0.029537678,-0.1664717494312362,0.07803509,0.0060894745
8082,1,0,-0.17223787,0.042615414,-0.1947857497074636,0.02254787,0.0005084065
8083,1,0,-0.20077491,0.039796352,-0.1317805933399687,0.06899431,0.0047602155
8084,1,0,-0.13721323,0.04162407,-0.0278261453678045,0.109387085,0.011965535
8085,1,0,-0.031900883,0.0068359375,0.0339253686182559,0.06582625,0.0043330956
8086,1,0,0.030885696,-0.037855625,0.1089423138028178,0.07805662,0.0060928357
8087,1,0,0.1073544,-0.082178354,0.0902597320092595,0.017094672,0.0002922278
8088,1,0,0.08829188,-0.08003187,0.1446574751480374,0.056365594,0.0031770803
8089,1,0,0.14382672,-0.087539196,0.1257505249513766,0.018076196,0.00032674888
8090,1,0,0.12451434,-0.08449435,0.1487285350499285,0.024214193,0.00058632717
8091,1,0,0.14798594,-0.088255405,0.2758000018320512,0.12781405,0.016336432
8092,1,0,0.27803898,-0.044232607,0.4043997220553681,0.12636074,0.015967038
8093,1,0,0.40949392,0.093598366,0.2590007491633099,0.15049317,0.022648195
8094,1,0,0.26082492,-0.062088728,0.2064337310961734,0.05439119,0.0029584016
8095,1,0,0.20699787,-0.10021448,0.3208549142585588,0.11385703,0.0129634235
8096,1,0,0.32422996,0.0038282871,0.2218204908996104,0.10240947,0.010487699
8097,1,0,0.22274685,-0.09379983,0.2853533511949138,0.06260651,0.0039195754
8098,1,0,0.28782988,-0.03406334,0.3936826230008914,0.10585275,0.011204805
8099,1,0,0.39884877,0.08203626,0.2564603407014658,0.14238843,0.020274466
8100,1,0,0.25822234,-0.06478691,0.1809464642764724,0.07727587,0.0059715603
8101,1,0,0.18092251,-0.094691515,0.2178074106990926,0.036884904,0.0013604962
8102,1,0,0.21863866,-0.09546852,0.1445206278486548,0.07411803,0.005493483
8103,1,0,0.14368653,-0.08751464,0.1525468228128583,0.00886029,7.850474e-05
8104,1,0,0.15188837,-0.08894682,0.1632032726775478,0.011314899,0.00012802694
8105,1,0,0.162781,-0.09097791,0.2448620293314172,0.082081035,0.0067372965
8106,1,0,0.24634123,-0.07709074,0.2622643678671115,0.015923142,0.00025354646
8107,1,0,0.26416898,-0.058623552,0.2616599562892379,0.0025090277,6.29522e-06
8108,1,0,0.2635491,-0.059263945,0.2619953890504938,0.0015537143,2.4140281e-06
8109,1,0,0.26389337,-0.0589087,0.1332512080611221,0.13064216,0.017067375
8110,1,0,0.13217402,-0.08564687,0.0114869985604411,0.120687015,0.014565356
8111,1,0,0.0080525875,-0.019495726,0.000622530544958,0.007430057,5.5205746e-05
8112,1,0,-0.0029952526,-0.011476278,0.1545607300445617,0.15755598,0.024823887
8113,1,0,0.15394688,-0.089319706,0.3114311321682046,0.15748426,0.024801293
8114,1,0,0.31456542,-0.006244421,0.3007643311795749,0.013801098,0.00019047031
8115,1,0,0.30362844,-0.017633915,0.3133564679237262,0.0097280145,9.463426e-05
8116,1,0,0.31653976,-0.0041866302,0.2487829795101688,0.06775679,0.004590982
8117,1,0,0.25035763,-0.07293439,0.2391083358145516,0.011249289,0.0001265465
8118,1,0,0.24044871,-0.08318877,0.1022712210065099,0.13817748,0.019093018
8119,1,0,0.10054636,-0.08136082,0.190811511793719,0.090265155,0.0081477985
8120,1,0,0.19101381,-0.09693527,0.2864292550972585,0.09541544,0.009104107
8121,1,0,0.2889328,-0.032916784,0.4584301638831229,0.16949737,0.028729359
8122,1,0,0.4631858,0.15209723,0.229001521817922,0.23418427,0.05484227
8123,1,0,0.2300992,-0.09082341,0.3499548216644919,0.11985561,0.014365368
8124,1,0,0.35407948,0.03500104,0.3150104375426692,0.039069057,0.0015263911
8125,1,0,0.31823587,-0.0024199486,0.2076997312876844,0.11053614,0.012218239
8126,1,0,0.20829344,-0.09968543,0.2569351224113898,0.04864168,0.0023660131
8127,1,0,0.25870824,-0.06428313,0.1058805352558915,0.15282771,0.02335631
8128,1,0,0.10422945,-0.081795454,0.1958222375091858,0.09159279,0.008389239
8129,1,0,0.19613934,-0.09812403,0.310216767834198,0.11407742,0.013013657
8130,1,0,0.3133204,-0.0075423717,0.4299225858105573,0.11660218,0.013596069
8131,1,0,0.4348507,0.121189594,0.3265525449610447,0.10829815,0.01172849
8132,1,0,0.3300736,0.00992465,0.1696328415310342,0.16044076,0.025741236
8133,1,0,0.16935349,-0.09227657,0.1608325307660614,0.008520961,7.2606774e-05
8134,1,0,0.160357,-0.090513706,0.3070288173840341,0.14667183,0.021512626
8135,1,0,0.31005144,-0.010946751,0.2487821623486827,0.061269283,0.003753925
8136,1,0,0.25035644,-0.07293439,0.287014723901037,0.036658287,0.00134383
8137,1,0,0.28953266,-0.032293558,0.3173794876977442,0.027846813,0.000775445
8138,1,0,0.3206656,0.000113248825,0.2213303618135085,0.09933524,0.009867489
8139,1,0,0.22224545,-0.09400344,0.263335416794682,0.041089952,0.0016883841
8140,1,0,0.26526594,-0.057485342,0.2743353589449713,0.009069413,8.225425e-05
8141,1,0,0.27653813,-0.045791388,0.3526644620474037,0.07612634,0.005795219
8142,1,0,0.3568592,0.03790927,0.3570828174805776,0.00022360682,5.000001e-08
8143,1,0,0.3613925,0.042652845,0.3121286136043841,0.049263895,0.0024269314
8144,1,0,0.31528115,-0.0054991245,0.2964964479669176,0.018784702,0.00035286503
8145,1,0,0.299253,-0.02218628,0.3793201721565693,0.08006719,0.0064107548
8146,1,0,0.38421202,0.066562176,0.4151401706286108,0.030928165,0.00095655135
8147,1,0,0.4201634,0.10520005,0.3599213800564982,0.060242027,0.003629102
8148,1,0,0.36430478,0.045701265,0.6016431027870399,0.2373383,0.05632947
8149,1,0,0.60565495,0.30878353,0.3364143196264755,0.26924065,0.07249053
8150,1,0,0.3401885,0.020483494,0.2081418310085783,0.13204667,0.017436324
8151,1,0,0.20874572,-0.09950018,0.1790317668748158,0.029713959,0.00088291935
8152,1,0,0.17896414,-0.094270945,0.3438965208106186,0.16493237,0.027202686
8153,1,0,0.34786367,0.028503656,0.4631867338168791,0.11532307,0.013299409
8154,1,0,0.46791506,0.15726304,0.4437744869555726,0.024140567,0.00058276695
8155,1,0,0.44861746,0.13619566,0.4624950305734643,0.013877571,0.00019258697
8156,1,0,0.46722746,0.15651155,0.5513049776947407,0.08407754,0.007069032
8157,1,0,0.55556154,0.25344467,0.5514037239320841,0.004157841,1.7287644e-05
8158,1,0,0.5556605,0.2535522,0.5737675075230269,0.018106997,0.00032786335
8159,1,0,0.5779135,0.2781031,0.490689296510082,0.087224215,0.0076080635
8160,1,0,0.4952619,0.18718624,0.4193521642960158,0.075909734,0.005762288
8161,1,0,0.42434764,0.10975313,0.3754085746270723,0.04893908,0.0023950334
8162,1,0,0.38019776,0.062352657,0.4872755087623051,0.10707775,0.011465644
8163,1,0,0.4918673,0.18346691,0.7292232173950652,0.23735589,0.05633782
8164,1,0,0.73262286,0.45027924,0.730964446497937,0.0016584396,2.750422e-06
8165,1,0,0.7343552,0.4522226,0.6385338405359682,0.09582138,0.009181737
8166,1,0,0.6423714,0.34951782,0.7946281024222697,0.15225667,0.023182092
8167,1,0,0.79768014,0.5234864,0.8177285441977777,0.02004838,0.00040193755
8168,1,0,0.81987643,0.5494468,0.8686216531992277,0.048745215,0.002376096
8169,1,0,0.8673718,0.606827,0.9427456145110198,0.07537383,0.005681214
8170,1,0,0.93781877,0.69084907,0.8765340981692114,0.06128466,0.0037558097
8171,1,0,0.874758,0.615772,0.7867406684096232,0.088017344,0.0077470527
8172,1,0,0.78983665,0.5146353,0.8471845964098104,0.057347953,0.0032887878
8173,1,0,0.84736323,0.5826266,0.8602393177655059,0.012876093,0.00016579378
8174,1,0,0.8595474,0.59735894,1.0736027958431094,0.21405542,0.045819722
8175,1,0,1.0674665,0.84041953,1.246417513459202,0.17895103,0.03202347
8176,1,0,1.2424858,1.0345752,1.3329422295403377,0.090456486,0.008182376
8177,1,0,1.330898,1.1313074,1.273361199730627,0.05753684,0.003310488
8178,1,0,1.2699783,1.0646498,1.3059475062529162,0.035969257,0.0012937875
8179,1,0,1.3032753,1.1010811,1.273257802355078,0.030017495,0.00090105
8180,1,0,1.2698729,1.0645335,1.23486287118989,0.03500998,0.0012256987
8181,1,0,1.2307074,1.0216925,1.137637671893088,0.09306979,0.008661986
8182,1,0,1.1318853,0.9136269,1.0800251969637915,0.051860094,0.0026894694
8183,1,0,1.0738533,0.8477981,1.1522348971432297,0.07838166,0.006143684
8184,1,0,1.1466877,0.9298103,1.075095022830038,0.07159269,0.005125513
8185,1,0,1.0689495,0.8421328,1.0825094504429518,0.0135599375,0.0001838719
8186,1,0,1.0763252,0.8506534,1.136036882857154,0.059711695,0.0035654865
8187,1,0,1.1302617,0.9118521,0.945546938696141,0.18471473,0.03411953
8188,1,0,0.94058347,0.6940367,0.9533528252407256,0.0127693415,0.00016305609
8189,1,0,0.94829154,0.70291734,1.0077860504359584,0.059494495,0.003539595
8190,1,0,1.0021374,0.7650001,0.8974813081940956,0.1046561,0.010952899
8191,1,0,0.8943126,0.6394775,0.9282110249077022,0.033898413,0.0011491025
8192,1,0,0.9234793,0.67433333,1.0142067483016208,0.09072745,0.00823147
8193,1,0,1.0084989,0.7723415,1.0367435728042662,0.028244615,0.0007977582
8194,1,0,1.0308506,0.798136,1.2002298200516317,0.16937912,0.028689284
8195,1,0,1.1954458,0.9831269,1.1298527929953592,0.065593004,0.004302442
8196,1,0,1.1239941,0.90500045,0.95038325302662,0.17361087,0.030140733
8197,1,0,0.9453585,0.699538,1.0149584147158444,0.06959987,0.0048441417
8198,1,0,1.0092452,0.7732003,1.009023764948545,0.00022137165,4.9005408e-08
8199,1,0,1.0033634,0.76641536,0.8565074575043634,0.14685589,0.021566652
8200,1,0,0.85606456,0.5931461,0.7372885031120933,0.11877608,0.014107758
8201,1,0,0.7406471,0.45928383,0.935754371260782,0.19510728,0.038066853
8202,1,0,0.9309199,0.682904,0.7982535953531795,0.13266629,0.017600344
8203,1,0,0.8012855,0.52755666,1.0165171302928069,0.21523166,0.046324667
8204,1,0,1.0107896,0.7749822,0.935604335392236,0.0751853,0.005652829
8205,1,0,0.93077207,0.6827333,0.8729942441112972,0.057777822,0.0033382766
8206,1,0,0.87145305,0.61176944,0.7860209263791709,0.08543211,0.007298646
8207,1,0,0.7891209,0.5138266,0.8394236452901178,0.050302744,0.002530366
8208,1,0,0.84012103,0.57387567,1.0132484320746058,0.17312741,0.0299731
8209,1,0,1.0075495,0.7712443,1.050808095548208,0.043258548,0.0018713019
8210,1,0,1.0448134,0.8142569,1.02996482940697,0.01484859,0.00022048062
8211,1,0,1.0241249,0.79037213,1.1689721038119667,0.14484727,0.020980733
8212,1,0,1.1636765,0.94838643,1.0315343489213844,0.13214219,0.017461557
8213,1,0,1.0256822,0.79216886,0.9587307415424812,0.06695145,0.004482497
8214,1,0,0.953604,0.709038,0.8801640239327644,0.073439956,0.005393427
8215,1,0,0.8781464,0.61987615,0.7655113404872806,0.112635076,0.0126866605
8216,1,0,0.7687228,0.49084234,0.8506280366187693,0.081905246,0.0067084692
8217,1,0,0.8505776,0.5865114,0.8243269559198816,0.02625066,0.00068909716
8218,1,0,0.8260329,0.55687094,0.7813143730633718,0.044718504,0.0019997447
8219,1,0,0.7844403,0.50854874,0.8227831286612992,0.038342834,0.0014701729
8220,1,0,0.82459235,0.55513406,0.7638243527474367,0.06076801,0.0036927508
8221,1,0,0.7670448,0.48895216,0.799921025992234,0.032876253,0.001080848
8222,1,0,0.80294347,0.52942944,0.6584719522615186,0.14447153,0.020872021
8223,1,0,0.662215,0.37159467,0.6395776214788813,0.022637367,0.0005124504
8224,1,0,0.6434109,0.3506713,0.6134782029715118,0.029932737,0.00089596875
8225,1,0,0.6174338,0.32183504,0.5140009729705541,0.103432834,0.010698351
8226,1,0,0.5184488,0.21261907,0.4237942182785357,0.09465462,0.008959497
8227,1,0,0.42876148,0.11455798,0.387152939140996,0.041608542,0.0017312708
8228,1,0,0.39225006,0.07499766,0.5641447879287829,0.17189473,0.029547798
8229,1,0,0.56833816,0.26753235,0.558376623530533,0.0099615455,9.923239e-05
8230,1,0,0.56259775,0.26120162,0.5727033704741626,0.01010561,0.000102123355
8231,1,0,0.57685447,0.27693367,0.6359322372330891,0.0590778,0.0034901863
8232,1,0,0.6397822,0.3466394,0.5252827497739898,0.11449945,0.013110124
8233,1,0,0.5296712,0.2249484,0.7273798334165309,0.19770867,0.03908872
8234,1,0,0.73078847,0.4482231,0.7636706636260029,0.032882214,0.00108124
8235,1,0,0.7668917,0.48878098,0.686947531213653,0.07994419,0.006391074
8236,1,0,0.69055486,0.40319824,0.6001340452870436,0.09042078,0.008175918
8237,1,0,0.6041529,0.30712008,0.6375657738313136,0.033412874,0.0011164201
8238,1,0,0.6414077,0.34844565,0.5244466100857745,0.11696112,0.013679904
8239,1,0,0.5288398,0.2240336,0.6675899516882811,0.13875014,0.0192516
8240,1,0,0.67129016,0.38170433,0.5802963548134898,0.09099382,0.008279876
8241,1,0,0.5844104,0.28528142,0.6388402904055837,0.05442989,0.0029626128
8242,1,0,0.6426766,0.34985542,0.843511364034256,0.20083475,0.040334597
8243,1,0,0.84393525,0.5784843,0.7183156133658515,0.12561965,0.015780296
8244,1,0,0.7217696,0.43811393,0.6654251166420653,0.05634445,0.003174697
8245,1,0,0.66913533,0.37930298,0.7289876206377106,0.059852302,0.003582298
8246,1,0,0.73238826,0.45001578,0.7207782629933779,0.0116099715,0.00013479144
8247,1,0,0.72422004,0.4408598,0.712696202928965,0.011523843,0.00013279896
8248,1,0,0.7161782,0.43185163,0.7767275455141207,0.06054938,0.0036662272
8249,1,0,0.77987885,0.5034058,0.7703253380004669,0.009553492,9.126921e-05
8250,1,0,0.7735112,0.49623322,0.6418478357418906,0.13166332,0.01733523
8251,1,0,0.6456697,0.3531835,0.6176880983130357,0.02798158,0.00078296877
8252,1,0,0.62162423,0.32648087,0.6325373971786399,0.010913193,0.000119097786
8253,1,0,0.63640285,0.34288526,0.6301308894687856,0.0062719584,3.933746e-05
8254,1,0,0.63400817,0.34022546,0.5930333774605407,0.040974796,0.0016789339
8255,1,0,0.5970862,0.29929733,0.7763837392767843,0.17929757,0.032147616
8256,1,0,0.77953696,0.50302076,0.7719734121882635,0.0075635314,5.7207006e-05
8257,1,0,0.77515054,0.49807978,0.736683189583275,0.038467348,0.0014797369
8258,1,0,0.74004483,0.45860744,0.6202809324850986,0.11976391,0.014343394
8259,1,0,0.6242044,0.32934403,0.5789300787216667,0.045274317,0.002049764
8260,1,0,0.58305144,0.2837782,0.6141663622110136,0.031114936,0.0009681392
8261,1,0,0.618119,0.32259393,0.6320679349476497,0.013948917,0.00019457229
8262,1,0,0.635936,0.3423667,0.6492717428382959,0.013335705,0.00017784102
8263,1,0,0.6530583,0.36140132,0.6926748176288604,0.039616525,0.0015694691
8264,1,0,0.6962545,0.4095664,0.4752756480138962,0.22097886,0.048831657
8265,1,0,0.47993493,0.17040539,0.515749805099849,0.03581488,0.0012827057
8266,1,0,0.52018833,0.21452928,0.6115892516692241,0.09140092,0.008354128
8267,1,0,0.6155541,0.3197503,0.7833496619121063,0.16779554,0.028155344
8268,1,0,0.78646445,0.51083064,0.7380161763448929,0.048448265,0.0023472344
8269,1,0,0.7413709,0.4600954,0.7268651628653688,0.014505744,0.0002104166
8270,1,0,0.73027635,0.44764948,0.5450616817055791,0.18521464,0.034304462
8271,1,0,0.54934955,0.24660015,0.4670325127106092,0.082317024,0.0067760926
8272,1,0,0.47173858,0.16144276,0.48846102897018,0.01672244,0.00027964002
8273,1,0,0.49304605,0.18475842,0.43750571397057,0.055540323,0.0030847276
8274,1,0,0.44238734,0.12940145,0.3744621852799814,0.067925155,0.0046138265
8275,1,0,0.37922597,0.061333656,0.5506755672887076,0.1714496,0.029394966
8276,1,0,0.5549352,0.2527535,0.7106886753384747,0.15575343,0.024259131
8277,1,0,0.71418023,0.4296155,0.8585204581321491,0.14434022,0.020834098
8278,1,0,0.8579433,0.5954182,0.7483841279334711,0.10955918,0.012003213
8279,1,0,0.7516854,0.47167993,0.9680203662801784,0.216335,0.046800833
8280,1,0,0.9627836,0.7196176,0.9092545838120628,0.053528965,0.00286535
8281,1,0,0.90530515,0.65282226,1.0041183567879428,0.098813176,0.009764044
8282,1,0,0.9985039,0.76080775,1.0997806525003386,0.101276755,0.0102569815
8283,1,0,1.0935514,0.87052083,1.050222620725751,0.043328762,0.0018773816
8284,1,0,1.0442321,0.8135855,0.8861249519659169,0.15810716,0.024997875
8285,1,0,0.8837111,0.62662005,0.8733049097832137,0.010406196,0.00010828892
8286,1,0,0.87174296,0.6121199,0.8119088599737609,0.059834123,0.0035801223
8287,1,0,0.8144467,0.5429015,0.8153910281700232,0.0009443164,8.9173346e-07
8288,1,0,0.81769586,0.54681754,0.8268100236686684,0.009114146,8.306766e-05
8289,1,0,0.8283498,0.55966663,0.78814306424889,0.04020679,0.001616586
8290,1,0,0.7912319,0.51620746,0.7323473135081309,0.05888456,0.0034673915
8291,1,0,0.7357309,0.45376587,0.6164566995062564,0.1192742,0.014226334
8292,1,0,0.6203983,0.32512212,0.6573450673453336,0.036946774,0.0013650641
8293,1,0,0.66109395,0.37034512,0.6228484213334364,0.03824556,0.0014627228
8294,1,0,0.62676024,0.3321793,0.6077490454975663,0.0190112,0.00036142571
8295,1,0,0.61173177,0.3155141,0.5622495520824882,0.049482226,0.0024484908
8296,1,0,0.5664518,0.26545167,0.4106684642281926,0.15578333,0.024268445
8297,1,0,0.41572046,0.100367785,0.3229236094109828,0.09279686,0.008611257
8298,1,0,0.32635117,0.00604105,0.2866115590119054,0.03973961,0.0015792365
8299,1,0,0.2891202,-0.032722235,0.2378788423304736,0.051241353,0.0026256763
8300,1,0,0.23918986,-0.08449125,0.1213542594401211,0.1178356,0.01388523
8301,1,0,0.12002492,-0.08385372,0.1184560211609366,0.0015688986,2.4614426e-06
8302,1,0,0.117066145,-0.08344412,-0.0138655275867085,0.13093168,0.017143104
8303,1,0,-0.017719746,-0.0016658306,0.246455085607629,0.26417482,0.06978834
8304,1,0,0.2479732,-0.07540202,0.3021067041238701,0.054133505,0.0029304363
8305,1,0,0.3050046,-0.016201735,0.3365036754205599,0.031499088,0.0009921925
8306,1,0,0.34027982,0.020578861,0.2143521841986708,0.12592763,0.015857767
8307,1,0,0.21510243,-0.09690666,0.1600618823675894,0.055040553,0.0030294624
8308,1,0,0.15956974,-0.09036422,0.1958920705587394,0.036322325,0.0013193113
8309,1,0,0.19621086,-0.09814143,0.3707862395194783,0.17457539,0.030476566
8310,1,0,0.3754542,0.057379007,0.5420631896841273,0.16660899,0.027758555
8311,1,0,0.546366,0.2433157,0.5237474590217732,0.022618532,0.000511598
8312,1,0,0.5281439,0.2232697,0.4597721039160842,0.06837177,0.004674699
8313,1,0,0.46451998,0.15355372,0.4582762305598362,0.0062437356,3.8984235e-05
8314,1,0,0.4630332,0.1519301,0.370131123485947,0.092902064,0.008630794
8315,1,0,0.3747816,0.056674242,0.4608995610944761,0.08611795,0.007416302
8316,1,0,0.46564078,0.15477896,0.3798735312499612,0.08576724,0.007356019
8317,1,0,0.38477945,0.06715751,0.631855206577081,0.24707574,0.061046418
8318,1,0,0.6357243,0.34213138,0.5181584985231953,0.11756581,0.01382172
8319,1,0,0.5225837,0.21715975,0.3249039005220799,0.19767982,0.03907731
8320,1,0,0.3283825,0.008159399,0.1684815308541898,0.15990096,0.025568318
8321,1,0,0.16817665,-0.09203935,0.2625720900279638,0.09439543,0.008910497
8322,1,0,0.26448417,-0.05829668,0.4096117996046131,0.14512762,0.021062028
8323,1,0,0.41467142,0.09922671,0.4502553160992169,0.035583884,0.0012662128
8324,1,0,0.4550593,0.14322495,0.4438893538536073,0.01116994,0.00012476757
8325,1,0,0.44873142,0.13631964,0.4459039140898122,0.0028274953,7.9947295e-06
8326,1,0,0.4507339,0.13850355,0.2930736371439475,0.15766028,0.024856763
8327,1,0,0.29574442,-0.02583599,0.4747737452647871,0.17902932,0.032051496
8328,1,0,0.47943568,0.16985941,0.4394546995742892,0.039980978,0.0015984785
8329,1,0,0.44432378,0.13151312,0.4330668308419443,0.011256933,0.00012671854
8330,1,0,0.43797517,0.12459302,0.3624361522835762,0.07553902,0.005706144
8331,1,0,0.3668852,0.048403263,0.2330720952359843,0.13381308,0.017905941
8332,1,0,0.23426676,-0.08914232,0.1806166225763168,0.05365014,0.0028783376
8333,1,0,0.18058491,-0.09461856,0.1673296382856719,0.013255268,0.00017570214
8334,1,0,0.16699839,-0.09180546,0.1726247513481134,0.0056263655,3.165599e-05
8335,1,0,0.17241287,-0.09289813,0.2131882251726575,0.04077536,0.0016626299
8336,1,0,0.2139113,-0.097391844,-0.0024052548285808,0.21631655,0.04679285
8337,1,0,-0.0060732365,-0.009342909,-0.0472520386486992,0.041178804,0.0016956939
8338,1,0,-0.051619053,0.017125368,0.0497817087406353,0.10140076,0.010282115
8339,1,0,0.04703188,-0.052292347,0.1166857024743506,0.069653824,0.004851655
8340,1,0,0.11525869,-0.0831995,0.0708297444394681,0.044428952,0.0019739317
8341,1,0,0.06847882,-0.07332015,0.2699726448155681,0.20149383,0.040599763
8342,1,0,0.27206683,-0.05043173,0.1645896291840332,0.1074772,0.011551349
8343,1,0,0.16419768,-0.09125352,0.1186905126323316,0.04550717,0.0020709026
8344,1,0,0.11730504,-0.083477736,0.1297286403276367,0.012423605,0.00015434595
8345,1,0,0.128577,-0.08509636,0.1367653486443574,0.008188352,6.7049106e-05
8346,1,0,0.13576412,-0.08621192,-0.0272148778413137,0.162979,0.026562156
8347,1,0,-0.03128028,0.0064823627,-0.0821609753599399,0.050880693,0.0025888449
8348,1,0,-0.087010145,0.031172514,-0.277901603267157,0.19089144,0.036439545
8349,1,0,-0.28427553,0.012883425,-0.4717288355954472,0.1874533,0.03513874
8350,1,0,-0.4772253,-0.14779401,-0.4299532507299526,0.047272056,0.0022346473
8351,1,0,-0.4358678,-0.10585189,-0.2590518655556475,0.17681593,0.031263873
8352,1,0,-0.26537538,0.022263527,-0.3780714985676319,0.11269611,0.012700413
8353,1,0,-0.38432384,-0.05859208,-0.22331908602085,0.16100475,0.02592253
8354,1,0,-0.2294867,0.03384137,0.0109957473750057,0.24048245,0.05783181
8355,1,0,0.007553816,-0.019119978,-0.0054381115693766,0.012991928,0.00016879018
8356,1,0,-0.009155989,-0.0072495937,-0.0068496217316158,0.0023063668,5.319328e-06
8357,1,0,-0.010590553,-0.006290674,-0.0422391034549787,0.03164855,0.0010016307
8358,1,1,-0.046532393,0.014641523,-0.0765862695489891,0.030053876,0.00090323546
8359,1,1,-0.081362724,0.029307842,0.1350432603516105,0.21640599,0.046831552
8360,1,1,0.1340046,-0.08593273,0.0664460204254839,0.06755857,0.0045641605
8361,1,1,0.06401062,-0.06876588,-0.0213051750272978,0.085315794,0.0072787846
8362,1,1,-0.02527833,0.0029802322,0.0684044126014269,0.09368274,0.008776456
8363,0,1,-0.06107688,-0.07078838,-0.0624453523557821,0.0013684742,1.8727217e-06
8364,0,1,0.059966326,0.023934364,-0.0125045120156519,0.07247084,0.0052520223
8365,0,1,0.013802052,-0.0025453568,0.0669107027171249,0.053108647,0.0028205283
8366,0,1,-0.05969429,-0.069244385,-0.1299337963056239,0.0702395,0.0049335873
8367,0,1,0.12224412,0.041428566,0.0241522291264741,0.09809189,0.00962202
8368,0,1,-0.020112038,-0.029560328,0.2476497084418185,0.26776177,0.07169636
8369,0,1,-0.22702694,-0.074135065,-0.2422365955933871,0.01520966,0.00023133376
8370,0,1,0.22550154,0.0282619,0.4697101941385098,0.24420866,0.05963787
8371,0,1,-0.4317608,0.16435409,-0.5776935046642828,0.14593273,0.021296363
8372,0,1,0.52936363,-0.26536965,0.2806246104141481,0.24873903,0.061871108
8373,0,1,-0.257519,-0.039098263,-0.2053840025378877,0.052135006,0.0027180589
8374,0,1,0.19167852,0.037940264,0.0114347410881481,0.18024379,0.032487825
8375,0,1,-0.008343935,-0.019455194,0.0148606588354591,0.023204595,0.0005384532
8376,0,1,-0.011513233,-0.022100925,-0.0850984527667155,0.07358522,0.0054147844
8377,0,1,0.08088541,0.032098293,0.1506148563593861,0.06972945,0.004862196
8378,0,1,-0.13720942,-0.08859491,-0.1653869070197609,0.028177485,0.00079397066
8379,0,1,0.15489864,0.04265952,0.1390387712436402,0.015859872,0.00025153553
8380,0,1,-0.12648845,-0.08658552,-0.0942786401703772,0.032209806,0.0010374716
8381,0,1,0.089359045,0.03473854,0.3094209000632553,0.22006187,0.048427224
8382,0,1,-0.28412795,-0.008391619,-0.1604461184295882,0.12368183,0.015297195
8383,0,1,0.15035081,0.042801857,0.0834663379921316,0.06688447,0.0044735326
8384,0,1,-0.07502413,-0.079363346,-0.2165138993229249,0.14148977,0.020019356
8385,0,1,0.20190048,0.03553629,0.1287855646476798,0.07311492,0.005345791
8386,0,1,-0.11699319,-0.084952354,-0.0232092624624926,0.09378393,0.008795425
8387,0,1,0.023701906,0.0041270256,0.0352245790321585,0.011522673,0.000132772
8388,0,1,-0.030359983,-0.038993597,0.0403158393462574,0.07067582,0.0049950713
8389,0,1,-0.035072327,-0.04352832,-0.0391408299269548,0.004068505,1.6552733e-05
8390,0,1,0.038430214,0.013046265,-0.0781160360055355,0.11654625,0.013583029
8391,0,1,0.07443833,0.029833317,-0.0448154690379851,0.1192538,0.014221469
8392,0,1,0.04367566,0.015933037,0.0610303168007488,0.017354656,0.00030118407
8393,0,1,-0.054249763,-0.06326747,-0.0830382047769022,0.02878844,0.0008287743
8394,0,1,0.07898307,0.031452894,0.2655738222784474,0.18659076,0.034816112
8395,0,1,-0.2436049,-0.055107117,-0.3395737825892646,0.09596887,0.009210024
8396,0,1,0.31448913,-0.027691126,0.4179595589955558,0.103470445,0.010706133
8397,0,1,-0.38420153,0.10824776,-0.2848951447277299,0.099306375,0.009861756
8398,0,1,0.2645676,0.008893728,0.2922045166161027,0.027636915,0.0007637991
8399,0,1,-0.26822186,-0.026762724,-0.2097086980033475,0.058513165,0.0034237904
8400,0,1,0.1956513,0.037059784,0.355720256485891,0.16006896,0.025622072
8401,0,1,-0.32686353,0.04118967,-0.3350574668333506,0.00819394,6.714065e-05
8402,0,1,0.31037307,-0.024328709,0.2210733392437114,0.08929972,0.00797444
8403,0,1,-0.20243907,-0.09410977,-0.2967212536987627,0.09428218,0.008889129
8404,0,1,0.27538037,0.0017750263,0.1710930249103555,0.10428734,0.01087585
8405,0,1,-0.15617204,-0.09257722,-0.1716077430799898,0.015435711,0.00023826116
8406,0,1,0.16062331,0.042340755,0.0966560842162853,0.06396723,0.0040918062
8407,0,1,-0.08723736,-0.08071661,0.0740657976045757,0.16130316,0.02601871
8408,0,1,-0.06631899,-0.07673979,0.0009849624819802,0.06730395,0.004529821
8409,0,1,0.0013246536,-0.011735201,0.0184171239539114,0.01709247,0.00029215254
8410,0,1,-0.014804602,-0.024907589,-0.0718868047886336,0.057082206,0.0032583782
8411,0,1,0.06868625,0.027624369,-0.0434358888824539,0.11212213,0.012571373
8412,0,1,0.042400837,0.015245199,-0.0451247767209728,0.08752561,0.007660733
8413,0,1,0.043961525,0.016085625,-0.0220900749386707,0.0660516,0.004362814
8414,0,1,0.022667408,0.0034554005,0.0230176221440312,0.00035021454,1.2265022e-07
8415,0,1,-0.019061565,-0.028626919,-0.0244115145935412,0.005349949,2.8621955e-05
8416,0,1,0.024813652,0.0048422813,-0.0501834041183011,0.07499705,0.005624558
8417,0,1,0.04863572,0.018523455,0.1620739615289701,0.113438234,0.012868233
8418,0,1,-0.14782023,-0.090754986,-0.1738455994375383,0.02602537,0.0006773199
8419,0,1,0.1626823,0.042187452,0.1552631404395832,0.007419154,5.5043845e-05
8420,0,1,-0.14151335,-0.08945036,-0.3016024167048328,0.16008908,0.025628513
8421,0,1,0.27984023,-0.0012948513,0.3723172856986201,0.09247705,0.0085520055
8422,0,1,-0.34216547,0.05902624,-0.2545463424963095,0.087619126,0.0076771113
8423,0,1,0.23678493,0.023964167,0.1610657792968681,0.07571916,0.0057333917
8424,0,1,-0.14688635,-0.09055805,-0.2004405684358725,0.053554222,0.0028680547
8425,0,1,0.18713617,0.038859606,0.2451702369429345,0.058034062,0.0033679523
8426,0,1,-0.22473407,-0.07676458,-0.2717637456296766,0.047029674,0.0022117903
8427,0,1,0.25255346,0.016246796,0.5205033990480343,0.26794994,0.07179717
8428,0,1,-0.4783187,0.21972299,-0.2878850815855167,0.19043362,0.036264963
8429,0,1,0.26730275,0.007137537,0.1693309801701312,0.09797177,0.0095984675
8430,0,1,-0.1545403,-0.09221387,-0.1357124370978688,0.01882787,0.0003544887
8431,0,1,0.12756968,0.04199052,0.1841317531513713,0.05656208,0.003199269
8432,0,1,-0.16824412,-0.095402,-0.1920689603744465,0.02382484,0.00056762306
8433,0,1,0.17944217,0.040203333,0.332956531670884,0.15351436,0.023566658
8434,0,1,-0.30585933,0.016780376,-0.44264751659767,0.13678819,0.018711008
8435,0,1,0.40805507,-0.11826587,0.3066089544145778,0.10144612,0.010291316
8436,0,1,-0.2815299,-0.011395216,-0.33825752866412,0.056727618,0.0032180226
8437,0,1,0.3132894,-0.026706457,0.109065893491135,0.20422351,0.041707244
8438,0,1,-0.09873104,-0.08219457,-0.0410365477018701,0.057694495,0.0033286547
8439,0,1,0.040183067,0.014027834,0.0064997629790557,0.033683304,0.001134565
8440,0,1,-0.0037772655,-0.015744448,0.0317337771966603,0.035511043,0.0012610342
8441,0,1,-0.027129173,-0.035956144,0.0801842118127842,0.10731339,0.011516163
8442,0,1,-0.071985245,-0.0790596,-0.1189095421960155,0.0469243,0.0022018899
8443,0,1,0.11208081,0.039956093,-0.0357581029146536,0.14783892,0.021856347
8444,0,1,0.035303116,0.011253357,0.0050892983146524,0.030213818,0.0009128748
8445,0,1,-0.0024716854,-0.014704227,0.0567672224918078,0.059238907,0.0035092481
8446,0,1,-0.050302505,-0.059036016,-0.0593937188222066,0.009091213,8.2650164e-05
8447,0,1,0.057146072,0.022652626,0.0867900625156758,0.02964399,0.0008787661
8448,0,1,-0.07810187,-0.07968211,0.0239670973630823,0.10206897,0.010418074
8449,0,1,-0.019940376,-0.02940774,0.1402027557997298,0.16014314,0.025645824
8450,0,1,-0.12756658,-0.086779356,-0.04091831860456,0.086648256,0.0075079203
8451,0,1,0.04007387,0.01396656,0.0753665982388711,0.03529273,0.0012455768
8452,0,1,-0.06752348,-0.07812905,-0.1352209919428673,0.06769751,0.0045829527
8453,0,1,0.1271174,0.04194808,0.0730120700788554,0.054105327,0.0029273864
8454,0,1,-0.06534314,-0.07562065,0.0936194214103469,0.15896256,0.025269097
8455,0,1,-0.0844264,-0.08038521,0.0808750262694366,0.16530143,0.027324561
8456,0,1,-0.07262397,-0.07912207,-0.0994026155527847,0.026778646,0.00071709586
8457,0,1,0.094087124,0.03604579,0.2008641577880396,0.10677703,0.011401334
8458,0,1,-0.18373394,-0.09935355,-0.2625010726949885,0.07876712,0.006204259
8459,0,1,0.2440722,0.020916224,0.3302415502963951,0.08616936,0.0074251588
8460,0,1,-0.3033533,0.013872623,-0.2115357967101667,0.09181751,0.008430456
8461,0,1,0.19732928,0.036668062,0.1693876835264238,0.0279416,0.00078073295
8462,0,1,-0.15459347,-0.09222627,0.0512339729400901,0.20582744,0.042364936
8463,0,0,-0.04518032,-0.05367589,0.0271803342275669,0.07236066,0.0052360645
8464,0,0,-0.022914171,-0.032081366,0.0003703462046567,0.023284517,0.00054216874
8465,0,0,0.0018928051,-0.0112969875,0.0031526604781872,0.0012598555,1.5872358e-06
8466,0,0,-0.00068092346,-0.013293743,-0.0538114353421792,0.05313051,0.0028228513
8467,0,0,0.05198884,0.020196676,-0.0371053796648466,0.08909422,0.007937781
8468,0,0,0.036548615,0.011973858,-0.1214257738639252,0.15797439,0.024955908
8469,0,0,0.11440039,0.04033923,-0.112601806832528,0.2270022,0.05153
8470,0,0,0.106263876,0.038876295,-0.1354015937835586,0.24166547,0.0584022
8471,0,0,0.12728262,0.04196453,-0.0591975621852451,0.18648018,0.03477486
8472,0,0,0.05696535,0.022570133,-0.2846775677371034,0.34164292,0.11671988
8473,0,0,0.264369,0.009020567,-0.2070150329441773,0.47138405,0.22220293
8474,1,0,-0.21308589,0.03761649,-0.2443356011874811,0.031249717,0.0009765448
8475,1,0,-0.2506044,0.027565718,-0.2678304033203869,0.01722601,0.00029673544
8476,1,0,-0.2741804,0.018333197,-0.2690368862477488,0.005143523,2.6455831e-05
8477,1,0,-0.27538967,0.017698526,-0.2699505197614398,0.0054391623,2.9584486e-05
8478,1,0,-0.27630615,0.017215014,-0.2686512795517415,0.0076548755,5.8597117e-05
8479,1,0,-0.27500367,0.017902374,-0.1397971788673944,0.13520649,0.018280795
8480,1,0,-0.14531302,0.04230094,-0.1243196473713856,0.020993374,0.00044072178
8481,1,0,-0.129673,0.040744543,-0.0979178495173567,0.031755157,0.00100839
8482,1,0,-0.102965355,0.035678864,-0.0680186927787902,0.034946665,0.0012212694
8483,1,0,-0.07267928,0.026162148,-0.1099913299041577,0.037312046,0.0013921887
8484,1,0,-0.115183115,0.038377285,-0.1068636224478734,0.00831949,6.921391e-05
8485,1,0,-0.11201835,0.037741423,-0.1231687558901666,0.011150412,0.0001243317
8486,1,0,-0.12850976,0.040587425,-0.125416635023241,0.0030931234,9.567412e-06
8487,1,0,-0.13078141,0.040888786,-0.0520529546058692,0.07872845,0.006198169
8488,1,0,-0.056489944,0.019394398,-0.0283386723223317,0.028151272,0.0007924941
8489,1,0,-0.03242135,0.007130623,-0.1444672095645969,0.112045854,0.012554273
8490,1,0,-0.1500287,0.042571068,-0.0437234294684532,0.10630527,0.011300811
8491,1,0,-0.048038244,0.015389442,-0.2328517478759746,0.1848135,0.03415603
8492,1,0,-0.23906851,0.031188488,-0.3136617973617293,0.074593276,0.005564157
8493,1,0,-0.3200693,-0.009206295,-0.3825523942480866,0.062483072,0.0039041343
8494,1,0,-0.38878322,-0.062434196,-0.3706081108074714,0.018175095,0.0003303341
8495,1,0,-0.37689328,-0.052301645,-0.2436713957727954,0.13322188,0.017748069
8496,1,0,-0.2499373,0.027787447,-0.2686998245581318,0.018762529,0.00035203248
8497,1,0,-0.2750523,0.017876863,-0.1605167166207244,0.114535585,0.0131184
8498,1,0,-0.16622996,0.04279995,-0.2170410455240596,0.050811082,0.002581766
8499,1,0,-0.22317338,0.035411358,-0.194540476289756,0.028632909,0.0008198435
8500,1,0,-0.2005279,0.03983426,-0.3297692595844457,0.12924135,0.016703326
8501,1,0,-0.3361647,-0.02046585,-0.4648677158720207,0.128703,0.016564462
8502,1,0,-0.47044206,-0.1406982,-0.4041178734759225,0.066324174,0.004398896
8503,1,0,-0.4102261,-0.0815804,-0.4016664745607636,0.008559644,7.326751e-05
8504,1,0,-0.40778995,-0.07935047,-0.3832935909785884,0.024496347,0.000600071
8505,1,0,-0.38952112,-0.06307387,-0.398886395714618,0.009365261,8.7708104e-05
8506,1,0,-0.40502715,-0.07683873,-0.3268133397265846,0.07821381,0.0061174002
8507,1,0,-0.33321238,-0.01834178,-0.4395860961713227,0.10637373,0.01131537
8508,1,0,-0.44541645,-0.11524415,-0.4289151625140874,0.016501278,0.00027229218
8509,1,0,-0.4348383,-0.10485053,-0.2571009977303928,0.1777373,0.031590547
8510,1,0,-0.26341796,0.023007631,-0.3644622150272356,0.10104427,0.010209944
8511,1,0,-0.3707714,-0.047227383,-0.3177304131317124,0.05304098,0.0028133458
8512,1,0,-0.32413697,-0.011976242,-0.2853089463277607,0.038828015,0.0015076147
8513,1,0,-0.29169703,0.008652449,-0.3131308922040681,0.02143386,0.00045941037
8514,1,0,-0.3195386,-0.008848667,-0.2348379964382854,0.0847006,0.0071741915
8515,1,0,-0.24106407,0.030594826,-0.3072390737955435,0.066175014,0.0043791323
8516,1,0,-0.31364703,-0.0049364567,-0.4540621732733352,0.14041513,0.01971641
8517,1,0,-0.45975208,-0.12968087,-0.334576279756845,0.1251758,0.015668983
8518,1,0,-0.34096456,-0.023973942,-0.1999248646869675,0.14103968,0.019892193
8519,1,0,-0.20594883,0.03894949,-0.2124771222598194,0.006528288,4.2618547e-05
8520,1,0,-0.21858263,0.036460876,-0.2852294768666317,0.066646844,0.004441802
8521,1,0,-0.29161716,0.008699179,-0.1274879110772047,0.16412924,0.026938409
8522,1,0,-0.1328752,0.04114747,0.0118813169366731,0.14475653,0.020954452
8523,1,0,0.008454084,-0.019796371,-0.2216276310846421,0.23008172,0.052937597
8524,1,0,-0.2277863,0.03427887,-0.0899854164832616,0.13780089,0.018989084
8525,1,0,-0.09493399,0.033551455,-0.031924127441651,0.06300986,0.003970242
8526,1,0,-0.036062002,0.00915575,0.0679225723635883,0.10398457,0.010812791
8527,1,0,0.06551552,-0.07028937,0.0620441898809915,0.0034713298,1.2050131e-05
8528,1,0,0.05952549,-0.064285755,-0.2267730448332172,0.2862985,0.08196684
8529,1,0,-0.23295903,0.032918215,0.0188589118208013,0.25181794,0.06341228
8530,1,0,0.015552521,-0.025259733,0.0933716800298656,0.07781916,0.0060558217
8531,0,0,-0.08419585,-0.08035922,0.0091037142197922,0.09329957,0.0087048095
8532,0,0,-0.0061864853,-0.01768732,-0.0352354075506422,0.029048923,0.00084383995
8533,0,0,0.03482032,0.010971546,-0.134468755070932,0.16928907,0.028658789
8534,0,0,0.12642431,0.0418818,-0.184634612512875,0.31105894,0.096757665
8535,0,0,0.17260718,0.041171074,-0.078139058631752,0.25074625,0.062873684
8536,0,0,0.07445979,0.029841423,-0.1459358283162717,0.22039562,0.04857423
8537,0,0,0.13698864,0.04263687,-0.1085712978166024,0.24555993,0.06029968
8538,0,0,0.10254598,0.03809333,-0.1126210576361397,0.21516703,0.04629685
8539,1,0,-0.11784339,0.03888035,-0.076084994305869,0.041758396,0.0017437636
8540,1,0,-0.08085394,0.029132843,-0.1747720972868851,0.09391816,0.00882062
8541,1,0,-0.18060803,0.04211855,-0.1506003886342579,0.030007645,0.0009004588
8542,1,0,-0.15622187,0.04278469,-0.1669349975563347,0.01071313,0.00011477116
8543,1,0,-0.17270494,0.042595148,-0.1186154580752547,0.05408948,0.0029256719
8544,1,0,-0.12390518,0.0399096,-0.2219886783492013,0.098083496,0.009620372
8545,1,0,-0.22814965,0.03418684,-0.1605269069171138,0.06762275,0.0045728367
8546,1,0,-0.16624069,0.04279995,0.0006154936509035,0.16685618,0.027840987
8547,1,0,-0.0030019283,-0.01147151,-0.1053843747649003,0.102382444,0.010482165
8548,1,0,-0.11052227,0.037424803,-0.1072603585539599,0.003261909,1.0640049e-05
8549,1,0,-0.11241984,0.03782463,-0.2085642798917688,0.09614444,0.009243753
8550,1,0,-0.21464515,0.03730011,-0.1570951821699413,0.05754997,0.003311999
8551,1,0,-0.16277671,0.04284048,-0.273171854299834,0.11039513,0.012187085
8552,1,0,-0.2795353,0.015486717,-0.3426945557699459,0.06315926,0.0039890916
8553,1,0,-0.3490677,-0.030049086,-0.4778485540730415,0.12878087,0.016584514
8554,1,0,-0.48327255,-0.1541872,-0.3460111400263641,0.13726142,0.018840697
8555,1,0,-0.35237646,-0.03258276,-0.356966632438445,0.0045901835,2.1069785e-05
8556,1,0,-0.36330175,-0.04116893,-0.5318436791453904,0.16854191,0.028406374
8557,1,0,-0.53683996,-0.21288848,-0.602066758967609,0.06522679,0.0042545344
8558,1,0,-0.6062517,-0.29400826,-0.5668284957355079,0.039423227,0.0015541909
8559,1,0,-0.5714741,-0.25275445,-0.5226032324787186,0.04887086,0.0023883611
8560,1,0,-0.52767515,-0.20257688,-0.4247486666820679,0.10292649,0.010593863
8561,1,0,-0.43070602,-0.10085249,-0.3795940445773889,0.051111966,0.0026124332
8562,1,0,-0.38583946,-0.059892178,-0.4194438875565929,0.033604413,0.0011292566
8563,1,0,-0.42544317,-0.09581256,-0.3987071105026709,0.02673605,0.0007148164
8564,1,0,-0.40484905,-0.076677084,-0.3725000138303316,0.03234905,0.001046461
8565,1,0,-0.3787775,-0.053883076,-0.4193338182485577,0.04055631,0.0016448144
8566,1,0,-0.4253335,-0.09570861,-0.4627524445808255,0.03741893,0.0014001764
8567,1,0,-0.46834993,-0.1385262,-0.6334709842037136,0.16512108,0.027264971
8568,1,0,-0.6371536,-0.3314805,-0.4894492926827714,0.14770433,0.02181657
8569,1,0,-0.49473453,-0.1664617,-0.4909020665166435,0.0038324594,1.46877455e-05
8570,1,0,-0.49617934,-0.1680131,-0.2705705271683167,0.22560883,0.05089934
8571,1,0,-0.27692795,0.016885757,-0.2814897163929739,0.004561782,2.0809854e-05
8572,1,0,-0.28787112,0.010857105,-0.410904037089935,0.12303293,0.0151371015
8573,1,0,-0.41696548,-0.08782101,-0.3648272918583974,0.05213818,0.0027183897
8574,1,0,-0.371135,-0.04752612,-0.3882105449250508,0.017075539,0.00029157402
8575,1,0,-0.39441276,-0.06735325,-0.4055549033652772,0.011142135,0.00012414716
8576,1,0,-0.41165328,-0.08289385,-0.1618033911168335,0.24984989,0.062424965
8577,1,0,-0.16752839,0.04277277,-0.1301772055389731,0.03735119,0.0013951114
8578,1,0,-0.13559318,0.041454792,-0.1134545049305431,0.02213867,0.0004901207
8579,1,0,-0.1186862,0.039032698,-0.242821184994566,0.12413499,0.015409495
8580,1,0,-0.24908352,0.028069735,-0.3140808296428714,0.064997315,0.004224651
8581,1,0,-0.32048893,-0.009489059,-0.0990372597292421,0.22145167,0.049040843
8582,1,0,-0.1040988,0.035957098,0.0049875756348045,0.10908637,0.011899836
8583,1,0,0.0014431477,-0.014629841,-0.0081784551833874,0.0096216025,9.257523e-05
8584,1,0,-0.011940956,-0.005396843,0.0578880695882753,0.069829024,0.0048760925
8585,1,0,0.055290222,-0.060140133,0.091167959534371,0.035877734,0.0012872118
8586,1,0,0.08921909,-0.08012581,0.01155622913214,0.07766286,0.00603152
8587,1,0,0.008122921,-0.019547462,-0.0682454360701636,0.076368354,0.0058321254
8588,1,0,-0.07290912,0.026249409,-0.02101390849975,0.05189521,0.0026931127
8589,1,0,-0.02498269,0.0028028488,0.006142951076145,0.031125642,0.00096880563
8590,1,0,0.0026180744,-0.015479326,0.1745351318009391,0.17191705,0.029555472
8591,0,0,-0.15935874,-0.093301535,0.0478700892775463,0.20722882,0.042943787
8592,0,0,-0.042065382,-0.050488472,0.0389056835238514,0.08097106,0.006556313
8593,0,0,-0.033767223,-0.042259455,0.1559925063912994,0.18975973,0.036008757
8594,0,0,-0.14218903,-0.08958769,0.0695153213611305,0.21170434,0.04481873
8595,0,0,-0.062105656,-0.071944475,0.0950659501762851,0.1571716,0.024702914
8596,0,0,-0.0857656,-0.08054137,0.2680983372076704,0.35386392,0.12521967
8597,1,0,0.27014565,-0.052423716,0.2291848889020715,0.04096076,0.0016777838
8598,1,0,0.23028708,-0.090749025,0.1617760977130049,0.06851098,0.0046937545
8599,1,0,0.16132116,-0.090697765,0.2208115224277045,0.059490353,0.0035391022
8600,1,0,0.22171378,-0.09421849,0.1637407484984865,0.057973027,0.003360872
8601,1,0,0.16332984,-0.09108472,0.1828732826659882,0.01954344,0.000381946
8602,1,0,0.18289375,-0.09511924,0.3254325428553022,0.14253879,0.020317305
8603,1,0,0.32892466,0.00872612,0.4820835094203066,0.15315884,0.023457631
8604,1,0,0.48670435,0.17781353,0.4092677785711718,0.07743657,0.005996422
8605,1,0,0.4143288,0.098854065,0.3087169262947054,0.10561189,0.011153871
8606,1,0,0.31178236,-0.009144783,0.2218190113354579,0.08996335,0.008093404
8607,1,0,0.2227459,-0.09380007,0.1555687712704823,0.06717712,0.004512765
8608,1,0,0.15497684,-0.08950758,0.2012051815853626,0.046228334,0.0021370589
8609,1,0,0.20164776,-0.09943819,0.3585880820928668,0.15694031,0.024630262
8610,1,0,0.3629372,0.044268847,0.178078000160275,0.18485922,0.03417293
8611,1,0,0.177989,-0.09406304,0.2388135029640139,0.0608245,0.0036996196
8612,1,0,0.24014664,-0.08350062,0.3389342703939806,0.098787636,0.009758997
8613,1,0,0.34277368,0.023183823,0.3654543662971625,0.0226807,0.00051441416
8614,1,0,0.36998272,0.051647186,0.3615835740576401,0.008399159,7.0545866e-05
8615,1,0,0.36601043,0.047486782,0.2323961633385352,0.13361426,0.01785277
8616,1,0,0.23357487,-0.089420795,0.2077105169855961,0.025864348,0.00066896447
8617,1,0,0.20830464,-0.09968066,0.1104098732362888,0.09789477,0.009583387
8618,1,0,0.10885239,-0.082366705,0.0118810589049727,0.096971326,0.009403438
8619,1,0,0.008453846,-0.019796848,-0.1416995340676412,0.15015338,0.022546038
8620,1,0,-0.14723444,0.042422533,-0.2805614475685107,0.133327,0.01777609
8621,1,0,-0.2869408,0.011385202,-0.3898977737684732,0.10295695,0.010600134
8622,1,0,-0.3960905,-0.06883526,-0.2839586133598679,0.11213189,0.012573562
8623,1,0,-0.29034472,0.009437084,-0.3314441492514239,0.04109943,0.001689163
8624,1,0,-0.33783746,-0.021680593,-0.2872162267357243,0.05062124,0.00256251
8625,1,0,-0.29360723,0.007533312,-0.3424701669789765,0.048862934,0.0023875863
8626,1,0,-0.34884357,-0.029878855,-0.3658716086732521,0.017028034,0.00028995392
8627,1,0,-0.3721757,-0.048382282,-0.3513550675436239,0.020820618,0.00043349812
8628,1,0,-0.35770655,-0.036731243,-0.3049336033459471,0.05277294,0.002784983
8629,1,0,-0.3113408,-0.003435135,-0.2452410379730212,0.06609978,0.0043691806
8630,1,0,-0.25151396,0.02726078,-0.1545239010177983,0.096990064,0.009407072
8631,1,0,-0.16018224,0.042840004,-0.11161720990812,0.04856503,0.002358562
8632,1,0,-0.11682749,0.038691998,-0.0525409410314812,0.064286545,0.0041327598
8633,1,0,-0.056984663,0.01961732,-0.0354391758341736,0.021545488,0.00046420807
8634,1,0,-0.03963089,0.011081696,0.1009549670559941,0.14058585,0.019764382
8635,1,0,0.09920359,-0.08120608,-0.0245431658331005,0.12374675,0.015313258
8636,1,0,-0.028567314,0.0049204826,-0.1357086820619297,0.10714136,0.011479272
8637,1,0,-0.14118266,0.04199004,-0.0882141855959859,0.052968472,0.002805659
8638,1,0,-0.09314132,0.033036947,0.0484974940549167,0.14163882,0.020061554
8639,1,0,0.045723915,-0.051078796,0.101793877795604,0.056069963,0.0031438407
8640,1,0,0.10005903,-0.0813036,0.1022881639696025,0.0022291318,4.9690284e-06
8641,1,0,0.10056329,-0.081362724,0.2344272312889708,0.13386394,0.017919555
8642,1,0,0.23565531,-0.08814669,0.1250195702173977,0.11063574,0.012240267
8643,1,0,0.123767376,-0.084386826,0.0209673109198109,0.102800064,0.010567853
8644,1,0,0.017697334,-0.02695632,-0.1256354434930542,0.14333278,0.020544285
8645,1,0,-0.1310029,0.040917158,-0.1738452568391539,0.04284236,0.0018354676
8646,1,0,-0.17967391,0.042187452,-0.1728767127595283,0.0067971945,4.6201854e-05
8647,1,0,-0.17869711,0.042256355,-0.2192881207009134,0.040591016,0.0016476306
8648,1,0,-0.22543359,0.034865856,-0.0165198160847093,0.20891377,0.043644965
8649,1,0,-0.020417213,2.169609e-05,-0.0896572881017574,0.06924008,0.0047941883
8650,1,0,-0.09460235,0.033456802,-0.073583933350092,0.021018416,0.0004417738
8651,1,0,-0.07831979,0.02824378,-0.1966660601111232,0.118346274,0.014005841
8652,1,0,-0.20266819,0.03949809,-0.1728675005453119,0.029800683,0.00088808074
8653,1,0,-0.17868781,0.042256832,-0.1420584532598692,0.036629364,0.0013417103
8654,1,0,-0.14759684,0.042443037,-0.2907783580716314,0.14318153,0.02050095
8655,1,0,-0.29717422,0.0054101944,-0.2642138624717134,0.032960355,0.001086385
8656,1,0,-0.27055335,0.020203829,-0.1523642277989516,0.118189126,0.01396867
8657,1,0,-0.15800214,0.042817593,-0.0397137165580847,0.11828842,0.01399215
8658,1,0,-0.04396963,0.013344526,0.0771171665843133,0.1210868,0.014662012
8659,1,0,0.074888945,-0.078789234,-0.0124534070103634,0.08734235,0.0076286863
8660,1,0,-0.016285658,-0.002578497,0.0273829817223738,0.04366864,0.00190695
8661,1,0,0.02422595,-0.032251835,0.0397452756106457,0.015519325,0.00024084943
8662,1,0,0.036810637,-0.04301405,-0.0083894493160245,0.045200087,0.002043048
8663,1,0,-0.012155294,-0.005256176,0.1706276838138598,0.18278298,0.033409618
8664,1,0,0.17037106,-0.09248161,0.4144415477116951,0.2440705,0.05957041
8665,1,0,0.4194684,0.10444498,0.3034670472772496,0.11600137,0.013456318
8666,1,0,0.30639958,-0.014748573,0.267873611604394,0.03852597,0.0014842503
8667,1,0,0.26991606,-0.052662373,0.2353886254138779,0.034527436,0.0011921439
8668,1,0,0.2366395,-0.0871284,0.1995954198451373,0.037044078,0.0013722638
8669,1,0,0.20000076,-0.099040985,0.238888288227304,0.03888753,0.00151224
8670,1,0,0.24022293,-0.08342147,0.0962309762894273,0.14399195,0.02073368
8671,1,0,0.094383,-0.08066869,-0.0054049620468483,0.099787965,0.009957638
8672,1,0,-0.009122372,-0.0072727203,0.2252131764075642,0.23433554,0.054913145
8673,1,0,0.22622061,-0.09239197,0.2380867234829744,0.0118661225,0.00014080486
8674,1,0,0.23940277,-0.08427048,0.2538357686534569,0.0144329965,0.0002083114
8675,1,0,0.25553346,-0.06757259,0.3747788148293964,0.11924535,0.014219454
8676,1,0,0.3795507,0.061674118,0.4234407142336187,0.04389003,0.0019263347
8677,1,0,0.4284098,0.114176035,0.4018967364520067,0.02651307,0.0007029429
8678,1,0,0.40700698,0.09089637,0.4880002485197865,0.080993265,0.006559909
8679,1,0,0.49258733,0.18425584,0.4483766388240937,0.044210702,0.0019545862
8680,1,0,0.45319176,0.141186,0.4072032321466845,0.04598853,0.0021149449
8681,1,0,0.4122784,0.09662533,0.3966422166823533,0.015636206,0.00024449092
8682,1,0,0.40178847,0.08522725,0.5171891205019938,0.11540067,0.013317315
8683,1,0,0.52162004,0.21610165,0.5456025907982021,0.023982584,0.00057516433
8684,1,0,0.5498879,0.2471931,0.400153870707455,0.14973402,0.022420276
8685,1,0,0.40527606,0.0890162,0.3764469859408481,0.028829068,0.0008311152
8686,1,0,0.38126254,0.063470125,0.2849082205079738,0.096354306,0.009284153
8687,1,0,0.28737402,-0.03453684,0.1311515450937554,0.15622248,0.024405463
8688,1,0,0.13002968,-0.08531737,0.1793464565085192,0.04931678,0.0024321447
8689,1,0,0.17928648,-0.09433961,0.1961873359384585,0.016900852,0.00028563882
8690,1,0,0.19651294,-0.098212,0.2036339320693732,0.0071209967,5.0708593e-05
8691,1,0,0.20413303,-0.10004401,0.162421758190304,0.04171127,0.0017398301
8692,1,0,0.16198182,-0.090824366,0.116692236767157,0.045289584,0.0020511465
8693,1,0,0.11526513,-0.08320093,0.0266957663753246,0.088569365,0.007844533
8694,1,0,0.02352643,-0.03167534,6.728803696320895e-05,0.023459142,0.0005503314
8695,1,0,-0.0035591125,-0.011081219,-0.0133955332781487,0.00983642,9.675517e-05
8696,1,0,-0.017242432,-0.0019695759,-0.1749578084999261,0.15771538,0.024874141
8697,1,0,-0.18079543,0.04210472,-0.0223816135721275,0.15841381,0.025094936
8698,1,0,-0.026371717,0.003631115,-0.035412782990011,0.009041067,8.1740895e-05
8699,1,0,-0.03960395,0.011067867,-0.184288886690219,0.14468494,0.020933732
8700,1,0,-0.19020057,0.041209698,0.0023020622069167,0.19250263,0.037057262
8701,1,0,-0.0012872219,-0.012678862,0.1724432655466277,0.1737305,0.030182283
8702,0,0,-0.1574223,-0.09286022,0.2534077266153294,0.41083002,0.16878131
8703,1,0,0.25509524,-0.068026304,0.0504736080972425,0.20462164,0.041870017
8704,1,0,0.047736168,-0.052950144,-0.0698397303830233,0.1175759,0.013824092
8705,1,0,-0.07452512,0.026859283,-0.079148530853744,0.004623413,2.1375949e-05
8706,1,0,-0.08395767,0.030182362,-0.0138860069134212,0.07007167,0.004910039
8707,1,0,-0.017741203,-0.0016536713,-0.0528336428217013,0.03509244,0.0012314793
8708,1,0,-0.057281256,0.019752264,0.052088837644836,0.1093701,0.011961819
8709,0,0,-0.04597068,-0.054493427,-0.0481442632369715,0.002173584,4.724467e-06
8710,0,0,0.046751976,0.017554998,-0.1522229884532122,0.19897497,0.039591037
8711,0,0,0.14277959,0.042814493,-0.2345640672330038,0.37734365,0.14238824
8712,0,0,0.21846628,0.030677319,-0.1264761648006405,0.34494245,0.118985295
8713,1,0,-0.13185263,0.041023493,0.1051261136014374,0.23697874,0.056158923
8714,1,0,0.1034596,-0.08170414,0.0774677986255771,0.025991797,0.00067557354
8715,1,0,0.07524657,-0.07881951,0.1186675307342968,0.043420956,0.0018853794
8716,1,0,0.11728239,-0.083474874,-0.0519452413335881,0.16922763,0.02863799
8717,1,0,-0.05638051,0.0193429,-0.0972837788244733,0.04090327,0.0016730775
8718,0,0,0.09213185,0.0355196,-0.2203501629427857,0.312482,0.097645
8719,0,0,0.2054224,0.03460169,-0.2766312991114596,0.4820537,0.23237577
8720,1,0,-0.28300333,0.013589621,-0.1308818211611373,0.15212151,0.023140956
8721,1,0,-0.13630533,0.04153061,-0.0141341986692298,0.122171134,0.014925786
8722,1,0,-0.017992973,-0.0014936924,-0.1083169245708255,0.090323955,0.0081584165
8723,1,0,-0.11348915,0.03804183,-0.0479374043491693,0.06555174,0.004297031
8724,1,0,-0.05231476,0.01745534,0.0471321490771998,0.09944691,0.009889687
8725,1,0,0.044333458,-0.049796343,-0.0908426434354958,0.13517609,0.018272577
8726,1,0,-0.095802784,0.03379464,-0.008046517256123,0.08775627,0.0077011627
8727,1,0,-0.011806726,-0.0054860115,0.0149828732054357,0.0267896,0.00071768265
8728,0,0,-0.011627197,-0.022196293,0.0568742615394075,0.06850146,0.0046924497
8729,0,0,-0.05040145,-0.059141874,0.138768491647713,0.18916994,0.03578527
8730,0,0,-0.12623882,-0.0865407,0.1861714820067694,0.3124103,0.09760019
8731,0,0,-0.17013288,-0.09586358,0.2016846855517555,0.37181756,0.1382483
8732,1,0,0.20213819,-0.09955716,0.132751105306033,0.06938708,0.0048145666
8733,1,0,0.13166451,-0.085567236,-0.0235483623773515,0.15521288,0.024091037
8734,1,0,-0.027556896,0.0043292046,0.0967505230781879,0.12430742,0.015452334
8735,1,0,0.09491372,-0.08072662,0.1715047469363928,0.07659103,0.0058661858
8736,1,0,0.17126775,-0.092664,0.1338915855636737,0.037376165,0.0013969777
8737,1,0,0.13282847,-0.08574772,-0.0135846698816251,0.14641315,0.02143681
8738,1,0,-0.017435074,-0.0018467903,-0.1104218393323397,0.09298676,0.008646538
8739,1,0,-0.11561847,0.038462162,0.0149599549241963,0.13057843,0.017050726
8740,1,0,0.011585474,-0.022178173,0.1688320065007467,0.15724653,0.024726471
8741,1,0,0.168535,-0.09211159,0.3824068670673224,0.21387187,0.045741174
8742,1,0,0.3873794,0.069885015,0.2645019152420569,0.12287748,0.015098874
8743,1,0,0.26646113,-0.056246042,0.0343938329167161,0.2320673,0.053855233
8744,1,0,0.031362295,-0.03826475,-0.0413686844921228,0.07273098,0.0052897953
8745,1,0,-0.04564905,0.01419735,0.0820655644192425,0.12771462,0.016311023
8746,1,0,0.07993436,-0.07923126,0.015437996682472,0.06449636,0.0041597807
8747,1,0,0.012071848,-0.022552729,-0.0034342045533937,0.015506052,0.00024043766
8748,1,0,-0.007119417,-0.00862813,-0.0326134672297642,0.02549405,0.0006499466
8749,1,0,-0.036761522,0.009537935,0.0354135815861131,0.0721751,0.0052092453
8750,1,0,0.032400608,-0.039159298,-0.0426080927622329,0.075008705,0.005626306
8751,1,0,-0.04690671,0.01482749,-0.1771442372214209,0.13023753,0.016961815
8752,0,0,0.16571712,0.04192543,-0.3855592568490782,0.5512764,0.30390567
8753,1,0,-0.39177513,-0.06503844,-0.6020666940444444,0.21029156,0.04422254
8754,1,0,-0.6062517,-0.29400826,-0.6811665189753326,0.07491481,0.005612229
8755,1,0,-0.68391275,-0.3892684,-0.9150346945532032,0.23112196,0.05341736
8756,1,0,-0.90995955,-0.67362523,-0.893557342934709,0.016402185,0.00026903168
8757,1,0,-0.88943744,-0.64805603,-0.8410920855906654,0.048345327,0.0023372706
8758,1,0,-0.83909774,-0.5848787,-0.8115732872264219,0.027524471,0.0007575965
8759,1,0,-0.81064725,-0.54897237,-0.7810277199156501,0.029619515,0.00087731564
8760,1,0,-0.7811134,-0.51162744,-0.7733538588153102,0.0077595115,6.021002e-05
8761,1,0,-0.773679,-0.5022249,-0.8406203690624525,0.06694138,0.0044811484
8762,1,0,-0.83864355,-0.584306,-0.7850942765708182,0.05354929,0.0028675264
8763,1,0,-0.78505087,-0.51660776,-0.7259996460962763,0.059051216,0.003487046
8764,1,0,-0.7276716,-0.44413042,-0.6497573612326972,0.07791424,0.0060706283
8765,1,0,-0.6531439,-0.35111618,-0.6375775738866416,0.015566289,0.00024230937
8766,1,0,-0.6411879,-0.3364203,-0.5574859587679444,0.08370197,0.0070060194
8767,1,0,-0.56223536,-0.24199009,-0.7331953304435563,0.17095995,0.029227305
8768,1,0,-0.7346771,-0.45295763,-0.6658044026004539,0.06887269,0.0047434475
8769,1,0,-0.6688752,-0.37056756,-0.5335642917041548,0.13531095,0.018309053
8770,1,0,-0.53854585,-0.21481967,-0.6002889650863299,0.06174314,0.0038122153
8771,1,0,-0.6044996,-0.29190516,-0.4695555110108738,0.13494408,0.018209904
8772,1,0,-0.47507787,-0.14553833,-0.3344371745829644,0.1406407,0.019779809
8773,1,0,-0.34082532,-0.02387166,-0.3249472238992665,0.015878081,0.00025211347
8774,1,0,-0.33134818,-0.017014265,-0.4196812278798059,0.08833304,0.0078027262
8775,1,0,-0.42567825,-0.09603667,-0.4405543566385668,0.014876097,0.00022129828
8776,1,0,-0.44637537,-0.116197586,-0.2881421341327694,0.15823323,0.025037754
8777,1,0,-0.29453397,0.006985903,-0.4319262747428833,0.13739231,0.018876648
8778,1,0,-0.43782425,-0.10776138,-0.2599562717562853,0.17786798,0.031637017
8779,1,0,-0.26628232,0.021913528,-0.3138910743222372,0.047608763,0.0022665942
8780,1,0,-0.32029915,-0.009361029,-0.3234443205364918,0.0031451583,9.892021e-06
8781,1,0,-0.32984638,-0.015952349,-0.167239308234758,0.16260707,0.02644106
8782,1,0,-0.17301202,0.042580843,-0.1320863245139705,0.040925696,0.0016749126
8783,1,0,-0.13752246,0.041654587,-0.2189487259495046,0.08142626,0.0066302363
8784,1,0,-0.2250917,0.034949064,-0.080706441350427,0.14438525,0.0208471
8785,1,0,-0.08553672,0.03069973,-0.1951980865974789,0.10966137,0.012025616
8786,1,0,-0.20119047,0.039732218,-0.0626860240721218,0.13850445,0.019183481
8787,1,0,-0.06727314,0.024034023,0.1151533377825981,0.18242648,0.033279423
8788,1,0,0.11369419,-0.08299184,0.1993950093773087,0.085700825,0.0073446315
8789,1,0,0.19979501,-0.09899163,0.1932310838051805,0.006563917,4.3085005e-05
8790,1,1,0.19348884,-0.097504854,0.0737657476074882,0.11972309,0.014333618
8791,1,1,0.071472645,-0.07642126,-0.1726544191783587,0.24412706,0.059598025
8792,1,1,-0.17847347,0.042271376,0.0817179326280448,0.2601914,0.067699574
8793,1,1,0.079580545,-0.079199314,-0.0578949282496252,0.13747548,0.018899506
8794,1,1,-0.062414885,0.02200818,-0.0366236191964901,0.025791265,0.00066518935
8795,1,1,-0.04083252,0.011716843,0.053043445602193,0.09387597,0.008812698
8796,0,1,-0.046854734,-0.055412054,0.1264381281443438,0.17329286,0.030030416
8797,0,1,-0.11481929,-0.08459687,-0.0811611190842835,0.03365817,0.0011328723
8798,0,1,0.07725024,0.030848503,-0.000242880820839,0.07749312,0.0060051843
8799,0,1,0.0024602413,-0.010861874,0.1375782966853433,0.13511805,0.018256888
8800,0,1,-0.12513566,-0.086343765,-0.1667275732163431,0.041591913,0.0017298872
8801,0,1,0.1561327,0.042604685,0.213910275587676,0.057777584,0.0033382492
8802,0,1,-0.1958096,-0.09709144,-0.1529848363255195,0.04282476,0.0018339601
8803,0,1,0.14348173,0.0428257,0.1263662886719352,0.017115444,0.00029293844
8804,0,1,-0.11475325,-0.08458662,-0.1126487317846272,0.0021045133,4.4289764e-06
8805,0,1,0.10630679,0.03888488,-0.1711442575209791,0.27745104,0.07697908
8806,0,1,0.16019773,0.042369843,-0.0702419415766115,0.23043968,0.053102445
8807,0,1,0.06716728,0.027011395,0.0784460547132952,0.011278771,0.00012721067
8808,0,1,-0.070374966,-0.07890582,-0.1535433022846835,0.08316834,0.0069169733
8809,0,1,0.14399576,0.042832375,0.1282398426662854,0.015755922,0.00024824907
8810,0,1,-0.11648846,-0.08486915,0.0077239967910656,0.12421245,0.015428733
8811,0,1,-0.0049107075,-0.016653776,0.0132354129840503,0.01814612,0.00032928167
8812,0,1,-0.010009289,-0.020839453,0.0856242459107905,0.09563354,0.009145773
8813,0,1,-0.077022314,-0.079568386,-0.1977678816593946,0.12074557,0.014579493
8814,0,1,0.18468022,0.03931737,0.246394217180669,0.061713994,0.003808617
8815,0,1,-0.22586632,-0.0754652,-0.2151073270420731,0.010758996,0.000115756
8816,0,1,0.20060873,0.035865307,0.0680123777645489,0.13259634,0.01758179
8817,0,1,-0.060713768,-0.07038188,-0.0369312735402536,0.023782495,0.0005656071
8818,0,1,0.036388397,0.01188159,-0.0904881059955062,0.1268765,0.016097646
8819,0,1,0.08585954,0.033694267,0.0679964887359219,0.01786305,0.00031908855
8820,0,1,-0.0606997,-0.07036543,0.0157059922307847,0.07640569,0.0058378293
8821,0,1,-0.0122962,-0.022762299,-0.0047771507687568,0.007519049,5.65361e-05
8822,0,1,0.0066554546,-0.007702112,-0.0090271863575956,0.015682641,0.00024594524
8823,0,1,0.010586739,-0.004830122,0.0556100200790221,0.04502328,0.0020270958
8824,0,1,-0.049231052,-0.05790329,0.0736855295013452,0.12291658,0.015108486
8825,0,1,-0.06596732,-0.07633567,0.0814895185551489,0.14745684,0.02174352
8826,0,1,-0.07319355,-0.079178095,-0.17207617038083,0.098882616,0.009777771
8827,0,1,0.16105509,0.04231,0.4199992123937925,0.25894412,0.06705206
8828,0,1,-0.38607812,0.11045337,-0.3591980502773477,0.026880056,0.0007225374
8829,0,1,0.33236003,-0.042957306,0.1897284669356698,0.14263156,0.020343762
8830,0,1,-0.17342567,-0.09668374,-0.2314691333233782,0.058043465,0.0033690438
8831,0,1,0.21562696,0.031593084,0.2391385433335191,0.023511589,0.0005527948
8832,0,1,-0.21915483,-0.08315754,-0.4638150295688334,0.2446602,0.059858613
8833,0,1,0.42717075,-0.13961673,0.4650245635551813,0.037853807,0.0014329107
8834,0,1,-0.42745948,0.15926099,-0.4302159435040482,0.0027564764,7.598162e-06
8835,0,1,0.396811,-0.10610628,0.4094098345682484,0.012598813,0.00015873008
8836,0,1,-0.376333,0.09900808,-0.3292709588104876,0.04706204,0.0022148355
8837,0,1,0.30509686,-0.020106792,0.2872377938687429,0.017859071,0.00031894643
8838,0,1,-0.26363158,-0.032056093,-0.3114607982983237,0.04782921,0.0022876335
8839,0,1,0.2888441,-0.0077290535,0.2063234378116933,0.082520664,0.00680966
8840,0,1,-0.18878722,-0.10026121,-0.2776276889435749,0.088840455,0.007892626
8841,0,1,0.25791907,0.013036251,0.1104663082402312,0.14745277,0.02174232
8842,0,1,-0.10002804,-0.08237314,-0.0732692425507934,0.026758797,0.0007160332
8843,0,1,0.06996369,0.02813077,0.1537033300716421,0.08373964,0.007012327
8844,0,1,-0.14006972,-0.089159966,-0.0887746610615014,0.051295064,0.0026311837
8845,0,1,0.084278345,0.033201456,0.029353764231693,0.05492458,0.0030167096
8846,0,1,-0.024925947,-0.033917427,0.1773425447632299,0.2022685,0.040912546
8847,0,1,-0.16195846,-0.09390378,-0.0575657632825263,0.10439269,0.010897834
8848,0,1,0.05545807,0.02186513,-0.0552739032156943,0.110731974,0.01226157
8849,0,1,0.053340912,0.020855427,0.1786258405296772,0.12528493,0.015696313
8850,0,1,-0.1631465,-0.0941813,-0.2661211304250641,0.10297462,0.010603773
8851,0,1,0.24738741,0.019223928,0.1954445983188102,0.05194281,0.0026980555
8852,0,1,-0.17871714,-0.09803295,-0.1386120433430688,0.04010509,0.0016084182
8853,0,1,0.1302414,0.042218685,0.2176742444911075,0.08743285,0.0076445024
8854,0,1,-0.19929338,-0.09552288,-0.1350236861095228,0.06426969,0.0041305935
8855,0,1,0.12693524,0.04193163,-0.0749559488099915,0.20189118,0.04076005
8856,0,1,0.07152033,0.028734684,0.0769517240818928,0.0054313987,2.9500092e-05
8857,0,1,-0.06899142,-0.07877612,-0.1059652972809974,0.03697387,0.0013670671
8858,0,1,0.100141525,0.03755021,0.1186240393248247,0.018482514,0.0003416033
8859,0,1,-0.10758257,-0.083468676,-0.1451164878219968,0.037533924,0.0014087955
8860,0,1,0.13623405,0.04260063,-0.0015837047781839,0.13781776,0.018993733
8861,0,1,0.00370121,-0.009917736,-0.049169852957331,0.052871063,0.0027953493
8862,0,1,0.04769969,0.018044472,0.1603247391676046,0.11262505,0.012684401
8863,0,1,-0.1462009,-0.09041524,-0.0806767798476184,0.065524116,0.0042934096
8864,0,1,0.07680321,0.030690193,0.07998447730834,0.0031812713,1.0120487e-05
8865,0,1,-0.07179999,-0.079042435,0.195358814213796,0.2671588,0.07137383
8866,0,1,-0.17863894,-0.09801316,-0.0860655184719303,0.09257342,0.008569838
8867,0,1,0.08177805,0.03239417,0.1607417683337675,0.07896371,0.006235268
8868,0,1,-0.14658761,-0.09049606,-0.1342328569254203,0.012354746,0.00015263975
8869,0,1,0.12620616,0.041859865,0.1272859999203937,0.0010798424,1.1660597e-06
8870,0,1,-0.11560488,-0.084724426,-0.0307171874550458,0.08488769,0.00720592
8871,0,1,0.030644178,0.008480787,-0.0299223998891311,0.060566578,0.0036683104
8872,0,1,0.029909372,0.008032799,0.1295643245922928,0.09965496,0.009931111
8873,0,1,-0.11771488,-0.085071325,-0.1173396061742173,0.0003752783,1.408338e-07
8874,0,1,0.110633135,0.03970456,0.1302602333145759,0.019627094,0.00038522284
8875,0,1,-0.11835885,-0.08517957,0.0360689294939691,0.15442778,0.02384794
8876,0,1,-0.031141996,-0.039737463,-0.0407623572876465,0.009620361,9.2551345e-05
8877,0,1,0.03992963,0.01388669,-0.2148733241815907,0.25480294,0.06492454
8878,0,1,0.20039392,0.035919905,0.1104830287792628,0.08991089,0.0080839675
8879,0,1,-0.1000433,-0.082376,-0.082351800405465,0.017691493,0.00031298894
8880,0,1,0.07834935,0.031234264,0.1475678268246412,0.06921847,0.004791197
8881,0,1,-0.13438797,-0.088048935,-0.0406948409184861,0.09369313,0.008778403
8882,0,1,0.03986764,0.013852119,0.0616640727938868,0.021796431,0.0004750844
8883,0,1,-0.054836035,-0.063902855,-0.1566029012929446,0.10176687,0.010356496
8884,0,1,0.14681292,0.042842627,0.2464294069672132,0.0996165,0.009923447
8885,0,1,-0.2258985,-0.0754292,-0.0923478413976579,0.13355067,0.017835783
8886,0,1,0.08757639,0.034214735,0.0674710186391704,0.02010537,0.00040422587
8887,0,1,-0.060212612,-0.06982231,-0.1870655702606285,0.12685296,0.016091673
8888,0,1,0.17484283,0.04087758,0.2186729561575466,0.043830127,0.0019210799
8889,0,1,-0.20021677,-0.095107555,-0.2159086105204157,0.015691847,0.00024623406
8890,0,1,0.20134497,0.035678864,0.0309053271698473,0.17043965,0.029049672
8891,0,1,-0.02636242,-0.035242558,-0.1126872996145254,0.08632488,0.0074519846
8892,0,1,0.106342554,0.03889227,0.239023732516721,0.13268118,0.017604295
8893,0,1,-0.21904802,-0.083277464,-0.1635421801865231,0.055505842,0.0030808984
8894,0,0,0.1532011,0.042724848,-0.2200132824199698,0.37321436,0.13928896
8895,0,0,0.20511317,0.03468609,-0.0634990422916859,0.2686122,0.07215252
8896,0,0,0.060939074,0.024366617,-0.2126913876381495,0.27363044,0.07487362
8897,0,0,0.19839072,0.036413908,-0.1851170863716666,0.3835078,0.14707823
8898,0,0,0.1730504,0.041114092,-0.1242037964891422,0.2972542,0.088360064
8899,0,0,0.116961956,0.040729523,-0.1642134082420718,0.28117537,0.07905959
8900,0,0,0.1538186,0.04270315,-0.3435639937404935,0.4973826,0.24738947
8901,1,0,-0.34993482,-0.030710936,-0.293352514928602,0.0565823,0.0032015569
8902,1,0,-0.29975128,0.0038499832,-0.2248093351326225,0.07494195,0.0056162956
8903,1,0,-0.2309854,0.033448696,-0.2495633550986955,0.018577948,0.00034514017
8904,1,0,-0.25585365,0.025766134,-0.245403390143204,0.010450259,0.00010920791
8905,1,0,-0.25167656,0.027205467,-0.2741684672257101,0.022491902,0.00050588563
8906,1,0,-0.2805345,0.014944553,-0.2300254123692457,0.050509095,0.0025511687
8907,1,0,-0.23622799,0.032008648,-0.3225931397429784,0.08636516,0.0074589415
8908,1,0,-0.32899642,-0.01535368,-0.2320458192341918,0.096950606,0.00939942
8909,1,0,-0.23825908,0.031425476,-0.0874654541983073,0.15079361,0.022738714
8910,1,0,-0.09238315,0.032815456,-0.2457252384388173,0.1533421,0.0235138
8911,1,0,-0.25199986,0.027095795,-0.3433524703197297,0.09135261,0.008345299
8912,1,0,-0.3497243,-0.03054905,-0.5266167517932403,0.17689246,0.03129094
8913,1,0,-0.5316565,-0.20704341,-0.4116622459683681,0.11999425,0.01439862
8914,1,0,-0.41771865,-0.088523865,-0.4960346497811323,0.078316,0.006133396
8915,1,0,-0.5012846,-0.17351723,-0.2979113593952012,0.20337325,0.04136068
8916,1,0,-0.30431485,0.0010340214,-0.4367470921247167,0.13243225,0.017538302
8917,1,0,-0.4426024,-0.1124568,-0.354575988045974,0.088026404,0.007748648
8918,1,0,-0.36091852,-0.039268732,-0.4824765594663875,0.12155804,0.014776357
8919,1,0,-0.4878435,-0.15906,-0.5289218716062845,0.04107833,0.0016874291
8920,1,0,-0.53394246,-0.2096169,-0.6918259649132898,0.15788352,0.024927208
8921,1,0,-0.6943345,-0.40227962,-0.6501211956586497,0.044213295,0.0019548154
8922,1,0,-0.6535008,-0.3515556,-0.7316411556443678,0.07814038,0.006105919
8923,1,0,-0.73316455,-0.45105052,-0.6611006109659812,0.07206392,0.005193209
8924,1,0,-0.66426635,-0.36485648,-0.6409897515682572,0.023276567,0.0005417986
8925,1,0,-0.64453864,-0.3405304,-0.7015892081437696,0.057050586,0.0032547694
8926,1,0,-0.7038708,-0.4142189,-0.6780975174047694,0.025773227,0.00066425925
8927,1,0,-0.6809108,-0.38552642,-0.6609233090878397,0.019987524,0.0003995011
8928,1,0,-0.664093,-0.36464095,-0.8676374765150228,0.20354444,0.04143034
8929,1,0,-0.86460376,-0.6169605,-0.8526427402714991,0.011961043,0.00014306654
8930,1,0,-0.8502052,-0.59886503,-0.7979165213788462,0.05228865,0.002734103
8931,1,0,-0.79745483,-0.5322945,-0.9450914776241932,0.14763665,0.02179658
8932,1,0,-0.9385958,-0.70907426,-0.9471284525743626,0.008532703,7.280702e-05
8933,1,0,-0.9405327,-0.71146107,-1.034814259516406,0.094281554,0.008889011
8934,1,0,-1.0234742,-0.81224155,-1.0486494855833866,0.025175214,0.0006337914
8935,1,0,-1.0377643,-0.8277626,-1.0499300904791955,0.012165785,0.00014800632
8936,1,0,-1.0391495,-0.8291936,-1.159389364517636,0.120239854,0.014457623
8937,1,0,-1.1564233,-0.94791794,-1.131536842228062,0.024886489,0.0006193373
8938,1,0,-1.1267846,-0.91839695,-1.3041790616769957,0.17739451,0.031468812
8939,1,0,-1.3082237,-1.0935807,-1.127988000139681,0.18023574,0.032484923
8940,1,0,-1.1229973,-0.9146013,-1.171797281483934,0.04879999,0.002381439
8941,1,0,-1.1695821,-0.9609146,-1.1152687965603216,0.054313302,0.0029499347
8942,1,0,-1.1094081,-0.90093374,-1.122130368450243,0.012722254,0.00016185574
8943,1,0,-1.1167426,-0.90831923,-1.0823584162011612,0.03438425,0.0011822766
8944,1,0,-1.0741134,-0.8651154,-1.2617385291569367,0.18762517,0.035203204
8945,1,0,-1.2641292,-1.0522447,-1.4065991598958778,0.14247,0.020297702
8946,1,0,-1.4132407,-1.1887496,-1.388995188531228,0.0242455,0.0005878443
8947,1,0,-1.3953326,-1.1728473,-1.4800544274134229,0.0847218,0.007177784
8948,1,0,-1.487325,-1.2510998,-1.7460307030649818,0.25870574,0.066928655
8949,1,0,-1.7467364,-0.9487629,-1.7477684589789977,0.0010319948,1.0650133e-06
8950,1,0,-1.7483855,-0.9459772,-1.6220590525093934,0.12632644,0.01595837
8951,1,0,-1.6275645,-1.1523066,-1.7336618743337326,0.10609734,0.011256645
8952,1,0,-1.7349843,-0.9686463,-1.759319891740948,0.024335623,0.00059222255
8953,1,0,-1.7593293,-0.92750216,-1.625764259718272,0.13356507,0.017839627
8954,1,0,-1.6311704,-1.146081,-1.5937233675787004,0.037446976,0.001402276
8955,1,0,-1.5998975,-1.2002411,-1.6265100291818282,0.02661252,0.00070822623
8956,1,0,-1.6318961,-1.1448286,-1.56745030560315,0.06444585,0.004153268
8957,1,0,-1.5741025,-1.245192,-1.6010817146122094,0.026979208,0.00072787766
8958,1,0,-1.6070974,-1.187738,-1.7823637110266852,0.17526627,0.030718263
8959,1,0,-1.7810811,-0.8908763,-1.767292340589256,0.0137887,0.00019012825
8960,1,0,-1.7668669,-0.91479754,-1.821597687171374,0.054730773,0.0029954575
8961,1,0,-1.8178703,-0.8291998,-1.947789630135755,0.12991941,0.016879054
8962,1,0,-1.934095,-0.63628983,-1.8919997498429464,0.042095304,0.0017720145
8963,1,0,-1.8831078,-0.72058654,-2.015670347746825,0.13256252,0.017572822
8964,1,0,-1.9952826,-0.5357044,-2.061091389837465,0.06580877,0.004330795
8965,1,0,-2.0357046,-0.469553,-2.026950561262203,0.008754015,7.663278e-05
8966,1,0,-2.0053606,-0.5191908,-2.007847465318451,0.0024869442,6.1848914e-06
8967,1,0,-1.9882785,-0.5471878,-2.083461279385033,0.09518278,0.009059761
8968,1,0,-2.0554595,-0.4373002,-1.958154623356668,0.09730482,0.009468229
8969,1,0,-1.9434983,-0.62079287,-1.9706631253886435,0.027164817,0.0007379273
8970,1,0,-1.954817,-0.602159,-1.9649700301376376,0.010152936,0.00010308211
8971,1,0,-1.9496696,-0.6106305,-1.9956428313682493,0.04597318,0.0021135334
8972,1,0,-1.9773268,-0.5651605,-2.0364731104633984,0.059146285,0.003498283
8973,1,0,-2.0138478,-0.50529647,-1.9643694508501084,0.04947841,0.0024481132
8974,1,0,-1.9491258,-0.6115265,-2.1066858806901427,0.15756011,0.024825187
8975,1,0,-2.0758622,-0.4040358,-2.1209860299119785,0.045123816,0.0020361587
8976,1,0,-2.0883694,-0.38366604,-2.1846547514864105,0.09628534,0.009270867
8977,1,0,-2.143559,-0.29396367,-1.9837292328474512,0.15982974,0.025545545
8978,1,0,-1.9666069,-0.5827713,-1.7412030797234404,0.22540379,0.050806865
8979,1,0,-1.7421529,-0.956512,-1.7533703150110944,0.011217356,0.00012582907
8980,1,0,-1.7536955,-0.9370086,-1.6299978901819268,0.12369764,0.015301106
8981,1,0,-1.6352878,-1.1389756,-1.7183643345606674,0.083076596,0.006901721
8982,1,0,-1.7204069,-0.99335957,-1.6336540471192382,0.08675289,0.0075260643
8983,1,0,-1.6388406,-1.1328518,-1.5745647178036055,0.06427586,0.004131386
8984,1,0,-1.5811017,-1.23297,-1.6333286638598188,0.05222702,0.0027276617
8985,1,0,-1.6385244,-1.133395,-1.4709663854176294,0.16755807,0.028075708
8986,1,0,-1.4782151,-1.2435894,-1.369325819883953,0.10888922,0.011856862
8987,1,0,-1.3752527,-1.1548572,-1.4509512384890817,0.075698495,0.005730262
8988,1,0,-1.4580965,-1.2268784,-1.5194453492726296,0.061348796,0.0037636748
8989,1,0,-1.5266213,-1.2831032,-1.427021170934832,0.099600196,0.009920199
8990,1,0,-1.4339421,-1.2065892,-1.410454728161005,0.02348733,0.00055165467
8991,1,0,-1.4171555,-1.1922069,-1.355092517606653,0.06206298,0.0038518133
8992,1,0,-1.360677,-1.1416922,-1.2961878370492013,0.064489126,0.0041588475
8993,1,0,-1.2999468,-1.0858829,-1.2647756243595225,0.03517115,0.0012370099
8994,1,0,-1.2672958,-1.0552402,-1.282981170378013,0.01568532,0.00024602926
8995,1,0,-1.2862415,-1.0730755,-1.2627463491737116,0.023495197,0.0005520243
8996,1,0,-1.2651799,-1.0532389,-1.425740864014419,0.16056097,0.025779823
8997,1,0,-1.4326468,-1.2054946,-1.3698725076441067,0.0627743,0.003940613
8998,1,0,-1.3758118,-1.15536,-1.341352565074827,0.034459233,0.0011874387
8999,1,0,-1.3465693,-1.128866,-1.277542145838512,0.069027185,0.0047647525
