,state,label,pred,predbase,target,mae,mse
0,0,1,-0.35588598,-0.32238877,-0.4542477697951652,0.09836179,0.009675042
1,0,1,0.42928565,0.32428038,0.4920629390938849,0.06277728,0.003940987
2,0,1,-0.4558257,-0.40059376,-0.4401245037920327,0.015701175,0.00024652688
3,0,1,0.41666162,0.3168069,0.2249736930586372,0.19168793,0.036744263
4,0,1,-0.21990943,-0.20502114,0.0050795638068563,0.224989,0.05062005
5,0,1,-0.009428382,-0.017012358,-0.0740633218286783,0.06463494,0.0041776756
6,0,1,0.06863546,0.054130316,0.1044184071448417,0.03578294,0.0012804188
7,0,1,-0.10704124,-0.103354216,-0.1475693864960643,0.04052815,0.0016425308
8,0,1,0.14073896,0.11798,0.2970037165930248,0.15626475,0.024418673
9,0,1,-0.2856387,-0.2626487,-0.1070149669245914,0.17862372,0.031906433
10,0,1,0.10102868,0.083198786,0.0893135915719334,0.011715092,0.00013724338
11,0,1,-0.09253788,-0.09031916,0.0133535089853189,0.10589139,0.011212987
12,0,1,-0.017598629,-0.024471998,-0.0887351229081299,0.0711365,0.0050604013
13,0,1,0.08307016,0.06714094,0.1846752191865077,0.10160506,0.010323588
14,0,1,-0.1825335,-0.17164671,-0.2673774314503305,0.08484393,0.007198493
15,0,1,0.2564844,0.20936477,0.1019358097378475,0.15454859,0.023885265
16,0,1,-0.10468662,-0.10121417,-0.1999291698326317,0.095242545,0.009071142
17,0,1,0.19166243,0.16033375,0.198545920064147,0.006883487,4.7382393e-05
18,0,1,-0.19544196,-0.18321657,-0.1171817224610338,0.078260235,0.0061246646
19,0,1,0.11100209,0.092039466,0.1340732042949421,0.02307111,0.0005322761
20,0,1,-0.13508487,-0.12881398,-0.1289383541644955,0.0061465204,3.777971e-05
21,0,1,0.122520804,0.10216856,0.3055781147086269,0.18305731,0.033509977
22,0,1,-0.29335487,-0.26931834,-0.1891556952733033,0.10419917,0.010857468
23,0,1,0.18122208,0.15191782,0.1600392026389967,0.02118288,0.0004487144
24,0,1,-0.15950036,-0.15090549,-0.1390909382693668,0.02040942,0.00041654444
25,0,1,0.13245416,0.11082423,0.1689002846739657,0.036446124,0.00132832
26,0,1,-0.16780043,-0.15839243,-0.0854430433595454,0.082357384,0.006782739
27,0,1,0.07983291,0.064230084,-0.0156296436040632,0.09546255,0.009113099
28,0,1,0.011018515,0.0016713142,0.0485855180639822,0.037567005,0.0014112798
29,0,1,-0.052380204,-0.05506587,-0.0917297555774052,0.03934955,0.001548387
30,0,1,0.08601415,0.06978452,0.1177383060202541,0.031724155,0.001006422
31,0,1,-0.1196574,-0.114815,-0.1748897070355821,0.055232316,0.0030506088
32,0,1,0.16736543,0.14051759,0.2070296852360307,0.039664254,0.001573253
33,0,1,-0.20331502,-0.19025111,-0.2786839532481358,0.07536894,0.0056804772
34,0,1,0.26724708,0.21801221,0.2722063867565814,0.004959315,2.4594807e-05
35,0,1,-0.26319647,-0.24312675,-0.2477812223688864,0.015415251,0.00023762997
36,0,1,0.23775566,0.19526279,0.0877842054517623,0.14997146,0.022491438
37,0,1,-0.09103191,-0.08899677,-0.0309884064864718,0.060043503,0.003605222
38,0,1,0.026177168,0.0155187845,-0.0144923341878253,0.0406695,0.0016540083
39,0,1,0.009895682,0.0006453991,0.0619479237353695,0.05205224,0.0027094358
40,0,1,-0.0655638,-0.066637754,-0.2098334940673873,0.14426969,0.020813743
41,0,1,0.20124161,0.16790831,0.3062892736979166,0.10504767,0.011035014
42,0,1,-0.2939942,-0.26986957,-0.255193366029524,0.038800836,0.0015055048
43,0,1,0.24485075,0.20025146,0.27353483682905,0.02868408,0.0008227764
44,0,1,-0.26440573,-0.2441814,-0.2299954150326659,0.034410313,0.0011840697
45,0,1,0.22068036,0.18279636,0.1115447162263645,0.10913564,0.0119105885
46,0,1,-0.1137954,-0.109490395,-0.1085595238326644,0.005235873,2.7414368e-05
47,0,1,0.10254419,0.08454597,-0.0366877686369593,0.13923195,0.019385535
48,0,1,0.03180003,0.020651221,0.0510694434091312,0.01926941,0.0003713102
49,0,1,-0.054831505,-0.057216883,-0.0789373388090795,0.024105832,0.00058109115
50,0,1,0.073432684,0.05846286,-0.0335848756772103,0.10701756,0.011452759
51,0,1,0.028738618,0.017857552,-0.0371506382610953,0.065889254,0.0043413937
52,0,1,0.032256365,0.02106762,-0.013298772041334,0.045555137,0.0020752705
53,0,1,0.008717179,-0.00043153763,0.0583007949370681,0.049583614,0.0024585347
54,0,1,-0.06196642,-0.063479185,0.094398431058682,0.15636486,0.024449969
55,0,1,-0.09753084,-0.09471071,-0.1331657165309241,0.035634875,0.0012698444
56,0,1,0.1266582,0.105783224,0.2164392772695669,0.089781076,0.008060642
57,0,1,-0.21202672,-0.19801521,-0.118029100789158,0.09399761,0.008835551
58,0,1,0.11183262,0.0927726,0.1943495423776184,0.08251692,0.0068090428
59,0,1,-0.19154155,-0.17972493,-0.0418610001988535,0.14968055,0.022404268
60,0,1,0.036903024,0.025305152,-0.0457506315101463,0.08265366,0.006831627
61,0,1,0.04073882,0.028800964,0.2026340836181888,0.16189526,0.026210075
62,0,1,-0.19923782,-0.18661034,-0.2872969964173728,0.08805919,0.0077544204
63,0,1,0.27542388,0.2244674,0.2424199948383554,0.033003896,0.0010892572
64,0,1,-0.23596632,-0.21923125,-0.3156529241023273,0.07968661,0.006349956
65,0,1,0.30219877,0.24476111,0.3156708038438058,0.01347205,0.00018149614
66,0,1,-0.30241215,-0.27711368,-0.2339579934362552,0.06845416,0.0046859724
67,0,1,0.22449076,0.18563044,0.2814929498754608,0.057002187,0.0032492492
68,0,1,-0.27163124,-0.25047803,-0.1731001429320122,0.0985311,0.0097083775
69,0,1,0.16562521,0.13906837,0.1791415727135399,0.013516352,0.00018269176
70,0,1,-0.17737126,-0.1670084,-0.1652897573769234,0.012081504,0.00014596274
71,0,1,0.15802252,0.13269615,0.1284252873000877,0.029597238,0.0008759965
72,0,1,-0.12975657,-0.12398136,-0.1441434286372716,0.0143868625,0.00020698181
73,0,1,0.1373924,0.115097046,0.0845963585927995,0.052796043,0.0027874222
74,0,1,-0.08789134,-0.086241126,-0.0987214395058437,0.010830097,0.000117291
75,0,1,0.09288442,0.07593715,0.3043688539798286,0.21148443,0.044725664
76,0,1,-0.29226804,-0.26838064,-0.5467183793348938,0.25445032,0.064744964
77,0,1,0.5097929,0.3008095,0.4231860649865939,0.08660686,0.007500748
78,0,1,-0.39707208,-0.3563478,-0.3378168967957451,0.059255183,0.0035111767
79,0,1,0.3229636,0.2593783,0.3026707131007693,0.020292878,0.0004118009
80,0,1,-0.29074085,-0.2670616,-0.2309602455164583,0.059780598,0.0035737199
81,0,1,0.22160852,0.18348944,0.1559010527237896,0.06570746,0.0043174704
82,0,1,-0.15561867,-0.14740002,-0.0585330682812141,0.097085595,0.009425613
83,0,1,0.053339362,0.04026556,0.2894226904805153,0.23608333,0.05573534
84,0,1,-0.2788005,-0.25671756,-0.1573011731961811,0.121499315,0.014762083
85,0,1,0.15023649,0.12610471,0.1038585045495366,0.04637798,0.002150917
86,0,1,-0.1065104,-0.10287154,-0.1397479527446796,0.033237547,0.0011047345
87,0,1,0.13309658,0.111380935,0.1956603165025343,0.06256375,0.0039142226
88,0,1,-0.19276011,-0.18081641,-0.2573784480203824,0.06461835,0.004175531
89,0,1,0.24694002,0.20169795,0.1320402446183508,0.11489977,0.013201957
90,0,1,-0.13316762,-0.1270752,-0.0539035825236471,0.079264045,0.0062827887
91,0,1,0.048776865,0.03611839,0.1230125577123935,0.07423569,0.005510938
92,0,1,-0.12464452,-0.11934233,-0.1211812738194288,0.003463246,1.1994072e-05
93,0,1,0.114922285,0.09549689,-0.013375021455213,0.1282973,0.016460197
94,0,1,0.008793116,-0.0003629923,-0.0739005749047272,0.08269369,0.0068382462
95,0,1,0.06847525,0.053985476,0.0306602366741972,0.037815012,0.0014299751
96,0,1,-0.034686327,-0.039559484,0.0155108279574514,0.050197154,0.0025197542
97,0,1,-0.019728541,-0.026416183,0.1122171934319167,0.13194573,0.017409675
98,0,1,-0.11443174,-0.11006904,-0.2419135466111206,0.1274818,0.01625161
99,0,1,0.23213041,0.1912247,0.2383644328644412,0.00623402,3.8863007e-05
100,0,1,-0.23224103,-0.21594155,-0.2783650055990594,0.04612398,0.0021274216
101,0,1,0.26694405,0.21777117,0.2310386469783545,0.035905406,0.0012891982
102,0,1,-0.22550023,-0.2099787,-0.1740603804631109,0.05143985,0.0026460583
103,0,1,0.16655934,0.13984656,0.0818459059150613,0.08471343,0.0071763652
104,0,1,-0.085181236,-0.083862424,-0.0907699352754405,0.0055886954,3.1233518e-05
105,0,1,0.08507085,0.06893742,0.1704982887719663,0.08542743,0.0072978465
106,0,1,-0.16929507,-0.1597395,-0.1223147215284956,0.04698035,0.0022071535
107,0,1,0.1160326,0.09647465,0.1500873134745115,0.03405471,0.0011597234
108,0,1,-0.150159,-0.14246416,-0.3107020204350348,0.16054302,0.025774064
109,0,1,0.29754078,0.24133527,0.3453690739866963,0.047828287,0.002287545
110,0,1,-0.3288989,-0.29970276,-0.2118998932673537,0.116999015,0.013688769
111,0,1,0.20323765,0.16946828,0.1289991360222486,0.074238524,0.0055113584
112,0,1,-0.13029826,-0.12447262,-0.2459447004477304,0.11564644,0.013374099
113,0,1,0.23599565,0.19400656,0.2219786768283704,0.014016971,0.00019647548
114,0,1,-0.21714509,-0.2025665,-0.1328160651392582,0.084329024,0.007111384
115,0,1,0.12631607,0.105484724,-0.0085802953127351,0.13489637,0.01819703
116,0,1,0.0040587187,-0.00468874,0.0191648608621459,0.015106142,0.00022819551
117,0,1,-0.023337007,-0.029637337,-0.081836541756574,0.058499537,0.0034221958
118,0,1,0.07628524,0.061035395,0.0727479650289324,0.003537275,1.2512313e-05
119,0,1,-0.07621384,-0.075989604,-0.1030524294199184,0.026838593,0.0007203101
120,0,1,0.097138524,0.07973397,0.066469960256744,0.030668564,0.0009405608
121,0,1,-0.07002425,-0.07055414,-0.142775062718925,0.07275081,0.00529268
122,0,1,0.13605559,0.11394179,0.2067411932098803,0.07068561,0.0049964553
123,0,1,-0.20304763,-0.1900127,-0.2281604936027503,0.025112867,0.0006306561
124,0,1,0.21891487,0.18147314,0.3766859848162494,0.15777111,0.024891723
125,0,1,-0.3565545,-0.32294667,-0.494867825924502,0.13831332,0.019130575
126,0,1,0.465124,0.3284973,0.4304608650976143,0.03466314,0.0012015334
127,0,1,-0.40335,-0.3614148,-0.4063011091397353,0.0029511154,8.709082e-06
128,0,1,0.3861066,0.2941841,0.2960573645473923,0.09004924,0.0081088655
129,0,1,-0.28478587,-0.26191056,-0.2163520253159521,0.068433836,0.00468319
130,0,1,0.20753562,0.17280304,0.1648563397963716,0.04267928,0.001821521
131,0,1,-0.16401434,-0.15497911,-0.1283216771757958,0.035692662,0.0012739662
132,0,1,0.12191653,0.101640224,0.0853677590923371,0.03654877,0.0013358126
133,0,1,-0.08865118,-0.08690798,-0.0583123780556955,0.030338801,0.00092044286
134,0,1,0.053121805,0.04006815,0.1849698567871873,0.13184805,0.017383909
135,0,1,-0.18280816,-0.171893,-0.0065534188588152,0.17625475,0.031065736
136,0,1,0.00205791,-0.0065181255,0.0412300603492425,0.03917215,0.0015344573
137,0,1,-0.045120955,-0.04869914,0.0796999034448662,0.12482086,0.015580246
138,0,1,-0.083066344,-0.08200586,-0.2228955977921334,0.13982925,0.019552218
139,0,1,0.2138449,0.1776396,0.1988788612120713,0.014966041,0.00022398238
140,0,1,-0.19575131,-0.18349314,-0.0520144981078585,0.14373681,0.02066027
141,0,1,0.046914577,0.034424424,0.1534190093027569,0.106504425,0.011343192
142,0,1,-0.15328836,-0.14529407,0.0274555579266684,0.18074392,0.032668363
143,0,1,-0.03152263,-0.036790967,-0.0808401425627869,0.04931751,0.0024322167
144,0,1,0.075304866,0.060151696,0.1684475376791805,0.09314267,0.008675558
145,0,1,-0.16737652,-0.15801048,-0.0673935504501359,0.09998297,0.009996594
146,0,1,0.062068105,0.048185587,0.0722632971970647,0.010195196,0.00010394202
147,0,1,-0.075736165,-0.07557011,-0.0956352590620384,0.019899093,0.00039597388
148,0,1,0.08985269,0.07322407,-0.036471551803707,0.12632424,0.015957812
149,0,1,0.031586766,0.020456314,0.1601251528955944,0.12853839,0.016522117
150,0,1,-0.15958095,-0.15097821,-0.1472400543617105,0.012340888,0.00015229752
151,0,1,0.14041746,0.11770332,0.002156010042843,0.13826145,0.019116228
152,0,1,-0.0065413713,-0.014375329,0.2183576460424634,0.22489902,0.05057957
153,0,1,-0.21379983,-0.19959366,-0.1938181977195621,0.019981638,0.00039926585
154,0,1,0.18574345,0.15558112,0.066800487748039,0.11894296,0.014147428
155,0,1,-0.07034969,-0.07084012,-0.094939971217542,0.024590276,0.00060468167
156,0,1,0.089169264,0.072612405,0.0723909635285731,0.016778298,0.00028151128
157,0,1,-0.07586205,-0.07568014,0.0653575446187186,0.14121959,0.019942971
158,0,1,-0.06892657,-0.06959045,-0.0712620043132092,0.0023354292,5.4542297e-06
159,0,1,0.06587756,0.051635146,0.104454788728439,0.03857723,0.0014882026
160,0,1,-0.10707593,-0.10338569,-0.007720908140073,0.09935502,0.0098714195
161,0,1,0.0032106638,-0.0054649115,-0.0728133635183125,0.076024026,0.0057796524
162,0,1,0.067404985,0.053017378,0.2905551314755172,0.22315013,0.04979598
163,0,1,-0.27982295,-0.2576059,-0.4580303584321028,0.17820743,0.031757887
164,0,1,0.43265283,0.32545698,0.3690037367758594,0.06364909,0.0040512066
165,0,1,-0.34979713,-0.31730044,-0.3468714063430462,0.0029257238,8.559859e-06
166,0,1,0.33140266,0.26496756,0.3916639305220315,0.06026128,0.0036314218
167,0,1,-0.3696779,-0.33385098,-0.3084567529983633,0.061221153,0.0037480295
168,0,1,0.2954253,0.2397641,0.3913362861169258,0.095910996,0.009198919
169,0,1,-0.36939132,-0.33361423,-0.3219071715384156,0.04748416,0.0022547455
170,0,1,0.30807364,0.24900973,0.3548436337561302,0.046770006,0.0021874334
171,0,1,-0.3372959,-0.30679786,-0.2647467840665538,0.072549105,0.005263373
172,0,1,0.25397575,0.20732605,0.2669492116901677,0.012973458,0.0001683106
173,0,1,-0.2584083,-0.23894393,-0.1964163534528671,0.06199196,0.0038430032
174,0,1,0.18826067,0.15760887,0.2373889036093948,0.049128234,0.0024135835
175,0,1,-0.23134398,-0.21514928,-0.1246694368003626,0.106674545,0.011379458
176,0,1,0.118339896,0.098502636,0.1552832372647972,0.036943346,0.0013648109
177,0,1,-0.15503871,-0.14687562,-0.1014988597068413,0.053539857,0.0028665164
178,0,1,0.095613,0.07837331,0.1091832593420709,0.0135702565,0.00018415187
179,0,1,-0.11155808,-0.107458234,-0.0003938390326285,0.11116424,0.012357488
180,0,1,-0.0040237904,-0.012074947,0.1137873492275953,0.117811136,0.013879464
181,0,1,-0.11591864,-0.11141944,-0.3382596815724228,0.22234103,0.049435534
182,0,1,0.323377,0.25965726,0.280507693772076,0.04286933,0.0018377794
183,0,1,-0.27073884,-0.24970055,-0.1646817091161418,0.10605714,0.011248116
184,0,1,0.15743053,0.13219726,0.179122915919448,0.02169238,0.00047055937
185,0,1,-0.17735386,-0.16699302,-0.1370677254543757,0.04028614,0.001622973
186,0,1,0.1304754,0.10910666,0.0978484193482998,0.03262698,0.0010645197
187,0,1,-0.10080707,-0.097688794,-0.1673092644688723,0.0665022,0.0044225426
188,0,1,0.15998948,0.13435113,0.1126619988160861,0.047327474,0.0022398897
189,0,1,-0.114853024,-0.11045158,-0.0155229465451076,0.099330075,0.009866464
190,0,1,0.010912895,0.0015753508,0.065914266350181,0.05500137,0.0030251509
191,0,1,-0.06947589,-0.07007265,-0.0035215573091442,0.065954335,0.0043499744
192,0,1,-0.0009356737,-0.009253025,0.1047911695789491,0.105726846,0.011178166
193,0,1,-0.10739517,-0.103675485,0.0058750722203764,0.113270245,0.012830148
194,0,1,-0.010213971,-0.017729998,0.0401639947177407,0.050377965,0.0025379395
195,0,1,-0.044068575,-0.04777682,-0.1276623506044407,0.08359377,0.0069879186
196,0,1,0.121270895,0.10107458,0.0760527536642101,0.04521814,0.00204468
197,0,1,-0.079471946,-0.07885027,-0.0176873065497411,0.06178464,0.0038173418
198,0,1,0.0130496025,0.0035274029,0.0613260458714566,0.048276443,0.002330615
199,0,1,-0.06495035,-0.06609917,-0.0119145173570061,0.05303583,0.002812799
200,0,1,0.007350564,-0.0016800165,-0.1603847153862909,0.16773528,0.028135125
201,0,1,0.15324295,0.12865794,0.1792728926822226,0.026029944,0.000677558
202,0,1,-0.17749429,-0.16711879,-0.0238030006026963,0.15369129,0.023621013
203,0,1,0.019086003,0.00904274,-0.0657808682707912,0.084866874,0.0072023864
204,0,1,0.06047976,0.046746492,0.0491746755351429,0.011305086,0.00012780497
205,0,1,-0.052961588,-0.055576086,0.0988121396921193,0.15177372,0.023035262
206,0,1,-0.10172212,-0.09852016,0.0087555509911114,0.11047767,0.012205316
207,0,1,-0.013058066,-0.02032733,0.0649223126579199,0.07798038,0.006080939
208,0,1,-0.06849766,-0.06921387,0.0311656456952189,0.0996633,0.009932774
209,0,1,-0.035185933,-0.039996266,0.066091353066523,0.101277284,0.010257089
210,0,1,-0.06965065,-0.07022607,-0.005618677692768,0.06403197,0.0041000936
211,0,1,0.0011349916,-0.007360935,0.0544592382171005,0.053324245,0.0028434752
212,0,1,-0.05817628,-0.060151935,0.0176506130943756,0.07582689,0.0057497174
213,0,1,-0.02184105,-0.028331876,0.0155938803751269,0.037434928,0.0014013739
214,0,1,-0.019810796,-0.026491046,-0.1100641510542828,0.09025335,0.008145668
215,0,1,0.104020834,0.085857034,0.178056400824915,0.07403557,0.0054812655
216,0,1,-0.17635858,-0.16609764,-0.2333899113824045,0.057031333,0.003252573
217,0,1,0.2239443,0.18522656,0.196859573618483,0.027084738,0.00073358306
218,0,1,-0.19387484,-0.18181431,-0.0168905902945246,0.17698425,0.031323425
219,0,1,0.012263179,0.0028084517,0.0278887959856317,0.015625617,0.0002441599
220,0,1,-0.031950593,-0.037164807,0.0709192292736331,0.10286982,0.0105822
221,0,1,-0.074411154,-0.074406385,-0.0459777735156721,0.028433379,0.000808457
222,0,1,0.040962696,0.02900529,0.0218050325375143,0.019157663,0.00036701604
223,0,1,-0.025943518,-0.031913996,-0.0880124665473249,0.062068947,0.0038525541
224,0,1,0.08235991,0.06650233,-0.0379095940606095,0.12026951,0.014464755
225,0,1,0.03300488,0.02175057,-0.0325455224747777,0.0655504,0.004296855
226,0,1,0.02771318,0.01692152,0.0881194552956141,0.060406275,0.0036489181
227,0,1,-0.09136188,-0.089286566,-0.0626907177992166,0.02867116,0.0008220354
228,0,1,0.05743587,0.043985248,0.1396322340117091,0.08219637,0.0067562433
229,0,1,-0.1403234,-0.1335609,-0.0267128267166738,0.11361057,0.012907363
230,0,1,0.021957755,0.0116660595,0.2148991227573471,0.19294137,0.03722637
231,0,1,-0.2106018,-0.19674706,-0.2491963019837488,0.0385945,0.0014895353
232,0,1,0.2391113,0.19622529,0.0429808108283256,0.19613048,0.038467165
233,0,1,-0.04684925,-0.05021465,-0.0424895972588899,0.004359655,1.9006593e-05
234,0,1,0.03752303,0.025870204,-0.1395508381811725,0.17707387,0.031355154
235,0,1,0.13290381,0.111213565,0.0080325238923772,0.12487129,0.01559284
236,0,1,-0.012344003,-0.019675612,0.1108682515475161,0.123212256,0.01518126
237,0,1,-0.11315441,-0.108908415,0.0131216537669909,0.12627606,0.015945643
238,0,1,-0.017369628,-0.02426362,0.0550656824332389,0.07243531,0.0052468744
239,1,1,0.08984876,-0.06067741,-0.0802053214827516,0.17005408,0.02891839
240,1,1,-0.05770898,0.059588075,0.1485727859979448,0.20628177,0.042552166
241,1,1,0.19020426,-0.14117634,-0.1952143537881936,0.38541862,0.14854752
242,1,1,-0.18480456,0.15667188,0.1099926401320527,0.29479718,0.086905375
243,1,1,0.14898336,-0.10815501,-0.0197393366832707,0.16872269,0.028467346
244,1,1,0.008554697,0.0053784847,-0.0022896442929416,0.0108443415,0.00011759974
245,1,1,0.027590036,-0.010364652,-0.1113988027187513,0.13898884,0.019317897
246,1,1,-0.09205806,0.087019324,0.1205105678481575,0.21256864,0.045185428
247,1,1,0.16024816,-0.11719537,-0.1695491359674541,0.3297973,0.10876626
248,1,1,-0.15634298,0.1361804,-0.006694083865371,0.1496489,0.022394795
249,1,1,0.02278936,-0.0063910484,0.2402357068192031,0.21744634,0.04728291
250,1,1,0.28699267,-0.21746004,-0.3153142733899063,0.60230696,0.3627737
251,1,1,-0.3184737,0.24452913,0.3414236082721664,0.6598973,0.43546447
252,1,1,0.3917569,-0.29673207,-0.3006067582085043,0.6923636,0.47936738
253,1,1,-0.3020755,0.23418891,0.277814031029141,0.57988954,0.33627188
254,1,1,0.32616723,-0.2475717,-0.3124326981946885,0.63859993,0.40780988
255,0,1,0.29916966,0.24253881,0.1583093868066394,0.14086027,0.019841617
256,0,1,-0.15787828,-0.14944112,-0.1336392716086853,0.024239004,0.00058752927
257,0,1,0.12712121,0.106187105,0.17574891720022,0.048627704,0.0023646536
258,0,1,-0.17420328,-0.16415858,-0.2843926873225715,0.11018941,0.0121417055
259,0,1,0.27266896,0.22230375,0.2293253170273959,0.043343633,0.0018786705
260,0,1,-0.22392142,-0.20857978,-0.3395216253683097,0.1156002,0.013363406
261,0,1,0.32455456,0.2604488,0.270570279593793,0.053984284,0.002914303
262,0,1,-0.2617073,-0.24182642,-0.154928225603971,0.10677908,0.0114017725
263,0,1,0.14792192,0.12413287,0.3259364883623494,0.17801458,0.03168919
264,0,1,-0.31159592,-0.28498137,-0.3938675363768353,0.082271606,0.0067686173
265,0,1,0.37476504,0.28934848,0.3786790403229056,0.0039139986,1.5319385e-05
266,0,1,-0.35830462,-0.32440615,-0.4727871841620941,0.11448255,0.013106255
267,0,1,0.4457308,0.32860506,0.3233065913373394,0.122424215,0.0149876885
268,0,1,-0.3092457,-0.28297174,-0.4201221314828971,0.11087641,0.012293578
269,0,1,0.39864576,0.30381978,0.4474770418711398,0.048831284,0.0023844943
270,0,1,-0.41796875,-0.37290382,-0.3920572865462315,0.02591145,0.00067140325
271,0,1,0.37310922,0.2885803,0.360200486421437,0.012908727,0.00016663523
272,0,1,-0.3420323,-0.31078517,-0.2249746213664705,0.117057696,0.013702504
273,0,1,0.21584713,0.17915976,0.1126068903700119,0.103240244,0.010658548
274,0,1,-0.11480093,-0.11040425,-0.355819644100704,0.24101871,0.05809002
275,0,1,0.33971655,0.2702428,0.4575576329507622,0.117841065,0.013886517
276,0,1,-0.42658496,-0.3796221,-0.3513881458676879,0.0751968,0.005654559
277,0,1,0.33560264,0.26766193,0.2549852407183126,0.0806174,0.0064991647
278,0,1,-0.2474823,-0.2293688,-0.1031416888587151,0.1443406,0.02083421
279,0,1,0.09722614,0.07981181,-0.0797823251538605,0.17700846,0.031331997
280,0,1,0.074264646,0.05921316,0.0778103646311918,0.0035457164,1.2572104e-05
281,0,1,-0.08120406,-0.08037102,-0.1084583783401089,0.02725432,0.000742798
282,0,1,0.10244477,0.084457755,0.074414749520917,0.028030016,0.00078568177
283,0,1,-0.077857494,-0.07743263,-0.0480280361262168,0.029829457,0.00088979653
284,0,1,0.042984366,0.030846477,-0.0038952898644695,0.046879657,0.0021977022
285,0,1,-0.00056672096,-0.00891602,0.1292064897104234,0.12977321,0.016841087
286,0,1,-0.13049364,-0.12464988,-0.2629293450542997,0.13243571,0.017539216
287,0,1,0.2522415,0.20591247,0.2776582007053443,0.025416702,0.00064600876
288,0,1,-0.2681545,-0.24744868,-0.3941554996289824,0.126001,0.015876252
289,0,1,0.3750285,0.28946936,0.2531977565439216,0.12183073,0.014842727
290,0,1,-0.24584687,-0.22793186,-0.1903955981099911,0.055451274,0.0030748437
291,0,1,0.18242466,0.15289557,0.3348314092423015,0.15240675,0.023227818
292,0,1,-0.31952953,-0.2917477,-0.4845565956133089,0.16502705,0.027233928
293,0,1,0.45609486,0.32931578,0.40346833638885,0.05262652,0.0027695505
294,0,1,-0.37997246,-0.34234762,-0.252498496083996,0.12747395,0.016249608
295,0,1,0.2422725,0.19845235,0.1308797955124869,0.11139271,0.012408335
296,0,1,-0.13207257,-0.12608218,-0.2561336098273041,0.12406105,0.015391144
297,0,1,0.24574983,0.2008754,0.3170036519623485,0.07125381,0.005077105
298,0,1,-0.3036064,-0.27813852,-0.2016110802936106,0.101995304,0.010403042
299,0,1,0.19329083,0.16163099,0.1081507983491025,0.085140035,0.0072488254
300,0,1,-0.11057985,-0.10656953,-0.2661527702921338,0.15557292,0.024202934
301,0,1,0.25531685,0.20841634,0.4365791220388628,0.18126225,0.032856006
302,0,1,-0.40861666,-0.36556768,-0.2163474137080339,0.19226925,0.036967464
303,0,1,0.20753086,0.17279923,0.360133318371344,0.15260246,0.023287512
304,0,1,-0.34197307,-0.31073558,-0.3549937678935881,0.013020694,0.00016953849
305,0,1,0.3389505,0.2697667,0.5462001625225363,0.20724964,0.042952415
306,0,1,-0.5008975,-0.43173456,-0.2622219627157596,0.23867556,0.056966025
307,0,1,0.25156653,0.20536101,0.1340605792872742,0.11750595,0.013807649
308,0,1,-0.13507307,-0.12880254,-0.1459345137088434,0.0108614415,0.000117970914
309,0,1,0.13914251,0.1166054,0.2562513579071017,0.11710885,0.013714483
310,0,1,-0.24864042,-0.23038578,-0.3084556510455825,0.059815228,0.0035778615
311,0,1,0.29542363,0.23976338,0.2552979697653217,0.040125668,0.0016100692
312,0,1,-0.24776828,-0.2296201,-0.1799125613263636,0.067855716,0.0046043983
313,0,1,0.17224872,0.14456356,0.1516206445088366,0.02062808,0.00042551768
314,0,1,-0.15159929,-0.14376712,-0.1476681808974294,0.003931105,1.5453588e-05
315,0,1,0.14083588,0.118062854,0.0009248087186255,0.13991107,0.019575108
316,0,1,-0.0053260326,-0.013264537,-0.1808567324105769,0.1755307,0.030811027
317,0,1,0.17316568,0.14531958,0.1683573436492291,0.0048083365,2.31201e-05
318,0,1,-0.16729212,-0.15793467,-0.1242117657947272,0.043080352,0.0018559167
319,0,1,0.11789155,0.098109126,-0.0104023051107622,0.12829386,0.016459314
320,0,1,0.0058578253,-0.003045082,0.042632049712947,0.036774226,0.0013523437
321,0,1,-0.046504498,-0.049912333,0.0781697871677504,0.12467428,0.015543677
322,0,1,-0.081558466,-0.08068204,0.0762933588692535,0.15785182,0.024917196
323,0,1,-0.079708815,-0.07905805,-0.1545430274120858,0.07483421,0.0056001595
324,0,1,0.14754617,0.12381208,0.1738351291555926,0.026288956,0.0006911092
325,0,1,-0.17241514,-0.16254926,-0.228134674660781,0.05571954,0.0031046672
326,0,1,0.2188896,0.18145454,0.2662033732260045,0.04731378,0.0022385938
327,0,1,-0.25772798,-0.23834872,-0.4075476687491968,0.1498197,0.022445943
328,0,1,0.38724077,0.29475105,0.3635455759722286,0.0236952,0.00056146254
329,0,1,-0.34498537,-0.31326604,-0.4083997732054283,0.063414395,0.0040213857
330,0,1,0.38801563,0.29538453,0.4041023182185312,0.016086698,0.00025878183
331,0,1,-0.38052416,-0.3428018,-0.3559243776120404,0.02459979,0.0006051497
332,0,1,0.33981383,0.27030218,0.2532217079896768,0.08659211,0.007498193
333,0,1,-0.24586868,-0.22795057,-0.233637306529725,0.01223138,0.00014960665
334,0,1,0.22418272,0.18540275,0.2300077141496241,0.005824983,3.3930428e-05
335,0,1,-0.22455049,-0.2091372,-0.1658221548763845,0.058728337,0.0034490176
336,0,1,0.15854156,0.13313305,0.1867019636561535,0.028160408,0.0007930086
337,0,1,-0.18442261,-0.17334235,-0.1506212528252986,0.033801362,0.0011425321
338,0,1,0.14371908,0.12053847,0.2821577612701456,0.13843867,0.019165266
339,0,1,-0.27223253,-0.25100267,-0.1689957418473291,0.103236794,0.010657836
340,0,1,0.16163099,0.13572967,0.291204745904466,0.12957376,0.01678936
341,0,1,-0.28040922,-0.2581148,-0.1747991239647925,0.10561009,0.01115349
342,0,1,0.16727793,0.14044428,0.3039025453439039,0.1366246,0.018666282
343,0,1,-0.29184914,-0.26801872,-0.0846931186505695,0.20715602,0.042913616
344,0,1,0.07909548,0.06356621,-0.0112043775918129,0.09029986,0.008154064
345,0,1,0.006649494,-0.0023213625,0.0646496696174272,0.058000177,0.0033640205
346,0,1,-0.0682286,-0.06897724,-0.0064376215014221,0.06179098,0.0038181252
347,0,1,0.001943469,-0.006622076,0.1102049163760783,0.10826144,0.01172054
348,0,1,-0.11252618,-0.10833788,-0.0808248706623577,0.031701304,0.0010049727
349,0,1,0.075290084,0.06013751,-0.1427624840297412,0.21805257,0.047546923
350,0,1,0.13604319,0.11393142,0.0247774219142469,0.11126577,0.012380072
351,0,1,-0.028878212,-0.034479022,-0.0503392902293342,0.021461077,0.00046057784
352,0,1,0.04526317,0.032921553,0.1040254026752725,0.05876223,0.0034529998
353,0,1,-0.10666895,-0.10301542,-0.0834269084192584,0.023242041,0.0005401925
354,0,1,0.07784951,0.062444687,-0.005876077078329,0.08372559,0.0070099737
355,0,1,0.0013890266,-0.0071293116,0.047962325857213,0.0465733,0.0021690722
356,0,1,-0.051765442,-0.05452645,0.0146361043129499,0.06640155,0.0044091656
357,0,1,-0.01886487,-0.02562809,0.0231730446799354,0.042037915,0.0017671863
358,0,1,-0.027294397,-0.03309405,0.0904244295678928,0.11771882,0.013857721
359,0,1,-0.09363198,-0.091278315,0.0291450470970229,0.12277703,0.015074199
360,0,1,-0.033190608,-0.038250208,-0.0359468676216123,0.0027562603,7.596971e-06
361,0,1,0.03106904,0.019984484,0.2657511215767918,0.23468208,0.05507568
362,0,1,-0.25731564,-0.23798835,-0.1627978399297018,0.0945178,0.008933614
363,0,1,0.15559518,0.13064802,0.1121308457117389,0.04346434,0.0018891488
364,0,1,-0.11435056,-0.10999477,0.0532610167663929,0.16761157,0.028093638
365,0,1,-0.056993842,-0.059114695,-0.0161420722552703,0.04085177,0.0016688673
366,0,1,0.011523962,0.0021336079,-0.2555244479716838,0.26704842,0.07131486
367,0,1,0.24516714,0.20047176,0.1379753813758193,0.10719176,0.011490073
368,0,1,-0.13876271,-0.13214707,-0.1072805439287165,0.031482168,0.0009911269
369,0,1,0.101289034,0.08342981,0.0738167887133585,0.027472243,0.00075472414
370,0,1,-0.07726765,-0.076915145,-0.2304998631561796,0.15323222,0.023480112
371,0,1,0.2211653,0.183159,0.0987262205550458,0.12243908,0.014991328
372,0,1,-0.10164046,-0.09844601,0.0119426023190774,0.113583066,0.012901112
373,0,1,-0.016204834,-0.023200989,0.0568210360433967,0.07302587,0.0053327773
374,0,1,-0.060506344,-0.062197804,-0.0587091115813669,0.0017972328,3.2300456e-06
375,0,1,0.05351281,0.040423393,0.0307557459924792,0.022757066,0.0005178841
376,0,1,-0.03478074,-0.039641857,0.045507345392225,0.08028808,0.006446176
377,0,1,-0.04934275,-0.052401185,-0.0581096900606465,0.008766938,7.68592e-05
378,0,1,0.05292225,0.03988707,0.0453231167459664,0.0075991303,5.774678e-05
379,0,1,-0.049160838,-0.052241683,0.107031687349258,0.15619253,0.024396105
380,0,1,-0.109519124,-0.1056056,0.0584027508114652,0.16792187,0.028197754
381,0,1,-0.062066913,-0.06356752,0.1009743207849127,0.16304123,0.026582444
382,0,1,-0.10377455,-0.10038519,-0.2378484907339813,0.13407394,0.017975822
383,0,1,0.22822869,0.18838274,0.3455782408204306,0.117349565,0.01377092
384,0,1,-0.32908475,-0.29985964,-0.5409741600638778,0.21188939,0.044897113
385,0,1,0.5049068,0.30596936,0.4886132772509304,0.016293496,0.000265478
386,0,1,-0.45291996,-0.39855003,-0.5692632840286154,0.11634332,0.013535768
387,0,1,0.52881396,0.25988948,0.6441917920895681,0.11537784,0.013312046
388,0,1,-0.5796354,-0.4837395,-0.6779315450840644,0.098296165,0.009662136
389,0,1,0.6167842,-0.033524275,0.5831478097518035,0.03363639,0.0011314068
390,0,1,-0.5310054,-0.4520123,-0.513996287479807,0.01700908,0.00028930878
391,0,1,0.48174918,0.32307637,0.2917048533282631,0.19004431,0.036116842
392,0,1,-0.28086042,-0.2585069,-0.2450249612514903,0.03583546,0.0012841802
393,0,1,0.23511422,0.19337499,0.2517943118333681,0.016680092,0.00027822546
394,0,1,-0.24456179,-0.22680187,-0.1893977415274008,0.055164054,0.0030430728
395,0,1,0.18145692,0.15210831,0.2865550440930871,0.10509813,0.011045616
396,0,1,-0.2762096,-0.25446522,-0.3562903585053343,0.08008078,0.006412931
397,0,1,0.34015357,0.27051222,0.3271846821869786,0.012968898,0.00016819232
398,0,1,-0.3127104,-0.2859336,-0.2638819583917897,0.048828453,0.002384218
399,0,1,0.25315034,0.20665419,0.2976699025560221,0.044519573,0.0019819925
400,0,1,-0.28623903,-0.26316905,-0.2417970156701565,0.044442013,0.0019750926
401,0,1,0.23201883,0.19114316,0.3687849611710925,0.13676614,0.018704975
402,0,1,-0.34960437,-0.3171388,-0.453029822432724,0.10342544,0.010696822
403,0,1,0.4281999,0.32387125,0.4349241579993801,0.006724268,4.5215784e-05
404,0,1,-0.4071933,-0.36444676,-0.490199033923532,0.08300573,0.0068899505
405,0,1,0.46104157,0.3290416,0.2458641102712164,0.21517746,0.04630134
406,0,1,-0.23912716,-0.22201788,-0.3537429675876995,0.1146158,0.013136781
407,0,1,0.33778965,0.26904166,0.1802203632067047,0.15756929,0.02482808
408,0,1,-0.17837834,-0.16791391,0.0002406105364245,0.17861895,0.03190473
409,0,1,-0.004650116,-0.01264739,0.0933406378005083,0.09799075,0.009602187
410,0,1,-0.096503615,-0.09379768,-0.0369006617786702,0.059602953,0.003552512
411,0,1,0.03200996,0.020842552,0.0381095829256399,0.0060996227,3.72054e-05
412,0,1,-0.042040944,-0.045999765,0.3310468672229831,0.37308782,0.13919452
413,0,1,-0.31615627,-0.2888744,-0.5236893700069767,0.20753312,0.043069996
414,0,1,0.49010885,0.3182534,0.3987212102265596,0.09138763,0.0083516985
415,0,1,-0.37583768,-0.33894134,-0.4790125241636274,0.103174835,0.010645047
416,0,1,0.45122015,0.32919133,0.2740051752907904,0.17721498,0.03140515
417,0,1,-0.2648332,-0.2445544,-0.2957350492393575,0.03090185,0.00095492427
418,0,1,0.2834152,0.23066771,0.1396908972461141,0.1437243,0.020656677
419,0,1,-0.14037812,-0.13361096,-0.1359427743097436,0.0044353455,1.967229e-05
420,0,1,0.12937534,0.10814977,0.016612144553465,0.112763196,0.012715538
421,0,1,-0.020816207,-0.027408838,-0.0422573774358412,0.02144117,0.00045972373
422,0,1,0.03729379,0.025661707,0.0209894797498559,0.016304312,0.0002658306
423,0,1,-0.02513814,-0.031210661,-0.0399137241163867,0.014775585,0.00021831792
424,0,1,0.034982324,0.023554206,-0.0434923829730733,0.07847471,0.0061582797
425,0,1,0.038511395,0.026771903,-0.0875238720783011,0.12603527,0.01588489
426,0,1,0.08187926,0.066070795,0.0579872615125549,0.023891997,0.0005708275
427,0,1,-0.06165719,-0.06320751,-0.1298261093276964,0.06816892,0.004647002
428,0,1,0.1233896,0.10292876,0.1119670993941128,0.0114225,0.0001304735
429,0,1,-0.11419511,-0.10985398,-0.2208946211606557,0.10669951,0.011384786
430,0,1,0.21191609,0.17616928,0.0999738951714006,0.111942194,0.012531055
431,0,1,-0.102825046,-0.099522114,-0.0111856352948624,0.091639414,0.008397782
432,0,1,0.006631255,-0.0023380518,-0.0227893206838987,0.029420575,0.00086557027
433,0,1,0.01808548,0.008128762,0.0731759793036934,0.055090502,0.0030349635
434,0,1,-0.076636195,-0.07636011,-0.0642881985790413,0.012347996,0.00015247302
435,0,1,0.05900979,0.04541266,0.1798907921679104,0.120881006,0.014612217
436,0,1,-0.17807043,-0.16763723,0.0538962449206812,0.23196667,0.053808536
437,0,1,-0.057620764,-0.05966437,0.0244454185054636,0.08206618,0.006734858
438,0,1,-0.028550744,-0.034192324,-0.3087527597696133,0.280202,0.07851316
439,0,1,0.29570425,0.239972,0.3669045527516219,0.07120031,0.0050694845
440,0,1,-0.34794736,-0.31575084,-0.2059655088276495,0.14198186,0.020158848
441,0,1,0.19750273,0.16496933,0.040335734995796,0.157167,0.024701467
442,0,1,-0.04423833,-0.04792571,-0.2664540038669396,0.22221568,0.04937981
443,0,1,0.25560415,0.20865,0.2385892278721415,0.01701492,0.00028950753
444,0,1,-0.2324475,-0.21612406,-0.1188850810155421,0.11356243,0.012896425
445,0,1,0.11267173,0.09351289,0.0013328494912328,0.11133888,0.012396347
446,0,1,-0.005728364,-0.013632536,-0.0629281999836062,0.057199836,0.0032718212
447,0,1,0.05766976,0.04419768,0.1493560322120999,0.09168628,0.008406374
448,0,1,-0.1494714,-0.14184248,-0.1330733342445904,0.016398072,0.00026889678
449,0,1,0.12656796,0.105704784,0.1848083388563342,0.058240384,0.0033919422
450,0,1,-0.18265736,-0.17175817,-0.1905978943411315,0.007940531,6.305203e-05
451,0,1,0.18262088,0.1530546,0.27263578468915,0.090014905,0.008102683
452,0,1,-0.26358724,-0.24346757,-0.2258840990763118,0.03770314,0.0014215269
453,0,1,0.21672308,0.17982209,0.256263298792754,0.0395402,0.0015634275
454,0,1,-0.24865115,-0.23039544,-0.2117829792537344,0.03686817,0.0013592619
455,0,1,0.20312464,0.16937983,-0.0249114186383476,0.22803606,0.052000444
456,0,1,0.020180225,0.010042548,0.0868171437140805,0.06663692,0.004440479
457,0,1,-0.09007907,-0.08816099,-0.0500708931092319,0.040008176,0.0016006542
458,0,1,0.044998765,0.03268051,0.0060361794789602,0.038962584,0.0015180829
459,0,1,-0.010373116,-0.017875195,0.0427220003136663,0.053095117,0.0028190915
460,0,1,-0.046593428,-0.049990296,0.0285520623963078,0.07514549,0.005646845
461,0,1,-0.03260541,-0.037737846,-0.0169680650211034,0.015637344,0.0002445265
462,0,1,0.012339711,0.0028787851,0.1319901938743977,0.11965048,0.014316238
463,0,1,-0.13311994,-0.12703228,-0.1057404045855803,0.027379535,0.00074963894
464,0,1,0.09977758,0.08208525,0.077247723113706,0.022529855,0.0005075944
465,0,1,-0.08064985,-0.07988429,0.0274324067089413,0.10808226,0.011681775
466,0,1,-0.031499624,-0.03677094,-0.0494678391867171,0.017968215,0.00032285677
467,0,1,0.04440403,0.03213954,-0.031050432629776,0.07545446,0.005693375
468,0,1,0.026237965,0.015574694,-0.0886477619773358,0.114885725,0.01319873
469,0,1,0.08298445,0.06706369,0.1532581672789581,0.07027373,0.0049383966
470,0,1,-0.15313745,-0.14515734,-0.1050714484083665,0.048065998,0.00231034
471,0,1,0.0991205,0.08150029,0.1595221175027894,0.06040162,0.0036483556
472,0,1,-0.1590153,-0.15046775,-0.2614097171421266,0.10239443,0.01048462
473,0,1,0.25079095,0.20472729,0.2527546420106616,0.001963675,3.8560197e-06
474,0,1,-0.24544108,-0.22757494,-0.1879708816768577,0.057470202,0.0033028242
475,0,1,0.18007267,0.15098143,0.3025010799893339,0.12242842,0.014988718
476,0,1,-0.29058838,-0.26692975,-0.2448642113130061,0.04572417,0.0020906995
477,0,1,0.2349602,0.19326437,0.1879769875937731,0.046983212,0.0022074222
478,0,1,-0.18561006,-0.1744082,-0.068213599370112,0.11739646,0.013781928
479,0,1,0.06287587,0.048918128,0.1235570041182576,0.060681134,0.0036822
480,0,1,-0.12515867,-0.11980879,-0.0400880608904337,0.08507061,0.007237009
481,0,1,0.035154223,0.023710728,-0.0402768010591569,0.07543102,0.0056898384
482,0,1,0.03534031,0.0238806,-0.0153478080356945,0.050688118,0.0025692852
483,0,1,0.010740161,0.0014169216,-0.0651133824324357,0.07585354,0.0057537598
484,0,1,0.05982256,0.046150327,0.0409460950855495,0.018876463,0.00035632087
485,0,1,-0.044840693,-0.04845369,-0.1405634525733059,0.095722765,0.009162848
486,0,1,0.13389385,0.11207199,-0.0683843307036495,0.20227817,0.040916458
487,0,1,0.06304395,0.04907036,0.0718271278919873,0.008783177,7.714419e-05
488,0,1,-0.07530606,-0.07519257,-0.068314299339758,0.006991759,4.8884693e-05
489,0,1,0.06297505,0.049007535,-0.0213884016002259,0.08436345,0.0071171923
490,0,1,0.01670289,0.0068660975,-0.0770669665944614,0.093769856,0.008792786
491,0,1,0.07159209,0.05680132,0.1198485061630669,0.048256412,0.0023286813
492,0,1,-0.12165332,-0.11662722,0.0015993157212328,0.12325264,0.015191212
493,0,1,-0.0059918165,-0.013873696,-0.0774332879755792,0.07144147,0.005103884
494,0,1,0.0719527,0.057126522,-0.0823185550492715,0.15427125,0.023799617
495,0,1,0.07675934,0.06146288,0.0516354890317745,0.02512385,0.00063120783
496,0,1,-0.05539012,-0.057706594,-0.0708254877860636,0.015435368,0.00023825058
497,0,1,0.065448046,0.051246524,0.0524976413997062,0.0129504055,0.000167713
498,0,1,-0.056240916,-0.05845344,-0.1132714355889918,0.05703052,0.0032524804
499,0,1,0.107167125,0.08864713,0.0333556346789667,0.07381149,0.0054481355
500,0,1,-0.037347913,-0.041888952,0.0274373598798043,0.06478527,0.0041971314
501,0,1,-0.03150463,-0.03677547,-0.152551619300771,0.12104699,0.014652374
502,0,1,0.1456033,0.12215185,0.1411263501401645,0.0044769496,2.0043077e-05
503,0,1,-0.14172983,-0.13483524,-0.1645875312029492,0.022857696,0.00052247423
504,0,1,0.15733874,0.13212049,0.0272897586606257,0.13004898,0.016912736
505,0,1,-0.031358838,-0.036648035,-0.0099144588329067,0.02144438,0.00045986145
506,0,1,0.005375862,-0.0034849644,0.0688361889109305,0.06346033,0.004027213
507,0,1,-0.0723573,-0.07260287,0.0527280907117906,0.12508538,0.015646353
508,0,1,-0.05646801,-0.058652878,-0.0112736760507683,0.045194335,0.002042528
509,0,1,0.006718397,-0.002259016,-0.1223200287803361,0.12903842,0.016650915
510,0,1,0.116037846,0.096479535,-0.0625058997264882,0.17854375,0.031877868
511,0,1,0.057253957,0.043820143,0.0160821799518233,0.041171774,0.001695115
512,0,1,-0.020292878,-0.026930928,-0.0800765077091205,0.05978363,0.0035740824
513,0,1,0.07455361,0.059473872,0.1534878186237118,0.07893421,0.006230609
514,0,1,-0.15335298,-0.14535236,-0.3853783226119673,0.23202536,0.053835765
515,0,1,0.36698878,0.28561246,0.2622849661519912,0.104703814,0.010962889
516,0,1,-0.254153,-0.23522007,-0.5513323165015838,0.29717928,0.088315524
517,0,1,0.5137061,0.29575312,0.3662850771426049,0.147421,0.021732952
518,0,1,-0.34740114,-0.31529307,-0.3418832392677184,0.0055179,3.044722e-05
519,0,1,0.32675683,0.26191795,0.3670306326412598,0.040273786,0.0016219778
520,0,1,-0.34805858,-0.31584442,-0.2517439015735523,0.09631467,0.009276516
521,0,1,0.24155056,0.19794548,0.2598832969498892,0.01833272,0.00033608862
522,0,1,-0.2519598,-0.2332983,-0.1818902498190004,0.07006955,0.004909742
523,0,1,0.17416966,0.14614642,0.1153797860014727,0.05878987,0.003456249
524,0,1,-0.11742616,-0.1127882,-0.2463366301298513,0.12891047,0.01661791
525,0,1,0.2363714,0.19427502,-0.0208493807192833,0.25722077,0.06616253
526,0,1,0.01617086,0.006379366,0.0876285393977607,0.07145768,0.0051061995
527,0,1,-0.09087825,-0.08886242,0.0041851843515094,0.09506343,0.009037056
528,0,1,-0.00854516,-0.016206145,-0.0893958352123194,0.080850676,0.0065368316
529,0,1,0.08371949,0.06772423,0.3201188188657926,0.23639932,0.05588464
530,0,1,-0.30639482,-0.28053045,-0.4834121885963802,0.17701736,0.031335145
531,0,1,0.4550892,0.32932222,0.4673080225091792,0.012218803,0.00014929916
532,0,1,-0.43488705,-0.3857659,-0.340926715852581,0.093960345,0.008828547
533,0,1,0.3258649,0.26132476,0.3582208375610454,0.032355934,0.0010469065
534,0,1,-0.34028292,-0.309314,-0.3512513607975951,0.010968447,0.000120306824
535,0,1,0.33547556,0.26758158,0.3037427059974156,0.031732857,0.0010069743
536,0,1,-0.29170513,-0.26789415,-0.3250057921606062,0.033300668,0.0011089345
537,0,1,0.3109795,0.25108016,0.3850843013931506,0.074104816,0.0054915235
538,0,1,-0.3639214,-0.32907772,-0.1620102234617573,0.20191118,0.040768124
539,0,1,0.15482771,0.12999904,0.2323183250767335,0.07749061,0.006004795
540,0,1,-0.22667849,-0.21102214,-0.1798754843878898,0.046803012,0.002190522
541,0,1,0.17221272,0.14453316,0.2724069873693417,0.100194275,0.010038893
542,0,1,-0.26337934,-0.24328601,-0.3815034920524012,0.11812416,0.013953317
543,0,1,0.3634311,0.28379834,0.3221558262570914,0.041275263,0.0017036473
544,0,1,-0.30821705,-0.28209162,-0.2421278333746961,0.06608921,0.004367784
545,0,1,0.23233593,0.19137347,0.2101618916596843,0.02217403,0.0004916876
546,0,1,-0.20621729,-0.19284046,-0.14828125706833,0.057936028,0.0033565832
547,0,1,0.14143431,0.11857772,0.1839464799042336,0.042512164,0.0018072841
548,0,1,-0.18185413,-0.17103636,-0.1923085924738676,0.010454461,0.000109295754
549,0,1,0.18427932,0.15439856,0.3667735182228895,0.1824942,0.03330413
550,0,1,-0.34783196,-0.31565452,-0.3866492808950537,0.038817316,0.001506784
551,0,1,0.36815464,0.28619254,0.3263274598888011,0.041827172,0.0017495123
552,0,1,-0.31194484,-0.28527975,-0.3527911561140227,0.040846318,0.0016684217
553,0,1,0.33690584,0.26848614,0.4601644017292996,0.12325856,0.015192673
554,0,1,-0.42880738,-0.38134897,-0.3453971058183918,0.08341026,0.006957272
555,0,1,0.33003032,0.26407373,0.3485543948812981,0.01852408,0.00034314155
556,0,1,-0.33172512,-0.3020941,-0.3347275086164283,0.0030023754,9.014258e-06
557,0,1,0.32007802,0.25741732,0.0784704261774837,0.24160759,0.05837423
558,0,1,-0.08185482,-0.08094239,0.0166215813482124,0.0984764,0.009697602
559,0,1,-0.020825267,-0.027416825,-0.1861198960459706,0.16529463,0.027322315
560,0,1,0.17827642,0.14951539,0.0956559938905858,0.08262043,0.006826135
561,0,1,-0.09872532,-0.095796466,-0.0468855609118408,0.051839758,0.0026873604
562,0,1,0.041858077,0.029820919,0.0304792725004334,0.011378804,0.00012947718
563,0,1,-0.03450799,-0.03940308,0.1062203866402309,0.14072838,0.019804478
564,0,1,-0.108749986,-0.10490656,-0.125098193553083,0.016348213,0.00026726405
565,0,1,0.11875975,0.09887183,0.0916728696170212,0.027086884,0.0007336993
566,0,1,-0.09486163,-0.09235716,-0.0922648510558112,0.0025967732,6.743231e-06
567,0,1,0.08654034,0.070255876,-0.0250866441525599,0.11162698,0.012460583
568,0,1,0.02035296,0.010200381,-0.0726791130293735,0.09303207,0.008654966
569,0,1,0.0672729,0.05289793,0.0901655415408366,0.022892639,0.0005240729
570,0,1,-0.09337711,-0.09105468,-0.1242068034537637,0.03082969,0.0009504698
571,0,1,0.117886424,0.098104715,0.0896201641330864,0.028266259,0.00079898135
572,0,1,-0.09283984,-0.09058356,-0.0550942458833965,0.03774559,0.0014247297
573,0,1,0.04995072,0.03718531,0.061524826295161,0.011574108,0.00013395998
574,0,1,-0.065146804,-0.066271424,-0.1071734345174659,0.04202663,0.0017662378
575,0,1,0.10118401,0.083335996,0.073621325198343,0.027562685,0.0007597016
576,0,1,-0.077075124,-0.07674563,-0.0368456879050678,0.040229436,0.0016184076
577,0,1,0.031955957,0.02079308,0.0051245070575822,0.02683145,0.0007199267
578,0,1,-0.009472609,-0.01705277,-0.2064753062724356,0.1970027,0.038810063
579,0,1,0.19799578,0.16535819,0.0830091824986711,0.1149866,0.013221918
580,0,1,-0.086327314,-0.08486855,-0.194188765803317,0.107861444,0.011634091
581,0,1,0.18610227,0.1558708,0.4065218938524488,0.22041962,0.048584808
582,0,1,-0.38262832,-0.34453177,-0.6084257477370454,0.22579741,0.050984472
583,0,1,0.56124365,0.16617906,0.5542959162536796,0.006947756,4.827131e-05
584,0,1,-0.5075469,-0.43624353,-0.5364866278800726,0.028939724,0.0008375076
585,0,1,0.5010785,0.3096224,0.4032068326611406,0.09787166,0.009578862
586,0,1,-0.3797443,-0.34216034,-0.2963781229947859,0.083366156,0.006949916
587,0,1,0.28402317,0.23113549,0.2566418072815357,0.02738136,0.0007497389
588,0,1,-0.24899733,-0.2306993,-0.2643948462309531,0.015397519,0.00023708359
589,0,1,0.25363982,0.20705307,0.1943976095769441,0.059242204,0.0035096388
590,0,1,-0.1915859,-0.17976475,0.0256121060345153,0.217198,0.04717497
591,0,1,-0.029702425,-0.035199165,-0.0205454355439269,0.009156989,8.385045e-05
592,0,1,0.015871048,0.0061051846,-0.2171254854540365,0.23299654,0.054287385
593,0,1,0.2082814,0.17337883,0.1370159761366793,0.071265414,0.0050787595
594,0,1,-0.13785875,-0.13132775,-0.2834039315918704,0.14554518,0.021183401
595,0,1,0.27173007,0.22156465,0.266270206090389,0.005459845,2.9809908e-05
596,0,1,-0.25778913,-0.23840272,-0.2576088051176328,0.00018033385,3.2520298e-08
597,0,1,0.24715984,0.20184934,0.2338783124150698,0.013281524,0.00017639888
598,0,1,-0.22811449,-0.21229303,-0.1168302868568853,0.1112842,0.0123841725
599,0,1,0.110657215,0.091735125,0.1866485936991868,0.07599138,0.0057746894
600,0,1,-0.18437278,-0.17329776,-0.1012787103311063,0.083094075,0.0069046253
601,0,1,0.09539628,0.078179955,0.1481184611765245,0.052722186,0.0027796288
602,0,1,-0.1483084,-0.14079034,0.0112756509635081,0.15958405,0.025467068
603,0,1,-0.015546441,-0.022599578,0.0807472822307822,0.096293725,0.009272481
604,0,1,-0.08409834,-0.08291221,-0.1661788763405294,0.08208054,0.0067372154
605,0,1,0.15888894,0.13342547,0.1163312537273582,0.04255768,0.001811156
606,0,1,-0.118326545,-0.113606334,-0.0736769202335092,0.044649623,0.0019935889
607,0,1,0.068255305,0.05378592,0.0867626736127651,0.018507369,0.0003425227
608,0,1,-0.090025425,-0.088113904,-0.1151093330431327,0.025083907,0.0006292024
609,0,1,0.10896981,0.090242624,0.1709775095607903,0.062007695,0.0038449543
610,0,1,-0.16974366,-0.16014361,-0.2147776796914142,0.04503402,0.0020280632
611,0,1,0.20601618,0.17162788,0.1280109326105198,0.078005254,0.00608482
612,0,1,-0.1293652,-0.12362623,0.0207945373848974,0.15015975,0.02254795
613,0,1,-0.024945498,-0.031042099,-0.1272254668798973,0.102279976,0.0104611935
614,0,1,0.12084317,0.100699425,0.2021546704097121,0.081311494,0.006611559
615,0,1,-0.19879293,-0.18621278,0.0103907093946802,0.20918365,0.0437578
616,0,1,-0.014672875,-0.02180171,0.0309607773374476,0.04563365,0.00208243
617,0,1,-0.034983516,-0.03981924,-0.1468357608000576,0.11185224,0.012510925
618,0,1,0.14002252,0.11736357,-0.0127147988080913,0.15273732,0.023328688
619,0,1,0.008141398,-0.0009586811,-0.0686927034866824,0.076834105,0.0059034796
620,0,1,0.063348055,0.049345374,0.0482377302594385,0.015110325,0.00022832192
621,0,1,-0.05203688,-0.05476451,0.0484981745588746,0.10053506,0.010107297
622,0,1,-0.052294135,-0.05499041,0.109812939569587,0.16210708,0.026278706
623,0,1,-0.11215484,-0.10800028,-0.0017346378469136,0.110420205,0.012192622
624,0,1,-0.0026999712,-0.010865092,0.0175297355767987,0.020229707,0.00040924104
625,0,1,-0.02172196,-0.028227925,0.0753210358808837,0.09704299,0.009417342
626,0,1,-0.07875061,-0.07821715,-0.0351962526578606,0.04355436,0.0018969821
627,0,1,0.030328274,0.019308448,0.077679901518987,0.04735163,0.0022421768
628,0,1,-0.08107579,-0.08025837,-0.150674257540565,0.069598466,0.0048439465
629,0,1,0.1437707,0.12058258,0.1913809631750547,0.047610268,0.0022667376
630,0,1,-0.18877983,-0.17725027,-0.2394156965049472,0.05063586,0.0025639902
631,0,1,0.22973335,0.18948257,0.2819944032687875,0.052261055,0.0027312178
632,0,1,-0.2720846,-0.25087368,-0.1411631153618406,0.13092148,0.017140435
633,0,1,0.13447976,0.112579584,0.2005151778205938,0.06603542,0.0043606767
634,0,1,-0.19727075,-0.18485212,-0.1497883143252718,0.04748243,0.0022545813
635,0,1,0.14290583,0.1198411,0.1828282608054665,0.03992243,0.0015938005
636,0,1,-0.18081117,-0.17009997,-0.3232816684197754,0.14247051,0.020297846
637,0,1,0.30936277,0.24993074,0.3672045201183376,0.057841748,0.0033456679
638,0,1,-0.34821177,-0.3159722,-0.4317077646141367,0.083496004,0.006971583
639,0,1,0.4091004,0.31158292,0.4014590878301225,0.0076413155,5.83897e-05
640,0,1,-0.37822318,-0.34090757,-0.3724692067253372,0.005753964,3.3108103e-05
641,0,1,0.35511506,0.27932084,0.1999790456317967,0.155136,0.02406718
642,0,1,-0.19677317,-0.18440735,-0.0677764589790168,0.12899671,0.016640153
643,0,1,0.062445045,0.04852736,-0.0852999515394841,0.147745,0.021828584
644,0,1,0.07969189,0.06410313,0.1170235780660726,0.037331693,0.0013936553
645,0,1,-0.11898136,-0.11420131,-0.2054217868672994,0.08644043,0.007471948
646,0,1,0.19697678,0.164554,0.166587403719842,0.030389383,0.0009235146
647,0,1,-0.16563523,-0.15644097,-0.2145987683045989,0.048963547,0.002397429
648,0,1,0.20584309,0.17149389,0.2153568934496001,0.009513795,9.05123e-05
649,0,1,-0.2110256,-0.1971246,-0.2018570394892345,0.00916855,8.406232e-05
650,0,1,0.19352853,0.16182005,0.4467011789688777,0.25317264,0.064096384
651,0,1,-0.41730392,-0.3723842,-0.5298156187249987,0.112511694,0.012658881
652,0,1,0.49537003,0.31444824,0.5570901316684596,0.061720073,0.0038093675
653,0,1,-0.509832,-0.437791,-0.5104412799273075,0.0006092787,3.712205e-07
654,0,1,0.47867167,0.32448614,0.5745081706377613,0.09583652,0.009184639
655,0,1,-0.52401245,-0.44733953,-0.5377947830109957,0.013782322,0.0001899524
656,0,1,0.5021957,0.30859172,0.3401186450306734,0.16207707,0.026268976
657,0,1,-0.32423425,-0.29574716,-0.2388503401020407,0.08538391,0.0072904117
658,0,1,0.22919047,0.18908656,0.1570988941652891,0.07209158,0.005197196
659,0,1,-0.15674245,-0.14841533,-0.1635152237805364,0.0067727715,4.5870434e-05
660,0,1,0.15629351,0.1312381,0.1366943590758558,0.019599155,0.00038412685
661,0,1,-0.13755548,-0.13105345,-0.0038817376867978,0.13367374,0.01786867
662,0,1,-0.0005797148,-0.008928418,0.0539169519224456,0.05449667,0.0029698869
663,0,1,-0.05764103,-0.05968237,-0.1315199020320541,0.07387887,0.005458087
664,0,1,0.12504756,0.10437763,0.0803976651993363,0.0446499,0.0019936136
665,0,1,-0.08375406,-0.082609534,-0.0780913818479756,0.0056626797,3.2065942e-05
666,0,1,0.072600365,0.057711363,-0.0456301005032122,0.11823046,0.013978442
667,0,1,0.040619493,0.028693318,0.0495543448094832,0.008934852,7.9831574e-05
668,0,1,-0.05333674,-0.055904508,0.0314619244846856,0.084798664,0.0071908133
669,0,1,-0.035477996,-0.04025209,0.0016909324834692,0.037168927,0.0013815291
670,0,1,-0.0060822964,-0.0139558315,0.0942188264667505,0.100301124,0.010060316
671,0,1,-0.09736025,-0.09455538,-0.1773982368865303,0.08003798,0.0064060786
672,0,1,0.16980493,0.14254189,0.0390321109182891,0.13077283,0.017101534
673,0,1,-0.042951345,-0.046797037,-0.0494054055753216,0.0064540617,4.1654912e-05
674,0,1,0.0443424,0.032083154,0.079308559155891,0.034966163,0.0012226326
675,0,1,-0.08268094,-0.08166754,-0.246365912243742,0.16368496,0.026792768
676,0,1,0.23639953,0.19429553,0.0334659743208047,0.20293355,0.041182026
677,0,1,-0.037456393,-0.04198432,-0.0821089539712947,0.04465256,0.001993851
678,0,1,0.07655311,0.061276555,0.2061310823830917,0.12957798,0.016790453
679,0,1,-0.20248151,-0.18950737,-0.2591591971360203,0.0566777,0.0032123616
680,0,1,0.24864137,0.2029661,0.1738959690685264,0.0747454,0.005586875
681,0,1,-0.17247176,-0.16260076,-0.0698731714262086,0.10259859,0.010526471
682,0,1,0.06451011,0.050397515,0.0326415022995232,0.031868603,0.0010156078
683,0,1,-0.03664279,-0.041271687,0.0349802936711436,0.07162309,0.005129867
684,0,1,-0.038951397,-0.043293357,0.040118448375475,0.079069845,0.0062520406
685,0,1,-0.044023633,-0.04773748,0.0834680956485822,0.12749173,0.01625414
686,0,1,-0.086779475,-0.08526564,-0.2009190976260184,0.11413962,0.013027852
687,0,1,0.19262087,0.16109765,0.2262200054925445,0.03359914,0.0011289021
688,0,1,-0.22105885,-0.20604146,-0.2548888742619486,0.033830017,0.0011444701
689,0,1,0.24455917,0.20004952,0.3060151165389133,0.061455935,0.003776832
690,0,1,-0.29374802,-0.2696569,-0.3484170794255303,0.054669052,0.0029887052
691,0,1,0.3328408,0.26589692,0.2370545429868922,0.09578626,0.009175007
692,0,1,-0.23103654,-0.21487737,-0.2085293684350317,0.022507176,0.00050657295
693,0,1,0.1999811,0.16691983,0.3031883644685915,0.10320726,0.010651738
694,0,1,-0.29120648,-0.26746392,-0.2815033791431187,0.0097031,9.415014e-05
695,0,1,0.2699257,0.22013867,0.2466962236974546,0.023229495,0.0005396094
696,0,1,-0.23989034,-0.22269046,-0.0721846156998977,0.16770571,0.028125206
697,0,1,0.06678629,0.052457333,0.130737095453165,0.06395081,0.0040897056
698,0,1,-0.13193822,-0.12596023,-0.0658021812997387,0.06613604,0.0043739756
699,0,1,0.06050086,0.04676509,-0.0741053157261664,0.13460618,0.018118825
700,0,1,0.06867671,0.05416751,0.1751660440791089,0.10648933,0.011339977
701,0,1,-0.17365909,-0.16366887,-0.0994641534839513,0.07419493,0.0055048876
702,0,1,0.09361398,0.07658827,0.1531734056474476,0.05955942,0.0035473246
703,0,1,-0.1530577,-0.14508557,-0.1136411911530212,0.039416507,0.001553661
704,0,1,0.10753012,0.088968396,0.0013639367838871,0.106166184,0.011271259
705,0,1,-0.005759597,-0.013660669,0.0937827712994734,0.099542364,0.009908683
706,0,1,-0.096939206,-0.094179034,-0.0325067932658853,0.06443241,0.0041515357
707,0,1,0.027674913,0.016887069,-0.1144878633831889,0.14216277,0.020210253
708,0,1,0.10836005,0.08970332,0.0474659890834034,0.060894065,0.0037080871
709,0,1,-0.05127573,-0.054096937,0.0280869660542384,0.0793627,0.0062984377
710,0,1,-0.032145977,-0.03733635,-0.0001116325106493,0.032034345,0.0010261993
711,0,1,-0.0043023825,-0.01232934,-0.0817213632449518,0.07741898,0.0059936987
712,0,1,0.076171875,0.060933232,0.0071834322764126,0.06898844,0.0047594053
713,0,1,-0.011505485,-0.018909693,0.0811622798784748,0.092667766,0.008587315
714,0,1,-0.084507465,-0.08327103,-0.1016400641766255,0.017132595,0.0002935258
715,0,1,0.09575117,0.07849705,0.0526760607036103,0.043075107,0.0018554649
716,0,1,-0.05641675,-0.058608055,-0.0544644079143388,0.0019523427,3.811642e-06
717,0,1,0.04932952,0.036621094,-0.0239164473298674,0.073245965,0.0053649712
718,0,1,0.01919806,0.009144902,-0.0131767490679906,0.03237481,0.0010481284
719,0,1,0.008597016,-0.0005418062,-0.1255778614549081,0.13417488,0.0180029
720,0,1,0.119229674,0.09928417,0.1137074713433023,0.0055222064,3.0494764e-05
721,0,1,-0.11584318,-0.111350894,-0.0431495705087383,0.0726936,0.0052843597
722,0,1,0.038173556,0.026463509,-0.0024230212060694,0.04059658,0.0016480822
723,0,1,-0.0020204782,-0.010244489,-0.0529993574455689,0.05097888,0.0025988463
724,0,1,0.047885537,0.035307527,-0.0925499291055245,0.14043546,0.019722117
725,0,1,0.086820364,0.07050741,0.1564577636473803,0.0696374,0.004849368
726,0,1,-0.15614069,-0.14787138,-0.112638163484577,0.043502524,0.0018924696
727,0,1,0.10654569,0.08809662,0.0601546986900607,0.046390988,0.0021521237
728,0,1,-0.06379521,-0.065084696,0.0508332600203735,0.114628464,0.013139685
729,0,1,-0.05459833,-0.05701208,-0.1178740015783996,0.06327567,0.0040038107
730,0,1,0.11168039,0.09263837,0.1774936138368665,0.06581323,0.004331381
731,0,1,-0.17583299,-0.16562474,-0.0272149478750667,0.14861804,0.022087323
732,0,1,0.022453427,0.012118936,0.2161731292158311,0.1937197,0.037527323
733,0,1,-0.21178055,-0.19779634,-0.2694375221191361,0.057656974,0.0033243266
734,0,1,0.25844753,0.21095431,0.3664861135425432,0.108038574,0.011672334
735,0,1,-0.34757864,-0.31544173,-0.4357374627480097,0.088158816,0.0077719768
736,0,1,0.41272414,0.31412995,0.5278596660605548,0.11513555,0.013256195
737,0,1,-0.4857397,-0.4213786,-0.2034407882568207,0.28229892,0.079692684
738,0,1,0.19506085,0.16303718,0.3954647740386996,0.20040393,0.040161736
739,0,1,-0.37299705,-0.33659613,-0.3741322318852373,0.0011352003,1.2886796e-06
740,0,1,0.35664833,0.28016984,0.3048701119717873,0.051778227,0.0026809848
741,0,1,-0.29271865,-0.26876903,-0.4049053559404398,0.1121867,0.012585856
742,0,1,0.38483632,0.29368103,0.2909487212769288,0.0938876,0.008814881
743,0,1,-0.2801783,-0.2579142,-0.215487221445358,0.06469108,0.004184936
744,0,1,0.20670044,0.17215812,-0.0171241496756888,0.22382459,0.050097447
745,0,1,0.012493849,0.0030195713,0.0534370469814446,0.040943198,0.0016763455
746,0,1,-0.05716753,-0.059267044,-0.0567912323934738,0.00037629902,1.4160095e-07
747,0,1,0.051622868,0.038706183,0.0687374264185352,0.017114557,0.00029290808
748,0,1,-0.07226002,-0.072517276,-0.1708890897275961,0.09862907,0.009727694
749,0,1,0.16347396,0.13727236,0.1747344622447,0.011260495,0.00012679874
750,0,1,-0.17325556,-0.16330564,0.0799937513708999,0.25324932,0.064135216
751,0,1,-0.08335626,-0.08226049,-0.0400720095596949,0.043284252,0.0018735265
752,0,1,0.03513825,0.023696303,0.0228734225531259,0.012264827,0.00015042599
753,0,1,-0.026998281,-0.032835484,-0.0289912447512732,0.0019929633,3.9719025e-06
754,0,1,0.024205923,0.013719678,-0.059193158022035,0.08339908,0.0069554066
755,0,1,0.053989768,0.040857077,0.1219879115044095,0.06799814,0.004623747
756,0,1,-0.12367582,-0.1184634,-0.0263677959592885,0.097308025,0.009468852
757,0,1,0.021617293,0.011355162,0.1408745953523729,0.1192573,0.014222303
758,0,1,-0.14149308,-0.13462067,-0.1124180647109824,0.029075019,0.0008453567
759,0,1,0.10633004,0.087905645,-0.0143590317496045,0.12068907,0.0145658525
760,0,1,0.009763837,0.0005249977,-0.1318370243182052,0.14160086,0.020050805
761,0,1,0.12535775,0.10464883,0.0909674212596824,0.034390323,0.0011826943
762,0,1,-0.094166756,-0.09174752,0.0655303946254721,0.15969715,0.025503179
763,0,1,-0.06909716,-0.069740176,0.1432002551432885,0.21229741,0.04507019
764,0,1,-0.14368248,-0.13660312,-0.0640717870493976,0.07961069,0.006337862
765,0,1,0.058796525,0.04521966,-0.028600433992487,0.08739696,0.007638228
766,0,1,0.02382052,0.013367176,0.0354579493748894,0.011637431,0.00013542979
767,0,1,-0.039423227,-0.043706536,-0.0077745498481633,0.031648677,0.0010016387
768,0,1,0.0032635927,-0.005415678,-0.014370401789296,0.017633993,0.00031095772
769,0,1,0.009775162,0.0005353689,-0.0622003404886721,0.0719755,0.0051804725
770,0,1,0.056952715,0.043547034,0.0332159211048093,0.023736794,0.0005634354
771,0,1,-0.03720963,-0.041768312,0.0530846410083507,0.09029427,0.008153056
772,0,1,-0.056819916,-0.05896139,-0.0710040811246586,0.014184162,0.00020119046
773,0,1,0.065624,0.05140567,0.1662214005956788,0.1005974,0.010119836
774,0,1,-0.16529274,-0.1561321,-0.2906163333572411,0.1253236,0.015706003
775,0,1,0.27856982,0.22692192,0.3805248514223283,0.10195503,0.010394827
776,0,1,-0.35992408,-0.32575488,-0.3718766717809407,0.011952579,0.00014286414
777,0,1,0.35456932,0.27901566,0.2798579476716651,0.07471138,0.0055817906
778,0,1,-0.27015078,-0.24918735,-0.2931700877999368,0.023019314,0.0005298888
779,0,1,0.28098786,0.22879684,0.4169361949402483,0.13594833,0.01848195
780,0,1,-0.39166522,-0.35193646,-0.4868563941247952,0.09519118,0.009061361
781,0,1,0.45811284,0.32925403,0.362313414220895,0.09579942,0.009177528
782,0,1,-0.3438983,-0.3123535,-0.2380103510399527,0.10588795,0.011212258
783,0,1,0.22838366,0.18849671,0.3044280309959639,0.07604438,0.0057827476
784,0,1,-0.29232144,-0.26842594,-0.2035287350013643,0.08879271,0.007884146
785,0,1,0.19514596,0.16310465,0.2750786226866542,0.07993266,0.00638923
786,0,1,-0.2658093,-0.24540555,-0.403819784982413,0.1380105,0.019046899
787,0,1,0.38384783,0.29328334,0.2358038610720958,0.14804398,0.021917019
788,0,1,-0.22988641,-0.21386027,-0.1883454618529254,0.04154095,0.0017256506
789,0,1,0.18043625,0.1512779,0.2219208590203061,0.04148461,0.0017209728
790,0,1,-0.2170918,-0.20251918,-0.2110944541133086,0.005997345,3.5968143e-05
791,0,1,0.2024597,0.16886055,0.2996543494971486,0.09719464,0.009446799
792,0,1,-0.28802645,-0.2647153,-0.150933879622461,0.13709258,0.018794375
793,0,1,0.14402437,0.12080026,0.224178379519562,0.080154,0.006424664
794,0,1,-0.21917582,-0.2043699,-0.0992149359462908,0.11996088,0.014390613
795,0,1,0.093369365,0.07637012,0.1105336034900799,0.017164238,0.00029461106
796,0,1,-0.112837315,-0.108620286,-0.1129899291680742,0.0001526177,2.329216e-08
797,0,1,0.1068908,0.08840299,0.179101375576262,0.07221058,0.005214368
798,0,1,-0.17733395,-0.1669749,-0.2211497614264255,0.043815807,0.0019198249
799,0,1,0.21216238,0.17635715,0.3440811040583404,0.13191873,0.01740255
800,0,1,-0.32775545,-0.29873395,-0.466718866950693,0.1389634,0.019310826
801,0,1,0.440364,0.32759964,0.5855055243246408,0.14514154,0.021066068
802,0,1,-0.53290904,-0.45327997,-0.4287516976283541,0.10415733,0.010848749
803,0,1,0.40643752,0.30966103,0.4173598344410736,0.010922313,0.000119296914
804,0,1,-0.39203215,-0.35223615,-0.4013544609065389,0.009322315,8.6905566e-05
805,0,1,0.3816012,0.29235542,0.2728071666617506,0.10879403,0.011836141
806,0,1,-0.26374328,-0.2436037,-0.2553466072096293,0.008396685,7.050432e-05
807,0,1,0.24499738,0.20035374,0.3066290631663715,0.06163168,0.0037984638
808,0,1,-0.29429948,-0.2701329,-0.4044023197859456,0.11010283,0.012122634
809,0,1,0.38437855,0.2934972,0.3228097754259018,0.061568767,0.0037907131
810,0,1,-0.30880165,-0.28259134,-0.0416783309419499,0.2671233,0.071354866
811,0,1,0.03672254,0.025141,0.0892519062573198,0.052529365,0.0027593342
812,0,1,-0.09247708,-0.09026539,0.0292803097867835,0.121757396,0.0148248635
813,0,1,-0.033324122,-0.038367033,0.0533340231360019,0.08665815,0.007509635
814,0,1,-0.057066083,-0.059177756,-0.0072545248717026,0.049811557,0.0024811912
815,0,1,0.0027501583,-0.0058853626,-0.0709767134828391,0.07372687,0.005435651
816,0,1,0.06559694,0.05138147,0.0963860721749221,0.030789137,0.00094797096
817,0,1,-0.099419,-0.09642708,-0.0234889937330924,0.07593001,0.005765366
818,0,1,0.018776178,0.008759618,-0.1705599543847122,0.18933614,0.035848174
819,0,1,0.163154,0.13700402,0.0375963261104617,0.12555768,0.01576473
820,0,1,-0.041534424,-0.04555583,0.008038677894997,0.0495731,0.0024574923
821,0,1,-0.012349963,-0.019680858,0.0949154553932378,0.10726542,0.01150587
822,0,1,-0.09802163,-0.095157504,-0.2067584101168031,0.10873678,0.011823688
823,0,1,0.19826901,0.16557348,0.0542200383117656,0.14404897,0.020750107
824,0,1,-0.057940125,-0.059945107,0.0516348154623989,0.109574944,0.012006668
825,0,1,-0.055389166,-0.057706356,-0.099726797184894,0.04433763,0.0019658254
826,0,1,0.09387207,0.07681894,0.0995163323316965,0.005644262,3.1857693e-05
827,0,1,-0.102391005,-0.09912765,-0.0791208190627466,0.023270182,0.0005415014
828,0,1,0.073613405,0.058625817,0.1028129749794619,0.02919957,0.00085261493
829,0,1,-0.10551882,-0.10197067,0.0031433178234008,0.108662136,0.011807459
830,0,1,-0.0075165033,-0.015266299,-0.0518182729106371,0.04430177,0.0019626468
831,0,1,0.04672122,0.03424847,-0.0057713699054315,0.05249259,0.002755472
832,0,1,0.0012860298,-0.0072232485,-0.0333503693850669,0.0346364,0.0011996803
833,0,1,0.028507233,0.017646313,0.039750134610814,0.011242904,0.00012640288
834,0,1,-0.043660045,-0.047418714,-0.0672953980183079,0.02363535,0.0005586298
835,0,1,0.061971664,0.048098445,0.0087309180174008,0.053240746,0.002834577
836,0,1,-0.013033867,-0.020305395,0.1004259046120972,0.11345977,0.012873121
837,0,1,-0.10325396,-0.09991193,-0.0239250914252036,0.079328865,0.0062930686
838,0,1,0.019206524,0.00915277,0.1552688440574983,0.13606232,0.018512957
839,0,1,-0.155025,-0.14686334,-0.1285434617061864,0.026481539,0.0007012719
840,0,1,0.12213361,0.101830125,0.0452679676901206,0.07686564,0.005908327
841,0,1,-0.04910648,-0.052193522,-0.0594744019345288,0.0103679225,0.00010749382
842,0,1,0.05426693,0.041108847,0.0278568241068359,0.026410105,0.0006974936
843,0,1,-0.031918526,-0.037137628,-0.1292741079517523,0.09735559,0.009478111
844,0,1,0.12284875,0.102455735,0.1177385799938628,0.005110167,2.6113807e-05
845,0,1,-0.11965799,-0.114815235,-0.2797691305904803,0.16011113,0.025635574
846,0,1,0.26827872,0.21883237,0.1880421975145128,0.080236524,0.0064379
847,0,1,-0.18567133,-0.17446244,-0.1175216111920944,0.068149716,0.0046443837
848,0,1,0.11133504,0.092333674,-0.0441351006069929,0.15547013,0.024170963
849,0,1,0.039145827,0.027349472,-0.0440324206489302,0.08317825,0.0069186217
850,0,1,0.03904414,0.027257204,-0.0701043724039631,0.10914852,0.011913399
851,0,1,0.064738154,0.05060315,-0.0225858978798187,0.08732405,0.0076254904
852,0,1,0.017884731,0.007945061,-0.1054458235356552,0.123330556,0.015210426
853,0,1,0.09948826,0.081828,0.0531256788685463,0.04636258,0.0021494888
854,0,1,-0.056860328,-0.058997035,0.0187510162528001,0.075611345,0.0057170754
855,0,1,-0.02292788,-0.029280424,-0.1992625901148044,0.17633471,0.031093929
856,0,1,0.19101751,0.15981734,0.046612714362912,0.1444048,0.020852746
857,0,1,-0.050433278,-0.05335796,-0.1791200581734244,0.12868679,0.016560288
858,0,1,0.17147839,0.14392674,0.3054034085315515,0.13392502,0.017935911
859,0,1,-0.293198,-0.2691828,-0.421523808844938,0.12832582,0.016467515
860,0,1,0.3999132,0.3047911,0.2735962116574282,0.126317,0.015955983
861,0,1,-0.26446128,-0.24423003,-0.2975826514458248,0.033121377,0.0010970256
862,0,1,0.2851621,0.23200881,0.0565383619137931,0.22862373,0.05226881
863,0,1,-0.060227275,-0.06195271,0.0513211160426392,0.111548394,0.012443044
864,0,1,-0.055079818,-0.05743432,0.0921087849527899,0.1471886,0.021664485
865,0,1,-0.09529054,-0.09273362,-0.0968385274946357,0.0015479848,2.3962568e-06
866,0,1,0.09103477,0.07428253,0.0700490135283358,0.02098576,0.0004404021
867,0,1,-0.073553085,-0.07365298,-0.0344055730568528,0.03914751,0.0015325276
868,0,1,0.029548287,0.01859641,0.0766796078656413,0.047131322,0.0022213615
869,0,1,-0.08008957,-0.07939267,-0.07647656989509,0.0036130026,1.3053787e-05
870,0,1,0.07101107,0.05627656,-0.0122518412348098,0.083262905,0.006932711
871,0,1,0.0076839924,-0.0013762712,0.0637776946462351,0.0560937,0.0031465031
872,0,1,-0.06736851,-0.068222165,0.0492926988537123,0.116661206,0.013609837
873,0,1,-0.053077936,-0.05567825,0.144073065480734,0.197151,0.03886852
874,0,1,-0.14450347,-0.13734686,-0.1239069513660471,0.020596527,0.0004242169
875,0,1,0.11759281,0.09784675,0.1687677100284828,0.051174894,0.0026188698
876,0,1,-0.16767597,-0.15828061,-0.1253869877487112,0.04228899,0.0017883586
877,0,1,0.119042635,0.09912002,0.0260251168606076,0.09301752,0.008652259
878,0,1,-0.030110002,-0.03555572,0.1178692704436676,0.14797927,0.021897865
879,0,1,-0.11978114,-0.11492717,-0.1782977625784765,0.05851662,0.003424195
880,0,1,0.17067921,0.1432662,0.2328276083085223,0.062148392,0.0038624227
881,0,1,-0.22714746,-0.21143699,-0.2728977553284957,0.04575029,0.002093089
882,0,1,0.26174343,0.21361077,0.085608379457666,0.17613505,0.031023555
883,0,1,-0.08888841,-0.08711612,-0.1586820676687463,0.06979366,0.0048711547
884,0,1,0.15158331,0.127249,-0.044347213162134,0.19593053,0.03838877
885,0,1,0.03935492,0.02753985,0.0396838043057505,0.00032888353,1.0816438e-07
886,0,1,-0.0435946,-0.047361612,-0.1229929564557639,0.07939836,0.006304099
887,0,1,0.11669743,0.09705973,0.0980608472348707,0.018636584,0.00034732226
888,0,1,-0.101008534,-0.09787202,-0.1837436068127258,0.08273508,0.006845093
889,0,1,0.17596972,0.14762557,0.1196360300427186,0.05633369,0.0031734847
890,0,1,-0.12145221,-0.11644447,-0.1186351361269126,0.0028170794,7.935936e-06
891,0,1,0.11242676,0.09329677,0.0018582865455785,0.11056847,0.012225387
892,0,1,-0.0062475204,-0.014107108,-0.2518540471952757,0.24560654,0.06032257
893,0,1,0.24165595,0.19801939,0.3518667188131019,0.11021078,0.012146415
894,0,1,-0.3346604,-0.3045745,-0.3938426243325694,0.059182227,0.0035025359
895,0,1,0.3747419,0.28933823,0.4497423903239752,0.075000465,0.0056250696
896,0,1,-0.41990757,-0.37441945,-0.1743770861298059,0.24553049,0.060285218
897,0,1,0.16686738,0.14010286,0.1315172976550784,0.035350084,0.0012496285
898,0,1,-0.13267434,-0.12662792,-0.0758263861114942,0.056847952,0.0032316896
899,0,1,0.07037127,0.05569911,0.0300374811657919,0.04033379,0.0016268145
900,0,1,-0.034071684,-0.039021015,-0.2533451777319535,0.21927351,0.048080873
901,0,1,0.24308312,0.19902027,0.3691148738504848,0.12603176,0.015884005
902,0,1,-0.34989476,-0.31738198,-0.2866986515256513,0.06319612,0.00399375
903,0,1,0.2748562,0.22402275,0.1472372702397673,0.12761894,0.016286593
904,0,1,-0.14747965,-0.14004076,-0.2971281116727646,0.14964846,0.02239466
905,0,1,0.28473246,0.23168004,0.3875288449318279,0.102796376,0.010567095
906,0,1,-0.36606145,-0.33085442,-0.1877778929120699,0.17828356,0.031785026
907,0,1,0.1798855,0.15082872,0.1863263930479284,0.006440893,4.1485102e-05
908,0,1,-0.18407238,-0.17302823,-0.1806911332312171,0.0033812374,1.1432766e-05
909,0,1,0.17300498,0.14518726,0.0489890201788272,0.124015965,0.01537996
910,0,1,-0.052778363,-0.055415273,-0.0062664127037619,0.04651195,0.0021633618
911,0,1,0.0017746687,-0.006776452,-0.2313413232339587,0.23311599,0.054343063
912,0,1,0.22197473,0.18376315,0.3483439208297161,0.12636918,0.015969168
913,0,1,-0.33153856,-0.3019364,-0.3636787312232745,0.032140166,0.0010329903
914,0,1,0.3469969,0.2746538,0.1223755564052182,0.22462136,0.050454754
915,0,1,-0.12404227,-0.11879599,-0.1468065642248672,0.022764295,0.00051821314
916,0,1,0.13999426,0.117339134,0.1488122032072376,0.008817941,7.7756085e-05
917,0,1,-0.14896083,-0.14138019,-0.0761877296482018,0.0727731,0.005295924
918,0,1,0.07072687,0.056019902,-0.0079020753389269,0.07862895,0.006182512
919,0,1,0.0033894777,-0.0053008795,0.1871098161694349,0.18372034,0.03375316
920,0,1,-0.18480241,-0.1736834,-0.0562743207919418,0.12852809,0.01651947
921,0,1,0.051113367,0.038242698,0.080363441971498,0.029250078,0.00085556705
922,0,1,-0.083720446,-0.08258009,-0.0153167579257535,0.06840369,0.0046790647
923,0,1,0.010709524,0.0013889074,-0.0069213280242346,0.017630853,0.00031084698
924,0,1,0.0024209023,-0.00618577,-0.0288565602343393,0.031277463,0.0009782796
925,0,1,0.024073243,0.013597965,-0.0165741335121334,0.040647376,0.0016522092
926,0,1,0.011950731,0.0025229454,0.0252792193709874,0.013328489,0.00017764862
927,0,1,-0.029373765,-0.03491187,0.0942584189430069,0.123632185,0.015284917
928,0,1,-0.097397804,-0.09458995,0.0266235375453256,0.124021344,0.015381293
929,0,1,-0.030700922,-0.036072373,0.0921328812655801,0.1228338,0.015088143
930,0,1,-0.09531474,-0.0927546,-0.1014007040414424,0.006085962,3.7038935e-05
931,0,1,0.09551644,0.07828736,0.0898584371483017,0.005658008,3.2013057e-05
932,0,1,-0.09307468,-0.09078932,-0.12229128398453,0.029216602,0.0008536099
933,0,1,0.11600995,0.09645438,0.2025198646226058,0.08650991,0.0074839653
934,0,1,-0.19913161,-0.18651545,-0.1554874708758937,0.04364413,0.0019048101
935,0,1,0.1484679,0.12459803,0.0377800901181053,0.11068781,0.012251791
936,0,1,-0.041715503,-0.045714498,-0.1175963609021639,0.075880855,0.005757904
937,0,1,0.11140823,0.09239817,0.1171501288411909,0.0057418942,3.296935e-05
938,0,1,-0.11910117,-0.11430955,-0.2927818900572181,0.17368072,0.030164994
939,0,1,0.28061998,0.22851193,0.3891564786161881,0.10853651,0.011780174
940,0,1,-0.3674854,-0.3320353,-0.2940717299510889,0.07341367,0.005389567
941,0,1,0.2818414,0.22945559,0.2965427450208986,0.014701337,0.0002161293
942,0,1,-0.28522384,-0.26228917,-0.1659607357033981,0.11926311,0.01422369
943,0,1,0.15867627,0.13324726,0.0448615128449287,0.113814756,0.012953798
944,0,1,-0.0487051,-0.051842213,-0.1199719245597195,0.07126682,0.00507896
945,0,1,0.11373699,0.09445262,0.3150644577923087,0.20132747,0.040532753
946,0,1,-0.3018688,-0.2766471,-0.2160999831016614,0.08576882,0.0073562902
947,0,1,0.20729196,0.17261493,0.355805624181291,0.14851367,0.022056311
948,0,1,-0.33814728,-0.3075155,-0.414507841535197,0.07636055,0.0058309343
949,0,1,0.393561,0.29984748,0.4258869269039536,0.032325923,0.0010449653
950,0,1,-0.39940453,-0.35824728,-0.5433882374814016,0.14398372,0.020731311
951,0,1,0.5069622,0.30386674,0.3926179638692326,0.11434421,0.013074598
952,0,1,-0.3705113,-0.33454096,-0.3697586286636813,0.00075265765,5.6649355e-07
953,0,1,0.352615,0.2779132,0.4080761897879517,0.055461198,0.0030759445
954,0,1,-0.38397884,-0.3456409,-0.3239383867249421,0.060040444,0.003604855
955,0,1,0.30997884,0.2503692,0.1310980863829265,0.17888075,0.03199832
956,0,1,-0.13227856,-0.12626922,-0.0502960101162317,0.08198255,0.006721139
957,0,1,0.045220494,0.03288257,0.1738073342608908,0.12858684,0.016534576
958,0,1,-0.17238903,-0.16252589,0.0124257977697501,0.18481483,0.03415652
959,0,1,-0.016682029,-0.023636222,-0.1453689695267139,0.12868693,0.016560327
960,0,1,0.1385901,0.116129756,0.1837797288427112,0.045189634,0.002042103
961,0,1,-0.1816988,-0.17089689,-0.2016646193681348,0.019965827,0.00039863426
962,0,1,0.19334209,0.16167176,0.1786381602057172,0.014703929,0.00021620555
963,0,1,-0.17690158,-0.16658592,-0.1355881899612976,0.041313395,0.0017067966
964,0,1,0.12902856,0.10784805,0.1850298344340599,0.056001276,0.0031361429
965,0,1,-0.18286383,-0.17194355,-0.1816181452780521,0.0012456924,1.5517495e-06
966,0,1,0.17390549,0.14592934,0.0538591516989266,0.12004634,0.0144111235
967,0,1,-0.057584047,-0.0596323,-0.0600640515163346,0.002480004,6.1504197e-06
968,0,1,0.054847717,0.041636348,0.179743468511379,0.12489575,0.015598949
969,0,1,-0.1779337,-0.16751373,-0.1032946194106967,0.074639075,0.0055709914
970,0,1,0.097376585,0.07994616,0.1377908111480077,0.04041423,0.0016333099
971,0,1,-0.13858879,-0.13198912,-0.0734485414945946,0.06514025,0.004243252
972,0,1,0.06803036,0.053582788,0.0241539370650769,0.04387642,0.0019251403
973,0,1,-0.028262854,-0.033940554,0.0440463223482618,0.07230918,0.0052286177
974,0,1,-0.04790044,-0.051136613,0.0564262103048505,0.10432665,0.01088405
975,0,1,-0.060116768,-0.061855674,-0.0710273526665754,0.0109105855,0.00011904087
976,0,1,0.06564665,0.05142665,0.1206807020080973,0.055034056,0.0030287474
977,0,1,-0.12243986,-0.11734152,-0.248661561126261,0.1262217,0.015931917
978,0,1,0.23859918,0.1958617,0.2346000778752597,0.003999099,1.5992793e-05
979,0,1,-0.22877908,-0.21288097,-0.5255088376433508,0.29672974,0.08804854
980,0,1,0.49167287,0.31718576,0.3182684298613967,0.17340446,0.030069105
981,0,1,-0.30473864,-0.27911055,-0.0941174027367783,0.21062124,0.044361304
982,0,1,0.08836079,0.07188785,0.2344331427405788,0.14607236,0.021337133
983,0,1,-0.22862518,-0.2127446,-0.1435944369092316,0.085030735,0.007230226
984,0,1,0.1368556,0.11463368,0.0918137563119096,0.045041844,0.0020287677
985,0,1,-0.09500015,-0.092478275,-0.1316156160098356,0.03661546,0.001340692
986,0,1,0.12514114,0.104459405,-0.0474450113263618,0.17258616,0.029785981
987,0,1,0.04240942,0.030323386,0.0544125199871177,0.012003101,0.00014407444
988,0,1,-0.058130503,-0.06011176,0.0482635866210021,0.10639409,0.0113197025
989,0,1,-0.05206251,-0.054787397,0.0031706882817097,0.0552332,0.0030507063
990,0,1,-0.0075433254,-0.015290618,0.0374034219925931,0.04494675,0.0020202103
991,0,1,-0.04134357,-0.0453887,-0.0177170297927928,0.02362654,0.0005582134
992,0,1,0.01307869,0.0035543442,0.045975747348161,0.03289706,0.0010822165
993,0,1,-0.049804807,-0.052806735,0.026635207467818,0.076440014,0.005843076
994,0,1,-0.030712724,-0.036082387,-0.0002598196030658,0.030452903,0.0009273793
995,0,1,-0.0041558743,-0.012196183,-0.1544783999413563,0.15032253,0.022596862
996,0,1,0.14748311,0.12375796,0.1631886331169563,0.015705526,0.00024666355
997,0,1,-0.1624521,-0.15357018,-0.303579369024219,0.14112726,0.019916903
998,0,1,0.2908262,0.23631465,0.2999404074150396,0.009114206,8.306875e-05
999,0,1,-0.28828406,-0.26493835,-0.2406840359025059,0.04760003,0.002265763
1000,0,1,0.23095071,0.19036877,0.2212527467999805,0.009697974,9.4050694e-05
1001,0,1,-0.21647477,-0.2019707,-0.0731508181136164,0.14332396,0.020541757
1002,0,1,0.06773746,0.053318143,0.089293654763759,0.021556191,0.00046466937
1003,0,1,-0.09251857,-0.090301394,0.0727598379974865,0.1652784,0.02731695
1004,0,1,-0.07622588,-0.076000094,-0.016170618813194,0.060055256,0.0036066337
1005,0,1,0.011552691,0.0021595955,0.1160237941472077,0.1044711,0.010914211
1006,0,1,-0.118035436,-0.11334193,-0.1208170479099146,0.0027816147,7.73738e-06
1007,0,1,0.11456525,0.09518254,0.1274295161612271,0.012864262,0.00016548924
1008,0,1,-0.12881637,-0.123128414,-0.2092124854607533,0.080396116,0.0064635356
1009,0,1,0.20064127,0.16743791,0.1301732705223381,0.07046801,0.0049657403
1010,0,1,-0.13140595,-0.12547755,-0.0173496041440035,0.11405635,0.013008851
1011,0,1,0.012716413,0.0032234192,-0.0957858977238557,0.10850231,0.011772752
1012,0,1,0.09000063,0.07335687,0.2317796397885725,0.141779,0.020101286
1013,0,1,-0.22618234,-0.21058273,-0.0185021097041284,0.20768023,0.043131076
1014,0,1,0.013853788,0.0042625666,-0.0578801750364048,0.07173397,0.005145762
1015,0,1,0.05269587,0.039681196,0.1351003732846993,0.08240451,0.006790503
1016,0,1,-0.13605332,-0.12969136,-0.1272357020785481,0.008817628,7.775056e-05
1017,0,1,0.120853186,0.10070801,0.0741595011706615,0.046693683,0.0021803
1018,0,1,-0.077605486,-0.07721162,-0.1967972682642658,0.11919178,0.0142066805
1019,0,1,0.18862951,0.15790474,0.0883481063083675,0.1002814,0.01005636
1020,0,1,-0.091587305,-0.089484215,-0.0535065730828181,0.038080733,0.0014501422
1021,0,1,0.048385262,0.03576231,0.1607705236144203,0.11238526,0.012630446
1022,0,1,-0.1601857,-0.15152466,-0.0895086960803677,0.070677,0.004995238
1023,0,1,0.083830595,0.06782472,0.1430296987930073,0.05919911,0.0035045345
1024,0,1,-0.1435219,-0.13645816,-0.1173239308357585,0.026197977,0.00068633404
1025,0,1,0.111141086,0.09216213,0.1160388544251544,0.004897766,2.398811e-05
1026,0,1,-0.11804974,-0.1133548,-0.1354254014066671,0.017375663,0.00030191365
1027,0,1,0.12886918,0.107709646,-0.0261735131765348,0.1550427,0.024038237
1028,0,1,0.021425247,0.011179924,0.0798006195403322,0.058375373,0.0034076842
1029,0,1,-0.083165884,-0.08209312,-0.2163909056641566,0.13322502,0.017748907
1030,0,1,0.20757306,0.17283165,0.0012951144761184,0.20627794,0.042550586
1031,0,1,-0.005691409,-0.013598561,0.0347007323400556,0.04039214,0.0016315251
1032,0,1,-0.038675785,-0.043051362,0.1082381606668445,0.14691395,0.021583708
1033,0,1,-0.1106627,-0.10664487,-0.1218017989857516,0.011139102,0.0001240796
1034,0,1,0.11553013,0.09603262,0.1340381064661722,0.018507972,0.00034254504
1035,0,1,-0.13505173,-0.12878382,-0.2651985294127497,0.1301468,0.016938189
1036,0,1,0.25440633,0.20767725,0.2333237420661518,0.021082595,0.00044447582
1037,0,1,-0.22760439,-0.21184158,-0.2284280795426818,0.0008236915,6.7846764e-07
1038,0,1,0.21917212,0.18166602,0.1681303508821463,0.051041767,0.002605262
1039,0,1,-0.16707957,-0.1577431,-0.1298337222614187,0.03724584,0.0013872526
1040,0,1,0.123396754,0.10293543,0.2335778407705959,0.11018109,0.012139874
1041,0,1,-0.22783792,-0.21204841,-0.1270815664885183,0.10075635,0.010151842
1042,0,1,0.120702386,0.100575686,0.0705117953441165,0.05019059,0.0025190953
1043,0,1,-0.07400954,-0.074053764,-0.1262748195477443,0.052265286,0.0027316601
1044,0,1,0.11991227,0.0998832,0.0920466151108376,0.027865648,0.00077649433
1045,0,1,-0.095229745,-0.09267962,-0.2310530320769348,0.1358233,0.018447967
1046,0,1,0.22169769,0.1835562,0.0138034314232051,0.20789425,0.04322002
1047,0,1,-0.018042684,-0.024877787,-0.0381567401123001,0.020114057,0.0004045753
1048,0,1,0.03324902,0.021972895,-0.0178771698319293,0.05112619,0.0026138872
1049,0,1,0.0132369995,0.0036988258,0.0382011804406519,0.02496418,0.0006232103
1050,0,1,-0.042130947,-0.04607904,-0.0078498313338806,0.034281116,0.0011751949
1051,0,1,0.00333786,-0.0053477287,0.0210495513406614,0.017711692,0.00031370402
1052,0,1,-0.025197625,-0.031262398,0.019711611733908,0.04490924,0.0020168398
1053,0,1,-0.02387619,-0.030108571,0.1129909639040811,0.13686715,0.018732617
1054,0,1,-0.11516464,-0.1107347,-0.0235906966058903,0.09157394,0.008385786
1055,0,1,0.018876672,0.008851767,0.2241507790061041,0.2052741,0.04213746
1056,0,1,-0.21914995,-0.20434737,-0.3406968997259467,0.121546954,0.014773662
1057,0,1,0.32565105,0.2611822,0.2363976053093182,0.08925344,0.007966177
1058,0,1,-0.23043287,-0.21434343,-0.3467882763513372,0.11635542,0.013538583
1059,0,1,0.33132565,0.26491725,0.3140334861263845,0.017292172,0.00029901922
1060,0,1,-0.3009447,-0.2758534,-0.0001400382842591,0.30080464,0.090483434
1061,0,1,-0.0042744875,-0.012304068,0.0828909382957254,0.08716542,0.007597811
1062,0,1,-0.08621085,-0.08476603,-0.0011038597240269,0.085106984,0.007243199
1063,0,1,-0.003322482,-0.011434674,-0.0307534359820891,0.027430953,0.0007524572
1064,0,1,0.025945067,0.015307307,0.1109525470634007,0.08500748,0.007226272
1065,0,1,-0.11323428,-0.10898125,-0.2553761532133254,0.14214188,0.020204313
1066,0,1,0.24502552,0.20037305,0.047378881736946,0.19764663,0.03906419
1067,0,1,-0.051189423,-0.05402112,-0.0030045609414837,0.04818486,0.002321781
1068,0,1,-0.0014460087,-0.00971961,0.0579877278224898,0.059433736,0.003532369
1069,0,1,-0.061657548,-0.063207984,-0.0160948082171445,0.04556274,0.0020759634
1070,0,1,0.01147747,0.0020911694,0.0255779400013074,0.01410047,0.00019882324
1071,0,1,-0.029668927,-0.03516984,-0.1420175616307191,0.11234863,0.012622215
1072,0,1,0.13531506,0.11330199,0.1713944566549912,0.03607939,0.0013017225
1073,0,1,-0.17013323,-0.16049469,-0.1219199384380347,0.048213296,0.0023245218
1074,0,1,0.115645766,0.096134424,-0.0004265794341102,0.11607235,0.01347279
1075,0,1,-0.0039918423,-0.01204586,-0.0785521614030115,0.07456032,0.0055592414
1076,0,1,0.0730536,0.058120847,0.1813946961202635,0.1083411,0.011737794
1077,0,1,-0.17947412,-0.1688987,-0.3289560727711718,0.14948195,0.022344854
1078,0,1,0.31468046,0.2536844,0.2885719965267526,0.026108474,0.0006816524
1079,0,1,-0.27803206,-0.25604987,-0.2864124697378529,0.008380413,7.023133e-05
1080,0,1,0.2745849,0.22380936,0.4146102329642172,0.14002535,0.019607099
1081,0,1,-0.3896495,-0.35028803,-0.6192290945577297,0.22957957,0.052706778
1082,0,1,0.5700489,0.1372801,0.6849855196297951,0.11493659,0.01321042
1083,0,1,-0.6113657,-0.5035999,-0.4106103819746873,0.2007553,0.04030269
1084,0,1,0.39002383,0.2970158,0.4885840989849297,0.09856027,0.0097141275
1085,0,1,-0.45289505,-0.39853323,-0.4705575903439754,0.017662555,0.00031196585
1086,0,1,0.44376075,0.3282839,0.3182540280884509,0.12550673,0.01575194
1087,0,1,-0.30472612,-0.27909946,-0.2146396883572936,0.09008643,0.0081155645
1088,0,1,0.20588315,0.17152464,0.1996615628284146,0.0062215775,3.8708025e-05
1089,0,1,-0.19647825,-0.18414354,-0.2130567825905065,0.01657854,0.000274848
1090,0,1,0.2043544,0.1703378,0.0414158833222859,0.16293852,0.026548961
1091,0,1,-0.045304418,-0.048860192,-0.1353912157312857,0.0900868,0.008115632
1092,0,1,0.1288358,0.10768044,0.0787620999556588,0.0500737,0.0025073753
1093,0,1,-0.082142234,-0.08119476,-0.1020303617877653,0.019888125,0.00039553753
1094,0,1,0.09613478,0.078838944,0.1110388314763799,0.014904052,0.00022213077
1095,0,1,-0.11331594,-0.10905516,-0.1318704205879424,0.018554479,0.0003442687
1096,0,1,0.12539053,0.10467732,-0.0032193476282065,0.12860988,0.016540501
1097,0,1,-0.0012338161,-0.009526134,0.0753759150853712,0.07660973,0.005869051
1098,0,1,-0.07880461,-0.078264356,0.1307776337975208,0.20958224,0.043924715
1099,0,1,-0.13197637,-0.12599516,-0.2251937684172398,0.0932174,0.008689485
1100,0,1,0.21605814,0.17931926,0.3099524137441809,0.09389427,0.008816134
1101,0,1,-0.297284,-0.27270412,-0.1715464891019995,0.12573752,0.015809923
1102,0,1,0.16411388,0.13780653,0.1528069972621251,0.011306882,0.00012784557
1103,0,1,-0.15271378,-0.1447742,-0.2540212941382913,0.10130751,0.010263212
1104,0,1,0.24372995,0.19947135,0.3314054885410209,0.08767554,0.0076870006
1105,0,1,-0.31647635,-0.28914738,-0.2964418567252791,0.020034492,0.00040138088
1106,0,1,0.28408325,0.2311815,0.0505675495338175,0.2335157,0.05452958
1107,0,1,-0.05433619,-0.056782126,-0.0456187945998614,0.008717395,7.599298e-05
1108,0,1,0.040608406,0.028682828,-0.0341870894873999,0.0747955,0.0055943667
1109,0,1,0.029332519,0.018399596,0.0614191848809257,0.032086667,0.0010295542
1110,0,1,-0.06504214,-0.06617999,-0.0030493192148268,0.06199282,0.0038431098
1111,0,1,-0.0014014244,-0.0096793175,-0.0898954185556999,0.088493995,0.007831187
1112,0,1,0.08421087,0.06816542,0.1275444913446739,0.04333362,0.0018778027
1113,0,1,-0.12892473,-0.12322652,-0.0680660784409976,0.060858652,0.0037037756
1114,0,1,0.06273055,0.048785806,0.0451135273338991,0.017617024,0.00031035955
1115,0,1,-0.04895389,-0.052060008,0.0361947023434789,0.08514859,0.007250282
1116,0,1,-0.040150166,-0.04434359,-0.1089564406574452,0.068806276,0.004734304
1117,0,1,0.102933645,0.084891915,-0.0485466628698578,0.15148032,0.022946287
1118,0,1,0.043495774,0.031312227,0.0927802783232878,0.049284503,0.0024289622
1119,0,1,-0.095951915,-0.093313456,-0.0452928112302237,0.050659105,0.002566345
1120,0,1,0.040287375,0.028389692,-0.0538632078382503,0.09415059,0.008864333
1121,0,1,0.04873705,0.03608215,-0.0511765974284061,0.09991364,0.009982736
1122,0,1,0.046088457,0.03367281,0.1184051513717288,0.07231669,0.0052297036
1123,0,1,-0.12028825,-0.1153878,-0.312769068257444,0.1924808,0.037048858
1124,0,1,0.29948628,0.24277174,0.2082635614586629,0.09122272,0.008321584
1125,0,1,-0.20445824,-0.19127154,-0.3252057549044331,0.12074751,0.01457996
1126,0,1,0.31116712,0.25121272,0.3093293819332567,0.0018377304,3.377253e-06
1127,0,1,-0.29672468,-0.27222276,-0.4559492592005008,0.15922457,0.025352463
1128,0,1,0.43080103,0.32482755,0.2329164434277773,0.19788459,0.03915831
1129,0,1,-0.22722948,-0.21150959,-0.1751871241078164,0.05204235,0.0027084062
1130,0,1,0.16765487,0.1407584,0.2763724750321021,0.10871759,0.011819514
1131,0,1,-0.266986,-0.24643064,-0.2616995019348271,0.0052865148,2.7947239e-05
1132,0,1,0.25106704,0.20495379,0.2000611574745432,0.051005885,0.0026016003
1133,0,1,-0.19684947,-0.18447518,-0.2348373939784944,0.037987933,0.001443083
1134,0,1,0.22533596,0.18625581,0.188959378105028,0.03637658,0.0013232556
1135,0,1,-0.18652523,-0.17522895,0.0361696597477234,0.22269489,0.049593013
1136,0,1,-0.040125728,-0.044321656,-0.1571944276615171,0.11706869,0.0137050785
1137,0,1,0.15013266,0.12601578,0.1771111439111992,0.026978493,0.00072783907
1138,0,1,-0.17547524,-0.16530347,-0.3915185168815045,0.21604326,0.04667469
1139,0,1,0.3726157,0.28834832,0.2855999055058065,0.08701578,0.0075717457
1140,0,1,-0.2753464,-0.25371385,-0.1504491356933157,0.12489726,0.015599324
1141,0,1,0.14355123,0.12039423,-0.0339079058764848,0.17745914,0.031491745
1142,0,1,0.029057503,0.01814866,-0.0947441042136094,0.123801604,0.015326837
1143,0,1,0.08897662,0.07243979,0.1075055676887024,0.018528946,0.00034332182
1144,0,1,-0.109968185,-0.10601354,-0.0891890744135108,0.02077911,0.00043177142
1145,0,1,0.083516836,0.067542076,-0.0266023342258265,0.11011917,0.012126232
1146,0,1,0.021848679,0.011566639,0.0555060620683915,0.033657383,0.0011328195
1147,0,1,-0.05920899,-0.061058402,-0.0092935184778146,0.04991547,0.0024915542
1148,0,1,0.004763603,-0.0040454865,-0.0567988531830285,0.061562456,0.003789936
1149,0,1,0.051630378,0.03871274,0.2210801328149798,0.16944976,0.028713223
1150,0,1,-0.21631515,-0.20182955,-0.2242773786215823,0.007962227,6.3397056e-05
1151,0,1,0.21517551,0.1786505,0.0955127424755686,0.11966277,0.014319179
1152,0,1,-0.09858966,-0.09567249,-0.2441448186682155,0.14555515,0.021186303
1153,0,1,0.23427045,0.19276893,0.2049021347552171,0.029368326,0.0008624986
1154,0,1,-0.2013421,-0.18849027,-0.2428945079440538,0.041552395,0.0017266015
1155,0,1,0.23307121,0.19190514,0.150051188138409,0.08302002,0.006892323
1156,0,1,-0.15012503,-0.14243352,-0.0272696833388959,0.12285534,0.0150934355
1157,0,1,0.02250731,0.012167931,0.1294990254999597,0.10699171,0.011447226
1158,0,1,-0.13076985,-0.12490082,-0.1431307105660215,0.012360856,0.00015279076
1159,0,1,0.13640296,0.11424196,0.0577092070060742,0.07869376,0.0061927084
1160,0,1,-0.061382532,-0.062966585,-0.0129680558192062,0.048414476,0.0023439615
1161,0,1,0.0083909035,-0.00072979927,0.0104374141064342,0.0020465106,4.1882054e-06
1162,0,1,-0.01471889,-0.021843433,-0.1340651511096857,0.11934626,0.01424353
1163,0,1,0.1275382,0.106550336,0.1227402208975934,0.00479798,2.3020613e-05
1164,0,1,-0.12438655,-0.11910856,-0.1152539421768641,0.009132609,8.340454e-05
1165,0,1,0.10911119,0.09036815,0.1512961647467607,0.04218498,0.0017795725
1166,0,1,-0.15129483,-0.14349115,-0.3127057890757176,0.16141096,0.026053498
1167,0,1,0.29942667,0.24272811,0.3018134268211823,0.0023867488,5.6965696e-06
1168,0,1,-0.28996968,-0.2663957,-0.3935544810141562,0.103584796,0.01072981
1169,0,1,0.37447917,0.28921688,0.1972780745891718,0.1772011,0.031400234
1170,0,1,-0.1942637,-0.18216228,-0.2839359717220462,0.08967227,0.0080411155
1171,0,1,0.27223527,0.22196233,0.3422846375636712,0.070049375,0.004906915
1172,0,1,-0.32615948,-0.29738164,-0.3694052672225443,0.043245792,0.0018701985
1173,0,1,0.3522886,0.27772772,0.4316313302599359,0.07934272,0.0062952675
1174,0,1,-0.40435874,-0.36221123,-0.5482920326044816,0.1439333,0.020716794
1175,0,1,0.5111288,0.2993008,0.4989348905900599,0.012193888,0.00014869092
1176,0,1,-0.46160173,-0.40464425,-0.6531797695846373,0.19157803,0.03670214
1177,0,1,0.5973109,0.040539384,0.7649086655468127,0.16759777,0.028089013
1178,0,1,-0.67173696,-0.54019845,-0.860183727118706,0.18844676,0.035512183
1179,0,1,0.7518705,-0.53138435,0.6001783413998678,0.15169215,0.02301051
1180,0,1,-0.5447099,-0.46110284,-0.5601501655016168,0.015440226,0.00023840056
1181,0,1,0.5211557,0.2787298,0.6186087745345283,0.09745306,0.009497099
1182,0,1,-0.5594214,-0.47076356,-0.4173909718412301,0.14203045,0.020172648
1183,0,1,0.39617407,0.30190313,0.2319429608750221,0.1642311,0.026971856
1184,0,1,-0.22633326,-0.21071589,-0.2352595234651793,0.0089262575,7.967807e-05
1185,0,1,0.2257415,0.18655503,0.0344988207146415,0.19124268,0.036573764
1186,0,1,-0.038476348,-0.042877078,0.1470243602452872,0.18550071,0.034410514
1187,0,1,-0.1472795,-0.13985896,-0.0029607584114306,0.14431874,0.0208279
1188,0,1,-0.0014894009,-0.009759426,-0.0241640890235641,0.02267469,0.0005141415
1189,0,1,0.01944232,0.00936842,-0.0180198489363776,0.037462167,0.001403414
1190,0,1,0.013377905,0.003827095,-0.050794964409933,0.064172864,0.0041181566
1191,0,1,0.04571247,0.03333056,0.2212959567694066,0.17558348,0.030829558
1192,0,1,-0.2165147,-0.20200658,-0.125838631887283,0.09067607,0.00822215
1193,0,1,0.11948502,0.09950864,-0.0080250886425365,0.12751012,0.01625883
1194,0,1,0.0035108328,-0.005189657,0.2082370258068404,0.20472619,0.041912813
1195,0,1,-0.2044338,-0.19124985,-0.3837188813150141,0.17928508,0.03214314
1196,0,1,0.36546624,0.28484333,0.5106851091452025,0.14521885,0.021088514
1197,0,1,-0.47144175,-0.41150236,-0.3644773080148873,0.10696444,0.011441391
1198,0,1,0.347736,0.2750901,0.4050776178420594,0.057341605,0.0032880597
1199,0,1,-0.3813722,-0.34349918,-0.4845594210599777,0.1031872,0.010647599
1200,0,1,0.45609725,0.32931626,0.4455152974504004,0.01058194,0.00011197746
1201,0,1,-0.4162879,-0.37158918,-0.4586878111971251,0.042399913,0.0017977526
1202,0,1,0.43323743,0.325647,0.5544927317087109,0.12125528,0.014702843
1203,0,1,-0.50770783,-0.4363526,-0.5175603102851281,0.009852469,9.707115e-05
1204,0,1,0.48482788,0.32147014,0.6046148390895605,0.11978698,0.01434892
1205,0,1,-0.5482626,-0.4634453,-0.663366139858719,0.11510354,0.013248825
1206,0,1,0.6053666,0.010286927,0.3733566774440351,0.23200992,0.0538286
1207,0,1,-0.35362804,-0.32050383,-0.2934307212238547,0.060197324,0.0036237177
1208,0,1,0.28123462,0.22898757,0.4049958751228846,0.12376127,0.015316851
1209,0,1,-0.38130164,-0.343441,-0.1940384598728608,0.18726318,0.0350675
1210,0,1,0.18595684,0.15575373,0.0762148442191978,0.10974199,0.012043305
1211,0,1,-0.07963133,-0.07899022,-0.1551000961787387,0.07546876,0.0056955344
1212,0,1,0.14809,0.124275565,0.0283010832142258,0.11978892,0.014349386
1213,0,1,-0.032357216,-0.037521243,0.0739913630582513,0.10634858,0.01131002
1214,0,1,-0.077439785,-0.07706618,-0.0575750216486341,0.019864764,0.00039460885
1215,0,1,0.052395225,0.039408088,0.0338478776674353,0.018547349,0.00034400413
1216,0,1,-0.03783357,-0.04231429,0.1957993003285014,0.23363288,0.05458432
1217,0,1,-0.19288957,-0.18093204,-0.0701909335956341,0.122698635,0.015054955
1218,0,1,0.06482327,0.050681233,-0.0363867362652723,0.101210006,0.010243465
1219,0,1,0.031502962,0.02038014,0.0775016705656699,0.045998707,0.002115881
1220,0,1,-0.08090019,-0.08010423,-0.0748013736612602,0.0060988218,3.7195627e-05
1221,0,1,0.06936228,0.054786682,-0.03976598490059,0.10912827,0.011908978
1222,0,1,0.03483677,0.023420691,-0.0810084079839879,0.11584517,0.013420104
1223,0,1,0.07547033,0.060300708,0.0234498661022359,0.05202046,0.0027061284
1224,0,1,-0.027567863,-0.033332944,-0.1142919615218605,0.086724095,0.0075210687
1225,0,1,0.10816789,0.08953357,0.1196796202028214,0.011511736,0.00013252006
1226,0,1,-0.12149382,-0.11648238,-0.0500695898702043,0.07142423,0.005101421
1227,0,1,0.044997454,0.03267932,-0.0603813457826278,0.1053788,0.011104692
1228,0,1,0.05516064,0.041920185,-0.020548446588346,0.07570909,0.005731866
1229,0,1,0.01587367,0.0061079264,0.0621370071335591,0.046263337,0.0021402964
1230,0,1,-0.06575036,-0.06680131,-0.0921763460024842,0.026425987,0.0006983328
1231,0,1,0.08645296,0.070177674,0.1194399427285608,0.032986984,0.0010881411
1232,0,1,-0.12126684,-0.11627638,-0.1834239876631165,0.06215714,0.00386351
1233,0,1,0.1756593,0.1473707,0.0875225524018317,0.08813675,0.007768086
1234,0,1,-0.0907737,-0.088771105,-0.0116327211938707,0.07914098,0.006263295
1235,0,1,0.007072568,-0.0019346476,-0.1247850866058253,0.13185766,0.017386444
1236,0,1,0.118453026,0.098602295,0.0309016520851175,0.08755137,0.0076652425
1237,0,1,-0.034924746,-0.039767742,0.1667822391861511,0.20170699,0.04068571
1238,0,1,-0.16581762,-0.15660536,-0.0231618248259146,0.14265579,0.020350674
1239,0,1,0.01845324,0.008464694,0.0895370673747146,0.07108383,0.0050529107
1240,0,1,-0.0927583,-0.09051168,-0.1946756295796388,0.10191733,0.010387141
1241,0,1,0.18657386,0.15625155,0.0765552513888347,0.11001861,0.012104095
1242,0,1,-0.07996702,-0.07928479,-0.0753524093516795,0.004614614,2.1294662e-05
1243,0,1,0.06990445,0.05527675,-0.0342725963543635,0.10417704,0.010852857
1244,0,1,0.029417276,0.018476963,0.1207930507377201,0.091375776,0.008349532
1245,0,1,-0.122546315,-0.11743784,-0.2324250775612073,0.10987876,0.012073343
1246,0,1,0.2230171,0.18453825,0.3628393889446728,0.1398223,0.019550277
1247,0,1,-0.34436262,-0.31274343,-0.2433762724773129,0.10098635,0.010198242
1248,0,1,0.23353326,0.19223797,0.2966579615433498,0.06312469,0.003984726
1249,0,1,-0.2853272,-0.2623793,-0.1096139623332206,0.17571324,0.030875143
1250,0,1,0.10357916,0.085464835,-0.1047182115115616,0.20829737,0.043387797
1251,0,1,0.09877396,0.08119166,0.1295434241053061,0.030769467,0.0009467601
1252,0,1,-0.13081169,-0.12493873,-0.1390627921646539,0.008251101,6.808066e-05
1253,0,1,0.13242638,0.110800266,0.1097077988397992,0.022718579,0.0005161338
1254,0,1,-0.11205518,-0.10790956,-0.1540550813006489,0.04199989,0.0017639908
1255,0,1,0.14707017,0.12340593,0.2648490443783744,0.11777887,0.013871862
1256,0,1,-0.25649297,-0.23726904,-0.2609794249855908,0.0044864416,2.0128158e-05
1257,0,1,0.25038016,0.2043904,0.2218975887822101,0.028482571,0.0008112569
1258,0,1,-0.21707022,-0.2025001,-0.3592793856095655,0.14220917,0.020223448
1259,0,1,0.34292448,0.2722112,0.4868600323850189,0.14393556,0.020717446
1260,0,1,-0.45144153,-0.3975091,-0.4365529425093406,0.014888585,0.00022166995
1261,0,1,0.41345608,0.31463587,0.3682024432292452,0.045253634,0.0020478915
1262,0,1,-0.3490913,-0.3167094,-0.4771525979964843,0.1280613,0.016399695
1263,0,1,0.44958174,0.32906473,0.3685536087876901,0.08102813,0.0065655583
1264,0,1,-0.34940016,-0.31696808,-0.3260095039503248,0.02339065,0.00054712256
1265,0,1,0.3119203,0.2517451,0.4172632321294929,0.105342954,0.011097138
1266,0,1,-0.39194846,-0.35216796,-0.2749884485055385,0.11696002,0.013679646
1267,0,1,0.2637328,0.21520698,0.2506327341429981,0.013100058,0.00017161152
1268,0,1,-0.24349797,-0.22586656,-0.3029778313537921,0.059479862,0.003537854
1269,0,1,0.2902583,0.23588598,0.1691567531218825,0.12110153,0.01466558
1270,0,1,-0.1680398,-0.15860844,-0.2055486844258798,0.03750889,0.0014069169
1271,0,1,0.19709957,0.16465056,0.125108203521902,0.07199137,0.005182757
1272,0,1,-0.12662435,-0.12113929,-0.0348556806820361,0.09176867,0.008421488
1273,0,1,0.02999258,0.019001484,0.0702356519587392,0.040243074,0.001619505
1274,0,1,-0.073736906,-0.07381439,-0.2114252066758262,0.1376883,0.018958066
1275,0,1,0.2027787,0.16910994,0.1850831823997418,0.017695516,0.0003131313
1276,0,1,-0.1829139,-0.1719886,-0.2098312951320884,0.026917398,0.0007245463
1277,0,1,0.20123899,0.16790617,0.078817131130604,0.12242186,0.014987112
1278,0,1,-0.08219659,-0.081242085,-0.0566515869362129,0.025545005,0.0006525473
1279,0,1,0.05148518,0.038581133,-0.0202829005117801,0.07176808,0.0051506576
1280,0,1,0.01561141,0.00586915,-0.0177152547448922,0.033326663,0.0011106664
1281,0,1,0.01307714,0.0035523176,-0.0979737421960609,0.11105088,0.012332298
1282,0,1,0.09215009,0.07528031,0.1417563632379261,0.04960628,0.0024607829
1283,0,1,-0.14232361,-0.13537252,0.0730944873760726,0.2154181,0.046404958
1284,0,1,-0.07655597,-0.076289654,-0.3046799507344269,0.228124,0.052040555
1285,0,1,0.29186428,0.23709738,0.1583772849055973,0.13348699,0.017818775
1286,0,1,-0.15794158,-0.1494987,-0.1729075843648122,0.014966011,0.0002239815
1287,0,1,0.16543806,0.13891208,0.0561883688538868,0.10924969,0.011935495
1288,0,1,-0.059881806,-0.06164944,0.1250152375251736,0.18489705,0.03418692
1289,0,1,-0.12653637,-0.12105954,-0.0165914975593506,0.10994487,0.012087875
1290,0,1,0.011968017,0.0025389194,0.1668626479504593,0.15489464,0.023992348
1291,0,1,-0.16589332,-0.15667343,-0.2132462003634236,0.04735288,0.0022422953
1292,0,1,0.20453751,0.1704799,0.0482165982399058,0.15632091,0.024436228
1293,0,1,-0.05201626,-0.05474627,-0.0741027608363738,0.022086501,0.00048781352
1294,0,1,0.068674564,0.054165125,0.1433670967116276,0.07469253,0.0055789743
1295,0,1,-0.143839,-0.1367451,-0.2084720041917196,0.064633,0.004177424
1296,0,1,0.19992578,0.16687644,0.043124765574589,0.15680102,0.024586558
1297,0,1,-0.04699099,-0.050338984,-0.0796578227365416,0.032666832,0.001067122
1298,0,1,0.07414162,0.059102297,0.0828749434844493,0.008733325,7.627096e-05
1299,0,1,-0.08619523,-0.08475244,-0.036487116227885,0.049708113,0.0024708966
1300,0,1,0.031602025,0.02047038,0.0145402865568076,0.017061738,0.00029110292
1301,0,1,-0.018770218,-0.025541782,0.0529471893092978,0.07171741,0.0051433872
1302,0,1,-0.056684375,-0.05884266,0.00028918422231,0.056973558,0.0032459863
1303,0,1,-0.0046982765,-0.012691498,-0.1473143851367482,0.14261611,0.020339355
1304,0,1,0.14049006,0.117765665,0.1654357183833676,0.024945661,0.000622286
1305,0,1,-0.16455698,-0.15546906,-0.2324915176464981,0.06793454,0.004615102
1306,0,1,0.22308075,0.18458545,0.2952874878217961,0.072206736,0.0052138125
1307,0,1,-0.2840922,-0.2613094,-0.4404934754953868,0.15640128,0.024461359
1308,0,1,0.41699255,0.31702673,0.3462378515620046,0.07075471,0.0050062286
1309,0,1,-0.32966995,-0.30035555,-0.1347768300787735,0.19489312,0.037983328
1310,0,1,0.12823462,0.10715687,0.0624765752683957,0.06575805,0.004324121
1311,0,1,-0.066085696,-0.06709564,0.0022714483592998,0.06835715,0.0046726996
1312,0,1,-0.0066553354,-0.014479637,-0.0791437580198619,0.07248842,0.005254571
1313,0,1,0.073635936,0.058646083,0.2131496387136036,0.1395137,0.019464074
1314,0,1,-0.2089833,-0.19530594,-0.0594136539364218,0.14956965,0.02237108
1315,0,1,0.054207444,0.041054368,0.0129503030458515,0.041257143,0.0017021518
1316,0,1,-0.017200112,-0.024109125,-0.1107699797657684,0.09356987,0.00875532
1317,0,1,0.1047132,0.08647168,0.0125366482803355,0.09217656,0.008496517
1318,0,1,-0.016791701,-0.02373612,0.0413021593947602,0.05809386,0.0033748967
1319,0,1,-0.045191884,-0.048761725,-0.0477130214262222,0.0025211386,6.35614e-06
1320,0,1,0.042673588,0.03056395,0.0252531030250182,0.017420486,0.00030347332
1321,0,1,-0.029347658,-0.034889102,-0.072878890773284,0.04353123,0.0018949681
1322,0,1,0.06746948,0.05307579,0.0740698660312244,0.0066003874,4.3565113e-05
1323,0,1,-0.07751703,-0.077133656,-0.2652694635064725,0.18775243,0.035250973
1324,0,1,0.25447428,0.20773208,0.1261959679320448,0.12827832,0.016455326
1325,0,1,-0.12765181,-0.122071505,-0.2273002744137433,0.09964846,0.009929815
1326,0,1,0.21808636,0.18085015,0.3776158454436109,0.15952948,0.025449654
1327,0,1,-0.3573711,-0.32362783,-0.2704804191702903,0.08689067,0.007549988
1328,0,1,0.2594415,0.21175706,0.2078101690606699,0.05163133,0.0026657945
1329,0,1,-0.20403838,-0.19089687,-0.1953004571563394,0.008737922,7.635127e-05
1330,0,1,0.18717968,0.1567396,0.0319047069934363,0.15527497,0.024110317
1331,0,1,-0.035915256,-0.04063487,0.0197754993138807,0.055690754,0.0031014602
1332,0,1,-0.023939729,-0.030163765,0.043674090686439,0.06761382,0.0045716283
1333,0,1,-0.047533154,-0.05081427,-0.2655479236041529,0.21801478,0.047530442
1334,0,1,0.25473988,0.20794809,0.2820611792619438,0.027321309,0.00074645394
1335,0,1,-0.2721455,-0.25092638,-0.3861628477971213,0.11401734,0.012999954
1336,0,1,0.36770904,0.28597128,0.3033112589442763,0.06439778,0.004147074
1337,0,1,-0.291317,-0.2675594,-0.2840081846670652,0.007308811,5.3418717e-05
1338,0,1,0.27230394,0.22201645,0.4137555924509442,0.14145166,0.020008571
1339,0,1,-0.38890874,-0.34968185,-0.1594954926099692,0.22941326,0.052630443
1340,0,1,0.15237653,0.12792265,0.0078075007306057,0.14456904,0.020900207
1341,0,1,-0.012121677,-0.01947248,0.0121966589101376,0.024318337,0.0005913815
1342,0,1,-0.016456008,-0.023429632,0.1474504302288706,0.16390644,0.02686532
1343,0,1,-0.14768028,-0.14022207,0.1045832173981111,0.2522635,0.06363687
1344,0,1,-0.10719776,-0.103496075,-0.0889195822507455,0.018278182,0.00033409192
1345,0,1,0.08325136,0.06730425,0.1671532932504773,0.08390194,0.007039536
1346,0,1,-0.16616523,-0.15691864,0.079640677086169,0.24580592,0.06042055
1347,0,1,-0.08300817,-0.081954956,-0.0779898779794254,0.005018294,2.5183273e-05
1348,0,1,0.07250023,0.057621717,0.2401361128666093,0.16763589,0.02810179
1349,0,1,-0.23386884,-0.21737981,-0.0895897114215509,0.14427912,0.020816466
1350,0,1,0.083910346,0.06789529,-0.1159884583923127,0.19989881,0.039959535
1351,0,1,0.10983193,0.091005325,0.0572482320346074,0.0525837,0.0027650453
1352,0,1,-0.060927868,-0.06256747,-0.1732930079590804,0.11236514,0.012625925
1353,0,1,0.16581309,0.13922441,0.227476459390991,0.061663374,0.0038023717
1354,0,1,-0.22221744,-0.20706892,-0.237671532102359,0.015454099,0.00023882916
1355,0,1,0.22805846,0.18825853,0.2452233007142104,0.017164841,0.00029463178
1356,0,1,-0.23853934,-0.22149968,-0.2227900029676426,0.015749335,0.00024804156
1357,0,1,0.21374261,0.17756236,0.1878569848266995,0.025885627,0.0006700657
1358,0,1,-0.18549836,-0.17430794,-0.2298264938809804,0.04432814,0.0019649838
1359,0,1,0.22051752,0.18267453,0.4154271296875429,0.1949096,0.037989754
1360,0,1,-0.39035773,-0.35086763,-0.4120846433937857,0.021726906,0.00047205845
1361,0,1,0.39136255,0.29809368,0.4011940962384706,0.009831548,9.665933e-05
1362,0,1,-0.3779925,-0.34071755,-0.3867842504182182,0.008791745,7.7294775e-05
1363,0,1,0.36827886,0.28625453,0.3708586697678073,0.0025798082,6.6554107e-06
1364,0,1,-0.35143018,-0.3186667,-0.4947255974065576,0.1432954,0.020533573
1365,0,1,0.4649998,0.32851803,0.345903338116736,0.11909646,0.014183966
1366,0,1,-0.32937288,-0.30010414,-0.2973414078595058,0.032031476,0.0010260155
1367,0,1,0.2849337,0.23183405,0.379025100828563,0.094091415,0.008853194
1368,0,1,-0.35860837,-0.32465887,-0.4947620856381485,0.13615373,0.018537838
1369,0,1,0.46503198,0.32851326,0.4125166921247361,0.052515298,0.0027578566
1370,0,1,-0.3878343,-0.34880233,-0.4323546543170866,0.04452035,0.0019820614
1371,0,1,0.4096824,0.31199682,0.2902205226776548,0.119461864,0.014271137
1372,0,1,-0.27952063,-0.25734305,-0.1874318360237448,0.09208879,0.008480345
1373,0,1,0.17955005,0.15055537,0.368686101015091,0.18913606,0.03577245
1374,0,1,-0.34951758,-0.31706583,-0.215756027000419,0.13376155,0.017892154
1375,0,1,0.20696008,0.17235816,0.2700888786558455,0.0631288,0.0039852452
1376,0,1,-0.26126862,-0.24144399,-0.31215278040041,0.050884157,0.0025891974
1377,0,1,0.29890597,0.24234545,0.3243102890630636,0.025404334,0.0006453802
1378,0,1,-0.31014264,-0.28373957,-0.3287549248474353,0.018612295,0.00034641754
1379,0,1,0.3144921,0.2535535,0.2887940611247666,0.025698036,0.0006603891
1380,0,1,-0.2782327,-0.2562244,-0.2322307191386809,0.04600197,0.0021161814
1381,0,1,0.22283041,0.18439901,0.2299188514781145,0.0070884377,5.0245948e-05
1382,0,1,-0.22446859,-0.20906413,-0.2915761087313473,0.06710753,0.0045034206
1383,0,1,0.27947843,0.22762787,0.2834185256531849,0.0039401054,1.552443e-05
1384,0,1,-0.273373,-0.25199652,-0.3861389331543636,0.11276594,0.012716156
1385,0,1,0.36768663,0.28596056,0.4401645805996643,0.07247794,0.0052530514
1386,0,1,-0.4116975,-0.36798942,-0.4838909722401028,0.07219347,0.0052118977
1387,0,1,0.45551002,0.3293215,0.3269112066616577,0.12859881,0.016537653
1388,0,1,-0.31246614,-0.28572524,-0.2522784611387911,0.060187697,0.003622559
1389,0,1,0.24206197,0.19830525,0.1405801345323847,0.10148184,0.010298564
1390,0,1,-0.14121568,-0.13436961,-0.2087189347051015,0.06750326,0.00455669
1391,0,1,0.20016396,0.16706383,0.2832192551166848,0.08305529,0.0068981806
1392,0,1,-0.27319312,-0.25183928,-0.2104251319496088,0.06276798,0.0039398195
1393,0,1,0.20181262,0.16835535,0.4008674327192911,0.1990548,0.039622817
1394,0,1,-0.37770796,-0.34048343,-0.3718031739690861,0.0059047937,3.486659e-05
1395,0,1,0.35450113,0.27897775,0.3453161786156096,0.009184957,8.4363426e-05
1396,0,1,-0.32885182,-0.29966283,-0.1395066919227963,0.18934512,0.035851575
1397,0,1,0.13286042,0.11117649,0.0209576371101876,0.11190279,0.012522234
1398,0,1,-0.025107026,-0.031183124,0.074684447046686,0.099791475,0.009958338
1399,0,1,-0.07812297,-0.07766557,-0.1082571162648513,0.030134141,0.00090806646
1400,0,1,0.10224748,0.084281564,0.027802789537263,0.07444469,0.005542012
1401,0,1,-0.03186536,-0.037091017,-0.1326669138989282,0.10080156,0.010160954
1402,0,1,0.12617004,0.105357885,0.1740292183835847,0.047859177,0.0022905008
1403,0,1,-0.1725967,-0.1627127,-0.0994132997148524,0.073183395,0.0053558093
1404,0,1,0.09356427,0.07654405,-0.0169722585386578,0.11053653,0.0122183245
1405,0,1,0.012343407,0.0028817654,0.1269123225026522,0.11456892,0.013126037
1406,0,1,-0.12832797,-0.122685075,0.0765510518777861,0.20487902,0.041975413
1407,0,1,-0.07996297,-0.07928121,-0.1432679419725593,0.063304976,0.00400752
1408,0,1,0.13653708,0.114358544,0.228730986092245,0.09219392,0.008499718
1409,0,1,-0.22337413,-0.208094,-0.2323749172401839,0.009000793,8.1014274e-05
1410,0,1,0.2229687,0.18450224,0.3851754692969098,0.16220677,0.026311036
1411,0,1,-0.36400104,-0.32914448,-0.308388647349274,0.055612385,0.0030927374
1412,0,1,0.29536116,0.23971617,0.3010601571094253,0.0056990087,3.24787e-05
1413,0,1,-0.28929186,-0.26580954,-0.3542791004586638,0.06498724,0.0042233416
1414,0,1,0.33828747,0.26935303,0.2337235936499138,0.10456388,0.010933604
1415,0,1,-0.22797251,-0.21216702,-0.1717610530444333,0.056211457,0.003159728
1416,0,1,0.16432273,0.13798153,0.1757041001971868,0.011381373,0.00012953565
1417,0,1,-0.17416143,-0.16412103,-0.1884377308095086,0.014276296,0.00020381263
1418,0,1,0.18052566,0.15135086,0.2187880388257481,0.038262382,0.0014640099
1419,0,1,-0.21419787,-0.19994688,-0.1478610402150872,0.06633684,0.0044005765
1420,0,1,0.14102411,0.11822474,-0.061103372908561,0.20212749,0.04085552
1421,0,1,0.055871844,0.04256606,0.1641076408487622,0.10823579,0.0117149865
1422,0,1,-0.16331303,-0.15434659,-0.1664026884369609,0.0030896515,9.545946e-06
1423,0,1,0.15910685,0.13360906,0.1787822100734162,0.01967536,0.00038711977
1424,0,1,-0.17703617,-0.1667068,-0.0915348795731063,0.08550128,0.0073104696
1425,0,1,0.08582294,0.06961262,0.0776148087674506,0.008208133,6.7373454e-05
1426,0,1,-0.081011295,-0.080201745,-0.0592953525150823,0.021715943,0.00047158217
1427,0,1,0.05409074,0.04094827,-0.0497724900427933,0.103863224,0.010787569
1428,0,1,0.0447042,0.032412887,-0.071769783655555,0.11647398,0.0135661885
1429,0,1,0.06637776,0.052087903,-0.0551536964375429,0.12153146,0.014769895
1430,0,1,0.05000925,0.037239313,-0.1220739669845181,0.17208321,0.029612632
1431,0,1,0.11579716,0.09626734,0.0588488960850195,0.056948267,0.003243105
1432,0,1,-0.06250727,-0.06395376,-0.0602322765209675,0.0022749938,5.175597e-06
1433,0,1,0.055013776,0.04178655,0.0817581528340694,0.02674438,0.0007152619
1434,0,1,-0.08509481,-0.08378661,-0.0681490839056249,0.016945727,0.00028715766
1435,0,1,0.06281245,0.04886031,0.0958366975461453,0.03302425,0.0010906012
1436,0,1,-0.0988971,-0.09595239,-0.2050807976401483,0.10618369,0.011274977
1437,0,1,0.19664705,0.16429365,0.1233599642676324,0.073287085,0.005370997
1438,0,1,-0.12497258,-0.11964023,-0.0492814146786024,0.07569116,0.0057291524
1439,0,1,0.04421997,0.03197217,0.0628329410496488,0.018612973,0.00034644277
1440,0,1,-0.06643653,-0.06740439,0.0105675436338177,0.077004075,0.0059296275
1441,0,1,-0.014847279,-0.021961093,0.073716291054676,0.08856357,0.007843506
1442,0,1,-0.07716882,-0.07682741,-0.1606909328464301,0.08352211,0.006975943
1443,0,1,0.15354168,0.12891042,0.1501868201033387,0.0033548623,1.12551015e-05
1444,0,1,-0.15025234,-0.1425488,-0.0890754100405333,0.061176933,0.003742617
1445,0,1,0.0834049,0.06744146,-0.0135141063748329,0.09691901,0.009393294
1446,0,1,0.008929849,-0.00023722649,-0.0599691246521767,0.068898976,0.004747069
1447,0,1,0.054754615,0.04155147,0.0227264688344059,0.032028146,0.0010258021
1448,0,1,-0.02685368,-0.032708764,-0.2050658333190558,0.17821215,0.03175957
1449,0,1,0.1966325,0.16428173,0.3278593930056883,0.1312269,0.017220499
1450,0,1,-0.31331265,-0.28644824,-0.2247607271388723,0.08855192,0.007841444
1451,0,1,0.2156409,0.17900383,0.261289012863428,0.045648098,0.0020837488
1452,0,1,-0.2532438,-0.2344234,-0.1756251398971045,0.07761866,0.0060246564
1453,0,1,0.16808093,0.14111233,0.1829522576099742,0.014871329,0.00022115643
1454,0,1,-0.18092692,-0.17020392,-0.1727637777823469,0.008163139,6.663684e-05
1455,0,1,0.16529834,0.13879526,0.1246739567765442,0.040624388,0.0016503409
1456,0,1,-0.12621343,-0.12076676,-0.215861400784707,0.08964796,0.008036758
1457,0,1,0.20706213,0.1724366,0.0883110998909835,0.11875103,0.014101806
1458,0,1,-0.09155035,-0.08945227,-0.1493620660113552,0.057811722,0.0033421952
1459,0,1,0.14248979,0.11948395,-0.0503408463008387,0.19283064,0.037183654
1460,0,1,0.045264363,0.032922387,0.0298524967910738,0.015411867,0.00023752564
1461,0,1,-0.033889294,-0.038861275,0.1195108083238953,0.1534001,0.023531588
1462,0,1,-0.12133396,-0.1163373,-0.116775206981289,0.0045587495,2.0782198e-05
1463,0,1,0.110602975,0.09168732,-0.0698779655541244,0.18048094,0.032573372
1464,0,1,0.064514756,0.050401688,0.2223610770999615,0.15784632,0.02491546
1465,0,1,-0.21749806,-0.20288002,-0.312009389861658,0.09451133,0.008932391
1466,0,1,0.29877126,0.24224532,0.3539705571161284,0.055199295,0.0030469622
1467,0,1,-0.3365234,-0.3061465,-0.3167528814303824,0.019770533,0.00039087396
1468,0,1,0.30323327,0.24551451,0.3702003937988978,0.06696713,0.0044845967
1469,0,1,-0.35085094,-0.3181821,-0.4293922887815204,0.07854134,0.0061687417
1470,0,1,0.40701473,0.3100809,0.4953301202083395,0.0883154,0.0077996096
1471,0,1,-0.45857382,-0.40252316,-0.4981467827051791,0.039572954,0.0015660187
1472,0,1,0.467986,0.32793748,0.5042347779689937,0.036248803,0.0013139758
1473,0,1,-0.46604598,-0.4077475,-0.4364734019887299,0.029572576,0.0008745373
1474,0,1,0.4133848,0.31458652,0.4808566841177357,0.06747189,0.004552456
1475,0,1,-0.44637215,-0.3939283,-0.4641669722812238,0.017794818,0.00031665553
1476,0,1,0.43810284,0.3270539,0.4842352373723557,0.046132386,0.002128197
1477,0,1,-0.44922674,-0.39594638,-0.2756905244764718,0.17353621,0.030114817
1478,0,1,0.26440108,0.21574152,0.2708177091393799,0.006416619,4.1172996e-05
1479,0,1,-0.26193273,-0.24202323,-0.2748814368802019,0.012948692,0.00016766862
1480,0,1,0.263631,0.2151252,0.2084182824582094,0.055212706,0.003048443
1481,0,1,-0.204602,-0.19139981,-0.3308094329482947,0.12620744,0.015928319
1482,0,1,0.3164147,0.2548927,0.4338632467731969,0.11744854,0.0137941595
1483,0,1,-0.40628016,-0.3637272,-0.4487564508204544,0.042476296,0.0018042357
1484,0,1,0.4243871,0.3217553,0.4020660130607683,0.022321075,0.0004982304
1485,0,1,-0.37875164,-0.34134316,-0.4399085662869504,0.06115693,0.0037401698
1486,0,1,0.41646826,0.31667817,0.3210779454498207,0.09539032,0.009099313
1487,0,1,-0.30725288,-0.28126526,-0.2216032645694419,0.085649624,0.007335858
1488,0,1,0.21259916,0.17669046,0.26959271931618,0.056993574,0.0032482676
1489,0,1,-0.26081693,-0.24104893,-0.2527624540138597,0.008054465,6.487441e-05
1490,0,1,0.24252522,0.19862974,0.3093645778791927,0.06683937,0.004467501
1491,0,1,-0.2967565,-0.2722497,-0.1793918423844649,0.11736466,0.013774463
1492,0,1,0.17174232,0.14414454,0.1523551672590979,0.019387156,0.0003758618
1493,0,1,-0.15228939,-0.14439094,-0.1075830307141012,0.04470636,0.0019986585
1494,0,1,0.101585984,0.08369386,0.1009179389092187,0.00066804886,4.4628928e-07
1495,0,1,-0.10372102,-0.10033643,-0.0242349820857661,0.07948604,0.006318031
1496,0,1,0.019512296,0.009432435,-0.1561781929691141,0.17569049,0.030867146
1497,0,1,0.14914167,0.12517214,0.1435236135845141,0.0056180507,3.1562493e-05
1498,0,1,-0.1439867,-0.13687873,-0.2402856685243266,0.09629896,0.00927349
1499,0,1,0.23056805,0.19009054,0.2527042091445819,0.022136152,0.0004900092
1500,0,1,-0.24539483,-0.22753465,-0.1525576584322938,0.09283717,0.00861874
1501,0,1,0.14560902,0.12215662,0.0677655329913118,0.07784349,0.0060596084
1502,0,1,-0.07130134,-0.0716759,-0.1742695691103493,0.10296823,0.0106024565
1503,0,1,0.16676319,0.14001584,0.206821517562912,0.04005833,0.0016046697
1504,0,1,-0.20312178,-0.19007897,-0.2850680090171622,0.081946224,0.0067151836
1505,0,1,0.27330935,0.22280872,0.3025966105024256,0.029287249,0.00085774297
1506,0,1,-0.29067445,-0.26700413,-0.3823095213907237,0.09163508,0.008396988
1507,0,1,0.36417162,0.28418076,0.2568895943296405,0.10728204,0.011509436
1508,0,1,-0.24922395,-0.23089802,-0.1732650569763598,0.07595889,0.0057697534
1509,0,1,0.16578543,0.13920212,-0.132038414042884,0.29782385,0.08869904
1510,0,1,0.12555516,0.10482061,0.2132696967347718,0.08771454,0.00769384
1511,0,1,-0.20909417,-0.19540453,-0.1436766907460236,0.06541748,0.0042794473
1512,0,1,0.13693643,0.11470318,0.2168539518212291,0.07991752,0.00638681
1513,0,1,-0.21240997,-0.19835699,-0.0401831519281057,0.17222682,0.029662076
1514,0,1,0.035247803,0.02379632,-0.1225236639412155,0.15777147,0.024891837
1515,0,1,0.11623776,0.09665465,0.1812500288119289,0.065012276,0.004226596
1516,0,1,-0.17933917,-0.16877723,-0.2248529114932116,0.045513734,0.0020715
1517,0,1,0.21573031,0.17907083,0.2933696745768508,0.07763937,0.0060278717
1518,0,1,-0.2823627,-0.2598096,-0.3751056349854578,0.09274295,0.008601255
1519,0,1,0.35754526,0.28066194,0.3744047590274306,0.016859502,0.0002842428
1520,0,1,-0.35454917,-0.32127357,-0.4953974312757525,0.14084825,0.019838229
1521,0,1,0.46558726,0.32841694,0.5609932222265896,0.095405936,0.009102292
1522,0,1,-0.5130191,-0.43994522,-0.5730337815716979,0.060014725,0.0036017671
1523,0,1,0.53197014,0.25173867,0.5042057240765054,0.02776444,0.0007708641
1524,0,1,-0.46602154,-0.40773082,-0.4579052595737536,0.008116275,6.587392e-05
1525,0,1,0.43254173,0.3254205,0.2232164409233445,0.20932528,0.043817073
1526,0,1,-0.21828794,-0.20358157,-0.2498933364070235,0.031605393,0.0009989009
1527,0,1,0.23977911,0.19669688,0.1939562615258825,0.04582286,0.0020997345
1528,0,1,-0.19117582,-0.17939723,0.068688537403311,0.25986436,0.067529485
1529,0,1,-0.072211266,-0.072475076,0.0537530626004234,0.12596433,0.015867012
1530,0,1,-0.0574795,-0.05954063,-0.2095640885981939,0.15208459,0.023129722
1531,0,1,0.20098102,0.1677047,0.2747330667595713,0.073752046,0.0054393644
1532,0,1,-0.26549518,-0.24513173,-0.3014411754788428,0.03594598,0.0012921136
1533,0,1,0.2888075,0.23478734,0.175403294306436,0.113404214,0.012860516
1534,0,1,-0.1738807,-0.16386843,-0.1422665932190965,0.03161411,0.000999452
1535,0,1,0.1355586,0.113512635,0.1259033164975247,0.009655282,9.3224466e-05
1536,0,1,-0.12737489,-0.12182069,-0.3025776008422858,0.17520273,0.030695995
1537,0,1,0.28988063,0.23560059,0.1847959366296045,0.1050847,0.011042794
1538,0,1,-0.18264592,-0.17174768,-0.0956142073227728,0.08703171,0.007574518
1539,0,1,0.08983183,0.07320571,0.0781252207041875,0.011706606,0.00013704461
1540,0,1,-0.08151436,-0.080643654,0.0396536905497206,0.12116805,0.014681696
1541,0,1,-0.043564916,-0.047335505,-0.0601483161840592,0.016583402,0.00027500922
1542,0,1,0.054930925,0.041711926,0.1665087725628147,0.11157785,0.0124496175
1543,0,1,-0.16556168,-0.15637457,-0.1337472948005056,0.03181438,0.0010121549
1544,0,1,0.12722719,0.10627961,0.0959329911381996,0.031294197,0.0009793268
1545,0,1,-0.098988414,-0.0960356,-0.2273226983207981,0.12833428,0.01646969
1546,0,1,0.2181083,0.1808666,0.3794029530420018,0.16129467,0.02601597
1547,0,1,-0.35894,-0.32493508,-0.4101896409750076,0.051249623,0.0026265238
1548,0,1,0.38964164,0.2967068,0.5066269190385666,0.11698526,0.0136855515
1549,0,1,-0.46804845,-0.40914345,-0.4712736738443854,0.0032252073,1.0401963e-05
1550,0,1,0.44439375,0.32839358,0.4200712545421974,0.02432251,0.0005915845
1551,0,1,-0.39437902,-0.3541522,-0.5210746771132999,0.12669563,0.016051784
1552,0,1,0.48785818,0.31969702,0.5698301740664247,0.081972,0.0067194095
1553,0,1,-0.52021456,-0.44479132,-0.611919049025405,0.09170449,0.008409713
1554,0,1,0.5640975,0.15695679,0.5271600705927708,0.036937475,0.0013643771
1555,0,1,-0.4851594,-0.4209801,-0.5869613703267265,0.10180199,0.010363646
1556,0,1,0.5435673,0.219926,0.5837255838752948,0.04015827,0.0016126868
1557,0,1,-0.5314717,-0.45232332,-0.4285622596371292,0.102909476,0.0105903605
1558,0,1,0.4062673,0.30953658,0.4989642094703306,0.092696935,0.008592722
1559,0,1,-0.4616264,-0.40466106,-0.6127208132831592,0.15109438,0.02282951
1560,0,1,0.5647515,0.15482342,0.5673620571492675,0.0026105642,6.8150457e-06
1561,0,1,-0.5182079,-0.44344246,-0.6600312479988022,0.14182335,0.020113863
1562,0,1,0.6027354,0.020234585,0.6183813741659627,0.01564598,0.0002447967
1563,0,1,-0.5592407,-0.47064638,-0.3974937868599306,0.16174692,0.026162066
1564,0,1,0.37807882,0.29084027,0.3210552724054711,0.057023555,0.0032516858
1565,0,1,-0.30723274,-0.2812481,-0.3456592970826859,0.03842655,0.0014765996
1566,0,1,0.33027446,0.264233,0.2268403567070358,0.1034341,0.010698613
1567,0,1,-0.22163105,-0.20654905,-0.2430007300008732,0.02136968,0.00045666326
1568,0,1,0.23317301,0.19197834,0.1442815896786649,0.08889142,0.007901684
1569,0,1,-0.14469957,-0.13752413,-0.1882719408956183,0.043572366,0.0018985511
1570,0,1,0.18036473,0.15121949,0.1998992577203771,0.019534528,0.00038159778
1571,0,1,-0.1966989,-0.1843406,-0.2517677609920823,0.05506885,0.0030325784
1572,0,1,0.24157345,0.19796193,0.2145934311051192,0.026980028,0.0007279219
1573,0,1,-0.21031952,-0.19649577,-0.2041015102102281,0.006218016,3.8663726e-05
1574,0,1,0.19569981,0.16354382,0.0674790724672498,0.12822074,0.016440557
1575,0,1,-0.07101929,-0.07142782,0.2041313664701578,0.27515066,0.07570788
1576,0,1,-0.20062709,-0.1878519,-0.1983556693384156,0.0022714138,5.1593206e-06
1577,0,1,0.19013894,0.1591152,0.021722673927208,0.16841626,0.028364038
1578,0,1,-0.025862098,-0.03184271,0.1476590601254983,0.17352116,0.030109594
1579,0,1,-0.14787614,-0.14040005,-0.038357679610355,0.10951847,0.011994295
1580,0,1,0.033447027,0.022153974,0.1276112765565669,0.09416425,0.008866906
1581,0,1,-0.12898803,-0.1232841,-0.1199771944324636,0.0090108365,8.1195176e-05
1582,0,1,0.11374235,0.09445703,0.1057050084000816,0.008037344,6.459889e-05
1583,0,1,-0.108261466,-0.10446274,0.0996070369673129,0.2078685,0.043209314
1584,0,1,-0.1024766,-0.09920597,-0.0105530464389942,0.09192355,0.008449939
1585,0,1,0.006006837,-0.0029090643,-0.0530038581579381,0.059010696,0.0034822621
1586,0,1,0.04788983,0.035311818,0.0429512392344779,0.0049385913,2.4389683e-05
1587,0,1,-0.046819687,-0.05018866,-0.1034302258093928,0.05661054,0.0032047532
1588,0,1,0.0975095,0.080064416,0.1189739351813727,0.02146443,0.00046072176
1589,0,1,-0.120826125,-0.11587596,-0.1550095643802507,0.034183443,0.0011685077
1590,0,1,0.14800131,0.12420082,0.1618571406670235,0.01385583,0.00019198401
1591,0,1,-0.16120422,-0.152444,-0.0711567086915954,0.09004751,0.0081085535
1592,0,1,0.065773964,0.051541567,0.0883698579828529,0.022595897,0.00051057455
1593,0,1,-0.09160817,-0.08950305,-0.0714716046209018,0.020136565,0.00040548126
1594,0,1,0.066084266,0.051822424,0.0973647932238011,0.031280525,0.0009784712
1595,0,1,-0.10034835,-0.09727132,-0.2580248379423591,0.15767649,0.024861874
1596,0,1,0.24755752,0.20212352,0.1635059559338059,0.084051564,0.0070646657
1597,0,1,-0.16274941,-0.15383816,-0.1159248796086485,0.04682453,0.0021925366
1598,0,1,0.109769106,0.09094989,-0.0041213062367226,0.11389041,0.012971025
1599,0,1,-0.00034344196,-0.00871253,0.0292862438707817,0.029629685,0.0008779182
1600,0,1,-0.033330083,-0.0383718,-0.092449307735474,0.059119225,0.0034950827
1601,0,1,0.08672166,0.07041848,0.0935196089256962,0.006797947,4.6212084e-05
1602,0,1,-0.09668028,-0.09395194,-0.1215360880685052,0.024855807,0.00061781117
1603,0,1,0.11527002,0.09580338,0.109540104585758,0.0057299137,3.283191e-05
1604,0,1,-0.111896515,-0.10776532,-0.1204054604600439,0.008508943,7.240211e-05
1605,0,1,0.11416185,0.09482753,0.0604604309182565,0.05370142,0.0028838424
1606,0,1,-0.06409669,-0.06534934,-0.0375058891335018,0.026590802,0.00070707075
1607,0,1,0.03260684,0.021387577,0.0506914948857639,0.018084656,0.0003270548
1608,0,1,-0.0544585,-0.056889653,-0.1795885860297235,0.12513009,0.015657539
1609,0,1,0.17193353,0.14430273,0.1405890164012455,0.031344518,0.0009824788
1610,0,1,-0.14122427,-0.13437688,-0.1348724505884524,0.0063518137,4.0345538e-05
1611,0,1,0.1283282,0.10723865,0.3817143575737016,0.25338614,0.06420454
1612,0,1,-0.36096752,-0.32662296,-0.4029894702616408,0.04202196,0.0017658451
1613,0,1,0.38309157,0.29297388,0.2227810358837454,0.16031054,0.025699468
1614,0,1,-0.21788573,-0.20322454,-0.112832769849609,0.10505296,0.011036125
1615,0,1,0.10673714,0.08826625,0.0509441785679085,0.055792958,0.0031128542
1616,0,1,-0.054708123,-0.057108045,-0.0098923800444197,0.04481574,0.0020084507
1617,0,1,0.0053545237,-0.0035048723,0.118561286324984,0.11320676,0.012815771
1618,0,1,-0.12043607,-0.11552191,-0.0308062882989423,0.089629784,0.008033498
1619,0,1,0.025997162,0.015355229,-0.0369698771698008,0.06296704,0.003964848
1620,0,1,0.032078147,0.020904899,0.0093256376321713,0.022752509,0.00051767664
1621,0,1,-0.013621211,-0.020840883,-0.1849458996703681,0.17132469,0.029352147
1622,0,1,0.17713702,0.14858294,0.1069075017328911,0.070229515,0.0049321847
1623,0,1,-0.109401345,-0.10549843,-0.0863785928213574,0.023022756,0.0005300473
1624,0,1,0.08075321,0.06505799,0.0389773025047692,0.041775905,0.0017452262
1625,0,1,-0.042897344,-0.046750426,-0.0912294303857343,0.048332088,0.0023359908
1626,0,1,0.08552241,0.06934297,0.0786936327297156,0.0068287775,4.66322e-05
1627,0,1,-0.08207464,-0.08113539,-0.0857583497018368,0.0036837086,1.3569709e-05
1628,0,1,0.08014274,0.06450939,-0.0234834884633947,0.10362622,0.010738394
1629,0,1,0.018770456,0.00875473,0.000234525723824,0.01853593,0.00034358073
1630,0,1,-0.0046441555,-0.012642264,-0.0546437211073536,0.049999565,0.0024999564
1631,0,1,0.049506187,0.036781907,0.0440080924713663,0.0054980963,3.0229063e-05
1632,0,1,-0.04786277,-0.051103473,-0.0650857043174624,0.017222933,0.00029662944
1633,0,1,0.05979526,0.046125412,-0.0221063123757263,0.08190157,0.0067078676
1634,0,1,0.01741147,0.007512927,-0.0090748164182226,0.026486287,0.0007015234
1635,0,1,0.004547,-0.00424242,0.0945305268315546,0.08998353,0.008097036
1636,0,1,-0.09765625,-0.09482479,-0.1030818583690771,0.0054256096,2.943724e-05
1637,0,1,0.097167134,0.0797596,0.1040832969908953,0.0069161654,4.7833342e-05
1638,0,1,-0.106723905,-0.10306525,0.0354830157490642,0.14220692,0.02022281
1639,0,1,-0.03944826,-0.043727875,-0.1574126131356408,0.11796436,0.01391559
1640,0,1,0.15034533,0.12619722,0.1163133421248214,0.03403198,0.0011581756
1641,0,1,-0.11830926,-0.11359048,-0.0380497232802792,0.08025953,0.0064415922
1642,0,1,0.033143163,0.021876812,0.1892117976166252,0.15606864,0.02435742
1643,0,1,-0.18676019,-0.17543948,-0.0569838929634312,0.1297763,0.016841888
1644,0,1,0.05181265,0.03887868,-0.1095071003112646,0.16131975,0.02602406
1645,0,1,0.10347426,0.08537161,-0.0083975434826299,0.1118718,0.0125153
1646,0,1,0.0038784742,-0.0048538446,0.0811029804354286,0.07722451,0.0059636245
1647,0,1,-0.08444929,-0.08322024,0.0009858790506722,0.08543517,0.0072991676
1648,0,1,-0.0053862333,-0.013320208,-0.0520860266476246,0.046699792,0.0021808706
1649,0,1,0.04698515,0.034488678,0.0522257644540113,0.0052406155,2.746405e-05
1650,0,1,-0.055972576,-0.058217764,0.0539692252338872,0.1099418,0.0120872
1651,0,1,-0.057692766,-0.05972767,0.0285327335901326,0.0862255,0.007434837
1652,0,1,-0.032586217,-0.037721157,0.0450319653006774,0.07761818,0.0060245823
1653,0,1,-0.048873186,-0.051989317,-0.0230104885460289,0.025862698,0.00066887913
1654,0,1,0.018303871,0.00832808,0.0804610683433029,0.0621572,0.0038635174
1655,0,1,-0.083816886,-0.08266437,-0.2448710590568366,0.16105418,0.02593845
1656,0,1,0.23496687,0.19326937,0.3299309024539323,0.09496403,0.009018167
1657,0,1,-0.31516123,-0.28802586,-0.2561563504747421,0.059004873,0.003481575
1658,0,1,0.24577153,0.20089066,0.1431375501294092,0.10263398,0.010533734
1659,0,1,-0.14362347,-0.13655007,-0.1883044301514458,0.044680953,0.0019963875
1660,0,1,0.1803962,0.15124547,0.2134667900244145,0.033070594,0.0010936642
1661,0,1,-0.2092768,-0.19556725,-0.26070832059778,0.051431537,0.002645203
1662,0,1,0.250121,0.20417845,0.2874507515870748,0.037329763,0.0013935112
1663,0,1,-0.2770188,-0.25516927,-0.2574676713419987,0.019551128,0.00038224662
1664,0,1,0.2470249,0.20175683,0.0965855634985461,0.15043932,0.02263199
1665,0,1,-0.09960842,-0.096598744,0.032350522481638,0.13195895,0.017413164
1666,0,1,-0.036355376,-0.041019797,-0.0280869436176489,0.008268433,6.836698e-05
1667,0,1,0.023314,0.012905002,0.0400217563181162,0.016707756,0.0002791491
1668,0,1,-0.043927908,-0.047653794,-0.1026771257150065,0.05874922,0.003451471
1669,0,1,0.09676993,0.07940531,0.2208994985045624,0.12412956,0.015408149
1670,0,1,-0.2161485,-0.20168138,-0.2322488629537824,0.016100362,0.00025922165
1671,0,1,0.22284758,0.18441164,0.0649843687932907,0.15786321,0.024920795
1672,0,1,-0.06855881,-0.06926751,-0.0408952641391007,0.027663548,0.00076527183
1673,0,1,0.035950303,0.024436355,0.0480226587068428,0.012072355,0.00014574174
1674,0,1,-0.051824927,-0.054578543,-0.0987375817071822,0.046912655,0.0022007972
1675,0,1,0.092900515,0.07595086,0.0698760949305214,0.023024417,0.0005301238
1676,0,1,-0.073382854,-0.073503375,-0.0789359913682452,0.005553134,3.0837295e-05
1677,0,1,0.07343137,0.058461547,0.0294764105208102,0.04395496,0.0019320386
1678,0,1,-0.0335176,-0.03853655,0.0256589337172232,0.059176534,0.0035018623
1679,0,1,-0.029748678,-0.035239935,-0.1641106493041348,0.13436197,0.018053139
1680,0,1,0.15687406,0.13172841,0.2766581458348451,0.11978409,0.0143482275
1681,0,1,-0.26724577,-0.24665713,-0.0940116520178329,0.17323412,0.03001006
1682,0,1,0.088257074,0.071795344,0.00336277672827,0.0848943,0.007207042
1683,0,1,-0.0077329874,-0.015464187,-0.1052087753423138,0.09747579,0.00950153
1684,0,1,0.09925568,0.08162022,0.2028044217983777,0.103548735,0.010722341
1685,0,1,-0.19939566,-0.1867516,-0.3115620171432933,0.112166375,0.012581295
1686,0,1,0.29835021,0.24193418,0.3415360985863052,0.04318589,0.0018650211
1687,0,1,-0.3254944,-0.29681695,-0.3755001974168448,0.050005794,0.0025005795
1688,0,1,0.35790837,0.28086054,0.2710666232717666,0.08684173,0.0075414865
1689,0,1,-0.2621591,-0.24222136,-0.203060438899759,0.059098676,0.0034926536
1690,0,1,0.19469297,0.16274536,-0.0838734857724257,0.27856645,0.077599265
1691,0,1,0.07828927,0.06284058,-0.0451535324690079,0.1234428,0.015238125
1692,0,1,0.040150166,0.028264761,0.0496273164299894,0.00947715,8.981636e-05
1693,0,1,-0.053408504,-0.055968165,0.0246295080618192,0.07803801,0.0060899304
1694,0,1,-0.02873218,-0.03435111,0.1442813656273496,0.17301355,0.02993369
1695,0,1,-0.1446997,-0.13752413,-0.0215346283945085,0.12316506,0.015169633
1696,0,1,0.016847253,0.0069969893,0.0868104016655324,0.06996315,0.0048948424
1697,0,1,-0.09007239,-0.08815515,-0.0191781196627269,0.07089427,0.0050259978
1698,0,1,0.014521241,0.004871607,-0.0480832224956921,0.062604465,0.003919319
1699,0,1,0.043038964,0.030896425,0.0148194471200306,0.028219517,0.00079634116
1700,0,1,-0.01904583,-0.025793195,0.1273640827093223,0.14640991,0.021435862
1701,0,1,-0.12875462,-0.12307215,-0.2253350945940897,0.096580476,0.009327788
1702,0,1,0.21619427,0.17942226,0.3791405254336746,0.16294625,0.026551481
1703,0,1,-0.35870957,-0.32474327,-0.3624248405935615,0.0037152767,1.3803281e-05
1704,0,1,0.34583724,0.27396452,0.3149114633878989,0.03092578,0.0009564039
1705,0,1,-0.30173182,-0.27652955,-0.2842972307594618,0.017434597,0.00030396518
1706,0,1,0.27257836,0.2222327,0.2829499151565737,0.010371566,0.00010756938
1707,0,1,-0.27294934,-0.25162733,-0.3151619483264489,0.042212605,0.001781904
1708,0,1,0.30173743,0.24442399,0.3875769377355522,0.08583951,0.0073684216
1709,0,1,-0.36610377,-0.33088923,-0.3941510723338979,0.028047293,0.0007866507
1710,0,1,0.37502444,0.28946722,0.2741074816090088,0.10091695,0.010184231
1711,0,1,-0.2649262,-0.24463546,-0.2366477702590319,0.028278425,0.00079966936
1712,0,1,0.22707498,0.18753707,0.1968807389083047,0.030194238,0.000911692
1713,0,1,-0.1938945,-0.18183184,-0.1667486378704885,0.027145863,0.00073689787
1714,0,1,0.1594435,0.13389206,0.2337356751437347,0.07429218,0.0055193286
1715,0,1,-0.22798312,-0.21217668,-0.1123909818040409,0.11559214,0.0133615425
1716,0,1,0.10630369,0.0878818,0.0716000819088338,0.034703612,0.0012043407
1717,0,1,-0.0750823,-0.074995875,-0.012516591698527,0.062565714,0.0039144685
1718,0,1,0.007945061,-0.0011373758,-0.010588506215039,0.018533567,0.0003434931
1719,0,1,0.006041765,-0.0028771162,-0.0299160150294628,0.03595778,0.0012929619
1720,0,1,0.025118709,0.014552355,0.0855429265158109,0.060424216,0.0036510858
1721,0,1,-0.088823676,-0.08705926,-0.2093409430314061,0.12051727,0.014524412
1722,0,1,0.20076549,0.16753495,0.2766253342588525,0.075859845,0.005754716
1723,0,1,-0.26721597,-0.24663079,-0.273281871712691,0.006065905,3.6795205e-05
1724,0,1,0.26210916,0.2139045,0.218370223592246,0.04373893,0.0019130941
1725,0,1,-0.21381152,-0.1996038,-0.231975323994241,0.0181638,0.00032992364
1726,0,1,0.2225846,0.18421662,0.2309402185628311,0.0083556175,6.981634e-05
1727,0,1,-0.22540951,-0.209898,-0.2495417146261169,0.024132207,0.0005823634
1728,0,1,0.23944223,0.1964587,0.1779754472060506,0.061466783,0.0037781654
1729,0,1,-0.176283,-0.16602969,-0.2710476628867437,0.09476465,0.008980338
1730,0,1,0.25998175,0.21219242,0.2202245143397989,0.039757237,0.0015806379
1731,0,1,-0.21552503,-0.20112717,-0.021124577407191,0.19440046,0.03779154
1732,0,1,0.016442657,0.0066273212,0.0564835551869438,0.0400409,0.0016032736
1733,0,1,-0.060173392,-0.061905503,-0.0442913570294876,0.015882034,0.000252239
1734,0,1,0.039299726,0.027490139,-0.0305999405198211,0.06989966,0.004885963
1735,0,1,0.025793552,0.015168786,-0.0578106266582707,0.08360418,0.006989659
1736,0,1,0.052627802,0.039619446,0.1929610255674936,0.14033322,0.019693412
1737,0,1,-0.19024968,-0.178568,-0.2038417221264075,0.013592035,0.0001847434
1738,0,1,0.19544852,0.16334498,0.1586715198625092,0.036777005,0.001352548
1739,0,1,-0.15821767,-0.14974761,-0.2322744702062824,0.074056804,0.00548441
1740,0,1,0.22287238,0.18443048,0.4406142760973599,0.2177419,0.04741154
1741,0,1,-0.41208375,-0.36829293,-0.5116270256760818,0.09954327,0.009908863
1742,0,1,0.47969878,0.324036,0.4100712042609349,0.06962758,0.004848
1743,0,1,-0.38571203,-0.34706295,-0.3651151942892243,0.020596832,0.00042422948
1744,0,1,0.34832537,0.27543628,0.1418535540632641,0.20647182,0.04263061
1745,0,1,-0.14241493,-0.13545513,-0.0481613518888255,0.09425358,0.008883737
1746,0,1,0.043115497,0.030966043,-0.2228698856976452,0.26598537,0.07074822
1747,0,1,0.21381962,0.177621,0.3882289071845586,0.17440927,0.030418593
1748,0,1,-0.3666743,-0.3313625,-0.3956297065728813,0.0289554,0.0008384152
1749,0,1,0.37637603,0.29008162,0.448355889913141,0.07197985,0.005181099
1750,0,1,-0.4187212,-0.373492,-0.5275766872814602,0.108855486,0.011849517
1751,0,1,0.49344957,0.31590807,0.5475504895625705,0.05410093,0.0029269108
1752,0,1,-0.5020089,-0.43248916,-0.5251153798825585,0.023106456,0.0005339083
1753,0,1,0.4913348,0.31741965,0.4984739807503133,0.007139176,5.0967836e-05
1754,0,1,-0.46121478,-0.4043733,-0.543824741833489,0.08260995,0.006824404
1755,0,1,0.50733364,0.30347693,0.2785407151676706,0.22879294,0.052346207
1756,0,1,-0.26895678,-0.2481463,-0.207750712477166,0.061206073,0.0037461834
1757,0,1,0.19922864,0.16632831,0.2788268304057488,0.07959819,0.0063358718
1758,0,1,-0.26921606,-0.24837244,-0.2613609781024706,0.0078550875,6.17024e-05
1759,0,1,0.250744,0.2046889,0.2842906781619614,0.033546686,0.0011253802
1760,0,1,-0.27416205,-0.25268376,0.0009773606083085,0.27513942,0.0757017
1761,0,1,-0.0053777695,-0.013312817,0.0461366188182088,0.051514387,0.0026537322
1762,0,1,-0.049963713,-0.052945852,-0.0908366112323264,0.0408729,0.0016705941
1763,0,1,0.085136294,0.06899595,0.1088786684452318,0.023742378,0.0005637005
1764,0,1,-0.111269236,-0.10719621,-0.1826076996196577,0.07133846,0.005089176
1765,0,1,0.1748668,0.1467197,0.3195771753426883,0.14471039,0.020941097
1766,0,1,-0.30591023,-0.28011513,-0.1548807728612236,0.15102945,0.022809895
1767,0,1,0.14787614,0.124093175,-0.0637032278373159,0.21157938,0.044765834
1768,0,1,0.058433294,0.044890165,0.1303533669672676,0.07192007,0.005172496
1769,0,1,-0.13157606,-0.12563181,-0.145138833535154,0.013562769,0.0001839487
1770,0,1,0.13836491,0.11593592,0.144056707451988,0.0056917965,3.2396547e-05
1771,0,1,-0.14448833,-0.13733292,-0.0241246847900076,0.12036365,0.014487409
1772,0,1,0.019403577,0.0093330145,0.0563580629228024,0.036954485,0.0013656339
1773,0,1,-0.060049534,-0.061796427,-0.1159301509011376,0.055880614,0.0031226429
1774,0,1,0.10977447,0.09095478,0.0786084365421524,0.031166032,0.00097132154
1775,0,1,-0.08199096,-0.08106208,-0.021404835703658,0.06058612,0.003670678
1776,0,1,0.016719341,0.006880641,-0.0151724585435844,0.0318918,0.0010170869
1777,0,1,0.0105673075,0.0012588501,0.1744141962868501,0.1638469,0.026845805
1778,0,1,-0.17295659,-0.16303658,-0.0596238661834405,0.11333272,0.0128443055
1779,0,1,0.05441439,0.04124224,0.0264947895575931,0.027919602,0.00077950413
1780,0,1,-0.030574083,-0.03596127,-0.0599909476641762,0.029416863,0.0008653518
1781,0,1,0.054775953,0.041570544,-0.0511740910565459,0.10595004,0.011225412
1782,0,1,0.046085835,0.033670902,-0.0519713033681521,0.098057136,0.0096152015
1783,0,1,0.0468719,0.034385562,-0.0001365925823926,0.047008492,0.0022097984
1784,0,1,-0.004277587,-0.012307167,0.1465804840072802,0.15085807,0.022758158
1785,0,1,-0.14686215,-0.13948178,-0.1855096322116118,0.038647488,0.0014936283
1786,0,1,0.17768419,0.14903092,0.1830154984035845,0.0053313076,2.842284e-05
1787,0,1,-0.18098617,-0.1702565,-0.0828097366201665,0.09817643,0.009638611
1788,0,1,0.07724273,0.061897874,0.0274545251009876,0.049788207,0.0024788654
1789,0,1,-0.031521678,-0.036789894,-0.0216957775406887,0.0098259,9.654831e-05
1790,0,1,0.017006278,0.007143259,-0.0969562385885158,0.113962516,0.012987455
1791,0,1,0.09115052,0.07438624,0.1401080138651589,0.048957497,0.0023968364
1792,0,1,-0.14077115,-0.1339668,-0.1728595622007438,0.032088414,0.0010296663
1793,0,1,0.16539133,0.13887346,0.1157916126160905,0.049599715,0.0024601317
1794,0,1,-0.117815614,-0.11314225,-0.0315370601526345,0.08627856,0.0074439896
1795,0,1,0.02671802,0.016013026,0.0604571723041253,0.033739153,0.0011383304
1796,0,1,-0.06409347,-0.06534672,-0.1757994564905105,0.11170599,0.012478228
1797,0,1,0.16825068,0.14125228,0.0230379879310917,0.1452127,0.021086726
1798,0,1,-0.027161121,-0.03297758,-0.2242336945224183,0.19707258,0.0388376
1799,0,1,0.21513402,0.17861879,0.2233375022593022,0.008203477,6.729703e-05
1800,0,1,-0.21839929,-0.20368123,-0.3387935668182391,0.12039429,0.014494785
1801,0,1,0.32387507,0.25999224,0.5764644705661961,0.2525894,0.06380141
1802,0,1,-0.52559805,-0.4484011,-0.6840928029504674,0.15849477,0.025120592
1803,0,1,0.6215781,-0.052179813,0.6573528636321779,0.035774767,0.001279834
1804,0,1,-0.58993983,-0.49023807,-0.472239181472035,0.11770064,0.01385344
1805,0,1,0.4452473,0.32853162,0.4706620370620131,0.025414735,0.00064590876
1806,0,1,-0.43773603,-0.38779724,-0.325128435738802,0.1126076,0.012680471
1807,0,1,0.3110944,0.25116122,0.3554072672520567,0.044312865,0.0019636299
1808,0,1,-0.33779454,-0.30721807,-0.4407491753456114,0.102954626,0.010599655
1809,0,1,0.41722143,0.31717956,0.3811622117683482,0.0360592,0.001300266
1810,0,1,-0.36048317,-0.32622004,-0.4025237293969019,0.042040557,0.0017674085
1811,0,1,0.38266718,0.29279912,0.3320482138769753,0.050618976,0.0025622807
1812,0,1,-0.31704926,-0.2896359,-0.4164807585072305,0.099431485,0.009886621
1813,0,1,0.39534914,0.30125844,0.4022889858013247,0.0069398284,4.816122e-05
1814,0,1,-0.3789457,-0.3415029,-0.3724284058029401,0.006517291,4.2475083e-05
1815,0,1,0.35507786,0.27929986,0.3671890153744004,0.012111157,0.00014668013
1816,0,1,-0.34819806,-0.31596088,-0.2804267002727987,0.067771345,0.004592955
1817,0,1,0.26890314,0.21932828,0.2773484666643815,0.0084453225,7.132347e-05
1818,0,1,-0.26787305,-0.24720347,-0.156983773363605,0.11088927,0.012296431
1819,0,1,0.14992738,0.12584102,0.2555091157454756,0.10558173,0.011147502
1820,0,1,-0.24796128,-0.22978973,-0.1183865717977232,0.12957472,0.016789608
1821,0,1,0.112182975,0.09308195,0.0450488132028843,0.06713416,0.004506995
1822,0,1,-0.048889995,-0.0520041,-0.0409849116519294,0.007905085,6.249036e-05
1823,0,1,0.036038518,0.02451706,-0.042497234906824,0.07853575,0.006167864
1824,0,1,0.037530303,0.025877118,-0.0464611772877194,0.08399148,0.007054569
1825,0,1,0.041439056,0.02943921,0.1814684815130178,0.14002943,0.01960824
1826,0,1,-0.17954302,-0.16896045,-0.1201268509502702,0.059416167,0.003530281
1827,0,1,0.11388874,0.09458649,0.0358955208306521,0.077993214,0.0060829413
1828,0,1,-0.039855003,-0.044084787,0.2108772443858348,0.25073224,0.06286666
1829,0,1,-0.20687985,-0.19343126,-0.1897800131597347,0.017099842,0.0002924046
1830,0,1,0.18182743,0.15241039,0.1173737313673353,0.06445369,0.0041542784
1831,0,1,-0.119312644,-0.11450195,-0.1318657672357872,0.012553126,0.00015758096
1832,0,1,0.12538612,0.104673505,0.0791587584168509,0.04622736,0.0021369685
1833,0,1,-0.08253324,-0.081537366,-0.1329740736004969,0.050440833,0.0025442776
1834,0,1,0.12647033,0.1056205,0.0476526511586752,0.07881768,0.0062122266
1835,0,1,-0.05145967,-0.054258585,0.0237074596736741,0.07516713,0.005650097
1836,0,1,-0.027822018,-0.03355527,-0.0214875543619776,0.006334463,4.0125422e-05
1837,0,1,0.016800761,0.0069550276,0.1766106317024316,0.15980987,0.025539195
1838,0,1,-0.1750083,-0.1648829,-0.1555585981109064,0.019449696,0.0003782907
1839,0,1,0.14853716,0.124657035,0.2041970403931714,0.055659875,0.0030980217
1840,0,1,-0.20068824,-0.18790615,-0.1371640059106929,0.06352423,0.004035328
1841,0,1,0.13056982,0.10918796,0.0246946215628511,0.105875194,0.011209557
1842,0,1,-0.028796673,-0.03440702,-0.0365318264037892,0.007735152,5.9832575e-05
1843,0,1,0.03164625,0.020510912,0.0016316238124016,0.030014629,0.00090087793
1844,0,1,-0.006023526,-0.013902307,-0.1321139573197349,0.12609044,0.015898798
1845,0,1,0.12562919,0.10488534,0.2141093620738241,0.088480175,0.007828741
1846,0,1,-0.20987141,-0.19609642,-0.1476068774898571,0.06226453,0.003876872
1847,0,1,0.14077544,0.118011594,-0.0108227358160892,0.15159819,0.02298201
1848,0,1,0.006272912,-0.0026654005,-0.1233388762533926,0.12961179,0.016799215
1849,0,1,0.11703646,0.097356915,0.1286932238082714,0.011656761,0.00013588008
1850,0,1,-0.1300093,-0.124210596,-0.3284716538927323,0.19846237,0.03938731
1851,0,1,0.31422675,0.2533673,0.2106864249230204,0.103540316,0.010720597
1852,0,1,-0.20670283,-0.19327366,-0.2275201789255094,0.020817354,0.00043336223
1853,0,1,0.21829832,0.18100965,0.1768182104831315,0.04148011,0.0017205995
1854,0,1,-0.17520225,-0.16505766,-0.1446068591297831,0.030595392,0.000936078
1855,0,1,0.13784492,0.11548805,0.2328663544094713,0.09502144,0.009029075
1856,0,1,-0.22718334,-0.21146882,-0.2638855789786969,0.036702245,0.0013470548
1857,0,1,0.25315392,0.20665705,0.3147711233144503,0.061617196,0.0037966787
1858,0,1,-0.30160618,-0.2764213,-0.3831077578177215,0.08150157,0.0066425065
1859,0,1,0.36490452,0.28455746,0.1422491119273852,0.22265542,0.049575433
1860,0,1,-0.14278686,-0.13579261,-0.0304690354750614,0.11231782,0.012615293
1861,0,1,0.02566421,0.015051246,-0.0527679675756387,0.07843217,0.006151606
1862,0,1,0.04765737,0.035100102,0.1379393847982952,0.09028201,0.008150841
1863,0,1,-0.13872838,-0.13211572,-0.0006304054502499,0.13809797,0.01907105
1864,0,1,-0.0037901402,-0.011861563,0.0011614862427011,0.0049516265,2.4518606e-05
1865,0,1,-0.005559325,-0.01347816,0.1461213944602444,0.15168072,0.02300704
1866,0,1,-0.14643073,-0.13909101,-0.044647552411384,0.10178318,0.010359815
1867,0,1,0.039651036,0.027809978,-0.0965985358076804,0.13624957,0.018563947
1868,0,1,0.09079921,0.07407105,-0.0130067448826693,0.10380596,0.010775677
1869,0,1,0.00842917,-0.00069487095,0.0659080743603044,0.057478905,0.0033038245
1870,0,1,-0.06946945,-0.07006729,-0.0536858113635911,0.015783641,0.00024912335
1871,0,1,0.04856193,0.035923004,0.0031997744502096,0.045362156,0.002057725
1872,0,1,-0.007572055,-0.015316725,-0.0156967339231277,0.008124679,6.601041e-05
1873,0,1,0.011084437,0.0017317533,-0.0097589117253114,0.02084335,0.00043444522
1874,0,1,0.0052227974,-0.0036255121,0.1730742677922141,0.16785146,0.028174113
1875,0,1,-0.17170382,-0.16190898,0.0260947459373364,0.19779857,0.039124273
1876,0,1,-0.030179143,-0.035615563,-0.2690965686236164,0.23891744,0.057081543
1877,0,1,0.25812256,0.21069181,0.2798728048621901,0.021750242,0.000473073
1878,0,1,-0.27016413,-0.2491988,-0.3008712025206257,0.030707061,0.0009429236
1879,0,1,0.28826964,0.2343787,0.235141017479622,0.053128615,0.0028226497
1880,0,1,-0.22927606,-0.21332133,-0.2670129699990078,0.037736923,0.0014240753
1881,0,1,0.25613678,0.20908296,0.2340221113081406,0.022114664,0.0004890584
1882,0,1,-0.22824705,-0.21241009,-0.2127875630622928,0.015459478,0.00023899546
1883,0,1,0.204095,0.17013562,0.236610911927557,0.032515913,0.0010572847
1884,0,1,-0.23062849,-0.21451676,-0.1914737780095095,0.03915471,0.0015330912
1885,0,1,0.1834706,0.15374339,0.2912549835840383,0.10778439,0.011617475
1886,0,1,-0.28045464,-0.2581544,-0.2274062844000666,0.053048357,0.0028141283
1887,0,1,0.21818864,0.18092668,0.2593935144215662,0.04120487,0.0016978413
1888,0,1,-0.25151217,-0.23290563,-0.1815430056691565,0.06996916,0.004895684
1889,0,1,0.17383206,0.14586914,0.0949796178604525,0.07885244,0.006217707
1890,0,1,-0.09808326,-0.09521246,-0.2639401293057519,0.16585687,0.027508501
1891,0,1,0.2532059,0.20669925,0.3008063552446696,0.047600448,0.0022658026
1892,0,1,-0.28906345,-0.26561213,-0.2499955094729622,0.03906794,0.0015263038
1893,0,1,0.23987687,0.19676673,0.100984302441933,0.13889256,0.019291144
1894,0,1,-0.103783846,-0.10039413,-0.2769200720475893,0.17313623,0.029976156
1895,0,1,0.26557004,0.21667612,0.4433028306378375,0.1777328,0.031588946
1896,0,1,-0.41439092,-0.37010348,-0.4294435813821482,0.015052646,0.00022658217
1897,0,1,0.40706098,0.31011426,0.4658325290261611,0.05877155,0.0034540952
1898,0,1,-0.43363285,-0.38487005,-0.276594733185368,0.15703812,0.024660971
1899,0,1,0.26526105,0.21642864,0.1314773952499865,0.13378365,0.017898066
1900,0,1,-0.13263631,-0.12659347,-0.0249445695010745,0.107691735,0.0115975095
1901,0,1,0.02021265,0.010071754,-0.0874083445922904,0.10762099,0.011582278
1902,0,1,0.08176553,0.065968275,0.030076365486096,0.051689167,0.00267177
1903,0,1,-0.034110308,-0.039054632,-0.0379489236977907,0.0038386174,1.4734983e-05
1904,0,1,0.03304422,0.021786213,-0.0158072747596436,0.048851494,0.0023864685
1905,0,1,0.011193514,0.0018315315,0.0072775254129491,0.0039159884,1.5334965e-05
1906,0,1,-0.011598706,-0.018994808,-0.2285306890592924,0.21693198,0.047059484
1907,0,1,0.21927059,0.18174016,0.2266307006175381,0.0073601156,5.41713e-05
1908,0,1,-0.2214377,-0.20637727,-0.2874882646343821,0.06605056,0.0043626763
1909,0,1,0.27560508,0.22460902,0.3158139437124372,0.040208846,0.0016167513
1910,0,1,-0.30254018,-0.27722394,-0.219222923375463,0.083317265,0.0069417665
1911,0,1,0.21030462,0.1749345,0.3796748906567659,0.16937026,0.028686287
1912,0,1,-0.3591783,-0.32513368,-0.1561340144464049,0.2030443,0.041226987
1913,0,1,0.14909828,0.12513554,0.1735709156102729,0.024472639,0.00059891003
1914,0,1,-0.17216802,-0.16232693,-0.1602687002985452,0.011899322,0.00014159388
1915,0,1,0.15312994,0.12856174,0.0767121055022501,0.076417826,0.005839684
1916,0,1,-0.080121756,-0.079420686,-0.0924075774493584,0.012285821,0.0001509414
1917,0,1,0.08668077,0.0703814,0.1990321934567827,0.11235142,0.012622841
1918,0,1,-0.19589376,-0.18362069,-0.1196603796630828,0.07623339,0.0058115292
1919,0,1,0.11343157,0.094183445,0.0118545071071358,0.101577066,0.0103179
1920,0,1,-0.016118288,-0.023121476,0.000585287772282,0.016703576,0.00027900946
1921,0,1,-0.0049903393,-0.012958527,-0.0704697140620083,0.065479375,0.004287549
1922,0,1,0.06509757,0.05092919,0.0783667829207357,0.013269216,0.00017607209
1923,0,1,-0.08175266,-0.08085275,0.0449761238097137,0.12672877,0.016060183
1924,0,1,-0.04881835,-0.051941276,0.043156644296233,0.09197499,0.0084593985
1925,0,1,-0.047022223,-0.050366998,-0.0001404086435732,0.046881814,0.0021979045
1926,0,1,-0.00427413,-0.012304068,-0.1002335463380077,0.09595942,0.00920821
1927,0,1,0.09437001,0.07726383,0.0285757983872496,0.06579421,0.0043288777
1928,0,1,-0.032628775,-0.03775835,0.0907398226537723,0.1233686,0.015219811
1929,0,1,-0.09394276,-0.091551065,-0.1145827542863304,0.020639993,0.00042600933
1930,0,1,0.108453274,0.089785576,0.0184474475219562,0.09000583,0.00810105
1931,0,1,-0.022628188,-0.029018402,0.0423157411653027,0.064943925,0.004217713
1932,0,1,-0.046192408,-0.049638867,-0.087405556651843,0.041213147,0.0016985235
1933,0,1,0.08176303,0.06596637,0.1799367108826637,0.09817368,0.009638071
1934,0,1,-0.1781137,-0.16767585,-0.280762993329456,0.1026493,0.010536879
1935,0,1,0.26922262,0.21958172,0.3268626865423989,0.057640076,0.0033223783
1936,0,1,-0.312423,-0.28568816,-0.2519766163935091,0.06044638,0.003653765
1937,0,1,0.24177349,0.19810212,0.2292427311781135,0.012530759,0.00015701992
1938,0,1,-0.22384548,-0.20851254,-0.1616982976333096,0.062147185,0.0038622727
1939,0,1,0.15452349,0.12974215,0.1268450171032287,0.027678475,0.000766098
1940,0,1,-0.12826443,-0.1226275,0.0082076529481913,0.13647208,0.018624628
1941,0,1,-0.012516856,-0.019833207,0.003787267641496,0.016304124,0.00026582446
1942,0,1,-0.008152366,-0.01584661,0.0133912866538217,0.021543652,0.00046412894
1943,0,1,-0.017635584,-0.024506092,-0.0613563133941195,0.04372073,0.0019115022
1944,0,1,0.05612111,0.04279232,-0.0207346340969705,0.07685575,0.0059068063
1945,0,1,0.01605773,0.0062761307,0.2087706299642879,0.1927129,0.037138265
1946,0,1,-0.20492828,-0.19169116,-0.1039638901170134,0.10096439,0.010193808
1947,0,1,0.09803331,0.080531836,-0.0329165288833226,0.13094984,0.017147861
1948,0,1,0.028079271,0.017255902,0.075509282154478,0.04743001,0.0022496057
1949,0,1,-0.07893574,-0.07837975,-0.0642686041517179,0.014667138,0.00021512495
1950,0,1,0.05899048,0.045395613,0.1150436139672532,0.05605313,0.0031419536
1951,0,1,-0.11710775,-0.11249924,-0.1044730732228569,0.012634672,0.00015963495
1952,0,1,0.098533034,0.080976844,-0.1171843636516725,0.2157174,0.046533998
1953,0,1,0.11100435,0.09204137,0.2010217079480056,0.09001735,0.008103123
1954,0,1,-0.19774139,-0.18527246,-0.1483997188683468,0.049341664,0.0024345997
1955,0,1,0.14155006,0.11867726,0.1917386652547346,0.0501886,0.0025188958
1956,0,1,-0.18911266,-0.17754877,-0.1247849193169408,0.06432775,0.004138059
1957,0,1,0.118453026,0.098602414,0.0885799345703026,0.029873088,0.0008924014
1958,0,1,-0.09181547,-0.089684606,-0.1649843587696557,0.07316889,0.0053536864
1959,0,1,0.15772474,0.13244534,0.2536109804692528,0.09588623,0.009194169
1960,0,1,-0.24622464,-0.22826397,-0.533463580930736,0.28723896,0.08250622
1961,0,1,0.4984945,0.3118986,0.4967364708057393,0.001758039,3.090701e-06
1962,0,1,-0.4597553,-0.40335107,-0.4545681628713847,0.005187124,2.6906255e-05
1963,0,1,0.42957127,0.32438505,0.2026489550597878,0.22692232,0.051493738
1964,0,1,-0.19925177,-0.18662286,-0.3194287947671979,0.12017703,0.014442518
1965,0,1,0.30574715,0.24733722,0.3489758621187107,0.043228716,0.0018687219
1966,0,1,-0.3320986,-0.30241,-0.2893044377621281,0.042794168,0.0018313408
1967,0,1,0.27732623,0.22595346,0.3426403767764274,0.065314144,0.0042659375
1968,0,1,-0.3264755,-0.2976488,-0.2859068390572037,0.04056865,0.0016458153
1969,0,1,0.2741052,0.22343361,0.1823726221139427,0.09173258,0.0084148655
1970,0,1,-0.1803863,-0.16971838,-0.1968533255939963,0.01646702,0.00027116275
1971,0,1,0.18868363,0.15794837,0.2249675077550732,0.03628388,0.00131652
1972,0,1,-0.21990359,-0.20501614,-0.2024348604948034,0.01746872,0.0003051562
1973,0,1,0.19408786,0.1622647,0.2900139478536039,0.095926076,0.009201812
1974,0,1,-0.27933466,-0.25718164,-0.2220095381622395,0.057325125,0.0032861698
1975,0,1,0.2129904,0.17698896,0.1663045303552428,0.046685874,0.002179571
1976,0,1,-0.16537058,-0.15620232,-0.0983244804143828,0.067046106,0.00449518
1977,0,1,0.092494726,0.07558799,0.0326466480992206,0.059848078,0.0035817923
1978,0,1,-0.036647797,-0.041275978,0.0546375852158176,0.09128538,0.00833302
1979,0,1,-0.05835247,-0.06030643,-0.2021548504822259,0.14380237,0.020679124
1980,0,1,0.19381678,0.16204941,0.1944857099177304,0.000668928,4.474647e-07
1981,0,1,-0.19166803,-0.1798383,-0.2185561284550818,0.026888102,0.00072297006
1982,0,1,0.2096616,0.17444122,0.4568672478112361,0.24720564,0.06111063
1983,0,1,-0.4259956,-0.37916434,-0.3506791443729042,0.07531643,0.0056725647
1984,0,1,0.33494365,0.2672435,0.4159063128146731,0.08096266,0.006554952
1985,0,1,-0.39077306,-0.35120726,-0.6361107810903046,0.24533772,0.0601906
1986,0,1,0.58368313,0.09012866,0.5400373828495277,0.04364574,0.0019049506
1987,0,1,-0.49581683,-0.42827654,-0.5067479969592565,0.010931194,0.000119491
1988,0,1,0.47546923,0.32575238,0.4698041217424873,0.0056651235,3.2093623e-05
1989,0,1,-0.43700802,-0.3872782,-0.5642413262504926,0.12723333,0.01618832
1990,0,1,0.5245985,0.2704252,0.3872769409228851,0.13732153,0.018857203
1991,0,1,-0.3658408,-0.33067155,-0.4367957134890414,0.07095492,0.0050346004
1992,0,1,0.4136747,0.31478512,0.2433317626245228,0.17034295,0.029016722
1993,0,1,-0.23680317,-0.21996951,-0.3910989892410306,0.1542958,0.023807194
1994,0,1,0.37223232,0.28816712,0.4740150635205988,0.10178274,0.010359726
1995,0,1,-0.44058025,-0.3898207,-0.3669949478120147,0.0735853,0.0054147965
1996,0,1,0.35006297,0.2764486,0.3279757556559806,0.022087216,0.00048784513
1997,0,1,-0.31341648,-0.28653705,-0.4771161549770972,0.16369969,0.026797587
1998,0,1,0.4495498,0.32906187,0.3898164122946654,0.05973339,0.003568078
1999,0,1,-0.3680625,-0.3325138,-0.3466906313488451,0.021371871,0.00045675688
2000,0,1,0.33123457,0.26485837,0.394135206483915,0.06290063,0.0039564897
2001,0,1,-0.3718363,-0.3356372,-0.4801583719360864,0.108322054,0.011733667
2002,0,1,0.45222867,0.32924902,0.5241369715403497,0.071908295,0.005170803
2003,0,1,-0.48264945,-0.41925228,-0.3701859770246634,0.112463474,0.012648033
2004,0,1,0.35300934,0.2781371,0.3396786560861999,0.013330698,0.00017770751
2005,0,1,-0.32384288,-0.29541516,-0.4953873105071702,0.17154443,0.029427493
2006,0,1,0.46557796,0.32841837,0.5202963785175869,0.054718435,0.002994107
2007,0,1,-0.4794556,-0.41705048,-0.3439689532648442,0.13548663,0.018356627
2008,0,1,0.32870018,0.26320207,0.2006745002583148,0.12802568,0.016390575
2009,0,1,-0.19741893,-0.1849842,-0.3511407305819747,0.15372181,0.023630396
2010,0,1,0.3353728,0.26751626,0.3060075684425303,0.029365242,0.0008623174
2011,0,1,-0.29374135,-0.26965094,-0.2004672311782134,0.09327412,0.008700061
2012,0,1,0.19218361,0.16074908,0.0404550867091431,0.15172853,0.023021545
2013,0,1,-0.04435599,-0.04802859,-0.0811158681375614,0.036759883,0.001351289
2014,0,1,0.075576305,0.060396314,-0.002563332023113,0.07813964,0.0061058034
2015,0,1,-0.0018817186,-0.010117888,-0.252859929718912,0.2509782,0.062990054
2016,0,1,0.2426182,0.19869506,0.1308165519793196,0.111801654,0.01249961
2017,0,1,-0.13201308,-0.12602842,-0.1330939824140466,0.0010809004,1.1683458e-06
2018,0,1,0.12658823,0.10572219,0.0254997008375339,0.101088524,0.010218889
2019,0,1,-0.029591799,-0.03510201,-0.1678241410928795,0.13823234,0.019108178
2020,0,1,0.16049087,0.13477218,0.2668305442272773,0.10633966,0.011308124
2021,0,1,-0.2582997,-0.23884952,-0.1771047053450856,0.081195,0.0065926276
2022,0,1,0.16951954,0.14230585,0.3456015954789471,0.17608204,0.031004887
2023,0,1,-0.32910526,-0.2998774,-0.2627927416610431,0.06631252,0.0043973504
2024,0,1,0.25211108,0.20580614,0.2311663249663984,0.02094476,0.00043868294
2025,0,1,-0.22561765,-0.21008217,-0.180607084121823,0.045010567,0.0020259512
2026,0,1,0.1729232,0.14511967,0.3291241575943815,0.15620095,0.024398735
2027,0,1,-0.31444144,-0.2874118,-0.4512878158017996,0.13684636,0.018726926
2028,0,1,0.4266466,0.32312143,0.321323311742373,0.105323285,0.011092994
2029,0,1,-0.3074726,-0.2814536,-0.316263282000399,0.008790702,7.727643e-05
2030,0,1,0.30277264,0.2451793,0.2148913996746759,0.08788124,0.0077231117
2031,0,1,-0.21059525,-0.19674098,-0.0848089114625272,0.12578633,0.015822202
2032,0,1,0.07920933,0.06366897,0.2966532278367235,0.21744391,0.047281854
2033,0,1,-0.28532314,-0.26237535,-0.2515384477730578,0.033784688,0.0011414051
2034,0,1,0.24135387,0.1978072,0.2927782549670705,0.051424384,0.0026444672
2035,0,1,-0.28182936,-0.25934684,-0.1343718101636828,0.14745754,0.021743726
2036,0,1,0.12783849,0.10681224,0.2005734028653336,0.07273491,0.0052903667
2037,0,1,-0.19732499,-0.18490064,-0.1924797836382865,0.004845202,2.3475983e-05
2038,0,1,0.18444574,0.15453303,0.2621000477751056,0.0776543,0.0060301907
2039,0,1,-0.2539842,-0.23507202,-0.3410070877476128,0.08702287,0.00757298
2040,0,1,0.32593977,0.26137507,0.3159196532514972,0.010020107,0.00010040255
2041,0,1,-0.30263507,-0.277305,-0.2820948317310585,0.020540237,0.00042190135
2042,0,1,0.27048743,0.22058308,0.1213675564523149,0.14911987,0.022236735
2043,0,1,-0.12308943,-0.11793089,-0.0889315150518146,0.034157917,0.0011667632
2044,0,1,0.08326352,0.067314506,0.2012067591639599,0.11794324,0.013910608
2045,0,1,-0.1979127,-0.18542612,-0.2902472965934024,0.0923346,0.008525678
2046,0,1,0.27821958,0.22664964,0.3516964891738403,0.07347691,0.0053988565
2047,0,1,-0.33450985,-0.3044473,-0.3400522001678281,0.005542338,3.071751e-05
2048,0,1,0.32504928,0.26078045,0.3705888782311117,0.045539588,0.002073854
2049,0,1,-0.35119295,-0.31846833,-0.2993095980834372,0.05188334,0.002691881
2050,0,1,0.2867943,0.23325574,0.4017390066112793,0.1149447,0.013212283
2051,0,1,-0.37846708,-0.34110844,-0.3280487818917263,0.050418288,0.0025420038
2052,0,1,0.31383026,0.25309002,0.1344266414698103,0.17940362,0.03218566
2053,0,1,-0.13541818,-0.12911546,-0.4102816741930748,0.2748635,0.07554995
2054,0,1,0.38972557,0.29677427,0.3313163125060201,0.058409244,0.0034116397
2055,0,1,-0.3163967,-0.28907943,-0.4263601534270063,0.10996345,0.01209196
2056,0,1,0.40428078,0.30807626,0.3686039433239145,0.035676837,0.0012728367
2057,0,1,-0.34944475,-0.31700528,-0.0631974041276572,0.28624734,0.081937544
2058,0,1,0.057935,0.044438124,0.103503703824072,0.045568705,0.0020765068
2059,0,1,-0.10617399,-0.102565885,0.081805191040958,0.18797919,0.035336178
2060,0,1,-0.08514094,-0.08382714,-0.0977769301348792,0.0126359835,0.00015966808
2061,0,1,0.091956615,0.0751071,0.1203563244145458,0.028399706,0.0008065433
2062,0,1,-0.12213361,-0.11706281,-0.0771793985903948,0.04495421,0.002020881
2063,0,1,0.0717026,0.056901336,0.11210956134384,0.040406965,0.0016327228
2064,0,1,-0.114329934,-0.10997653,-0.0997001982670964,0.014629737,0.00021402919
2065,0,1,0.0938462,0.0767957,0.0822465839087693,0.011599615,0.00013455107
2066,0,1,-0.08557606,-0.084208846,-0.1706113449586694,0.085035294,0.0072310013
2067,0,1,0.1632036,0.1370461,0.1508611693392181,0.012342423,0.00015233541
2068,0,1,-0.15088582,-0.14312196,-0.0172019140455768,0.1336839,0.017871387
2069,0,1,0.012570381,0.0030897856,0.0045712562138449,0.007999125,6.3986e-05
2070,0,1,-0.008926511,-0.016553879,0.0008872144015015,0.009813725,9.6309195e-05
2071,0,1,-0.0052888393,-0.013231039,0.0686071188967554,0.07389596,0.005460613
2072,0,1,-0.07213116,-0.072404504,-0.1171399382287425,0.04500878,0.00202579
2073,0,1,0.11096084,0.092003345,-0.0083561043484321,0.11931694,0.014236533
2074,0,1,0.0038374662,-0.004891515,0.0692371348354974,0.06539967,0.0042771166
2075,0,1,-0.072752476,-0.072950006,-0.1846961316270703,0.11194366,0.012531384
2076,0,1,0.17689455,0.14838445,0.1131686767112332,0.06372587,0.004060986
2077,0,1,-0.1153332,-0.11088765,-0.1748012629242863,0.05946806,0.0035364502
2078,0,1,0.16728008,0.14044595,0.1027982624417449,0.06448182,0.0041579045
2079,0,1,-0.10550499,-0.10195804,-0.0894942489497874,0.016010739,0.00025634377
2080,0,1,0.083816886,0.06781161,0.145937953429746,0.062121063,0.0038590266
2081,0,1,-0.146258,-0.13893461,0.0511730537846559,0.19743106,0.038979024
2082,0,1,-0.054933548,-0.05730641,0.0648718508971977,0.119805396,0.014353333
2083,0,1,-0.06844771,-0.06916976,-0.2538786265854951,0.18543091,0.034384623
2084,0,1,0.2435931,0.19937623,0.171832182887184,0.07176091,0.005149628
2085,0,1,-0.17054248,-0.16086328,-0.0909858964838763,0.079556584,0.00632925
2086,0,1,0.08528304,0.0691278,-0.1858217549325278,0.2711048,0.07349782
2087,0,1,0.17798722,0.149279,0.1980324226614442,0.020045206,0.00040181028
2088,0,1,-0.194965,-0.18278956,-0.1396950374548531,0.05526997,0.0030547697
2089,0,1,0.13304472,0.11133659,0.0367811394477524,0.09626358,0.009266676
2090,0,1,-0.040729284,-0.044850707,-0.0843599131271179,0.04363063,0.0019036318
2091,0,1,0.07876742,0.063271284,0.0295726641300912,0.049194753,0.0024201237
2092,0,1,-0.033613205,-0.0386194,0.0133719277554134,0.046985134,0.0022076028
2093,0,1,-0.01761651,-0.024488807,-0.1379277526294415,0.120311245,0.014474796
2094,0,1,0.13131654,0.10983682,0.121278311469239,0.010038234,0.00010076615
2095,0,1,-0.12300527,-0.11785436,-0.1457413248847778,0.022736058,0.0005169283
2096,0,1,0.1389538,0.116443515,0.3076755705024945,0.16872177,0.028467035
2097,0,1,-0.29523945,-0.27094328,-0.3234708633780039,0.028231412,0.00079701265
2098,0,1,0.30954015,0.2500571,0.2597189443866885,0.049821198,0.0024821518
2099,0,1,-0.25180972,-0.23316646,-0.3219032857875568,0.07009357,0.004913109
2100,0,1,0.30806983,0.2490071,0.4486469393505727,0.14057711,0.019761924
2101,0,1,-0.4189701,-0.37368715,-0.4041101789178369,0.014859915,0.00022081706
2102,0,1,0.38411248,0.29338992,0.4024186822299411,0.018306196,0.0003351168
2103,0,1,-0.37905884,-0.341596,-0.309672756243607,0.069386095,0.00481443
2104,0,1,0.2965709,0.24061596,0.2929425247689587,0.0036283731,1.3165091e-05
2105,0,1,-0.28197753,-0.2594756,-0.3065700456581186,0.024592519,0.000604792
2106,0,1,0.29364693,0.23843515,0.5068909760610445,0.21324402,0.045473013
2107,0,1,-0.4682691,-0.40929675,-0.361074722048502,0.107194394,0.011490638
2108,0,1,0.34458697,0.27321565,0.4545241300238489,0.10993716,0.012086179
2109,0,1,-0.42399526,-0.37760735,-0.2985521796726542,0.12544307,0.015735963
2110,0,1,0.2860781,0.23270929,0.296769947729252,0.010691851,0.000114315684
2111,0,1,-0.28542817,-0.26246655,-0.3681120124089738,0.08268383,0.006836616
2112,0,1,0.3510946,0.27704394,0.3503875382873189,0.0007070601,4.99934e-07
2113,0,1,-0.33334994,-0.3034674,-0.4110641980909812,0.077714264,0.0060395068
2114,0,1,0.3904363,0.29734862,0.5749876055725995,0.1845513,0.03405918
2115,0,1,-0.52440095,-0.44759953,-0.4471526967050938,0.077248245,0.0059672915
2116,0,1,0.42295396,0.3208698,0.4398190881365946,0.016865134,0.00028443275
2117,0,1,-0.4114009,-0.36775637,-0.2470385484919817,0.16436237,0.02701499
2118,0,1,0.23704422,0.19475591,0.114951461745048,0.12209275,0.01490664
2119,0,1,-0.11702061,-0.11242032,-0.1949828689630934,0.077962264,0.0060781147
2120,0,1,0.18687212,0.15649164,0.1583376908065161,0.028534427,0.00081421353
2121,0,1,-0.1579045,-0.1494646,-0.1646460019065296,0.006741494,4.544774e-05
2122,0,1,0.15739548,0.13216817,0.2253371223666904,0.067941636,0.004616066
2123,0,1,-0.22024453,-0.20531881,-0.1451295357217039,0.075114995,0.0056422623
2124,0,1,0.13835609,0.115927815,0.1299231668318745,0.008432925,7.111422e-05
2125,0,1,-0.13117027,-0.12526369,-0.0297153648341192,0.101454906,0.010293098
2126,0,1,0.024920464,0.0143716335,-0.0606488867790966,0.08556935,0.007322114
2127,0,1,0.055424333,0.04215908,0.0263895980312258,0.029034734,0.0008430158
2128,0,1,-0.030470252,-0.035870552,0.080939752216379,0.11141001,0.0124121895
2129,0,1,-0.08428824,-0.08307862,-0.2006552021225625,0.11636697,0.013541271
2130,0,1,0.19236505,0.1608938,0.1083665411645002,0.08399851,0.0070557497
2131,0,1,-0.11078417,-0.1067549,-0.0541479833696434,0.05663619,0.0032076577
2132,0,1,0.049017668,0.036337376,0.0160071703171649,0.033010498,0.0010896929
2133,0,1,-0.020218492,-0.026863337,0.1008191042822168,0.121037595,0.014650099
2134,0,1,-0.103627324,-0.1002512,-0.075985643248686,0.027641684,0.0007640627
2135,0,1,0.07052803,0.055839658,0.0266777233385098,0.043850306,0.0019228493
2136,0,1,-0.030754447,-0.03611934,0.0698088238599357,0.10056327,0.010112972
2137,0,1,-0.0733161,-0.07344484,-0.0080831357914037,0.06523296,0.0042553395
2138,0,1,0.003567934,-0.0051375628,0.0378220403475411,0.034254108,0.0011733439
2139,0,1,-0.04175687,-0.045751095,-0.0102723812236862,0.03148449,0.000991273
2140,0,1,0.0057297945,-0.0031620264,0.0442917708556982,0.038561977,0.0014870261
2141,0,1,-0.04814267,-0.051349044,-0.1980248431697688,0.14988217,0.022464665
2142,0,1,0.1898185,0.15885842,0.1506231287300752,0.039195374,0.0015362774
2143,0,1,-0.1506623,-0.14291942,-0.1363212050232416,0.014341101,0.00020566718
2144,0,1,0.12974548,0.10847211,0.0175235398893163,0.11222194,0.012593764
2145,0,1,-0.021715641,-0.02822256,0.0684975165572026,0.09021316,0.008138414
2146,0,1,-0.072023034,-0.072309494,-0.0266888322566136,0.0453342,0.0020551898
2147,0,1,0.021934032,0.011644244,0.0050480726035693,0.01688596,0.00028513567
2148,0,1,-0.0093973875,-0.016984105,-0.0800819546038529,0.07068457,0.004996308
2149,0,1,0.07455909,0.05947876,0.0826878546140221,0.008128762,6.607678e-05
2150,0,1,-0.086010575,-0.08459067,-0.1416792141398679,0.055668637,0.003098997
2151,0,1,0.13498402,0.11301577,-0.0133872981926006,0.14837131,0.022014046
2152,0,1,0.008804917,-0.00035130978,0.0443485710601492,0.035543654,0.0012633513
2153,0,1,-0.048199058,-0.05139792,0.1091406789913806,0.15733974,0.024755793
2154,0,1,-0.11151779,-0.10742152,-0.1371552923804262,0.025637507,0.0006572818
2155,0,1,0.13056123,0.109181285,0.17169224720272,0.04113102,0.0016917607
2156,0,1,-0.17041183,-0.16074514,-0.1080699912381317,0.06234183,0.0038865039
2157,0,1,0.102063775,0.08411896,0.1051259073599817,0.003062129,9.376634e-06
2158,0,1,-0.10771239,-0.10396373,-0.1251532458206483,0.017440856,0.00030418343
2159,0,1,0.118813634,0.098919034,0.1448709940915253,0.026057363,0.00067898614
2160,0,1,-0.14525414,-0.13802636,-0.1372336638143829,0.0080204755,6.432803e-05
2161,0,1,0.13063776,0.10924792,0.2188336168143749,0.088195845,0.007778507
2162,0,1,-0.21424007,-0.19998431,-0.3176390996283296,0.10339904,0.0106913615
2163,0,1,0.30406582,0.24611986,0.125717555781806,0.17834827,0.031808108
2164,0,1,-0.12719989,-0.121661544,-0.0298882805118878,0.09731161,0.009469549
2165,0,1,0.02509141,0.01452744,0.1851677004064036,0.16007629,0.025624419
2166,0,1,-0.1829927,-0.17205882,-0.0614014973807841,0.121591195,0.014784419
2167,0,1,0.056165934,0.042832613,0.1671753829978797,0.11100945,0.012323097
2168,0,1,-0.16618562,-0.15693736,-0.1950413781784983,0.028855756,0.00083265465
2169,0,1,0.18692839,0.15653741,-0.0668509103409091,0.2537793,0.06440393
2170,0,1,0.06153381,0.047701955,-0.0489189724119789,0.110452786,0.012199818
2171,0,1,0.0438627,0.03164661,0.0704021105492496,0.026539408,0.0007043402
2172,0,1,-0.073901415,-0.073958516,-0.1414956467513495,0.06759423,0.00456898
2173,0,1,0.13480473,0.112861276,0.4183205509552603,0.2835158,0.080381215
2174,0,1,-0.3928641,-0.35291564,-0.1109513874240255,0.2819127,0.07947478
2175,0,1,0.1048913,0.086630106,0.1065617034698405,0.0016704053,2.7902538e-06
2176,0,1,-0.10907376,-0.10520065,-0.2178305763346257,0.108756825,0.011828047
2177,0,1,0.2089616,0.17390287,0.0448087436686623,0.16415286,0.026946161
2178,0,1,-0.048652887,-0.051796317,-0.1148169002789705,0.06616401,0.004377676
2179,0,1,0.10868275,0.08998883,-0.057488611638947,0.16617137,0.027612925
2180,0,1,0.05231023,0.0393306,0.0944716988957719,0.042161472,0.0017775898
2181,0,1,-0.09760058,-0.09477413,-0.0200291918924462,0.077571385,0.00601732
2182,0,1,0.015361071,0.0056399107,0.1843381500840288,0.16897708,0.028553255
2183,0,1,-0.18221939,-0.17136419,-0.232025172630957,0.04980579,0.0024806168
2184,0,1,0.22263253,0.18425262,0.0480917856109979,0.17454074,0.03046447
2185,0,1,-0.051893473,-0.054638267,-0.1284395284463604,0.07654606,0.005859299
2186,0,1,0.122032166,0.10174072,0.1370585430912783,0.015026376,0.00022579197
2187,0,1,-0.13789868,-0.1313641,-0.1756404337218076,0.03774175,0.0014244397
2188,0,1,0.16809595,0.14112496,-0.0565832100397403,0.22467916,0.050480723
2189,0,1,0.05141771,0.03851962,0.1369517177564683,0.08553401,0.0073160664
2190,0,1,-0.13779771,-0.1312728,0.1003835019066676,0.23818122,0.056730293
2191,0,1,-0.10321355,-0.09987569,-0.1299435028334958,0.026729956,0.00071449054
2192,0,1,0.12350452,0.10302949,0.077075033552209,0.046429485,0.002155697
2193,0,1,-0.0804795,-0.07973492,-0.0575151301154084,0.022964373,0.00052736246
2194,0,1,0.052336335,0.039354324,-0.2110601635549565,0.2633965,0.06937772
2195,0,1,0.20242679,0.1688348,0.2082455877376385,0.005818799,3.3858425e-05
2196,0,1,-0.2044419,-0.19125676,-0.2871109999967123,0.08266911,0.0068341815
2197,0,1,0.27524745,0.22432935,0.2350639634315288,0.040183485,0.0016147124
2198,0,1,-0.22920561,-0.21325791,-0.2413763445135568,0.012170732,0.00014812672
2199,0,1,0.23161495,0.19085085,0.230811448809163,0.0008035004,6.4561294e-07
2200,0,1,-0.2252909,-0.20979321,-0.4199346240345596,0.19464374,0.037886184
2201,0,1,0.398476,0.30368936,0.5070413976930712,0.10856539,0.011786444
2202,0,1,-0.46839523,-0.40938437,-0.5676464778026644,0.09925127,0.009850815
2203,0,1,0.5274581,0.263322,0.5804636396560958,0.053005576,0.0028095911
2204,0,1,-0.5288353,-0.45056534,-0.6998945833384,0.17105931,0.029261287
2205,0,1,0.63377297,-0.1001364,0.6524188755524232,0.018645883,0.00034766895
2206,0,1,-0.58608377,-0.48781145,-0.5730594366901574,0.01302433,0.00016963317
2207,0,1,0.53199184,0.2516824,0.6323147622098635,0.1003229,0.010064685
2208,0,1,-0.5702809,-0.4777987,-0.621780111313472,0.051499188,0.0026521664
2209,0,1,0.5721189,0.13030064,0.6232203904016373,0.051101506,0.002611364
2210,0,1,-0.5630832,-0.473153,-0.6210305363587139,0.057947338,0.003357894
2211,0,1,0.5715114,0.13235712,0.7249117120582562,0.1534003,0.023531653
2212,0,1,-0.6418221,-0.52225304,-0.958664455228886,0.31684238,0.10038909
2213,0,1,0.85542834,-0.7284199,0.8199036441866607,0.035524666,0.0012620019
2214,0,1,-0.7118962,-0.5637268,-0.7275641722334174,0.015667975,0.00024548543
2215,0,1,0.65477645,-0.18359649,0.6484594347017467,0.0063170195,3.9904735e-05
2216,0,1,-0.5829836,-0.48585606,-0.4539223687072418,0.12906125,0.016656807
2217,0,1,0.42899573,0.32417238,0.7103391223550235,0.2813434,0.07915411
2218,0,1,-0.63077486,-0.51553285,-0.8824626705359144,0.25168782,0.06334676
2219,0,1,0.77048314,-0.5804622,0.8613251854829735,0.09084207,0.008252282
2220,0,1,-0.74140227,-0.58062077,-0.8679980196218303,0.12659574,0.01602648
2221,0,1,0.7584318,-0.5489117,0.7768744422843417,0.01844263,0.00034013062
2222,0,1,-0.6805707,-0.5454283,-0.5468808840900337,0.13368982,0.017872969
2223,0,1,0.50993097,0.30065596,0.5674051703350258,0.057474196,0.0033032831
2224,0,1,-0.51824296,-0.44346607,-0.5176505535137659,0.00059241056,3.5095027e-07
2225,0,1,0.48490584,0.32142746,0.4284910570368325,0.056414783,0.0031826277
2226,0,1,-0.40165162,-0.3600732,-0.326506322115218,0.075145304,0.005646817
2227,0,1,0.31238592,0.25207388,0.3144746527199256,0.0020887256,4.3627747e-06
2228,0,1,-0.3013401,-0.2761929,-0.2501232125865729,0.0512169,0.0026231708
2229,0,1,0.2399987,0.19685256,0.3516124958165652,0.11161381,0.012457643
2230,0,1,-0.33443522,-0.304384,-0.2851653139163796,0.049269915,0.0024275244
2231,0,1,0.2734021,0.22288072,0.3159868929416654,0.042584807,0.0018134657
2232,0,1,-0.30269527,-0.27735686,-0.3602960632373031,0.057600796,0.0033178518
2233,0,1,0.34386623,0.2727815,0.3637397057210279,0.01987347,0.0003949548
2234,0,1,-0.34515655,-0.31341028,-0.3306798231805203,0.0144767165,0.00020957532
2235,0,1,0.3162936,0.2548083,0.3915186854999912,0.075225085,0.0056588133
2236,0,1,-0.3695506,-0.33374596,-0.3572802501983108,0.012270331,0.00015056103
2237,0,1,0.3410715,0.27107847,0.4296031130096025,0.08853161,0.007837847
2238,0,1,-0.40261054,-0.36083066,-0.4581093462223835,0.05549881,0.0030801177
2239,0,1,0.43272293,0.32548058,0.3615403509987318,0.07118258,0.0050669597
2240,0,1,-0.34321558,-0.31177986,-0.0871938177834317,0.25602177,0.065547146
2241,0,1,0.08155477,0.06577897,0.1880200220338441,0.10646525,0.0113348495
2242,0,1,-0.18565023,-0.17444408,-0.15133350567833,0.03431672,0.0011776371
2243,0,1,0.14441419,0.12113452,0.0096690199754467,0.13474517,0.01815626
2244,0,1,-0.013960123,-0.021151304,-0.1453947738072274,0.13143465,0.017275067
2245,0,1,0.13861501,0.11615133,0.2336995864922981,0.09508458,0.0090410765
2246,0,1,-0.22794986,-0.21214736,-0.1452317408250927,0.08271812,0.0068422873
2247,0,1,0.13845587,0.11601424,0.2428531019495119,0.10439724,0.010898783
2248,0,1,-0.23636413,-0.21958208,-0.2668550668975165,0.030490935,0.0009296971
2249,0,1,0.25598657,0.20896065,0.3728930302621298,0.116906464,0.0136671215
2250,0,1,-0.35322022,-0.32016313,-0.4379347014651891,0.08471447,0.0071765417
2251,0,1,0.4146973,0.31548345,0.4393209864497127,0.024623692,0.0006063262
2252,0,1,-0.4109732,-0.3674208,-0.2032411746626603,0.20773202,0.043152593
2253,0,1,0.19486773,0.16288412,0.1649580044480034,0.02990973,0.00089459197
2254,0,1,-0.16410959,-0.15506506,-0.1201049540201408,0.044004634,0.0019364078
2255,0,1,0.11386716,0.09456766,-0.0923630721482453,0.20623024,0.042530913
2256,0,1,0.08663678,0.07034266,0.2166166927307788,0.12997991,0.016894776
2257,0,1,-0.21219051,-0.19816148,-0.0797887128176748,0.1324018,0.017530235
2258,0,1,0.07427049,0.059218764,0.1112999128730845,0.037029423,0.0013711782
2259,0,1,-0.11356342,-0.10928023,-0.2437363881602061,0.13017297,0.016945
2260,0,1,0.2338785,0.19248712,0.183273859446938,0.050604627,0.002560828
2261,0,1,-0.18122709,-0.17047346,-0.0118088043124129,0.16941829,0.028702557
2262,0,1,0.007246375,-0.0017758608,0.0298357177771655,0.022589343,0.0005102784
2263,0,1,-0.033872604,-0.03884697,0.0396609164092793,0.07353352,0.005407179
2264,0,1,-0.043572187,-0.047341824,-0.0199355598549961,0.023636628,0.00055869017
2265,0,1,0.015268683,0.005555272,0.0490598364310659,0.033791155,0.0011418421
2266,0,1,-0.05284834,-0.055476427,-0.1835616655690384,0.13071333,0.017085975
2267,0,1,0.17579305,0.14748073,0.153434097176224,0.022358954,0.00049992284
2268,0,1,-0.15330267,-0.14530694,-0.275024958753449,0.12172228,0.014816314
2269,0,1,0.2637676,0.21523464,0.1733660198057169,0.090401575,0.008172445
2270,0,1,-0.17197645,-0.16215456,-0.1520886539293042,0.01988779,0.0003955242
2271,0,1,0.1451515,0.12176502,0.1002536041353958,0.04489789,0.0020158207
2272,0,1,-0.103090644,-0.09976387,-0.1963777836277569,0.09328714,0.0087024905
2273,0,1,0.188223,0.15757883,0.1474867648772944,0.040736243,0.0016594415
2274,0,1,-0.1477145,-0.14025295,-0.1987501155632089,0.051035613,0.0026046338
2275,0,1,0.19052088,0.15942109,0.2358462614556031,0.045325384,0.0020543905
2276,0,1,-0.22992527,-0.2138946,-0.1130912554318692,0.11683402,0.013650189
2277,0,1,0.106990576,0.088490486,0.2476094360737046,0.14061886,0.019773664
2278,0,1,-0.24072719,-0.22342789,-0.202359244963749,0.038367942,0.001472099
2279,0,1,0.19401443,0.16220653,0.0580409616618589,0.13597347,0.018488783
2280,0,1,-0.06171012,-0.06325424,-0.1588148746112136,0.09710476,0.009429334
2281,0,1,0.15171254,0.12735927,0.2307652279377274,0.07905269,0.006249327
2282,0,1,-0.22524846,-0.20975518,-0.1361147347233602,0.089133725,0.00794482
2283,0,1,0.12954319,0.10829604,0.0888395753313517,0.04070361,0.0016567839
2284,0,1,-0.092071295,-0.08990884,-0.1913382016032845,0.0992669,0.009853918
2285,0,1,0.18333876,0.15363729,0.1092250359754947,0.07411373,0.0054928446
2286,0,1,-0.111597896,-0.107494354,-0.0777803862940011,0.033817507,0.0011436238
2287,0,1,0.072294,0.057435155,0.0089467601749975,0.063347235,0.004012872
2288,0,1,-0.013246775,-0.020499825,-0.0960929083082446,0.082846135,0.0068634823
2289,0,1,0.09030223,0.073626995,-0.0646619132199235,0.15496415,0.024013888
2290,0,1,0.05937755,0.04574704,0.0125465023891009,0.04683105,0.002193147
2291,0,1,-0.016801834,-0.023744702,-0.0368264687132346,0.020024635,0.000400986
2292,0,1,0.031936765,0.020776153,0.0209079660949373,0.011028798,0.000121634395
2293,0,1,-0.025057554,-0.031140208,0.0762060250972469,0.10126358,0.010254313
2294,0,1,-0.079622984,-0.07898283,-0.0237913182261082,0.055831663,0.0031171746
2295,0,1,0.019074798,0.00903213,0.031237510267541,0.012162713,0.0001479316
2296,0,1,-0.035256386,-0.040058255,-0.1391144020847385,0.10385801,0.010786486
2297,0,1,0.13247693,0.11084437,0.0508016667063973,0.08167526,0.0066708485
2298,0,1,-0.054567218,-0.056984544,-0.0133755814749745,0.041191638,0.001696751
2299,0,1,0.008793354,-0.00036215782,0.1403991370401491,0.13160579,0.017320083
2300,0,1,-0.14104533,-0.13421512,-0.088983278320359,0.052062057,0.0027104577
2301,0,1,0.08331406,0.06736016,0.1123759743104308,0.029061913,0.0008445948
2302,0,1,-0.11458242,-0.11020553,-0.1063203185339081,0.008262098,6.826226e-05
2303,0,1,0.100346684,0.08259153,0.1358459017821627,0.035499215,0.0012601942
2304,0,1,-0.13675582,-0.13032842,-0.1489019087892968,0.0121460855,0.00014752739
2305,0,1,0.14204049,0.11909866,-0.0608697271198688,0.20291021,0.041172557
2306,0,1,0.05564165,0.04235649,-0.1439603190186467,0.19960196,0.039840944
2307,0,1,0.13721347,0.11494279,0.1070773049259037,0.03013616,0.0009081882
2308,0,1,-0.10956228,-0.10564482,-0.1951444658610646,0.08558218,0.00732431
2309,0,1,0.18702853,0.15661752,0.1884078186583415,0.0013792962,1.9024579e-06
2310,0,1,-0.18601191,-0.17476785,-0.1069574236764083,0.07905449,0.006249612
2311,0,1,0.10097182,0.08314788,-0.0349915709797592,0.13596338,0.018486042
2312,0,1,0.030126452,0.01912415,-0.0055758237102878,0.035702277,0.0012746525
2313,0,1,0.0010924339,-0.007400155,-0.0544137166758116,0.05550615,0.003080933
2314,0,1,0.04927945,0.03657615,-0.0527682023415321,0.10204765,0.010413723
2315,0,1,0.04765773,0.03510046,0.0837676230667443,0.036109895,0.0013039245
2316,0,1,-0.08707464,-0.08552432,-0.0558609626380928,0.031213675,0.0009742935
2317,0,1,0.05070591,0.03787279,0.0941212892512319,0.043415383,0.0018848955
2318,0,1,-0.09726751,-0.09447169,-0.1023705570451036,0.0051030517,2.6041136e-05
2319,0,1,0.096468806,0.07913685,0.1779509678222013,0.08148216,0.006639342
2320,0,1,-0.17625988,-0.16600907,-0.184994643392556,0.008734763,7.629608e-05
2321,0,1,0.17718422,0.14862132,0.1842318887074097,0.007047668,4.9669627e-05
2322,0,1,-0.18212032,-0.1712755,-0.3843609720678242,0.20224065,0.040901277
2323,0,1,0.3660556,0.28514254,0.2733775056223291,0.0926781,0.0085892305
2324,0,1,-0.26426256,-0.24405634,-0.246889912044903,0.017372638,0.00030180856
2325,0,1,0.23690236,0.19465435,0.2758937899962117,0.03899142,0.0015203309
2326,0,1,-0.26655102,-0.24605155,-0.2418016826014435,0.024749339,0.00061252975
2327,0,1,0.23202264,0.1911465,0.1087524532745023,0.12327019,0.01519554
2328,0,1,-0.11114979,-0.1070869,-0.0108704016723715,0.10027938,0.010055955
2329,0,1,0.0063199997,-0.0026227236,0.0851005932130237,0.07878059,0.0062063816
2330,0,1,-0.08838844,-0.08667719,-0.176457587414881,0.08806914,0.0077561736
2331,0,1,0.1688906,0.14178371,0.0566802977609066,0.112210296,0.012591151
2332,0,1,-0.060367584,-0.062075734,0.0475099084111234,0.10787749,0.011637554
2333,0,1,-0.051318884,-0.054134727,-0.0588676308630058,0.0075487457,5.698356e-05
2334,0,1,0.053669453,0.04056549,0.111058962888084,0.057389513,0.0032935562
2335,0,1,-0.11333537,-0.109072566,-0.0625458936175316,0.050789475,0.0025795707
2336,0,1,0.057293057,0.04385662,-0.0245312281580323,0.08182429,0.006695214
2337,0,1,0.019805074,0.009699225,0.0375691897754326,0.017764118,0.00031556387
2338,0,1,-0.041507125,-0.045532227,-0.2492595941052389,0.20775247,0.043161087
2339,0,1,0.23917186,0.19626772,0.4619022725723469,0.2227304,0.04960883
2340,0,1,-0.43028796,-0.38247716,-0.4044178643492919,0.025870085,0.00066926127
2341,0,1,0.38439262,0.29350293,0.4095198842717111,0.025127262,0.0006313793
2342,0,1,-0.38523304,-0.34667003,-0.3776890718251413,0.007543981,5.691165e-05
2343,0,1,0.35992372,0.28194916,0.2983070784544799,0.06161663,0.0037966091
2344,0,1,-0.2868129,-0.26366544,-0.24195304766168,0.044859856,0.0020124067
2345,0,1,0.23216808,0.1912514,0.2540633087788235,0.02189523,0.0004794011
2346,0,1,-0.2466383,-0.22862768,-0.2817182963513678,0.035079986,0.0012306054
2347,0,1,0.2701298,0.22030008,0.2514604636341311,0.018669337,0.00034854416
2348,0,1,-0.24425626,-0.22653341,-0.0873468468167713,0.1569094,0.02462056
2349,0,1,0.08170509,0.06591427,0.0253286705167627,0.056376424,0.003178301
2350,0,1,-0.029422402,-0.034954548,-0.1113298076520281,0.08190741,0.006708823
2351,0,1,0.10526228,0.08695853,0.1377119344020587,0.032449648,0.0010529796
2352,0,1,-0.13851416,-0.13192213,-0.0973568068736143,0.041157357,0.001693928
2353,0,1,0.09154403,0.07473791,0.0689877590136813,0.022556275,0.00050878554
2354,0,1,-0.07250655,-0.07273412,-0.0532426944312278,0.019263852,0.00037109602
2355,0,1,0.048125625,0.035526156,-0.08102436731188,0.12914999,0.01667972
2356,0,1,0.0754863,0.060315013,0.0427525705138183,0.03273373,0.0010714971
2357,0,1,-0.04662347,-0.050017,-0.0664270160515141,0.019803546,0.00039218046
2358,0,1,0.061116338,0.047323465,0.2396071217633919,0.17849079,0.031858962
2359,0,1,-0.23338282,-0.21695054,-0.1425972031357705,0.09078562,0.00824203
2360,0,1,0.13588178,0.11379182,-0.0143919461966188,0.15027373,0.022582192
2361,0,1,0.009796739,0.0005545616,0.0681380729164342,0.05834133,0.003403711
2362,0,1,-0.071668744,-0.07199836,0.0496387553260506,0.1213075,0.0147155095
2363,0,1,-0.05341935,-0.055977345,0.1183264151998375,0.17174578,0.029496612
2364,0,1,-0.12021351,-0.11531997,-0.097074387193156,0.02313912,0.00053541886
2365,0,1,0.09126663,0.074489474,0.0133405830690331,0.07792605,0.006072469
2366,0,1,-0.017585516,-0.024460673,0.1614194722269213,0.17900498,0.032042783
2367,0,1,-0.16079378,-0.15207398,-0.284562892432751,0.123769104,0.015318791
2368,0,1,0.27283013,0.22243178,0.2640029236815213,0.0088272095,7.791963e-05
2369,0,1,-0.2557211,-0.23659301,-0.2209398204605166,0.034781277,0.0012097373
2370,0,1,0.21195948,0.17620194,0.2303104290924407,0.018350944,0.00033675713
2371,0,1,-0.22482955,-0.2093842,-0.1806114811926595,0.04421808,0.0019552384
2372,0,1,0.17292726,0.145123,0.1520294372520145,0.02089782,0.0004367189
2373,0,1,-0.15198338,-0.14411438,-0.0605253800888729,0.091458,0.008364566
2374,0,1,0.0553025,0.04204905,0.1794910114171963,0.12418851,0.015422787
2375,0,1,-0.17769742,-0.16730201,-0.1117026035541162,0.065994814,0.0043553156
2376,0,1,0.10562825,0.087282896,0.1576878994678716,0.05205965,0.0027102071
2377,0,1,-0.15729499,-0.1489141,-0.2218368674378541,0.06454188,0.0041656536
2378,0,1,0.2128247,0.17686212,0.2212629641820165,0.008438259,7.1204224e-05
2379,0,1,-0.21648395,-0.20197976,-0.3611497682983431,0.14466581,0.020928197
2380,0,1,0.34465635,0.2732581,0.230980490845454,0.11367586,0.012922201
2381,0,1,-0.2254467,-0.2099309,-0.2509159300720911,0.025469244,0.00064868235
2382,0,1,0.24075806,0.19738781,0.2499312563475297,0.0091732,8.414759e-05
2383,0,1,-0.24285507,-0.22530138,-0.3122105242920425,0.06935546,0.0048101796
2384,0,1,0.29896057,0.24238479,0.11390538432931,0.18505518,0.03424542
2385,0,1,-0.1160301,-0.11152089,-0.2823095383205074,0.16627944,0.027648851
2386,0,1,0.27069104,0.22074425,0.1293742065169787,0.14131683,0.019970447
2387,0,1,-0.13065195,-0.12479389,-0.0971110346052519,0.03354092,0.0011249933
2388,0,1,0.091302395,0.07452166,0.0397027492142416,0.051599644,0.0026625232
2389,0,1,-0.043613434,-0.047377944,-0.1337056786538455,0.09009224,0.008116612
2390,0,1,0.12718642,0.10624397,0.0233012786454065,0.10388514,0.010792121
2391,0,1,-0.027420878,-0.033204675,0.0415363035563622,0.06895718,0.004755093
2392,0,1,-0.04542315,-0.04896438,-0.0049077916142858,0.04051536,0.0016414943
2393,0,1,0.00043308735,-0.00800252,0.0518101324384105,0.051377047,0.002639601
2394,0,1,-0.05556214,-0.05785787,0.0586717277463078,0.11423387,0.013049376
2395,0,1,-0.062332153,-0.063800335,-0.1077803820810689,0.04544823,0.0020655415
2396,0,1,0.10177982,0.08386624,0.0471276865846734,0.054652132,0.0029868556
2397,0,1,-0.050941706,-0.05380392,0.0029284970574361,0.0538702,0.0029019986
2398,0,1,-0.0073041916,-0.015072107,-0.1170051808983423,0.10970099,0.012034308
2399,0,1,0.11082852,0.09188676,0.2716061584206055,0.16077763,0.025849447
2400,0,1,-0.26265037,-0.2426498,-0.3733010136566193,0.11065063,0.012243561
2401,0,1,0.3558823,0.2797469,0.2830796296821558,0.07280266,0.0053002276
2402,0,1,-0.27306688,-0.2517295,-0.26057514793637,0.012491733,0.00015604339
2403,0,1,0.24999368,0.20407474,0.1466077428793408,0.10338594,0.010688652
2404,0,1,-0.14688778,-0.13950491,-0.201331537765572,0.05444376,0.0029641232
2405,0,1,0.19301999,0.1614157,0.4416155250267202,0.24859554,0.06179974
2406,0,1,-0.41294324,-0.36896706,-0.2655971163319826,0.14734614,0.021710884
2407,0,1,0.2547866,0.20798647,0.2811749073090712,0.026388288,0.00069634174
2408,0,1,-0.271343,-0.2502272,-0.4203880111345952,0.14904502,0.022214418
2409,0,1,0.39888656,0.3040043,0.338946811645479,0.059939742,0.0035927726
2410,0,1,-0.32319236,-0.2948625,-0.1768710855623321,0.14632127,0.021409914
2411,0,1,0.16929233,0.14211762,0.1482444748051317,0.02104786,0.00044301242
2412,0,1,-0.14842689,-0.14089704,-0.1603386976261889,0.011911809,0.0001418912
2413,0,1,0.15319836,0.12861979,0.1841012036961193,0.030902848,0.00095498597
2414,0,1,-0.18199849,-0.17116618,-0.2641775151771552,0.08217901,0.0067533897
2415,0,1,0.25343215,0.20688355,0.2338110274022871,0.019621134,0.0003849889
2416,0,1,-0.22805285,-0.21223807,-0.1074526063877889,0.120600246,0.014544419
2417,0,1,0.101457834,0.0835799,0.0335879842706861,0.06786985,0.0046063163
2418,0,1,-0.037577033,-0.042089462,-0.0521190275424039,0.014541995,0.00021146961
2419,0,1,0.047017574,0.0345186,0.1739961798348661,0.1269786,0.016123567
2420,0,1,-0.17256558,-0.16268468,-0.2474893929463697,0.07492381,0.005613578
2421,0,1,0.23747599,0.19506323,0.1932102053281459,0.04426579,0.0019594603
2422,0,1,-0.19048202,-0.17877567,-0.2304061869974614,0.03992416,0.0015939386
2423,0,1,0.22107565,0.18309152,0.2221105669658596,0.0010349154,1.07105e-06
2424,0,1,-0.2172668,-0.20267487,-0.2110378569716746,0.0062289387,3.8799677e-05
2425,0,1,0.20240462,0.16881788,0.1401132629420207,0.062291354,0.0038802128
2426,0,1,-0.1407764,-0.1339711,-0.0276265518678555,0.113149844,0.012802887
2427,0,1,0.022859573,0.012489319,-0.0610546207157534,0.08391419,0.007041591
2428,0,1,0.055823803,0.042522192,0.0299910696564718,0.025832733,0.0006673301
2429,0,1,-0.034026146,-0.0389812,-0.2314559345272282,0.19742979,0.03897852
2430,0,1,0.22208512,0.18384469,0.0798753307450155,0.1422098,0.020223627
2431,0,1,-0.0832392,-0.08215761,0.1239972244187102,0.20723642,0.042946935
2432,0,1,-0.12557447,-0.120186806,0.0847393788435246,0.21031386,0.044231918
2433,0,1,-0.08803213,-0.086364746,-0.0869976619039856,0.001034461,1.0701095e-06
2434,0,1,0.08136165,0.065604925,0.1443401030749374,0.06297845,0.003966285
2435,0,1,-0.144755,-0.1375742,-0.3873577430521002,0.24260274,0.05885609
2436,0,1,0.36880434,0.28651345,0.3968548015042328,0.028050452,0.0007868279
2437,0,1,-0.37420988,-0.3375976,-0.2901666944711027,0.084043175,0.007063255
2438,0,1,0.27814376,0.2265898,0.3501264330475895,0.07198268,0.0051815063
2439,0,1,-0.33311868,-0.3032725,-0.3897701463709564,0.056651473,0.0032093895
2440,0,1,0.3710152,0.28758705,0.4742275354417258,0.10321236,0.010652791
2441,0,1,-0.44076025,-0.38994873,-0.4639811196507371,0.023220867,0.00053920865
2442,0,1,0.43793762,0.32701123,0.5595088336454077,0.12157124,0.014779567
2443,0,1,-0.51180816,-0.43912733,-0.3655464995337565,0.14626166,0.021392474
2444,0,1,0.34872448,0.2756697,0.413294929376135,0.06457046,0.004169344
2445,0,1,-0.38850915,-0.34935522,-0.2528420374694768,0.13566712,0.018405566
2446,0,1,0.24260151,0.19868243,0.2352883187675509,0.007313192,5.3482774e-05
2447,0,1,-0.22941232,-0.2134409,-0.397628376813173,0.16821605,0.02829664
2448,0,1,0.37820137,0.2908944,0.5667347339047184,0.18853337,0.03554483
2449,0,1,-0.51769733,-0.44309914,-0.4735946589454405,0.04410267,0.0019450454
2450,0,1,0.44644368,0.32870662,0.3949183808592129,0.051525295,0.002654856
2451,0,1,-0.3725201,-0.33620238,-0.1693171951483429,0.20320289,0.041291416
2452,0,1,0.16194427,0.13599122,0.1981381099101138,0.036193833,0.0013099936
2453,0,1,-0.19506288,-0.18287754,-0.2816097703804245,0.0865469,0.0074903658
2454,0,1,0.27002704,0.22021902,0.1570914207868343,0.11293562,0.012754453
2455,0,1,-0.15673554,-0.14840913,-0.0024918551554444,0.15424368,0.023791112
2456,0,1,-0.0019521713,-0.010182142,0.150528636050329,0.15248081,0.023250397
2457,0,1,-0.15057349,-0.14283907,-0.3509696208693054,0.20039612,0.040158603
2458,0,1,0.33521378,0.26741564,0.2681317792017574,0.06708199,0.0044999933
2459,0,1,-0.2594856,-0.23988569,-0.1787219916464792,0.08076361,0.0065227603
2460,0,1,0.17109144,0.14360738,0.1751078709636007,0.004016429,1.6131704e-05
2461,0,1,-0.17360461,-0.16362,-0.0440456400608371,0.12955897,0.016785525
2462,0,1,0.039057255,0.027268767,0.1078692674116259,0.06881201,0.004735093
2463,0,1,-0.11031294,-0.1063267,-0.2084732810496119,0.09816034,0.009635452
2464,0,1,0.19992721,0.16687739,0.2382122874347201,0.038285077,0.0014657471
2465,0,1,-0.23210096,-0.21581805,-0.182184678878698,0.049916282,0.0024916353
2466,0,1,0.174456,0.14638162,0.1729812118933449,0.0014747828,2.1749843e-06
2467,0,1,-0.17161715,-0.16183054,-0.1564713315661334,0.015145823,0.00022939597
2468,0,1,0.14942741,0.12541592,0.3071385243496214,0.15771112,0.024872797
2469,0,1,-0.29475725,-0.27052748,-0.1248094718206733,0.16994777,0.028882246
2470,0,1,0.118477106,0.098623276,0.1091799410186735,0.009297162,8.643723e-05
2471,0,1,-0.11155486,-0.107455134,-0.0078785649939319,0.1036763,0.010748775
2472,0,1,0.0033663511,-0.005321741,0.0619055611621406,0.05853921,0.0034268394
2473,0,1,-0.06552231,-0.06660128,-0.0909427308162273,0.02542042,0.00064619776
2474,0,1,0.0852406,0.06909001,0.1766474829777833,0.09140688,0.008355218
2475,0,1,-0.17504299,-0.16491401,-0.2575631613154188,0.08252019,0.006809581
2476,0,1,0.24711597,0.20181954,0.3166341402196375,0.06951818,0.004832777
2477,0,1,-0.30327535,-0.2778548,-0.2693368362322448,0.033938497,0.0011518216
2478,0,1,0.25835168,0.21087658,0.2984990887223018,0.040147394,0.0016118132
2479,0,1,-0.286986,-0.2638154,-0.2867748664543321,0.00021111965,4.4571507e-08
2480,0,1,0.27492845,0.22407901,0.0952272470240667,0.17970121,0.032292526
2481,0,1,-0.09831786,-0.09542608,-0.3008877080302843,0.20256984,0.041034542
2482,0,1,0.28828514,0.23439062,0.3260564399689512,0.037771314,0.0014266722
2483,0,1,-0.31170273,-0.28507292,-0.3884711256667088,0.0767684,0.005893387
2484,0,1,0.36982524,0.28701222,0.3075291077739173,0.062296122,0.003880807
2485,0,1,-0.29510796,-0.27082992,-0.0192124770916757,0.27589548,0.07611831
2486,0,1,0.014554739,0.0049033165,-0.0704550065391724,0.085009746,0.007226657
2487,0,1,0.06508303,0.050916433,-0.1377975831548104,0.2028806,0.04116054
2488,0,1,0.13118911,0.10972643,0.2298828836421542,0.09869377,0.009740461
2489,0,1,-0.22443533,-0.20903516,0.0112523659346035,0.2356877,0.055548694
2490,0,1,-0.015523195,-0.02257812,0.0030235242562572,0.01854672,0.0003439808
2491,0,1,-0.0073982477,-0.015158176,-0.0229277998180028,0.0155295525,0.000241167
2492,0,1,0.01822257,0.008253932,0.0183707142073883,0.00014814362,2.1946532e-08
2493,0,1,-0.022552371,-0.028952718,-0.0215423902216687,0.0010099802,1.02006e-06
2494,0,1,0.016854882,0.007004738,-0.2302785541101795,0.24713343,0.061074935
2495,0,1,0.22095263,0.1830002,0.3340350788858763,0.11308244,0.012787638
2496,0,1,-0.31882012,-0.2911439,-0.4932798061326653,0.1744597,0.030436186
2497,0,1,0.46373665,0.32871568,0.6451860815824386,0.18144941,0.03292389
2498,0,1,-0.58041584,-0.48423314,-0.642211510601854,0.061795652,0.0038187027
2499,0,1,0.58857214,0.07259297,0.6425864608605611,0.054014325,0.0029175472
2500,0,1,-0.5783738,-0.48294044,-0.6139244244579549,0.035550654,0.001263849
2501,0,1,0.5657331,0.15160859,0.5168036625922967,0.048929393,0.0023940855
2502,0,1,-0.47654688,-0.41504073,-0.2872306508974331,0.18931624,0.035840638
2503,0,1,0.27536047,0.2244178,0.3382701963065788,0.06290972,0.0039576334
2504,0,1,-0.3225906,-0.29435134,-0.2542652800593108,0.06832531,0.004668348
2505,0,1,0.24396288,0.19963443,0.2255243683706151,0.018438518,0.00033997896
2506,0,1,-0.22041774,-0.20547199,-0.0760349422366668,0.1443828,0.020846395
2507,0,1,0.07057643,0.055883527,-0.0217588396254775,0.09233527,0.008525802
2508,0,1,0.017068148,0.0071994066,0.0120732079984109,0.00499494,2.4949426e-05
2509,0,1,-0.016334057,-0.023318052,-0.0679918851961893,0.051657826,0.002668531
2510,0,1,0.06265795,0.048719645,-0.1532502809126681,0.21590823,0.046616364
2511,0,1,0.14628518,0.122734785,0.2975613053102039,0.15127614,0.022884471
2512,0,1,-0.28614128,-0.26308417,-0.4299112537452469,0.14376998,0.020669807
2513,0,1,0.40748274,0.31041944,0.3019775247123315,0.10550523,0.011131353
2514,0,1,-0.29011738,-0.266523,-0.2673911835222058,0.022726208,0.00051648053
2515,0,1,0.25649726,0.20937574,0.2624121713412608,0.0059148967,3.4986002e-05
2516,0,1,-0.25426912,-0.23532164,-0.3585930978929719,0.10432398,0.010883493
2517,0,1,0.34228837,0.271824,0.161105485250607,0.18118289,0.03282724
2518,0,1,-0.16049981,-0.15180814,-0.105150853258775,0.055348955,0.003063507
2519,0,1,0.09919846,0.08156979,-0.0475633572140059,0.14676182,0.021539032
2520,0,1,0.042526126,0.030429125,0.0898282536877168,0.047302127,0.0022374913
2521,0,1,-0.09304488,-0.09076333,-0.1839119522530001,0.09086707,0.008256825
2522,0,1,0.17613328,0.14776003,0.2644091583029009,0.08827588,0.0077926307
2523,0,1,-0.25609136,-0.23691738,-0.4623558512196957,0.2062645,0.042545043
2524,0,1,0.43649614,0.32662427,0.4529683013793446,0.01647216,0.00027133207
2525,0,1,-0.4226662,-0.37657142,-0.3495263105412536,0.073139876,0.0053494414
2526,0,1,0.3338722,0.26655972,0.2003180538713225,0.13355415,0.01783671
2527,0,1,-0.19708788,-0.18468857,-0.1138680625896644,0.08321982,0.006925538
2528,0,1,0.10775268,0.08916533,0.1848068123264867,0.07705413,0.005937339
2529,0,1,-0.18265593,-0.17175686,-0.3261678838438067,0.14351195,0.02059568
2530,0,1,0.31206858,0.2518505,0.2964124094969709,0.015656173,0.00024511575
2531,0,1,-0.2851063,-0.26218784,-0.2732807555273964,0.011825532,0.0001398432
2532,0,1,0.2621082,0.21390331,0.1501453170440809,0.111962885,0.012535688
2533,0,1,-0.15021324,-0.14251351,-0.0129925503841741,0.1372207,0.018829519
2534,0,1,0.008415222,-0.0007081032,-0.0913397775300597,0.099755,0.00995106
2535,0,1,0.08563101,0.069440365,0.2461066084708785,0.1604756,0.025752418
2536,0,1,-0.23934913,-0.22221398,-0.0997861416622936,0.139563,0.01947783
2537,0,1,0.0939306,0.076871514,-0.1113064621329253,0.20523706,0.042122252
2538,0,1,0.10523975,0.08693874,0.1245589220763405,0.019319177,0.00037323058
2539,0,1,-0.12610531,-0.12066865,0.029581507543676,0.15568681,0.024238383
2540,0,1,-0.03362143,-0.038627148,-0.155448875731889,0.12182744,0.014841924
2541,0,1,0.14843023,0.12456608,0.3180901488540886,0.16965991,0.028784486
2542,0,1,-0.30457902,-0.2789737,-0.1697457684843457,0.13483325,0.018180005
2543,0,1,0.16236126,0.13634074,0.3249122093971281,0.16255096,0.026422814
2544,0,1,-0.31068063,-0.284199,-0.1970922691132717,0.11358836,0.012902317
2545,0,1,0.18891537,0.15813458,0.1549177839323283,0.033997595,0.0011558365
2546,0,1,-0.15469551,-0.14656556,-0.0167102849955032,0.13798523,0.019039923
2547,0,1,0.012084961,0.0026465654,0.0934916297540178,0.08140667,0.0066270456
2548,0,1,-0.09665251,-0.09392762,-0.103771738460342,0.007119231,5.0683448e-05
2549,0,1,0.0978446,0.08036375,0.0397214412291639,0.05812316,0.0033783019
2550,0,1,-0.043631554,-0.047394037,-0.1135284163508456,0.06989686,0.004885571
2551,0,1,0.107419014,0.08887005,0.1378958655808551,0.030476853,0.00092883856
2552,0,1,-0.13868773,-0.132079,-0.1671395540600542,0.02845183,0.00080950663
2553,0,1,0.15982401,0.13421273,0.1527808152832477,0.0070431978,4.9606635e-05
2554,0,1,-0.15268946,-0.14475214,-0.1842457734497122,0.031556323,0.0009958015
2555,0,1,0.17645729,0.14802551,0.2591538219285147,0.08269653,0.0068387156
2556,0,1,-0.25129354,-0.2327137,-0.2896833448281843,0.038389802,0.0014737769
2557,0,1,0.27768552,0.22623312,0.1591420129761156,0.118543506,0.014052562
2558,0,1,-0.15865898,-0.15014613,-0.1197537660390326,0.03890522,0.001513616
2559,0,1,0.113523245,0.09426427,0.1947818640288836,0.081258625,0.006602964
2560,0,1,-0.19194353,-0.18008482,-0.0715966524245417,0.120346874,0.01448337
2561,0,1,0.06620681,0.051933885,-0.0834653041357997,0.14967212,0.022401744
2562,0,1,0.077887416,0.06247866,0.1785159625131551,0.10062854,0.010126103
2563,0,1,-0.1767875,-0.16648328,-0.1853588311923393,0.008571342,7.34679e-05
2564,0,1,0.17753756,0.148911,0.1215575833111866,0.055979975,0.0031337575
2565,0,1,-0.1232692,-0.118094325,-0.1259217150472771,0.002652511,7.0358146e-06
2566,0,1,0.11956608,0.09957969,-0.0525294779983105,0.17209557,0.029616885
2567,0,1,0.04742241,0.034886718,0.0845021588202903,0.03707975,0.001374908
2568,0,1,-0.08779836,-0.08615923,-0.0490520322801586,0.038746323,0.0015012776
2569,0,1,0.04399383,0.031765938,0.0222642212755959,0.021729609,0.00047217592
2570,0,1,-0.02639699,-0.03231013,-0.0385321800699534,0.012135189,0.0001472628
2571,0,1,0.033619642,0.022310972,-0.0443473914008922,0.07796703,0.0060788584
2572,0,1,0.03935516,0.027539968,0.0276829679965171,0.011672191,0.00013624005
2573,0,1,-0.031747103,-0.036987185,0.0435107468576096,0.07525785,0.005663744
2574,0,1,-0.047371745,-0.050673127,-0.0119458665030276,0.03542588,0.0012549929
2575,0,1,0.007381797,-0.0016521215,0.2411077691212997,0.23372597,0.05462783
2576,0,1,-0.23476148,-0.21816742,-0.1943202834462811,0.0404412,0.0016354907
2577,0,1,0.18622983,0.15597403,0.1457888287765461,0.04044099,0.0016354738
2578,0,1,-0.14611804,-0.13880777,-0.1009253542803965,0.04519269,0.002042379
2579,0,1,0.09504938,0.07787061,0.0934874325935453,0.0015619472,2.439679e-06
2580,0,1,-0.096648335,-0.093924284,-0.202691159177667,0.10604282,0.011245079
2581,0,1,0.19433606,0.16246164,0.0931858523278552,0.10115021,0.0102313645
2582,0,1,-0.096351385,-0.09366393,0.0705713854206084,0.16692278,0.027863214
2583,0,1,-0.07406819,-0.074105024,0.0165907261157631,0.09065892,0.008219039
2584,0,1,-0.02079463,-0.027389526,0.1192713490721151,0.14006597,0.019618476
2585,0,1,-0.12110734,-0.11613166,-0.103633178805881,0.01747416,0.00030534624
2586,0,1,0.09770894,0.080242395,0.0349993450480015,0.0627096,0.0039324937
2587,0,1,-0.03897035,-0.043310046,0.0080302406301346,0.04700059,0.0022090555
2588,0,1,-0.012341976,-0.019673347,-0.0866976481134089,0.07435567,0.0055287657
2589,0,1,0.08106661,0.0653398,0.029334721981022,0.051731884,0.0026761878
2590,0,1,-0.033378005,-0.038413763,-0.0291289782381534,0.004249027,1.805423e-05
2591,0,1,0.02434206,0.013843656,0.2007365601646487,0.1763945,0.031115022
2592,0,1,-0.19747627,-0.18503618,-0.1733429956943444,0.024133265,0.0005824145
2593,0,1,0.16586125,0.13926494,0.1522695891023937,0.013591662,0.00018473328
2594,0,1,-0.15220904,-0.1443181,-0.1099656123620238,0.04224343,0.0017845073
2595,0,1,0.10392392,0.085771084,-0.0425531715071614,0.14647709,0.021455538
2596,0,1,0.037585378,0.025927782,-0.0772731589550201,0.11485854,0.013192484
2597,0,1,0.07179499,0.056984305,0.1170519109512044,0.045256928,0.0020481895
2598,0,1,-0.119008064,-0.11422539,-0.2692471324449759,0.15023908,0.022571782
2599,0,1,0.25826657,0.21080768,0.3041344204609133,0.04586786,0.0021038607
2600,0,1,-0.2920575,-0.2681986,-0.3416593090455067,0.049601793,0.002460338
2601,0,1,0.32654798,0.26177943,0.2726765636416155,0.053871423,0.0029021301
2602,0,1,-0.26362443,-0.24349964,-0.1755999847055489,0.08802445,0.0077483044
2603,0,1,0.1680566,0.1410917,0.0920912360254924,0.075965375,0.0057707382
2604,0,1,-0.095273614,-0.092718124,-0.0794472295453403,0.015826382,0.00025047435
2605,0,1,0.07393432,0.058915973,0.0406677418402778,0.033266574,0.001106665
2606,0,1,-0.044566154,-0.048212886,-0.19349424343044,0.14892809,0.022179576
2607,0,1,0.18542874,0.15532792,0.2381211564556118,0.052692413,0.0027764905
2608,0,1,-0.23201704,-0.21574378,-0.2576718120429799,0.025654763,0.0006581669
2609,0,1,0.2472204,0.2018913,0.1808726940471074,0.0663477,0.0044020177
2610,0,1,-0.17898738,-0.16846085,-0.2392912622704164,0.06030388,0.003636558
2611,0,1,0.22961366,0.18939531,0.2033983268352133,0.02621533,0.00068724353
2612,0,1,-0.19994712,-0.18724382,-0.1632860087290755,0.036661103,0.0013440365
2613,0,1,0.15607083,0.13105011,0.0754026589160559,0.08066817,0.006507353
2614,0,1,-0.07883096,-0.07828736,-0.1946724030506974,0.11584145,0.013419241
2615,0,1,0.18657076,0.15624893,0.3116874904124624,0.12511674,0.015654197
2616,0,1,-0.29884076,-0.27404416,-0.3572009978152726,0.05836025,0.0034059186
2617,0,1,0.34099782,0.2710334,0.2642413491784505,0.07675648,0.005891557
2618,0,1,-0.25593853,-0.23678315,-0.1959279933897086,0.060010538,0.0036012647
2619,0,1,0.18778741,0.15722811,0.2771059936776445,0.08931857,0.007977808
2620,0,1,-0.26765287,-0.2470113,-0.3493032632518955,0.081650406,0.006666789
2621,0,1,0.33366477,0.26642668,0.306867429902663,0.026797354,0.0007180982
2622,0,1,-0.29451346,-0.27031732,-0.193691909645604,0.100821555,0.010164985
2623,0,1,0.1856209,0.15548241,0.000777989543522,0.18484291,0.034166902
2624,0,1,-0.005181074,-0.013132453,0.2697909981837683,0.27497208,0.07560965
2625,0,1,-0.2609973,-0.24120665,-0.4022441298209018,0.14124683,0.019950666
2626,0,1,0.38241255,0.2926935,0.4063700803032344,0.02395752,0.0005739628
2627,0,1,-0.38249648,-0.34442353,-0.4295597488204412,0.04706326,0.0022149505
2628,0,1,0.40716565,0.31019008,0.3687225535923908,0.03844309,0.0014778711
2629,0,1,-0.3495493,-0.3170929,-0.3429370466683208,0.0066122413,4.3721735e-05
2630,0,1,0.32773912,0.26256835,0.3922585145344606,0.064519405,0.0041627535
2631,0,1,-0.37019718,-0.3342812,-0.4798038142251584,0.10960662,0.012013612
2632,0,1,0.45191753,0.32923234,0.416107500741625,0.035810024,0.0012823578
2633,0,1,-0.39094734,-0.3513497,-0.1226345488429172,0.26831278,0.07199175
2634,0,1,0.11634612,0.09675062,0.0649025316589761,0.05144359,0.0026464432
2635,0,1,-0.06847787,-0.06919682,-0.0955482252294384,0.027070358,0.0007328043
2636,0,1,0.08976662,0.073147535,-0.1740774468000105,0.26384407,0.069613695
2637,0,1,0.16657579,0.13985991,0.0783857363388216,0.08819006,0.007777486
2638,0,1,-0.081771135,-0.08086884,-0.0516238769947507,0.030147258,0.00090885715
2639,0,1,0.04652965,0.034074068,0.0154381291359801,0.031091522,0.00096668274
2640,0,1,-0.019656897,-0.026350856,0.0039625697070166,0.023619466,0.00055787916
2641,0,1,-0.0083251,-0.016004562,-0.0532719506735348,0.04494685,0.0020202193
2642,0,1,0.048154116,0.0355525,-0.0338857330440705,0.08203985,0.0067305365
2643,0,1,0.029035449,0.018128395,-0.0346682633918205,0.063703716,0.0040581636
2644,0,1,0.029807568,0.018832922,-0.1391843972335789,0.16899197,0.028558286
2645,0,1,0.13254535,0.11090326,0.0769038035840912,0.055641547,0.0030959817
2646,0,1,-0.08031082,-0.079586506,-0.0660457502843685,0.014265068,0.00020349216
2647,0,1,0.06074071,0.04698336,-0.0811118692171417,0.14185259,0.020122157
2648,0,1,0.07557237,0.060392737,-0.1274142273906151,0.2029866,0.04120356
2649,0,1,0.121028066,0.10086179,-0.0187780120848564,0.13980608,0.01954574
2650,0,1,0.01412642,0.0045109987,0.0044074413441976,0.009718979,9.445855e-05
2651,0,1,-0.008764386,-0.016406178,-0.0941240622038235,0.08535968,0.0072862743
2652,0,1,0.08836758,0.07189393,0.0291954865073862,0.059172094,0.0035013368
2653,0,1,-0.03324032,-0.038293958,0.0717950536665632,0.10503537,0.0110324295
2654,0,1,-0.075274706,-0.07516456,-0.225768346448919,0.15049364,0.022648335
2655,0,1,0.21661174,0.17973745,0.1272735363598933,0.08933821,0.007981316
2656,0,1,-0.1286689,-0.12299442,-0.2353424393181318,0.10667354,0.011379244
2657,0,1,0.22582138,0.18661416,0.1459035119874074,0.07991786,0.006386865
2658,0,1,-0.14622569,-0.1389054,-0.1631686029531283,0.016942918,0.0002870625
2659,0,1,0.15595615,0.13095331,0.1771158869876898,0.021159738,0.00044773452
2660,0,1,-0.17548013,-0.16530752,-0.2179362738021208,0.04245615,0.0018025247
2661,0,1,0.20906317,0.17398107,0.1837633120436546,0.025299862,0.00064008305
2662,0,1,-0.18168318,-0.17088306,-0.2692600784778063,0.087576896,0.007669713
2663,0,1,0.25827897,0.21081746,0.1536201044374141,0.10465886,0.010953477
2664,0,1,-0.15347683,-0.14546466,0.0751904219250945,0.22866726,0.052288715
2665,0,1,-0.078621626,-0.07810378,-0.0040188354045234,0.07460279,0.0055655763
2666,0,1,-0.00044441223,-0.0088044405,-0.1943221249824802,0.19387771,0.037588567
2667,0,1,0.1862315,0.15597546,0.2019668291943188,0.015735328,0.00024760055
2668,0,1,-0.1986183,-0.18605661,-0.2026655779478381,0.0040472895,1.6380553e-05
2669,0,1,0.19431102,0.16244233,0.1711557808209247,0.023155242,0.00053616526
2670,0,1,-0.16991019,-0.16029358,-0.1380355026668722,0.031874686,0.0010159956
2671,0,1,0.13142204,0.10992849,0.3290055808280214,0.19758353,0.03903925
2672,0,1,-0.31433547,-0.2873211,-0.3158111450848424,0.0014756918,2.1776664e-06
2673,0,1,0.30234778,0.24486983,0.2725975892980437,0.029750198,0.00088507426
2674,0,1,-0.26355302,-0.24343717,-0.2921761291384521,0.028623104,0.0008192821
2675,0,1,0.28004682,0.228068,0.0633599630737733,0.21668686,0.046953194
2676,0,1,-0.06695664,-0.0678606,0.0186884945171992,0.08564513,0.0073350887
2677,0,1,-0.02286601,-0.029226542,0.0036184790251494,0.02648449,0.00070142816
2678,0,1,-0.00798583,-0.015694618,0.0025784627470237,0.010564293,0.000111604284
2679,0,1,-0.006958604,-0.01475668,0.1429718451432922,0.14993045,0.02247914
2680,0,1,-0.14346743,-0.13640845,-0.299428745148379,0.1559613,0.02432393
2681,0,0,0.2869066,0.23334181,-0.347140285479746,0.6340469,0.40201548
2682,0,0,0.331653,0.2651297,-0.1350516992297905,0.4667047,0.21781327
2683,0,0,0.12850368,0.10739112,-0.2518498790319137,0.38035357,0.14466883
2684,0,0,0.2416519,0.19801676,-0.2286277764755533,0.47027966,0.22116296
2685,0,0,0.21936429,0.18181074,-0.1634014079375008,0.3827657,0.14650959
2686,0,0,0.15618312,0.13114488,-0.2390716156797419,0.39525473,0.1562263
2687,0,0,0.22940266,0.18924177,-0.2200904739635765,0.44949314,0.20204408
2688,0,0,0.21114099,0.17557609,-0.2827315164012234,0.4938725,0.24391004
2689,0,0,0.27109206,0.22106063,-0.1834732712304621,0.45456535,0.20662965
2690,1,0,-0.17177844,0.14741051,-0.3091570296361625,0.1373786,0.018872881
2691,1,0,-0.31160796,0.24025524,-0.2652067499952266,0.046401203,0.0021530716
2692,1,0,-0.26263034,0.20768344,-0.198879127471512,0.06375122,0.004064218
2693,1,0,-0.18887234,0.15952075,-0.3375118019423497,0.14863947,0.022093693
2694,1,0,-0.34323096,0.25918567,-0.3861943046751503,0.042963356,0.0018458499
2695,1,0,-0.39753783,0.28598607,-0.3181461761959805,0.07939166,0.006303035
2696,1,0,-0.3216319,0.24646556,-0.2222331268092863,0.09939878,0.009880117
2697,1,0,-0.21481514,0.17715347,-0.4228176516192425,0.20800251,0.043265045
2698,1,0,-0.43837845,0.30568016,-0.4077074619117864,0.030671,0.00094071025
2699,1,0,-0.4215312,0.2948705,-0.3669183516602989,0.054612845,0.0029825629
2700,1,0,-0.37603533,0.27640808,-0.5406345802272166,0.16459924,0.02709291
2701,1,0,-0.56941855,0.3062569,-0.6627157396830936,0.09329718,0.008704364
2702,1,0,-0.7040708,0.0122305155,-0.7294433487760708,0.025372565,0.00064376707
2703,1,0,-0.77677226,-0.1892072,-0.6792336419110068,0.09753859,0.009513777
2704,1,0,-0.7221595,-0.037463307,-0.6716920116553251,0.05046749,0.0025469677
2705,1,0,-0.713905,-0.014695406,-0.5695017266734126,0.14440328,0.020852307
2706,1,0,-0.60139,0.2593807,-0.4692485883046511,0.13214141,0.017461352
2707,1,0,-0.49010253,0.32806933,-0.4622765729479658,0.027825952,0.0007742836
2708,1,0,-0.48234105,0.326604,-0.4450632199935478,0.037277818,0.0013896357
2709,1,0,-0.4631697,0.31969225,-0.5838801248131344,0.12071043,0.014571008
2710,1,0,-0.61728776,0.22718632,-0.6353219628309736,0.01803422,0.0003252331
2711,1,0,-0.6739956,0.092378736,-0.3881632680045377,0.28583235,0.08170013
2712,1,0,-0.3997339,0.28687513,-0.4012147980645448,0.0014809072,2.1930862e-06
2713,1,0,-0.4142909,0.292302,-0.3527065702661598,0.061584324,0.0037926289
2714,1,0,-0.36018097,0.26843703,-0.3867244459565828,0.026543468,0.0007045557
2715,1,0,-0.398129,0.2862264,-0.6024283203778309,0.20429933,0.041738216
2716,1,0,-0.63776684,0.18172061,-0.6721859566765573,0.03441912,0.0011846757
2717,1,0,-0.7144458,-0.0161829,-0.6940427491315666,0.020403087,0.00041628597
2718,1,0,-0.7383455,-0.08237362,-0.8436750523053325,0.10532957,0.011094319
2719,1,0,-0.8983289,-0.49323034,-0.7996239413085047,0.098704934,0.009742664
2720,1,0,-0.85165703,-0.38398027,-0.7310969451498559,0.12056011,0.01453474
2721,1,0,-0.7785435,-0.19413686,-0.5916424670351459,0.18690103,0.034931995
2722,1,0,-0.62586224,0.20866525,-0.6818951964525952,0.056032956,0.0031396921
2723,1,0,-0.72507083,-0.045520544,-0.5379260346765444,0.18714482,0.035023183
2724,1,0,-0.5664153,0.30848706,-0.460941659876263,0.10547364,0.011124688
2725,1,0,-0.48085487,0.3262638,-0.5603639953127606,0.07950914,0.006321703
2726,1,0,-0.5912775,0.27830207,-0.767792473598685,0.17651498,0.03115754
2727,1,0,-0.8177662,-0.2986325,-0.8778381330981269,0.060071945,0.0036086387
2728,1,0,-0.9321319,-0.5705005,-0.9718445644086268,0.039712667,0.001577096
2729,1,0,-1.0238659,-0.7511109,-1.0651369062502534,0.04127097,0.0017032931
2730,1,0,-1.1133916,-0.88809794,-0.91479013298067,0.19860148,0.03944255
2731,1,0,-0.9683592,-0.6468735,-1.0927436492625904,0.12438446,0.015471495
2732,1,0,-1.139564,-0.9194429,-0.9946357004971608,0.14492834,0.021004222
2733,1,0,-1.0458844,-0.7885126,-0.9141975706892328,0.1316868,0.017341414
2734,1,0,-0.96778,-0.6457063,-1.0690457394531818,0.10126579,0.01025476
2735,1,0,-1.1171069,-0.8926696,-1.0238278198020865,0.09327912,0.008700995
2736,1,0,-1.07395,-0.83322024,-1.0594237433676172,0.014526367,0.00021101534
2737,1,0,-1.1079564,-0.8813339,-1.1712122210126694,0.06325579,0.0040012947
2738,1,0,-1.2129925,-0.99774146,-1.1184561562493542,0.09453642,0.008937135
2739,1,0,-1.163801,-0.94676095,-0.9950839107025364,0.16871703,0.028465435
2740,1,0,-1.0463164,-0.78922546,-1.1122571552895546,0.06594074,0.0043481807
2741,1,0,-1.1579701,-0.9403326,-1.2248408038678902,0.06687069,0.004471689
2742,1,0,-1.2618265,-1.0434759,-1.0808549497207602,0.18097162,0.03275073
2743,1,0,-1.1283116,-0.9062103,-1.0833763654329651,0.044935226,0.0020191746
2744,1,0,-1.1307011,-0.90905,-1.147885402826525,0.017184377,0.0002953028
2745,1,0,-1.1913706,-0.9759924,-1.2045269839360742,0.013156414,0.00017309123
2746,1,0,-1.2434318,-1.0268114,-1.1907338780712826,0.052697897,0.0027770684
2747,1,0,-1.2308693,-1.0150471,-1.144073142563834,0.086796165,0.007533574
2748,1,0,-1.1878093,-0.97232157,-1.1788796923762264,0.00892961,7.973794e-05
2749,1,0,-1.2200273,-1.0046326,-1.1306641340463754,0.08936322,0.007985785
2750,1,0,-1.1752601,-0.9591402,-1.0466409717029717,0.12861907,0.016542867
2751,1,0,-1.0957723,-0.8658366,-0.9100772766094112,0.18569499,0.03448263
2752,1,0,-0.96375054,-0.6375369,-0.8868000758390105,0.07695049,0.005921378
2753,1,0,-0.9409369,-0.5896988,-1.0969371408735775,0.15600026,0.02433608
2754,1,0,-1.1435263,-0.92401814,-1.0625114395996471,0.08101487,0.006563409
2755,1,0,-1.1108948,-0.8850017,-0.9123711601686706,0.19852364,0.039411634
2756,1,0,-0.96599424,-0.6420957,-0.9136464929168696,0.05234772,0.0027402837
2757,1,0,-0.9672412,-0.6446184,-0.9536202864927004,0.013620913,0.00018552926
2758,1,0,-1.0061953,-0.71952164,-1.0456044678283811,0.03940916,0.0015530819
2759,1,0,-1.0947833,-0.8643964,-0.9850430100127552,0.10974032,0.012042937
2760,1,0,-1.0366278,-0.7730473,-0.9745288420780596,0.06209892,0.003856276
2761,1,0,-1.0264642,-0.75563514,-1.0546579232204472,0.028193712,0.0007948854
2762,1,0,-1.1034176,-0.8756157,-1.2041028130368248,0.10068512,0.010137494
2763,1,0,-1.243046,-1.0264552,-1.063743765640477,0.17930233,0.032149326
2764,1,0,-1.1120667,-0.8864575,-0.965149997736383,0.14691675,0.021584531
2765,1,0,-1.0173813,-0.73968506,-0.9476576196675364,0.069723666,0.0048613898
2766,1,0,-1.0004013,-0.70884836,-0.7975224305510145,0.20287883,0.04115982
2767,1,0,-0.8494235,-0.37850404,-0.8214882457922055,0.027935266,0.0007803791
2768,1,0,-0.87485707,-0.43954563,-0.7408723975963969,0.13398468,0.017951896
2769,1,0,-0.7890068,-0.22286427,-0.8743061250059242,0.08529931,0.007275973
2770,1,0,-0.9286583,-0.5628133,-0.8202768283991837,0.10838145,0.011746539
2771,1,0,-0.8735734,-0.43653536,-0.8459625302656131,0.027610898,0.0007623617
2772,1,0,-0.9007185,-0.49860823,-0.7723114568120293,0.12840706,0.016488373
2773,1,0,-0.82258534,-0.31104934,-0.7142706458614656,0.10831469,0.011732073
2774,1,0,-0.7604039,-0.14366078,-0.9176691741728584,0.1572653,0.024732376
2775,1,0,-0.97117317,-0.65252066,-0.9903040346141456,0.019130886,0.0003659908
2776,1,0,-1.0417068,-0.78157806,-1.0415532675879482,0.00015354156,2.3575012e-08
2777,1,0,-1.0909142,-0.85873103,-1.2161098059758615,0.1251955,0.015673915
2778,1,0,-1.2539358,-1.0364069,-1.157190755891469,0.096745014,0.009359598
2779,1,0,-1.2000489,-0.9848128,-1.1683925595976812,0.031656384,0.0010021267
2780,1,0,-1.2104007,-0.9951756,-1.116435934934101,0.093964815,0.008829387
2781,1,0,-1.1619017,-0.9446768,-1.0963585499608703,0.065543175,0.004295908
2782,1,0,-1.1429799,-0.9233895,-1.1251130029984924,0.01786685,0.00031922432
2783,1,0,-1.1700532,-0.9535569,-0.9977472875469364,0.17230594,0.029689338
2784,1,1,-1.0488834,-0.7934445,1.0971630682116489,2.1460466,4.605516
2785,1,1,1.0940353,-0.14818048,-1.046373713223604,2.140409,4.581351
2786,1,1,-1.0955172,-0.8654656,0.9179757031245714,2.0134928,4.0541534
2787,0,1,-0.7807336,-0.5950581,-0.9084106470709232,0.12767708,0.016301438
2788,0,1,0.7973093,-0.6342076,0.9387967928169588,0.14148754,0.020018723
2789,0,1,-0.79489434,-0.5730146,-0.7883295572849902,0.006564796,4.3096545e-05
2790,0,1,0.6992978,-0.35427785,0.7679145703942363,0.06861681,0.0047082664
2791,0,1,-0.67396116,-0.541518,-0.7096989786280665,0.035737813,0.0012771912
2792,0,1,0.641266,-0.1298474,0.6015646047724672,0.039701402,0.0015762013
2793,0,1,-0.5458211,-0.46183574,-0.4524274479173142,0.093393624,0.008722369
2794,0,1,0.42766297,0.32366288,0.2407344289323758,0.18692854,0.03494228
2795,0,1,-0.23441827,-0.21786499,-0.3160559685097868,0.08163771,0.0066647157
2796,0,1,0.30257785,0.24503767,0.4185604340876094,0.11598259,0.013451962
2797,0,1,-0.39307153,-0.35308552,-0.3277652505335668,0.065306276,0.00426491
2798,0,1,0.31356514,0.25290358,0.2538895006891157,0.059675634,0.0035611812
2799,0,1,-0.24647975,-0.2284882,-0.1705826358117386,0.07589711,0.0057603717
2800,0,1,0.1631757,0.13702238,0.3027264908353364,0.13955078,0.019474419
2801,0,1,-0.29079092,-0.26710546,-0.2988949998082679,0.008104086,6.5676206e-05
2802,0,1,0.2864021,0.23295653,0.2900809322067508,0.0036788285,1.3533779e-05
2803,0,1,-0.27939487,-0.25723398,-0.3597971650282452,0.080402315,0.006464532
2804,0,1,0.34340394,0.27250183,0.3923372243671081,0.048933297,0.0023944676
2805,0,1,-0.37026584,-0.33433807,-0.1099157831576898,0.26035005,0.06778215
2806,0,1,0.10387516,0.08572781,0.1612143903092338,0.057339236,0.003287788
2807,0,1,-0.1606015,-0.15190005,-0.0645674820321475,0.09603401,0.009222532
2808,0,1,0.059284687,0.04566312,0.1458838467681396,0.086599156,0.007499414
2809,0,1,-0.14620721,-0.13888884,-0.3272160648293771,0.18100885,0.032764204
2810,0,1,0.31305063,0.2525419,0.2839355484251473,0.02911508,0.00084768794
2811,0,1,-0.27384126,-0.25240386,-0.1959378063853047,0.07790345,0.0060689473
2812,0,1,0.18779695,0.15723622,0.0183378860029539,0.16945906,0.028716372
2813,0,1,-0.022519946,-0.028924108,-0.1039240269633665,0.08140408,0.0066266246
2814,0,1,0.09799445,0.080497146,0.121698086975361,0.023703642,0.00056186266
2815,0,1,-0.123402,-0.11821449,0.016614932097972,0.14001693,0.01960474
2816,0,1,-0.020818591,-0.027410984,0.0400813215502506,0.060899913,0.0037087994
2817,0,1,-0.043987155,-0.047705293,0.0813743252932599,0.12536147,0.015715498
2818,0,1,-0.08471668,-0.08345425,0.0869196472318707,0.17163633,0.02945903
2819,0,1,-0.09018004,-0.088249445,-0.0266820681160515,0.063497975,0.004031993
2820,0,1,0.021927357,0.0116381645,-0.098538220390214,0.12046558,0.014511955
2821,0,1,0.09270477,0.07577598,0.076955520651653,0.015749253,0.00024803897
2822,0,1,-0.080361724,-0.07963157,-0.0944169941586596,0.014055267,0.00019755053
2823,0,1,0.08865523,0.0721519,0.0703814894522441,0.018273741,0.0003339296
2824,0,1,-0.07388079,-0.073940754,-0.0416228081062317,0.032257985,0.0010405777
2825,0,1,0.036667705,0.025091052,0.0899115815936217,0.053243876,0.0028349103
2826,0,1,-0.09312701,-0.09083521,-0.0724424588481131,0.020684555,0.0004278508
2827,0,1,0.067040086,0.052687168,0.1649340042418516,0.09789392,0.00958322
2828,0,1,-0.16408718,-0.15504491,-0.0077685251843722,0.15631865,0.02443552
2829,0,1,0.0032577515,-0.0054214,-0.2328432085946092,0.23610096,0.05574366
2830,0,1,0.22341907,0.18483675,0.2906366832125011,0.06721762,0.004518208
2831,0,1,-0.2798965,-0.25766957,-0.1394007821369269,0.14049572,0.019739047
2832,0,1,0.13275707,0.111086726,0.2909494322463659,0.15819237,0.025024824
2833,0,1,-0.2801788,-0.25791454,-0.3656156163930379,0.08543682,0.00729945
2834,0,1,0.34878767,0.27570713,0.181766388082196,0.16702127,0.027896106
2835,0,1,-0.1798209,-0.16921031,-0.1348049776921902,0.045015916,0.0020264327
2836,0,1,0.12826216,0.10718155,0.0870498226224927,0.041212343,0.0016984572
2837,0,1,-0.09030831,-0.088362455,-0.0755497726742435,0.014758535,0.00021781435
2838,0,1,0.07009864,0.05545211,0.1003029485422188,0.030204311,0.0009123004
2839,0,1,-0.103137255,-0.09980583,0.0869420633551196,0.19007932,0.036130145
2840,0,1,-0.090201855,-0.088269114,-0.0668551777367947,0.023346677,0.00054506736
2841,0,1,0.06153834,0.047705412,-0.0487335149502974,0.110271856,0.012159882
2842,0,1,0.04368019,0.031480074,-0.0104893026445469,0.054169495,0.002934334
2843,0,1,0.005943656,-0.0029660463,-0.0808979238769664,0.08684158,0.0075414605
2844,0,1,0.07536197,0.060203075,0.0767739235503941,0.0014119595,1.9936297e-06
2845,0,1,-0.08018255,-0.07947397,0.0692825316745391,0.14946508,0.022339812
2846,0,1,-0.07279754,-0.072989106,-0.0289277270229084,0.04386981,0.00192456
2847,0,1,0.024143338,0.013662219,0.0542477428602681,0.030104406,0.0009062753
2848,0,1,-0.057967663,-0.05996895,0.0196989849003894,0.07766665,0.0060321083
2849,0,1,-0.02386403,-0.030097246,0.0393630068771158,0.06322704,0.003997659
2850,0,1,-0.043278217,-0.047084093,-0.051506508897045,0.008228291,6.770477e-05
2851,0,1,0.04641366,0.033969164,0.043556938056829,0.0028567202,8.1608505e-06
2852,0,1,-0.04741764,-0.050712824,0.1476091181599612,0.19502676,0.038035434
2853,0,1,-0.14782941,-0.14035714,-0.0955271772522923,0.052302234,0.0027355237
2854,0,1,0.08974671,0.07312858,0.1688090776913335,0.07906236,0.0062508564
2855,0,1,-0.16771483,-0.15831566,-0.1764253185062401,0.008710489,7.587262e-05
2856,0,1,0.16885889,0.14175797,0.1679131212623315,0.0009457618,8.9446536e-07
2857,0,1,-0.16687655,-0.15755987,-0.356615037403998,0.18973848,0.03600069
2858,0,1,0.34045422,0.27069867,0.3126720573959944,0.027782172,0.00077184907
2859,0,1,-0.2997241,-0.27480388,-0.2632160208354264,0.036508083,0.0013328402
2860,0,1,0.25251472,0.20613587,0.2817931257494586,0.029278398,0.0008572246
2861,0,1,-0.27190244,-0.25071514,-0.3366867030593636,0.06478426,0.004197
2862,0,1,0.3219086,0.25866377,0.1651308994343219,0.1567777,0.024579246
2863,0,1,-0.16427147,-0.15521109,-0.1039770561631958,0.06029442,0.003635417
2864,0,1,0.09804654,0.08054352,0.0761833625008729,0.021863177,0.00047799852
2865,0,1,-0.07960069,-0.07896328,-0.2706642043194069,0.19106352,0.03650527
2866,0,1,0.2596165,0.21189773,0.1741965010804198,0.08542,0.007296576
2867,0,1,-0.17275274,-0.162853,-0.3380528839131789,0.16530016,0.027324144
2868,0,1,0.3231839,0.25952685,0.1377342139625237,0.18544967,0.034391582
2869,0,1,-0.1385355,-0.13194048,-0.0613506088750452,0.077184886,0.0059575066
2870,0,1,0.056115627,0.042787313,0.1222604449052258,0.06614482,0.004375137
2871,0,1,-0.123933434,-0.11869717,-0.2560821379563496,0.13214871,0.017463282
2872,0,1,0.24570048,0.20084131,0.0749972084642762,0.17070326,0.029139604
2873,0,1,-0.07843161,-0.07793641,-0.0654242938979632,0.013007313,0.00016919019
2874,0,1,0.06012869,0.046428204,0.0884472838626788,0.028318591,0.0008019426
2875,0,1,-0.09168482,-0.089570045,-0.0338375178640486,0.0578473,0.00334631
2876,0,1,0.028988004,0.018085122,0.0320902672429359,0.0031022653,9.62405e-06
2877,0,1,-0.03609824,-0.040795088,-0.1113491718239485,0.07525093,0.0056627025
2878,0,1,0.10528159,0.086975574,-0.0367632506483739,0.14204484,0.020176737
2879,0,1,0.03187442,0.020718932,0.0274768508252016,0.0043975674,1.9338599e-05
2880,0,1,-0.03154385,-0.03680885,-0.0228528274638957,0.008691024,7.55339e-05
2881,0,1,0.018148184,0.008186221,-0.0374313225837004,0.055579506,0.0030890815
2882,0,1,0.032533407,0.021320462,0.1227689254909649,0.09023552,0.008142448
2883,0,1,-0.12441385,-0.119133115,-0.2462611385423594,0.12184729,0.014846762
2884,0,1,0.2362994,0.19422328,0.3889089471188092,0.15260956,0.023289677
2885,0,1,-0.36726892,-0.33185577,-0.3198121271907042,0.0474568,0.002252148
2886,0,1,0.30610693,0.24759662,0.1208747208268847,0.1852322,0.03431097
2887,0,1,-0.12262344,-0.117507935,-0.1360045987951461,0.013381153,0.00017905526
2888,0,1,0.12943554,0.10820246,0.2728294863093212,0.14339393,0.02056182
2889,0,1,-0.2637638,-0.24362099,-0.1171577905844722,0.146606,0.02149332
2890,0,1,0.11097813,0.09201872,0.1888726058245768,0.07789448,0.00606755
2891,0,1,-0.18644464,-0.1751566,-0.0566508022215175,0.12979384,0.01684644
2892,0,1,0.051484466,0.03858018,0.0372627093546362,0.014221758,0.0002022584
2893,0,1,-0.04120469,-0.045266986,-0.0504489000965264,0.009244211,8.545544e-05
2894,0,1,0.045371294,0.03302002,-0.0590026559237217,0.10437395,0.01089392
2895,0,1,0.05380225,0.04068625,-0.0494489331174026,0.10325119,0.010660808
2896,0,1,0.044385314,0.032122254,-0.0079807163338465,0.05236603,0.002742201
2897,0,1,0.0034672022,-0.0052298307,-0.1597154919067673,0.16318269,0.026628591
2898,0,1,0.15259063,0.1281048,0.0409699006998274,0.11162073,0.012459188
2899,0,1,-0.04486394,-0.04847431,0.0181480804546212,0.06301202,0.0039705145
2900,0,1,-0.022332788,-0.028760672,0.0371701422973473,0.05950293,0.0035405986
2901,0,1,-0.041113377,-0.045186758,-0.3002666485023277,0.25915328,0.06716042
2902,0,1,0.28769815,0.23394477,0.2939961539211684,0.0062980056,3.9664876e-05
2903,0,1,-0.282928,-0.26029968,-0.1415845004974854,0.14134349,0.019977981
2904,0,1,0.13489151,0.11293578,0.0811262619787351,0.053765245,0.0028907016
2905,0,1,-0.08447194,-0.08324003,-0.0910634417751716,0.006591499,4.3447857e-05
2906,0,1,0.08535957,0.069196105,0.1216410332359159,0.03628146,0.0013163442
2907,0,1,-0.12334788,-0.118165374,-0.1857136167565545,0.06236574,0.0038894855
2908,0,1,0.17788208,0.14919293,0.2099838742438737,0.032101795,0.0010305252
2909,0,1,-0.20605254,-0.19269347,-0.0887850291824823,0.11726751,0.013751669
2910,0,1,0.083119035,0.06718516,-0.0049771097552913,0.08809614,0.0077609303
2911,0,1,0.0005015135,-0.007939935,-0.0901521598235759,0.09065367,0.008218088
2912,0,1,0.08446348,0.068392515,0.1350604608109742,0.050596982,0.0025600547
2913,0,1,-0.13601565,-0.12965727,-0.0248298307736316,0.11118582,0.012362286
2914,0,1,0.02009952,0.009968996,-0.044104210721777,0.06420373,0.0041221194
2915,0,1,0.03911507,0.027321458,0.1725238305316396,0.13340876,0.017797897
2916,0,1,-0.17118943,-0.16144586,-0.1636912169575535,0.0074982047,5.6223074e-05
2917,0,1,0.15646541,0.13138318,0.3028054301511431,0.14634001,0.0214154
2918,0,1,-0.29086185,-0.2671665,-0.3850107663735178,0.094148934,0.008864022
2919,0,1,0.36665165,0.2854432,0.1505189759962264,0.21613269,0.046713337
2920,0,1,-0.15056467,-0.14283097,-0.1534410442846072,0.0028763711,8.273511e-06
2921,0,1,0.1464715,0.12289417,0.1287500480733365,0.01772146,0.00031405012
2922,0,1,-0.1300627,-0.12425947,-0.0879149284512494,0.04214777,0.0017764346
2923,0,1,0.08226383,0.06641638,0.1000817221468979,0.017817892,0.00031747727
2924,0,1,-0.10292733,-0.099615455,-0.0537932588007115,0.04913407,0.0024141567
2925,0,1,0.04866779,0.036019444,0.1215126658499325,0.07284488,0.005306376
2926,0,1,-0.123227,-0.11805558,0.0183972010963324,0.1416242,0.020057414
2927,0,1,-0.022578359,-0.028975606,0.0204627739125953,0.043041132,0.0018525391
2928,0,1,-0.024618268,-0.030756116,-0.155772343745987,0.13115408,0.017201392
2929,0,1,0.14874554,0.124834776,0.2390891772399539,0.09034364,0.008161973
2930,0,1,-0.23290694,-0.2165302,-0.0566421973613944,0.17626473,0.031069256
2931,0,1,0.051475883,0.03857255,-0.0433903426444335,0.09486622,0.0089996
2932,0,1,0.03841138,0.02668047,0.0617477307522209,0.02333635,0.0005445853
2933,0,1,-0.06536698,-0.066464305,-0.0975944310411023,0.03222745,0.0010386085
2934,0,1,0.0917778,0.0749464,0.0148539111307124,0.07692389,0.005917285
2935,0,1,-0.019079924,-0.02582407,0.200329228884091,0.21940915,0.048140377
2936,0,1,-0.19709814,-0.18469787,-0.4557891640930729,0.25869104,0.066921055
2937,0,1,0.43065846,0.32477725,0.3779156184108678,0.05274284,0.002781807
2938,0,1,-0.3576343,-0.3238474,-0.2057591640219676,0.15187514,0.023066057
2939,0,1,0.19730294,0.16481197,0.3178585786657943,0.12055564,0.014533662
2940,0,1,-0.30437183,-0.27879572,-0.1373700338391195,0.1670018,0.0278896
2941,0,1,0.13077152,0.109363794,0.2896761627619508,0.15890464,0.025250684
2942,0,1,-0.2790295,-0.25691628,-0.2443224185773755,0.03470707,0.0012045807
2943,0,1,0.23444045,0.19289148,0.2440604054129111,0.009619966,9.254375e-05
2944,0,1,-0.2374723,-0.22055912,-0.3316334019559359,0.09416109,0.008866311
2945,0,1,0.31718576,0.255427,0.2881000051114728,0.029085755,0.0008459812
2946,0,1,-0.27760577,-0.25567937,-0.412756113486272,0.13515034,0.018265616
2947,0,1,0.39197195,0.298581,0.4357114822160801,0.043739527,0.0019131462
2948,0,1,-0.40787077,-0.36498022,-0.2708003353193546,0.13707045,0.018788308
2949,0,1,0.2597462,0.21200287,0.0830213155955283,0.17672488,0.031231683
2950,0,1,-0.08633959,-0.0848788,-0.1809993107607359,0.094659716,0.008960462
2951,0,1,0.17330444,0.14543402,0.2190360277892715,0.04573159,0.0020913782
2952,0,1,-0.21442688,-0.20015073,-0.1022167012855952,0.11221018,0.012591124
2953,0,1,0.09631753,0.0790025,0.0192150494164822,0.07710248,0.0059447926
2954,0,1,-0.02338612,-0.029680371,-0.1807976212584032,0.1574115,0.024778381
2955,0,1,0.17310846,0.14527237,0.099132549282664,0.073975906,0.0054724347
2956,0,1,-0.10202658,-0.09879637,-0.0371767950524029,0.06484979,0.0042054947
2957,0,1,0.032281995,0.021091104,-0.0808997125596444,0.11318171,0.0128101
2958,0,1,0.075363636,0.060204625,-0.0947255566520901,0.17008919,0.02893033
2959,0,1,0.08895862,0.07242346,0.1455312461628639,0.05657263,0.0032004626
2960,0,1,-0.14587545,-0.13858843,-0.2308080566456092,0.084932595,0.007213546
2961,0,1,0.22146189,0.18338048,0.2859968946532245,0.06453499,0.004164765
2962,0,1,-0.27570522,-0.25402617,-0.1984665971161325,0.07723862,0.005965804
2963,0,1,0.1902467,0.15920103,0.2240034688964221,0.033756763,0.001139519
2964,0,1,-0.21901405,-0.2042265,-0.1603027451230738,0.058711305,0.0034470174
2965,0,1,0.15316308,0.12858999,0.2488164613403325,0.095653385,0.00914957
2966,0,1,-0.24183345,-0.22440195,-0.3411639775970592,0.099330515,0.0098665515
2967,0,1,0.32608616,0.26147234,0.267118854092949,0.058967322,0.003477145
2968,0,1,-0.25856256,-0.23907912,-0.3718149865248659,0.11325243,0.012826113
2969,0,1,0.35451233,0.27898347,0.4024943615791445,0.047982037,0.002302276
2970,0,1,-0.37912452,-0.34165013,-0.4493739638436842,0.07024944,0.004934984
2971,0,1,0.42493856,0.32209218,0.3500714811085437,0.07486707,0.0056050783
2972,0,1,-0.3330698,-0.303231,-0.363374641157536,0.03030485,0.0009183839
2973,0,1,0.3467158,0.27448738,0.3330001437330276,0.013715655,0.00018811919
2974,0,1,-0.31789756,-0.29035842,-0.2806796692645854,0.037217885,0.001385171
2975,0,1,0.26914346,0.2195183,0.1521934331013879,0.116950035,0.013677311
2976,0,1,-0.15213752,-0.14425325,-0.2010732532224752,0.04893574,0.0023947067
2977,0,1,0.19276989,0.16121662,0.2112387865924587,0.018468902,0.00034110033
2978,0,1,-0.20721447,-0.19372976,-0.1839888152280762,0.023225665,0.0005394315
2979,0,1,0.1762079,0.14782071,0.0802523516442506,0.09595555,0.009207468
2980,0,1,-0.08361089,-0.08248401,-0.0487194891832081,0.034891404,0.0012174101
2981,0,1,0.043666482,0.031467795,0.1040394261076884,0.06037294,0.003644892
2982,0,1,-0.10668206,-0.10302758,-0.1730408064499935,0.066358745,0.004403483
2983,0,1,0.16556776,0.13902032,0.1350022402465522,0.030565515,0.0009342507
2984,0,1,-0.13596058,-0.1296072,-0.199995901264713,0.064035326,0.004100523
2985,0,1,0.19172752,0.16038454,0.2616567965806886,0.06992927,0.004890103
2986,0,1,-0.25357974,-0.23471808,-0.3124744911354515,0.058894753,0.003468592
2987,0,1,0.299209,0.24256814,0.4397785745755016,0.14056957,0.019759804
2988,0,1,-0.4113661,-0.3677292,-0.3765732765474781,0.03479284,0.0012105417
2989,0,1,0.35889637,0.2813965,0.2839379754768403,0.074958414,0.0056187636
2990,0,1,-0.2738434,-0.25240576,-0.1649501293756625,0.108893275,0.011857745
2991,0,1,0.1576916,0.13241744,0.0323404743857682,0.12535113,0.015712906
2992,0,1,-0.036345243,-0.041011333,-0.0216022052626727,0.0147430375,0.00021735716
2993,0,1,0.016913772,0.0070581436,0.1176777975264609,0.10076403,0.01015339
2994,0,1,-0.119600415,-0.11476302,-0.0542615318021062,0.06533888,0.004269169
2995,0,1,0.049129605,0.03643942,-0.0890333570892678,0.13816297,0.019089006
2996,0,1,0.08336365,0.06740439,-0.0506107904102206,0.13397445,0.017949153
2997,0,1,0.045530677,0.033165336,-0.117400015859844,0.1629307,0.026546411
2998,0,1,0.11121607,0.092228055,0.0288206390926344,0.08239543,0.0067890063
2999,0,1,-0.032870293,-0.03796971,0.0922546179691663,0.1251249,0.01565624
3000,0,1,-0.09543443,-0.09285927,-0.220898514335708,0.12546408,0.015741237
3001,0,1,0.21191967,0.17617214,0.1960868485906981,0.015832812,0.00025067793
3002,0,1,-0.19315672,-0.18117154,-0.2807159081390362,0.08755919,0.0076666125
3003,0,1,0.2691778,0.21954596,0.2783001318678282,0.009122342,8.321712e-05
3004,0,1,-0.26873767,-0.24795604,-0.2636313919387065,0.0051062703,2.6073996e-05
3005,0,1,0.25291145,0.20645916,0.1697150576456476,0.08319639,0.0069216387
3006,0,1,-0.16856205,-0.15907931,-0.1054897191375654,0.06307234,0.0039781197
3007,0,1,0.09953165,0.081866145,-0.027967017813387,0.12749867,0.016255911
3008,0,1,0.023195028,0.012796879,-0.0085791123414395,0.03177414,0.001009596
3009,0,1,0.004057884,-0.0046896935,-0.048672335200367,0.052730218,0.002780476
3010,0,1,0.043619752,0.03142512,0.081901572202486,0.03828182,0.0014654978
3011,0,1,-0.08523607,-0.083910584,0.0352184207263439,0.12045449,0.014509284
3012,0,1,-0.03918636,-0.043498993,0.1608306965351975,0.20001705,0.04000682
3013,0,1,-0.16024232,-0.15157557,-0.0525361347180439,0.10770619,0.011600623
3014,0,1,0.047428846,0.034892082,0.0606054736153964,0.013176627,0.00017362351
3015,0,1,-0.06423974,-0.065475225,-0.1199834461429691,0.05574371,0.003107361
3016,0,1,0.11374819,0.09446323,0.2081802871397833,0.0944321,0.008917422
3017,0,1,-0.20438147,-0.191203,-0.2178801991926346,0.013498738,0.00018221594
3018,0,1,0.20900929,0.17393959,0.1511724003073096,0.05783689,0.0033451058
3019,0,1,-0.15117836,-0.14338589,-0.2436687777241633,0.09249042,0.008554478
3020,0,1,0.23381412,0.19243991,0.1450900029510566,0.08872412,0.00787197
3021,0,1,-0.14546049,-0.13821292,-0.1577013968879874,0.0122409165,0.00014984004
3022,0,1,0.1506275,0.12643635,0.1132619175466274,0.037365578,0.0013961864
3023,0,1,-0.115421176,-0.110967636,-0.0139741382462752,0.10144704,0.010291502
3024,0,1,0.009384155,0.00017797947,0.0871768593458865,0.077792704,0.0060517048
3025,0,1,-0.09043348,-0.08847189,0.0703574615804714,0.16079095,0.025853729
3026,0,1,-0.07385719,-0.07392001,0.1261328982809442,0.1999901,0.03999604
3027,0,1,-0.12759185,-0.1220175,-0.1358410452682219,0.008249193,6.8049194e-05
3028,0,1,0.12927568,0.108062744,-0.0204132631290645,0.14968894,0.02240678
3029,0,1,0.015740633,0.0059860945,0.0574160859378547,0.041675452,0.0017368433
3030,0,1,-0.061093092,-0.06271279,-0.1129974320435687,0.051904343,0.0026940608
3031,0,1,0.106898546,0.088409066,0.2371793965492992,0.13028085,0.0169731
3032,0,1,-0.23115134,-0.2149787,-0.1599759730002019,0.07117537,0.005065933
3033,0,1,0.15284479,0.12831986,0.1284414911428995,0.024403289,0.0005955205
3034,0,1,-0.12977147,-0.12399542,-0.1776468464911722,0.047875375,0.0022920514
3035,0,1,0.17004669,0.14274228,0.2344068243916901,0.06436014,0.004142228
3036,0,1,-0.22860098,-0.21272337,-0.0803683346164145,0.14823264,0.021972915
3037,0,1,0.074840784,0.059733033,0.093227963090446,0.018387176,0.00033808826
3038,0,1,-0.09639287,-0.09369981,-0.1566491738435051,0.060256302,0.003630822
3039,0,1,0.14960086,0.12556362,0.1111429835627795,0.038457878,0.0014790084
3040,0,1,-0.113414645,-0.109145045,-0.0729636965793754,0.040450945,0.001636279
3041,0,1,0.06755316,0.05315125,0.0191315092488606,0.04842165,0.0023446563
3042,0,1,-0.023303866,-0.029608488,-0.1120081537598911,0.08870429,0.007868451
3043,0,1,0.105927944,0.08754933,0.2072896492476539,0.10136171,0.010274196
3044,0,1,-0.2035557,-0.19046652,-0.2022059390199193,0.0013497621,1.8218577e-06
3045,0,1,0.19386637,0.16208875,0.325457653883612,0.13159129,0.017316267
3046,0,1,-0.31116807,-0.284616,-0.3159529231185212,0.0047848523,2.2894812e-05
3047,0,1,0.30248082,0.24496686,0.1209150659291162,0.18156576,0.032966126
3048,0,1,-0.12266159,-0.117542386,0.0407967304771434,0.16345832,0.026718622
3049,0,1,-0.044692993,-0.048324585,-0.0489853501047121,0.0042923577,1.8424334e-05
3050,0,1,0.043927908,0.031705856,0.1664286848816132,0.12250078,0.015006441
3051,0,1,-0.16548681,-0.15630686,0.0273316487015098,0.19281846,0.03717896
3052,0,1,-0.031400084,-0.036683917,-0.0047087167662951,0.026691368,0.0007124291
3053,0,1,0.00023663044,-0.008182526,-0.0162744604657127,0.01651109,0.0002726161
3054,0,1,0.011655092,0.0022529364,-0.0816649802514803,0.09332007,0.008708635
3055,0,1,0.07611644,0.060883284,0.1485888604796692,0.07247242,0.0052522523
3056,0,1,-0.14875054,-0.14119005,0.0440492311944746,0.19279978,0.037171755
3057,0,1,-0.0479033,-0.051139116,-0.1573513886890092,0.10944809,0.011978884
3058,0,1,0.15028608,0.12614644,0.1408579301309567,0.0094281435,8.888989e-05
3059,0,1,-0.1414777,-0.13460624,-0.1060250848191342,0.03545262,0.0012568882
3060,0,1,0.10005665,0.08233321,0.0647157495017574,0.035340898,0.001248979
3061,0,1,-0.06829405,-0.069034934,-0.1509522398954428,0.08265819,0.0068323757
3062,0,1,0.14404213,0.120815635,0.061245942656573,0.082796186,0.0068552084
3063,0,1,-0.06487131,-0.06602979,-0.1280392029358272,0.063167885,0.0039901817
3064,0,1,0.121640086,0.101397395,0.1604188001768201,0.038778707,0.0015037882
3065,0,1,-0.15985632,-0.151227,-0.1641219804000651,0.004265666,1.8195906e-05
3066,0,1,0.15688503,0.131737,-0.1093329568827881,0.26621798,0.07087201
3067,0,1,0.103303075,0.0852195,0.2251031109757242,0.121800035,0.014835249
3068,0,1,-0.22002876,-0.205127,-0.2021076885622386,0.017921075,0.00032116493
3069,0,1,0.193771,0.1620127,0.2158266519135387,0.02205564,0.0004864513
3070,0,1,-0.21146035,-0.19751143,-0.2514654724116305,0.040005118,0.0016004094
3071,0,1,0.24128401,0.1977588,0.2398994067514979,0.001384601,1.91712e-06
3072,0,1,-0.23365128,-0.21718752,-0.132466436335479,0.101184845,0.010238373
3073,0,1,0.12597382,0.105186105,0.2429011521315074,0.116927326,0.013672
3074,0,1,-0.236408,-0.2196207,-0.3544912950584273,0.1180833,0.013943666
3075,0,1,0.33848417,0.26947582,0.364688551238719,0.026204377,0.0006866694
3076,0,1,-0.34599364,-0.31411278,-0.4682711332940463,0.1222775,0.014951787
3077,0,1,0.441738,0.32789648,0.3918109530698579,0.049927056,0.002492711
3078,0,1,-0.3698063,-0.33395743,-0.3237358145634987,0.046070486,0.0021224897
3079,0,1,0.30978858,0.25023425,0.2912623657154551,0.018526226,0.00034322107
3080,0,1,-0.28046095,-0.2581601,-0.3047370449870292,0.024276078,0.00058932794
3081,0,1,0.2919184,0.23713815,0.2066047478271608,0.08531365,0.0072784186
3082,0,1,-0.20292056,-0.18989956,-0.0904180482765157,0.11250251,0.012656814
3083,0,1,0.0847249,0.06862676,0.0008544966899037,0.0838704,0.0070342445
3084,0,1,-0.005256295,-0.013201714,0.1409445819402435,0.14620088,0.021374697
3085,0,1,-0.141559,-0.13468027,-0.1115128346408282,0.030046172,0.0009027725
3086,0,1,0.105442286,0.087118626,0.0433316839121571,0.062110603,0.003857727
3087,0,1,-0.047195077,-0.050517917,-0.1338339658148164,0.08663888,0.007506296
3088,0,1,0.12731194,0.10635364,0.1399062846533805,0.012594342,0.00015861746
3089,0,1,-0.14058125,-0.13379467,-0.1733623581979617,0.03278111,0.0010746011
3090,0,1,0.16588008,0.13928044,0.3834881107520222,0.21760803,0.047353256
3091,0,1,-0.36252248,-0.32791603,-0.4620579183127336,0.099535435,0.009907302
3092,0,1,0.43623126,0.3265499,0.523697840377294,0.0874666,0.0076504056
3093,0,1,-0.48228395,-0.41900158,-0.5672390659760043,0.084955096,0.0072173686
3094,0,1,0.52711594,0.26418102,0.4638382074460059,0.06327772,0.00400407
3095,0,1,-0.43193603,-0.38365746,-0.3823773790552618,0.04955864,0.0024560587
3096,0,1,0.3642341,0.28421247,0.3307175700506428,0.033516526,0.0011233576
3097,0,1,-0.315863,-0.28862405,-0.5556374363202561,0.2397744,0.057491764
3098,0,1,0.51734793,0.28759325,0.4748677716798546,0.04248017,0.001804565
3099,0,1,-0.44130325,-0.390334,-0.360622537951113,0.08068073,0.00650938
3100,0,1,0.3441683,0.27296412,0.3944632375436405,0.050294936,0.0025295806
3101,0,1,-0.37212288,-0.33587396,-0.3333607132236353,0.038762182,0.0015025068
3102,0,1,0.3188008,0.25654113,0.3752875550483525,0.056486756,0.0031907535
3103,0,1,-0.35532546,-0.3219216,-0.2599554987969086,0.095369965,0.00909543
3104,0,1,0.24940193,0.2035898,-0.0402759490723978,0.2896779,0.08391328
3105,0,1,0.035339355,0.023879766,0.001070871269398,0.034268484,0.001174329
3106,0,1,-0.0054701567,-0.013396621,0.0394581362778208,0.044928294,0.0020185516
3107,0,1,-0.043371797,-0.047166467,-0.0669622903282338,0.02359049,0.0005565112
3108,0,1,0.0616436,0.047801018,0.0794858527814745,0.017842256,0.00031834608
3109,0,1,-0.082855344,-0.08182073,-0.1239798440388686,0.0411245,0.0016912245
3110,0,1,0.11766422,0.09790945,0.0318028135837553,0.0858614,0.00737218
3111,0,1,-0.035814404,-0.040546417,-0.0721656808651181,0.03635128,0.0013214154
3112,0,1,0.066767335,0.052440405,0.3168998227444926,0.2501325,0.062566265
3113,0,1,-0.3035133,-0.2780589,-0.2532463116786276,0.05026698,0.0025267694
3114,0,1,0.24298775,0.19895351,0.2827979857772462,0.03981024,0.0015848553
3115,0,1,-0.2728119,-0.25150764,-0.3897433201765368,0.11693144,0.013672961
3116,0,1,0.37099063,0.2875756,0.3564206868974005,0.014569938,0.00021228309
3117,0,1,-0.33869147,-0.30797374,-0.3660022018523743,0.027310729,0.00074587594
3118,0,1,0.3491453,0.27591574,0.1163756476742701,0.23276964,0.054181706
3119,0,1,-0.11836815,-0.1136446,-0.0438572573867146,0.07451089,0.0055518723
3120,0,1,0.03887129,0.027099729,0.0187773752413837,0.020093912,0.0004037653
3121,0,1,-0.022953987,-0.029302955,-0.0144170011970301,0.008536986,7.288013e-05
3122,0,1,0.009821296,0.00057697296,0.0866254996626161,0.076804206,0.005898886
3123,0,1,-0.08989036,-0.08799565,-0.0997540438584869,0.009863682,9.729223e-05
3124,0,1,0.09389889,0.07684302,0.1157396634630401,0.021840774,0.00047701938
3125,0,1,-0.1177665,-0.11309755,-0.266736652865341,0.14897016,0.022192108
3126,0,1,0.25587356,0.20886958,0.1178145466894928,0.13805902,0.019060293
3127,0,1,-0.11972976,-0.11488068,0.0462934295089851,0.1660232,0.0275637
3128,0,1,-0.050118208,-0.05308175,-0.0596018928895105,0.009483684,8.994026e-05
3129,0,1,0.054392815,0.041222453,0.1055685388293705,0.05117572,0.0026189545
3130,0,1,-0.10813224,-0.104344964,-0.2010026582940705,0.092870414,0.008624914
3131,0,1,0.19270146,0.16116202,0.1140678778102903,0.078633584,0.0061832406
3132,0,1,-0.116184235,-0.1116606,0.0299321329014652,0.14611636,0.02134999
3133,0,1,-0.033967614,-0.03893006,-0.0961989083459331,0.062231295,0.003872734
3134,0,1,0.090406656,0.0737195,0.0685553034654382,0.021851353,0.00047748163
3135,0,1,-0.072080374,-0.07235956,0.0066414766163063,0.07872185,0.00619713
3136,0,1,-0.0109705925,-0.018421173,-0.1497545811394094,0.13878399,0.019260997
3137,0,1,0.14287293,0.119812965,0.0512764794044295,0.091596454,0.008389911
3138,0,1,-0.05503559,-0.057395816,0.0910235437619819,0.14605913,0.021333268
3139,0,1,-0.09422219,-0.09179616,-0.0503473508529175,0.043874837,0.0019250014
3140,0,1,0.045271277,0.032928586,-0.0712415431813167,0.11651282,0.013575237
3141,0,1,0.06585765,0.051616907,0.0759909992648524,0.010133348,0.00010268475
3142,0,1,-0.07941103,-0.078796625,-0.0401686571855417,0.039242372,0.0015399638
3143,0,1,0.035233974,0.023782969,-0.0009586570280439,0.036192633,0.0013099067
3144,0,1,-0.003465891,-0.011565685,0.0782411333161998,0.08170702,0.006676038
3145,0,1,-0.08162868,-0.08074367,0.0107378691702051,0.09236655,0.008531579
3146,0,1,-0.015015602,-0.022114396,-0.0855497454305749,0.07053414,0.0049750647
3147,0,1,0.07993758,0.064324856,0.1854436353481074,0.10550606,0.011131529
3148,0,1,-0.18324971,-0.17228973,0.064477238157824,0.24772695,0.06136864
3149,0,1,-0.06805849,-0.06882846,0.0373768596690455,0.10543535,0.011116613
3150,0,1,-0.041317344,-0.04536605,-0.0107086001377902,0.030608743,0.0009368952
3151,0,1,0.00616014,-0.002768755,-0.0324436232153859,0.038603764,0.0014902506
3152,0,1,0.027612448,0.016829848,-0.0262560515494636,0.0538685,0.002901815
3153,0,1,0.021506667,0.011254549,-0.0399852053797966,0.061491873,0.0037812504
3154,0,1,0.035052538,0.023617744,-0.0175211264887862,0.052573666,0.0027639903
3155,0,1,0.012885809,0.0033774376,0.0789559643802646,0.066070154,0.0043652654
3156,0,1,-0.082333565,-0.08136237,-0.1645405763995964,0.08220701,0.0067579923
3157,0,1,0.15729249,0.13208115,0.252949631968167,0.09565714,0.009150288
3158,0,1,-0.2456199,-0.22773206,-0.2519292531061887,0.0063093603,3.9808026e-05
3159,0,1,0.24172771,0.19806993,0.3572780726165876,0.11555037,0.013351887
3160,0,1,-0.3394494,-0.308612,-0.4393358181258022,0.09988642,0.009977296
3161,0,1,0.4159547,0.3163334,0.3767683389050809,0.03918636,0.0015355707
3162,0,1,-0.35662663,-0.32300687,-0.1130460771654546,0.24358055,0.059331484
3163,0,1,0.10694599,0.088451385,0.2363472175250012,0.12940122,0.016744677
3164,0,1,-0.23038614,-0.21430242,0.0446712909111912,0.27505744,0.07565659
3165,0,1,-0.048517227,-0.051677346,-0.1961229387493939,0.14760572,0.021787448
3166,0,1,0.18797624,0.15738046,-0.0406524448077305,0.2286287,0.05227108
3167,0,1,0.035710573,0.024218082,-0.0878964460521729,0.12360702,0.015278694
3168,0,1,0.08224559,0.06639981,0.0444717886384602,0.0377738,0.0014268599
3169,0,1,-0.048320293,-0.05150497,-0.1562462277418304,0.10792594,0.011648008
3170,0,1,0.14920807,0.12522912,0.1970047645359989,0.047796696,0.0022845243
3171,0,1,-0.1940099,-0.18193507,-0.0381840649094471,0.15582584,0.024281692
3172,0,1,0.03327608,0.021997571,0.1360141013544977,0.10273802,0.010555102
3173,0,1,-0.13691437,-0.13047206,-0.0390922587654116,0.097822115,0.009569166
3174,0,1,0.0341717,0.02281487,-0.1575304555788668,0.19170216,0.036749717
3175,0,1,0.1504606,0.1262945,-0.0551985287694456,0.20565912,0.042295676
3176,0,1,0.05005312,0.037279367,-0.0677428653430609,0.11779598,0.013875893
3177,0,1,0.06241238,0.048497796,0.1600184246023281,0.09760605,0.009526941
3178,0,1,-0.15948081,-0.15088809,0.0519998538702821,0.21148066,0.04472407
3179,0,1,-0.055750012,-0.05802262,-0.0963809092240135,0.0406309,0.00165087
3180,0,1,0.09058523,0.07387984,0.1049373752696685,0.014352143,0.000205984
3181,0,1,-0.10753369,-0.10380113,0.051981069891787,0.15951476,0.025444956
3182,0,1,-0.055731058,-0.05800605,0.0582744360178215,0.11400549,0.012997252
3183,0,1,-0.06194055,-0.063456655,-0.0218916521441006,0.040048897,0.0016039142
3184,0,1,0.017199397,0.007319927,-0.0023900119531778,0.01958941,0.00038374495
3185,0,1,-0.0020525455,-0.010274053,-0.0717115794271885,0.06965903,0.0048523806
3186,0,1,0.06632018,0.052036405,-0.0451841288827017,0.11150431,0.012433211
3187,0,1,0.040180445,0.028292418,0.1512559108473026,0.11107546,0.012337758
3188,0,1,-0.1512568,-0.1434573,-0.0728820363838531,0.078374766,0.0061426037
3189,0,1,0.067472816,0.053078175,0.1769425883275166,0.10946977,0.011983631
3190,0,1,-0.17531812,-0.16516197,-0.1400282721057395,0.035289854,0.0012453737
3191,0,1,0.13337064,0.11161876,0.2110588359294862,0.0776882,0.006035457
3192,0,1,-0.20704794,-0.19358087,-0.0959261237883208,0.11112182,0.012348059
3193,0,1,0.09013808,0.07347989,0.2038228494464486,0.11368477,0.012924228
3194,0,1,-0.20034051,-0.18759573,-0.1757024496125039,0.024638057,0.00060703384
3195,0,1,0.16815603,0.1411742,0.1453778474551414,0.022778183,0.0005188456
3196,0,1,-0.14573109,-0.1384579,-0.2311808367671606,0.08544974,0.007301658
3197,0,1,0.22182047,0.18364727,0.1311879720526716,0.0906325,0.00821425
3198,0,1,-0.13236356,-0.12634623,-0.1941812880020772,0.061817735,0.0038214324
3199,0,1,0.18609512,0.15586555,0.1342168829445325,0.05187823,0.0026913506
3200,0,1,-0.13522053,-0.12893605,-0.2363238084230474,0.101103276,0.0102218725
3201,0,1,0.22676408,0.18730795,0.2147436264370863,0.012020454,0.0001444913
3202,0,1,-0.21045828,-0.19661975,-0.1001841213586158,0.11027416,0.01216039
3203,0,1,0.09432125,0.07721996,0.3977940570509599,0.30347282,0.09209575
3204,0,1,-0.37502933,-0.33827436,-0.430485862197244,0.05545655,0.0030754288
3205,0,1,0.4080001,0.31079304,0.5325187344360349,0.12451863,0.01550489
3206,0,1,-0.48960137,-0.42402792,-0.4566137850103438,0.032987595,0.0010881814
3207,0,1,0.4313923,0.32503355,0.3225037492191995,0.10888857,0.01185672
3208,0,1,-0.30852818,-0.2823571,-0.1439426073464627,0.16458558,0.027088411
3209,0,1,0.1371963,0.11492813,0.0161552063023762,0.1210411,0.014650947
3210,0,1,-0.020364404,-0.02699709,-0.2324915666489229,0.21212716,0.044997934
3211,0,1,0.22308075,0.18458545,0.2579079624651708,0.034827203,0.001212934
3212,0,1,-0.2501551,-0.23171544,-0.267626055035016,0.017470956,0.0003052343
3213,0,1,0.25672114,0.20955694,0.3324497252582266,0.075728595,0.00573482
3214,0,1,-0.31740737,-0.2899407,-0.3490022028748762,0.031594843,0.000998234
3215,0,1,0.3333851,0.2662469,0.2530391605117843,0.08034596,0.006455473
3216,0,1,-0.24570131,-0.22780395,-0.2449738996952428,0.0007274151,5.291327e-07
3217,0,1,0.23506534,0.1933397,0.4078751940741918,0.17280984,0.02986324
3218,0,1,-0.38380468,-0.34549773,-0.3553230688119266,0.028481603,0.0008112017
3219,0,1,0.3392557,0.26995647,0.1784570198761026,0.16079867,0.025856212
3220,0,1,-0.17673242,-0.16643381,-0.0951842727271028,0.08154815,0.0066501005
3221,0,1,0.08940923,0.07282746,0.1394957436501616,0.050086513,0.002508659
3222,0,1,-0.1401949,-0.13344455,-0.2288187879247722,0.088623896,0.007854195
3223,0,1,0.21954787,0.18194854,0.2198194403845417,0.00027157366,7.3752254e-08
3224,0,1,-0.21515095,-0.20079398,-0.2326318302989525,0.01748088,0.00030558117
3225,0,1,0.2232157,0.18468606,0.3515731932581392,0.1283575,0.016475648
3226,0,1,-0.3344003,-0.3043549,-0.3441447426330581,0.009744436,9.4954026e-05
3227,0,1,0.32886422,0.26331007,0.0012196326455564,0.3276446,0.107350975
3228,0,1,-0.0056169033,-0.013531089,-0.1300953405716818,0.124478444,0.015494883
3229,0,1,0.12365329,0.10315931,0.1830618374565873,0.059408545,0.0035293752
3230,0,1,-0.18102932,-0.1702956,0.0141560624964018,0.19518538,0.038097333
3231,0,1,-0.018390656,-0.025195599,0.1766268063695666,0.19501746,0.03803181
3232,0,1,-0.17502344,-0.16489637,-0.3003503451446698,0.1253269,0.015706832
3233,0,1,0.28777754,0.23400462,0.156846258142475,0.13093129,0.017143002
3234,0,1,-0.15650511,-0.14820099,-0.1724564994912609,0.015951395,0.000254447
3235,0,1,0.16499937,0.13854635,0.3480770834879598,0.18307772,0.033517454
3236,0,1,-0.3313012,-0.30173576,-0.4592951597219536,0.12799394,0.016382448
3237,0,1,0.4337772,0.32581842,0.3210443416322273,0.11273286,0.0127086975
3238,0,1,-0.30722296,-0.28123975,-0.4032879315533031,0.096064955,0.009228475
3239,0,1,0.38336313,0.29308522,0.3071181112199468,0.07624501,0.0058133015
3240,0,1,-0.2947389,-0.27051198,-0.1600583339958241,0.13468055,0.018138852
3241,0,1,0.1529249,0.12838769,0.2518215057609703,0.09889662,0.009780542
3242,0,1,-0.2445867,-0.2268244,-0.1976247390132075,0.046961963,0.0022054259
3243,0,1,0.18943131,0.15854824,0.312755708957509,0.123324394,0.0152089065
3244,0,1,-0.29979908,-0.27486813,-0.2193128697973645,0.08048621,0.00647803
3245,0,1,0.21039116,0.17500103,0.1854891644336949,0.024902001,0.00062010967
3246,0,1,-0.18329215,-0.17232752,-0.0543001150433963,0.12899204,0.016638946
3247,0,1,0.049167395,0.03647399,0.0383927858834702,0.010774609,0.00011609219
3248,0,1,-0.042320132,-0.04624462,0.0141151075577667,0.05643524,0.0031849362
3249,0,1,-0.018350363,-0.025158763,-0.1003028439752846,0.08195248,0.0067162095
3250,0,1,0.09443784,0.07732415,0.0018497780771131,0.09258806,0.008572549
3251,0,1,-0.0062389374,-0.01409924,-0.0371427035232407,0.030903768,0.00095504284
3252,0,1,0.032248855,0.021060228,-0.0704190299502365,0.10266788,0.010540694
3253,0,1,0.06504774,0.050884128,-0.0984073106710581,0.16345505,0.026717555
3254,0,1,0.09257603,0.075660706,0.1058476414784432,0.013271615,0.00017613576
3255,0,1,-0.10839689,-0.10458565,-0.15011258939077,0.041715696,0.0017401993
3256,0,1,0.14322257,0.12011266,0.2111520330930998,0.06792946,0.004614412
3257,0,1,-0.20713401,-0.19365776,-0.2118722154574459,0.0047382116,2.245065e-05
3258,0,1,0.20321071,0.16944706,0.2936108657569389,0.09040016,0.008172189
3259,0,1,-0.2825805,-0.25999856,-0.4004583692284318,0.11787787,0.013895192
3260,0,1,0.38078415,0.29200995,0.4407821497845956,0.059998006,0.0035997606
3261,0,1,-0.41222787,-0.36840606,-0.3534856751039787,0.058742195,0.0034506456
3262,0,1,0.33755052,0.2688917,0.2450281425344942,0.09252238,0.008560391
3263,0,1,-0.23836005,-0.2213422,-0.1542608097473892,0.08409923,0.007072681
3264,0,1,0.14727092,0.123577476,0.086069230186224,0.061201684,0.0037456462
3265,0,1,-0.08934224,-0.0875144,-0.094151380728793,0.004809141,2.3127839e-05
3266,0,1,0.0883944,0.07191765,0.1077623322401049,0.019367926,0.00037511656
3267,0,1,-0.11021221,-0.10623467,-0.2004109987644378,0.090198785,0.008135821
3268,0,1,0.19212878,0.16070521,0.0318523942641038,0.16027638,0.02568852
3269,0,1,-0.03586352,-0.04058945,-0.1113193191021055,0.0754558,0.0056935777
3270,0,1,0.105252266,0.086949944,-0.0371067263825726,0.14235899,0.020266082
3271,0,1,0.03221345,0.02102828,-0.0659221052954945,0.09813555,0.009630587
3272,0,1,0.060619235,0.04687226,0.0113516510379632,0.049267583,0.0024272946
3273,0,1,-0.015621543,-0.022668004,-0.0332667044484711,0.017645162,0.00031135173
3274,0,1,0.02842474,0.017570853,-0.1938195305519721,0.22224428,0.049392518
3275,0,1,0.18574464,0.15558231,0.0044480216432618,0.18129662,0.032868464
3276,0,1,-0.008804679,-0.016442537,-0.0517499943214594,0.042945314,0.0018443
3277,0,1,0.046653986,0.03418696,0.0538403906485553,0.0071864054,5.1644423e-05
3278,0,1,-0.05756557,-0.05961609,-0.0709094918890969,0.013343923,0.00017806028
3279,0,1,0.06553054,0.051321387,0.105993057140918,0.040462516,0.0016372153
3280,0,1,-0.108534575,-0.10471094,-0.2668647485276909,0.15833017,0.025068443
3281,0,1,0.25599587,0.20896828,0.3777911602158286,0.1217953,0.014834094
3282,0,1,-0.35752463,-0.32375574,-0.2105069984248895,0.14701763,0.021614183
3283,0,1,0.20189178,0.16841733,0.0640260801809891,0.13786569,0.019006949
3284,0,1,-0.06761348,-0.06843746,-0.0176641043342111,0.049949378,0.0024949403
3285,0,1,0.013026476,0.0035065413,0.0092252816139695,0.003801194,1.4449076e-05
3286,0,1,-0.013522029,-0.020750761,-0.0705846213338206,0.057062596,0.0032561398
3287,0,1,0.06521046,0.051031828,0.1071100667252067,0.041899607,0.001755577
3288,0,1,-0.10959363,-0.105673075,-0.1413201986420416,0.03172657,0.0010065752
3289,0,1,0.13463354,0.11271191,0.1198427849740655,0.0147907585,0.00021876654
3290,0,1,-0.121647954,-0.11662221,-0.0613006916313989,0.060347263,0.003641792
3291,0,1,0.056066513,0.04274237,0.0649013558611391,0.008834846,7.805451e-05
3292,0,1,-0.068477035,-0.06919539,-0.0630144160026422,0.0054626167,2.9840181e-05
3293,0,1,0.057754517,0.044274926,0.0913096686882934,0.03355515,0.001125948
3294,0,1,-0.09450424,-0.09204304,-0.0850000970263578,0.009504139,9.0328664e-05
3295,0,1,0.07939696,0.063837886,0.0505403071551822,0.028856657,0.0008327067
3296,0,1,-0.054309368,-0.056758523,-0.1127596050670705,0.058450237,0.0034164302
3297,0,1,0.106665015,0.088202,0.2066542862977447,0.099989265,0.009997853
3298,0,1,-0.20296681,-0.18994081,-0.1909346047018949,0.012032211,0.0001447741
3299,0,1,0.18294752,0.15331924,0.2252956491374751,0.04234813,0.0017933643
3300,0,1,-0.22020638,-0.20528495,-0.2587912195919486,0.03858483,0.001488789
3301,0,1,0.24828947,0.20267713,0.1702503392902017,0.078039125,0.006090105
3302,0,1,-0.16906333,-0.15953064,-0.3383392948241075,0.16927597,0.028654354
3303,0,1,0.32345092,0.25970662,0.2536824111700324,0.06976852,0.004867646
3304,0,1,-0.24629009,-0.22832143,-0.2177742569008587,0.02851583,0.0008131526
3305,0,1,0.20890725,0.17386115,0.1140722332490697,0.09483501,0.00899368
3306,0,1,-0.11618841,-0.11166453,0.0046860793391674,0.12087449,0.014610642
3307,0,1,-0.009040117,-0.016657352,0.062323494793641,0.07136361,0.005092765
3308,0,1,-0.06593442,-0.06696308,-0.0340232198597056,0.031911198,0.0010183245
3309,0,1,0.02917087,0.018252254,-0.040847461520743,0.070018336,0.0049025672
3310,0,1,0.035902858,0.02439344,0.0182741910778769,0.017628666,0.00031076986
3311,0,1,-0.022457123,-0.028869152,0.0076410425855399,0.030098166,0.0009058996
3312,0,1,-0.011957645,-0.019322515,0.1015127354534022,0.11347038,0.012875528
3313,0,1,-0.104285,-0.10084927,-0.1331716731697432,0.028886676,0.00083444006
3314,0,1,0.12666416,0.10578859,0.1967577147009078,0.07009356,0.0049131066
3315,0,1,-0.19377995,-0.18172956,-0.1796316387787224,0.01414831,0.00020017468
3316,0,1,0.17197526,0.1443373,0.0087029521396015,0.1632723,0.026657846
3317,0,1,-0.013005972,-0.020279884,-0.1520577911807856,0.13905182,0.01933541
3318,0,1,0.14512134,0.12173927,0.326217095173525,0.18109575,0.03279567
3319,0,1,-0.3118465,-0.2851956,-0.3292708870334353,0.017424405,0.00030360988
3320,0,1,0.31497467,0.25389063,0.2284923248318577,0.086482346,0.007479196
3321,0,1,-0.22315419,-0.20789945,-0.1548518768898543,0.0683023,0.004665205
3322,0,1,0.14784777,0.12406933,0.2378386299916208,0.089990854,0.008098354
3323,0,1,-0.23175704,-0.21551454,-0.1364963791451374,0.095260665,0.009074594
3324,0,1,0.12991655,0.10862088,-0.0042985597809164,0.1342151,0.018013693
3325,0,1,-0.00016844273,-0.008551955,0.0268233224558265,0.026991766,0.00072855543
3326,0,1,-0.03089869,-0.036245227,-0.0780783741148773,0.047179684,0.0022259227
3327,0,1,0.07258725,0.0576998,0.1135723552409522,0.0409851,0.0016797784
3328,0,1,-0.115715146,-0.11123419,-0.1124447133659853,0.0032704324,1.0695728e-05
3329,0,1,0.106355906,0.08792865,0.1194026788666076,0.013046771,0.00017021823
3330,0,1,-0.121231794,-0.116244316,-0.0599282928415145,0.0613035,0.0037581192
3331,0,1,0.054714203,0.041514754,-0.0632684668973684,0.11798267,0.01391991
3332,0,1,0.058005095,0.0445019,0.0636783766942725,0.005673282,3.2186126e-05
3333,0,1,-0.067270756,-0.06813657,0.020647630379327,0.087918386,0.0077296426
3334,0,1,-0.024800539,-0.030915499,0.1200215245864173,0.14482206,0.02097343
3335,0,1,-0.12181687,-0.11677539,-0.1784419480542634,0.05662507,0.0032063983
3336,0,1,0.17081916,0.14338243,-0.0327597131068795,0.20357887,0.041444357
3337,0,1,0.027924895,0.017114162,0.0070678964359178,0.020856999,0.0004350144
3338,0,1,-0.01139164,-0.018805385,0.1189622494424527,0.1303539,0.016992139
3339,0,1,-0.12081516,-0.115865946,0.0311006382127234,0.15191579,0.023078406
3340,0,1,-0.035121202,-0.03993976,-0.1432617970636418,0.10814059,0.011694387
3341,0,1,0.13653111,0.11435294,0.0916655285984289,0.044865586,0.0020129208
3342,0,1,-0.094854474,-0.092350125,-0.1380677970317201,0.043213323,0.0018673913
3343,0,1,0.13145351,0.10995638,0.0565223065017592,0.074931204,0.0056146854
3344,0,1,-0.06021166,-0.061938763,0.0394158112226508,0.099627465,0.009925632
3345,0,1,-0.04333031,-0.047129393,-0.1788389275298274,0.13550861,0.018362584
3346,0,1,0.17120564,0.14370072,0.1688225553766706,0.002383083,5.679085e-06
3347,0,1,-0.16772735,-0.15832675,0.0117810111438207,0.17950836,0.03222325
3348,0,1,-0.016045451,-0.023055196,-0.0938195012332849,0.07777405,0.0060488023
3349,0,1,0.08806825,0.07162595,0.1078596125021353,0.019791365,0.00039169812
3350,0,1,-0.11030388,-0.106318355,-0.0978782158806614,0.012425661,0.00015439706
3351,0,1,0.092056274,0.07519603,0.1734735370912388,0.08141726,0.006628771
3352,0,1,-0.1720773,-0.16224515,-0.080816436108865,0.091260865,0.008328546
3353,0,1,0.07528162,0.060130715,0.1045541922734183,0.029272571,0.0008568834
3354,0,1,-0.10717046,-0.1034714,-0.1124984141745661,0.005327955,2.8387103e-05
3355,0,1,0.106408715,0.08797526,0.1950971663669658,0.08868845,0.007865641
3356,0,1,-0.19223678,-0.18034756,-0.1136394278868613,0.07859735,0.0061775437
3357,0,1,0.10752821,0.088967204,0.1070712415689203,0.00045696646,2.0881835e-07
3358,0,1,-0.10955691,-0.105639935,0.0590908468820465,0.16864777,0.02844207
3359,0,1,-0.06274569,-0.06416321,-0.0780943328372298,0.015348643,0.00023558084
3360,0,1,0.07260311,0.057714224,0.0386604849708536,0.03394262,0.0011521016
3361,0,1,-0.042584658,-0.046476245,0.0296794661248687,0.07226412,0.005222103
3362,0,1,-0.033718467,-0.038711667,-0.0873425103725986,0.05362404,0.0028755378
3363,0,1,0.08170128,0.06591022,0.3003916811350782,0.2186904,0.04782549
3364,0,1,-0.2886902,-0.26528955,-0.2976971552535301,0.009006947,8.11251e-05
3365,0,1,0.28527033,0.23209131,0.3725677252216786,0.08729738,0.0076208324
3366,0,1,-0.35293412,-0.31992412,-0.3685720236147278,0.015637904,0.00024454406
3367,0,1,0.3515197,0.27728832,0.2873475161167242,0.06417218,0.0041180686
3368,0,1,-0.27692568,-0.25508797,-0.3018802650045742,0.024954587,0.0006227314
3369,0,1,0.28922236,0.23510182,0.3167903716381797,0.027568012,0.0007599953
3370,0,1,-0.3034153,-0.2779746,-0.3401813913457858,0.036766082,0.0013517448
3371,0,1,0.32516992,0.2608608,0.3006035516610967,0.024566382,0.00060350716
3372,0,1,-0.28888083,-0.26545405,-0.3930428199742921,0.10416201,0.010849724
3373,0,1,0.37401092,0.2890011,0.2444843632925726,0.12952656,0.016777128
3374,0,1,-0.2378614,-0.22090244,-0.2368924181092355,0.0009689778,9.38918e-07
3375,0,1,0.2273103,0.18770921,0.1734260668867333,0.053884238,0.002903511
3376,0,1,-0.17203271,-0.16220498,-0.2539628916542542,0.08193019,0.006712556
3377,0,1,0.24367368,0.19943202,0.0852762537851927,0.15839744,0.025089748
3378,0,1,-0.08856106,-0.08682895,-0.214317848779624,0.12575679,0.015814768
3379,0,1,0.20557177,0.1712836,0.1586165179430934,0.046955258,0.0022047963
3380,0,1,-0.15816581,-0.14970088,-0.0883791498181898,0.06978666,0.004870178
3381,0,1,0.0827204,0.06682646,0.2361913341695529,0.15347093,0.023553327
3382,0,1,-0.23024285,-0.21417558,-0.1872797534503241,0.042963088,0.0018458269
3383,0,1,0.179402,0.15043521,-0.0149237789299445,0.19432577,0.037762508
3384,0,1,0.010321498,0.0010347366,-0.0533007877138338,0.06362228,0.0040477947
3385,0,1,0.048182487,0.03557825,0.1249656396415923,0.07678315,0.0058956523
3386,0,1,-0.12648916,-0.12101698,-0.252745993496509,0.12625682,0.015940785
3387,0,1,0.24250972,0.1986183,0.3238122609670919,0.08130252,0.0066101
3388,0,1,-0.30969787,-0.28335798,-0.2552947847265683,0.054403096,0.0029596968
3389,0,1,0.24494755,0.20031917,0.3643842651384388,0.11943671,0.014265128
3390,0,1,-0.3457253,-0.31388772,-0.3612382281712258,0.015512943,0.00024065141
3391,0,1,0.3447386,0.2733072,0.5001340858664898,0.15539551,0.024147764
3392,0,1,-0.46260822,-0.4053476,-0.3323954558295785,0.13021275,0.01695536
3393,0,1,0.31789815,0.25591958,0.2909184494492332,0.026979715,0.000727905
3394,0,1,-0.28015113,-0.25789034,-0.3907004114462089,0.11054927,0.012221142
3395,0,1,0.37186706,0.2879945,0.3537084003165736,0.018158674,0.00032973746
3396,0,1,-0.33629107,-0.30595076,-0.5607328395579052,0.22444177,0.050374106
3397,0,1,0.5216464,0.2775625,0.566586404620091,0.044939995,0.002019603
3398,0,1,-0.5175768,-0.4430182,-0.5050329344600344,0.012543857,0.00015734835
3399,0,1,0.4739796,0.32627308,0.2955109490051357,0.17846864,0.031851057
3400,0,1,-0.2842939,-0.2614839,-0.3078654062060284,0.023571521,0.0005556166
3401,0,1,0.2948681,0.23934853,0.377179506446972,0.08231139,0.0067751654
3402,0,1,-0.3569876,-0.3233081,-0.1750594011541559,0.18192819,0.033097867
3403,0,1,0.16753137,0.14065456,0.0043643442148511,0.16316703,0.02662348
3404,0,1,-0.008721948,-0.016366959,0.1400177738657919,0.14873973,0.022123506
3405,0,1,-0.14068615,-0.1338898,-0.2089265700063511,0.06824042,0.004656755
3406,0,1,0.20036519,0.16722095,0.0710824544098052,0.12928273,0.016714023
3407,0,1,-0.074572325,-0.07454753,-0.0137419245337888,0.0608304,0.0037003376
3408,0,1,0.009154797,-3.1232834e-05,0.0194358215025454,0.0102810245,0.000105699466
3409,0,1,-0.023604035,-0.02987063,-0.106735248879473,0.08313122,0.006910799
3410,0,1,0.100753665,0.08295417,0.1146610439313684,0.01390738,0.00019341522
3411,0,1,-0.11674571,-0.112170696,-0.0613774860513889,0.055368226,0.0030656403
3412,0,1,0.056141973,0.042811513,0.26053017889537,0.2043882,0.041774537
3413,0,1,-0.25255084,-0.23381627,-0.3203476015684665,0.06779677,0.0045964015
3414,0,1,0.3066095,0.2479583,0.3336442943166531,0.02703479,0.00073087984
3415,0,1,-0.31847155,-0.29084718,-0.2711891377301729,0.047282428,0.002235628
3416,0,1,0.26011646,0.2123009,0.3176588047863899,0.057542354,0.0033111225
3417,0,1,-0.30419326,-0.27864206,-0.250763962828241,0.053429306,0.0028546907
3418,0,1,0.24061286,0.19728577,0.4042055720596058,0.1635927,0.02676257
3419,0,1,-0.3806138,-0.34287584,-0.3599940839980504,0.02061972,0.00042517285
3420,0,1,0.3435861,0.2726127,0.1766842855866468,0.1669018,0.02785621
3421,0,1,-0.17507696,-0.164945,-0.3811834286410922,0.20610645,0.04247987
3422,0,1,0.36313713,0.28364575,0.4422722364211118,0.07913512,0.006262367
3423,0,1,-0.41350698,-0.36940956,-0.3720105053429583,0.041496485,0.0017219583
3424,0,1,0.35469258,0.27908504,0.576474360944357,0.22178179,0.04918716
3425,0,1,-0.52560604,-0.4484061,-0.535217428512059,0.009611368,9.2378395e-05
3426,0,1,0.49999487,0.31059587,0.5679446564068884,0.06794977,0.0046171714
3427,0,1,-0.51868176,-0.44376123,-0.5031178106326097,0.015563965,0.000242237
3428,0,1,0.47231495,0.32680333,0.4458465580917787,0.026468396,0.000700576
3429,0,1,-0.41657186,-0.37181115,-0.3817557190907752,0.034816146,0.0012121641
3430,0,1,0.36366284,0.28391826,0.2279804982581852,0.13568234,0.0184097
3431,0,1,-0.22268236,-0.20748127,-0.3455217862162452,0.12283942,0.015089523
3432,0,1,0.33014643,0.26414979,0.4226149447524772,0.0924685,0.008550423
3433,0,1,-0.3965782,-0.3559457,-0.3915981142015763,0.0049800873,2.480127e-05
3434,0,1,0.37268913,0.28838336,0.2739173622280317,0.09877175,0.009755859
3435,0,1,-0.26475346,-0.24448466,-0.1667116875712049,0.09804177,0.00961219
3436,0,1,0.15940773,0.13386202,0.0379735529213454,0.12143418,0.014746261
3437,0,1,-0.041906357,-0.045882225,-0.0095688291403988,0.032337528,0.0010457156
3438,0,1,0.0050349236,-0.003796935,0.1014225627149183,0.09638764,0.009290577
3439,0,1,-0.10419977,-0.100771785,-0.0147221443295439,0.08947762,0.008006245
3440,0,1,0.010122538,0.0008522272,0.0079648000391994,0.0021577375,4.655831e-06
3441,0,1,-0.012277603,-0.01961422,0.1043817764135466,0.11665938,0.013609411
3442,0,1,-0.10700667,-0.103322744,-0.303323440568249,0.19631678,0.038540278
3443,0,1,0.29058444,0.2361325,0.2117313988469404,0.07885304,0.006217802
3444,0,1,-0.20767069,-0.19413614,-0.2049077948978306,0.0027628988,7.63361e-06
3445,0,1,0.19647968,0.16416156,0.2312150156010528,0.034735337,0.0012065436
3446,0,1,-0.22566247,-0.21012199,-0.0560869832878268,0.16957548,0.028755844
3447,0,1,0.05092883,0.038075447,-0.0605057029577149,0.111434534,0.012417655
3448,0,1,0.055283308,0.04203105,0.2042976160595302,0.14901431,0.022205263
3449,0,1,-0.20078146,-0.1879896,-0.1493482529244112,0.051433206,0.0026453747
3450,0,1,0.14247608,0.119472384,0.219179502284964,0.076703414,0.005883414
3451,0,1,-0.21455967,-0.20026875,-0.2933585447082489,0.07879886,0.0062092603
3452,0,1,0.28116596,0.22893465,0.2489876040847607,0.032178357,0.0010354467
3453,0,1,-0.2419908,-0.22454011,-0.1218901086106876,0.1201007,0.014424178
3454,0,1,0.11561656,0.0961082,0.043744666892151,0.07187189,0.005165569
3455,0,1,-0.047602773,-0.050875545,-0.2961191493422888,0.24851638,0.061760392
3456,0,1,0.28377807,0.23094738,0.2856596412701389,0.0018815696,3.5403043e-06
3457,0,1,-0.27539992,-0.25376093,-0.2072630569774409,0.06813687,0.0046426333
3458,0,1,0.19875729,0.16595733,0.1885966883983612,0.010160595,0.0001032377
3459,0,1,-0.18618739,-0.17492592,-0.2422135974690484,0.056026205,0.0031389357
3460,0,1,0.23241794,0.19143236,0.0304300466607181,0.20198789,0.040799107
3461,0,1,-0.03445959,-0.039360166,0.1607795308650386,0.19523913,0.038118318
3462,0,1,-0.16019428,-0.15153217,-0.2114366552015674,0.05124238,0.0026257816
3463,0,1,0.2027899,0.169119,0.2965978076583362,0.093807906,0.008799924
3464,0,1,-0.2852732,-0.2623322,-0.4272021903960632,0.141929,0.02014384
3465,0,1,0.40504086,0.30863774,0.3319672710983157,0.073073596,0.0053397506
3466,0,1,-0.3169769,-0.28957427,-0.2186767357980477,0.098300174,0.009662924
3467,0,1,0.20977771,0.17453063,0.2634516854270792,0.053673983,0.0028808964
3468,0,1,-0.2552178,-0.23615265,-0.4176987577942566,0.16248098,0.026400069
3469,0,1,0.3964523,0.30212057,0.3521964689516557,0.044255853,0.0019585805
3470,0,1,-0.33495224,-0.30482066,-0.346595361323293,0.011643112,0.00013556205
3471,0,1,0.33114564,0.26480043,0.2819600495274053,0.049185604,0.0024192235
3472,0,1,-0.2720536,-0.2508465,-0.2282367413415649,0.043816864,0.0019199176
3473,0,1,0.21898758,0.18152821,0.2099945293399183,0.008993059,8.0875114e-05
3474,0,1,-0.2060622,-0.19270241,-0.1342360246738227,0.071826175,0.0051589995
3475,0,1,0.12770581,0.10669625,0.0859784928439082,0.04172732,0.0017411691
3476,0,1,-0.08925283,-0.0874362,-0.1033339421893915,0.014081113,0.00019827775
3477,0,1,0.09741497,0.079980254,0.083791279425603,0.013623692,0.000185605
3478,0,1,-0.08709812,-0.085544944,0.0243555052438586,0.11145362,0.01242191
3479,0,1,-0.028461456,-0.0341146,-0.0032829096222564,0.025178546,0.0006339592
3480,0,1,-0.0011711121,-0.009468794,-0.1749570831755824,0.17378597,0.030201564
3481,0,1,0.16743124,0.14057207,0.1772313663648883,0.009800136,9.604267e-05
3482,0,1,-0.17558765,-0.1654042,0.0657495399330305,0.2413372,0.058243643
3483,0,1,-0.069313765,-0.06993008,0.0164529853587187,0.08576675,0.007355935
3484,0,1,-0.02065909,-0.027264953,0.0344136866996254,0.055072777,0.0030330108
3485,0,1,-0.038392305,-0.042803526,-0.0992690143505965,0.060876712,0.0037059742
3486,0,1,0.09342265,0.07641733,0.064501535747609,0.028921112,0.00083643076
3487,0,1,-0.06808245,-0.068849325,-0.0753641997196248,0.0072817504,5.302389e-05
3488,0,1,0.06991613,0.055287242,0.0387846352474634,0.031131495,0.00096916995
3489,0,1,-0.042706728,-0.046583652,0.0225032760514867,0.06521,0.004252344
3490,0,1,-0.026633143,-0.03251624,0.0401232794387191,0.06675643,0.0044564204
3491,0,1,-0.0440284,-0.04774165,-0.1615401929881199,0.117511794,0.013809022
3492,0,1,0.15436924,0.12961209,0.0928867968077249,0.061482437,0.00378009
3493,0,1,-0.0960567,-0.09340572,-0.089473370008583,0.006583333,4.3340275e-05
3494,0,1,0.083796024,0.06779313,0.0303124058225281,0.05348362,0.0028604977
3495,0,1,-0.034343123,-0.03925848,0.0169524375282972,0.051295564,0.002631235
3496,0,1,-0.02115202,-0.027715206,-0.0396365817757198,0.018484563,0.00034167906
3497,0,1,0.03470874,0.023304582,0.093257369218173,0.05854863,0.003427942
3498,0,1,-0.096422076,-0.09372568,-0.136073367872723,0.03965129,0.0015722248
3499,0,1,0.12950289,0.10826099,0.1537205937394412,0.024217695,0.0005864967
3500,0,1,-0.15357149,-0.14554977,-0.0991649196424488,0.05440657,0.0029600747
3501,0,1,0.09332037,0.07632625,0.0931154741146378,0.00020489842,4.1983363e-08
3502,0,1,-0.09628236,-0.093603134,-0.0822893327470319,0.013993032,0.00019580495
3503,0,1,0.07673049,0.061436296,0.0729052513904346,0.0038252398,1.463246e-05
3504,0,1,-0.07636917,-0.07612562,-0.2676798068838402,0.19131064,0.036599763
3505,0,1,0.2567724,0.20959866,0.139595006660931,0.1171774,0.013730543
3506,0,1,-0.14028776,-0.13352895,-0.0581641923019531,0.08212356,0.0067442795
3507,0,1,0.052976012,0.03993547,0.1652762740961397,0.11230026,0.012611349
3508,0,1,-0.16440773,-0.155334,-0.1010291736611215,0.06337856,0.0040168418
3509,0,1,0.095151305,0.07796168,0.1884474261938116,0.093296126,0.008704167
3510,0,1,-0.18604827,-0.17480123,-0.2837414687352768,0.097693205,0.009543962
3511,0,1,0.27205074,0.22181761,0.4530526240200345,0.18100187,0.032761678
3512,0,1,-0.4227382,-0.3766278,-0.3506761032327758,0.072062105,0.005192947
3513,0,1,0.33494103,0.2672416,0.3537924270152548,0.0188514,0.00035537526
3514,0,1,-0.33636546,-0.30601335,-0.2972206544417488,0.039144814,0.0015323164
3515,0,1,0.28481972,0.23174608,0.2726855678280839,0.012134165,0.00014723795
3516,0,1,-0.26363254,-0.24350703,-0.3427381403574259,0.079105616,0.0062576984
3517,0,1,0.32755363,0.2624458,0.3285976295530266,0.0010440052,1.0899467e-06
3518,0,1,-0.3139714,-0.2870102,-0.2051727923327269,0.10879861,0.011837137
3519,0,1,0.19673622,0.1643635,0.1681124617575868,0.02862376,0.0008193196
3520,0,1,-0.16706264,-0.1577282,-0.1197345093051078,0.04732813,0.0022399519
3521,0,1,0.11350417,0.09424722,0.1594905440821452,0.04598637,0.0021147463
3522,0,1,-0.1589855,-0.15044129,-0.3072175778029535,0.14823207,0.021972748
3523,0,1,0.29425752,0.23889196,0.1801232004446362,0.11413433,0.0130266445
3524,0,1,-0.17828774,-0.16783166,0.061653946486829,0.23994169,0.057572015
3525,0,1,-0.06527412,-0.06638312,-0.0481554176162826,0.017118704,0.00029305002
3526,0,1,0.043109894,0.030961275,0.2855595930878827,0.2424497,0.05878186
3527,0,1,-0.2753098,-0.25368237,-0.1966974280537368,0.07861237,0.006179905
3528,0,1,0.18853295,0.15782773,0.0368153784332387,0.15171757,0.023018222
3529,0,1,-0.04076338,-0.04488027,-0.1832105210391146,0.14244714,0.020291189
3530,0,1,0.17545187,0.14720047,0.3045062760193058,0.1290544,0.016655037
3531,0,1,-0.29239166,-0.26848674,-0.0747948537384792,0.2175968,0.047348365
3532,0,1,0.069355726,0.05478108,0.0546096072682558,0.014746118,0.000217448
3533,0,1,-0.058324695,-0.06028223,-0.0097093951614972,0.0486153,0.0023634473
3534,0,1,0.0051739216,-0.0036700964,0.0882677002256988,0.08309378,0.006904576
3535,0,1,-0.09150767,-0.089414716,0.0629159399848127,0.15442362,0.023846656
3536,0,1,-0.06651902,-0.06747615,-0.0523949844525524,0.014124036,0.0001994884
3537,0,1,0.04728973,0.03476596,0.1556698280525539,0.108380094,0.0117462445
3538,0,1,-0.15540123,-0.1472032,-0.0847924402091395,0.07060879,0.0049856007
3539,0,1,0.079193115,0.063653946,0.1041787805738747,0.024985664,0.0006242834
3540,0,1,-0.106814265,-0.10314751,-0.1213240426481725,0.014509775,0.00021053356
3541,0,1,0.11506188,0.095620036,0.0108386771559119,0.1042232,0.010862475
3542,0,1,-0.015115023,-0.02220583,-0.1376933721861066,0.12257835,0.015025453
3543,0,1,0.1310873,0.109638095,0.2331850057437539,0.102097705,0.010423942
3544,0,1,-0.22747624,-0.21172833,-0.3075550479608644,0.08007881,0.006412616
3545,0,1,0.2945758,0.2391299,0.2438304537232982,0.050745353,0.0025750909
3546,0,1,-0.2372613,-0.22037315,-0.1653829849295236,0.071878314,0.005166492
3547,0,1,0.15811336,0.13277268,0.1422104487059092,0.015902907,0.00025290245
3548,0,1,-0.14275038,-0.13575947,-0.2857679010807394,0.14301753,0.020454014
3549,0,1,0.27397358,0.22333014,0.2979679670509678,0.023994386,0.0005757306
3550,0,1,-0.2865076,-0.26340163,-0.2039827420696518,0.082524866,0.0068103536
3551,0,1,0.1955849,0.16345346,0.1389035244410235,0.056681365,0.0032127772
3552,0,1,-0.13963687,-0.13293934,-0.0896473630083438,0.049989514,0.0024989515
3553,0,1,0.08396697,0.06794655,0.217586797454494,0.13361983,0.017854258
3554,0,1,-0.21308744,-0.19895971,-0.2255021493902005,0.012414709,0.000154125
3555,0,1,0.2163552,0.17954409,0.0769932797812067,0.13936192,0.019421745
3556,0,1,-0.08039892,-0.07966399,-0.0947355128136211,0.014336593,0.00020553792
3557,0,1,0.088968515,0.07243252,0.245147501648651,0.15617898,0.024391875
3558,0,1,-0.2384696,-0.22143865,-0.1574514834672911,0.08101812,0.006563936
3559,0,1,0.15038347,0.12622952,-0.0422723302908334,0.1926558,0.03711626
3560,0,1,0.037308335,0.025675416,0.1120691869521184,0.074760854,0.0055891853
3561,0,1,-0.11429167,-0.10994184,-0.1200106821415722,0.0057190135,3.2707114e-05
3562,0,1,0.11377478,0.09448612,0.0983356686125369,0.015439108,0.00023836606
3563,0,1,-0.10126984,-0.09810889,-0.160022659604702,0.05875282,0.0034518938
3564,0,1,0.15289032,0.12835884,0.2160212378598351,0.063130915,0.0039855125
3565,0,1,-0.21163988,-0.19767118,-0.1943912035118635,0.017248675,0.0002975168
3566,0,1,0.18629825,0.15602958,-0.0163619473078906,0.2026602,0.041071158
3567,0,1,0.0117414,0.0023317337,-0.0615984133772888,0.07333981,0.0053787283
3568,0,1,0.056360006,0.043008327,-0.0449253819841577,0.10128538,0.010258729
3569,0,1,0.03992486,0.028060079,0.1513979563722702,0.1114731,0.012426252
3570,0,1,-0.15138984,-0.1435777,-0.1742338966522738,0.022844061,0.0005218511
3571,0,1,0.1667279,0.13998675,0.1532233975094443,0.013504505,0.00018237166
3572,0,1,-0.1531049,-0.14512801,0.0462531207842555,0.19935802,0.039743617
3573,0,1,-0.050078392,-0.05304694,-0.0469199973805185,0.0031583942,9.975454e-06
3574,0,1,0.041891694,0.029851913,0.0342069314809787,0.0076847635,5.905559e-05
3575,0,1,-0.03818798,-0.042624593,-0.0086332226095353,0.029554758,0.0008734837
3576,0,1,0.004111409,-0.0046406984,-0.0064377285547623,0.010549137,0.0001112843
3577,0,1,0.0019439459,-0.0066218376,0.0014070563510919,0.00053688954,2.8825036e-07
3578,0,1,-0.0058022738,-0.013699889,0.1475483415604104,0.15335062,0.023516413
3579,0,1,-0.14777267,-0.14030552,-0.2040128556615421,0.056240186,0.0031629584
3580,0,1,0.1956135,0.16347563,0.0258945835831581,0.16971892,0.028804513
3581,0,1,-0.029981375,-0.03544295,0.0288857932585575,0.058867168,0.0034653435
3582,0,1,-0.032934785,-0.038026333,-0.0973533222227465,0.06441854,0.004149748
3583,0,1,0.091540575,0.07473469,0.0450103424883852,0.04653023,0.0021650626
3584,0,1,-0.048852324,-0.05197084,-0.0082638645820896,0.04058846,0.0016474231
3585,0,1,0.0037468672,-0.004974246,-0.0355716154016043,0.039318483,0.0015459431
3586,0,1,0.030698538,0.019646287,0.1373578245405819,0.10665929,0.011376205
3587,0,1,-0.13818061,-0.13161981,0.0178417885148849,0.1560224,0.02434299
3588,0,1,-0.022029996,-0.028496742,-0.0005220341216682,0.021507962,0.0004625924
3589,0,1,-0.0038974285,-0.011959672,-0.0902824444733612,0.08638502,0.0074623716
3590,0,1,0.084591985,0.06850743,0.1189497640812131,0.03435778,0.001180457
3591,0,1,-0.120803475,-0.115855575,-0.2026034541070884,0.081799984,0.0066912374
3592,0,1,0.1942507,0.1623944,0.1496668066890547,0.0445839,0.0019877243
3593,0,1,-0.14976346,-0.14210665,-0.162819430893778,0.013055965,0.00017045822
3594,0,1,0.15561616,0.1306659,0.0751716340009105,0.08044453,0.0064713224
3595,0,1,-0.07860339,-0.07808745,-0.097186109250811,0.018582724,0.00034531765
3596,0,1,0.091376424,0.07458818,0.1638670967598405,0.07249068,0.005254898
3597,0,1,-0.16308773,-0.15414357,-0.2128463437700276,0.049758613,0.0024759197
3598,0,1,0.20415127,0.17017972,0.0070168593116071,0.19713442,0.03886198
3599,0,1,-0.011341214,-0.018759966,-0.1711356414597762,0.15979442,0.025534257
3600,0,1,0.16371405,0.13747299,0.2314572864247435,0.06774324,0.004589147
3601,0,1,-0.22588563,-0.21032012,-0.1197771368614246,0.106108494,0.011259013
3602,0,1,0.11354613,0.09428406,0.0553823258150076,0.058163807,0.0033830283
3603,0,1,-0.0590868,-0.060951233,-0.1829643219598222,0.123877525,0.015345641
3604,0,1,0.17521298,0.14700401,0.2395216955937933,0.06430872,0.004135611
3605,0,1,-0.23330414,-0.21688104,-0.1747572590730366,0.058546886,0.0034277379
3606,0,1,0.16723716,0.14041018,0.1218615908546765,0.04537557,0.0020589423
3607,0,1,-0.123556495,-0.118355274,-0.1855693417233213,0.06201285,0.0038455937
3608,0,1,0.17774212,0.14907789,0.3361802933781799,0.15843818,0.025102656
3609,0,1,-0.32073033,-0.29276955,-0.2416781602342941,0.079052165,0.006249245
3610,0,1,0.23190439,0.1910609,0.2595491787243544,0.027644783,0.00076423405
3611,0,1,-0.25165462,-0.23303056,-0.3308841357870402,0.079229504,0.0062773144
3612,0,1,0.31648433,0.25494134,0.2894377397170655,0.027046591,0.0007315181
3613,0,1,-0.27881408,-0.25672972,-0.2598700509557461,0.018944025,0.00035887607
3614,0,1,0.24932039,0.20352256,0.2844369996952702,0.035116613,0.0012331764
3615,0,1,-0.2742946,-0.25279856,-0.2482885898289042,0.026006028,0.0006763135
3616,0,1,0.23824179,0.19560778,0.3051339112653777,0.06689212,0.004474555
3617,0,1,-0.292956,-0.26897395,-0.3177643802578107,0.024808377,0.00061545556
3618,0,1,0.30418336,0.24620545,0.2994618901200023,0.0047214627,2.229221e-05
3619,0,1,-0.28785336,-0.26456535,-0.2527569740414397,0.035096377,0.0012317557
3620,0,1,0.24251997,0.19862592,0.3358563296149162,0.093336344,0.008711673
3621,0,1,-0.32044208,-0.29252458,-0.0922738210864178,0.22816825,0.05206075
3622,0,1,0.08654904,0.07026398,0.0693368610239077,0.017212182,0.0002962592
3623,0,1,-0.072850704,-0.07303631,-0.1028885751080925,0.030037872,0.0009022738
3624,0,1,0.09697759,0.07959056,0.1466277497279657,0.049650162,0.0024651387
3625,0,1,-0.14690638,-0.13952184,-0.0497642087452945,0.09714217,0.009436601
3626,0,1,0.044695854,0.03240502,0.0612732423167234,0.01657739,0.00027480983
3627,0,1,-0.06489885,-0.06605327,-0.0080250988417507,0.05687375,0.0032346235
3628,0,1,0.0035108328,-0.005189657,-0.0331880962725694,0.03669893,0.0013468114
3629,0,1,0.028347254,0.017500281,0.0612227742593063,0.03287552,0.0010807997
3630,0,1,-0.06484866,-0.06600976,-0.0971691121798585,0.032320447,0.0010446113
3631,0,1,0.091359496,0.07457316,0.0170232041714701,0.07433629,0.005525884
3632,0,1,-0.021221638,-0.027778506,-0.0519776198392711,0.030755982,0.0009459304
3633,0,1,0.046878338,0.034391284,-0.1181586522975066,0.16503699,0.027237209
3634,0,1,0.11195946,0.09288478,0.2531222826032173,0.14116281,0.01992694
3635,0,1,-0.24577749,-0.22787106,-0.1129601557164754,0.13281733,0.017640444
3636,0,1,0.10686183,0.08837652,0.0623673435764087,0.044494487,0.0019797594
3637,0,1,-0.06597757,-0.067001104,-0.041745668749366,0.024231903,0.00058718515
3638,0,1,0.03678906,0.025201678,-0.1790488453464862,0.21583791,0.046586003
3639,0,1,0.17140925,0.14387,0.0492325413130299,0.12217671,0.014927148
3640,0,1,-0.053019166,-0.055626035,-0.1689930590887678,0.11597389,0.013449943
3641,0,1,0.16162884,0.13572729,0.1178833616092256,0.04374548,0.0019136671
3642,0,1,-0.11979461,-0.11493945,0.0064807502002415,0.12627536,0.015945466
3643,0,1,-0.010811806,-0.018276691,0.0383306758265078,0.04914248,0.0024149832
3644,0,1,-0.04225862,-0.04619062,-0.1653474529630758,0.12308884,0.015150862
3645,0,1,0.15807879,0.13274336,0.2130565551423304,0.05497776,0.003022554
3646,0,1,-0.20889723,-0.1952287,-0.1761406094461894,0.032756627,0.0010729965
3647,0,1,0.16858232,0.14152825,0.0987394171982491,0.069842905,0.0048780316
3648,0,1,-0.10165346,-0.09845734,-0.0203603573027506,0.0812931,0.0066085677
3649,0,1,0.015688062,0.0059388876,-0.0412285945356156,0.056916658,0.003239506
3650,0,1,0.036279082,0.024736881,0.0884580420378247,0.052178957,0.0027226435
3651,0,1,-0.09169519,-0.089579105,-0.0609461317101474,0.030749056,0.00094550446
3652,0,1,0.055716872,0.04242468,0.0573025315405064,0.0015856586,2.5143133e-06
3653,0,1,-0.06098163,-0.06261432,-0.1496731162147462,0.08869149,0.00786618
3654,0,1,0.1427933,0.11974454,0.1664801594540039,0.023686856,0.00056106714
3655,0,1,-0.16553509,-0.15635073,-0.0832134497962691,0.082321644,0.006776853
3656,0,1,0.07763994,0.06225562,0.1254967915002791,0.047856852,0.0022902782
3657,0,1,-0.12699127,-0.1214726,-0.2169027867170043,0.08991152,0.008084081
3658,0,1,0.20806682,0.17321241,0.1823589451740159,0.02570787,0.0006608946
3659,0,1,-0.18037379,-0.16970694,-0.1975862098903218,0.01721242,0.00029626742
3660,0,1,0.1893934,0.15851843,0.2126705257468788,0.023277119,0.00054182427
3661,0,1,-0.20853972,-0.19491076,-0.2829874089517166,0.07444769,0.005542459
3662,0,1,0.271335,0.2212528,0.229870383508145,0.041464627,0.0017193153
3663,0,1,-0.22442424,-0.20902503,-0.2462454391537398,0.0218212,0.0004761648
3664,0,1,0.23628414,0.19421327,0.1136006229226376,0.12268351,0.015051244
3665,0,1,-0.11574173,-0.111258864,-0.1500805995380807,0.034338877,0.0011791585
3666,0,1,0.14319158,0.120085955,0.0648112750678446,0.0783803,0.0061434717
3667,0,1,-0.068388104,-0.069117665,0.0069130375838675,0.07530114,0.0056702616
3668,0,1,-0.011238575,-0.018666148,0.0363063679028783,0.04754494,0.0022605215
3669,0,1,-0.040260315,-0.04444015,-0.0157236913371165,0.024536623,0.00060204585
3670,0,1,0.011111021,0.0017557144,0.0683855121984735,0.05727449,0.0032803672
3671,0,1,-0.071912766,-0.07221222,-0.1192071775910397,0.047294416,0.0022367619
3672,0,1,0.11298764,0.09379208,0.1225893187238948,0.009601682,9.2192306e-05
3673,0,1,-0.12424433,-0.118979335,-0.1056991551273032,0.01854518,0.00034392372
3674,0,1,0.09973669,0.08204925,0.0423156642260351,0.057421025,0.0032971741
3675,0,1,-0.04619229,-0.04963839,-0.1531122750968772,0.10691999,0.011431884
3676,0,1,0.14615047,0.12261987,0.3067515981242585,0.16060114,0.025792725
3677,0,1,-0.29440963,-0.27022767,-0.2221841056941322,0.072225526,0.005216527
3678,0,1,0.21315897,0.17711699,0.3454699927946676,0.13231102,0.017506205
3679,0,1,-0.3289882,-0.29977834,-0.3497093805686921,0.020721197,0.00042936802
3680,0,1,0.33404267,0.2666682,0.5007803158400292,0.16673768,0.027801452
3681,0,1,-0.46315026,-0.4057263,-0.5481022630497525,0.084952,0.007216842
3682,0,1,0.5109681,0.2994851,0.6498408078884148,0.13887274,0.019285638
3683,0,1,-0.5840659,-0.48653865,-0.5620473519644307,0.022018552,0.0004848166
3684,0,1,0.52275336,0.2749101,0.5533122862025104,0.030558944,0.000933849
3685,0,1,-0.506742,-0.4356979,-0.4735775543059655,0.03316444,0.0010998802
3686,0,1,0.44642842,0.32870495,0.5002262678747365,0.05379784,0.0028942076
3687,0,1,-0.46268547,-0.4054016,-0.4013783316649399,0.061307132,0.0037585644
3688,0,1,0.38162315,0.29236424,0.3083087988552433,0.07331434,0.0053749923
3689,0,1,-0.29580843,-0.27143347,-0.2105849475354071,0.08522348,0.0072630416
3690,0,1,0.20196736,0.16847599,0.0153346113704677,0.18663275,0.034831785
3691,0,1,-0.019554377,-0.026257396,-0.0141236313341119,0.005430745,2.949299e-05
3692,0,1,0.009531856,0.00031244755,-0.0419241214967336,0.05145598,0.0026477177
3693,0,1,0.03696513,0.025361896,0.1528517763865131,0.11588664,0.013429714
3694,0,1,-0.15275586,-0.14481246,0.0817816443807752,0.23453751,0.055007845
3695,0,1,-0.08511782,-0.08380675,0.012225033593413,0.09734285,0.00947563
3696,0,1,-0.016484141,-0.023455143,0.0994732823974766,0.115957424,0.013446124
3697,0,1,-0.10234988,-0.09909046,0.0991299103625424,0.2014798,0.04059411
3698,0,1,-0.10202384,-0.09879398,-0.0902376607845401,0.011786178,0.00013891398
3699,0,1,0.08454716,0.068467855,0.0988674027804406,0.014320239,0.00020506926
3700,0,1,-0.101774335,-0.09856784,-0.0792169206056658,0.022557415,0.000508837
3701,0,1,0.0737077,0.05871141,0.0443497078226207,0.029357992,0.0008618917
3702,0,1,-0.04820025,-0.05139923,0.0294544377237335,0.07765469,0.006030251
3703,0,1,-0.033496022,-0.038517594,-0.0805131948811557,0.047017172,0.0022106145
3704,0,1,0.07498324,0.05986166,0.1904682285931753,0.11548498,0.013336781
3705,0,1,-0.18792987,-0.17648852,-0.2173252108308958,0.029395342,0.00086408615
3706,0,1,0.20847404,0.17352688,0.2480686005030989,0.03959456,0.0015677293
3707,0,1,-0.24114847,-0.22379827,-0.1081216946448866,0.13302678,0.017696124
3708,0,1,0.10211456,0.08416355,0.2313360510370123,0.1292215,0.016698197
3709,0,1,-0.22577429,-0.21022081,-0.2395990971777257,0.013824806,0.00019112525
3710,0,1,0.2299093,0.18961084,0.0919576800801875,0.13795161,0.019030647
3711,0,1,-0.095142365,-0.09260309,-0.2134902831216465,0.11834791,0.014006228
3712,0,1,0.2047733,0.17066348,0.0495335656090136,0.15523975,0.024099378
3713,0,1,-0.053316236,-0.055886626,-0.0596180338612586,0.006301798,3.9712657e-05
3714,0,1,0.05440843,0.041236877,-0.1310120779988357,0.18542051,0.034380767
3715,0,1,0.12455046,0.10394359,0.0256149036430384,0.09893556,0.009788245
3716,0,1,-0.029705405,-0.035201788,-0.0937187634183096,0.064013354,0.0040977094
3717,0,1,0.0879693,0.071537495,0.1425092149895546,0.05453992,0.0029746029
3718,0,1,-0.14303172,-0.13601434,-0.1777952112046235,0.0347635,0.0012085009
3719,0,1,0.17019069,0.14286196,0.1104696738947785,0.059721015,0.0035665997
3720,0,1,-0.112777114,-0.10856545,-0.0705285911184978,0.042248525,0.0017849378
3721,0,1,0.065155625,0.05098176,-0.1327820596575171,0.19793768,0.039179325
3722,0,1,0.12628269,0.105455995,0.0242057085781084,0.102076985,0.010419711
3723,0,1,-0.028313994,-0.033985257,-0.0770794679142714,0.048765473,0.0023780714
3724,0,1,0.07160437,0.056812286,0.1269018784214015,0.05529751,0.0030578144
3725,0,1,-0.12831795,-0.12267649,-0.1571042867724819,0.028786331,0.0008286529
3726,0,1,0.15004444,0.1259414,0.154706450421757,0.004662007,2.173431e-05
3727,0,1,-0.15449727,-0.14638662,-0.2097141392815451,0.05521688,0.0030489038
3728,0,1,0.20112646,0.16781771,0.1509796278911674,0.050146833,0.0025147048
3729,0,1,-0.15099716,-0.14322233,-0.0118204547690154,0.13917671,0.019370157
3730,0,1,0.007257819,-0.0017652512,-0.0596018063579986,0.066859625,0.0044702096
3731,0,1,0.054392576,0.04122293,0.1506673385623194,0.09627476,0.00926883
3732,0,1,-0.15070403,-0.14295721,-0.0274007947449674,0.123303235,0.015203687
3733,0,1,0.022636533,0.012285948,0.0267197906436764,0.004083257,1.667299e-05
3734,0,1,-0.03079617,-0.036155462,-0.1261209644720049,0.0953248,0.0090868175
3735,0,1,0.11976135,0.099751115,0.1732947311011943,0.05353339,0.002865824
3736,0,1,-0.17191005,-0.16209483,-0.0706639097945447,0.10124614,0.010250781
3737,0,1,0.0652889,0.05110264,0.1701310728593366,0.10484217,0.010991881
3738,0,1,-0.16895163,-0.15942991,-0.0608446020463999,0.10810703,0.01168713
3739,0,1,0.055617094,0.042334557,-0.1639783351277359,0.21959543,0.048222154
3740,0,1,0.15674484,0.13161945,0.0630742766566665,0.09367056,0.008774174
3741,0,1,-0.06667507,-0.06761336,0.1021355217911781,0.16881059,0.028497016
3742,0,1,-0.10487604,-0.10138643,0.0053050268111805,0.11018107,0.012139868
3743,0,1,-0.009650588,-0.017215967,-0.0903883930128102,0.08073781,0.0065185935
3744,0,1,0.084695935,0.068600774,0.1227958156061186,0.038099878,0.0014516007
3745,0,1,-0.12443936,-0.11915612,-0.1281323180067068,0.0036929548,1.3637915e-05
3746,0,1,0.12173116,0.101477265,0.1330807257422697,0.011349559,0.00012881249
3747,0,1,-0.13414896,-0.12796497,-0.3606209212068429,0.22647196,0.051289547
3748,0,1,0.34416664,0.27296317,0.3568712310619928,0.012704581,0.00016140638
3749,0,1,-0.33908963,-0.30830932,-0.3270322450190581,0.012057394,0.00014538075
3750,0,1,0.3128785,0.25242102,0.1853932632907742,0.12748523,0.016252484
3751,0,1,-0.18320298,-0.17224753,-0.3475904071626001,0.16438743,0.027023228
3752,0,1,0.3320719,0.2654003,0.3754207950271133,0.04334891,0.0018791278
3753,0,1,-0.35544288,-0.32201922,-0.1166372416174155,0.23880564,0.057028133
3754,0,1,0.11046803,0.09156752,0.1415496125315172,0.031081587,0.00096606504
3755,0,1,-0.1421287,-0.13519621,-0.0424589248711455,0.099669784,0.009934066
3756,0,1,0.037492514,0.025842786,0.1061139307492868,0.06862142,0.004708899
3757,0,1,-0.108649135,-0.104815125,-0.0006992781005603,0.10794985,0.011653171
3758,0,1,-0.0037219524,-0.011799455,-0.0823299480787238,0.078608,0.0061792172
3759,0,1,0.07677066,0.061472654,0.1074120957703732,0.03064143,0.0009388972
3760,0,1,-0.10987949,-0.10593319,0.0693190791548417,0.17919856,0.032112125
3761,0,1,-0.0728333,-0.073020935,-0.1622759749914439,0.08944267,0.007999991
3762,0,1,0.1550864,0.13021791,0.1248946787070082,0.03019172,0.00091153994
3763,0,1,-0.1264224,-0.1209563,-0.0538912956464048,0.072531104,0.005260761
3764,0,1,0.048764348,0.036106944,0.0601489593448474,0.01138461,0.00012960934
3765,0,1,-0.06378937,-0.06507969,-0.0255376221399583,0.038251746,0.0014631961
3766,0,1,0.02079773,0.010607004,-0.0647578283125953,0.08555556,0.007319754
3767,0,1,0.059472203,0.045832634,0.1373391493338385,0.07786694,0.0060632606
3768,0,1,-0.13816321,-0.13160384,-0.1232001760300953,0.014963031,0.00022389229
3769,0,1,0.11690009,0.097237706,0.0861572848998353,0.030742802,0.0009451199
3770,0,1,-0.08942926,-0.087590456,0.0432454899785632,0.13267475,0.01760259
3771,0,1,-0.04711008,-0.050443053,-0.013556100712613,0.03355398,0.0011258696
3772,0,1,0.0089713335,-0.00019967556,0.1198937196934419,0.11092239,0.012303776
3773,0,1,-0.121696234,-0.11666584,-0.0877578559890777,0.033938378,0.0011518135
3774,0,1,0.082108974,0.066277266,0.0395923584491828,0.042516615,0.0018076625
3775,0,1,-0.04350412,-0.04728234,-0.0165479257726532,0.026956193,0.0007266363
3776,0,1,0.011924624,0.002499938,-0.1153966183642412,0.12732124,0.0162107
3777,0,1,0.10925102,0.09049189,0.0981462234676089,0.0111048,0.00012331658
3778,0,1,-0.10109019,-0.09794533,-0.0798423780217747,0.021247812,0.0004514695
3779,0,1,0.074323416,0.05926621,-0.0625792690674131,0.13690269,0.018742347
3780,0,1,0.057326317,0.04388559,0.2230971151032676,0.1657708,0.027479958
3781,0,1,-0.2181778,-0.20348406,-0.3100524502839932,0.09187466,0.008440953
3782,0,1,0.29692852,0.24088132,0.2402481056005132,0.056680426,0.0032126708
3783,0,1,-0.23397124,-0.21747017,-0.1156052122313975,0.118366025,0.014010516
3784,0,1,0.10945594,0.090673804,0.0302950393850407,0.07916091,0.006266449
3785,0,1,-0.034326196,-0.03924358,0.0020425535281198,0.03636875,0.001322686
3786,0,1,-0.0064296722,-0.0142736435,0.0680304535606062,0.07446013,0.0055443104
3787,0,1,-0.071562886,-0.071905375,-0.0313730860442187,0.0401898,0.00161522
3788,0,1,0.026556492,0.015865326,-0.0092335916112511,0.035790082,0.00128093
3789,0,1,0.0047039986,-0.0040991306,0.0811940714467021,0.076490074,0.0058507314
3790,0,1,-0.08453882,-0.083298445,-0.2121817942018864,0.12764297,0.016292728
3791,0,1,0.20350969,0.16967976,0.1566258414875563,0.04688385,0.0021980954
3792,0,1,-0.15629876,-0.14801466,0.0126078795091586,0.16890663,0.028529448
3793,0,1,-0.016862035,-0.023800135,-0.0189065632343543,0.0020445287,4.1800977e-06
3794,0,1,0.014253259,0.0046269894,-0.0083154020636135,0.022568662,0.0005093445
3795,0,1,0.0037976503,-0.0049278736,0.1087962033826306,0.10499855,0.011024696
3796,0,1,-0.11119127,-0.107124805,-0.152824097902323,0.04163283,0.0017332926
3797,0,1,0.14586914,0.12237966,0.1125544135909741,0.03331472,0.0011098705
3798,0,1,-0.11475122,-0.11035931,-0.1864279750618998,0.07167676,0.005137558
3799,0,1,0.17857587,0.14976001,0.222669370743749,0.044093505,0.0019442372
3800,0,1,-0.21778274,-0.2031331,-0.235054435353424,0.017271698,0.00029831153
3801,0,1,0.2255441,0.18640983,0.1003924692602444,0.12515163,0.01566293
3802,0,1,-0.10322201,-0.0998832,-0.0561522602534485,0.04706975,0.0022155615
3803,0,1,0.050993323,0.038133502,0.0514173747825281,0.0004240498,1.7981823e-07
3804,0,1,-0.055174947,-0.057517886,0.0356721040665723,0.09084705,0.008253187
3805,0,1,-0.039634705,-0.04389155,-0.2115878759191065,0.17195317,0.029567894
3806,0,1,0.20293629,0.16923249,0.3669053559225161,0.16396907,0.026885856
3807,0,1,-0.3479483,-0.31575167,-0.4316642706050333,0.083715945,0.0070083593
3808,0,1,0.40906107,0.31155407,0.3489142411872794,0.06014684,0.0036176422
3809,0,1,-0.33204377,-0.30236387,-0.3260894405109127,0.005954325,3.5453988e-05
3810,0,1,0.31199515,0.25179827,0.3689860531431359,0.05699089,0.0032479616
3811,0,1,-0.3497815,-0.31728733,-0.3734461585013449,0.023664653,0.0005600158
3812,0,1,0.35601604,0.27982104,0.265769707908601,0.09024632,0.008144398
3813,0,1,-0.25733244,-0.23800337,-0.2112896079865569,0.04604283,0.002119942
3814,0,1,0.20264804,0.16900766,0.0815781052364568,0.12106994,0.01465793
3815,0,1,-0.084917665,-0.08363104,-0.0517734203211908,0.033144243,0.0010985408
3816,0,1,0.046677113,0.03420806,0.1340407866172088,0.087363675,0.0076324116
3817,0,1,-0.13505411,-0.12878573,-0.0812277249362281,0.053826384,0.0028972796
3818,0,1,0.075686574,0.060495377,0.153526144030615,0.07783957,0.0060589984
3819,0,1,-0.15338898,-0.14538467,-0.2134221856115949,0.060033202,0.0036039853
3820,0,1,0.2047075,0.17061198,0.1610778182604513,0.04362969,0.0019035499
3821,0,1,-0.1604737,-0.1517849,-0.2953182842847908,0.13484457,0.018183058
3822,0,1,0.28302062,0.23036468,0.3554320919271714,0.07241148,0.005243422
3823,0,1,-0.3378166,-0.30723667,-0.2813988897634132,0.056417704,0.0031829572
3824,0,1,0.26982653,0.22005999,0.3119610025532895,0.042134464,0.001775313
3825,0,1,-0.2990862,-0.27425492,-0.3020567226139825,0.0029705167,8.823969e-06
3826,0,1,0.28938878,0.23522794,0.5267852519079212,0.23739648,0.05635709
3827,0,1,-0.4848485,-0.42076552,-0.5239101086310078,0.039061606,0.001525809
3828,0,1,0.49029863,0.31812584,0.396223240928607,0.09407538,0.008850178
3829,0,1,-0.3736589,-0.33714306,-0.3633649282338038,0.010293961,0.00010596562
3830,0,1,0.34670675,0.2744819,0.3852385340022077,0.03853178,0.001484698
3831,0,1,-0.3640561,-0.32919025,-0.3691576909150382,0.0051015913,2.6026235e-05
3832,0,1,0.3520602,0.27759707,-0.0132677602603765,0.36532795,0.13346452
3833,0,1,0.008686662,-0.0004595518,-0.0003361611031411,0.009022823,8.141133e-05
3834,0,1,-0.004080653,-0.012127399,-0.0161713715298044,0.012090718,0.00014618547
3835,0,1,0.011553168,0.0021595955,-0.0818274746267153,0.093380645,0.008719944
3836,0,1,0.07627618,0.06102705,0.0949146012674351,0.018638417,0.0003473906
3837,0,1,-0.09802091,-0.09515631,-0.2818686205143041,0.1838477,0.033799976
3838,0,1,0.2702726,0.22041285,0.3418979596002709,0.07162535,0.005130191
3839,0,1,-0.32581604,-0.29708982,-0.4967262023551129,0.17091018,0.02921029
3840,0,1,0.4667467,0.3281983,0.5344530318204679,0.06770635,0.0045841495
3841,0,1,-0.49120212,-0.4251237,-0.5315753161343175,0.040373206,0.0016299958
3842,0,1,0.4968778,0.31324494,0.4720506733785601,0.024827123,0.000616386
3843,0,1,-0.43891454,-0.388636,-0.3485994136010586,0.09031513,0.008156823
3844,0,1,0.33301008,0.26600587,0.458309447091519,0.12529936,0.01569993
3845,0,1,-0.42722583,-0.3801211,-0.3119322736732608,0.11529356,0.013292606
3846,0,1,0.29869878,0.2421912,0.3221615907520749,0.023462802,0.0005505031
3847,0,1,-0.3082223,-0.28209567,-0.3282534194556508,0.020031124,0.00040124595
3848,0,1,0.31402218,0.25322402,0.34718674519845,0.03316456,0.0010998881
3849,0,1,-0.3305118,-0.30106795,-0.3411387243426789,0.010626912,0.00011293126
3850,0,1,0.32606256,0.26145637,0.1975756802766819,0.12848689,0.01650888
3851,0,1,-0.19454062,-0.18240952,-0.1882431306955039,0.006297484,3.9658305e-05
3852,0,1,0.18033707,0.15119708,0.2476201161255746,0.06728305,0.0045270086
3853,0,1,-0.24073732,-0.22343612,-0.1790164320501801,0.061720893,0.0038094686
3854,0,1,0.17137778,0.14384401,0.0973970441843994,0.073980734,0.005473149
3855,0,1,-0.10037887,-0.0972991,-0.104401867183195,0.004022993,1.6184475e-05
3856,0,1,0.0984633,0.080914974,-0.0998592526287527,0.19832255,0.039331835
3857,0,1,0.094002366,0.07693529,0.1153355489101182,0.02133318,0.00045510457
3858,0,1,-0.117384195,-0.11275053,-0.0209697658260525,0.09641443,0.009295743
3859,0,1,0.016289711,0.0064873695,0.1067808176272029,0.09049111,0.008188641
3860,0,1,-0.10928154,-0.105389476,-0.2387819749844293,0.12950043,0.016770363
3861,0,1,0.22912467,0.18903816,0.0587973296162915,0.17032734,0.0290114
3862,0,1,-0.06245625,-0.06390941,-0.1164158840133693,0.05395963,0.0029116417
3863,0,1,0.11025071,0.09137571,0.2751798866001109,0.16492918,0.027201636
3864,0,1,-0.26590168,-0.24548566,-0.0350866652936909,0.23081502,0.053275574
3865,0,1,0.03022039,0.019209862,-0.0311481609538044,0.06136855,0.003766099
3866,0,1,0.026334167,0.015662313,-0.0291737521181558,0.05550792,0.0030811292
3867,0,1,0.024386525,0.01388371,-0.189323961133532,0.21371049,0.04567217
3868,0,1,0.1813854,0.15205061,0.3570956028439422,0.1757102,0.030874075
3869,0,1,-0.33928812,-0.3084762,-0.496729696289049,0.15744159,0.024787853
3870,0,1,0.46675026,0.3281976,0.450900687690422,0.01584959,0.0002512095
3871,0,1,-0.42089856,-0.375193,-0.4886484993780702,0.06774995,0.0045900554
3872,0,1,0.45968354,0.32915866,0.348455831672233,0.11122769,0.0123716
3873,0,1,-0.33163762,-0.3020202,-0.282578051173445,0.04905957,0.0024068414
3874,0,1,0.27094638,0.22094595,0.1018724678023188,0.16907391,0.028585987
3875,0,1,-0.10462654,-0.10115957,-0.0014507916726875,0.103175744,0.010645234
3876,0,1,-0.0029802322,-0.011121511,0.0180324731997545,0.021012705,0.00044153378
3877,0,1,-0.022218347,-0.028660774,0.0109679447838655,0.03318629,0.0011013299
3878,0,1,-0.015242815,-0.022321701,0.046876851170742,0.062119666,0.003858853
3879,0,1,-0.050694227,-0.053586483,-0.0298749134345539,0.020819314,0.00043344384
3880,0,1,0.025078058,0.014515519,0.1836951675402722,0.15861711,0.025159387
3881,0,1,-0.18161988,-0.1708262,-0.0838085057182789,0.09781138,0.009567066
3882,0,1,0.078225136,0.062782764,0.0597749517031918,0.018450186,0.00034040934
3883,0,1,-0.06342065,-0.0647558,-0.0422084382445229,0.021212216,0.00044995814
3884,0,1,0.037245393,0.025617242,0.1103341932382175,0.0730888,0.005341973
3885,0,1,-0.11264861,-0.108448744,-0.0980686150491951,0.014579989,0.00021257608
3886,0,1,0.09224343,0.07536316,0.0132559266686569,0.07898751,0.006239027
3887,0,1,-0.017501712,-0.024384141,-0.0596823787551261,0.04218067,0.0017792088
3888,0,1,0.05447173,0.041294813,-0.1414696109733826,0.19594134,0.03839301
3889,0,1,0.13477933,0.11283839,0.0839283306685327,0.050851002,0.0025858243
3890,0,1,-0.08723295,-0.085663676,0.0241666089358492,0.11139955,0.01240986
3891,0,1,-0.028275251,-0.03395164,-0.0256135681774758,0.0026616827,7.0845545e-06
3892,0,1,0.020872712,0.010675073,-0.1135197897221931,0.1343925,0.018061344
3893,0,1,0.10741067,0.08886266,0.2797363365121741,0.17232567,0.029696137
3894,0,1,-0.270041,-0.24909127,-0.1985137181908611,0.07152727,0.0051161507
3895,0,1,0.190292,0.1592375,0.1559817060645782,0.034310296,0.0011771964
3896,0,1,-0.15569401,-0.14746821,-0.2437193285826524,0.08802532,0.007748456
3897,0,1,0.23386252,0.19247496,0.301549620332078,0.067687094,0.0045815427
3898,0,1,-0.28973234,-0.26619005,-0.2035038961502355,0.086228445,0.0074353446
3899,0,1,0.19512165,0.16308582,0.2143058385317473,0.019184187,0.00036803304
3900,0,1,-0.21005344,-0.1962589,-0.0424076018257557,0.16764584,0.028105129
3901,0,1,0.03744197,0.025796771,0.0403674806981309,0.0029255114,8.558617e-06
3902,0,1,-0.04426956,-0.04795289,-0.1098579420930871,0.06558838,0.0043018353
3903,0,1,0.103818655,0.08567703,0.1327455036840519,0.02892685,0.0008367626
3904,0,1,-0.13383245,-0.12767816,-0.1074204298246825,0.026412025,0.00069759507
3905,0,1,0.1014266,0.08355248,-0.051234762275693,0.15266137,0.023305492
3906,0,1,0.046146035,0.033724666,-0.0820047507468633,0.12815079,0.016422626
3907,0,1,0.076450706,0.061184883,-0.0457351506070524,0.122185856,0.014929383
3908,0,1,0.040723324,0.028786778,0.0377440754247706,0.0029792488,8.875923e-06
3909,0,1,-0.04167986,-0.045683622,0.1813980861661652,0.22307794,0.049763765
3910,0,1,-0.17947733,-0.16890132,-0.0843574744667265,0.09511986,0.009047787
3911,0,1,0.078765035,0.06326914,0.0435273533941373,0.03523768,0.0012416942
3912,0,1,-0.047387958,-0.050687194,0.0635165388796743,0.1109045,0.012299808
3913,0,1,-0.067111015,-0.067996025,-0.0023798724838206,0.06473114,0.004190121
3914,0,1,-0.00206244,-0.010283351,0.060187140046338,0.06224958,0.00387501
3915,0,1,-0.063827276,-0.06511271,-0.1724479089241317,0.10862063,0.011798441
3916,0,1,0.16499054,0.13853884,0.19455984621359,0.029569298,0.0008743434
3917,0,1,-0.19173706,-0.17989981,-0.0400173931994616,0.15171966,0.023018856
3918,0,1,0.035084248,0.02364695,0.1325109350471327,0.09742668,0.009491959
3919,0,1,-0.1336112,-0.12747777,-0.1064711971904637,0.027140006,0.00073657994
3920,0,1,0.10049498,0.08272326,-0.0277454306407345,0.1282404,0.016445601
3921,0,1,0.022976875,0.012596726,-0.0875731751820598,0.11055005,0.012221314
3922,0,1,0.0819273,0.066114545,-0.0141026158086119,0.096029915,0.009221745
3923,0,1,0.009511232,0.0002937317,-0.136690518525443,0.14620174,0.02137495
3924,0,1,0.13010657,0.10878587,0.0748272893065422,0.055279277,0.0030557986
3925,0,1,-0.078264356,-0.077789426,-0.082693424520184,0.004429072,1.961668e-05
3926,0,1,0.07712829,0.061794758,0.1014501020566658,0.02432181,0.00059155043
3927,0,1,-0.10422599,-0.10079527,-0.1794081075085971,0.07518211,0.0056523494
3928,0,1,0.1717583,0.14415789,0.1043530931078966,0.0674052,0.0045434614
3929,0,1,-0.10697961,-0.10329783,-0.2971778203015158,0.19019821,0.03617536
3930,0,1,0.2847792,0.23171508,0.3786635943206196,0.09388441,0.008814282
3931,0,1,-0.35829043,-0.32439435,-0.1791311771045654,0.17915925,0.03209804
3932,0,1,0.17148936,0.14393568,0.2326617749787953,0.06117241,0.003742064
3933,0,1,-0.22699475,-0.21130192,-0.225453891135217,0.0015408546,2.3742327e-06
3934,0,1,0.21630847,0.17950904,0.2195434012158161,0.003234923,1.0464726e-05
3935,0,1,-0.21489608,-0.2005676,-0.2807808034460788,0.06588471,0.004340795
3936,0,1,0.26923954,0.2195946,0.214148308543516,0.055091232,0.0030350438
3937,0,1,-0.20990741,-0.19612873,-0.3154500568617906,0.10554263,0.011139247
3938,0,1,0.30200803,0.24462163,0.300783665365312,0.0012243688,1.499079e-06
3939,0,1,-0.2890427,-0.2655946,-0.2349939584648408,0.054048747,0.002921267
3940,0,1,0.2254864,0.18636668,0.1724602010974447,0.0530262,0.0028117779
3941,0,1,-0.17113018,-0.16139233,-0.0987052327264659,0.07242495,0.005245373
3942,0,1,0.09286904,0.07592249,0.033988261924353,0.05888078,0.0034669463
3943,0,1,-0.037972093,-0.042435765,-0.182148771778241,0.14417668,0.020786915
3944,0,1,0.17442071,0.14635348,0.282819283267379,0.10839856,0.011750247
3945,0,1,-0.2728312,-0.2515242,-0.206314353578175,0.06651685,0.004424491
3946,0,1,0.19784033,0.16523468,0.2864002335494497,0.088559896,0.0078428555
3947,0,1,-0.27606964,-0.25434363,-0.2875265093319015,0.011456877,0.00013126004
3948,0,1,0.27564132,0.22463739,0.4169789573430649,0.14133763,0.019976327
3949,0,1,-0.3917024,-0.35196686,-0.4795816144719607,0.08787921,0.007722756
3950,0,1,0.45172083,0.32922232,0.6099547429671588,0.15823388,0.025037961
3951,0,1,-0.5525292,-0.46625066,-0.5739294391715843,0.021400213,0.00045796912
3952,0,1,0.532719,0.24977267,0.5692053774398731,0.036486387,0.0013312565
3953,0,1,-0.51970696,-0.44445074,-0.4271602819365243,0.09254667,0.008564887
3954,0,1,0.4050032,0.3086096,0.3706718702663452,0.03433132,0.0011786397
3955,0,1,-0.35126603,-0.3185295,-0.1622429325432011,0.18902309,0.03572973
3956,0,1,0.15505421,0.13019085,0.1249204569074524,0.030133754,0.0009080431
3957,0,1,-0.12644672,-0.120978594,-0.092963441435554,0.03348328,0.0011211302
3958,0,1,0.08722687,0.07087171,0.1332303551542939,0.04600349,0.0021163211
3959,0,1,-0.1342901,-0.128093,0.0156218668982868,0.14991197,0.022473598
3960,0,1,-0.019838452,-0.026516557,-0.0273020282120619,0.0074635763,5.570497e-05
3961,0,1,0.0225389,0.012196779,0.1285705665855077,0.10603167,0.011242716
3962,0,1,-0.12989366,-0.124105334,-0.1463780873160078,0.016484424,0.00027173624
3963,0,1,0.13957572,0.11697912,-0.0204519579570274,0.16002768,0.02560886
3964,0,1,0.015778542,0.006021023,-0.0064520773836065,0.02223062,0.00049420045
3965,0,1,0.0019580126,-0.006608844,-0.0800522209077516,0.08201023,0.006725678
3966,0,1,0.07452965,0.059452772,0.0328336684147902,0.04169598,0.0017385546
3967,0,1,-0.036832213,-0.041437387,-0.0347469588372844,0.0020852536,4.3482823e-06
3968,0,1,0.029885292,0.018903732,0.0417928448479618,0.011907551,0.00014178979
3969,0,1,-0.045676112,-0.049186587,0.0249554111983678,0.07063152,0.0049888114
3970,0,1,-0.029054165,-0.034632444,0.0184188641452378,0.04747303,0.0022536884
3971,0,1,-0.022600055,-0.028993845,-0.1309352581292953,0.1083352,0.011736515
3972,0,1,0.124475,0.10387814,0.1960657901801277,0.07159078,0.00512524
3973,0,1,-0.19313705,-0.18115413,-0.2445591468961134,0.051422104,0.0026442327
3974,0,1,0.23466766,0.19305456,0.1536021471559314,0.081065506,0.006571616
3975,0,1,-0.15346026,-0.1454494,-0.2045373176999563,0.051077053,0.0026088653
3976,0,1,0.19612134,0.16387737,0.2421580678972643,0.046036735,0.002119381
3977,0,1,-0.23572564,-0.21901906,-0.1011294004783465,0.13459624,0.018116148
3978,0,1,0.09524977,0.07804942,-0.0091900211045197,0.104439795,0.0109076705
3979,0,1,0.0046606064,-0.0041390657,-0.0826446917786987,0.0873053,0.0076222154
3980,0,1,0.07708037,0.06175196,0.2026592539188134,0.12557888,0.015770055
3981,0,1,-0.19926131,-0.1866312,-0.0152337359361558,0.18402757,0.033866145
3982,0,1,0.010627747,0.0013141632,0.1369159366683532,0.12628819,0.015948707
3983,0,1,-0.13776433,-0.13124251,-0.2001611604295463,0.062396824,0.0038933638
3984,0,1,0.19188702,0.16051233,0.1499399141220705,0.04194711,0.0017595602
3985,0,1,-0.15002024,-0.14233887,-0.2323325373897551,0.0823123,0.006775315
3986,0,1,0.22292793,0.18447196,0.3107361872778968,0.08780825,0.007710289
3987,0,1,-0.29798758,-0.2733097,-0.3023283661507012,0.0043407977,1.8842524e-05
3988,0,1,0.2896453,0.23542225,0.4197928892820657,0.13014758,0.016938392
3989,0,1,-0.39413786,-0.35395586,-0.3750761567642997,0.019061714,0.00036334895
3990,0,1,0.3575176,0.28064716,0.3447622370835648,0.012755364,0.00016269932
3991,0,1,-0.32836008,-0.2992463,-0.2791542302031189,0.04920584,0.0024212147
3992,0,1,0.26769435,0.21836793,0.1237679828967348,0.14392638,0.020714803
3993,0,1,-0.12535787,-0.11999047,-0.0323207605333009,0.093037106,0.008655903
3994,0,1,0.027491331,0.016718745,0.1396789667142468,0.11218764,0.0125860665
3995,0,1,-0.14036751,-0.13360095,-0.1107788049083364,0.0295887,0.0008754911
3996,0,1,0.10472214,0.08647978,0.0911451178708735,0.013577022,0.00018433551
3997,0,1,-0.094341874,-0.09190142,-0.1739233481656223,0.07958147,0.00633321
3998,0,1,0.16642582,0.13973546,0.2185665494523345,0.052140728,0.0027186554
3999,0,1,-0.21399319,-0.19976509,0.0986462147031186,0.31263942,0.09774341
4000,0,1,-0.10156429,-0.09837699,0.0070811750235881,0.10864546,0.011803837
4001,0,1,-0.011404991,-0.018817782,-0.0843790851307397,0.07297409,0.005325218
4002,0,1,0.078786016,0.06328857,0.1428955037584054,0.06410949,0.0041100266
4003,0,1,-0.14339542,-0.13634396,-0.0525111819875583,0.09088424,0.008259945
4004,0,1,0.04740393,0.034869432,0.1005407381326002,0.053136803,0.0028235198
4005,0,1,-0.10336304,-0.10001135,-0.1693550589146391,0.06599203,0.0043549477
4006,0,1,0.16198099,0.13602173,0.1840199060971696,0.022038922,0.00048571406
4007,0,1,-0.18192255,-0.17109811,-0.2867375293318803,0.10481498,0.010986179
4008,0,1,0.27489293,0.22405183,0.2494014398791659,0.025491491,0.0006498161
4009,0,1,-0.24237025,-0.22487414,-0.2564147443215285,0.014044493,0.00019724779
4010,0,1,0.24601829,0.2010616,0.2042137710626981,0.041804522,0.0017476181
4011,0,1,-0.20070338,-0.18791974,-0.061944822297334,0.13875856,0.019253938
4012,0,1,0.056701064,0.04331875,0.1006994692997516,0.043998405,0.0019358597
4013,0,1,-0.1035136,-0.1001482,-0.0765110218299138,0.027002573,0.00072913896
4014,0,1,0.07104468,0.05630696,-0.0555828826549542,0.12662756,0.01603454
4015,0,1,0.050431967,0.037623763,0.2382393457585532,0.18780738,0.03527161
4016,0,1,-0.23212576,-0.21583998,-0.2306636740270142,0.001462087,2.1376984e-06
4017,0,1,0.22132313,0.18327606,0.1061229250021325,0.11520021,0.013271088
4018,0,1,-0.10865784,-0.104822874,0.0210898795157223,0.12974772,0.016834471
4019,0,1,-0.025237441,-0.031297326,-0.0313359533382131,0.0060985126,3.7191854e-05
4020,0,1,0.026519895,0.015832305,0.2014404846858994,0.17492059,0.030597212
4021,0,1,-0.19812989,-0.18562007,-0.2010050168849244,0.0028751194,8.266312e-06
4022,0,1,0.19270408,0.16116416,0.3896351745074209,0.1969311,0.038781855
4023,0,1,-0.36790383,-0.33238232,-0.3972312488346745,0.029327422,0.0008600977
4024,0,1,0.37783873,0.29073417,0.3840523480891595,0.0062136054,3.860889e-05
4025,0,1,-0.36301696,-0.32832706,-0.465405050313433,0.102388084,0.01048332
4026,0,1,0.43919957,0.32732713,0.4657719057903746,0.026572347,0.0007060896
4027,0,1,-0.43358135,-0.38483357,-0.3436088072394196,0.089972556,0.0080950605
4028,0,1,0.3283645,0.26298177,0.2282898759066938,0.10007462,0.01001493
4029,0,1,-0.22296739,-0.20773399,-0.23513717148294,0.012169778,0.0001481035
4030,0,1,0.22562397,0.18646824,-0.0351953614546376,0.26081932,0.068026714
4031,0,1,0.030327797,0.019307375,-0.0171388458864774,0.047466643,0.002253082
4032,0,1,0.012508273,0.0030325651,-0.0317681449490068,0.044276416,0.001960401
4033,0,1,0.026946545,0.016221642,-0.0499195030989543,0.076866046,0.005908389
4034,0,1,0.044849157,0.032544494,-0.063658527902296,0.108507685,0.011773918
4035,0,1,0.058389425,0.04485035,-0.0060335347702697,0.06442296,0.0041503175
4036,0,1,0.0015445948,-0.006986499,0.0517378085160851,0.050193213,0.0025193586
4037,0,1,-0.05549097,-0.057795405,0.0110010816809387,0.06649205,0.0044211927
4038,0,1,-0.015275359,-0.022351861,0.0371230054351741,0.052398365,0.0027455885
4039,0,1,-0.041066527,-0.045146227,0.2194043837408357,0.26047093,0.067845106
4040,0,1,-0.21476722,-0.2004534,-0.0484403968167022,0.16632682,0.027664611
4041,0,1,0.04339075,0.031216621,-0.0282608055389574,0.071651556,0.0051339455
4042,0,1,0.023485065,0.013061166,0.1216995866355474,0.09821452,0.009646093
4043,0,1,-0.12340343,-0.11821592,-0.0938589544291044,0.029544473,0.00087287585
4044,0,1,0.08810711,0.071660876,0.2466828939791658,0.15857579,0.025146281
4045,0,1,-0.2398777,-0.22267973,-0.2781238858998971,0.038246185,0.0014627706
4046,0,1,0.26671493,0.21758878,0.3846109288980599,0.11789599,0.013899464
4047,0,1,-0.36350656,-0.32873344,-0.439439346519346,0.0759328,0.00576579
4048,0,1,0.41604698,0.31639564,0.2310338152678006,0.18501316,0.03422987
4049,0,1,-0.2254957,-0.20997453,-0.36159849850971,0.1361028,0.01852397
4050,0,1,0.34507215,0.27350724,0.5356064527385962,0.1905343,0.036303315
4051,0,1,-0.4921564,-0.4257766,-0.5391717158867733,0.04701531,0.0022104394
4052,0,1,0.5033704,0.30747616,0.538304321623573,0.034933925,0.0012203791
4053,0,1,-0.4943862,-0.42730057,-0.5628412621482275,0.06845504,0.0046860925
4054,0,1,0.52342117,0.27329576,0.4117300414241522,0.11169112,0.012474906
4055,0,1,-0.38715184,-0.348243,-0.3176033820041826,0.06954846,0.004836988
4056,0,1,0.30403197,0.24609578,0.1899632674102023,0.1140687,0.013011669
4057,0,1,-0.18745983,-0.17606676,-0.2500969194159663,0.06263709,0.003923405
4058,0,1,0.2399739,0.19683468,0.2885324825239819,0.048558593,0.002357937
4059,0,1,-0.27799606,-0.25601912,-0.1336620394698817,0.14433402,0.02083231
4060,0,1,0.12714386,0.106206656,0.0354893963769544,0.091654465,0.008400541
4061,0,1,-0.039453983,-0.043733597,0.0945988813238565,0.13405287,0.017970173
4062,0,1,-0.09772122,-0.0948838,-0.1030397460831442,0.00531853,2.828676e-05
4063,0,1,0.09712589,0.07972336,0.0171865998659541,0.07993929,0.0063902903
4064,0,1,-0.021383047,-0.027926445,-0.1517021906280282,0.13031915,0.01698308
4065,0,1,0.14477432,0.12144232,0.2005938197038357,0.055819497,0.0031158163
4066,0,1,-0.19734406,-0.18491733,-0.2149699736873589,0.017625913,0.0003106728
4067,0,1,0.20620143,0.17177117,0.3279246790838146,0.121723235,0.014816546
4068,0,1,-0.31337082,-0.2864977,-0.3512919563414829,0.03792113,0.0014380121
4069,0,1,0.335513,0.26760542,0.1740073490090992,0.16150564,0.026084071
4070,0,1,-0.17257571,-0.16269422,0.0170006081611835,0.18957633,0.035939183
4071,0,1,-0.021199584,-0.027758598,0.0619974224727286,0.083197005,0.0069217416
4072,0,1,-0.06561279,-0.06668043,-0.1162253948912623,0.0506126,0.002561635
4073,0,1,0.11006403,0.0912106,0.2042693901020189,0.094205365,0.008874651
4074,0,1,-0.20075512,-0.18796623,-0.3059041177401846,0.105149,0.011056312
4075,0,1,0.29301894,0.23796451,0.2906394580331521,0.002379477,5.661911e-06
4076,0,1,-0.27989912,-0.25767195,-0.2188774118409828,0.061021715,0.0037236498
4077,0,1,0.20997155,0.17467868,0.2654341838584526,0.05546263,0.0030761033
4078,0,1,-0.25702655,-0.23773551,-0.3260173993931012,0.06899086,0.004759738
4079,0,1,0.31192744,0.25175083,0.3899006466265182,0.07797322,0.0060798223
4080,0,1,-0.3681363,-0.33257484,-0.2896406145321615,0.07849568,0.006161572
4081,0,1,0.2776457,0.22620237,0.4026722448590834,0.12502652,0.015631631
4082,0,1,-0.37927914,-0.34177768,-0.5406246621046167,0.16134554,0.026032384
4083,0,1,0.5046092,0.30626547,0.4168202169200194,0.087789,0.0077069085
4084,0,1,-0.3915646,-0.3518542,-0.4074194186228297,0.015854806,0.00025137488
4085,0,1,0.38712394,0.29465568,0.3037285350093321,0.08339542,0.006954796
4086,0,1,-0.29169226,-0.26788354,-0.1072287919533512,0.18446347,0.03402677
4087,0,1,0.10123813,0.08338499,0.0871944769894401,0.0140436515,0.00019722414
4088,0,1,-0.09045076,-0.08848739,0.0959761569352222,0.18642692,0.034755
4089,0,1,-0.09902942,-0.096072674,-0.2909463725344541,0.19191694,0.036832113
4090,0,1,0.27888215,0.22716439,0.2182511995335356,0.060630947,0.0036761118
4091,0,1,-0.21370137,-0.19950569,-0.301719633356742,0.08801827,0.0077472157
4092,0,1,0.28907096,0.23498714,0.1853357606287946,0.10373521,0.010760994
4093,0,1,-0.18314946,-0.17219937,-0.0137583959322142,0.16939107,0.028693333
4094,0,1,0.0091712475,-1.692772e-05,0.1748166317026152,0.16564539,0.027438395
4095,0,1,-0.17333257,-0.1633749,-0.1879336269021636,0.014601052,0.00021319071
4096,0,1,0.1800369,0.15095222,0.1971041992250086,0.017067298,0.00029129267
4097,0,1,-0.19410253,-0.18201745,-0.1354817810841129,0.05862075,0.0034363924
4098,0,1,0.12892401,0.10775769,0.100535874771158,0.028388135,0.00080588623
4099,0,1,-0.10335803,-0.10000706,-0.0079294234243743,0.09542861,0.009106619
4100,0,1,0.0034166574,-0.0052763224,-0.1075795124379048,0.11099617,0.012320151
4101,0,1,0.101582766,0.08369112,0.0718008959505787,0.02978187,0.00088695984
4102,0,1,-0.07528055,-0.0751698,-0.0291910926542766,0.046089455,0.0021242378
4103,0,1,0.024402976,0.013899922,-0.0300152001748217,0.054418176,0.002961338
4104,0,1,0.025216341,0.014642119,0.1739299645863894,0.14871362,0.02211574
4105,0,1,-0.17250347,-0.16262877,-0.1850967943100274,0.012593329,0.00015859194
4106,0,1,0.1772834,0.14870262,0.1342134380552448,0.043069974,0.0018550226
4107,0,1,-0.13521671,-0.12893319,-0.1269412723260967,0.008275434,6.848281e-05
4108,0,1,0.12056506,0.100455165,0.0411772332967468,0.07938783,0.0063024275
4109,0,1,-0.045068502,-0.04865372,0.0324847196605555,0.07755323,0.006014503
4110,0,1,-0.0364877,-0.041135907,-0.1993656247101209,0.16287793,0.02652922
4111,0,1,0.19111669,0.15989721,0.279337305974116,0.088220626,0.007782879
4112,0,1,-0.2696793,-0.24877608,-0.2405667400351003,0.029112563,0.0008475413
4113,0,1,0.23083842,0.190287,0.3800742078682846,0.14923579,0.02227132
4114,0,1,-0.3595289,-0.3254255,-0.3018393067686109,0.057689607,0.0033280908
4115,0,1,0.2891835,0.23507226,0.4266807470664007,0.13749725,0.018905492
4116,0,1,-0.40008998,-0.3588041,-0.2613995233549062,0.13869044,0.01923504
4117,0,1,0.2507807,0.20471895,0.1713518837052856,0.07942882,0.006308938
4118,0,1,-0.17009366,-0.16045868,-0.2759789197159414,0.10588527,0.01121169
4119,0,1,0.26467526,0.21596086,0.107030068293932,0.1576452,0.024852008
4120,0,1,-0.10951769,-0.10560417,-0.0927937083594589,0.016723983,0.0002796916
4121,0,1,0.087060094,0.07072222,0.03793413656394,0.04912596,0.0024133597
4122,0,1,-0.041867495,-0.045847774,-0.0219204293596879,0.019947065,0.0003978854
4123,0,1,0.017227769,0.0073451996,0.0776337792550554,0.060406007,0.0036488858
4124,0,1,-0.08103025,-0.08021808,-0.0509316359888323,0.030098613,0.0009059265
4125,0,1,0.04584706,0.03345263,0.0015733846316743,0.044273674,0.0019601583
4126,0,1,-0.0059661865,-0.013850093,0.1285184623843562,0.13448465,0.01808612
4127,0,1,-0.12984455,-0.12406075,-0.144441418083165,0.014596865,0.00021306846
4128,0,1,0.13768375,0.11534846,0.1308642854259747,0.006819457,4.6504992e-05
4129,0,1,-0.13205802,-0.12606883,-0.1282716438002025,0.003786385,1.43367115e-05
4130,0,1,0.12186742,0.10159695,0.0547863165382038,0.0670811,0.004499874
4131,0,1,-0.058499217,-0.060435414,-0.1219265174781896,0.0634273,0.0040230225
4132,0,1,0.11565268,0.096140385,0.34724858724434,0.2315959,0.053636663
4133,0,1,-0.330567,-0.30111468,-0.3423052345501298,0.011738241,0.0001377863
4134,0,1,0.32715023,0.26217878,0.3316081123659236,0.004457891,1.9872792e-05
4135,0,1,-0.31665707,-0.2893014,-0.3445247682096355,0.027867705,0.00077660894
4136,0,1,0.32921803,0.26354253,0.4189975969857082,0.089779556,0.008060369
4137,0,1,-0.39344943,-0.35339427,-0.4856689796305684,0.09221956,0.0085044475
4138,0,1,0.45707095,0.32929432,0.6000516458370917,0.1429807,0.020443479
4139,0,1,-0.5446081,-0.46103644,-0.5687316133529503,0.02412349,0.0005819428
4140,0,1,0.52836835,0.26102245,0.5445703576619161,0.016202033,0.00026250587
4141,0,1,-0.4995551,-0.430822,-0.5318158268168232,0.032260716,0.0010407538
4142,0,1,0.49708402,0.31307685,0.5541358147038207,0.057051778,0.0032549053
4143,0,1,-0.5074161,-0.43615508,-0.5147472430368765,0.007331133,5.374551e-05
4144,0,1,0.48239815,0.3227538,0.6030757181013511,0.12067759,0.014563081
4145,0,1,-0.54703104,-0.4626341,-0.6392046478944187,0.09217358,0.008495968
4146,0,1,0.5861653,0.08126426,0.457606420699536,0.12855887,0.016527385
4147,0,1,-0.42662656,-0.37965465,-0.4312299401145563,0.004603386,2.1191161e-05
4148,0,1,0.40866983,0.3112744,0.5772225497763916,0.1685527,0.028410012
4149,0,1,-0.5262122,-0.448812,-0.658159671799387,0.13194746,0.017410131
4150,0,1,0.60125625,0.02579999,0.6087382554665737,0.0074819922,5.5980207e-05
4151,0,1,-0.5515585,-0.46561265,-0.6658907752143988,0.11433226,0.013071866
4152,0,1,0.6073543,0.0027323961,0.603755608223757,0.00359869,1.295057e-05
4153,0,1,-0.54757524,-0.46299207,-0.5512407375673936,0.0036655068,1.3435941e-05
4154,0,1,0.51362836,0.29592383,0.4377568875274462,0.07587147,0.0057564797
4155,0,1,-0.40962923,-0.36636376,-0.2982267223585613,0.11140251,0.01241052
4156,0,1,0.28577054,0.23247445,0.1412233298141405,0.14454721,0.020893896
4157,0,1,-0.1418215,-0.13491797,-0.2250551544918175,0.083233654,0.0069278413
4158,0,1,0.21592462,0.17921841,0.1250026803199595,0.09092194,0.008266799
4159,0,1,-0.12652397,-0.12104857,-0.0366664696062795,0.089857504,0.008074371
4160,0,1,0.03177905,0.02063191,-0.0339911466817104,0.065770194,0.0043257186
4161,0,1,0.02913928,0.018223047,-0.0596425456558116,0.088781826,0.007882212
4162,0,1,0.054432392,0.04125893,0.1923439610140238,0.13791157,0.019019602
4163,0,1,-0.18967581,-0.17805326,-0.1418265176841648,0.047849298,0.0022895553
4164,0,1,0.13512802,0.11314058,0.1335796089172551,0.0015484095,2.397572e-06
4165,0,1,-0.13461947,-0.12839174,-0.0754559429708818,0.059163533,0.0035003237
4166,0,1,0.07000649,0.055369258,-0.1273470161953662,0.19735351,0.03894841
4167,0,1,0.1209625,0.10080397,0.0988681346829296,0.022094369,0.00048816114
4168,0,1,-0.10177529,-0.09856856,-0.0688958148660756,0.03287947,0.0010810597
4169,0,1,0.06354785,0.049526572,0.0757067592512124,0.012158908,0.00014783905
4170,0,1,-0.07913065,-0.0785507,0.0438306913734851,0.12296134,0.015119492
4171,0,1,-0.047688007,-0.050949812,-0.1253066142489391,0.077618614,0.0060246494
4172,0,1,0.11896396,0.09905112,0.1805233105015895,0.06155935,0.0037895534
4173,0,1,-0.17866087,-0.16816759,-0.3006088610962945,0.121948004,0.014871316
4174,0,1,0.28802145,0.23419058,0.1793374112988741,0.10868403,0.011812219
4175,0,1,-0.17755449,-0.16717279,-0.0586183255386436,0.118936166,0.014145812
4176,0,1,0.053423643,0.04034233,0.1681335618993797,0.114709914,0.013158364
4177,0,1,-0.16708267,-0.15774572,-0.0907687036537812,0.076313965,0.0058238213
4178,0,1,0.08506942,0.06893623,0.0817341433234946,0.0033352748,1.1124058e-05
4179,0,1,-0.08507109,-0.08376551,0.1128591147735,0.1979302,0.039176363
4180,0,1,-0.11503959,-0.110621095,-0.2398569284363139,0.12481734,0.015579369
4181,0,1,0.23015678,0.18979132,0.2087779305335362,0.021378845,0.00045705502
4182,0,1,-0.20493472,-0.19169712,-0.2940206861873975,0.08908597,0.007936309
4183,0,1,0.28179276,0.22941864,0.2296346547726557,0.052158102,0.0027204677
4184,0,1,-0.22420669,-0.2088325,-0.3054081266637236,0.081201434,0.006593673
4185,0,1,0.2925514,0.2376138,0.2087625543654809,0.08378884,0.00702057
4186,0,1,-0.20492065,-0.1916846,-0.2011715344064302,0.0037491173,1.40558805e-05
4187,0,1,0.19286525,0.16129243,0.2870950614180587,0.09422982,0.008879258
4188,0,1,-0.27669787,-0.25488973,-0.3740383654820511,0.097340494,0.009475172
4189,0,1,0.35656154,0.28012216,0.4507339700206876,0.09417242,0.008868445
4190,0,1,-0.42075586,-0.37508154,-0.4368370745159637,0.016081214,0.00025860543
4191,0,1,0.41371143,0.31481063,0.4773334780325087,0.06362206,0.0040477663
4192,0,1,-0.44339132,-0.39181674,-0.4654189652963196,0.022027642,0.000485217
4193,0,1,0.43921244,0.32733023,0.3415204736100052,0.09769195,0.009543718
4194,0,1,-0.32548046,-0.29680526,-0.2313827316325751,0.09409773,0.008854384
4195,0,1,0.22201455,0.18379271,-0.03836591039698,0.26038045,0.067797974
4196,0,1,0.03345573,0.022161484,0.0236430744288169,0.009812655,9.62882e-05
4197,0,1,-0.02775836,-0.033499718,-0.1327059929996721,0.10494763,0.011014004
4198,0,1,0.1262083,0.10539091,0.1953912815618637,0.06918298,0.004786284
4199,0,1,-0.19251013,-0.18059242,-0.144284838862345,0.048225284,0.002325678
4200,0,1,0.13753068,0.11521566,0.2059035402697488,0.06837286,0.004674848
4201,0,1,-0.20227075,-0.18931925,-0.1234900037293622,0.07878074,0.006206405
4202,0,1,0.11718452,0.09748757,0.1559666770631944,0.038782164,0.0015040563
4203,0,1,-0.15567958,-0.1474551,-0.1334206937349669,0.022258893,0.0004954583
4204,0,1,0.12690735,0.10600126,0.0444675863277364,0.082439765,0.006796315
4205,0,1,-0.04831648,-0.051501155,-0.1784386006954861,0.13012213,0.016931767
4206,0,1,0.1708163,0.14337981,0.145291214025566,0.025525093,0.0006515304
4207,0,1,-0.14564979,-0.13838434,-0.0965977866587548,0.049052007,0.0024060993
4208,0,1,0.09079838,0.07407069,-0.0239567121935893,0.114755094,0.013168732
4209,0,1,0.0192374,0.009181619,-0.0686671198717137,0.08790452,0.007727205
4210,0,1,0.06332278,0.049322486,0.2635121457595135,0.20018935,0.040075775
4211,0,1,-0.25527334,-0.23620105,-0.4195435391404787,0.16427019,0.026984695
4212,0,1,0.39812243,0.30341637,0.4351698863030739,0.037047446,0.0013725132
4213,0,1,-0.40740454,-0.3646134,-0.4298194934613597,0.022414953,0.0005024301
4214,0,1,0.40739954,0.3103603,0.3469318898253613,0.06046763,0.0036563342
4215,0,1,-0.33028603,-0.30087686,-0.3761025312005979,0.04581651,0.0020991527
4216,0,1,0.3584634,0.28116214,0.2862934483652284,0.07216996,0.005208503
4217,0,1,-0.27597308,-0.25425994,-0.2015430827784683,0.074430004,0.0055398257
4218,0,1,0.19322479,0.16157877,0.3375438149257721,0.14431903,0.020827983
4219,0,1,-0.32194376,-0.29380178,-0.2016657559872869,0.120278,0.014466798
4220,0,1,0.19334328,0.16167295,0.2795711836547274,0.086227894,0.0074352496
4221,0,1,-0.26989138,-0.24896073,-0.3445708285118891,0.074679434,0.005577018
4222,0,1,0.3292607,0.26357067,0.0827247846744962,0.24653593,0.060779963
4223,0,1,-0.08604717,-0.0846225,-0.2342676890495527,0.14822051,0.02196932
4224,0,1,0.22478831,0.18585098,0.2794640902248695,0.054675788,0.0029894419
4225,0,1,-0.2697941,-0.24887633,-0.1498651683718856,0.11992894,0.014382951
4226,0,1,0.14298105,0.11990595,0.1664634674677445,0.023482412,0.0005514237
4227,0,1,-0.16551924,-0.15633631,-0.2047033952134265,0.039184153,0.0015353978
4228,0,1,0.19628227,0.16400445,0.0250941707123772,0.1711881,0.029305367
4229,0,1,-0.029191256,-0.03475201,-0.265078186752419,0.23588693,0.055642646
4230,0,1,0.2542919,0.20758331,0.2174630554776688,0.03682883,0.0013563628
4231,0,1,-0.21297348,-0.19885755,0.0614399059725965,0.27441338,0.075302705
4232,0,1,-0.06506264,-0.066197515,-0.016361745082875,0.0487009,0.0023717775
4233,0,1,0.011740923,0.0023319721,-0.1637514825897372,0.1754924,0.030797584
4234,0,1,0.15652406,0.13143325,0.2039587581430504,0.047434703,0.002250051
4235,0,1,-0.20046651,-0.18770862,-0.2103944931794388,0.009927973,9.856465e-05
4236,0,1,0.2017833,0.16833222,0.0045486693054797,0.19723463,0.0389015
4237,0,1,-0.008904099,-0.016533613,0.0658997062943267,0.07480381,0.0055956095
4238,0,1,-0.069461465,-0.07006025,0.0803890388067456,0.1498505,0.022455173
4239,0,1,-0.08374572,-0.08260238,0.0188405308654133,0.10258625,0.010523938
4240,0,1,-0.023016095,-0.029357672,0.1594407274776663,0.18245682,0.03329049
4241,0,1,-0.15893888,-0.15039885,-0.2986656729121273,0.13972679,0.019523576
4242,0,1,0.28618538,0.23279107,0.2330536141974086,0.053131774,0.0028229854
4243,0,1,-0.2273556,-0.21162093,-0.1817545631188315,0.04560104,0.002079455
4244,0,1,0.17403781,0.14603817,0.04641353994082,0.12762427,0.016287955
4245,0,1,-0.05023682,-0.053185463,-0.1138028269144484,0.06356601,0.004040637
4246,0,1,0.10768819,0.08910859,0.030195936767446,0.07749225,0.006005049
4247,0,1,-0.034228206,-0.039158225,0.328847410706018,0.3630756,0.1318239
4248,0,1,-0.31419432,-0.2872008,-0.2271604041744344,0.08703391,0.007574902
4249,0,1,0.21795166,0.18074834,0.0074321997228996,0.21051946,0.044318445
4250,0,1,-0.011751413,-0.019133925,0.026085687804743,0.037837103,0.0014316464
4251,0,1,-0.030170083,-0.035608053,-0.0721918134474359,0.04202173,0.0017658257
4252,0,1,0.06679356,0.05246401,0.0336800346339505,0.033113528,0.0010965058
4253,0,1,-0.03766787,-0.042169094,-0.1246293951526669,0.08696152,0.0075623062
4254,0,1,0.11830068,0.0984683,0.0267825609727696,0.09151812,0.008375566
4255,0,1,-0.030858159,-0.03620982,-0.0260637275746704,0.004794432,2.2986576e-05
4256,0,1,0.021317363,0.011080742,0.0509641507787164,0.029646788,0.000878932
4257,0,1,-0.054727316,-0.05712533,-0.277527791793746,0.22280046,0.04964005
4258,0,1,0.26614845,0.21713722,0.2763229943747729,0.010174543,0.00010352132
4259,0,1,-0.26694143,-0.24639118,-0.1515376013285274,0.11540383,0.013318044
4260,0,1,0.1446135,0.12130487,0.0876412182561454,0.056972288,0.0032458415
4261,0,1,-0.090890884,-0.08887339,-0.0396294314203147,0.051261455,0.0026277367
4262,0,1,0.034701586,0.023298025,-0.0236184729310058,0.05832006,0.0034012294
4263,0,1,0.018903732,0.008876801,0.0204584894402035,0.0015547574,2.4172705e-06
4264,0,1,-0.024613738,-0.030752301,0.0192297284649149,0.043843467,0.0019222496
4265,0,1,-0.023400784,-0.02969265,-0.0434749635146585,0.020074181,0.00040297274
4266,0,1,0.038494587,0.026756287,0.2148753115178314,0.17638072,0.03111016
4267,0,1,-0.21057999,-0.19672763,-0.2637484170343285,0.053168416,0.0028268804
4268,0,1,0.25302303,0.20655024,0.2295642203378645,0.023458809,0.0005503157
4269,0,1,-0.22414184,-0.20877492,-0.1234968642147102,0.10064497,0.01012941
4270,0,1,0.117191315,0.09749341,0.1522579570760609,0.03506665,0.0012296699
4271,0,1,-0.15219796,-0.14430845,-0.048207742644696,0.10399021,0.0108139645
4272,0,1,0.043161154,0.031008124,-0.0008068798217701,0.043968033,0.001933188
4273,0,1,-0.0036159754,-0.011702538,-0.1415802139380806,0.13796423,0.01903413
4274,0,1,0.1348877,0.112932205,0.0412272210018844,0.093660474,0.008772285
4275,0,1,-0.045118093,-0.048696756,-0.1040728948811369,0.058954798,0.0034756681
4276,0,1,0.09814012,0.080626965,0.1478657696932017,0.04972565,0.0024726405
4277,0,1,-0.14807093,-0.14057541,-0.0624190149412151,0.08565192,0.0073362514
4278,0,1,0.057168245,0.043742537,0.1734957292717036,0.11632748,0.013532083
4279,0,1,-0.17209792,-0.1622634,-0.1034774372169444,0.06862048,0.00470877
4280,0,1,0.09755552,0.0801059,0.1489977401296121,0.05144222,0.002646302
4281,0,1,-0.14913476,-0.14153814,-0.1663152235104832,0.017180473,0.00029516863
4282,0,1,0.15902126,0.13353705,0.0912041899598754,0.06781707,0.004599155
4283,0,1,-0.09440029,-0.09195185,0.1152628438868579,0.20966312,0.043958627
4284,0,1,-0.11731553,-0.11268771,-0.1248295188861878,0.007513985,5.6459972e-05
4285,0,1,0.118496776,0.09864068,0.1936888321931025,0.07519205,0.005653844
4286,0,1,-0.19092703,-0.17917466,-0.0283585286184939,0.1625685,0.026428515
4287,0,1,0.023581743,0.013149619,0.2183865732216883,0.19480483,0.03794892
4288,0,1,-0.21382642,-0.19961691,0.0027739307105816,0.21660034,0.04691571
4289,0,1,-0.007151842,-0.014932632,-0.1254391860948778,0.11828734,0.013991895
4290,0,1,0.119093776,0.0991652,0.0098810982367041,0.10921268,0.01192741
4291,0,1,-0.014169574,-0.02134204,0.0527628680991165,0.06693244,0.0044799517
4292,0,1,-0.05650258,-0.058683038,0.1040099612124141,0.16051254,0.025764275
4293,0,1,-0.10665381,-0.10300195,0.070399616261527,0.17705342,0.031347916
4294,0,1,-0.07389903,-0.07395637,0.015868553779099,0.08976758,0.008058219
4295,0,1,-0.020081997,-0.026738763,-0.125472646469906,0.10539065,0.01110719
4296,0,1,0.1191268,0.09919369,0.2088179554701568,0.08969116,0.008044505
4297,0,1,-0.2049725,-0.1917299,-0.2388196094691979,0.03384711,0.0011456268
4298,0,1,0.22916067,0.18906486,0.1981063868149462,0.031054273,0.0009643679
4299,0,1,-0.19503355,-0.1828512,-0.121051135425436,0.07398242,0.005473398
4300,0,1,0.11479437,0.095384836,0.1405257096408758,0.02573134,0.00066210184
4301,0,1,-0.14116478,-0.13432264,-0.1154798023206564,0.025684975,0.00065971795
4302,0,1,0.10933316,0.09056401,0.0598983208013508,0.049434837,0.002443803
4303,0,1,-0.06354201,-0.06486261,-0.0864005945753394,0.02285859,0.00052251515
4304,0,1,0.080774546,0.06507778,-0.0625476656406156,0.14332221,0.020541256
4305,0,1,0.057294965,0.043857455,0.0984717010767117,0.041176736,0.0016955236
4306,0,1,-0.101398826,-0.09822643,-0.0594319145773283,0.04196691,0.0017612217
4307,0,1,0.054224968,0.041070223,-0.0886465214732454,0.1428715,0.020412264
4308,0,1,0.082983255,0.067062736,-0.0302618824809555,0.11324514,0.012824461
4309,0,1,0.025459886,0.0148643255,0.170395428378274,0.14493555,0.021006314
4310,0,1,-0.16919887,-0.15965271,-0.0451618310025225,0.12403704,0.015385188
4311,0,1,0.040158033,0.02827251,0.0972590443038228,0.05710101,0.0032605254
4312,0,1,-0.1002475,-0.09717953,-0.1010272321848626,0.00077973306,6.079836e-07
4313,0,1,0.095149755,0.077959895,-0.0395085687710847,0.13465832,0.018132864
4314,0,1,0.034582376,0.023189545,0.1552620145818253,0.12067963,0.0145635735
4315,0,1,-0.15501869,-0.14685774,-0.1560941189755853,0.0010754317,1.1565534e-06
4316,0,1,0.14905941,0.1251024,0.0465585436902002,0.10250087,0.010506429
4317,0,1,-0.05037999,-0.05331111,-0.0408318947426318,0.009548098,9.116617e-05
4318,0,1,0.03588772,0.024379492,0.0211818620827264,0.014705855,0.00021626218
4319,0,1,-0.025328279,-0.03137636,-0.0709256207454087,0.045597345,0.0020791178
4320,0,1,0.06554639,0.05133593,0.21264541407448,0.14709902,0.021638121
4321,0,1,-0.20851696,-0.1948899,-0.16514978947754,0.043367162,0.0018807108
4322,0,1,0.15788615,0.13258135,-0.1337065207596313,0.29159266,0.08502628
4323,0,1,0.12718725,0.10624492,0.1183827715800809,0.008804478,7.751883e-05
4324,0,1,-0.120266914,-0.115368605,-0.202390611150014,0.0821237,0.0067443014
4325,0,1,0.19404495,0.16223061,0.2601658221626761,0.06612086,0.0043719686
4326,0,1,-0.2522179,-0.23352444,-0.2985018892295412,0.04628399,0.0021422077
4327,0,1,0.28603065,0.23267329,0.2672285991253587,0.018802047,0.00035351695
4328,0,1,-0.25866246,-0.2391665,-0.1816017172977824,0.077060744,0.005938358
4329,0,1,0.17388952,0.14591575,0.1331557889391035,0.040733725,0.0016592364
4330,0,1,-0.13421953,-0.12802935,-0.0672392504781371,0.06698028,0.004486358
4331,0,1,0.061916232,0.048048258,-0.029595509223729,0.09151174,0.008374399
4332,0,1,0.024802208,0.014263749,0.023582636784321,0.0012195706,1.4873525e-06
4333,0,1,-0.027699113,-0.033447504,-0.0061438418568635,0.021555271,0.0004646297
4334,0,1,0.0016531944,-0.006886959,0.1483686361703462,0.14671545,0.021525422
4335,0,1,-0.14854395,-0.14100301,-0.0689403725575261,0.07960358,0.0063367304
4336,0,1,0.06359136,0.04956591,0.0773784042252647,0.013787046,0.00019008265
4337,0,1,-0.08077848,-0.07999742,-0.0997630078723614,0.018984526,0.00036041223
4338,0,1,0.093907595,0.07685161,-0.0814469693109449,0.17535457,0.030749226
4339,0,1,0.075902104,0.060689688,0.1793941052746508,0.10349201,0.010710595
4340,0,1,-0.17760754,-0.16722047,-0.049403352461411,0.12820418,0.016436312
4341,0,1,0.044340372,0.032081246,0.1177524089935388,0.07341204,0.005389327
4342,0,1,-0.11967111,-0.114827394,-0.1655916233959822,0.04592052,0.0021086943
4343,0,1,0.15831673,0.13294423,0.1259300617963783,0.032386675,0.0010488967
4344,0,1,-0.1274004,-0.12184346,-0.1059027993686192,0.0214976,0.0004621468
4345,0,1,0.099936366,0.08222711,0.1535727524310848,0.053636387,0.002876862
4346,0,1,-0.15343261,-0.1454246,-0.2734832882927076,0.12005067,0.014412163
4347,0,1,0.26230085,0.2140578,0.3280000108657843,0.06569916,0.00431638
4348,0,1,-0.31343818,-0.28655553,-0.2520943300198646,0.06134385,0.0037630678
4349,0,1,0.24188554,0.1981808,0.4155051151152535,0.17361957,0.030143755
4350,0,1,-0.39042532,-0.35092294,-0.3685237302547433,0.021901608,0.0004796804
4351,0,1,0.35147488,0.27726233,0.2659734227491264,0.08550146,0.0073105
4352,0,1,-0.2575183,-0.23816538,-0.1523711314443963,0.10514715,0.011055924
4353,0,1,0.14542699,0.12200105,0.1895709496508064,0.04414396,0.0019486892
4354,0,1,-0.18709457,-0.17573941,0.0258502855158282,0.21294485,0.045345508
4355,0,1,-0.029937863,-0.03540492,-0.2622191466861745,0.2322813,0.0539546
4356,0,1,0.2515639,0.20535862,0.3422453627411841,0.09068146,0.008223128
4357,0,1,-0.3261249,-0.29735136,-0.2148433047479039,0.1112816,0.012383595
4358,0,1,0.20607936,0.17167652,0.2078443928207998,0.0017650276,3.1153227e-06
4359,0,1,-0.20406985,-0.19092512,-0.2548590858660144,0.050789237,0.0025795465
4360,0,1,0.2445308,0.20002973,0.2087760189477545,0.035754785,0.0012784046
4361,0,1,-0.20493305,-0.19169569,-0.1409704143775692,0.06396264,0.004091219
4362,0,1,0.13429117,0.112416506,0.1521875387364366,0.01789637,0.00032028003
4363,0,1,-0.15213203,-0.1442486,-0.0833980753737722,0.06873396,0.0047243573
4364,0,1,0.07782149,0.062419176,-0.0218329682363844,0.099654466,0.009931013
4365,0,1,0.017142177,0.0072665215,-0.0174443469639191,0.034586523,0.0011962275
4366,0,1,0.012809992,0.0033079386,-0.0716432594384519,0.084453255,0.0071323523
4367,0,1,0.066253066,0.051974773,0.1723752530989737,0.10612218,0.011261918
4368,0,1,-0.17105031,-0.16132057,-0.3195846602877086,0.14853436,0.022062456
4369,0,1,0.30589306,0.2474426,0.1889768758479866,0.116916195,0.013669397
4370,0,1,-0.1865412,-0.17524302,-0.1714628308313721,0.015078366,0.00022735712
4371,0,1,0.16403258,0.13773859,0.1585835673285924,0.005449012,2.9691731e-05
4372,0,1,-0.15813518,-0.1496731,-0.1770342327873464,0.018899053,0.00035717423
4373,0,1,0.16945064,0.14224887,0.2988585827054499,0.12940794,0.016746415
4374,0,1,-0.2873094,-0.26409554,-0.0856023201258484,0.2017071,0.04068575
4375,0,1,0.07998955,0.06437099,-0.0057294051090606,0.08571896,0.0073477402
4376,0,1,0.0012443066,-0.0072615147,-0.0609452339646761,0.06218954,0.003867539
4377,0,1,0.05571592,0.04242468,-0.0148316319454222,0.07054755,0.004976957
4378,0,1,0.01023078,0.00095152855,0.1772271353260108,0.16699636,0.027887784
4379,0,1,-0.17558408,-0.16540122,0.0113607383106384,0.18694481,0.034948364
4380,0,1,-0.015630603,-0.022675872,-0.1909133165243421,0.17528272,0.03072403
4381,0,1,0.18292677,0.15330255,0.0947432829186507,0.08818349,0.0077763284
4382,0,1,-0.09785831,-0.09500861,-0.0615379859189237,0.036320325,0.001319166
4383,0,1,0.056300282,0.04295492,-0.1715019235018322,0.2278022,0.05189384
4384,0,1,0.16407073,0.13777077,0.2870924647753499,0.12302175,0.015134351
4385,0,1,-0.27669525,-0.2548877,-0.3089905568732198,0.032295316,0.0010429875
4386,0,1,0.29592836,0.24013865,0.3424036630582348,0.04647529,0.0021599527
4387,0,1,-0.32626545,-0.29747093,-0.3992379611790471,0.07297251,0.0053249868
4388,0,1,0.37967074,0.29153383,0.3298713144757703,0.049799412,0.0024799814
4389,0,1,-0.31510818,-0.28798056,-0.2719058160024024,0.04320237,0.0018664448
4390,0,1,0.26079905,0.21285069,0.1680601463546629,0.0927389,0.008600503
4391,0,1,-0.167014,-0.15768409,-0.149932065457135,0.017081931,0.00029179238
4392,0,1,0.1430465,0.11996174,0.001287698943446,0.1417588,0.020095557
4393,0,1,-0.0056842566,-0.013592243,0.0422309013130175,0.047915157,0.0022958622
4394,0,1,-0.04610896,-0.049565196,-0.0043470880998273,0.04176187,0.0017440539
4395,0,1,-0.00012028217,-0.008508444,0.0823731354342431,0.08249342,0.006805164
4396,0,1,-0.08570075,-0.08431852,-0.0565885254989593,0.029112224,0.0008475216
4397,0,1,0.051423073,0.038524747,0.1980840111376178,0.14666094,0.021509431
4398,0,1,-0.19501257,-0.18283212,-0.0504983277011465,0.14451423,0.020884363
4399,0,1,0.04541993,0.033064127,-0.0241927532795858,0.06961268,0.0048459256
4400,0,1,0.01947081,0.009394169,0.1622172992558945,0.1427465,0.020376561
4401,0,1,-0.16154206,-0.15274894,-0.2471297737423259,0.08558771,0.0073252562
4402,0,1,0.23713171,0.19481742,0.1991519232307308,0.037979797,0.001442465
4403,0,1,-0.19600475,-0.18371987,0.1976326505002246,0.39363742,0.15495041
4404,0,1,-0.19459319,-0.18245697,-0.0854216153839888,0.10917158,0.011918433
4405,0,1,0.07981193,0.06421101,0.1848363062160845,0.10502438,0.011030121
4406,0,1,-0.18268359,-0.17178142,-0.2120446910897846,0.029361099,0.00086207414
4407,0,1,0.20337689,0.16957653,0.2420494287000807,0.038672537,0.001495565
4408,0,1,-0.23562634,-0.21893084,-0.3349465690045772,0.09932023,0.009864509
4409,0,1,0.32028282,0.25755703,0.209541993547879,0.110740826,0.012263531
4410,0,1,-0.20564294,-0.19232833,-0.1353544695448223,0.070288464,0.0049404684
4411,0,1,0.12879956,0.10764897,0.2063277326286441,0.07752818,0.0060106185
4412,0,1,-0.20266426,-0.18967032,-0.0868478419877032,0.115816414,0.013413442
4413,0,1,0.08121419,0.06547284,0.0686444905050389,0.012569696,0.00015799724
4414,0,1,-0.07216787,-0.07243693,-0.2493559229032456,0.17718805,0.031395607
4415,0,1,0.23926437,0.19633305,0.3825249306489151,0.14326057,0.020523591
4416,0,1,-0.36167848,-0.327214,-0.3840358222276065,0.022357345,0.00049985084
4417,0,1,0.36575687,0.28499162,0.3193044227285717,0.046452433,0.0021578285
4418,0,1,-0.3056661,-0.27990568,-0.2428406192121968,0.06282547,0.0039470396
4419,0,1,0.23301995,0.19186747,0.053684011777161,0.17933594,0.032161377
4420,0,1,-0.057410955,-0.059480906,-0.1061822784259973,0.04877132,0.0023786419
4421,0,1,0.100210905,0.08247137,0.0735035191170261,0.026707388,0.0007132846
4422,0,1,-0.076958895,-0.076643825,0.0050885106173896,0.0820474,0.0067317765
4423,0,1,-0.009436965,-0.017020583,-0.2315034950561902,0.22206654,0.049313545
4424,0,1,0.2221309,0.18387878,0.1936223996539523,0.0285085,0.00081273454
4425,0,1,-0.19086492,-0.17911899,-0.1914461419729625,0.0005812198,3.3781646e-07
4426,0,1,0.18344367,0.15372145,0.1831289407119769,0.00031472743,9.905335e-08
4427,0,1,-0.1810919,-0.1703521,-0.2647260257216719,0.08363411,0.006994664
4428,0,1,0.25395596,0.20731032,0.2516192280599731,0.0023367405,5.460356e-06
4429,0,1,-0.24440145,-0.2266612,-0.273323755841538,0.02892229,0.00083649886
4430,0,1,0.2621492,0.21393645,0.1879050938650139,0.07424413,0.0055121905
4431,0,1,-0.18554342,-0.17434835,-0.1977446339129165,0.01220122,0.00014886976
4432,0,1,0.18954718,0.15864122,0.1296425629493407,0.05990462,0.0035885635
4433,0,1,-0.13090551,-0.12502337,-0.0765500605073605,0.05435545,0.002954515
4434,0,1,0.07108307,0.056342244,0.2323957568054904,0.16131268,0.026021782
4435,0,1,-0.22674966,-0.2110852,-0.0923726046430777,0.13437706,0.018057195
4436,0,1,0.0866462,0.070350885,0.1472124359675828,0.06056623,0.0036682684
4437,0,1,-0.14745653,-0.14001966,-0.1023603633131915,0.045096166,0.0020336641
4438,0,1,0.09645879,0.079128265,0.0863124712916421,0.01014632,0.00010294781
4439,0,1,-0.08958173,-0.087724924,-0.0373778644858553,0.052203864,0.0027252433
4440,0,1,0.032480955,0.02127254,0.0248342767574121,0.007646678,5.8471684e-05
4441,0,1,-0.028934836,-0.03452766,0.1716233534304543,0.20055819,0.040223587
4442,0,1,-0.17034769,-0.16068733,-0.0666037771630234,0.10374391,0.010762799
4443,0,1,0.061290026,0.04748082,0.0377641799582733,0.023525845,0.0005534654
4444,0,1,-0.041699648,-0.04570055,-0.1456342082370627,0.103934556,0.010802392
4445,0,1,0.13884878,0.116352916,-0.0143959742827992,0.15324476,0.023483958
4446,0,1,0.0098006725,0.00055861473,0.0359861802487362,0.026185509,0.0006856809
4447,0,1,-0.03994465,-0.044163346,-0.1269522159179332,0.08700757,0.0075703165
4448,0,1,0.12057555,0.10046506,0.1384006960437975,0.017825142,0.00031773568
4449,0,1,-0.13916337,-0.13250983,-0.1946476899831171,0.05548431,0.0030785087
4450,0,1,0.18654716,0.15622938,-0.0785279611097986,0.26507512,0.07026482
4451,0,1,0.07302976,0.05809951,0.0534237414512914,0.019606017,0.00038439588
4452,0,1,-0.057154775,-0.059255242,-0.0976614699310403,0.0405067,0.0016407926
4453,0,1,0.09184325,0.07500553,0.0342852701226921,0.057557978,0.0033129207
4454,0,1,-0.038265347,-0.042692542,-0.1485784170899404,0.11031307,0.012168974
4455,0,1,0.14172447,0.11882746,0.1060751776855248,0.035649292,0.0012708721
4456,0,1,-0.10861266,-0.10478163,-0.1031592459080206,0.0054534078,2.9739656e-05
4457,0,1,0.09724331,0.07982755,-0.1999862916767321,0.2972296,0.08834543
4458,0,1,0.19171798,0.16037762,0.0854897591555208,0.106228225,0.011284436
4459,0,1,-0.08877134,-0.087013245,-0.1016045901500795,0.012833245,0.00016469217
4460,0,1,0.095716596,0.07846606,-0.0043820581655089,0.100098655,0.010019741
4461,0,1,-8.59499e-05,-0.008476973,0.1541215087502461,0.15420745,0.023779938
4462,0,1,-0.15394795,-0.14588988,-0.2104089622538103,0.056461006,0.0031878452
4463,0,1,0.20179737,0.16834319,0.2124302523087775,0.0106328875,0.0001130583
4464,0,1,-0.20831764,-0.19471252,-0.2043543471364481,0.0039632916,1.5707681e-05
4465,0,1,0.19594467,0.16373765,0.0807036510124619,0.11524101,0.013280491
4466,0,1,-0.0840559,-0.08287442,-0.0826593752681263,0.0013965219,1.9502736e-06
4467,0,1,0.07709479,0.061764717,0.2469500867621314,0.1698553,0.028850822
4468,0,1,-0.24012315,-0.22289574,-0.24226923433843,0.0021460801,4.60566e-06
4469,0,1,0.23247159,0.19147122,0.1682337997170406,0.06423779,0.0041264934
4470,0,1,-0.16717637,-0.15783024,-0.1798698343544007,0.012693465,0.00016112404
4471,0,1,0.17220676,0.14452863,0.2545666022025774,0.08235985,0.006783145
4472,0,1,-0.24709916,-0.22903275,-0.2150836251895853,0.032015532,0.0010249943
4473,0,1,0.20631135,0.1718558,0.211351615478575,0.005040273,2.5404353e-05
4474,0,1,-0.20731914,-0.19382274,-0.2072088128967268,0.0001103282,1.2172311e-08
4475,0,1,0.1987046,0.16591656,0.2671275884907549,0.068423,0.0046817074
4476,0,1,-0.25857043,-0.23908603,-0.2805426483013498,0.02197221,0.00048277798
4477,0,1,0.2690133,0.21941555,0.1843380480197722,0.08467524,0.007169896
4478,0,1,-0.18221939,-0.17136419,-0.1230554945473614,0.05916389,0.003500366
4479,0,1,0.11675906,0.09711337,0.0938887026774804,0.022870362,0.00052305346
4480,0,1,-0.09704363,-0.094270706,0.0429220240250305,0.13996565,0.019590383
4481,0,1,-0.0467906,-0.05016339,0.0744927298107165,0.12128333,0.014709646
4482,0,1,-0.077934384,-0.077499986,-0.0879603016211527,0.0100259185,0.00010051904
4483,0,1,0.082308054,0.066456676,0.2862558381795088,0.20394778,0.0415947
4484,0,1,-0.27593923,-0.25423026,-0.2969349304347235,0.020995706,0.00044081968
4485,0,1,0.2845496,0.2315396,0.2112542989581773,0.073295295,0.0053722
4486,0,1,-0.20722866,-0.19374228,-0.2237803506593798,0.016551688,0.00027395837
4487,0,1,0.214697,0.17828786,0.185357706779256,0.029339299,0.00086079445
4488,0,1,-0.18316984,-0.17221797,-0.084393956723122,0.098775886,0.009756676
4489,0,1,0.07880092,0.063301206,-0.1129566436944151,0.19175756,0.036770962
4490,0,1,0.106858134,0.08837354,0.1000130250725703,0.006845109,4.685552e-05
4491,0,1,-0.102862,-0.09955597,-0.2164051814425518,0.11354318,0.012892054
4492,0,1,0.20758641,0.17284262,0.2020528901510532,0.0055335164,3.0619805e-05
4493,0,1,-0.19869816,-0.18612826,-0.3068883689233916,0.10819021,0.011705121
4494,0,1,0.29394734,0.23866045,0.2653655090863431,0.028581828,0.0008169209
4495,0,1,-0.25696373,-0.2376808,-0.3036237804989394,0.046660036,0.0021771588
4496,0,1,0.2908684,0.23634636,0.1573708666296591,0.13349754,0.017821591
4497,0,1,-0.15699744,-0.1486454,-0.1521976275298024,0.004799813,2.3038205e-05
4498,0,1,0.14525795,0.12185645,0.1981664300787031,0.05290848,0.0027993072
4499,0,1,-0.19508946,-0.18290102,-0.2185636246298028,0.023474172,0.00055103673
4500,0,1,0.20966876,0.17444599,0.1682204463955414,0.04144831,0.0017179624
4501,0,1,-0.16716385,-0.15781856,-0.1957691699801409,0.028605327,0.0008182647
4502,0,1,0.18763363,0.15710461,0.2677940032842552,0.08016038,0.0064256866
4503,0,1,-0.25917792,-0.23961699,-0.3008225266610003,0.041644603,0.0017342729
4504,0,1,0.28822362,0.23434365,0.2797603230926262,0.008463293,7.1627335e-05
4505,0,1,-0.27006245,-0.24911034,-0.3391126959337065,0.06905025,0.0047679376
4506,0,1,0.32417285,0.26019228,0.3777816533905425,0.053608805,0.002873904
4507,0,1,-0.35751653,-0.32374907,-0.3262582663986271,0.031258255,0.0009770786
4508,0,1,0.31215346,0.25191033,0.2131746940306034,0.09897876,0.0097967945
4509,0,1,-0.20900679,-0.19532657,-0.1951220258075925,0.013884768,0.00019278679
4510,0,1,0.1870066,0.15660012,0.2086735547116565,0.021666959,0.0004694571
4511,0,1,-0.20483828,-0.19161081,-0.2676963054613017,0.062858015,0.00395113
4512,0,1,0.25678837,0.2096113,0.3295298444943968,0.07274148,0.0052913227
4513,0,1,-0.31480336,-0.28772056,-0.1965388848727494,0.11826448,0.013986488
4514,0,1,0.1883794,0.15770423,0.0363481088186048,0.1520313,0.023113517
4515,0,1,-0.0403018,-0.044475913,-0.0014039518397128,0.03889785,0.0015130427
4516,0,1,-0.0030263662,-0.011164069,0.0820286714905733,0.08505504,0.0072343596
4517,0,1,-0.08536124,-0.084020376,0.0789195768209063,0.16428082,0.026988186
4518,0,1,-0.082297206,-0.081330776,-0.0189361577884543,0.06336105,0.0040146224
4519,0,1,0.014282465,0.00465405,0.1033047366950445,0.08902227,0.007924965
4520,0,1,-0.105985284,-0.10239458,-0.0633838169161642,0.042601466,0.001814885
4521,0,1,0.0581187,0.044604897,0.0707659235119002,0.012647219,0.00015995215
4522,0,1,-0.07426,-0.074273825,0.1404069041728297,0.2146669,0.04608188
4523,0,1,-0.14105296,-0.13422179,-0.0844348131695591,0.056618147,0.0032056146
4524,0,1,0.07884133,0.063337445,0.3001239805148448,0.22128266,0.048966017
4525,0,1,-0.2884493,-0.26508093,-0.2402153436193272,0.04823394,0.0023265132
4526,0,1,0.23050082,0.1900419,0.1882566550038478,0.042244166,0.0017845696
4527,0,1,-0.18587077,-0.17464197,-0.2039415888707274,0.018070817,0.00032655444
4528,0,1,0.19554532,0.16342151,0.1716443771909432,0.023900941,0.000571255
4529,0,1,-0.17036724,-0.16070509,-0.2257402680941571,0.055373028,0.0030661721
4530,0,1,0.2165848,0.17971742,0.1342945337842429,0.08229026,0.0067716874
4531,0,1,-0.1352936,-0.12900245,-0.0112701365900405,0.12402347,0.0153818205
4532,0,1,0.0067145824,-0.0022619963,-0.1771789085729074,0.18389349,0.033816814
4533,0,1,0.16959178,0.14236534,0.192052487633884,0.0224607,0.000504483
4534,0,1,-0.18940449,-0.17781055,-0.3221680083121854,0.13276353,0.017626157
4535,0,1,0.30831826,0.24918473,0.2589426948018241,0.049375564,0.0024379464
4536,0,1,-0.25110054,-0.2325449,-0.2783172870801249,0.027216733,0.0007407505
4537,0,1,0.26689875,0.21773493,0.2502486500384562,0.01665011,0.00027722618
4538,0,1,-0.24314618,-0.22555709,-0.1001271618636907,0.14301902,0.02045444
4539,0,1,0.0942657,0.07717073,-0.0999217024112451,0.1941874,0.037708748
4540,0,1,0.09406388,0.07699013,0.0144137434622884,0.079650134,0.0063441438
4541,0,1,-0.018645287,-0.0254277,-0.0019422569958531,0.01670303,0.0002789912
4542,0,1,-0.0024946928,-0.010678291,-0.108661733368955,0.10616704,0.01127144
4543,0,1,0.10264444,0.0846349,0.1363402954033441,0.033695847,0.00113541
4544,0,1,-0.13722181,-0.13075066,-0.2521405510665027,0.11491874,0.013206316
4545,0,1,0.24193013,0.19821227,0.2187182521605997,0.023211882,0.0005387915
4546,0,1,-0.2141335,-0.19988978,-0.2454293522334056,0.03129585,0.0009794303
4547,0,1,0.23550165,0.19365299,0.2753045419477253,0.03980291,0.0015842716
4548,0,1,-0.26601517,-0.24558401,-0.1500011624201584,0.116014004,0.013459249
4549,0,1,0.14311373,0.12001979,0.1840807107021678,0.040966973,0.0016782929
4550,0,1,-0.18197906,-0.1711489,-0.0499340359230604,0.13204503,0.01743589
4551,0,1,0.04486358,0.032558084,0.0343836407055508,0.010479942,0.00010982918
4552,0,1,-0.03836274,-0.04277718,-0.1091044838473329,0.07074174,0.0050043943
4553,0,1,0.10307896,0.08502102,0.195724693255652,0.092645735,0.008583232
4554,0,1,-0.19281983,-0.1808697,-0.0803182573338585,0.11250158,0.012656605
4555,0,1,0.07479131,0.05968845,-0.0509567626603881,0.12574807,0.015812576
4556,0,1,0.045871735,0.033475637,-0.0466334423060286,0.09250517,0.008557207
4557,0,1,0.04160905,0.029594064,0.2496808681745894,0.20807181,0.04329388
4558,0,1,-0.24262607,-0.22509885,-0.0793784902601442,0.16324759,0.026649775
4559,0,1,0.073866844,0.05885458,0.2083742216062145,0.13450737,0.018092234
4560,0,1,-0.20456088,-0.19136345,-0.2031055100948906,0.0014553666,2.118092e-06
4561,0,1,0.1947366,0.16278017,-0.0860979594651905,0.28083456,0.07886805
4562,0,1,0.08047724,0.06480992,0.1427195465880313,0.062242314,0.0038741056
4563,0,1,-0.14322996,-0.13619351,-0.058025656495253,0.0852043,0.007259773
4564,0,1,0.05283928,0.039811373,-0.0028864660427772,0.055725746,0.0031053587
4565,0,1,-0.001562953,-0.009826064,0.0021963625765999,0.0037593155,1.4132453e-05
4566,0,1,-0.0065814257,-0.014411449,0.1456349341159317,0.15221636,0.023169821
4567,0,1,-0.14597297,-0.13867688,-0.197106817774991,0.051133856,0.0026146711
4568,0,1,0.18892944,0.15814602,0.0925685398671185,0.0963609,0.009285423
4569,0,1,-0.095743775,-0.09313083,-0.1331824907439405,0.03743872,0.0014016578
4570,0,1,0.12667477,0.10579777,0.3513762963693645,0.22470152,0.050490774
4571,0,1,-0.3342259,-0.30420768,-0.2624758967153366,0.071749985,0.00514806
4572,0,1,0.25180852,0.2055589,0.2825410947845641,0.030732572,0.000944491
4573,0,1,-0.27257955,-0.25130498,-0.3219730386824333,0.049393475,0.0024397154
4574,0,1,0.3081354,0.2490536,0.3126073178601987,0.004471928,1.9998139e-05
4575,0,1,-0.29966617,-0.2747538,-0.3042125172747323,0.0045463443,2.0669246e-05
4576,0,1,0.29142344,0.23676527,0.3487169150670544,0.057293475,0.0032825423
4577,0,1,-0.33186877,-0.3022158,-0.480602680492429,0.14873391,0.022121778
4578,0,1,0.45261943,0.32926667,0.4366274434573614,0.015991986,0.00025574362
4579,0,1,-0.4086584,-0.3656006,-0.4648005864161375,0.05614221,0.0031519479
4580,0,1,0.43866432,0.32719624,0.3999122396066152,0.03875208,0.0015017237
4581,0,1,-0.37687588,-0.33979714,-0.3396179686827325,0.03725791,0.0013881519
4582,0,1,0.3246442,0.2605089,0.4263244750903288,0.10168028,0.010338879
4583,0,1,-0.39978242,-0.35855424,-0.3232388630764577,0.07654357,0.005858918
4584,0,1,0.30932295,0.24990189,0.2372987143890939,0.07202424,0.0051874914
4585,0,1,-0.23126101,-0.21507573,-0.1972191809290233,0.034041837,0.0011588467
4586,0,1,0.1890384,0.15823281,0.0891875158746722,0.09985088,0.009970197
4587,0,1,-0.09241378,-0.09020972,-0.2982257639502943,0.20581198,0.04235857
4588,0,1,0.28576958,0.23247373,0.315306465021812,0.029536873,0.0008724269
4589,0,1,-0.30208564,-0.27683342,-0.3166437049217785,0.014558077,0.0002119376
4590,0,1,0.30313027,0.24544013,0.2118244617319635,0.09130581,0.008336751
4591,0,1,-0.2077564,-0.19421291,-0.1622024832506254,0.045553923,0.00207516
4592,0,1,0.15501487,0.13015735,0.1356327214153996,0.019382149,0.0003756677
4593,0,1,-0.13655496,-0.13014615,-0.0785889932196328,0.057965964,0.003360053
4594,0,1,0.07308984,0.05815375,-0.1580843924470374,0.23117423,0.053441525
4595,0,1,0.15100062,0.12675428,0.0876833627583635,0.063317254,0.0040090745
4596,0,1,-0.09093237,-0.088909745,-0.0821428026391759,0.008789569,7.7256525e-05
4597,0,1,0.076586366,0.061306715,0.1962882979048885,0.11970194,0.014328553
4598,0,1,-0.19334376,-0.18133879,-0.2147618848221593,0.021418124,0.00045873606
4599,0,1,0.20600092,0.17161572,0.222992048336106,0.016991124,0.00028869827
4600,0,1,-0.21808088,-0.20339751,-0.1844260764893885,0.03365481,0.0011326462
4601,0,1,0.17663229,0.14816916,0.3101811063247297,0.13354883,0.01783529
4602,0,1,-0.2974893,-0.27288115,-0.43365621673106,0.13616693,0.018541433
4603,0,1,0.41085327,0.31282437,0.5279460529130275,0.11709279,0.013710721
4604,0,1,-0.48581147,-0.42142797,-0.5824548497028925,0.09664339,0.009339944
4605,0,1,0.53982556,0.23050392,0.6088484740068256,0.069022894,0.0047641597
4606,0,1,-0.551646,-0.4656706,-0.5619067986518556,0.01026082,0.00010528444
4607,0,1,0.52263486,0.27519476,0.6356757425657606,0.113040864,0.012778237
4608,0,1,-0.5729332,-0.47948706,-0.5243070555379319,0.048626125,0.0023645
4609,0,1,0.49064052,0.31789625,0.584420760088668,0.09378022,0.00879473
4610,0,1,-0.5320332,-0.4526974,-0.5383226618432524,0.006289482,3.9557584e-05
4611,0,1,0.5026463,0.30816734,0.4468425914980181,0.055803746,0.0031140582
4612,0,1,-0.41742527,-0.37247872,-0.5390296826481737,0.12160438,0.0147876255
4613,0,1,0.5032493,0.30759275,0.3388886758516827,0.16436061,0.02701441
4614,0,1,-0.32314062,-0.2948184,-0.3823370122612435,0.059196383,0.0035042118
4615,0,1,0.3641969,0.2841941,0.3801847605443174,0.015987873,0.00025561207
4616,0,1,-0.35962605,-0.32550633,-0.3544690532533403,0.005156994,2.6594586e-05
4617,0,1,0.3384632,0.26946294,0.3049376471944025,0.033525527,0.001123961
4618,0,1,-0.2927798,-0.26882148,-0.3471893546251474,0.054409564,0.0029604007
4619,0,1,0.33169806,0.26515925,0.1026550679231956,0.22904299,0.052460693
4620,0,1,-0.10536885,-0.1018343,-0.0912054475998658,0.014163405,0.00020060204
4621,0,1,0.08549881,0.06932175,0.0671197621290085,0.018379048,0.0003377894
4622,0,1,-0.070664406,-0.071116686,0.0111143649818088,0.08177877,0.006687768
4623,0,1,-0.015387416,-0.022453666,0.0481922704881201,0.063579686,0.0040423763
4624,0,1,-0.051992416,-0.05472541,0.0827188924676194,0.13471131,0.018147137
4625,0,1,-0.08604145,-0.084617496,-0.1095762888919342,0.023534842,0.0005538888
4626,0,1,0.10354197,0.08543193,0.180896028586434,0.07735406,0.00598365
4627,0,1,-0.17900884,-0.16848016,-0.274071967789294,0.09506312,0.009036996
4628,0,1,0.26286066,0.21450794,0.2796681477446332,0.016807497,0.00028249194
4629,0,1,-0.26997864,-0.24903727,-0.3308695767249754,0.060890943,0.003707707
4630,0,1,0.31647122,0.25493228,0.4129011399338262,0.096429914,0.009298729
4631,0,1,-0.38816774,-0.34907544,-0.385243831262047,0.0029239058,8.549226e-06
4632,0,1,0.366866,0.28555024,0.3665019996486613,0.00036400557,1.3250005e-07
4633,0,1,-0.3475926,-0.31545353,-0.2103544906693122,0.1372381,0.018834297
4634,0,1,0.20174491,0.16830218,0.2480592208751992,0.046314314,0.0021450156
4635,0,1,-0.24113977,-0.22379112,-0.1784636156750212,0.06267615,0.0039282995
4636,0,1,0.17084038,0.14339924,0.2559275062744015,0.08508712,0.007239818
4637,0,1,-0.24834406,-0.23012543,-0.1987282611969352,0.0496158,0.0024617277
4638,0,1,0.1904999,0.1594044,0.3021712385590065,0.11167133,0.012470486
4639,0,1,-0.29029167,-0.2666732,-0.0950617737537855,0.19522989,0.038114708
4640,0,1,0.08928871,0.072719574,0.2543595164171071,0.1650708,0.02724837
4641,0,1,-0.24690998,-0.2288661,-0.1293778766803797,0.117532104,0.0138137955
4642,0,1,0.12295103,0.102544785,-0.0067496231488368,0.12970066,0.016822262
4643,0,1,0.002251625,-0.006340623,-0.2289278452713479,0.23117948,0.05344395
4644,0,1,0.21965325,0.18202698,0.1740931529085709,0.04556009,0.002075722
4645,0,1,-0.17265618,-0.16276634,-0.378427697443199,0.2057715,0.042341914
4646,0,1,0.36060297,0.28231227,0.284170736289387,0.07643223,0.0058418857
4647,0,1,-0.27405393,-0.25258923,-0.0443702506712446,0.22968368,0.052754592
4648,0,1,0.039377213,0.027561307,-0.0580487966476426,0.09742601,0.009491828
4649,0,1,0.05286205,0.03983271,0.1075938411362464,0.054731794,0.0029955693
4650,0,1,-0.11005187,-0.10608971,-0.1873829879957582,0.07733111,0.0059801005
4651,0,1,0.1795026,0.15051675,0.2423861348774088,0.062883526,0.003954338
4652,0,1,-0.23593545,-0.21920347,-0.3409226575419024,0.104987204,0.011022313
4653,0,1,0.32586086,0.26132214,0.250107176737534,0.07575369,0.0057386216
4654,0,1,-0.24301648,-0.22544289,-0.182114595282844,0.06090188,0.003709039
4655,0,1,0.17438757,0.1463257,0.0682758623369856,0.10611171,0.0112596955
4656,0,1,-0.07180464,-0.072117686,-0.1112244542574905,0.039419815,0.0015539218
4657,0,1,0.1051594,0.08686769,0.0118460446064962,0.09331336,0.008707383
4658,0,1,-0.016109705,-0.02311337,-0.0279890773574982,0.0118793715,0.00014111947
4659,0,1,0.023217082,0.01281631,0.0610613416781256,0.03784426,0.001432188
4660,0,1,-0.06468952,-0.06586993,-0.3175324733834097,0.25284296,0.063929565
4661,0,1,0.3039652,0.24604738,0.3135007277994137,0.009535521,9.0926165e-05
4662,0,1,-0.30046713,-0.27544248,-0.3112703253423343,0.010803193,0.00011670898
4663,0,1,0.29807532,0.24173081,0.2530642669765075,0.045011044,0.002025994
4664,0,1,-0.24572468,-0.22782457,-0.1697103670882511,0.07601431,0.0057781753
4665,0,1,0.1623267,0.13631213,0.0201357770958279,0.14219092,0.020218257
4666,0,1,-0.024295092,-0.030474305,-0.0796284526189738,0.05533336,0.003061781
4667,0,1,0.074112654,0.05907631,0.2723125857548185,0.19819993,0.039283212
4668,0,1,-0.26329327,-0.24321115,-0.137596712391663,0.12569655,0.015799623
4669,0,1,0.13099301,0.10955572,0.1548611317029176,0.023868129,0.0005696876
4670,0,1,-0.15464234,-0.14651752,-0.0988898517494176,0.055752493,0.0031083405
4671,0,1,0.09305012,0.076084495,0.0244910519236321,0.06855907,0.0047003464
4672,0,1,-0.028595686,-0.034231424,-0.0212425021314812,0.0073531847,5.4069325e-05
4673,0,1,0.016558528,0.0067341328,-0.1122054939068848,0.12876402,0.016580172
4674,0,1,0.10612166,0.08772075,0.0305529027849116,0.07556876,0.005710637
4675,0,1,-0.034580708,-0.039466858,-0.0660078987445818,0.03142719,0.0009876683
4676,0,1,0.060703397,0.04694915,0.2493297581426736,0.18862636,0.035579905
4677,0,1,-0.24230409,-0.22481632,-0.2717749233750197,0.029470831,0.0008685299
4678,0,1,0.26067436,0.21275055,0.2399440000350889,0.020730361,0.0004297479
4679,0,1,-0.23369229,-0.2172234,-0.3570909537977018,0.12339866,0.015227229
4680,0,1,0.34089577,0.2709707,0.2250670356697546,0.11582874,0.013416297
4681,0,1,-0.21999562,-0.2050978,-0.2183937604158814,0.0016018599,2.5659551e-06
4682,0,1,0.20950496,0.17432082,0.3325510220394225,0.12304607,0.015140335
4683,0,1,-0.31749713,-0.2900176,-0.3169266248750886,0.00057050586,3.2547695e-07
4684,0,1,0.3033961,0.24563324,0.298616884346145,0.0047792196,2.284094e-05
4685,0,1,-0.2870922,-0.26390707,-0.2676549025889649,0.019437313,0.00037780913
4686,0,1,0.2567488,0.20957887,0.1486580795939687,0.10809071,0.011683603
4687,0,1,-0.14881551,-0.14124918,-0.1609222963584649,0.012106791,0.00014657438
4688,0,1,0.15376675,0.12910163,-0.0326091829073085,0.18637593,0.03473599
4689,0,1,0.027776122,0.016978621,-0.0235613190310686,0.051337443,0.002635533
4690,0,1,0.018847585,0.008824587,-0.0567247158264694,0.0755723,0.0057111722
4691,0,1,0.05155742,0.03864658,0.0379142985250522,0.013643123,0.00018613481
4692,0,1,-0.041848063,-0.045830607,-0.0145724980617685,0.027275566,0.0007439565
4693,0,1,0.009974837,0.00071775913,0.0719575538145191,0.061982714,0.0038418567
4694,0,1,-0.075434804,-0.07530522,-0.079935366932595,0.0045005605,2.0255044e-05
4695,0,1,0.07441461,0.059348702,0.0593325734454255,0.015082039,0.0002274679
4696,0,1,-0.06298399,-0.06437266,-0.0754998768370032,0.012515888,0.00015664744
4697,0,1,0.070049405,0.05540812,0.0861084437321575,0.016059041,0.0002578928
4698,0,1,-0.08938086,-0.087548375,-0.0599234379848796,0.029457424,0.00086773984
4699,0,1,0.054709554,0.0415107,0.2117154690324196,0.15700592,0.024650859
4700,0,1,-0.2076559,-0.19412291,-0.1335390201290742,0.074116886,0.0054933126
4701,0,1,0.1270231,0.10610187,0.0321556704703851,0.09486743,0.008999829
4702,0,1,-0.036162734,-0.040851355,-0.0799456488862717,0.043782912,0.0019169434
4703,0,1,0.074424624,0.059358,0.0856299480550979,0.011205323,0.00012555927
4704,0,1,-0.08890939,-0.08713484,0.0165249135789518,0.1054343,0.011116391
4705,0,1,-0.0207299,-0.027330041,-0.1853708392169126,0.16464093,0.027106637
4706,0,1,0.17754972,0.14892054,0.1754414056686595,0.0021083206,4.4450157e-06
4707,0,1,-0.1739161,-0.16390026,-0.2572775891876127,0.08336148,0.0069491356
4708,0,1,0.24684346,0.20163167,0.1043834252371407,0.14246003,0.020294862
4709,0,1,-0.10700834,-0.103324294,-0.1013144030062438,0.005693935,3.2420896e-05
4710,0,1,0.095431566,0.078211546,0.1033704953270118,0.007938929,6.302659e-05
4711,0,1,-0.10604763,-0.10245097,-0.1258168927926477,0.019769266,0.0003908239
4712,0,1,0.11946416,0.09948933,-0.0053041755879037,0.12476833,0.015567137
4713,0,1,0.00082445145,-0.00764513,-0.0294664809398528,0.030290931,0.0009175405
4714,0,1,0.024674892,0.014147997,0.0163470149900293,0.008327877,6.935354e-05
4715,0,1,-0.020554066,-0.027169585,0.0727378264428206,0.09329189,0.008703377
4716,0,1,-0.07620418,-0.075980306,0.0117664141098536,0.08797059,0.007738825
4717,0,1,-0.016030788,-0.023041725,-0.0075492530909251,0.008481535,7.193644e-05
4718,0,1,0.0030411482,-0.005619049,-0.0383115058222607,0.041352656,0.0017100421
4719,0,1,0.033401728,0.022112131,0.1261029629595231,0.09270124,0.00859352
4720,0,1,-0.12756348,-0.12199187,-0.2058491208840147,0.07828565,0.0061286427
4721,0,1,0.1973902,0.16488063,0.2700654124510346,0.07267523,0.0052816886
4722,0,1,-0.26124752,-0.24142528,-0.3609520958390275,0.09970459,0.009941006
4723,0,1,0.34447372,0.27314794,0.466564765813193,0.122091055,0.014906226
4724,0,1,-0.43425548,-0.38531494,-0.4055289157479131,0.028726578,0.0008252163
4725,0,1,0.38540375,0.2939068,0.4822133964578674,0.096809655,0.00937211
4726,0,1,-0.44751906,-0.39473963,-0.3706870079535098,0.076832056,0.005903165
4727,0,1,0.35347188,0.27839863,0.366317765710993,0.012845904,0.00016501723
4728,0,1,-0.3474301,-0.31531763,-0.2890762299042884,0.05835387,0.0034051742
4729,0,1,0.27711046,0.2257849,0.1004618736687019,0.17664859,0.031204723
4730,0,1,-0.10328817,-0.09994316,0.0018980085642446,0.10518618,0.011064133
4731,0,1,-0.0062869787,-0.014142752,-0.0348974445382301,0.028610464,0.0008185587
4732,0,1,0.030033946,0.019039512,-0.0330071747538678,0.06304112,0.003974183
4733,0,1,0.028168678,0.017337084,0.0397846565367283,0.011615977,0.00013493092
4734,0,1,-0.04369414,-0.047448874,0.0034679604670808,0.0471621,0.0022242637
4735,0,1,-0.007836819,-0.015559316,0.0700551987492195,0.07789202,0.006067167
4736,0,1,-0.07355952,-0.073658586,0.001084577128136,0.074644096,0.005571741
4737,0,1,-0.0054837465,-0.0134090185,0.0993452712170854,0.10482902,0.010989124
4738,0,1,-0.102228165,-0.09898007,-0.2943987847465703,0.19217062,0.036929548
4739,0,1,0.28215063,0.22969472,0.3934009253347053,0.11125031,0.012376632
4740,0,1,-0.3711952,-0.33510685,-0.2262103499338201,0.14498484,0.021020604
4741,0,1,0.21703732,0.18005908,0.2628400298648266,0.045802712,0.0020978884
4742,0,1,-0.25466025,-0.23566401,-0.1597498745246854,0.09491037,0.009007978
4743,0,1,0.15262425,0.12813282,0.1393773096562778,0.013246939,0.00017548139
4744,0,1,-0.1400832,-0.13334334,-0.1792117960452832,0.0391286,0.0015310475
4745,0,1,0.17156804,0.14400041,0.1321747843381153,0.039393246,0.0015518279
4746,0,1,-0.13329458,-0.12719023,-0.0532070895510041,0.0800875,0.0064140074
4747,0,1,0.04808998,0.03549421,0.1939342901207144,0.14584431,0.021270564
4748,0,1,-0.19115531,-0.17937875,-0.1740908306880457,0.017064482,0.00029119654
4749,0,1,0.16658866,0.13987076,0.4185244338063414,0.25193578,0.06347164
4750,0,1,-0.39304018,-0.35306,-0.3511597677771674,0.0418804,0.0017539678
4751,0,1,0.3353902,0.26752746,0.2939661158990303,0.041424096,0.0017159557
4752,0,1,-0.28290045,-0.26027644,-0.1294795923505722,0.15342087,0.023537962
4753,0,1,0.12305033,0.102632284,0.2517769798193618,0.12872666,0.016570553
4754,0,1,-0.24454594,-0.22678804,-0.39741061924389,0.1528647,0.023367615
4755,0,1,0.37800276,0.29080665,0.4402381677985814,0.062235415,0.003873247
4756,0,1,-0.4117608,-0.36803913,-0.4422244000239892,0.030463606,0.0009280313
4757,0,1,0.4185437,0.31805146,0.4027849086478638,0.015758783,0.00024833923
4758,0,1,-0.37937772,-0.3418584,-0.3890696483357496,0.009691924,9.393339e-05
4759,0,1,0.37037385,0.28727782,0.2648713781093639,0.10550246,0.011130768
4760,0,1,-0.25651312,-0.23728633,-0.0927588565935473,0.16375425,0.026815455
4761,0,1,0.08702564,0.07069123,0.0695421683542298,0.017483473,0.00030567183
4762,0,1,-0.07305336,-0.073214054,-0.0381285860868729,0.034924775,0.0012197399
4763,0,1,0.033221245,0.021947622,-0.1267645364768383,0.15998578,0.02559545
4764,0,1,0.120391965,0.10030389,0.2338365452821553,0.11344458,0.012869673
4765,0,1,-0.22807634,-0.21225905,-0.4582141711929786,0.23013783,0.052963417
4766,0,1,0.4328164,0.32551086,0.3468813005704245,0.085935086,0.007384839
4767,0,1,-0.33024085,-0.30083883,-0.0410961678014636,0.28914467,0.083604634
4768,0,1,0.03614807,0.024617434,-0.1018017534226201,0.13794982,0.019030154
4769,0,1,0.09591007,0.07863867,0.1179686544769063,0.022058584,0.00048658112
4770,0,1,-0.11987543,-0.115012884,-0.1880156933568026,0.06814027,0.004643096
4771,0,1,0.18011606,0.15101647,0.2014467884830677,0.02133073,0.000455
4772,0,1,-0.19813561,-0.18562531,-0.0702749432683378,0.12786067,0.016348349
4773,0,1,0.06490576,0.050756097,-0.0039814095432211,0.068887174,0.004745443
4774,0,1,-0.00048148632,-0.008838415,0.1398392105763428,0.1403207,0.019689899
4775,0,1,-0.14051819,-0.13373733,-0.2403455505539107,0.099827364,0.009965503
4776,0,1,0.23062575,0.19013298,0.0928370177092696,0.13778873,0.018985733
4777,0,1,-0.096007705,-0.09336245,-0.0902702923024603,0.005737409,3.2917862e-05
4778,0,1,0.08457935,0.06849599,0.0252268487309401,0.059352502,0.0035227195
4779,0,1,-0.029322028,-0.03486657,0.0790575840858562,0.10837961,0.01174614
4780,0,1,-0.0824337,-0.08145046,-0.1281393701069479,0.045705676,0.002089009
4781,0,1,0.121738076,0.101483464,-0.0193996682610382,0.14113775,0.019919865
4782,0,1,0.01473999,0.0050718784,-0.0257245963880006,0.040464588,0.0016373829
4783,0,1,0.020982623,0.010775328,0.0778976903429995,0.056915067,0.0032393248
4784,0,1,-0.0812906,-0.08044672,-0.1856396218323224,0.10434902,0.010888717
4785,0,1,0.17781055,0.14913416,0.1272397491302694,0.0505708,0.002557406
4786,0,1,-0.12863708,-0.12296569,0.1280546571076355,0.25669175,0.065890655
4787,0,1,-0.12940669,-0.123663664,0.0732336897878045,0.20264038,0.041063126
4788,0,1,-0.07669294,-0.076410174,-0.0645178725285282,0.012175068,0.00014823228
4789,0,1,0.05923605,0.045618534,0.0817139036194991,0.02247785,0.00050525373
4790,0,1,-0.08505142,-0.08374846,-0.2002469966308064,0.11519557,0.01327002
4791,0,1,0.19197047,0.16057885,0.2556416329060365,0.06367117,0.0040540183
4792,0,1,-0.24808276,-0.22989619,-0.2775520544198706,0.029469311,0.0008684403
4793,0,1,0.2661711,0.21715534,0.284499054846999,0.018327951,0.0003359138
4794,0,1,-0.274351,-0.25284767,-0.3431445670004154,0.068793565,0.004732555
4795,0,1,0.32793248,0.2626964,0.3787592530955328,0.050826788,0.0025833624
4796,0,1,-0.35837495,-0.32446444,-0.2953841683473299,0.062990785,0.003967839
4797,0,1,0.28308308,0.2304126,0.2201435365304009,0.06293954,0.0039613857
4798,0,1,-0.21545005,-0.2010603,-0.2261619929188065,0.010711938,0.00011474562
4799,0,1,0.21699107,0.18002427,0.4561104745537985,0.23911941,0.05717809
4800,0,1,-0.42534983,-0.378662,-0.6025595728815669,0.17720973,0.031403292
4801,0,1,0.5564362,0.18138444,0.5658529148228639,0.009416759,8.867535e-05
4802,0,1,-0.5169798,-0.44261622,-0.5371173741882203,0.020137548,0.00040552087
4803,0,1,0.5016173,0.30912888,0.5908420794031686,0.089224756,0.007961057
4804,0,1,-0.5372102,-0.4561391,-0.6013990674528831,0.06418884,0.004120207
4805,0,1,0.5554832,0.18434894,0.7819940103735525,0.22651076,0.051307127
4806,0,1,-0.68433356,-0.5476464,-0.7219394303814708,0.03760588,0.0014142024
4807,0,1,0.65054333,-0.16674721,0.6203621811728308,0.03018117,0.000910903
4808,0,1,-0.5608145,-0.47167408,-0.4289001565998471,0.13191435,0.017401395
4809,0,1,0.40657175,0.30975878,0.4017780528687071,0.0047937036,2.2979593e-05
4810,0,1,-0.3785007,-0.34113634,-0.2471331515944903,0.13136755,0.017257433
4811,0,1,0.23713505,0.19482005,0.0882885352008022,0.1488465,0.022155283
4812,0,1,-0.09152806,-0.089433074,-0.1040971502313552,0.012569092,0.00015798208
4813,0,1,0.09816384,0.0806483,-0.1234866158065186,0.22165045,0.049128924
4814,0,1,0.11718118,0.09748447,0.1921099544715823,0.074928775,0.005614321
4815,0,1,-0.18945813,-0.17785835,-0.1676190173911718,0.021839112,0.00047694682
4816,0,1,0.16029108,0.13460457,0.090757475839023,0.0695336,0.0048349216
4817,0,1,-0.093960166,-0.091566205,-0.1496951289642216,0.055734962,0.003106386
4818,0,1,0.14281476,0.119763255,0.4112172025815248,0.26840246,0.07203988
4819,0,1,-0.3867067,-0.34787834,-0.3172838153593982,0.0694229,0.004819539
4820,0,1,0.3037318,0.2458781,0.2733574583878615,0.030374348,0.00092260103
4821,0,1,-0.2642442,-0.24404025,-0.4224751499448098,0.15823096,0.025037037
4822,0,1,0.4007734,0.3054453,0.4056243690055583,0.004850954,2.3531753e-05
4823,0,1,-0.38184834,-0.34389055,-0.3995286617468987,0.017680317,0.00031259362
4824,0,1,0.3799361,0.29164875,0.2164472462064532,0.16348885,0.026728604
4825,0,1,-0.21203375,-0.19802177,-0.1431925267754412,0.06884122,0.0047391136
4826,0,1,0.1364634,0.11429489,-0.0313046636811245,0.16776806,0.028146122
4827,0,1,0.02648902,0.015803933,0.0451869563994498,0.018697936,0.00034961282
4828,0,1,-0.04902661,-0.052123666,-0.0323661810282229,0.016660426,0.00027756978
4829,0,1,0.027536154,0.01676011,0.0679580179241043,0.040421866,0.0016339272
4830,0,1,-0.07149124,-0.07184267,-0.0737736009501077,0.0022823587,5.2091614e-06
4831,0,1,0.068350434,0.05387199,0.1317047703938625,0.06335434,0.0040137726
4832,0,1,-0.13285112,-0.1267879,-0.2030414509393312,0.070190325,0.004926682
4833,0,1,0.19467437,0.16273081,0.274644886961773,0.07997051,0.006395282
4834,0,1,-0.26541555,-0.24506176,-0.2065524322871919,0.05886312,0.0034648667
4835,0,1,0.19807017,0.1654166,0.411735043512681,0.21366489,0.045652684
4836,0,1,-0.38715625,-0.34824657,-0.2597135740771066,0.12744269,0.016241638
4837,0,1,0.24917114,0.20340002,0.0800346059545649,0.16913652,0.028607164
4838,0,1,-0.083396554,-0.082295656,-0.0551147024695852,0.028281853,0.0007998632
4839,0,1,0.049970627,0.037204146,0.0433655535830097,0.006605074,4.3627e-05
4840,0,1,-0.047228813,-0.0505476,0.0434596361467025,0.09068845,0.008224395
4841,0,1,-0.047321916,-0.050628662,-0.1320712330852329,0.08474931,0.007182446
4842,0,1,0.1255871,0.10484898,0.1183863090359182,0.0072008,5.185152e-05
4843,0,1,-0.12027061,-0.115371704,-0.0057472509541935,0.11452336,0.0131156
4844,0,1,0.0012620687,-0.007245064,-0.051414884153198,0.052676953,0.0027748614
4845,0,1,0.04632342,0.03388655,0.0130377640862822,0.033285655,0.0011079349
4846,0,1,-0.017286658,-0.02418816,0.0008598658514327,0.018146524,0.00032929634
4847,0,1,-0.005261421,-0.0132056475,-0.1189811836237348,0.11371976,0.012932184
4848,0,1,0.11276555,0.09359646,0.0587293936481845,0.054036155,0.002919906
4849,0,1,-0.062389135,-0.06385028,-0.0202011291909471,0.042188004,0.0017798276
4850,0,1,0.015531182,0.005794525,-0.0173231841288001,0.032854367,0.0010794094
4851,0,1,0.0126901865,0.0031989813,0.1169461836376186,0.104256,0.010869313
4852,0,1,-0.11890817,-0.11413455,-0.2281299303954183,0.10922176,0.011929392
4853,0,1,0.21888506,0.18145096,0.2427545670069417,0.0238695,0.000569753
4854,0,1,-0.23627329,-0.21950233,-0.1823953826957873,0.053877905,0.0029028286
4855,0,1,0.17466056,0.14655066,0.1072003079608474,0.067460254,0.004550886
4856,0,1,-0.10967898,-0.10575044,-0.2375947640301383,0.12791578,0.016362447
4857,0,1,0.22798455,0.18820488,0.2131151444315742,0.014869407,0.00022109925
4858,0,1,-0.20895112,-0.19527721,-0.2011606994919059,0.0077904165,6.069059e-05
4859,0,1,0.192855,0.16128385,0.0723575669330878,0.120497435,0.014519632
4860,0,1,-0.07582927,-0.075652,-0.0776761843099544,0.001846917,3.4111024e-06
4861,0,1,0.072191596,0.057342768,0.0448658087280773,0.027325787,0.00074669864
4862,0,1,-0.048709393,-0.05184579,0.0431313874829542,0.09184078,0.008434729
4863,0,1,-0.046997666,-0.050344467,-0.1504960058647455,0.10349834,0.0107119065
4864,0,1,0.14359665,0.12043357,0.0546771073302314,0.08891954,0.007906685
4865,0,1,-0.058391094,-0.060340643,-0.1151176927700519,0.056726597,0.003217907
4866,0,1,0.108977795,0.09024978,0.3035450158759729,0.19456723,0.037856407
4867,0,1,-0.2915274,-0.26774085,-0.4274769481901035,0.13594955,0.01848228
4868,0,1,0.40528834,0.30882037,0.2354416472942715,0.1698467,0.028847901
4869,0,1,-0.22955287,-0.21356595,-0.1813670045461208,0.048185855,0.0023218766
4870,0,1,0.17366159,0.14572823,0.2160807177405288,0.04241912,0.0017993818
4871,0,1,-0.21169508,-0.19772029,-0.2159705883305376,0.0042755157,1.8280034e-05
4872,0,1,0.2071675,0.17251837,0.2108250440467218,0.0036575347,1.337756e-05
4873,0,1,-0.20683134,-0.1933881,-0.2407970578879872,0.03396572,0.0011536703
4874,0,1,0.23105896,0.19044721,0.375496248768244,0.14443728,0.020862129
4875,0,1,-0.3555088,-0.3220744,-0.4208527181126902,0.06534392,0.0042698276
4876,0,1,0.39930665,0.30432713,0.3324815695430752,0.06682509,0.004465593
4877,0,1,-0.3174355,-0.28996468,-0.3662164072637697,0.048780918,0.002379578
4878,0,1,0.34934342,0.27603114,0.2173940743104887,0.13194935,0.01741063
4879,0,1,-0.21290934,-0.1988008,-0.1774827232633113,0.035426617,0.0012550452
4880,0,1,0.16988695,0.14261067,0.3049829605022969,0.13509601,0.018250933
4881,0,1,-0.29282057,-0.268857,-0.3364809049228896,0.043660343,0.0019062256
4882,0,1,0.32171643,0.25853336,0.404975458243175,0.08325902,0.006932064
4883,0,1,-0.38128352,-0.34342623,-0.5109539704212163,0.12967044,0.016814424
4884,0,1,0.4791156,0.32429445,0.4753480815582775,0.0037675202,1.4194208e-05
4885,0,1,-0.44171023,-0.3906231,-0.3992212311025169,0.042488992,0.0018053144
4886,0,1,0.37965572,0.29152787,0.3291509094077069,0.050504804,0.0025507351
4887,0,1,-0.31446528,-0.28743207,-0.1652456149875454,0.14921966,0.022266507
4888,0,1,0.15797961,0.1326598,0.2394715783118284,0.08149198,0.0066409423
4889,0,1,-0.23325837,-0.2168405,-0.1789495305904187,0.05430883,0.0029494492
4890,0,1,0.17131269,0.14378989,0.2119063000782055,0.04059361,0.0016478411
4891,0,1,-0.20783246,-0.1942805,-0.1335709756165155,0.07426149,0.0055147684
4892,0,1,0.12705481,0.10612893,0.1202473982252245,0.006807409,4.634082e-05
4893,0,1,-0.1220305,-0.11696935,-0.3292243482325216,0.20719385,0.04292929
4894,0,1,0.31493127,0.25386012,0.2269084754726427,0.0880228,0.007748013
4895,0,1,-0.221694,-0.20660424,-0.2019041529403682,0.019789845,0.00039163796
4896,0,1,0.19357431,0.16185606,0.1238716077291224,0.0697027,0.0048584663
4897,0,1,-0.12545598,-0.12007928,-0.1062361365266768,0.019219838,0.00036940217
4898,0,1,0.100263715,0.08251822,0.2033973855024904,0.10313366,0.010636552
4899,0,1,-0.19994593,-0.18724334,-0.2842918855421175,0.08434597,0.0071142423
4900,0,1,0.2725731,0.22222865,0.0798597023079112,0.19271341,0.03713846
4901,0,1,-0.08322394,-0.08214438,-0.1181289677906585,0.03490503,0.0012183612
4902,0,1,0.11193049,0.09285903,0.1158177597966412,0.0038872734,1.5110894e-05
4903,0,1,-0.11784077,-0.11316466,-0.11756754400045,0.00027322024,7.46493e-08
4904,0,1,0.11137998,0.09237349,0.0256394794826593,0.0857405,0.0073514334
4905,0,1,-0.029729366,-0.03522277,0.0382616254991146,0.06799099,0.0046227747
4906,0,1,-0.04219067,-0.046131134,-0.2222610060620804,0.18007034,0.03242533
4907,0,1,0.21323335,0.17717397,0.1905108285828729,0.022722527,0.00051631324
4908,0,1,-0.18796968,-0.17652416,-0.1106917553966346,0.07727793,0.0059718783
4909,0,1,0.10463631,0.08640373,0.0235703346531186,0.081065975,0.0065716924
4910,0,1,-0.027686596,-0.033436775,0.0040152837911451,0.031701878,0.001005009
4911,0,1,-0.008377433,-0.016052723,-0.049339867171567,0.040962435,0.0016779212
4912,0,1,0.044277906,0.032024384,0.0532102655422828,0.0089323595,7.9787045e-05
4913,0,1,-0.056944013,-0.059070587,-0.1376895087505611,0.0807455,0.0065198364
4914,0,1,0.13108349,0.10963464,0.0052701768016163,0.1258133,0.015828988
4915,0,1,-0.009616733,-0.017184496,-0.0280046337904464,0.0183879,0.00033811489
4916,0,1,0.02323246,0.012830496,-0.096671295461201,0.11990376,0.014376911
4917,0,1,0.09087026,0.07413554,0.1009652529775537,0.010094993,0.00010190888
4918,0,1,-0.103765965,-0.1003772,0.0017030522640761,0.10546902,0.011123714
4919,0,1,-0.0060943365,-0.013966799,0.1218524435059329,0.12794678,0.016370378
4920,0,1,-0.12354779,-0.11834705,-0.2630154129061444,0.13946763,0.01945122
4921,0,1,0.25232327,0.20597923,0.1944571212424939,0.05786614,0.0033484902
4922,0,1,-0.19164133,-0.17981458,-0.1849437356762002,0.006697595,4.485778e-05
4923,0,1,0.17713487,0.14858103,0.2015688531755117,0.024433985,0.0005970196
4924,0,1,-0.19824922,-0.18572688,-0.2061306764929953,0.007881463,6.2117455e-05
4925,0,1,0.19766223,0.16509473,-0.0611112312432171,0.25877348,0.06696371
4926,0,1,0.05587983,0.042573333,-0.0019834459299248,0.057863276,0.0033481587
4927,0,1,-0.0024541616,-0.010641336,-0.1137406765642572,0.11128651,0.0123846885
4928,0,1,0.10762751,0.08905482,0.3178353072891047,0.21020779,0.044187315
4929,0,1,-0.30435073,-0.27877748,-0.2347501748680454,0.06960055,0.0048442367
4930,0,1,0.22525203,0.18619382,0.2100555473348719,0.015196487,0.00023093322
4931,0,1,-0.2061187,-0.1927526,-0.2815072863172736,0.07538858,0.005683438
4932,0,1,0.2699293,0.22014105,0.3717723589155846,0.10184306,0.010372009
4933,0,1,-0.35223424,-0.3193395,-0.1736821652146001,0.17855208,0.031880844
4934,0,1,0.1661917,0.13954008,0.1334184491079473,0.03277324,0.0010740854
4935,0,1,-0.13446748,-0.12825346,-0.0054361836688534,0.1290313,0.016649077
4936,0,1,0.0009549856,-0.0075261593,0.1990002868138936,0.1980453,0.03922194
4937,0,1,-0.19586396,-0.18359375,-0.1531969204787324,0.042667046,0.0018204768
4938,0,1,0.14623296,0.1226902,0.2424174133016234,0.09618445,0.009251448
4939,0,1,-0.23596394,-0.21922886,-0.0586647567023119,0.17729919,0.031435
4940,0,1,0.05346918,0.040383697,-0.0084152907118804,0.06188447,0.0038296876
4941,0,1,0.0038962364,-0.0048377514,0.0137254215832971,0.009829185,9.661288e-05
4942,0,1,-0.017965555,-0.024807453,0.0090511973770888,0.027016751,0.00072990486
4943,0,1,-0.013349891,-0.020594358,0.0370833620126167,0.050433252,0.002543513
4944,0,1,-0.041027546,-0.045112133,-0.0908496093841271,0.049822062,0.002482238
4945,0,1,0.08514929,0.069007635,0.0036408157638225,0.08150847,0.006643631
4946,0,1,-0.008007407,-0.015715122,-0.0720122996746297,0.06400489,0.004096626
4947,0,1,0.066616535,0.05230415,-0.0542251332185579,0.12084167,0.014602709
4948,0,1,0.049093604,0.036406398,-0.0187259198997007,0.06781952,0.0045994874
4949,0,1,0.014074802,0.004464388,0.0210324725426696,0.0069576707,4.840918e-05
4950,0,1,-0.025180936,-0.031247497,0.0180856730882066,0.04326661,0.0018719995
4951,0,1,-0.022271395,-0.028707147,-0.0846669602542937,0.062395565,0.0038932066
4952,0,1,0.07906914,0.06354284,0.0631491362282845,0.015919998,0.00025344634
4953,0,1,-0.06674874,-0.067678094,-0.0146831405351359,0.052065596,0.0027108262
4954,0,1,0.010084152,0.00081706047,0.0486670616949325,0.03858291,0.0014886409
4955,0,1,-0.05246091,-0.05513656,-0.047705940282084,0.004754968,2.260972e-05
4956,0,1,0.042666793,0.030557513,0.0731734122133536,0.030506618,0.00093065377
4957,0,1,-0.07663369,-0.07635784,-0.1486572735626998,0.072023585,0.005187397
4958,0,1,0.14180136,0.118893266,0.0145373763953251,0.12726398,0.01619612
4959,0,1,-0.018767595,-0.02553904,0.0154572781735926,0.034224875,0.0011713421
4960,0,1,-0.019675493,-0.026368022,-0.176895812502055,0.15722032,0.024718229
4961,0,1,0.16931617,0.14213705,0.1496923864377339,0.019623786,0.00038509298
4962,0,1,-0.14978766,-0.14212847,-0.1312550565652277,0.018532604,0.00034345742
4963,0,1,0.1247884,0.10415101,0.1474317145048713,0.022643313,0.0005127196
4964,0,1,-0.14766276,-0.14020598,-0.232793545223938,0.08513078,0.00724725
4965,0,1,0.22337139,0.18480122,0.2194650895422223,0.0039062947,1.5259138e-05
4966,0,1,-0.21482348,-0.20050335,-0.0271342927637214,0.18768919,0.03522723
4967,0,1,0.022373676,0.012045741,-0.0190279879024943,0.041401662,0.0017140976
4968,0,1,0.014372945,0.0047369003,-0.0141314601850257,0.028504405,0.0008125011
4969,0,1,0.009539485,0.00032007694,0.1085152389299761,0.098975755,0.0097962
4970,0,1,-0.11092532,-0.10688317,-0.1342521586029952,0.023326844,0.0005441416
4971,0,1,0.12772107,0.106710196,0.2573338085916978,0.12961274,0.016799463
4972,0,1,-0.24962997,-0.23125434,-0.1724013228540128,0.07722865,0.0059642643
4973,0,1,0.16494572,0.13850117,0.1055956025688737,0.059350118,0.0035224366
4974,0,1,-0.10815787,-0.10436857,0.0282401140965877,0.13639799,0.01860441
4975,0,1,-0.032297373,-0.037468433,0.052884837460011,0.085182205,0.007256008
4976,0,1,-0.056622863,-0.058788776,-0.0281412482248386,0.028481614,0.00081120234
4977,0,1,0.023367167,0.012953639,0.0841196303071949,0.060752466,0.003690862
4978,0,1,-0.087421656,-0.08582854,-0.1835049455213762,0.09608328,0.009231998
4979,0,1,0.1757375,0.1474359,0.2657691684502146,0.09003165,0.008105699
4980,0,1,-0.25733197,-0.23800302,-0.3861271121192189,0.12879515,0.01658819
4981,0,1,0.3676759,0.28595555,0.4411188041750569,0.073442906,0.0053938604
4982,0,1,-0.41251683,-0.3686329,-0.4529319291259259,0.04041511,0.001633381
4983,0,1,0.42811334,0.32383764,0.558617616214016,0.13050425,0.017031359
4984,0,1,-0.51108,-0.43863606,-0.556781994276726,0.04570198,0.002088671
4985,0,1,0.5183145,0.28537476,0.5252596332617967,0.006945133,4.8234877e-05
4986,0,1,-0.48358202,-0.41989517,-0.3773156985458514,0.10626632,0.011292531
4987,0,1,0.35958016,0.2817651,0.3670751209923055,0.0074949563,5.617437e-05
4988,0,1,-0.34809804,-0.31587672,-0.3074235061513792,0.040674537,0.001654418
4989,0,1,0.2944516,0.2390374,0.2359924145017531,0.058459178,0.0034174754
4990,0,1,-0.23005974,-0.21401381,-0.2010213619833603,0.029038385,0.0008432278
4991,0,1,0.19271958,0.16117609,0.2857747198160323,0.09305513,0.008659257
4992,0,1,-0.275504,-0.2538519,-0.2627449902970389,0.012759,0.00016279209
4993,0,1,0.25206554,0.2057687,0.1441147028701308,0.10795084,0.011653383
4994,0,1,-0.1445427,-0.13738239,-0.1539738414692915,0.009431154,8.8946654e-05
4995,0,1,0.1469909,0.123337746,0.0278691622296103,0.11912173,0.0141899865
4996,0,1,-0.031931162,-0.03714788,0.0634252376232673,0.0953564,0.009092842
4997,0,1,-0.06702137,-0.06791687,0.0964771227162071,0.16349849,0.026731757
4998,0,1,-0.09950554,-0.09650552,-0.0844444675164715,0.015061073,0.00022683592
4999,0,1,0.07885063,0.06334603,0.086566415323005,0.0077157915,5.953344e-05
5000,0,1,-0.089832306,-0.08794403,-0.097114902265067,0.0072826,5.303626e-05
5001,0,1,0.09130657,0.074525,0.1755575731334941,0.084251,0.0070982315
5002,0,1,-0.17402458,-0.16399765,-0.3007307651952511,0.12670618,0.016054457
5003,0,1,0.28813636,0.23427784,0.2064747927525509,0.08166157,0.0066686114
5004,0,1,-0.20280027,-0.18979228,-0.1822798665440699,0.020520404,0.00042108697
5005,0,1,0.17454827,0.14645803,-0.0372242207411128,0.21177249,0.044847585
5006,0,1,0.03232932,0.0211339,0.2199683669615313,0.18763904,0.03520841
5007,0,1,-0.21528864,-0.20091677,-0.2254512374080994,0.010162592,0.000103278275
5008,0,1,0.21630657,0.17950714,0.1860977136093875,0.030208856,0.000912575
5009,0,1,-0.1838597,-0.17283666,0.0281981296619948,0.21205783,0.044968523
5010,0,1,-0.032255888,-0.037432313,-0.0807358944901563,0.048480004,0.0023503108
5011,0,1,0.075202465,0.06005907,0.1283038571770658,0.05310139,0.0028197577
5012,0,1,-0.12964177,-0.12387717,-0.1453137081485958,0.015671939,0.00024560967
5013,0,1,0.13853574,0.11608267,0.0851865394101745,0.053349197,0.002846137
5014,0,1,-0.08847296,-0.08675146,-0.1142320280916624,0.025759064,0.0006635294
5015,0,1,0.10810959,0.08948183,0.2756477597792213,0.16753817,0.028069038
5016,0,1,-0.26632726,-0.24585664,-0.361543317941557,0.095216066,0.009066099
5017,0,1,0.3450209,0.27347696,0.3046395576330984,0.040381342,0.0016306528
5018,0,1,-0.29251146,-0.26858997,-0.2460320462525518,0.04647942,0.0021603364
5019,0,1,0.23607981,0.19406664,0.1354885113095154,0.1005913,0.01011861
5020,0,1,-0.13641918,-0.130023,-0.1714970605486405,0.035077885,0.001230458
5021,0,1,0.16406548,0.13776648,-0.0067945174686114,0.17085999,0.029193137
5022,0,1,0.0022957325,-0.0063000917,-0.1391143810299389,0.14141011,0.01999682
5023,0,1,0.13247693,0.11084378,0.1835543290546126,0.05107741,0.0026089018
5024,0,1,-0.18148828,-0.17070842,-0.1735256592889464,0.007962614,6.3403226e-05
5025,0,1,0.16603887,0.13941336,0.0631021737391437,0.1029367,0.010595964
5026,0,1,-0.066702485,-0.06763744,-0.1694897368848056,0.102787256,0.01056522
5027,0,1,0.16211212,0.13613212,0.1487133172196622,0.013398796,0.00017952775
5028,0,1,-0.14886737,-0.14129579,-0.1306529426824938,0.01821442,0.00033176507
5029,0,1,0.124198794,0.10363662,0.1247647590124545,0.000565961,3.2031187e-07
5030,0,1,-0.12629974,-0.12084472,-0.0862402460008766,0.040059492,0.0016047629
5031,0,1,0.08061659,0.06493533,-0.0481420422876781,0.12875864,0.016578788
5032,0,1,0.04309702,0.030949593,0.2124171679610385,0.16932015,0.028669314
5033,0,1,-0.20830512,-0.19470155,-0.1763430861845483,0.031962037,0.0010215718
5034,0,1,0.16877925,0.14169157,0.1505853168623478,0.01819393,0.0003310191
5035,0,1,-0.15062678,-0.14288735,-0.1800120298617809,0.029385254,0.00086349313
5036,0,1,0.17234528,0.14464247,-0.153787597108661,0.3261329,0.10636266
5037,0,1,0.1468091,0.12318289,0.1484509686896395,0.0016418695,2.6957357e-06
5038,0,1,-0.1486212,-0.14107275,-0.1837506929097563,0.035129488,0.0012340809
5039,0,1,0.17597663,0.14763153,0.1491794938161479,0.026797146,0.000718087
5040,0,1,-0.1493057,-0.14169276,-0.1657834336968728,0.016477734,0.00027151572
5041,0,1,0.15850341,0.13310122,0.1117853409947471,0.046718076,0.0021825787
5042,0,1,-0.11402321,-0.1096977,-0.2338908123308547,0.11986761,0.0143682435
5043,0,1,0.22442591,0.18558323,0.2604206364060049,0.03599474,0.0012956212
5044,0,1,-0.2524507,-0.23372877,-0.3454254643260179,0.09297475,0.008644304
5045,0,1,0.3300568,0.26409113,0.4302830100860333,0.10022622,0.010045296
5046,0,1,-0.40319657,-0.36129415,-0.3857650969993196,0.017431468,0.00030385607
5047,0,1,0.36734426,0.2857896,0.2146696242508572,0.15267463,0.023309542
5048,0,1,-0.21038973,-0.19655812,-0.1530202844367192,0.057369456,0.0032912544
5049,0,1,0.14606082,0.122543454,0.1641240497394063,0.018063232,0.00032628037
5050,0,1,-0.16332841,-0.1543603,-0.1101014964300257,0.05322691,0.002833104
5051,0,1,0.10405743,0.0858897,-0.0064396219339477,0.11049705,0.012209598
5052,0,1,0.0019456148,-0.0066200495,0.0012545452893544,0.0006910695,4.775771e-07
5053,0,1,-0.005651355,-0.013561964,0.0690405006215142,0.074691854,0.005578873
5054,0,1,-0.07255864,-0.072779775,-0.3138860679629449,0.24132743,0.05823893
5055,0,1,0.30053723,0.2435447,0.3227701621981145,0.02223292,0.0004943027
5056,0,1,-0.30876625,-0.28256106,-0.3697888051774332,0.06102255,0.0037237515
5057,0,1,0.35264266,0.27792895,0.2544701356679224,0.098172516,0.009637843
5058,0,1,-0.24701095,-0.22895467,-0.311449515889159,0.06443858,0.0041523306
5059,0,1,0.29824436,0.24185598,0.3349718379487345,0.036727488,0.0013489084
5060,0,1,-0.31965435,-0.2918539,-0.3920611960738371,0.07240686,0.0052427533
5061,0,1,0.3731128,0.28858173,0.1405145052231315,0.23259829,0.054101963
5062,0,1,-0.14115393,-0.1343137,-0.121524569522553,0.01962936,0.00038531175
5063,0,1,0.11525869,0.095793605,0.3158949725718065,0.20063627,0.040254913
5064,0,1,-0.30261326,-0.27728605,-0.2014694795324403,0.10114378,0.010230063
5065,0,1,0.1931535,0.16152155,0.2705890369430552,0.07743552,0.0059962603
5066,0,1,-0.26172435,-0.24184096,-0.246454845412954,0.015269503,0.00023315773
5067,0,1,0.23648489,0.19435632,0.3749839272787059,0.13849905,0.019181987
5068,0,1,-0.35505843,-0.32169867,-0.2649195243932125,0.09013891,0.008125024
5069,0,1,0.2541405,0.20746028,0.3077609150985119,0.053620428,0.0028751502
5070,0,1,-0.29531598,-0.2710092,-0.2014269843410727,0.093889,0.008815144
5071,0,1,0.1931125,0.16148889,0.229023944153736,0.035911456,0.0012896326
5072,0,1,-0.22364414,-0.20833373,-0.2984391725889963,0.07479504,0.005594298
5073,0,1,0.28597176,0.23262799,0.2906732248685133,0.0047014654,2.2103777e-05
5074,0,1,-0.27992988,-0.2576983,-0.2227375455679852,0.057192326,0.003270962
5075,0,1,0.21369231,0.17752397,0.0791226471476487,0.13456966,0.018108994
5076,0,1,-0.08249736,-0.08150637,-0.0827450458068808,0.0002476871,6.13489e-08
5077,0,1,0.07717872,0.061840534,0.0348183927461447,0.042360324,0.0017943971
5078,0,1,-0.038791656,-0.043153524,-0.1291899788790398,0.09039833,0.008171857
5079,0,1,0.122766614,0.10238409,0.0431741259462763,0.07959249,0.006334964
5080,0,1,-0.047039747,-0.05038166,-0.0604778851166027,0.013438139,0.00018058358
5081,0,1,0.055255532,0.042006493,0.1265753057591119,0.071319774,0.00508651
5082,0,1,-0.12800968,-0.12239647,-0.1805378558171044,0.052528173,0.002759209
5083,0,1,0.17285573,0.14506447,0.0604535559204684,0.11240218,0.012634249
5084,0,1,-0.064089894,-0.06534362,0.0378321698977874,0.101922065,0.010388107
5085,0,1,-0.041767,-0.04575956,-0.0887912604369181,0.047024257,0.0022112809
5086,0,1,0.08312535,0.06719065,0.1608907093150196,0.07776536,0.0060474514
5087,0,1,-0.16029882,-0.15162599,0.0563654566466529,0.21666428,0.04694341
5088,0,1,-0.060056806,-0.061803102,-0.1504426695338305,0.09038587,0.008169605
5089,0,1,0.1435448,0.120389104,0.0215335858178165,0.12201121,0.014886735
5090,0,1,-0.025675297,-0.03167951,-0.1016279712399821,0.07595267,0.005768808
5091,0,1,0.095739484,0.07848644,0.151562744415018,0.055823267,0.003116237
5092,0,1,-0.15154493,-0.143718,-0.0004682326001197,0.15107669,0.022824166
5093,0,1,-0.0039504766,-0.012008071,0.1559549004148011,0.15990537,0.02556973
5094,0,1,-0.15566897,-0.14744544,-0.13237754930932,0.023291424,0.00054249045
5095,0,1,0.1258868,0.105110645,0.1012134465576291,0.02467335,0.0006087742
5096,0,1,-0.1040014,-0.10059142,-0.21978982986084,0.11578843,0.01340696
5097,0,1,0.21085131,0.17535388,0.3125610267445051,0.10170972,0.010344868
5098,0,1,-0.29962456,-0.27471805,-0.303249714399153,0.0036251545,1.31417455e-05
5099,0,1,0.29051507,0.23608005,0.293339133321479,0.002824068,7.975361e-06
5100,0,1,-0.28233528,-0.2597859,-0.310920639537831,0.028585345,0.00081712194
5101,0,1,0.29774606,0.24148762,0.1845773630327165,0.1131687,0.012807155
5102,0,1,-0.18244231,-0.1715647,-0.0631955571788243,0.11924675,0.014219788
5103,0,1,0.057933092,0.04443693,-0.15072539260814,0.20865849,0.043538366
5104,0,1,0.14382052,0.12062597,0.0777078604006722,0.06611267,0.004370885
5105,0,1,-0.08110309,-0.08028257,-0.1076220565933963,0.02651897,0.0007032558
5106,0,1,0.10162377,0.08372784,0.2146685519623645,0.11304478,0.012779123
5107,0,1,-0.21038878,-0.19655764,-0.2580897551702952,0.04770097,0.0022753826
5108,0,1,0.24761951,0.20216668,0.4122101466081054,0.16459063,0.027090074
5109,0,1,-0.38756847,-0.3485843,-0.5099044532043129,0.12233597,0.014966089
5110,0,1,0.478207,0.3246826,0.5080890158041556,0.029882014,0.00089293474
5111,0,1,-0.46927166,-0.40999413,-0.3404613043105382,0.12881035,0.016592106
5112,0,1,0.32543075,0.26103556,0.3129656589179841,0.01246509,0.00015537845
5113,0,1,-0.29998767,-0.27503037,-0.1110355403017924,0.18895213,0.03570291
5114,0,1,0.10497379,0.08670282,0.0880503761270421,0.01692342,0.00028640215
5115,0,1,-0.09129393,-0.08922696,-0.1227199444313182,0.031426013,0.0009875942
5116,0,1,0.116429925,0.09682381,0.2351115654187452,0.11868164,0.014085332
5117,0,1,-0.22924948,-0.21329725,-0.1448679645459831,0.084381506,0.0071202386
5118,0,1,0.1381005,0.115707636,0.1922591627038381,0.054158658,0.0029331602
5119,0,1,-0.18959653,-0.17798269,-0.3255366942337454,0.13594016,0.01847973
5120,0,1,0.31147707,0.25143182,0.1771116167316349,0.13436545,0.018054076
5121,0,1,-0.17547596,-0.16530383,-0.2993765106749306,0.12390056,0.0153513495
5122,0,1,0.28685725,0.23330438,0.2220228039659206,0.064834446,0.0042035053
5123,0,1,-0.2171861,-0.20260286,-0.1848742397089362,0.032311857,0.001044056
5124,0,1,0.1770674,0.14852595,0.0727849190608427,0.10428248,0.010874837
5125,0,1,-0.07625055,-0.07602155,-0.0417521608096949,0.034498394,0.0011901392
5126,0,1,0.036795735,0.025207043,0.1320956931004773,0.09529996,0.009082083
5127,0,1,-0.1332196,-0.12712252,-0.0348697983030847,0.0983498,0.009672684
5128,0,1,0.03000629,0.019013882,0.0576690641025665,0.027662776,0.0007652292
5129,0,1,-0.061342835,-0.062932014,-0.0301686854422602,0.03117415,0.0009718276
5130,0,1,0.025367856,0.014780283,-0.0355994643635073,0.06096732,0.0037170139
5131,0,1,0.030726075,0.019671202,0.0653684254210358,0.034642354,0.0012000927
5132,0,1,-0.06893766,-0.069600105,-0.1425315936907296,0.07359393,0.0054160664
5133,0,1,0.13581753,0.11373627,0.0452609665486074,0.09055656,0.008200491
5134,0,1,-0.049099565,-0.05218804,0.0697271278878495,0.118826695,0.014119783
5135,0,1,-0.07323563,-0.07337427,-0.0748698523579762,0.0016342178,2.6706678e-06
5136,0,1,0.0694294,0.05484748,-0.0065774678705419,0.07600687,0.0057770438
5137,0,1,0.002081871,-0.0064965487,0.0183971391033892,0.016315268,0.00026618797
5138,0,1,-0.022578359,-0.02897513,-0.074008905158156,0.051430546,0.002645101
5139,0,1,0.06858182,0.05408168,-0.0039674837366507,0.072549306,0.0052634017
5140,0,1,-0.0004954338,-0.008850932,0.0671833341845768,0.067678764,0.0045804153
5141,0,1,-0.07072735,-0.07117188,0.0172060939922586,0.08793344,0.0077322903
5142,0,1,-0.021402478,-0.027943492,0.06957503677729,0.09097751,0.008276908
5143,0,1,-0.073085666,-0.073242545,-0.2027629841818337,0.12967733,0.016816208
5144,0,1,0.19440544,0.16251743,0.1443420957082495,0.05006334,0.0025063383
5145,0,1,-0.14475644,-0.13757586,-0.021270245564761,0.12348619,0.01524884
5146,0,1,0.016586304,0.0067591667,-0.2085049341717022,0.22509123,0.050666064
5147,0,1,0.19995749,0.16690171,0.1374718847472142,0.062485605,0.003904451
5148,0,1,-0.13828826,-0.13171697,0.0171460058853074,0.15543427,0.024159811
5149,0,1,-0.021343231,-0.02788949,-0.0060849257466133,0.015258305,0.00023281586
5150,0,1,0.0015951395,-0.00694108,0.0631670216733795,0.06157188,0.0037910966
5151,0,1,-0.06676626,-0.06769347,-0.2398019580974681,0.1730357,0.029941352
5152,0,1,0.23010361,0.18975294,0.0693985559640466,0.16070506,0.025826117
5153,0,1,-0.07291186,-0.07308948,-0.0038870083243431,0.06902485,0.00476443
5154,0,1,-0.0005748272,-0.008923531,0.1722098402547025,0.17278467,0.029854544
5155,0,1,-0.17089593,-0.16118121,0.028133702236694,0.19902964,0.039612796
5156,0,1,-0.03219211,-0.037376523,-0.0144587547603594,0.017733356,0.00031447192
5157,0,1,0.009862423,0.0006146431,-0.0425392703234153,0.05240169,0.0027459373
5158,0,1,0.037571907,0.02591455,-0.1378789697373943,0.17545088,0.03078301
5159,0,1,0.13126886,0.10979545,-0.015577594941825,0.14684646,0.021563882
5160,0,1,0.010967135,0.001624465,-0.0477399324000655,0.05870707,0.00344652
5161,0,1,0.04270065,0.03058803,-0.0674035576593092,0.1101042,0.012122936
5162,0,1,0.06207812,0.048195004,-0.0413558753308336,0.103434,0.010698591
5163,0,1,0.03640473,0.024850726,-0.0405574541696676,0.07696219,0.0059231785
5164,0,1,0.035616994,0.024132848,0.0020283967702192,0.033588596,0.0011281938
5165,0,1,-0.006415367,-0.014260411,0.0398961447782399,0.046311513,0.0021447563
5166,0,1,-0.043803692,-0.047545075,0.0459346613021083,0.089738354,0.008052972
5167,0,1,-0.049764156,-0.05277121,-0.0180703968672797,0.03169376,0.0010044945
5168,1,1,0.010377049,0.0038727522,0.0607184608693007,0.050341412,0.0025342577
5169,1,1,0.0959574,-0.0655731,-0.0392883327620803,0.13524574,0.01829141
5170,1,1,-0.012819171,0.0229913,-0.0320898344679791,0.019270662,0.00037135842
5171,1,1,-0.004942894,0.016510963,-0.0330613267553763,0.028118432,0.0007906462
5172,1,1,-0.0060055256,0.017385721,-0.0343343908418043,0.028328866,0.0008025246
5173,1,1,-0.0073981285,0.018532872,0.1045960066876807,0.11199413,0.0125426855
5174,1,1,0.14319575,-0.1035074,0.0309102689107056,0.11228548,0.012608029
5175,1,1,0.06368828,-0.039775252,-0.2356304156968576,0.2993187,0.08959168
5176,1,1,-0.22971201,0.18681777,0.3118736210066608,0.5415856,0.293315
5177,1,1,0.36140263,-0.2741878,-0.4427527476705333,0.80415535,0.6466658
5178,1,1,-0.4605955,0.31835973,0.3419029920770591,0.80249846,0.64400375
5179,1,1,0.3922478,-0.2970934,-0.3441736056960822,0.7364214,0.5423165
5180,0,1,0.32889068,0.26332748,0.2191467278791281,0.10974395,0.012043735
5181,0,1,-0.21452904,-0.2002418,-0.3652154906441194,0.15068644,0.022706404
5182,0,1,0.34841812,0.27549088,0.250321210981429,0.09809691,0.009623003
5183,0,1,-0.24321282,-0.2256155,-0.1112390917759509,0.13197373,0.017417066
5184,0,1,0.10517335,0.08687997,0.2982003240707611,0.19302696,0.037259407
5185,0,1,-0.28671658,-0.2635826,-0.2081721280416413,0.07854445,0.006169231
5186,0,1,0.19963586,0.16664875,0.2952040228990971,0.09556815,0.009133271
5187,0,1,-0.28401685,-0.26124382,-0.1833866589154289,0.100630194,0.010126436
5188,0,1,0.17562306,0.14734113,0.1820236092563367,0.0064005554,4.096711e-05
5189,0,1,-0.18006086,-0.16942573,-0.1385710317238464,0.041489825,0.0017214055
5190,0,1,0.13194501,0.11038327,0.2242883836242832,0.092343375,0.008527298
5191,0,1,-0.2192775,-0.20446014,-0.293867095314215,0.07458958,0.0055636056
5192,0,1,0.28164756,0.22930634,0.0809810198789018,0.20066655,0.04026706
5193,0,1,-0.08432901,-0.08311391,-0.0860025156596564,0.0016735047,2.800618e-06
5194,0,1,0.0803833,0.06472528,0.107198947911685,0.026815645,0.0007190788
5195,0,1,-0.10967779,-0.10574961,-0.117822069647246,0.008144274,6.63292e-05
5196,0,1,0.11162937,0.09259355,0.0502425450409889,0.061386824,0.003768342
5197,0,1,-0.05401516,-0.05650091,-0.0146716354504825,0.039343525,0.001547913
5198,0,1,0.010072947,0.0008069277,-0.0723116320635652,0.08238458,0.0067872186
5199,0,1,0.06691122,0.05257082,0.0527853246479528,0.014125895,0.0001995409
5200,0,1,-0.056524634,-0.058702588,-0.0967362010670112,0.040211566,0.00161697
5201,0,1,0.09093428,0.074192286,0.1088388477597244,0.017904572,0.00032057372
5202,0,1,-0.111231804,-0.10716164,-0.1195693073658383,0.008337505,6.951399e-05
5203,0,1,0.113342404,0.094104886,-4.813067516917791e-05,0.113390535,0.012857414
5204,0,1,-0.0043649673,-0.012386918,-0.1298738862182384,0.12550892,0.015752489
5205,0,1,0.12343633,0.10296965,0.069258521764002,0.054177813,0.0029352354
5206,0,1,-0.07277334,-0.07296872,-0.0963739087661315,0.02360057,0.00055698695
5207,0,1,0.090578556,0.07387388,0.1784977637419185,0.087919205,0.007729787
5208,0,1,-0.17677069,-0.16646826,-0.2290216100044415,0.05225092,0.0027301589
5209,0,1,0.21974313,0.1820947,0.0290718943313927,0.19067124,0.03635552
5210,0,1,-0.033118844,-0.038186908,-0.1096870692234639,0.07656822,0.005862693
5211,0,1,0.10365069,0.08552885,0.1972742381651786,0.09362355,0.008765369
5212,0,1,-0.1942606,-0.18215895,-0.1673470102167817,0.026913583,0.00072434096
5213,0,1,0.1600262,0.1343826,0.1806443726084532,0.020618185,0.00042510958
5214,0,1,-0.17877424,-0.16826928,-0.1993061391779396,0.020531908,0.00042155923
5215,0,1,0.19105923,0.15985167,0.2829698954203448,0.09191066,0.00844757
5216,0,1,-0.2729677,-0.25164306,-0.2950681090755001,0.022100419,0.0004884285
5217,0,1,0.28278363,0.23018253,0.2657957413419918,0.01698789,0.0002885884
5218,0,1,-0.2573564,-0.238024,-0.2534988219884848,0.0038575828,1.4880945e-05
5219,0,1,0.24322999,0.19912231,0.2338395996753026,0.009390384,8.817931e-05
5220,0,1,-0.22807932,-0.21226168,-0.2176132337714043,0.010466084,0.00010953891
5221,0,1,0.20875204,0.17374098,0.362974721796206,0.1542227,0.023784641
5222,0,1,-0.34448147,-0.31284344,-0.427076329218029,0.08259487,0.0068219127
5223,0,1,0.40492737,0.30855358,0.4900729979929148,0.08514562,0.007249777
5224,0,1,-0.45415008,-0.39941573,-0.437930785281579,0.016219288,0.0002630653
5225,0,1,0.4146937,0.31548154,0.4078943341565477,0.00679937,4.6231435e-05
5226,0,1,-0.38382125,-0.3455112,-0.3947532100574682,0.010931969,0.00011950794
5227,0,1,0.3755747,0.28971875,0.266682061247703,0.10889265,0.011857609
5228,0,1,-0.2581644,-0.2387309,-0.2493715910896543,0.008792818,7.731364e-05
5229,0,1,0.23927915,0.19634378,0.253443850453743,0.014164686,0.00020063833
5230,0,1,-0.24607205,-0.22812986,-0.0542621072341036,0.19180995,0.036791056
5231,0,1,0.049130082,0.03644061,-0.0454566763385593,0.09458676,0.008946655
5232,0,1,0.040448904,0.028537273,0.0425693721222961,0.0021204688,4.4963876e-06
5233,0,1,-0.046442986,-0.049858212,0.0318984743590773,0.07834146,0.0061373846
5234,0,1,-0.035909176,-0.04062915,0.0391612646150483,0.07507044,0.005635571
5235,0,1,-0.04307902,-0.04690945,-0.1714387582674297,0.12835974,0.016476221
5236,0,1,0.16400898,0.13771892,0.1698222144581633,0.005813241,3.379377e-05
5237,0,1,-0.16866243,-0.1591698,-0.071247965297738,0.097414464,0.009489578
5238,0,1,0.065864086,0.05162275,0.1587073807341077,0.092843294,0.0086198775
5239,0,1,-0.1582514,-0.14977813,-0.2419367391946831,0.08368534,0.007003236
5240,0,1,0.23215258,0.19124043,0.3022537348302438,0.07010114,0.00491417
5241,0,1,-0.29036582,-0.26673758,-0.3331258411597759,0.042760015,0.0018284188
5242,0,1,0.31858146,0.25638998,0.429642090463026,0.11106062,0.012334461
5243,0,1,-0.40264428,-0.3608575,-0.2948294207320909,0.10781485,0.011624042
5244,0,1,0.28255808,0.23000896,0.126242320795398,0.15631576,0.024434617
5245,0,1,-0.12769544,-0.12211156,0.0014698410914164,0.12916528,0.016683668
5246,0,1,-0.0058636665,-0.013756633,0.0870863272931712,0.092949994,0.008639702
5247,0,1,-0.09034395,-0.08839357,0.0229808767721981,0.11332483,0.012842516
5248,0,1,-0.027104735,-0.032928348,-0.1240428538163487,0.09693812,0.009396999
5249,0,1,0.11772585,0.09796345,0.2069310060264657,0.08920516,0.007957561
5250,0,1,-0.20322347,-0.19017005,-0.22245058398321,0.019227117,0.00036968203
5251,0,1,0.21341598,0.17731321,0.3488149725981617,0.13539898,0.018332886
5252,0,1,-0.33195603,-0.30228937,-0.363041740488599,0.0310857,0.00096632075
5253,0,1,0.34640753,0.27430427,0.2612933910126831,0.08511415,0.007244419
5254,0,1,-0.25324798,-0.23442698,-0.3603061610587186,0.1070582,0.011461457
5255,0,1,0.3438753,0.2727872,0.4858712381719787,0.14199594,0.020162847
5256,0,1,-0.45060766,-0.39692056,-0.6066818122216202,0.15607417,0.024359146
5257,0,1,0.559816,0.17073715,0.6658382739588691,0.1060223,0.011240728
5258,0,1,-0.59654963,-0.49438107,-0.6722233711219279,0.07567376,0.0057265176
5259,0,1,0.6123241,-0.01629603,0.7806976852960863,0.16837358,0.028349664
5260,0,1,-0.6833819,-0.54708624,-0.634894173560288,0.048487723,0.0023510593
5261,0,1,0.58270586,0.09359717,0.6251944999708308,0.042488635,0.0018052841
5262,0,1,-0.56464803,-0.474172,-0.6593087241094033,0.0946607,0.008960648
5263,0,1,0.60216486,0.022384286,0.4673729392366434,0.13479191,0.01816886
5264,0,1,-0.43494236,-0.3858049,-0.3634474687644147,0.07149491,0.0051115216
5265,0,1,0.34678304,0.27452695,0.4359743264238334,0.08919129,0.0079550855
5266,0,1,-0.40809655,-0.36515844,-0.5123551763842735,0.1042586,0.010869855
5267,0,1,0.48032916,0.32375038,0.5561702625141336,0.07584113,0.0057518766
5268,0,1,-0.50907993,-0.4372822,-0.5429298487700305,0.033849895,0.0011458154
5269,0,1,0.5065721,0.30427325,0.3545810420611766,0.1519911,0.023101294
5270,0,1,-0.3370639,-0.3066014,-0.3808811787041011,0.04381728,0.0019199542
5271,0,1,0.36285913,0.2835003,0.4486139979313417,0.08575487,0.007353898
5272,0,1,-0.4189421,-0.37366474,-0.4456526057665801,0.02671051,0.00071345136
5273,0,1,0.42161262,0.32002676,0.5208601811292712,0.099247575,0.009850081
5274,0,1,-0.47992456,-0.41737437,-0.4315483155916511,0.048376232,0.00234026
5275,0,1,0.40895665,0.31147945,0.3430123151981499,0.065944344,0.0043486566
5276,0,1,-0.3268062,-0.29792964,-0.4078289093154092,0.08102271,0.0065646796
5277,0,1,0.38749635,0.29496038,0.3251908206428011,0.06230554,0.0038819802
5278,0,1,-0.31092966,-0.28441215,-0.4154468983813713,0.10451725,0.010923856
5279,0,1,0.3944124,0.3005203,0.4166071815217431,0.022194773,0.00049260794
5280,0,1,-0.39137995,-0.3517034,-0.4886605293125765,0.09728059,0.009463513
5281,0,1,0.45969427,0.3291582,0.2854573254383663,0.17423695,0.030358516
5282,0,1,-0.2752173,-0.25360203,-0.1207912436011069,0.15442605,0.023847407
5283,0,1,0.11453974,0.09516013,-0.1196743241076561,0.23421407,0.05485623
5284,0,1,0.113444924,0.094195485,-0.0452665882065523,0.15871151,0.025189342
5285,0,1,0.04026115,0.02836597,-0.0735099772351401,0.113771126,0.012943869
5286,0,1,0.068090916,0.053637028,0.1410031535310807,0.07291223,0.005316193
5287,0,1,-0.14161396,-0.13473046,-0.1765016039872391,0.03488764,0.0012171476
5288,0,1,0.16893327,0.14181912,0.1091776306522196,0.05975564,0.0035707364
5289,0,1,-0.111552835,-0.10745311,-0.1035147600595338,0.008038074,6.461063e-05
5290,0,1,0.097592354,0.0801394,0.0939068109423355,0.0036855415,1.3583216e-05
5291,0,1,-0.09706128,-0.0942862,0.1232650416409963,0.22032632,0.048543688
5292,0,1,-0.1248827,-0.11955881,-0.0767361108655273,0.04814659,0.0023180943
5293,0,1,0.07126665,0.05650711,0.0688451015834807,0.0024215505,5.8639066e-06
5294,0,1,-0.07236588,-0.072610736,-0.0385523090821688,0.03381357,0.0011433575
5295,0,1,0.03363943,0.02232933,0.2054873617569554,0.17184792,0.02953171
5296,0,1,-0.20188475,-0.18897498,-0.287062774460612,0.08517802,0.007255295
5297,0,1,0.27520144,0.22429335,0.2647776986321546,0.01042375,0.00010865456
5298,0,1,-0.25642776,-0.23721218,-0.3185954400712931,0.062167674,0.0038648196
5299,0,1,0.30496418,0.24677122,0.5001782370791259,0.19521403,0.03810852
5300,0,1,-0.46264517,-0.40537345,-0.4603700552749448,0.0022751093,5.176122e-06
5301,0,1,0.43473232,0.32611287,0.4075769490164866,0.02715537,0.0007374141
5302,0,1,-0.38354552,-0.34528506,-0.502357401486206,0.118811905,0.014116269
5303,0,1,0.4716531,0.32699955,0.4623782158247393,0.0092749,8.602377e-05
5304,0,1,-0.43069327,-0.3827678,-0.3541493560200057,0.07654393,0.0058589727
5305,0,1,0.33816683,0.26927698,0.2857603273844511,0.05240652,0.0027464433
5306,0,1,-0.27549112,-0.25384045,-0.3940894030368909,0.11859828,0.0140655525
5307,0,1,0.3749677,0.2894417,0.2584335578933869,0.11653414,0.013580207
5308,0,1,-0.2506355,-0.23213673,-0.2232741210820603,0.027361378,0.000748645
5309,0,1,0.21420944,0.17791688,0.2113968539043969,0.0028125793,7.910602e-06
5310,0,1,-0.20736086,-0.19385982,-0.0681880540805612,0.1391728,0.01936907
5311,0,1,0.062850595,0.048895,0.1397085834402021,0.076857984,0.0059071495
5312,0,1,-0.14039528,-0.1336261,0.0450595464262044,0.18545483,0.034393493
5313,0,1,-0.048900604,-0.052013755,0.0906647784632679,0.13956538,0.019478494
5314,0,1,-0.09386909,-0.09148586,0.0869959997649667,0.18086508,0.032712176
5315,0,1,-0.09025502,-0.08831549,-0.1663207333156851,0.076065704,0.0057859914
5316,0,1,0.15902698,0.1335417,0.0641659093690525,0.09486107,0.008998622
5317,0,1,-0.06775141,-0.06855857,0.1197137060675521,0.18746512,0.03514317
5318,0,1,-0.12152588,-0.116511345,-0.1653616535911277,0.043835774,0.001921575
5319,0,1,0.15809262,0.13275516,0.2135039229486548,0.05541131,0.0030704131
5320,0,1,-0.20931101,-0.19559777,-0.4076449405302018,0.19833392,0.039336342
5321,0,1,0.38732874,0.29482353,0.2792082869983938,0.10812047,0.011690036
5322,0,1,-0.26956248,-0.24867392,-0.2832715285801506,0.0137090385,0.00018793774
5323,0,1,0.27160466,0.22146523,0.249760998295011,0.021843657,0.00047714534
5324,0,1,-0.24269974,-0.22516406,0.0572354339106964,0.29993516,0.089961104
5325,0,1,-0.06091523,-0.06255627,-0.0456590517675967,0.015256181,0.00023275107
5326,0,1,0.04064858,0.028718948,-0.0130774619624327,0.05372604,0.0028864874
5327,0,1,0.0084991455,-0.0006312132,-0.1812186075780772,0.18971775,0.035992827
5328,0,1,0.17351735,0.14560926,0.1095737775520084,0.06394357,0.0040887804
5329,0,1,-0.111928344,-0.10779464,-0.0369910220562257,0.07493732,0.0056156022
5330,0,1,0.032099366,0.020923495,-0.0263033092076903,0.058402676,0.0034108725
5331,0,1,0.021553516,0.011296749,0.0020301412966048,0.019523375,0.00038116216
5332,0,1,-0.006417036,-0.014261961,-0.0116604202504091,0.0052433843,2.7493079e-05
5333,0,1,0.007099867,-0.0019102097,-0.0728517760241074,0.079951644,0.006392265
5334,0,1,0.067442656,0.05305147,0.2534319109701421,0.18598926,0.034592006
5335,0,1,-0.24606085,-0.22811997,-0.152106783308543,0.09395407,0.008827368
5336,0,0,0.14516902,0.12178075,-0.2143536377823403,0.35952264,0.12925653
5337,0,0,0.20560658,0.17131054,-0.2449342059200709,0.45054078,0.202987
5338,0,0,0.23502696,0.19331229,-0.2842163810322533,0.51924336,0.26961365
5339,0,0,0.2725016,0.22217238,-0.1932967663936935,0.46579835,0.2169681
5340,0,0,0.18523777,0.15517318,-0.21574256863697,0.40098035,0.16078524
5341,0,0,0.20694721,0.1723479,-0.433663362344064,0.6406106,0.4103819
5342,0,0,0.41085947,0.31282866,-0.4818066793207629,0.8926661,0.79685277
5343,1,0,-0.5040771,0.3293022,-0.412040446917709,0.092036635,0.008470742
5344,1,0,-0.42636275,0.29806125,-0.361519582487803,0.06484318,0.004204638
5345,1,0,-0.3700124,0.27346337,-0.2880957738565752,0.08191663,0.006710334
5346,1,0,-0.28813016,0.22505963,-0.247361736288628,0.04076843,0.0016620648
5347,1,0,-0.24276376,0.19497573,-0.2206368591504341,0.022126898,0.0004895996
5348,1,0,-0.21304095,0.17597854,-0.1034910474108443,0.1095499,0.012001181
5349,1,0,-0.083340645,0.08011782,-0.3403008376683296,0.25696018,0.066028535
5350,1,0,-0.34634197,0.2609352,-0.3817977726768777,0.035455793,0.0012571133
5351,1,0,-0.39263356,0.2839378,-0.3523215380224547,0.040312022,0.0016250592
5352,1,0,-0.35975134,0.26821077,-0.4754461873263926,0.11569485,0.013385299
5353,1,0,-0.49700034,0.3289119,-0.5737278090641487,0.07672745,0.0058871014
5354,1,0,-0.6060649,0.25021636,-0.6613950527896357,0.055330157,0.0030614263
5355,1,0,-0.7026229,0.016171813,-0.6665410721787588,0.03608179,0.0013018956
5356,1,0,-0.70826316,0.00078344345,-0.6947157407934454,0.0135474205,0.0001835326
5357,1,0,-0.7390804,-0.08441675,-0.6185125848922015,0.12056786,0.014536608
5358,1,0,-0.6554967,0.13923085,-0.672927198778315,0.017430484,0.00030382178
5359,1,0,-0.7152575,-0.018416762,-0.6468991734523823,0.06835836,0.004672866
5360,1,0,-0.68671715,0.058969975,-0.5951485465917379,0.09156859,0.008384806
5361,1,0,-0.6297333,0.200055,-0.5758183874294251,0.053914964,0.0029068233
5362,1,0,-0.6083766,0.24558961,-0.5890208591232888,0.019355774,0.00037464598
5363,1,0,-0.62296736,0.21500456,-0.8582744348837823,0.2353071,0.05536943
5364,1,0,-0.912869,-0.52704966,-0.9385833005149796,0.025714338,0.00066122715
5365,1,0,-0.9915725,-0.6922749,-0.9750828061345148,0.016489685,0.0002719097
5366,1,0,-1.027,-0.756565,-1.1384311293651774,0.11143112,0.012416895
5367,1,0,-1.1825337,-0.96682733,-1.192090000014899,0.0095562935,9.132275e-05
5368,1,0,-1.2321072,-1.0162207,-1.1685685932969496,0.06353855,0.0040371474
5369,1,0,-1.2105632,-0.99533635,-1.16625945177978,0.044303775,0.0019628245
5370,1,0,-1.2084388,-0.99322337,-1.0926296302732097,0.11580908,0.013411744
5371,1,0,-1.1394565,-0.9193182,-1.0068412331952337,0.13261533,0.017586825
5372,1,0,-1.0576377,-0.8076277,-1.032086704159166,0.025550961,0.00065285165
5373,1,0,-1.0818616,-0.84525454,-1.0509068093029068,0.030954838,0.000958202
5374,1,0,-1.0998418,-0.8710661,-1.085652394115899,0.014189482,0.00020134139
5375,1,0,-1.1328562,-0.9115978,-1.0809922822281135,0.05186391,0.002689865
5376,1,0,-1.128442,-0.9063657,-1.1399153518212948,0.011473298,0.00013163657
5377,1,0,-1.1839225,-0.9682799,-1.0814494788008386,0.10247302,0.01050072
5378,1,0,-1.1288754,-0.9068816,-1.0687796171260509,0.060095787,0.0036115036
5379,1,0,-1.116854,-0.8923598,-1.22234681388645,0.10549283,0.011128738
5380,1,0,-1.2595751,-1.0414708,-1.2331584828890287,0.02641666,0.0006978399
5381,1,0,-1.2693222,-1.0482261,-1.0339662742484013,0.23535585,0.055392377
5382,1,0,-1.0836604,-0.84795725,-1.0185873996134598,0.06507301,0.004234497
5383,1,0,-1.0689232,-0.82544744,-1.0427745814457463,0.026148677,0.0006837533
5384,1,0,-1.0920811,-0.8604449,-0.9748575827341704,0.1172235,0.013741349
5385,1,0,-1.0267823,-0.75618744,-0.8672797310029025,0.15950257,0.02544107
5386,1,0,-0.9217428,-0.54731476,-0.7902916546670693,0.13145113,0.0172794
5387,1,0,-0.84173465,-0.3594849,-0.726414731976259,0.11531991,0.013298681
5388,1,0,-0.77352774,-0.18015969,-0.9269653738212276,0.15343761,0.0235431
5389,1,0,-0.9802491,-0.67046344,-0.8318126321925348,0.14843649,0.022033392
5390,1,0,-0.88578844,-0.46486998,-0.8534586888918586,0.03232974,0.0010452119
5391,1,0,-0.90811926,-0.51602614,-0.6097440163970604,0.29837525,0.08902779
5392,1,0,-0.64583445,0.16271317,-0.6563662607683194,0.010531843,0.00011091971
5393,1,0,-0.6971078,0.031119823,-0.6757760013545953,0.021331787,0.00045504514
5394,1,0,-0.71837604,-0.027011752,-0.7384869233448583,0.020110905,0.0004044485
5395,1,0,-0.78645444,-0.21601784,-0.706905921597216,0.07954854,0.00632797
5396,1,0,-0.7523794,-0.1213938,-0.8032130809645062,0.050833642,0.0025840593
5397,1,0,-0.85546994,-0.39327943,-0.8337777334502905,0.021692216,0.00047055224
5398,1,0,-0.8878673,-0.46962273,-0.8749410583310827,0.012926221,0.00016708719
5399,1,0,-0.9292829,-0.5642004,-0.93751084788514,0.008227944,6.769907e-05
5400,1,0,-0.9905283,-0.6902895,-0.8293112336783754,0.16121703,0.025990931
5401,1,0,-0.88314134,-0.45878887,-0.8267682305511654,0.05637312,0.0031779285
5402,1,0,-0.88044924,-0.45257103,-0.7350596246862888,0.14538962,0.021138141
5403,1,0,-0.78278613,-0.20591629,-0.5740914482122115,0.2086947,0.043553475
5404,1,0,-0.606467,0.24941623,-0.6033690555395823,0.0030979514,9.597303e-06
5405,1,0,-0.63880455,0.17930806,-0.5574972569896874,0.08130729,0.006610876
5406,1,0,-0.58810294,0.28397906,-0.4848896789293071,0.10321325,0.010652975
5407,1,0,-0.50750685,0.3293115,-0.4933467787533192,0.014160067,0.0002005075
5408,1,0,-0.51691175,0.3287071,-0.5507121731332751,0.033800423,0.0011424687
5409,1,0,-0.5805876,0.2969004,-0.3260863957750297,0.25450122,0.06477087
5410,1,0,-0.33048737,0.25179613,-0.2846363811028736,0.045850992,0.0021023136
5411,1,0,-0.2842753,0.22248614,-0.1932268165208936,0.09104848,0.008289825
5412,1,0,-0.18259871,0.15511835,-0.2966416173891286,0.11404291,0.013005785
5413,1,0,-0.2976551,0.23132646,-0.241808871523552,0.05584623,0.0031188014
5414,1,0,-0.23658514,0.19115174,-0.3430965250404751,0.106511384,0.011344675
5415,1,0,-0.34946072,0.26266658,-0.3851973978501493,0.03573668,0.0012771103
5416,1,0,-0.39642572,0.28552926,-0.371990500882204,0.024435222,0.0005970801
5417,1,0,-0.38169348,0.2790748,-0.1986523172150085,0.18304117,0.03350407
5418,1,0,-0.18862057,0.15934527,-0.3486732166940773,0.16005266,0.025616853
5419,1,0,-0.35568154,0.26605046,-0.2993311996459715,0.05635035,0.003175362
5420,1,0,-0.30065346,0.23327148,-0.4148909296140763,0.11423746,0.013050197
5421,1,0,-0.42954135,0.3001219,-0.4481245284211648,0.018583179,0.00034533453
5422,1,0,-0.46658003,0.32140815,-0.355288346834951,0.11129168,0.012385838
5423,1,0,-0.3630613,0.26993644,-0.3533818862877147,0.009679437,9.3691495e-05
5424,1,0,-0.36093426,0.26883113,-0.5325222335720563,0.171588,0.029442443
5425,1,1,-0.5604218,0.31257665,0.4869743112825737,1.0473962,1.0970387
5426,1,1,0.53814447,-0.3975767,-0.4792721755664419,1.0174167,1.0351368
5427,1,1,-0.5012574,0.32920587,0.46598914153853,0.96724653,0.9355658
5428,1,1,0.51737225,-0.38496482,-0.5038432349580977,1.0212154,1.042881
5429,0,1,0.4729458,0.32660854,0.6976678829570082,0.22472209,0.050500017
5430,0,1,-0.6211045,-0.5096077,-0.6518546787550406,0.030750215,0.0009455757
5431,0,1,0.59625876,0.044444323,0.5485180119225117,0.047740757,0.0022791799
5432,0,1,-0.50280476,-0.4330294,-0.5500069983214042,0.04720223,0.0022280505
5433,0,1,0.51258314,0.2976104,0.4347598382905031,0.07782331,0.0060564675
5434,0,1,-0.40705192,-0.36433518,-0.3305587341561893,0.076493174,0.0058512054
5435,0,1,0.3161801,0.2547301,0.5761486148093982,0.25996852,0.06758363
5436,0,1,-0.5253422,-0.4482293,-0.4740939785895668,0.051248252,0.0026263834
5437,0,1,0.4468845,0.32876647,0.2518284662741867,0.19505605,0.038046863
5438,0,1,-0.24459279,-0.22682929,-0.2075047595287777,0.03708802,0.0013755213
5439,0,1,0.1989907,0.16614139,0.2252575314499318,0.026266828,0.0006899463
5440,0,1,-0.22017097,-0.2052536,-0.2009570458968708,0.01921393,0.0003691751
5441,0,1,0.19265759,0.16112673,0.1151389352581662,0.07751866,0.0060091424
5442,0,1,-0.11719811,-0.11258137,-0.2758469727727335,0.15864885,0.025169456
5443,0,1,0.26454985,0.21586096,0.1030563215556772,0.16149354,0.026080163
5444,0,1,-0.10574961,-0.10218012,0.0319734228369077,0.13772303,0.018967632
5445,0,1,-0.035982728,-0.04069388,0.0942627203121515,0.13024545,0.016963877
5446,0,1,-0.097402096,-0.09459376,-0.1104765616253804,0.013074465,0.00017094164
5447,0,1,0.10442531,0.08621609,-0.0795884207303661,0.18401372,0.033861052
5448,0,1,0.074073315,0.059040666,0.0610292199262763,0.0130440965,0.00017014846
5449,0,1,-0.06465781,-0.06584191,0.0419053486101668,0.10656315,0.011355706
5450,0,1,-0.045787454,-0.049283624,-0.0218530926621871,0.02393436,0.0005728536
5451,0,1,0.017161727,0.007284522,0.0068671695084352,0.010294558,0.00010597792
5452,0,1,-0.011193275,-0.018624306,0.0896979852347978,0.10089126,0.010179047
5453,0,1,-0.09291673,-0.0906508,0.0112901481617346,0.104206875,0.010859073
5454,0,1,-0.015560865,-0.022612333,-0.1400527493654797,0.124491885,0.015498229
5455,0,1,0.13339472,0.11163962,0.0389572752518523,0.09443744,0.008918431
5456,0,1,-0.042877436,-0.046732783,0.106943998244142,0.14982143,0.022446461
5457,0,1,-0.10943544,-0.10553002,-0.0057250835540016,0.10371035,0.010755837
5458,0,1,0.0012401342,-0.007265091,-0.0540146933073906,0.05525483,0.0030530961
5459,0,1,0.04888618,0.036218286,-0.0456526519525672,0.09453883,0.008937591
5460,0,1,0.040642023,0.028712988,0.1411960689576055,0.10055405,0.010111117
5461,0,1,-0.14179564,-0.13489449,-0.1068139312646703,0.034981705,0.0012237197
5462,0,1,0.10083127,0.083022356,0.217593044097853,0.116761774,0.013633312
5463,0,1,-0.21309304,-0.19896472,-0.2697755232802361,0.056682467,0.0032129022
5464,0,1,0.2587701,0.2112149,0.1739084336014629,0.08486168,0.007201505
5465,0,1,-0.17248356,-0.16261101,-0.1828929768244023,0.010409415,0.00010835592
5466,0,1,0.1751436,0.1469475,0.0508617834756042,0.124281816,0.01544597
5467,0,1,-0.054626703,-0.057036757,0.0229636678924585,0.07759037,0.006020265
5468,0,1,-0.02708733,-0.032913327,-0.0475819516925974,0.020494621,0.0004200295
5469,0,1,0.042544603,0.030446172,0.0207851435767003,0.02175946,0.0004734741
5470,0,1,-0.024936676,-0.03103447,0.0061201935698647,0.03105687,0.0009645292
5471,0,1,-0.010455728,-0.017951012,-0.0608531763578397,0.05039745,0.0025399027
5472,0,1,0.055625558,0.042341948,0.0934652178695383,0.03783966,0.0014318398
5473,0,1,-0.0966264,-0.09390509,-0.1439206741279393,0.047294274,0.0022367483
5474,0,1,0.13717484,0.11490917,0.2746249674216889,0.13745013,0.018892538
5475,0,1,-0.26539707,-0.24504614,-0.2020497439309261,0.063347325,0.0040128836
5476,0,1,0.1937145,0.16196883,0.154158664790281,0.039555833,0.001564664
5477,0,1,-0.15398276,-0.1459217,-0.2287161520503831,0.07473339,0.00558508
5478,0,1,0.2194494,0.18187416,0.111831437187704,0.10761797,0.011581627
5479,0,1,-0.1140666,-0.10973704,0.0074330075284458,0.121499605,0.014762154
5480,0,1,-0.011752248,-0.01913488,0.0131604028261897,0.024912652,0.00062064023
5481,0,1,-0.017407656,-0.024298549,0.0958429562981293,0.11325061,0.012825701
5482,0,1,-0.09890294,-0.095957875,-0.0566569325393186,0.042246006,0.0017847251
5483,0,1,0.051490188,0.038585663,0.0131283560330841,0.038361832,0.0014716302
5484,0,1,-0.017375827,-0.024269462,-0.063188313157146,0.045812488,0.002098784
5485,0,1,0.05792594,0.044430494,0.0799718610480915,0.022045918,0.0004860225
5486,0,1,-0.08333433,-0.08224106,-0.3126508471947997,0.22931653,0.05258607
5487,0,1,0.2993747,0.24268997,0.2695523757927296,0.02982232,0.00088937074
5488,0,1,-0.26078022,-0.24101698,-0.3129375013590119,0.052157283,0.002720382
5489,0,1,0.29964483,0.24288929,0.3433254137702366,0.04368058,0.001907993
5490,0,1,-0.32708454,-0.2981652,-0.359062149308859,0.031977594,0.0010225665
5491,0,1,0.342723,0.27208865,0.3461099089513106,0.003386885,1.1470989e-05
5492,0,1,-0.32955658,-0.30025935,-0.2994155951736565,0.030140996,0.0009084796
5493,0,1,0.2868942,0.23333228,0.3567541247658858,0.06985992,0.0048804088
5494,0,1,-0.33898592,-0.3082217,-0.3077326047970676,0.031253308,0.0009767693
5495,0,1,0.29474294,0.23925483,0.2913625946862483,0.0033803582,1.1426821e-05
5496,0,1,-0.2805518,-0.25823903,-0.2697072754330878,0.010844529,0.0001176038
5497,0,1,0.25870454,0.2111615,0.2850956685797603,0.026391119,0.00069649116
5498,0,1,-0.27489007,-0.25331748,-0.2421910535955951,0.03269902,0.0010692258
5499,0,1,0.23239648,0.1914171,0.1868247423726574,0.045571744,0.002076784
5500,0,1,-0.18453681,-0.17344499,-0.2813330581640321,0.096796244,0.009369513
5501,0,1,0.26976407,0.22001016,0.2139128384854058,0.05585122,0.0031193588
5502,0,1,-0.20968986,-0.19593501,-0.3877667642295246,0.17807692,0.031711392
5503,0,1,0.3691796,0.28669727,0.443169247319721,0.07398963,0.0054744654
5504,0,1,-0.4142766,-0.37001312,-0.2901281198097767,0.12414849,0.0154128475
5505,0,1,0.2781073,0.22656167,0.2392271589159642,0.038880125,0.0015116641
5506,0,1,-0.23303378,-0.21664214,-0.1896544252743799,0.04337935,0.0018817681
5507,0,1,0.18170607,0.1523112,0.3129014305727737,0.13119537,0.017212223
5508,0,1,-0.29992974,-0.27498066,-0.1176271997358184,0.18230253,0.033234213
5509,0,1,0.11143863,0.09242475,0.1554770044066484,0.04403837,0.0019393781
5510,0,1,-0.15522039,-0.14704025,-0.2655072135463971,0.11028683,0.0121631855
5511,0,1,0.25470054,0.20791662,0.1900020403062006,0.0646985,0.0041858964
5512,0,1,-0.18749607,-0.17609978,-0.2426248662986367,0.055128798,0.0030391843
5513,0,1,0.23281276,0.19171798,0.1793277846353771,0.053484976,0.0028606427
5514,0,1,-0.17754495,-0.16716433,-0.1484382053007038,0.029106751,0.00084720296
5515,0,1,0.14158773,0.11870897,0.2041652743467199,0.062577546,0.0039159493
5516,0,1,-0.20065856,-0.18788004,-0.0851733238035516,0.115485236,0.01333684
5517,0,1,0.07956767,0.06399131,0.0809418558969365,0.0013741851,1.8883846e-06
5518,0,0,-0.084290385,-0.08308029,0.1690657301617071,0.2533561,0.064189315
5519,0,0,-0.16795504,-0.15853202,0.2510915937190738,0.41904664,0.17560008
5520,0,0,-0.24391782,-0.22623587,0.3520740033034453,0.59599185,0.35520628
5521,0,0,-0.334844,-0.30472934,0.5692227363650069,0.90406674,0.8173367
5522,0,0,-0.5197209,-0.44446015,0.5564413066252485,1.0761622,1.1581252
5523,0,0,-0.5093018,-0.43743253,0.5364261807161503,1.045728,1.093547
5524,1,0,0.58662975,-0.42623997,0.6716454511361556,0.085015714,0.007227672
5525,1,0,0.71574605,-0.49719644,0.7168384713937737,0.0010924339,1.1934119e-06
5526,1,0,0.75773084,-0.5185423,0.7145121185510062,0.043218732,0.0018678588
5527,1,0,0.7555841,-0.5174674,0.9151325777889048,0.15954846,0.025455711
5528,1,0,0.93474734,-0.5980718,0.9567745798123204,0.022027254,0.0004851999
5529,1,0,0.97040355,-0.5540111,0.7975019243012886,0.17290163,0.029894974
5530,1,0,0.8311678,-0.5542984,0.7497813479882784,0.08138645,0.006623754
5531,1,0,0.7879561,-0.5334964,0.6584647089514382,0.12949139,0.01676802
5532,1,0,0.70338905,-0.4907825,0.6932718953995642,0.010117173,0.0001023572
5533,1,0,0.73591197,-0.50753367,0.7892052513090098,0.053293288,0.0028401746
5534,1,0,0.82370365,-0.5507523,0.892236107057373,0.06853247,0.004696699
5535,1,0,0.9149159,-0.5927881,0.9160172296444232,0.001101315,1.2128947e-06
5536,1,0,0.9355103,-0.59713423,0.9099122445253351,0.02559805,0.0006552601
5537,1,0,0.93024004,-0.59958375,0.9010020561485236,0.029237986,0.0008548598
5538,1,0,0.9225277,-0.5961729,0.9728274017967596,0.050299704,0.0025300602
5539,1,0,0.9840063,-0.53707016,1.0015487736625406,0.017542481,0.00030773866
5540,1,0,1.0081466,-0.49991894,0.9685431220618816,0.03960353,0.0015684396
5541,1,0,0.9803835,-0.5415896,0.9726474119351038,0.007736087,5.984704e-05
5542,1,0,0.9838542,-0.53725994,0.9055957153958472,0.078258455,0.0061243856
5543,1,0,0.9265064,-0.5979351,1.110458659766094,0.18395221,0.033838417
5544,1,0,1.1089774,-0.10338354,1.175498225094359,0.06652081,0.004425018
5545,1,0,1.1812323,0.10026729,1.1091806683213397,0.072051644,0.0051914393
5546,1,0,1.1075436,-0.10764098,1.230859491369826,0.12331593,0.0152068185
5547,1,0,1.2415923,0.25322163,1.203334378998277,0.038257957,0.0014636712
5548,1,0,1.2117165,0.1794995,1.1401274813879023,0.07158899,0.005124984
5549,1,0,1.1421131,-0.0072699785,1.240774649231186,0.09866154,0.0097341
5550,1,0,1.2522875,0.27866948,1.0340012318548266,0.21828628,0.0476489
5551,1,0,1.0351177,-0.37500012,1.0780532800939375,0.04293549,0.0018434564
5552,1,0,1.072461,-0.21440363,1.0868085284866529,0.014347553,0.00020585228
5553,1,0,1.0823599,-0.18379617,1.0509884174376227,0.031371474,0.0009841694
5554,1,0,1.049106,-0.3117994,1.1113791554343726,0.062273145,0.0038779445
5555,1,0,1.1100096,-0.10032165,1.253521747287573,0.14351225,0.020595765
5556,1,0,1.2659851,0.31053197,1.0456257597886294,0.22035933,0.04855823
5557,1,0,1.0446995,-0.33158278,0.9649796358239524,0.0797199,0.006355263
5558,1,0,0.97736585,-0.5453489,0.8416285405376767,0.1357373,0.018424615
5559,1,0,0.8705157,-0.57267284,0.6540765188215774,0.21643919,0.04684592
5560,1,0,0.69926417,-0.48862803,0.6538212687067568,0.04544288,0.0020650553
5561,1,0,0.6990241,-0.48850226,0.6782583128565924,0.020765781,0.0004312177
5562,1,0,0.7219268,-0.50038147,0.633540745831205,0.08838606,0.0078120953
5563,1,0,0.67988575,-0.4784155,0.6748149167996729,0.0050708055,2.5713069e-05
5564,1,0,0.71871006,-0.4987254,0.4590357261022417,0.25967434,0.067430764
5565,1,0,0.5104641,-0.380602,0.6636146477655942,0.15315056,0.023455093
5566,1,0,0.7082237,-0.49329877,0.7226057242075206,0.014382005,0.00020684206
5567,1,0,0.76304543,-0.5211965,0.6275671065869577,0.13547832,0.018354375
5568,1,0,0.6742264,-0.4753945,0.7599956657741946,0.085769236,0.007356362
5569,1,0,0.79726255,-0.538033,0.7838922202971446,0.013370335,0.00017876585
5570,1,0,0.8189131,-0.5484668,0.6853609436148436,0.13355213,0.017836172
5571,1,0,0.72855127,-0.5037786,0.7452792053693391,0.016727924,0.00027982346
5572,1,0,0.7838448,-0.53148174,0.6695055487170076,0.11433929,0.013073474
5573,1,0,0.7137438,-0.49616075,0.5688778054306269,0.14486599,0.020986155
5574,1,0,0.618085,-0.44427156,0.5733095606468497,0.044775486,0.0020048441
5575,1,0,0.62235796,-0.4466877,0.7070704403210424,0.084712505,0.007176209
5576,1,0,0.74870694,-0.51401114,0.6415922380022294,0.10711467,0.011473553
5577,1,0,0.6874982,-0.48244524,0.7221901519162388,0.03469193,0.00120353
5578,1,0,0.76266277,-0.52100563,0.9749290315188606,0.21226627,0.04505697
5579,1,0,0.9857813,-0.5348532,0.9280033621008908,0.05777794,0.0033382904
5580,1,0,0.94582474,-0.5844377,0.8664071579914114,0.07941759,0.006307153
5581,1,0,0.8923522,-0.58264613,0.7874049780388803,0.10494727,0.011013929
5582,1,0,0.8220819,-0.54997957,1.0340357753636116,0.21195388,0.044924445
5583,1,0,1.0351464,-0.37487328,1.3184130544654171,0.28326666,0.080240004
5584,1,0,1.3347827,0.45841634,1.4144810542146622,0.079698324,0.006351823
5585,1,0,1.4336714,0.6371418,1.4127229454794896,0.02094841,0.00043883588
5586,1,0,1.4318944,0.6342603,1.3786335514069057,0.053260922,0.002836726
5587,1,0,1.3971943,0.5756475,1.2601758283191742,0.13701844,0.018774053
5588,1,0,1.2731117,0.3267902,1.2370662454054384,0.036045432,0.0012992732
5589,1,0,1.2482916,0.26921856,1.3185190378962794,0.070227385,0.0049318857
5590,1,0,1.3348941,0.4586364,1.426069169337293,0.09117508,0.008312895
5591,1,0,1.4453536,0.65579236,1.532341052105164,0.086987376,0.0075668036
5592,1,0,1.5499505,0.80194056,1.3726927259271602,0.17725778,0.03142032
5593,1,0,1.3910998,0.56488097,1.411268607821835,0.020168781,0.00040677973
5594,1,0,1.4304239,0.63186705,1.4663930676777477,0.035969257,0.0012937875
5595,1,0,1.4855846,0.71631396,1.569315073356346,0.08373046,0.0070107896
5596,1,0,1.585251,0.8435222,1.701947666110058,0.116696715,0.013618124
5597,1,0,1.7071611,0.9617814,1.814965452316499,0.10780442,0.011621793
5598,1,0,1.8051695,1.033085,1.878900428506844,0.073730946,0.0054362523
5599,1,0,1.8582212,1.06451,1.8125010317348544,0.0457201,0.0020903277
5600,1,0,1.8030897,1.0317577,1.8044311513880904,0.0013414621,1.7995206e-06
5601,1,0,1.7962626,1.0273486,1.7153916668046545,0.080870986,0.0065401164
5602,1,0,1.719103,0.97149146,1.589785104716127,0.12931788,0.016723113
5603,1,0,1.604549,0.86476195,1.547363991290313,0.057185054,0.0032701304
5604,1,0,1.5643622,0.8193549,1.6777459082651054,0.11338377,0.012855879
5605,1,0,1.6854693,0.9433507,1.7593597399344378,0.07389045,0.005459798
5606,1,0,1.7576247,1.0008117,1.87935871243148,0.12173402,0.014819172
5607,1,0,1.858595,1.0647155,1.9511163269956329,0.09252131,0.008560193
5608,1,0,1.9160811,1.0939122,2.1285819822871765,0.21250093,0.045156647
5609,1,1,2.0491385,1.1455916,-1.8489159589756643,3.8980546,15.19483
5610,1,1,-1.735548,-1.1897352,1.4598848329727694,3.195433,10.210792
5611,0,1,-1.0993233,0.70698965,-1.066258145652205,0.03306508,0.0010932996
5612,0,1,0.97133315,-0.8894141,1.082917186033728,0.11158407,0.012451004
5613,0,1,-0.8884696,-0.19734502,-0.911537345955764,0.023067772,0.0005321221
5614,0,1,0.8009933,-0.64044213,0.6934024173582374,0.107590914,0.011575805
5615,0,1,-0.617836,-0.5075954,-0.6752749830655511,0.05743897,0.0032992351
5616,0,1,0.6147107,-0.025498986,0.5893014211839487,0.025409281,0.0006456316
5617,0,1,-0.5359695,-0.45531547,-0.5874486080356365,0.0514791,0.002650098
5618,0,1,0.54397094,0.21876657,0.5173066993287747,0.026664257,0.0007109826
5619,0,1,-0.47696602,-0.415331,-0.5355623562872462,0.058596313,0.003433528
5620,0,1,0.5002891,0.3103341,0.4842092632150481,0.016079813,0.00025856038
5621,0,1,-0.44920456,-0.39593053,-0.3957275229999646,0.05347705,0.0028597948
5622,0,1,0.37646544,0.29012144,0.2444086573795238,0.13205679,0.017438995
5623,0,1,-0.23779166,-0.22084105,-0.1630840770157511,0.07470758,0.005581223
5624,0,1,0.15587413,0.1308837,0.1933926179139329,0.037518486,0.0014076368
5625,0,1,-0.19065106,-0.17892766,-0.1829587404003045,0.007692322,5.917182e-05
5626,0,1,0.17520773,0.14699996,0.1642111856637937,0.01099655,0.000120924116
5627,0,1,-0.16341019,-0.15443444,-0.1496380680105029,0.013772115,0.00018967115
5628,0,1,0.14275956,0.11971533,0.1138108416062191,0.028948717,0.0008380282
5629,0,1,-0.11594117,-0.11143947,0.2163759062265999,0.33231705,0.11043462
5630,0,1,-0.2119677,-0.19796312,-0.0486280881482699,0.16333961,0.02667983
5631,0,1,0.043575764,0.03138542,-0.0413315460117034,0.08490731,0.007209251
5632,0,1,0.036380887,0.024828672,-0.0449766145422545,0.0813575,0.006619043
5633,0,1,0.039975405,0.028106213,0.0709196382803967,0.030944236,0.0009575457
5634,0,1,-0.074411154,-0.07440686,-0.0945289925985179,0.020117842,0.00040472756
5635,0,1,0.0887655,0.072250605,0.1424435229595575,0.05367802,0.00288133
5636,0,1,-0.14297032,-0.13595843,0.0404686631643789,0.18343899,0.03364986
5637,0,1,-0.04436946,-0.04804027,0.0190114430476027,0.063380904,0.004017139
5638,0,1,-0.023185134,-0.029504895,-0.030738724704173,0.0075535905,5.7056728e-05
5639,0,1,0.025930166,0.015293837,0.148656477507646,0.12272631,0.015061746
5640,0,1,-0.14881432,-0.14124775,0.0587669375890655,0.20758125,0.043089975
5641,0,1,-0.06242621,-0.06388271,-0.2022783398721592,0.13985214,0.01955862
5642,0,1,0.19393647,0.1621443,0.2316932417850326,0.03775677,0.0014255737
5643,0,1,-0.22610319,-0.21051228,-0.2950001664414696,0.06889698,0.004746794
5644,0,1,0.28271973,0.23013294,0.1852408402152121,0.0974789,0.009502135
5645,0,1,-0.183061,-0.17211998,-0.1688681591929384,0.014192849,0.00020143697
5646,0,1,0.16150725,0.13562524,0.1566724304083575,0.004834816,2.3375444e-05
5647,0,1,-0.15634239,-0.14805377,-0.1764116604129459,0.020069271,0.00040277565
5648,0,1,0.16884601,0.141747,0.1272559795373435,0.041590035,0.001729731
5649,0,1,-0.12865245,-0.12297988,0.0225577631201783,0.15121022,0.02286453
5650,0,1,-0.026686788,-0.03256321,0.014819199526975,0.041505985,0.0017227468
5651,0,1,-0.019045234,-0.025792837,0.017019894428347,0.036065128,0.0013006935
5652,0,1,-0.021218538,-0.027776241,-0.0374333971861657,0.016214859,0.00026292165
5653,0,1,0.032535195,0.02132237,-0.022980251558841,0.055515446,0.0030819648
5654,0,1,0.01827395,0.008301258,0.0462737055679676,0.027999755,0.0007839863
5655,0,1,-0.050099015,-0.053064585,-0.0776172402791564,0.027518228,0.00075725286
5656,0,1,0.07213378,0.057290316,0.2468228481350574,0.17468907,0.03051627
5657,0,1,-0.24000633,-0.22279286,-0.2616786741373103,0.021672338,0.00046969025
5658,0,1,0.2510475,0.2049371,0.0420807285855318,0.20896676,0.043667108
5659,0,1,-0.045960665,-0.049435377,-0.1482972213806037,0.102336556,0.010472771
5660,0,1,0.14144993,0.11859071,0.2379841327046754,0.09653421,0.009318853
5661,0,1,-0.23189116,-0.21563256,-0.1511307287026493,0.08076042,0.0065222452
5662,0,1,0.14421618,0.120964766,0.0478608582555839,0.09635532,0.009284347
5663,0,1,-0.051665306,-0.05443847,0.0034689384642743,0.055134244,0.003039785
5664,0,1,-0.007837892,-0.015559435,-0.1239398471032384,0.11610196,0.013479665
5665,0,1,0.11762512,0.09787488,0.1110081954216768,0.00661692,4.378363e-05
5666,0,1,-0.11328685,-0.109028935,-0.1849353928496973,0.07164854,0.005133513
5667,0,1,0.17712653,0.14857459,0.1875607081574231,0.0104341805,0.000108872126
5668,0,1,-0.1852225,-0.17406034,-0.0693181973091154,0.11590431,0.013433808
5669,0,1,0.06396377,0.049902797,-0.0535563355715134,0.11752011,0.013810976
5670,0,1,0.048434854,0.035806894,0.103093247423893,0.05465839,0.0029875396
5671,0,1,-0.1057843,-0.10221207,-0.0075689274490007,0.09821537,0.009646259
5672,0,1,0.00306046,-0.005601883,-0.0676797079034756,0.07074017,0.0050041717
5673,0,1,0.062350035,0.048441768,0.1559204267654179,0.0935704,0.008755419
5674,0,1,-0.15563667,-0.14741576,-0.1174189377549645,0.03821773,0.0014605949
5675,0,1,0.11123431,0.09224439,-0.0201638849596477,0.13139819,0.017265484
5676,0,1,0.015494108,0.0057611465,0.0086599473605541,0.0068341605,4.670575e-05
5677,0,1,-0.012963653,-0.02024126,0.0049242767214501,0.01788793,0.00031997802
5678,0,1,-0.009275198,-0.016872644,-0.0028276337814332,0.006447564,4.157108e-05
5679,0,1,-0.0016207695,-0.009878993,0.0206526067873082,0.022273377,0.0004961033
5680,0,1,-0.024805546,-0.03091991,0.0129075925757471,0.03771314,0.0014222809
5681,0,1,-0.01715815,-0.02407062,0.0779210030185078,0.095079154,0.009040046
5682,0,1,-0.08131325,-0.080467105,-0.0589383668841385,0.022374887,0.0005006356
5683,0,1,0.053738475,0.04062903,0.0651172185634161,0.011378743,0.00012947578
5684,0,1,-0.068689704,-0.06938243,-0.127979816259256,0.05929011,0.0035153173
5685,0,1,0.12158203,0.10134637,0.1303243874236181,0.008742362,7.64289e-05
5686,0,1,-0.13154912,-0.12560701,-0.1614112449322482,0.02986212,0.00089174625
5687,0,1,0.15424359,0.12950528,0.1519803620247646,0.002263233,5.1222237e-06
5688,0,1,-0.15193701,-0.14407253,0.0356148436218903,0.18755186,0.0351757
5689,0,1,-0.03957808,-0.04384184,0.1709704962383174,0.21054858,0.044330705
5690,0,1,-0.16973686,-0.1601373,-0.3154712428328208,0.14573437,0.021238506
5691,0,1,0.30202758,0.24463665,0.2916676021933486,0.010359973,0.00010732903
5692,0,1,-0.28082705,-0.25847745,-0.3887891033375505,0.10796207,0.011655809
5693,0,1,0.37011683,0.2871536,0.4251653389969305,0.055048496,0.003030337
5694,0,1,-0.39878178,-0.35773993,-0.4367190138523691,0.037937224,0.001439233
5695,0,1,0.4136058,0.31473792,0.2799905961576161,0.13361523,0.01785303
5696,0,1,-0.27027118,-0.2492919,-0.29385305305309,0.023581862,0.00055610423
5697,0,1,0.2816342,0.22929609,0.1961547317167336,0.08547948,0.007306742
5698,0,1,-0.19321954,-0.18122756,0.0430864950443132,0.23630604,0.055840544
5699,0,1,-0.046952844,-0.050305963,-0.2171062332354867,0.1701534,0.028952178
5700,0,1,0.20826328,0.17336428,0.1653070738506674,0.042956203,0.0018452354
5701,0,1,-0.16443646,-0.15535986,-0.1380047154266448,0.02643174,0.00069863687
5702,0,1,0.13139176,0.109901786,0.1583309025322192,0.026939139,0.0007257172
5703,0,1,-0.15789819,-0.14945912,-0.1109679529094964,0.04693023,0.0022024466
5704,0,1,0.10490751,0.08664358,0.1115934388663377,0.0066859275,4.470163e-05
5705,0,1,-0.113841295,-0.109532356,-0.2380007052645065,0.12415941,0.0154155595
5706,0,1,0.2283746,0.18849027,0.2888373517270455,0.060462743,0.0036557433
5707,0,1,-0.2782718,-0.25625825,-0.3174200722066922,0.03914827,0.0015325871
5708,0,1,0.30386007,0.24597037,0.3443163424187492,0.040456265,0.0016367094
5709,0,1,-0.3279642,-0.29891086,-0.3328258877832026,0.0048617125,2.3636248e-05
5710,0,1,0.3183006,0.2561971,0.4156135099988465,0.0973129,0.0094698
5711,0,1,-0.39051938,-0.35099983,-0.2429959688930201,0.14752342,0.021763159
5712,0,1,0.23316872,0.19197476,0.2798051580169083,0.046636432,0.0021749567
5713,0,1,-0.27010286,-0.24914563,-0.2142678123705672,0.055835053,0.0031175532
5714,0,1,0.20552361,0.17124617,0.3219629496380236,0.11643934,0.0135581205
5715,0,1,-0.30804455,-0.28194356,-0.3242643592938392,0.016219795,0.00026308175
5716,0,1,0.31028426,0.2505864,0.2346954575938078,0.07558879,0.0057136654
5717,0,1,-0.22886658,-0.21295822,-0.1454079031551849,0.08345868,0.006965351
5718,0,1,0.138628,0.11616278,0.1894140623106339,0.050786063,0.0025792243
5719,0,1,-0.18694866,-0.17560852,-0.072727629822495,0.11422103,0.013046443
5720,0,1,0.067320585,0.052941203,0.1518386261433504,0.084518045,0.0071433
5721,0,1,-0.15180433,-0.14395213,-0.0166546216160656,0.1351497,0.018265443
5722,0,1,0.012030244,0.0025959015,-0.0276697817943951,0.039700024,0.0015760919
5723,0,1,0.022902131,0.0125284195,-0.0296627407107001,0.052564874,0.002763066
5724,0,1,0.024868727,0.014324665,-0.0910001074558293,0.11586884,0.013425588
5725,0,1,0.08529675,0.069140434,-0.0569013279472621,0.14219809,0.020220296
5726,0,1,0.051731586,0.03880453,0.0269543701420771,0.024777217,0.0006139105
5727,0,1,-0.031027555,-0.036358,0.0192340433323723,0.050261598,0.0025262283
5728,0,1,-0.023404598,-0.029696703,0.0300140233002459,0.05341862,0.002853549
5729,0,1,-0.034048676,-0.03900075,-0.0526002070420894,0.018551532,0.00034415934
5730,0,1,0.047492027,0.0349499,0.1700316876852337,0.122539654,0.015015967
5731,0,1,-0.16885841,-0.15934646,-0.0086884189672902,0.16016999,0.025654426
5732,0,1,0.0041657686,-0.0045912266,0.0456669435205039,0.041501176,0.0017223476
5733,0,1,-0.04949999,-0.05253935,0.0384688623350892,0.087968856,0.0077385195
5734,0,1,-0.042395353,-0.046310186,-0.1804078817219581,0.13801253,0.019047458
5735,0,1,0.17272961,0.14496017,0.0267357556268375,0.14599386,0.021314207
5736,0,1,-0.030811906,-0.03616929,-0.0353257928054155,0.004513886,2.0375166e-05
5737,0,1,0.030456066,0.019424558,0.1109621053742859,0.08050604,0.006481223
5738,0,1,-0.11324346,-0.10898888,0.06987374455707,0.18311721,0.03353191
5739,0,1,-0.07338035,-0.07350111,0.0223124241459085,0.095692776,0.009157107
5740,0,1,-0.026444197,-0.032351732,0.2115179774668758,0.23796217,0.056625996
5741,0,1,-0.20747292,-0.19396019,-0.2836539817432939,0.076181054,0.005803553
5742,0,1,0.27196777,0.22175205,0.1292814412487841,0.14268632,0.020359386
5743,0,1,-0.13056433,-0.124714136,-0.2677008517138579,0.13713652,0.018806424
5744,0,1,0.25679266,0.2096144,0.1149471933393773,0.14184546,0.020120136
5745,0,1,-0.117016554,-0.112416625,0.0085524789649726,0.12556903,0.015767582
5746,0,1,-0.012857795,-0.020144463,-0.0812669955263329,0.068409204,0.004679819
5747,0,1,0.07572484,0.060529947,-0.0035001400727019,0.07922498,0.0062765977
5748,0,1,-0.00095677376,-0.009272456,-0.1805569156312021,0.17960013,0.03225621
5749,0,1,0.17287457,0.14507961,0.050409790412055,0.122464776,0.014997621
5750,0,1,-0.054180384,-0.056645274,0.0452651900401215,0.099445574,0.009889422
5751,0,1,-0.049103618,-0.052191615,0.0327970855793107,0.0819007,0.0067077246
5752,0,1,-0.036796212,-0.041405916,0.0260957046544465,0.062891915,0.003955393
5753,0,1,-0.030180097,-0.035616636,-0.1047825356658185,0.07460244,0.005565524
5754,0,1,0.09883726,0.081248164,0.106555561978491,0.0077183023,5.957219e-05
5755,0,1,-0.1090678,-0.10519564,-0.1037485973034908,0.0053192005,2.8293893e-05
5756,0,1,0.09782183,0.08034289,0.2671133925134119,0.16929156,0.02865963
5757,0,1,-0.25855744,-0.23907459,-0.2173925783351498,0.04116486,0.0016945457
5758,0,1,0.20853913,0.17357695,0.0210995053239757,0.18743962,0.03513361
5759,0,1,-0.02524674,-0.031305432,-0.0231505233380033,0.0020962153,4.3941186e-06
5760,0,1,0.018442035,0.008454561,0.1180941503264794,0.09965212,0.0099305445
5761,0,1,-0.11999428,-0.11512053,-0.0441426170793477,0.075851664,0.005753475
5762,0,1,0.03915274,0.027356029,0.0397570832786526,0.00060434267,3.6523005e-07
5763,0,1,-0.04366696,-0.047424793,-0.0401833245779037,0.0034836344,1.2135709e-05
5764,0,1,0.0352484,0.023796558,0.1303074188740067,0.09505902,0.009036218
5765,0,1,-0.13153267,-0.12559235,-0.0161723486862308,0.11536032,0.013308004
5766,0,1,0.011554241,0.0021607876,-0.1329960900874365,0.14455034,0.020894801
5767,0,1,0.12649226,0.105638385,0.0956223273906451,0.030869931,0.00095295266
5768,0,1,-0.09869373,-0.09576738,-0.1555913137566844,0.05689758,0.0032373348
5769,0,1,0.14856935,0.124684095,0.1874494386996168,0.038880095,0.0015116618
5770,0,1,-0.18511891,-0.17396712,-0.2130750241905348,0.027956113,0.00078154425
5771,0,1,0.20437253,0.17035139,0.2321188172447452,0.02774629,0.0007698566
5772,0,1,-0.22649503,-0.2108593,-0.1353266756706854,0.09116836,0.008311669
5773,0,1,0.12877226,0.107625365,0.1297740954674899,0.0010018349,1.0036731e-06
5774,0,1,-0.13102949,-0.12513602,-0.1681030577428093,0.037073568,0.0013744495
5775,0,1,0.16076195,0.13499975,-0.018071364178106,0.17883332,0.031981356
5776,0,1,0.013428807,0.0038737059,-0.25006598284946,0.2634948,0.0694295
5777,0,1,0.2399441,0.19681394,0.1871157409957786,0.052828357,0.0027908352
5778,0,1,-0.1848079,-0.17368817,-0.0803462449749616,0.104461655,0.010912238
5779,0,1,0.07481909,0.059712887,0.0332596127243172,0.041559476,0.0017271901
5780,0,1,-0.037253022,-0.041805863,-0.0133454681798517,0.023907553,0.0005715711
5781,0,1,0.0087634325,-0.00038945675,-0.0367147554092535,0.045478188,0.0020682656
5782,0,1,0.031826377,0.020675302,0.1196975392848391,0.087871164,0.0077213417
5783,0,1,-0.121510506,-0.11649752,-0.0838956293479873,0.037614875,0.0014148788
5784,0,1,0.078311086,0.06286025,0.0219800484262608,0.05633104,0.003173186
5785,0,1,-0.02611649,-0.032064795,0.0798153499893346,0.10593184,0.011221555
5786,0,1,-0.08318019,-0.082105875,-0.0956137681318753,0.012433581,0.00015459394
5787,0,1,0.08983159,0.07320523,0.1125296686942154,0.022698075,0.0005152026
5788,0,1,-0.1147275,-0.11033797,-0.0456650338249513,0.069062464,0.0047696237
5789,0,1,0.04065442,0.028724074,-0.0150758851604284,0.055730306,0.003105867
5790,0,1,0.010471821,0.0011719465,0.2001981313224228,0.18972631,0.035996072
5791,0,1,-0.19697678,-0.18458891,-0.2708623887661079,0.07388562,0.0054590846
5792,0,1,0.25980508,0.21204984,0.3824188301304454,0.12261376,0.015034134
5793,0,1,-0.36158526,-0.32713675,-0.3957614131430809,0.03417614,0.0011680087
5794,0,1,0.37649643,0.29013526,0.4323712566048223,0.055874825,0.003121996
5795,0,1,-0.40499532,-0.3627144,-0.4300332376610434,0.025037915,0.00062689715
5796,0,1,0.40759218,0.31049907,0.2594231509370928,0.14816904,0.021954065
5797,0,1,-0.25153923,-0.23292911,-0.2322261587129668,0.019313067,0.00037299457
5798,0,1,0.22282612,0.18439591,0.0653452735988391,0.15748085,0.024800219
5799,0,1,-0.06891477,-0.06957996,-0.0248567557464589,0.044058017,0.0019411088
5800,0,1,0.020126104,0.009992719,0.0633945745706412,0.043268472,0.0018721607
5801,0,1,-0.066990376,-0.06789029,0.0822667010602991,0.14925708,0.022277676
5802,0,1,-0.085595965,-0.08422661,-0.2029004050769254,0.117304444,0.013760333
5803,0,1,0.194538,0.16262257,0.0654164891071709,0.12912151,0.016672365
5804,0,1,-0.06898463,-0.06964159,0.0157888339758669,0.084773466,0.0071865404
5805,0,1,-0.02000308,-0.026666999,0.0006513544371522,0.020654434,0.00042660566
5806,0,1,-0.005055666,-0.013017654,-0.0279020330379171,0.022846367,0.0005219565
5807,0,1,0.02313149,0.01273787,0.1685227980458361,0.14539132,0.021138635
5808,0,1,-0.16744673,-0.15807402,-0.0332396397741672,0.1342071,0.018011546
5809,0,1,0.028398156,0.017546177,0.0625562937834867,0.03415814,0.0011667785
5810,0,1,-0.066164136,-0.06716466,0.1180059780375184,0.18417011,0.03391863
5811,0,1,-0.11991072,-0.11504471,-0.0897299550073318,0.03018076,0.00091087824
5812,0,1,0.08404827,0.06801927,0.0372485203301864,0.04679975,0.0021902164
5813,0,1,-0.041190624,-0.045254946,0.0588305987018016,0.10002123,0.010004246
5814,0,1,-0.062488675,-0.06393802,0.0015799704234955,0.064068645,0.004104791
5815,0,1,-0.005972743,-0.013855815,-0.0513862984304069,0.045413554,0.0020623908
5816,0,1,0.046295166,0.033860803,0.1476818771065875,0.10138671,0.010279265
5817,0,1,-0.14789784,-0.14041877,-0.1134668157481846,0.034431025,0.0011854955
5818,0,1,0.107358575,0.08881712,0.1300655767793228,0.022707,0.0005156079
5819,0,1,-0.13130462,-0.12538564,-0.0102541349721305,0.121050484,0.01465322
5820,0,1,0.005711794,-0.003178835,0.2104901802972978,0.20477839,0.04193419
5821,0,1,-0.20652103,-0.19311142,-0.1069831647072288,0.09953787,0.009907788
5822,0,1,0.10099721,0.08317053,0.0757775698029099,0.025219642,0.00063603034
5823,0,1,-0.079200506,-0.07861209,-0.1984356824039632,0.11923517,0.0142170265
5824,0,1,0.19021642,0.15917647,-0.0231513799597398,0.2133678,0.04552582
5825,0,1,0.01844287,0.008455038,0.0774409824707724,0.058998115,0.0034807776
5826,0,1,-0.08083987,-0.0800519,-0.0592626616276161,0.02157721,0.00046557595
5827,0,1,0.054058194,0.040919065,0.1588079648124367,0.10474977,0.010972514
5828,0,1,-0.15834546,-0.14986312,-0.1996046592890308,0.0412592,0.0017023216
5829,0,1,0.1913482,0.16008222,0.3023279504672513,0.110979766,0.012316508
5830,0,1,-0.2904328,-0.26679564,-0.3097545417178018,0.01932174,0.00037332962
5831,0,1,0.29664814,0.24067342,0.0260949171643596,0.27055323,0.07319905
5832,0,1,-0.030178905,-0.03561604,-0.0595397148198864,0.029360808,0.0008620571
5833,0,1,0.054330945,0.04116726,0.0132503634188809,0.041080583,0.0016876142
5834,0,1,-0.017496705,-0.024379253,-0.1098023020932075,0.0923056,0.008520324
5835,0,1,0.10376394,0.08562863,0.182459486633528,0.07869555,0.0061929896
5836,0,1,-0.1804676,-0.16979098,-0.3163273799103625,0.13585979,0.018457882
5837,0,1,0.3028332,0.24522364,0.4066705197878801,0.10383731,0.010782187
5838,0,1,-0.3827572,-0.3446375,-0.2822764548110101,0.100480735,0.010096379
5839,0,1,0.27066004,0.22071946,0.3283855677201746,0.05772552,0.0033322356
5840,0,1,-0.31378245,-0.28684926,-0.3119061857132379,0.0018762648,3.5203695e-06
5841,0,1,0.29867423,0.24217355,0.2963841028603695,0.0022901297,5.244694e-06
5842,0,1,-0.28508067,-0.26216567,-0.1408431757692227,0.14423749,0.020804454
5843,0,1,0.13416696,0.11230838,-0.0206768275813868,0.15484378,0.023976596
5844,0,1,0.01600051,0.006224036,0.2075199828590326,0.19151947,0.036679707
5845,0,1,-0.2037692,-0.1906569,-0.0823571057078262,0.1214121,0.014740897
5846,0,1,0.076797366,0.061496973,0.1287412226432331,0.051943853,0.002698164
5847,0,1,-0.13005483,-0.12425184,-0.016307372614571,0.11374746,0.0129384855
5848,0,1,0.01168704,0.0022825003,0.123331896346527,0.11164486,0.012464574
5849,0,1,-0.12494576,-0.11961603,-0.1477308972083817,0.022785142,0.0005191627
5850,0,1,0.14089715,0.11811578,0.123895484604974,0.017001674,0.00028905692
5851,0,1,-0.12547863,-0.120099425,-0.1108544741749459,0.014624149,0.00021386573
5852,0,1,0.10479617,0.08654523,0.0943038400706253,0.010492332,0.00011008904
5853,0,1,-0.09744108,-0.09462905,-0.0413020674509165,0.05613901,0.0031515886
5854,0,1,0.03635168,0.02480197,0.1735896253370528,0.13723795,0.018834256
5855,0,1,-0.17218518,-0.16234243,-0.4551588570854441,0.28297368,0.0800741
5856,0,1,0.43009722,0.32457697,0.3585109126137988,0.07158631,0.0051245997
5857,0,1,-0.34053922,-0.30952978,-0.2767793994473744,0.063759804,0.0040653124
5858,0,1,0.26543653,0.21656883,0.1266957304168763,0.1387408,0.019249007
5859,0,1,-0.12812364,-0.122499585,-0.1552653635880088,0.02714172,0.00073667296
5860,0,1,0.14825106,0.12441325,0.1612030095786372,0.012951955,0.00016775314
5861,0,1,-0.16059113,-0.15189052,-0.0952812293979961,0.0653099,0.004265383
5862,0,1,0.08950424,0.07291281,0.0893238529500806,0.000180386,3.2539113e-08
5863,0,1,-0.09254813,-0.0903275,-0.0876877326922318,0.004860401,2.36235e-05
5864,0,1,0.08204043,0.06621528,0.1470834548819466,0.06504303,0.004230596
5865,0,1,-0.14733517,-0.13990963,0.0538505012232559,0.20118567,0.040475674
5866,0,1,-0.057575822,-0.05962503,-0.0385819368928679,0.018993884,0.00036076765
5867,0,1,0.0336684,0.022355795,0.0315010849414427,0.0021673143,4.6972514e-06
5868,0,1,-0.03551674,-0.040285826,-0.0410652340455857,0.005548496,3.0785806e-05
5869,0,1,0.036117673,0.024589181,0.2968685726807207,0.2607509,0.067991026
5870,0,1,-0.2855171,-0.2625438,-0.4234122359257288,0.13789514,0.019015068
5871,0,1,0.40162003,0.30608666,0.2171830676284247,0.18443696,0.034016993
5872,0,1,-0.21271443,-0.19862783,-0.2344463610852216,0.021731928,0.0004722767
5873,0,1,0.22495997,0.18597806,0.3771984980800253,0.15223852,0.023176566
5874,0,1,-0.3570044,-0.32332194,-0.2322698363277895,0.124734566,0.015558712
5875,0,1,0.22286761,0.18442714,0.1218465701058306,0.10102104,0.01020525
5876,0,1,-0.12354207,-0.11834204,-0.2936581465524217,0.17011607,0.028939476
5877,0,1,0.28144968,0.22915375,0.1724263347473871,0.10902335,0.01188609
5878,0,1,-0.17109811,-0.1613636,-0.2032130952287592,0.032114983,0.0010313721
5879,0,1,0.19484103,0.1628629,0.0976926882144597,0.09714834,0.009437799
5880,0,1,-0.10065961,-0.097554326,-0.058367368453841,0.04229224,0.0017886336
5881,0,1,0.053176045,0.04011762,0.2290373012062005,0.17586125,0.030927181
5882,0,1,-0.2236563,-0.20834494,-0.1366580152372776,0.086998284,0.007568701
5883,0,1,0.13007486,0.10875845,0.1632455106938326,0.033170655,0.0011002924
5884,0,1,-0.16250551,-0.15361822,-0.1000230713352219,0.06248244,0.003904055
5885,0,1,0.0941633,0.07707906,0.266238897159156,0.1720756,0.029610012
5886,0,1,-0.2577603,-0.23837757,-0.1478539085339425,0.109906375,0.012079411
5887,0,1,0.14101708,0.11821854,0.1674059389451014,0.026388854,0.0006963716
5888,0,1,-0.16640139,-0.15713215,0.0230519234472244,0.1894533,0.035892554
5889,0,1,-0.027174354,-0.03298974,-0.0105296009195092,0.016644754,0.00027704783
5890,0,1,0.005983472,-0.0029301643,-0.0488176933906194,0.054801166,0.0030031677
5891,0,1,0.043762922,0.03155601,-0.0613624971557711,0.10512542,0.011051354
5892,0,1,0.05612719,0.042797565,-0.0064589447922112,0.062586136,0.0039170245
5893,0,1,0.0019646883,-0.006603241,-0.2231234899521832,0.22508818,0.05066469
5894,0,1,0.21406424,0.17780697,0.2913289834188328,0.077264756,0.0059698424
5895,0,1,-0.28052104,-0.25821197,-0.1784878293891512,0.10203321,0.010410776
5896,0,1,0.17086375,0.14341891,0.2075473166759411,0.036683574,0.0013456846
5897,0,1,-0.2037946,-0.19067955,-0.2571592191275094,0.053364635,0.0028477842
5898,0,1,0.24672997,0.20155323,0.2390954010190074,0.0076345652,5.8286587e-05
5899,0,1,-0.23291278,-0.21653521,-0.3623855865744942,0.12947282,0.016763212
5900,0,1,0.34580052,0.27394307,0.3227328747346012,0.023067653,0.0005321166
5901,0,1,-0.30873287,-0.28253293,-0.2863901077890214,0.022342771,0.00049919944
5902,0,1,0.27456367,0.22379315,0.1235865004976901,0.15097716,0.022794105
5903,0,1,-0.12518644,-0.119834304,-0.2027019217673682,0.07751548,0.00600865
5904,0,1,0.19434583,0.16247046,0.1626442816837536,0.03170155,0.0010049882
5905,0,1,-0.161942,-0.15310967,-0.104429671195481,0.057512335,0.0033076687
5906,0,1,0.098490596,0.08093941,0.035934835884992,0.06255576,0.0039132233
5907,0,1,-0.039893866,-0.044118762,-0.0846736205056104,0.044779755,0.0020052264
5908,0,1,0.07907581,0.06354892,0.0168157854412394,0.062260028,0.003876311
5909,0,1,-0.021017194,-0.027592063,-0.1471923412660334,0.12617515,0.015920168
5910,0,1,0.14037049,0.1176635,0.1760221970081656,0.035651714,0.0012710447
5911,0,1,-0.17445874,-0.1643883,-0.3085846110767403,0.13412586,0.017989745
5912,0,1,0.2955457,0.23985374,0.2772049743799882,0.018340737,0.00033638263
5913,0,1,-0.2677425,-0.2470895,-0.2413776845924724,0.026364833,0.0006951044
5914,0,1,0.23161614,0.19085133,0.2051642937120827,0.026451841,0.0006996999
5915,0,1,-0.20158505,-0.18870711,-0.3912052581922534,0.1896202,0.03595582
5916,0,1,0.37232912,0.2882129,0.2920006564941195,0.080328465,0.0064526624
5917,0,1,-0.28112733,-0.25873804,-0.2386509398740435,0.0424764,0.0018042446
5918,0,1,0.22899902,0.18894637,0.0023954482755164,0.22660357,0.051349178
5919,0,1,-0.0067778826,-0.014591098,0.1094633452928504,0.11624123,0.013512024
5920,0,1,-0.1118238,-0.107699394,-0.1201139970134379,0.008290201,6.872744e-05
5921,0,1,0.11387575,0.094575405,0.0697900132023197,0.044085734,0.0019435519
5922,0,1,-0.07329774,-0.07342863,-0.0859680025273457,0.012670264,0.00016053558
5923,0,1,0.08034921,0.06469476,0.0668214766437538,0.013527729,0.00018299944
5924,0,1,-0.07037032,-0.07085848,-0.0198647265911919,0.05050559,0.0025508145
5925,0,1,0.015198827,0.0054917336,0.0254448581369215,0.010246031,0.000104981154
5926,0,1,-0.029537559,-0.035054803,0.0446597692163399,0.07419733,0.005505244
5927,0,1,-0.04850602,-0.05166757,-0.0693958921727173,0.02088987,0.0004363867
5928,0,1,0.064040184,0.049971938,0.0223994869528061,0.0416407,0.0017339478
5929,0,1,-0.026530504,-0.032426834,-0.1837497775739793,0.15721928,0.0247179
5930,0,1,0.17597568,0.14763057,0.2135015077592805,0.037525833,0.0014081881
5931,0,1,-0.2093091,-0.19559598,-0.1302714962996882,0.07903761,0.0062469435
5932,0,1,0.12382543,0.10330987,0.2135839678446165,0.08975853,0.008056594
5933,0,1,-0.20938563,-0.19566369,-0.1226971533427705,0.08668848,0.0075148926
5934,0,1,0.116407394,0.09680462,0.1765796511739326,0.06017226,0.003620701
5935,0,1,-0.17497921,-0.16485703,-0.1362977473745978,0.038681462,0.0014962555
5936,0,1,0.12972248,0.10845232,0.3253500098067932,0.19562754,0.038270134
5937,0,1,-0.31107187,-0.28453374,-0.2966677015926151,0.014404178,0.00020748033
5938,0,1,0.28429687,0.23134577,0.1265276526583021,0.15776922,0.024891127
5939,0,1,-0.12796462,-0.12235582,-0.0280351147492119,0.0999295,0.009985904
5940,0,1,0.023262382,0.012858033,0.0727417511415822,0.049479373,0.0024482084
5941,0,1,-0.076207995,-0.07598436,-0.0636742919371728,0.012533702,0.00015709369
5942,0,1,0.05840504,0.044864535,0.2615313876197029,0.20312634,0.04126031
5943,0,1,-0.25346518,-0.23461735,-0.1902781262271871,0.06318705,0.003992603
5944,0,1,0.18231094,0.15280282,0.0274269706184755,0.15488397,0.023989042
5945,0,1,-0.03149438,-0.036766052,0.03583899667345,0.06733337,0.0045337826
5946,0,1,-0.03979945,-0.044035792,0.0167258412639437,0.056525294,0.0031951088
5947,0,1,-0.020928383,-0.027511,-0.0981232174727311,0.07719483,0.0059590423
5948,0,1,0.09229696,0.07541132,0.0104210771018558,0.08187588,0.0067036604
5949,0,1,-0.0147025585,-0.021829009,0.1416263270937972,0.15632889,0.02443872
5950,0,1,-0.14220083,-0.13526154,0.1020234908335342,0.24422431,0.059645515
5951,0,1,-0.10476971,-0.10128975,0.0024611704388901,0.10723088,0.0114984615
5952,0,1,-0.0068428516,-0.01465106,-0.0903226110117454,0.08347976,0.0069688708
5953,0,1,0.084630966,0.06854272,-0.0873430668097756,0.17197403,0.029575069
5954,0,1,0.0817014,0.065911055,0.0626027513358105,0.019098647,0.0003647583
5955,0,1,-0.066209674,-0.067204714,-0.2096949175263576,0.14348525,0.020588016
5956,0,1,0.20110714,0.16780365,-0.0511365463331194,0.2522437,0.063626885
5957,0,1,0.046049118,0.03363633,0.0471635257929083,0.0011144094,1.2419083e-06
5958,0,1,-0.05097711,-0.053834677,-0.0767639526399981,0.02578684,0.00066496106
5959,0,1,0.07129395,0.056532145,0.0324375353580235,0.038856413,0.0015098208
5960,0,1,-0.036441326,-0.041095138,-0.0776648259630325,0.041223496,0.0016993766
5961,0,1,0.07218075,0.05733204,0.1418779759136026,0.06969723,0.004857704
5962,0,1,-0.14243782,-0.13547623,-0.1203133648619254,0.022124454,0.0004894915
5963,0,1,0.11407137,0.09474778,0.1493327596176148,0.035261393,0.0012433658
5964,0,1,-0.14944959,-0.14182258,-0.1285666835321939,0.020882905,0.0004360957
5965,0,1,0.12215662,0.10184991,-0.0187210957420682,0.14087772,0.019846532
5966,0,1,0.014070034,0.004459977,0.1007981589666686,0.086728126,0.0075217676
5967,0,1,-0.10360706,-0.10023308,-0.0822412074360632,0.021365851,0.0004564996
5968,0,1,0.07668328,0.061394095,0.1784214307829372,0.101738155,0.010350652
5969,0,1,-0.17669892,-0.16640401,-0.3234686010148586,0.14676967,0.021541337
5970,0,1,0.30953825,0.2500552,0.4773130117783359,0.16777477,0.028148372
5971,0,1,-0.44337404,-0.39180434,-0.4240225000980591,0.019351542,0.0003744822
5972,0,1,0.40217125,0.30650198,0.2852047457630602,0.116966516,0.013681166
5973,0,1,-0.274989,-0.2534032,-0.2631972811473373,0.011791736,0.00013904503
5974,0,1,0.25249732,0.20612133,0.1931485095892668,0.059348807,0.0035222808
5975,0,1,-0.1904242,-0.17872441,-0.1605031802074292,0.029921025,0.00089526776
5976,0,1,0.15335834,0.12875545,0.1419853530081702,0.011372983,0.00012934476
5977,0,1,-0.1425389,-0.13556767,-0.2627913360121618,0.12025243,0.0144606475
5978,0,1,0.2521094,0.20580494,0.1407402270811253,0.11136918,0.012403093
5979,0,1,-0.14136672,-0.13450587,-0.3457245032425493,0.20435777,0.0417621
5980,0,1,0.33033526,0.26427257,0.2151861668602868,0.115149096,0.013259314
5981,0,1,-0.21086752,-0.19698381,-0.1768140760702516,0.034053445,0.0011596371
5982,0,1,0.16923678,0.14207137,0.028885702462791,0.14035107,0.019698424
5983,0,1,-0.032934666,-0.038026214,0.0555743812312543,0.088509046,0.0078338515
5984,0,1,-0.05927658,-0.061117887,-0.1460579186306869,0.08678134,0.0075310008
5985,0,1,0.13926315,0.11670923,-0.1126756280490488,0.2519388,0.06347316
5986,0,1,0.10658252,0.088128924,0.0021702642272523,0.10441226,0.01090192
5987,0,1,-0.006555319,-0.014388442,0.0406231903737119,0.04717851,0.0022258118
5988,0,1,-0.044522047,-0.048174262,-0.1936952900368256,0.14917324,0.022252657
5989,0,1,0.18562376,0.15548527,0.0757252119586415,0.10989855,0.012077692
5990,0,1,-0.07914889,-0.07856655,0.1305551097812132,0.209704,0.043975767
5991,0,1,-0.13176644,-0.12580454,0.0036330765345926,0.13539952,0.01833303
5992,0,1,-0.007999897,-0.015707731,0.0391906820386396,0.04719058,0.0022269508
5993,0,1,-0.043107867,-0.046934843,-0.1277477958833339,0.08463992,0.0071639162
5994,0,1,0.12135482,0.10114777,0.0792501578734627,0.04210466,0.0017728026
5995,0,1,-0.08262324,-0.08161688,0.0287193204991651,0.111342564,0.012397166
5996,0,1,-0.032770634,-0.037882686,-0.0064864947379921,0.02628414,0.000690856
5997,0,1,0.0019921064,-0.0065784454,-0.1378725874478115,0.1398647,0.019562135
5998,0,1,0.13126254,0.109790206,0.3187982476919073,0.1875357,0.03516964
5999,0,1,-0.30521297,-0.27951717,-0.5091050411310067,0.20389205,0.041571967
6000,0,1,0.47751367,0.32496727,0.4365388849780112,0.040974796,0.0016789339
6001,0,1,-0.4085821,-0.3655405,-0.3431462178819695,0.06543589,0.004281855
6002,0,1,0.3279339,0.26269758,0.1963243136657195,0.13160959,0.017321084
6003,0,1,-0.19337726,-0.18136871,-0.3422375263749648,0.14886028,0.02215938
6004,0,1,0.32708704,0.26213706,0.3302986702753514,0.0032116175,1.0314487e-05
6005,0,1,-0.31548893,-0.2883054,-0.1157499735170102,0.19973896,0.039895654
6006,0,1,0.10959792,0.09079814,-0.012683007312658,0.122280926,0.014952625
6007,0,1,0.008109331,-0.0009872913,-0.0047373635147875,0.012846695,0.00016503758
6008,0,1,0.00026464462,-0.008156538,-0.1519925169682952,0.15225716,0.023182243
6009,0,1,0.1450578,0.12168503,0.2593484294033408,0.114290625,0.013062347
6010,0,1,-0.25147128,-0.23286963,-0.2422025773645659,0.009268701,8.590882e-05
6011,0,1,0.23240721,0.19142497,0.3239222369973051,0.091515034,0.008375001
6012,0,1,-0.30979598,-0.28344226,-0.2406633299113776,0.06913264,0.004779322
6013,0,1,0.23093069,0.19035399,0.2155027182786513,0.015427962,0.00023802201
6014,0,1,-0.21116042,-0.19724417,-0.2779672424237973,0.06680682,0.0044631516
6015,0,1,0.26656592,0.21746981,0.1321206501191729,0.13444526,0.01807553
6016,0,1,-0.13324356,-0.12714374,-0.1241441211708165,0.009099439,8.279979e-05
6017,0,1,0.11782539,0.098050475,0.104416153892427,0.013409235,0.00017980757
6018,0,1,-0.10703933,-0.10335207,-0.1953007355902452,0.08826141,0.0077900765
6019,0,1,0.18717992,0.15673935,0.1806049911912348,0.0065749288,4.3229687e-05
6020,0,1,-0.17873704,-0.16823602,-0.1113962403278454,0.067340806,0.0045347842
6021,0,1,0.10532749,0.08701682,0.0628477821992099,0.0424797,0.001804525
6022,0,1,-0.06645167,-0.067417145,-0.3514007347018069,0.28494906,0.08119597
6023,0,1,0.33561456,0.26767004,0.3604817204300461,0.024867147,0.000618375
6024,0,1,-0.34228027,-0.31099415,-0.3937776243650914,0.05149737,0.0026519792
6025,0,1,0.37468302,0.2893108,0.3492040979040458,0.02547893,0.00064917584
6026,0,1,-0.33230078,-0.30258095,-0.4036861970991621,0.07138541,0.005095877
6027,0,1,0.38372624,0.2932335,0.4232955677353642,0.03956932,0.0015657309
6028,0,1,-0.39716625,-0.35642505,-0.3732444466049316,0.023921818,0.00057225337
6029,0,1,0.3558303,0.2797178,0.2870823542867657,0.06874797,0.0047262833
6030,0,1,-0.2766862,-0.25487995,-0.5146981757092319,0.23801196,0.056649692
6031,0,1,0.48235595,0.322775,0.2945439572185517,0.187812,0.035273347
6032,0,1,-0.28342187,-0.26072836,-0.3549994071430888,0.07157752,0.0051233415
6033,0,1,0.33895576,0.2697698,0.3521645343182535,0.013208777,0.00017447179
6034,0,1,-0.33492422,-0.30479693,-0.4070069188623377,0.0720827,0.0051959152
6035,0,1,0.38674867,0.2944342,0.5625476989922664,0.17579901,0.030905293
6036,0,1,-0.51428723,-0.44080138,-0.4255108227754591,0.08877641,0.007881251
6037,0,1,0.40351498,0.30750692,0.5575926646169911,0.15407771,0.02373994
6038,0,1,-0.5102427,-0.43806934,-0.4915014149243253,0.01874128,0.00035123556
6039,0,1,0.4621812,0.32891953,0.416692859744044,0.045488358,0.0020691906
6040,0,1,-0.39145422,-0.35176432,-0.5320060804603564,0.14055187,0.019754827
6041,0,1,0.4972471,0.31294286,0.6447900084059086,0.1475429,0.021768905
6042,0,1,-0.5801047,-0.48403645,-0.5444574690446746,0.035647213,0.0012707239
6043,0,1,0.50787175,0.30290568,0.5472128842645259,0.03934115,0.0015477262
6044,0,1,-0.5017308,-0.4323007,-0.5323650513293057,0.030634224,0.0009384557
6045,0,1,0.49755442,0.31268895,0.4748792701134385,0.022675157,0.0005141627
6046,0,1,-0.4413128,-0.39034188,-0.3384776505087614,0.10283515,0.010575068
6047,0,1,0.32358038,0.25979435,0.1525153696308459,0.17106502,0.02926324
6048,0,1,-0.15244031,-0.14452684,-0.1436110188699026,0.008829296,7.795646e-05
6049,0,1,0.13687241,0.11464751,0.3030819493804995,0.16620955,0.027625615
6050,0,1,-0.291111,-0.2673812,-0.3030949075022981,0.011983901,0.00014361388
6051,0,1,0.29036868,0.23596966,0.2087146687865726,0.08165401,0.006667378
6052,0,1,-0.20487618,-0.19164467,-0.1565983056464059,0.048277885,0.0023307542
6053,0,1,0.14955115,0.12552118,0.0861541770990075,0.063396975,0.0040191766
6054,0,1,-0.08942592,-0.08758795,-0.2107764487083805,0.12135053,0.014725951
6055,0,1,0.20215237,0.1686207,0.1393342314170076,0.06281814,0.0039461185
6056,0,1,-0.1400423,-0.13330662,-0.1023427321092778,0.037699573,0.0014212577
6057,0,1,0.09644127,0.07911265,0.2117832957366976,0.11534202,0.013303782
6058,0,1,-0.20771873,-0.19417882,-0.1730284071762191,0.03469032,0.0012034184
6059,0,1,0.16555583,0.13900983,0.1902650069466307,0.024709165,0.00061054283
6060,0,1,-0.18774068,-0.176319,-0.1012220707642259,0.086518615,0.0074854707
6061,0,1,0.09534085,0.07813048,0.0065283950979384,0.088812456,0.007887652
6062,0,1,-0.010859013,-0.018319488,-0.0818880209428269,0.07102901,0.0050451197
6063,0,1,0.07633579,0.061080933,0.0192856993319201,0.057050087,0.0032547123
6064,0,1,-0.023456335,-0.029741526,0.0531757674291126,0.0766321,0.0058724782
6065,0,1,-0.05690968,-0.059040666,0.1417040489569441,0.19861373,0.039447416
6066,0,1,-0.14227414,-0.13532794,-0.1882281604928448,0.04595402,0.0021117718
6067,0,1,0.18032205,0.15118492,0.1215561841591117,0.058765866,0.003453427
6068,0,1,-0.12326777,-0.118092895,-0.0740369691715969,0.0492308,0.0024236715
6069,0,1,0.06860995,0.054106236,0.0330188595335352,0.035591092,0.0012667258
6070,0,1,-0.037015557,-0.041597962,0.0082394487992107,0.045255005,0.0020480156
6071,0,0,-0.012548804,-0.019862056,0.0296446190484285,0.042193424,0.001780285
6072,0,0,-0.033684015,-0.038681746,-0.0496447169089895,0.0159607,0.00025474397
6073,0,0,0.044578075,0.03229785,0.0528984593436281,0.008320384,6.922879e-05
6074,0,0,-0.056636453,-0.05880034,0.1138233864422655,0.17045984,0.029056557
6075,0,0,-0.11595273,-0.111450315,0.0717510677247319,0.18770379,0.03523271
6076,0,0,-0.07523131,-0.075127006,0.121611661593832,0.19684297,0.038747154
6077,0,0,-0.12332034,-0.11814046,0.1041138131979531,0.22743416,0.051726297
6078,0,0,-0.10675275,-0.103091836,0.1365713106350976,0.24332407,0.059206605
6079,0,0,-0.13743973,-0.13094842,0.241130004122265,0.37856972,0.14331503
6080,0,0,-0.23478186,-0.21818566,0.1389101772189334,0.37369204,0.13964574
6081,0,0,-0.13964343,-0.13294458,0.1467529579831281,0.28639638,0.08202289
6082,0,0,-0.14702499,-0.13962877,0.1207713047867957,0.26779628,0.07171485
6083,0,0,-0.12252569,-0.11741948,0.0119805177115452,0.13450621,0.01809192
6084,0,0,-0.016242504,-0.023235083,0.0047976654352641,0.02104017,0.00044268873
6085,0,0,-0.009149671,-0.016758323,-0.1013056551444218,0.092155986,0.008492726
6086,0,0,0.0954231,0.078204036,-0.184553381705784,0.2799765,0.078386836
6087,0,0,0.17675579,0.14827073,-0.2656413600263179,0.44239715,0.19571523
6088,1,0,-0.2631142,0.2080208,-0.3951781784277011,0.13206396,0.017440889
6089,1,0,-0.40755808,0.28989518,-0.5123808821055233,0.104822814,0.010987823
6090,1,0,-0.5380645,0.3237399,-0.3385494436248109,0.19951504,0.039806254
6091,1,0,-0.34438848,0.25983918,-0.3935521963577704,0.0491637,0.0024170694
6092,1,0,-0.4057448,0.28921592,-0.3229398096923073,0.08280498,0.0068566645
6093,1,0,-0.32697785,0.24970233,-0.3720394772011322,0.045061618,0.0020305493
6094,1,0,-0.38174808,0.27909982,-0.3970670616034482,0.01531899,0.00023467145
6095,1,0,-0.40966487,0.2906679,-0.3348162051728087,0.07484865,0.0056023207
6096,1,0,-0.34022427,0.25747383,-0.2001108966895126,0.14011337,0.019631756
6097,1,0,-0.19023979,0.16047323,-0.1325113178638559,0.05772847,0.0033325762
6098,1,0,-0.115362644,0.10522497,-0.1984326783015717,0.08307004,0.0069006314
6099,1,0,-0.18837667,0.15917456,-0.2607674247112563,0.072390765,0.0052404227
6100,1,0,-0.25768685,0.20422494,-0.2771734985319201,0.019486636,0.00037972897
6101,1,0,-0.2759601,0.21686876,-0.334471657252984,0.058511555,0.003423602
6102,1,0,-0.33983994,0.25725377,-0.3027434395423629,0.0370965,0.0013761503
6103,1,0,-0.30445743,0.23571861,-0.3477148413612982,0.043257415,0.001871204
6104,1,0,-0.35461235,0.2654754,-0.4848480316899237,0.13023567,0.01696133
6105,1,0,-0.50746036,0.32931197,-0.4760519138347776,0.03140843,0.0009864895
6106,1,0,-0.49767423,0.32896984,-0.7108247653318105,0.21315056,0.04543316
6107,1,0,-0.7566503,-0.13325179,-0.7182190717576373,0.038431227,0.0014769592
6108,1,0,-0.76470256,-0.15556204,-0.6920574472768202,0.07264513,0.0052773147
6109,1,0,-0.73617744,-0.07634568,-0.7235402275660883,0.012637198,0.00015969877
6110,1,0,-0.7704475,-0.17155075,-0.753532423056362,0.016915083,0.00028612002
6111,1,0,-0.80254257,-0.25885797,-0.7725546843257767,0.029987872,0.00089927245
6112,1,0,-0.82284474,-0.31171513,-0.8126100133620444,0.010234714,0.000104749364
6113,1,0,-0.86544436,-0.4172964,-0.9124992645350416,0.047054887,0.0022141624
6114,1,0,-0.9661195,-0.64234984,-0.8447952858220682,0.12132424,0.014719572
6115,1,0,-0.8995123,-0.49586785,-0.8526577071710795,0.046854556,0.0021953494
6116,1,0,-0.9073286,-0.5141804,-1.0346227786697892,0.12729418,0.01620381
6117,1,0,-1.0842885,-0.8488977,-1.143633559104486,0.059345126,0.003521844
6118,1,0,-1.1873987,-0.971896,-1.043843126000618,0.14355552,0.020608189
6119,1,0,-1.0931013,-0.86194026,-1.2474107747945191,0.15430951,0.023811426
6120,1,0,-1.2821167,-1.0551164,-1.2379618190251505,0.044154882,0.0019496536
6121,1,0,-1.2736417,-1.0505862,-1.056095527986928,0.21754622,0.04732636
6122,1,0,-1.1047871,-0.877348,-1.1592721435909072,0.054485083,0.0029686242
6123,1,0,-1.2019877,-0.9867589,-1.092327098052544,0.109660625,0.012025453
6124,1,0,-1.1391704,-0.9189859,-1.2935813184648934,0.15441096,0.023842745
6125,1,0,-1.3231282,-1.0752902,-1.3650287239638843,0.041900516,0.0017556532
6126,1,0,-1.3852552,-1.1011196,-1.440140139363847,0.05488491,0.0030123533
6127,1,0,-1.4487708,-1.1228607,-1.3806306234803092,0.06814015,0.00464308
6128,1,0,-1.3986018,-1.1060383,-1.2807465988178783,0.11785519,0.013889846
6129,1,0,-1.3117951,-1.0699897,-1.4595709093225566,0.14777577,0.021837678
6130,1,0,-1.4648962,-1.1277657,-1.4074486539675268,0.057447553,0.0033002214
6131,1,0,-1.421356,-1.1139785,-1.3421184486796325,0.07923746,0.0062785754
6132,1,0,-1.3655131,-1.0934594,-1.4314168138155536,0.06590378,0.0043433085
6133,1,0,-1.4414902,-1.1205703,-1.4809045924037243,0.039414406,0.0015534954
6134,1,0,-1.4824545,-1.1328603,-1.381361783720335,0.101092696,0.010219733
6135,1,0,-1.3992251,-1.106263,-1.4661875240979636,0.06696236,0.004483958
6136,1,0,-1.4703584,-1.1293774,-1.3911194552026571,0.07923889,0.0062788017
6137,1,0,-1.4075291,-1.1092188,-1.359652385933367,0.047876716,0.00229218
6138,1,0,-1.3806378,-1.0993698,-1.3703689311739726,0.010268807,0.00010544841
6139,1,0,-1.3898323,-1.1028292,-1.4227635999774215,0.032931328,0.0010844724
6140,1,0,-1.4342432,-1.1182423,-1.519219145241314,0.08497596,0.007220913
6141,1,0,-1.5136019,-1.1413152,-1.4332780831953535,0.080323815,0.0064519155
6142,1,0,-1.4430459,-1.1210635,-1.3234036851403372,0.11964214,0.014314242
6143,1,0,-1.3492601,-1.0867846,-1.2853810142319928,0.06387913,0.0040805438
6144,1,0,-1.3158932,-1.0719299,-1.264591463596744,0.051301718,0.0026318661
6145,1,0,-1.297456,-1.0629897,-1.2759588758373022,0.02149713,0.00046212663
6146,1,0,-1.3075542,-1.0679544,-1.2045125107904455,0.10304177,0.010617606
6147,1,0,-1.2434183,-1.0267991,-1.208315391784918,0.035102963,0.001232218
6148,1,0,-1.2468717,-1.0299778,-1.2720462482440076,0.025174499,0.00063375535
6149,1,0,-1.304083,-1.0662669,-1.3274624378876747,0.023379445,0.00054659846
6150,1,0,-1.3527944,-1.0882655,-1.2896546415496255,0.063139796,0.003986634
6151,1,0,-1.3196666,-1.0736926,-1.2735082236865456,0.046158433,0.0021306009
6152,1,0,-1.3053806,-1.0668999,-1.1906532446169136,0.11472738,0.013162372
6153,1,0,-1.2307959,-1.0149773,-1.236632846745598,0.0058369637,3.4070144e-05
6154,1,0,-1.2724471,-1.0499372,-1.2377768396918851,0.034670234,0.0012020251
6155,1,0,-1.2734749,-1.0504961,-1.216018965219802,0.057456017,0.003301194
6156,1,0,-1.2538534,-1.0363328,-1.375441328184177,0.12158787,0.014783611
6157,1,0,-1.3941715,-1.1044279,-1.4188895684151963,0.024718046,0.00061098184
6158,1,0,-1.4309907,-1.1171814,-1.380489778392986,0.05050087,0.002550338
6159,1,0,-1.3984817,-1.1059949,-1.420953514679128,0.022471786,0.00050498114
6160,1,0,-1.4327238,-1.1177479,-1.4291147549111187,0.0036090612,1.3025323e-05
6161,1,0,-1.4395645,-1.1199565,-1.3792375704937216,0.060326934,0.003639339
6162,1,0,-1.3974133,-1.1056085,-1.1870187035056992,0.2103945,0.044265848
6163,1,0,-1.2274759,-1.0118141,-1.1304414502661555,0.097034454,0.009415685
6164,1,0,-1.1750512,-0.95891744,-1.1426488915299813,0.032402277,0.0010499075
6165,1,0,-1.1864784,-0.97094166,-1.1020257640418385,0.08445263,0.0071322466
6166,1,0,-1.1483293,-0.9295053,-1.0692783010114817,0.0790509,0.0062490446
6167,1,1,-1.1173279,-0.89294,0.8909485074875911,2.0082765,4.0331745
6168,1,1,0.9137956,-0.5922886,-0.7332975547081306,1.647093,2.7129157
6169,1,1,-0.78089976,-0.20068443,0.5405256899052737,1.3214254,1.7461652
6170,0,1,-0.49622035,-0.42855132,-0.490088918033448,0.0061314404,3.759456e-05
6171,0,1,0.460945,0.3290516,0.399949261404996,0.060995758,0.0037204823
6172,0,1,-0.37690794,-0.3398242,-0.3929356177603158,0.01602766,0.00025688586
6173,0,1,0.3739127,0.28895485,0.322185630538035,0.051727057,0.0026756884
6174,0,1,-0.30824363,-0.28211403,-0.4433921932540772,0.13514856,0.018265132
6175,0,1,0.41958964,0.31873143,0.3003960392467608,0.11919361,0.014207117
6176,0,1,-0.28869367,-0.26529264,-0.4734416005592274,0.18474793,0.0341318
6177,0,1,0.44630897,0.32868803,0.436179043460897,0.010129929,0.00010261545
6178,0,1,-0.40827274,-0.36529672,-0.3637844554719127,0.04448828,0.0019792072
6179,0,1,0.34709513,0.27471197,0.2987683590878462,0.04832676,0.0023354758
6180,0,1,-0.28722858,-0.2640251,-0.2057951158301902,0.081433475,0.0066314107
6181,0,1,0.19733799,0.16483915,0.0450012599941438,0.15233672,0.023206476
6182,0,1,-0.048843026,-0.05196309,0.0465666898964571,0.09540972,0.009103015
6183,0,1,-0.050388098,-0.053318024,-0.0993075883740652,0.04891949,0.0023931167
6184,0,1,0.09346044,0.07645059,0.1303491488227384,0.036888704,0.0013607765
6185,0,1,-0.13157225,-0.12562835,-0.0919329204406416,0.039639324,0.001571276
6186,0,1,0.086214066,0.06996369,0.0877450363895289,0.0015309677,2.343862e-06
6187,0,1,-0.09099281,-0.08896315,-0.0692631886657235,0.021729618,0.00047217633
6188,0,1,0.06390941,0.0498538,0.1603063183082567,0.09639691,0.009292364
6189,0,1,-0.1597507,-0.15113199,0.0470437860795385,0.20679449,0.04276396
6190,0,1,-0.050859094,-0.053731322,-0.1602620978131741,0.109403,0.011969016
6191,0,1,0.15312397,0.12855649,-0.0160204202370712,0.16914439,0.028609825
6192,0,1,0.011404276,0.002023816,-0.024981253021487,0.03638553,0.0013239067
6193,0,1,0.020248652,0.010104895,0.1441673261909557,0.12391867,0.015355837
6194,0,1,-0.14459217,-0.13742673,-0.1732760996295959,0.02868393,0.00082276785
6195,0,1,0.16579616,0.13921118,0.0919135301128732,0.07388263,0.005458643
6196,0,1,-0.09509897,-0.09256494,-0.1896499219174872,0.09455095,0.008939883
6197,0,1,0.18170178,0.15230763,-0.0254154673462569,0.20711724,0.042897552
6198,0,1,0.020677328,0.010496497,0.0668419511149498,0.046164624,0.0021311725
6199,0,1,-0.07039094,-0.07087612,-0.0620281596273379,0.008362781,6.993611e-05
6200,0,1,0.05678296,0.043393135,-0.007207997045654,0.06399096,0.004094843
6201,0,1,0.0027040243,-0.0059269667,0.0575216925874526,0.05481767,0.0030049768
6202,0,1,-0.06119764,-0.06280398,0.0098574708336023,0.07105511,0.005048828
6203,0,1,-0.014146209,-0.02132082,-0.0662092049019167,0.052062996,0.0027105554
6204,0,1,0.06090188,0.047129154,0.0296689963545182,0.031232884,0.00097549305
6205,0,1,-0.033707976,-0.038702488,0.0342209254481096,0.0679289,0.004614336
6206,0,1,-0.03820169,-0.04263687,-0.057465208826229,0.01926352,0.00037108324
6207,0,1,0.05228746,0.03930974,0.0076852477377096,0.04460221,0.0019893572
6208,0,1,-0.012001157,-0.01936233,-0.1669893838541976,0.15498823,0.024021352
6209,0,1,0.1596781,0.13408911,0.2587495315826824,0.09907144,0.009815151
6210,0,1,-0.250924,-0.23238993,-0.3572606804484544,0.10633668,0.01130749
6211,0,1,0.34105337,0.27106726,0.1854485055707846,0.15560485,0.02421287
6212,0,1,-0.18325448,-0.1722939,-0.2907154462444841,0.107460976,0.011547862
6213,0,1,0.27866328,0.22699463,0.4709043255645209,0.19224104,0.03695662
6214,0,1,-0.4379419,-0.38794398,-0.338997173058899,0.09894472,0.009790058
6215,0,1,0.32406485,0.26012027,0.2488501296356526,0.075214714,0.0056572533
6216,0,1,-0.24186492,-0.22442925,-0.2607200935069758,0.018855184,0.000355518
6217,0,1,0.2501322,0.20418799,0.3222597090189036,0.07212749,0.005202375
6218,0,1,-0.30831003,-0.28217077,-0.2475987777162664,0.06071125,0.0036858558
6219,0,1,0.23758113,0.19513786,0.1806873517644514,0.05689378,0.0032369024
6220,0,1,-0.17881429,-0.1683054,-0.0883263330249874,0.09048796,0.008188071
6221,0,1,0.082668066,0.06678021,-0.0327839546305022,0.11545202,0.013329169
6222,0,1,0.027948976,0.017135978,0.0654833155452767,0.03753434,0.0014088268
6223,0,1,-0.06905055,-0.069699645,-0.0708087185856551,0.0017581657,3.0911465e-06
6224,0,1,0.06543136,0.05123186,-0.0231596262580835,0.08859098,0.0078483615
6225,0,1,0.018451095,0.008463025,-0.0281695579006444,0.046620652,0.0021734852
6226,0,1,0.02339542,0.012979031,0.1406996224769809,0.117304206,0.013760277
6227,0,1,-0.14132822,-0.1344713,-0.2625122363843915,0.12118402,0.014685567
6228,0,1,0.25184357,0.2055875,0.2895422773615144,0.037698716,0.0014211931
6229,0,1,-0.27890837,-0.25681126,-0.3993624102033137,0.12045404,0.014509177
6230,0,1,0.37978446,0.29158247,0.4780425199810378,0.09825805,0.009654644
6231,0,1,-0.44399166,-0.39224267,-0.249251724477628,0.19473994,0.037923645
6232,0,1,0.23916423,0.19626224,0.1806009170477598,0.05856332,0.0034296627
6233,0,1,-0.17873347,-0.16823268,-0.2307827635145505,0.052049294,0.0027091291
6234,0,1,0.22143781,0.18336213,0.1039216031056893,0.11751621,0.01381006
6235,0,1,-0.10657036,-0.102926254,-0.0978986800783507,0.008671686,7.519814e-05
6236,0,1,0.09207642,0.075214386,0.1146998620437194,0.022623442,0.00051182014
6237,0,1,-0.116782665,-0.112203956,-0.1852409928283991,0.06845833,0.0046865433
6238,0,1,0.1774236,0.14881742,0.1750663569052137,0.0023572445,5.5566015e-06
6239,0,1,-0.17356539,-0.16358459,-0.0399375189730879,0.13362786,0.017856406
6240,0,1,0.03500557,0.023575187,-0.0315680305557597,0.066573605,0.004432045
6241,0,1,0.026748896,0.01604104,0.0847199712072304,0.057971075,0.0033606456
6242,0,1,-0.088012695,-0.0863477,-0.1548182898305157,0.0668056,0.004462988
6243,0,1,0.14781499,0.12404132,0.3227836103223687,0.17496863,0.030614022
6244,0,1,-0.30877852,-0.28257155,-0.1489870279893617,0.1597915,0.025533324
6245,0,1,0.1421237,0.11916995,0.1633687600747972,0.021245062,0.00045135268
6246,0,1,-0.1626209,-0.15372229,0.0806073901004427,0.24322829,0.059159998
6247,0,1,-0.08396089,-0.08279109,0.0161868705873486,0.10014776,0.010029574
6248,0,1,-0.020396113,-0.027025223,0.038087794726727,0.05848391,0.0034203676
6249,0,1,-0.042019486,-0.04598117,-0.008627402171162,0.033392083,0.0011150312
6250,0,1,0.004105568,-0.004646063,0.0164988650791391,0.012393298,0.00015359382
6251,0,1,-0.020704031,-0.027306437,-0.0989418494140357,0.07823782,0.006121156
6252,0,1,0.093101144,0.07613015,0.1660000767394127,0.07289894,0.005314255
6253,0,1,-0.16508555,-0.15594518,-0.1767088661525091,0.011623308,0.00013510129
6254,0,1,0.16913474,0.14198625,0.1865986007488647,0.017463863,0.00030498652
6255,0,1,-0.18432605,-0.17325604,-0.1139150061159686,0.07041105,0.004957716
6256,0,1,0.10779846,0.089206934,0.1235990895583811,0.015800633,0.00024966
6257,0,1,-0.12519825,-0.11984527,-0.2804121421326475,0.15521389,0.024091352
6258,0,1,0.26888955,0.21931732,0.4431126496661963,0.1742231,0.030353688
6259,0,1,-0.41422784,-0.3699746,-0.3445809797465922,0.069646865,0.0048506856
6260,0,1,0.32927048,0.2635764,0.2908547729429502,0.0384157,0.0014757661
6261,0,1,-0.2800933,-0.25784087,-0.2150238297614275,0.06506948,0.0042340374
6262,0,1,0.20625341,0.17181146,0.3869727919142642,0.18071938,0.032659493
6263,0,1,-0.3655746,-0.3304509,-0.1559307796580815,0.20964383,0.043950535
6264,0,1,0.14890039,0.12496674,0.1106497452561234,0.038250647,0.0014631121
6265,0,1,-0.112947345,-0.108720064,0.0155316799076026,0.12847902,0.016506858
6266,0,1,-0.019749165,-0.026435137,-0.0445450242292666,0.02479586,0.00061483466
6267,0,1,0.039550066,0.027717829,0.0526601344542112,0.013110068,0.00017187388
6268,0,1,-0.056401014,-0.058594227,-0.0853182459703161,0.02891723,0.00083620625
6269,0,1,0.079710126,0.064119816,0.0978373714279496,0.018127248,0.00032859712
6270,0,1,-0.10079658,-0.09767926,-0.2195407466434631,0.118744165,0.014100176
6271,0,1,0.21061075,0.17517006,0.1010890060393749,0.10952174,0.011995011
6272,0,1,-0.10388327,-0.10048449,-0.157264263047627,0.053380996,0.0028495307
6273,0,1,0.15020049,0.12607431,0.1378679064881838,0.0123325735,0.00015209237
6274,0,1,-0.13866127,-0.13205528,-0.0759567007446468,0.06270456,0.0039318623
6275,0,1,0.0704993,0.055814266,-0.1118157537975019,0.18231505,0.03323878
6276,0,1,0.105739,0.0873816,0.0780653413232776,0.027673654,0.00076583115
6277,0,1,-0.08145547,-0.0805918,-0.1852254002115219,0.10376993,0.010768198
6278,0,1,0.17740762,0.14880502,0.0496020163072135,0.1278056,0.016334273
6279,0,1,-0.05338347,-0.055945873,0.0063910661694304,0.059774537,0.0035729953
6280,0,1,-0.010723114,-0.01819551,0.0627270792542324,0.07345019,0.005394931
6281,0,1,-0.06633222,-0.06731248,-0.0559924707886931,0.010339752,0.00010691047
6282,0,1,0.05083537,0.037990928,0.0736447798739574,0.022809409,0.0005202691
6283,0,1,-0.07709813,-0.076765776,-0.1235115963876065,0.046413466,0.00215421
6284,0,1,0.1172055,0.097506285,0.178973381378279,0.061767876,0.0038152705
6285,0,1,-0.17721438,-0.1668675,-0.1538417663210904,0.02337262,0.00054627936
6286,0,1,0.14686191,0.12322807,-0.0147856515104514,0.16164756,0.026129933
6287,0,1,0.01018548,0.0009100437,-0.0922552261212203,0.10244071,0.010494098
6288,0,1,0.086530805,0.07024753,0.1322583811682078,0.04572758,0.0020910117
6289,0,1,-0.13337338,-0.12726152,-0.0362407693602673,0.09713261,0.009434744
6290,0,1,0.031359196,0.02024877,0.0213543155747599,0.01000488,0.00010009762
6291,0,1,-0.02549851,-0.031524897,-0.0586913333359893,0.033192825,0.0011017636
6292,0,1,0.053495407,0.040407777,0.1488359035564013,0.09534049,0.009089809
6293,0,1,-0.14898264,-0.14140034,-0.196101133784452,0.047118485,0.0022201517
6294,0,1,0.18795526,0.1573633,0.3240515361076379,0.13609627,0.018522194
6295,0,1,-0.3099116,-0.2835412,-0.1656307133826702,0.1442809,0.020816976
6296,0,1,0.15835512,0.1329763,0.2123574447242362,0.05400233,0.0029162515
6297,0,1,-0.20824969,-0.19465244,-0.2095004127739195,0.001250729,1.5643229e-06
6298,0,1,0.20091999,0.1676563,0.2128747776090225,0.011954784,0.00014291688
6299,0,1,-0.20872915,-0.1950792,-0.1845546609374018,0.024174482,0.00058440556
6300,0,1,0.17675698,0.14827168,0.0822493711361103,0.094507605,0.008931687
6301,0,1,-0.08557892,-0.08421147,0.0459990417867797,0.13157797,0.017312761
6302,0,1,-0.049827814,-0.052826762,-0.0461802066385748,0.0036476068,1.3305035e-05
6303,0,1,0.041162252,0.02918744,0.0799098650183955,0.038747616,0.0015013778
6304,0,1,-0.08327329,-0.08218765,-0.1049718021823076,0.021698512,0.00047082544
6305,0,1,0.099022865,0.08141303,0.2238451939589747,0.12482233,0.015580615
6306,0,1,-0.21886802,-0.20409703,-0.045973824116744,0.1728942,0.029892402
6307,0,1,0.040958762,0.029001594,-0.0644850759749484,0.105443835,0.011118403
6308,0,1,0.059203625,0.04558897,0.0528970339816106,0.0063065924,3.977311e-05
6309,0,1,-0.056634903,-0.058799148,-0.0330678275401816,0.023567077,0.0005554071
6310,0,1,0.028228402,0.01739204,0.0563049157969874,0.028076515,0.0007882907
6311,0,1,-0.05999756,-0.061750412,-0.0482300644398538,0.011767495,0.00013847394
6312,0,1,0.043183565,0.031028032,0.0711107341502663,0.027927168,0.0007799267
6313,0,1,-0.07459986,-0.074572325,-0.1946694734427907,0.12006961,0.0144167105
6314,0,1,0.18656838,0.15624702,0.0818871537591536,0.10468122,0.010958158
6315,0,1,-0.085222125,-0.08389783,0.0099550040956195,0.09517713,0.009058686
6316,0,1,-0.01424253,-0.021408916,0.082182438780278,0.09642497,0.009297774
6317,0,1,-0.085512996,-0.08415353,-0.1734479326003308,0.08793494,0.007732554
6318,0,1,0.16596377,0.13935065,0.2634931287451134,0.09752935,0.009511975
6319,0,1,-0.25525558,-0.23618579,-0.2708974727803146,0.015641898,0.00024466898
6320,0,1,0.25983846,0.21207726,0.0615193969810383,0.19831906,0.03933045
6321,0,1,-0.0651412,-0.066266894,0.0758784424924314,0.14101964,0.01988654
6322,0,1,-0.079300165,-0.07869911,-0.067582499783992,0.011717662,0.0001373036
6323,0,1,0.06225419,0.048354387,0.1386275301199906,0.07637334,0.005832887
6324,0,1,-0.139377,-0.13270366,-0.2016948051483158,0.062317804,0.0038835087
6325,0,1,0.19337165,0.16169536,0.0266384403649784,0.1667332,0.027799962
6326,0,1,-0.030715823,-0.03608489,0.02684019509812,0.05755602,0.0033126953
6327,0,1,-0.03091526,-0.036259413,-0.0789092103482151,0.04799395,0.0023034194
6328,0,1,0.07340467,0.058438182,0.1512419791579746,0.0778373,0.006058646
6329,0,1,-0.15124357,-0.14344513,-0.269773754625223,0.118530184,0.014049404
6330,0,1,0.25876796,0.211213,0.1127650698808253,0.14600289,0.021316843
6331,0,1,-0.114951015,-0.11054039,-0.1548302903042546,0.039879277,0.0015903568
6332,0,1,0.14782643,0.12405157,0.2302006143314086,0.082374185,0.0067855064
6333,0,1,-0.22472811,-0.20929456,-0.1526779898145782,0.072050124,0.0051912204
6334,0,1,0.14572656,0.12225747,0.064918710307694,0.08080785,0.0065299086
6335,0,1,-0.06849408,-0.06921029,-0.0136800168268502,0.054814063,0.0030045814
6336,0,1,0.009093761,-8.7976456e-05,0.003679832069553,0.0054139295,2.9310631e-05
6337,0,1,-0.008046269,-0.01575017,0.0846155906018197,0.09266186,0.0085862195
6338,0,1,-0.08790982,-0.08625746,-0.151385191472535,0.06347537,0.0040291226
6339,0,1,0.14446509,0.12117696,0.1392878238109201,0.0051772594,2.6804015e-05
6340,0,1,-0.1399988,-0.13326693,-0.0485494191298261,0.09144938,0.008362989
6341,0,1,0.043498516,0.03131485,-0.0338271419161106,0.07732566,0.005979257
6342,0,1,0.028977633,0.018075824,-0.0959441708365169,0.124921806,0.015605458
6343,0,1,0.09015596,0.07349622,0.0891165136184306,0.0010394454,1.0804467e-06
6344,0,1,-0.09234393,-0.09014833,-0.1467712774697736,0.054427356,0.002962337
6345,0,1,0.1399597,0.11730945,0.0868169149472801,0.05314278,0.002824155
6346,0,1,-0.09007883,-0.088160634,-0.1318011758363009,0.041722342,0.0017407539
6347,0,1,0.12532282,0.10461843,0.3013549198969911,0.1760321,0.030987298
6348,0,1,-0.2895571,-0.26603913,-0.2334076317895153,0.056149468,0.0031527628
6349,0,1,0.22396171,0.18523943,0.0950927722177137,0.12886894,0.016607203
6350,0,1,-0.09819043,-0.09531021,-0.0998551465405852,0.0016647205,2.7712942e-06
6351,0,1,0.09399843,0.07693148,0.0025274118459697,0.091471024,0.008366948
6352,0,1,-0.0069081783,-0.014710546,-0.0063344313956643,0.00057374686,3.2918547e-07
6353,0,1,0.0018415451,-0.0067152977,-0.0561134409397761,0.057954986,0.0033587804
6354,0,1,0.05095482,0.03809917,0.1999106089427182,0.14895579,0.022187827
6355,0,1,-0.1967094,-0.18435025,-0.2015302217131251,0.0048208237,2.324034e-05
6356,0,1,0.19321215,0.16156876,0.1750863660902124,0.018125787,0.00032854418
6357,0,1,-0.17358458,-0.163602,-0.1280157525230914,0.045568824,0.0020765178
6358,0,1,0.1216172,0.10137749,0.1295353536562107,0.007918149,6.269709e-05
6359,0,1,-0.13080394,-0.124931574,0.0595453372636933,0.19034928,0.036232848
6360,0,1,-0.06319404,-0.064557195,-0.2103975439333756,0.1472035,0.021668872
6361,0,1,0.2017864,0.16833508,0.3550814983871657,0.1532951,0.023499388
6362,0,1,-0.33750653,-0.30697525,-0.2009538869294287,0.13655265,0.018646626
6363,0,1,0.19265449,0.16112459,0.2314312967481642,0.0387768,0.0015036402
6364,0,1,-0.22586215,-0.21029854,-0.0252555416232538,0.2006066,0.040243007
6365,0,1,0.020519376,0.010352492,0.1389886303446752,0.11846925,0.014034964
6366,0,1,-0.1397171,-0.1330117,-0.1683462218763096,0.028629124,0.00081962673
6367,0,1,0.16099894,0.13519883,0.1159434246617916,0.045055516,0.0020299996
6368,0,1,-0.11795962,-0.113272786,-0.0643892666355061,0.053570352,0.0028697827
6369,0,1,0.05910921,0.045503378,0.0024456891860824,0.05666352,0.0032107546
6370,0,1,-0.006827593,-0.014636636,-0.0427704801911716,0.035942886,0.0012918911
6371,0,1,0.037799478,0.026122928,-0.099309136619561,0.13710862,0.018798774
6372,0,1,0.09346187,0.076452374,0.2461201529519601,0.15265828,0.023304552
6373,0,1,-0.239362,-0.22222471,-0.0810571885050059,0.15830481,0.025060413
6374,0,1,0.07551849,0.06034434,0.1107827241051175,0.03526424,0.0012435665
6375,0,1,-0.11307323,-0.10883498,-0.1539581059894934,0.040884882,0.0016715736
6376,0,1,0.14697576,0.12332463,0.253860378944666,0.10688463,0.011424324
6377,0,1,-0.24645317,-0.22846484,-0.1225690162356492,0.12388415,0.015347282
6378,0,1,0.116282105,0.096693754,0.2105974670194725,0.094315365,0.008895388
6379,0,1,-0.2066201,-0.19319987,-0.1824510835699346,0.024169013,0.0005841412
6380,0,1,0.17471421,0.146595,0.1524253009567757,0.022288904,0.0004967952
6381,0,1,-0.15235555,-0.14445066,-0.1888526601878308,0.0364971,0.0013320384
6382,0,1,0.18092835,0.15167868,0.2293740293361545,0.048445687,0.0023469846
6383,0,1,-0.2239666,-0.2086196,-0.1409178525785637,0.083048746,0.006897094
6384,0,1,0.13423991,0.1123718,0.0004858740578286,0.13375404,0.017890144
6385,0,1,-0.004892707,-0.012868404,-0.128833678934463,0.123940974,0.015361365
6386,0,1,0.12241781,0.102079034,0.333161002731799,0.21074319,0.04441269
6387,0,1,-0.31804132,-0.29048133,-0.258516186979919,0.059525132,0.0035432414
6388,0,1,0.24802744,0.20246112,0.4041821560135086,0.15615472,0.024384297
6389,0,1,-0.38059342,-0.34285903,-0.4304021463300753,0.04980874,0.0024809106
6390,0,1,0.40792477,0.31073916,0.3789380891960532,0.028986692,0.00084022834
6391,0,1,-0.35853207,-0.3245951,-0.4066667134723161,0.048134655,0.002316945
6392,0,1,0.3864392,0.29431355,0.4842794294339032,0.09784022,0.009572709
6393,0,1,-0.44926393,-0.3959725,-0.5644286769381301,0.11516476,0.013262921
6394,0,1,0.5247563,0.27003896,0.5946026564576317,0.06984633,0.0048785103
6395,0,1,-0.5402347,-0.45814443,-0.5922297464845279,0.05199504,0.0027034841
6396,0,1,0.547928,0.20723355,0.3495789007113872,0.19834909,0.039342362
6397,0,1,-0.33263326,-0.30286193,-0.1652720106918506,0.16736124,0.028009785
6398,0,1,0.1580056,0.13268173,0.1919361015682839,0.03393051,0.0011512795
6399,0,1,-0.18929636,-0.17771327,-0.2516990330208659,0.062402666,0.0038940927
6400,0,1,0.24150741,0.19791567,0.2450323052833771,0.0035248995,1.2424916e-05
6401,0,1,-0.23836398,-0.22134578,-0.3086217886983895,0.07025781,0.00493616
6402,0,1,0.29558098,0.23987973,0.1908760228762374,0.10470496,0.010963129
6403,0,1,-0.18830931,-0.17682874,-0.3258771652491157,0.13756785,0.018924912
6404,0,1,0.3117963,0.25165784,0.3378742023645216,0.026077896,0.0006800567
6405,0,1,-0.3222381,-0.29405153,-0.3132177408385308,0.009020358,8.136687e-05
6406,0,1,0.29990828,0.24308264,0.3657609761199498,0.0658527,0.0043365783
6407,0,1,-0.3469392,-0.314906,-0.5464742277273038,0.19953501,0.039814223
6408,0,1,0.50958574,0.30103981,0.6989752914263831,0.18938953,0.03586839
6409,0,1,-0.6221051,-0.51022184,-0.4980408222496428,0.1240643,0.01539195
6410,0,1,0.46789372,0.32795823,0.2947640211018141,0.17312971,0.029973896
6411,0,1,-0.28362024,-0.26089978,-0.0711478453648635,0.2124724,0.045144517
6412,0,1,0.06576526,0.05153358,-0.0240041812528384,0.089769445,0.008058554
6413,0,1,0.019284606,0.009223938,0.1147565637191236,0.095471956,0.009114894
6414,0,1,-0.11683607,-0.112252474,-0.0855734005343153,0.031262673,0.0009773547
6415,0,1,0.07996106,0.0643456,0.1017517275944737,0.021790668,0.0004748332
6416,0,1,-0.104512334,-0.1010555,-0.0829794906737642,0.021532841,0.00046366325
6417,0,1,0.07740986,0.06204796,-0.0459086762374554,0.12331854,0.015207462
6418,0,1,0.04089451,0.02894342,-0.0877131837996918,0.12860769,0.016539939
6419,0,1,0.082065105,0.066238165,0.1040868176974711,0.02202171,0.00048495576
6420,0,1,-0.10672736,-0.10306847,-0.2036280023105388,0.09690064,0.009389735
6421,0,1,0.19524205,0.16318119,0.2065305203794134,0.011288479,0.00012742975
6422,0,1,-0.20285213,-0.18983853,-0.1802893454488983,0.022562787,0.0005090794
6423,0,1,0.17261446,0.14486527,0.1425543866025265,0.030060068,0.0009036077
6424,0,1,-0.14307463,-0.13605285,0.0436896387519847,0.18676427,0.03488089
6425,0,1,-0.047548294,-0.05082798,-0.2647272060980556,0.21717891,0.04716668
6426,0,1,0.2539569,0.20731151,0.2431467142663785,0.010810196,0.00011686035
6427,0,1,-0.23663366,-0.21981966,-0.2126033481939124,0.024030313,0.0005774559
6428,0,1,0.2039169,0.16999686,0.3323191870536062,0.1284023,0.01648715
6429,0,1,-0.31729066,-0.28984165,-0.2634490525141084,0.05384162,0.00289892
6430,0,1,0.2527374,0.20631754,0.3408325359645976,0.08809513,0.0077607515
6431,0,1,-0.32486916,-0.29628646,-0.1703047271592801,0.15456443,0.023890162
6432,0,1,0.16290534,0.13679636,0.2394247158738178,0.076519385,0.005855216
6433,0,1,-0.23321521,-0.21680212,-0.2086631912895937,0.024552017,0.00060280156
6434,0,1,0.20011055,0.1670214,0.1874612450248507,0.012649313,0.0001600051
6435,0,1,-0.18512976,-0.17397702,-0.1026309066698489,0.082498856,0.006806061
6436,0,1,0.09672427,0.07936525,0.059505028662429,0.03721924,0.0013852719
6437,0,1,-0.06315446,-0.064522386,0.0651708916350939,0.12832534,0.016467394
6438,0,1,-0.06874263,-0.06942892,-0.0099206265542766,0.058822006,0.0034600284
6439,0,1,0.0053822994,-0.0034797192,-0.0181060739826832,0.023488373,0.0005517036
6440,0,1,0.013462782,0.0039055347,-0.017429316200674,0.030892098,0.00095432176
6441,0,1,0.012794614,0.0032947063,0.0071684076632334,0.0056262063,3.1654195e-05
6442,0,1,-0.011490822,-0.018896699,0.019153932684466,0.030644754,0.0009391009
6443,0,1,-0.02332592,-0.02962768,0.0753160541150033,0.09864198,0.009730239
6444,0,1,-0.078745484,-0.0782125,-0.0592001564488375,0.019545328,0.00038201985
6445,0,1,0.05399716,0.040862918,-0.0182818299360421,0.07227899,0.0052242526
6446,0,1,0.013636589,0.0040638447,0.0320551207881045,0.018418532,0.0003392423
6447,0,1,-0.03606367,-0.04076469,0.0881487272092478,0.1242124,0.01542872
6448,0,1,-0.09139073,-0.08931184,0.0143368003307753,0.10572753,0.011178311
6449,0,1,-0.018569231,-0.025358558,-0.0611043181026913,0.042535085,0.0018092335
6450,0,1,0.055872798,0.042566776,0.1089509643124,0.053078167,0.0028172918
6451,0,1,-0.11133802,-0.1072582,0.1842281803908958,0.2955662,0.087359376
6452,0,1,-0.18211639,-0.17127216,-0.19833632075246,0.016219929,0.00026308608
6453,0,1,0.19012034,0.15910017,0.1126020755618311,0.07751826,0.006009081
6454,0,1,-0.11479628,-0.1104002,-0.1624624830793477,0.047666207,0.0022720674
6455,0,1,0.15526855,0.13037205,0.1418826625408529,0.013385892,0.0001791821
6456,0,1,-0.14244235,-0.13548005,-0.2126763596067886,0.070234016,0.004932817
6457,0,1,0.20398724,0.17005193,0.3631661704012223,0.15917894,0.025337936
6458,0,1,-0.34465063,-0.31298542,-0.4101949437457801,0.06554431,0.004296056
6459,0,1,0.38964665,0.29671085,0.4069746973632797,0.017328054,0.00030026145
6460,0,1,-0.38302195,-0.34485495,-0.4003245708147795,0.017302632,0.0002993811
6461,0,1,0.38066232,0.29195845,0.1905892917678928,0.19007303,0.036127757
6462,0,1,-0.18804276,-0.17659009,-0.293376906325818,0.10533413,0.01109528
6463,0,1,0.2811836,0.22894776,0.342550373531638,0.061366767,0.0037658801
6464,0,1,-0.3263955,-0.29758155,-0.2639238730926274,0.06247163,0.0039027042
6465,0,1,0.25319064,0.20668662,0.2826849867773624,0.029494345,0.0008699164
6466,0,1,-0.27270973,-0.25141835,-0.2122567865714089,0.060452938,0.0036545577
6467,0,1,0.20358217,0.16973627,0.1869338618841178,0.016648307,0.00027716614
6468,0,1,-0.1846385,-0.17353606,-0.1064959039632633,0.0781426,0.006106266
6469,0,1,0.10051906,0.082745194,0.0712733112089669,0.02924575,0.00085531385
6470,0,1,-0.0747602,-0.07471275,-0.1844173297296159,0.10965714,0.012024688
6471,0,1,0.1766237,0.1481626,0.1040770173588983,0.07254668,0.005263021
6472,0,1,-0.106717944,-0.10306001,-0.1109724091851402,0.004254468,1.8100496e-05
6473,0,1,0.10491192,0.08664775,0.1055216010892396,0.000609681,3.7171094e-07
6474,0,1,-0.1080873,-0.10430467,-0.0716463745897553,0.036440924,0.001327941
6475,0,1,0.066256166,0.051977873,0.1697559416410159,0.10349977,0.010712203
6476,0,1,-0.16860068,-0.15911376,-0.2372639483774967,0.06866327,0.0047146445
6477,0,1,0.22766721,0.18797147,0.2046473657963716,0.02301985,0.0005299135
6478,0,1,-0.20110571,-0.18827903,-0.2312199696355652,0.030114248,0.00090686796
6479,0,1,0.22185838,0.18367589,0.2351950784756369,0.013336703,0.00017786765
6480,0,1,-0.22932625,-0.21336472,-0.0423868720934135,0.18693937,0.03494633
6481,0,1,0.037421584,0.025778055,-0.0500113522180163,0.087432936,0.0076445183
6482,0,1,0.044939637,0.032626867,0.1095417940191159,0.06460216,0.004173439
6483,0,1,-0.111898065,-0.10776687,-0.0370238940339811,0.07487417,0.0056061414
6484,0,1,0.032131672,0.020953774,0.0859570778102984,0.05382541,0.0028971746
6485,0,1,-0.08923173,-0.0874176,-0.0435974609176463,0.04563427,0.0020824866
6486,0,1,0.038615465,0.02686596,0.1163412686641474,0.077725805,0.006041301
6487,0,1,-0.118335366,-0.11361468,-0.1055611695099849,0.012774199,0.00016318017
6488,0,1,0.09960103,0.08192837,0.0121849500174509,0.08741608,0.0076415716
6489,0,1,-0.016444445,-0.0234195,-0.0579532949635284,0.04150885,0.0017229846
6490,0,1,0.05276823,0.03974712,0.0047973400193646,0.04797089,0.0023012063
6491,0,1,-0.009149432,-0.016758204,-0.1082542022044663,0.09910477,0.009821755
6492,0,1,0.102244735,0.08427942,0.09707114333851,0.0051735938,2.6766073e-05
6493,0,1,-0.100069165,-0.09701812,-0.1538702174601904,0.053801045,0.0028945524
6494,0,1,0.14688993,0.12325144,0.283039348004279,0.13614944,0.018536668
6495,0,1,-0.27303052,-0.25169778,-0.2496146663235017,0.023415849,0.00054830196
6496,0,1,0.23951185,0.19650853,0.1607608793455102,0.07875097,0.0062017147
6497,0,1,-0.16017675,-0.1515162,-0.2174780282057058,0.057301268,0.0032834352
6498,0,1,0.20862162,0.17364109,0.3110297018202714,0.10240808,0.010487415
6499,0,1,-0.29825068,-0.2735362,-0.1881683504789453,0.11008233,0.012118119
6500,0,1,0.18026459,0.15113747,0.0600988416030403,0.12016575,0.014439807
6501,0,1,-0.06373978,-0.065036416,0.0046667411692493,0.068406515,0.004679451
6502,0,1,-0.009020686,-0.016640067,0.1041901599329309,0.11321085,0.012816696
6503,0,1,-0.106824994,-0.1031574,0.2064211700944629,0.31324616,0.098123156
6504,0,1,-0.20275056,-0.18974805,-0.0905455574031917,0.112205006,0.012589963
6505,0,1,0.08485031,0.06873953,0.0342552835090728,0.050595026,0.0025598567
6506,0,1,-0.038235426,-0.042666674,-0.1355690510341241,0.097333625,0.009473834
6507,0,1,0.12900949,0.1078316,0.1405373285875641,0.011527836,0.00013289101
6508,0,1,-0.14117551,-0.13433313,-0.2712182364373598,0.13004273,0.016911112
6509,0,1,0.26014388,0.21232355,0.1343826914705819,0.12576118,0.015815875
6510,0,1,-0.13537657,-0.12907803,-0.0372560330533562,0.09812054,0.00962764
6511,0,1,0.032360435,0.021162868,0.1652732302644277,0.1329128,0.017665813
6512,0,1,-0.16440499,-0.15533149,-0.1367452701744316,0.027659714,0.0007650598
6513,0,1,0.13015985,0.10883188,0.1439076264116978,0.013747767,0.00018900109
6514,0,1,-0.14434803,-0.13720584,0.1105843220746258,0.25493234,0.0649905
6515,0,1,-0.112885475,-0.108664274,0.0431306044319985,0.15601608,0.024341017
6516,0,1,-0.046996713,-0.05034411,-0.1069806333065399,0.059983924,0.0035980712
6517,0,1,0.10099459,0.08316839,0.1703686758774008,0.069374084,0.0048127635
6518,0,1,-0.16917372,-0.15963018,0.0072107562162428,0.17638448,0.031111484
6519,0,1,-0.0115327835,-0.018934608,-0.1622300137350463,0.15069723,0.022709655
6520,0,1,0.15504181,0.13018012,0.2573865260982722,0.10234472,0.010474442
6521,0,1,-0.24967837,-0.2312969,-0.2151093265076518,0.03456904,0.0011950185
6522,0,1,0.2063359,0.17187607,0.1430869035272681,0.06324899,0.004000435
6523,0,1,-0.14357579,-0.13650656,-0.1244397669110521,0.019136019,0.00036618722
6524,0,1,0.11811507,0.098305225,0.0055995516352964,0.11251552,0.012659742
6525,0,1,-0.009941697,-0.017481208,0.052948050594795,0.06288975,0.00395512
6526,0,1,-0.05668533,-0.058843136,-0.0855888686035484,0.028903536,0.0008354144
6527,0,1,0.07997656,0.06435907,0.0909951493501777,0.011018589,0.000121409306
6528,0,1,-0.09419429,-0.0917716,-0.0213477344740333,0.07284656,0.0053066215
6529,0,1,0.016662598,0.006828785,-0.0978273289535909,0.11448993,0.013107943
6530,0,1,0.09200609,0.07515156,0.173346595493302,0.08134051,0.006616278
6531,0,1,-0.17195821,-0.16213799,-0.242028311120485,0.0700701,0.0049098195
6532,0,1,0.23224056,0.19130409,0.1947636263761329,0.037476927,0.00140452
6533,0,1,-0.19192648,-0.18006968,-0.2084720775142281,0.016545594,0.00027375668
6534,0,1,0.19992578,0.16687644,0.0982253977174714,0.10170038,0.010342968
6535,0,1,-0.10116553,-0.098014,0.0176894337614159,0.11885497,0.014126504
6536,0,1,-0.021879911,-0.028365374,0.0688863146781477,0.09076623,0.008238508
6537,0,1,-0.07240653,-0.07264626,-0.0467842924675667,0.025622237,0.00065649906
6538,0,1,0.04175818,0.029729605,-0.0401662339605251,0.08192441,0.0067116087
6539,0,1,0.035231113,0.023781061,0.0886114735708401,0.053380363,0.0028494631
6540,0,1,-0.091846466,-0.089712024,-0.0523282745624085,0.039518192,0.0015616876
6541,0,1,0.047223806,0.034705877,-0.0439741886914968,0.091198,0.008317075
6542,0,1,0.038986802,0.02720511,-0.1303658402881351,0.16935264,0.028680315
6543,0,1,0.12391782,0.103390336,0.3000314434627069,0.17611364,0.031016013
6544,0,1,-0.28836572,-0.26500916,-0.369667981923393,0.081302255,0.006610057
6545,0,1,0.3525313,0.2778653,0.3595032114129977,0.0069718957,4.860733e-05
6546,0,1,-0.34141612,-0.3102671,-0.336063887615577,0.005352229,2.8646355e-05
6547,0,1,0.3213266,0.2582687,0.1919442314317516,0.12938239,0.016739802
6548,0,1,-0.18930376,-0.17772019,-0.1205897631910069,0.06871399,0.0047216127
6549,0,1,0.11434257,0.09498656,0.0186974984109773,0.09564507,0.009147979
6550,0,1,-0.02287507,-0.029234529,0.0143172674847431,0.037192337,0.0013832699
6551,0,1,-0.018550038,-0.025340796,0.1488643780898542,0.16741441,0.028027585
6552,0,1,-0.14900935,-0.14142454,-0.1327192878827046,0.016290054,0.00026536584
6553,0,1,0.12622154,0.10540271,0.1442539023063345,0.018032372,0.00032516645
6554,0,1,-0.1446737,-0.137501,-0.2135227571864719,0.06884906,0.0047401926
6555,0,1,0.20480478,0.1706878,0.5349858811979644,0.33018112,0.10901957
6556,0,1,-0.49164307,-0.425426,-0.4302524801181189,0.06139058,0.003768803
6557,0,1,0.4077896,0.31064165,0.3631688757057631,0.044620723,0.0019910089
6558,0,1,-0.3446529,-0.31298733,-0.3850087573974969,0.04035586,0.0016285955
6559,0,1,0.36665,0.28544223,0.3291799500800525,0.037470043,0.001404004
6560,0,1,-0.31449127,-0.28745425,-0.2509477575031102,0.06354353,0.00403778
6561,0,1,0.2407881,0.19740975,0.1852085279893904,0.055579573,0.003089089
6562,0,1,-0.18303049,-0.17209291,-0.3531965401364971,0.17016605,0.028956482
6563,0,1,0.3372823,0.2687229,0.2180663706184422,0.119215935,0.014212439
6564,0,1,-0.21353054,-0.19935358,-0.2614608268519298,0.0479303,0.0022973137
6565,0,1,0.2508396,0.20476711,0.2031182620877329,0.047721326,0.002277325
6566,0,1,-0.19968712,-0.18701172,-0.109283174252736,0.09040395,0.008172874
6567,0,1,0.1032542,0.08517671,0.1856221708757945,0.08236797,0.006784483
6568,0,1,-0.18341601,-0.17243922,-0.2936276318930357,0.11021161,0.0121466
6569,0,1,0.2814206,0.22913158,0.2991601984257166,0.017739624,0.00031469425
6570,0,1,-0.28758156,-0.2643305,-0.3318038534226433,0.044222295,0.0019556114
6571,0,1,0.31734502,0.25553715,0.3259499387167166,0.008604914,7.404455e-05
6572,0,1,-0.3116076,-0.2849915,-0.2897919204694583,0.021815687,0.00047592423
6573,0,1,0.27778828,0.22631371,0.342350581903198,0.06456229,0.0041682892
6574,0,1,-0.32621837,-0.29743123,-0.3362617712603026,0.010043412,0.00010087014
6575,0,1,0.32151163,0.2583946,0.4681902241432352,0.1466786,0.021514611
6576,0,1,-0.43563676,-0.38630056,-0.3625628257764723,0.07307392,0.0053397985
6577,0,1,0.3459648,0.27404082,0.3863033135746663,0.040338516,0.0016271959
6578,0,1,-0.36498868,-0.3299644,-0.3487629474666887,0.016225725,0.00026327415
6579,0,1,0.33316267,0.26610363,0.3631629015519813,0.03000024,0.00090001436
6580,0,1,-0.34464753,-0.31298304,-0.3468677941904405,0.002220273,4.9296123e-06
6581,0,1,0.33139932,0.26496542,0.2623636276503547,0.06903568,0.004765925
6582,0,1,-0.25422478,-0.23528302,-0.2789376375342671,0.02471286,0.0006107255
6583,0,1,0.2674886,0.21820414,0.3154522446332801,0.04796365,0.0023005116
6584,0,1,-0.30221617,-0.27694535,-0.4576924661572334,0.1554763,0.02417288
6585,0,1,0.43235242,0.32535756,0.4711096868716142,0.038757265,0.0015021255
6586,0,1,-0.43811607,-0.38806796,-0.3886609183936516,0.049455166,0.0024458135
6587,0,1,0.3699993,0.28709638,0.29185466870227,0.07814461,0.00610658
6588,0,1,-0.28099597,-0.25862396,-0.0723363161497725,0.20865965,0.04353885
6589,0,1,0.06693542,0.052592635,0.2288581003780494,0.16192268,0.026218954
6590,0,1,-0.22349155,-0.20819819,-0.3506082085752311,0.12711665,0.016158642
6591,0,1,0.33487785,0.26720178,0.2806960195891046,0.054181814,0.002935669
6592,0,1,-0.27090967,-0.24984908,-0.2735733325731695,0.002663672,7.0951482e-06
6593,0,1,0.26238644,0.2141267,0.2876487230999325,0.025262296,0.0006381836
6594,0,1,-0.27719784,-0.2553246,-0.1872420371972309,0.08995581,0.008092047
6595,0,1,0.17936528,0.15040481,0.0954343010878693,0.08393098,0.007044409
6596,0,1,-0.09851503,-0.095605135,-0.1285050674932506,0.029990032,0.000899402
6597,0,1,0.12209618,0.10179722,0.0784235732567413,0.043672606,0.0019072966
6598,0,1,-0.081808686,-0.08090174,-0.0080634154520136,0.07374527,0.0054383655
6599,0,1,0.0035487413,-0.0051549673,0.0823562696179864,0.078807525,0.006210626
6600,0,1,-0.08568382,-0.084303975,0.0717912950702079,0.15747511,0.024798412
6601,0,1,-0.07527101,-0.07516146,0.0255054479966807,0.10077646,0.010155894
6602,0,1,-0.029597402,-0.035107017,0.1398575223233567,0.16945492,0.02871497
6603,0,1,-0.14053535,-0.13375294,-0.1598752005841557,0.019339845,0.0003740296
6604,0,1,0.15274632,0.12823677,0.1493697450128954,0.0033765733,1.1401247e-05
6605,0,1,-0.14948452,-0.14185405,-0.0685678993374321,0.08091661,0.0065474985
6606,0,1,0.06322515,0.049233913,0.0524331773264363,0.010791972,0.00011646667
6607,0,1,-0.05617702,-0.05839765,0.0447232104772119,0.10090023,0.010180857
6608,0,1,-0.048568726,-0.051722407,-0.1942762477430064,0.14570752,0.02123068
6609,0,1,0.18618691,0.15593946,0.0388990832711426,0.14728783,0.021693705
6610,0,1,-0.042819858,-0.046682477,-0.0650492970300111,0.02222944,0.000494148
6611,0,1,0.059759498,0.046093345,-0.0292006824696924,0.08896018,0.007913914
6612,0,1,0.024412513,0.013908029,-0.0363648382306354,0.06077735,0.0036938863
6613,0,1,0.031481147,0.020360231,-0.00828760806117,0.039768755,0.001581554
6614,0,1,0.0037699938,-0.0049529076,0.0934873332864716,0.089717336,0.0080492
6615,0,1,-0.096648335,-0.093924046,-0.1674218617184601,0.07077353,0.005008892
6616,0,1,0.16009891,0.1344434,0.2018177588280754,0.041718856,0.001740463
6617,0,1,-0.19848037,-0.18593323,-0.2362123491274201,0.037731975,0.001423702
6618,0,1,0.2266568,0.18722928,0.1898402375597798,0.036816552,0.0013554585
6619,0,1,-0.18734515,-0.17596412,-0.1347001343178864,0.052645013,0.0027714975
6620,0,1,0.1281594,0.107091784,0.2592393982874739,0.13108,0.017181966
6621,0,1,-0.25137174,-0.23278224,-0.1174482720279228,0.13392347,0.017935496
6622,0,1,0.111263156,0.0922699,0.1690661448048318,0.05780299,0.0033411856
6623,0,1,-0.1679554,-0.1585319,0.1301688512806493,0.29812425,0.08887807
6624,0,1,-0.1314019,-0.12547386,-0.0016219004617812,0.12978,0.016842848
6625,0,1,-0.002810955,-0.010967374,0.0017448737283778,0.004555829,2.0755577e-05
6626,0,1,-0.006135583,-0.014004707,0.064863498513819,0.07099908,0.005040869
6627,0,1,-0.06843972,-0.06916261,0.036624600159868,0.10506432,0.011038511
6628,0,1,-0.04057491,-0.044715524,-0.1086080898508314,0.06803318,0.004628514
6629,0,1,0.10259175,0.08458817,0.0716488773888355,0.030942872,0.00095746137
6630,0,1,-0.07513058,-0.07503843,-0.2780740368467096,0.20294344,0.041186042
6631,0,1,0.266667,0.21755064,0.318740475328829,0.05207348,0.0027116472
6632,0,1,-0.3051616,-0.27947307,-0.3511353095081515,0.04597372,0.0021135828
6633,0,1,0.33536756,0.26751292,0.153580026769964,0.18178754,0.033046708
6634,0,1,-0.15343952,-0.14543068,-0.0202512949880222,0.13318823,0.017739106
6635,0,1,0.015580535,0.005839944,-0.0425917152458115,0.058172252,0.0033840109
6636,0,1,0.037623644,0.025961995,0.070747561124163,0.033123918,0.0010971939
6637,0,1,-0.07424188,-0.07425821,-0.1283232780787455,0.054081395,0.0029247974
6638,0,1,0.12191796,0.10164094,0.1773705379351657,0.05545257,0.0030749876
6639,0,1,-0.17571807,-0.16552162,-0.1579252669662101,0.017792806,0.00031658396
6640,0,1,0.15084553,0.1266222,0.2488456223419664,0.098000094,0.009604018
6641,0,1,-0.24186075,-0.22442544,-0.2222454592051757,0.019615293,0.0003847597
6642,0,1,0.21321833,0.17716253,0.1028892896553694,0.11032904,0.012172497
6643,0,1,-0.1055913,-0.10203636,-0.170029487153611,0.064438194,0.0041522807
6644,0,1,0.16263759,0.13657212,0.0851083232041496,0.07752927,0.006010787
6645,0,1,-0.088395596,-0.08668387,0.09678039616051,0.18517599,0.034290146
6646,0,1,-0.09979308,-0.09676707,-0.087240984717777,0.01255209,0.00015755497
6647,0,1,0.08160126,0.06582034,-0.00650787764082,0.08810914,0.007763221
6648,0,1,0.0020128489,-0.0065591335,0.160144568295302,0.15813172,0.02500564
6649,0,1,-0.15959895,-0.15099466,-0.1277098598605146,0.03188908,0.0010169134
6650,0,1,0.12131739,0.10111499,0.0382883714523101,0.08302902,0.006893818
6651,0,1,-0.042217135,-0.04615462,0.1887405189670341,0.23095766,0.05334144
6652,0,1,-0.18632138,-0.1750462,-0.0554147911751725,0.13090658,0.017136533
6653,0,1,0.050266147,0.037472963,-0.0598900499358288,0.11015619,0.012134387
6654,0,1,0.054676294,0.041480303,0.1394135726266869,0.08473727,0.0071804053
6655,0,1,-0.14011753,-0.1333741,-0.1193056061655741,0.020811923,0.00043313613
6656,0,1,0.11308384,0.09387672,0.1608890964495797,0.04780525,0.002285342
6657,0,1,-0.16029692,-0.15162492,-0.3018461235755276,0.1415492,0.020036176
6658,0,1,0.2891897,0.23507702,0.2162341823676505,0.07295552,0.0053225076
6659,0,1,-0.21183705,-0.19784701,-0.2640419392396593,0.052204877,0.0027253493
6660,0,1,0.25330317,0.2067784,0.2203344201251955,0.032968745,0.0010869381
6661,0,1,-0.21562648,-0.20121765,-0.0493838065731302,0.16624267,0.027636627
6662,0,1,0.04432106,0.03206384,0.0471704610191558,0.0028494,8.119081e-06
6663,0,1,-0.050983787,-0.053840637,-0.0876647709835876,0.03668098,0.0013454944
6664,0,1,0.08201742,0.06619501,0.048602665751722,0.033414755,0.0011165459
6665,0,1,-0.05239725,-0.05508077,0.0208590951648428,0.07325634,0.005366492
6666,0,1,-0.025009394,-0.03109777,0.0289123432825431,0.053921737,0.0029075537
6667,0,1,-0.03296113,-0.0380491,-0.1127245730548327,0.07976344,0.006362207
6668,0,1,0.1066308,0.08817184,0.107672280343658,0.0010414794,1.0846794e-06
6669,0,1,-0.110126615,-0.10615718,-0.2174087496871211,0.10728213,0.011509456
6670,0,1,0.2085551,0.17358959,0.3501015359892501,0.14154643,0.020035392
6671,0,1,-0.33309639,-0.3032533,-0.3798300185370078,0.046733648,0.0021840339
6672,0,1,0.36189306,0.28299415,0.470429931848457,0.10853687,0.011780252
6673,0,1,-0.43753922,-0.38765693,-0.3066148655451592,0.13092434,0.017141184
6674,0,1,0.29368913,0.2384671,0.1308782633809633,0.16281086,0.026507378
6675,0,1,-0.13207126,-0.12608063,-0.1572343340673994,0.025163084,0.0006331808
6676,0,1,0.15017152,0.12604928,0.0612665987086444,0.08890492,0.007904084
6677,0,1,-0.064891696,-0.06604791,-0.1291590119733996,0.06426732,0.004130289
6678,0,1,0.122736335,0.102357745,0.1670937736576287,0.044357434,0.001967582
6679,0,1,-0.16610968,-0.15686846,-0.2543990572546259,0.08828938,0.0077950144
6680,0,1,0.24409068,0.1997236,0.4159322253892237,0.17184156,0.029529523
6681,0,1,-0.39079535,-0.3512255,-0.3245269118451552,0.066268444,0.004391507
6682,0,1,0.31053078,0.25076163,0.3091588715905835,0.0013719201,1.8821648e-06
6683,0,1,-0.2965716,-0.27209115,-0.2658137203895407,0.030757904,0.00094604865
6684,0,1,0.25499332,0.20815432,0.352025640429298,0.09703231,0.009415269
6685,0,1,-0.33480096,-0.3046931,-0.2459361941429125,0.08886476,0.007896945
6686,0,1,0.23598826,0.19400084,0.1833716578024808,0.052616596,0.0027685063
6687,0,1,-0.18131828,-0.170555,-0.1606423821477536,0.020675898,0.00042749275
6688,0,0,0.15349424,0.1288706,-0.0428611399841343,0.19635537,0.038555432
6689,0,0,0.037889242,0.026204228,-0.1480639972892254,0.18595324,0.03457861
6690,0,0,0.14122236,0.11839557,-0.1700464765560603,0.31126884,0.09688829
6691,0,0,0.16265428,0.13658631,-0.2610029473296338,0.42365724,0.17948546
6692,0,0,0.25040233,0.20440948,-0.3271344624103909,0.5775368,0.33354878
6693,0,0,0.3129741,0.2524885,-0.3271006155818401,0.64007473,0.40969566
6694,0,0,0.31294262,0.25246608,-0.4814978673768371,0.7944405,0.6311357
6695,0,0,0.4534074,0.3292948,-0.4621945572879062,0.91560197,0.838327
6696,1,0,-0.48224998,0.32658398,-0.5715126995885853,0.089262724,0.007967833
6697,1,0,-0.6036148,0.25505126,-0.512674264828985,0.090940535,0.008270181
6698,1,0,-0.53839004,0.32362235,-0.5105752901635823,0.027814746,0.0007736601
6699,1,0,-0.5360588,0.32443655,-0.6206245229152947,0.08456576,0.0071513676
6700,1,0,-0.6578225,0.13346958,-0.8599904321348272,0.20216793,0.04087187
6701,1,0,-0.914561,-0.53094625,-0.8265422249401437,0.088018775,0.0077473046
6702,1,0,-0.8802103,-0.45201707,-0.7961058468522273,0.08410442,0.0070735533
6703,1,0,-0.8479177,-0.37479925,-0.9024006488295558,0.054482996,0.002968397
6704,1,0,-0.9562361,-0.6220796,-0.925497479056502,0.030738652,0.0009448647
6705,1,0,-0.9788169,-0.66765976,-0.8155746422672636,0.16324228,0.026648043
6706,1,0,-0.86858886,-0.4247744,-1.0301143183803152,0.16152543,0.026090464
6707,1,0,-1.079973,-0.84240425,-0.99663236872497,0.083340585,0.0069456534
6708,1,0,-1.047809,-0.7916821,-1.0126982494567762,0.035110712,0.0012327621
6709,1,0,-1.0632684,-0.8165827,-0.9541064123902124,0.10916203,0.01191635
6710,1,0,-1.0066674,-0.7203852,-1.1618521351316122,0.15518475,0.024082305
6711,1,0,-1.2043805,-0.9891582,-1.2384369775965005,0.034056425,0.0011598401
6712,1,0,-1.2740684,-1.0508175,-1.261941934806431,0.012126446,0.00014705068
6713,1,0,-1.2950964,-1.0618055,-1.0818633064319396,0.21323311,0.04546836
6714,1,0,-1.1292675,-0.9073484,-0.9909001172293678,0.13836735,0.019145524
6715,1,0,-1.0422819,-0.7825372,-0.9255918100961468,0.11669004,0.013616566
6716,1,0,-0.9789089,-0.6678405,-0.9404124798851738,0.038496435,0.0014819754
6717,1,0,-0.99335307,-0.69564855,-1.043377527395171,0.05002445,0.0025024456
6718,1,0,-1.0926567,-0.8612895,-0.96618653462103,0.12647021,0.015994713
6719,1,0,-1.0183859,-0.7414681,-0.857617523507947,0.16076839,0.025846476
6720,1,0,-0.9122214,-0.5255537,-0.955593508437124,0.043372154,0.0018811438
6721,1,0,-1.008111,-0.723017,-0.8809730719690537,0.1271379,0.016164046
6722,1,0,-0.93521327,-0.5772662,-0.9261894216201606,0.009023845,8.142978e-05
6723,1,0,-0.97949183,-0.6689825,-0.956502552847464,0.022989273,0.0005285067
6724,1,0,-1.0089937,-0.72462094,-1.0474475823816864,0.038453817,0.0014786961
6725,1,0,-1.0965424,-0.86683184,-0.9878104797211932,0.108731866,0.011822619
6726,1,0,-1.0393003,-0.7775496,-0.9413355787395852,0.09796476,0.009597095
6727,1,0,-0.9942517,-0.69734395,-0.810156638097784,0.18409508,0.033891
6728,1,0,-0.86284137,-0.41107237,-0.8148538716859324,0.04798752,0.0023028022
6729,1,0,-0.8678245,-0.422961,-0.7072637130419743,0.16056079,0.025779767
6730,1,0,-0.7527698,-0.122476935,-0.8495183563848121,0.09674853,0.009360278
6731,1,0,-0.90423024,-0.5069101,-0.7499165533153316,0.15431368,0.023812713
6732,1,0,-0.7986784,-0.24863839,-0.8365075438534135,0.03782916,0.0014310454
6733,1,0,-0.8907545,-0.47618914,-0.8029594883989395,0.08779502,0.0077079656
6734,1,0,-0.8552006,-0.39262438,-0.6362893978561728,0.21891117,0.0479221
6735,1,0,-0.6750592,0.08961868,-0.6370410744630892,0.038018107,0.0014453765
6736,1,0,-0.6758853,0.0874697,-0.4937023037572683,0.18218303,0.033190656
6737,1,0,-0.51730716,0.3286606,-0.4084415376820638,0.10886562,0.011851723
6738,1,0,-0.42235005,0.29541576,-0.3720555714089488,0.05029449,0.0025295357
6739,1,0,-0.38176584,0.2791077,-0.1638799729666387,0.21788587,0.04747425
6740,1,0,-0.15006316,0.13153851,-0.1646134138398911,0.014550254,0.00021170988
6741,1,0,-0.15087545,0.13214076,-0.2396497072287386,0.088774264,0.00788087
6742,1,0,-0.23418295,0.18964612,-0.2697895736416724,0.035606623,0.0012678315
6743,1,0,-0.2677344,0.21122491,-0.2549950785195705,0.0127393305,0.00016229054
6744,1,0,-0.2512604,0.20012009,-0.0536671621662541,0.19759324,0.039043088
6745,1,0,-0.02857101,0.035906672,-0.0615720728802389,0.03300106,0.0010890701
6746,1,0,-0.037241817,0.042984605,-0.1361542282114252,0.09891242,0.009783667
6747,1,0,-0.119387984,0.10832977,-0.1690154497768126,0.049627468,0.0024628856
6748,1,0,-0.15575194,0.13574553,-0.2004143719940678,0.04466243,0.0019947328
6749,1,0,-0.19057667,0.16070783,-0.210507601398076,0.019930929,0.00039724194
6750,1,0,-0.20178568,0.16841781,-0.2092099693335891,0.00742428,5.5119934e-05
6751,1,0,-0.2003442,0.16743624,-0.1648638038053398,0.035480395,0.0012588585
6752,1,0,-0.15115285,0.13234675,-0.2314359485421206,0.080283105,0.006445377
6753,1,0,-0.22504699,0.18383038,-0.2463993740474566,0.02135238,0.00045592416
6754,1,0,-0.24169302,0.19431841,-0.3348972207174874,0.0932042,0.008687023
6755,1,0,-0.34031463,0.25752556,-0.2949052285052347,0.04540941,0.0020620145
6756,1,0,-0.29571974,0.23006403,-0.2250110045980344,0.07070874,0.0049997256
6757,1,0,-0.21790302,0.17918646,-0.2132160466557942,0.0046869665,2.1967655e-05
6758,1,0,-0.20479465,0.17045748,-0.2663082057024706,0.061513573,0.0037839196
6759,1,0,-0.2638569,0.20853722,-0.4281300471747096,0.16427317,0.026985675
6760,1,0,-0.44430006,0.30925167,-0.4955158549167098,0.051215798,0.002623058
6761,1,0,-0.5193232,0.32839835,-0.2631392753998598,0.25618395,0.06563022
6762,1,0,-0.26032817,0.20607531,-0.2425366906905561,0.01779148,0.00031653675
6763,1,0,-0.23739505,0.19165671,-0.174735327459401,0.062659726,0.0039262413
6764,1,0,-0.16209054,0.14039254,-0.1109173373514773,0.051173203,0.0026186968
6765,1,0,-0.091527104,0.08659983,-0.2539852117586256,0.16245812,0.02639264
6766,1,0,-0.25013602,0.19944704,-0.2080035599965066,0.042132452,0.0017751436
6767,1,0,-0.19900429,0.16652071,-0.0955236465512849,0.103480645,0.010708244
6768,1,0,-0.07456374,0.07312572,0.0487330448544691,0.12329678,0.015202097
6769,1,0,0.08299923,-0.0551939,-0.0929589654266427,0.17595819,0.030961283
6770,1,0,-0.07174003,0.070867896,-0.113143695854089,0.041403666,0.0017142636
6771,1,0,-0.09398258,0.088536024,-0.0488053128788759,0.045177266,0.0020409853
6772,1,0,-0.023242116,0.031544566,-0.0949160356031222,0.07167392,0.005137151
6773,1,0,-0.07389498,0.072591305,-0.0175259823976983,0.056368995,0.0031774635
6774,1,0,0.010971308,0.00338161,0.1690779743338823,0.15810667,0.024997719
6775,1,0,0.21200049,-0.15854228,0.1806842258292678,0.031316265,0.0009807085
6776,1,0,0.22430193,-0.16830277,0.1316545080282565,0.09264743,0.008583547
6777,1,0,0.17216146,-0.12674522,0.0429308086911612,0.12923065,0.01670056
6778,1,0,0.07671797,-0.050171256,0.0131481772683168,0.0635698,0.0040411195
6779,1,0,0.044395447,-0.024287462,-0.1704844318313922,0.21487989,0.046173364
6780,1,1,-0.15737939,0.13694227,-0.0215993257006434,0.13578007,0.018436227
6781,1,1,0.0065231323,0.0070558786,0.034913389569219,0.028390259,0.0008060068
6782,1,1,0.06802988,-0.04323542,0.0453989561827767,0.022630922,0.0005121587
6783,1,1,0.079390645,-0.052307367,-0.0057462725333847,0.08513692,0.007248295
6784,1,1,0.023822784,-0.0072464943,-0.0281500973823474,0.05197288,0.0027011803
6785,1,1,-0.0006351471,0.0129618645,-0.0647881230055449,0.06415298,0.004115605
6786,1,1,-0.040771246,0.045859337,-0.0495566068383444,0.00878536,7.718254e-05
6787,1,1,-0.024065495,0.032219052,-0.0494631141364148,0.025397621,0.00064503914
6788,1,1,-0.023962855,0.03213501,0.0234662933947498,0.047429148,0.002249524
6789,1,1,0.05560851,-0.03334689,0.0016244095374122,0.0539841,0.0029142832
6790,1,1,0.031853795,-0.013895869,-0.0576534319460217,0.08950722,0.008011543
6791,1,1,-0.032942653,0.03947878,0.0257699379847924,0.05871259,0.0034471683
6792,1,1,0.05810964,-0.035335302,-0.1315661638704917,0.18967581,0.035976913
6793,1,1,-0.11431849,0.10441756,0.0853462695246956,0.19966476,0.039866015
6794,1,1,0.12251139,-0.086889386,-0.1167483966373337,0.23925978,0.057245243
6795,1,1,-0.09795904,0.0916636,0.158533379550158,0.25649244,0.06578837
6796,1,1,0.2008022,-0.14963055,0.0006042034196169,0.20019801,0.040079243
6797,1,1,0.030742884,-0.012975574,0.1848451609794021,0.15410228,0.023747513
6798,1,1,0.22870553,-0.17178893,-0.1089406630292981,0.3376462,0.11400495
6799,1,1,-0.0893476,0.084878206,0.114589002105129,0.2039366,0.04159014
6800,1,1,0.15390837,-0.11210883,-0.0200662943508067,0.17397466,0.030267183
6801,1,1,0.008197546,0.0056732893,0.0298328804545349,0.021635335,0.00046808773
6802,1,1,0.06251931,-0.038844585,0.0557946554249453,0.0067246556,4.5220993e-05
6803,1,1,0.09063697,-0.061308622,0.1652194243638549,0.07458246,0.005562543
6804,1,1,0.20790541,-0.15528607,-0.2197947743690615,0.4277002,0.18292746
6805,1,1,-0.21210468,0.17535746,0.3540752263829916,0.5661799,0.32055965
6806,1,1,0.40468967,-0.30622458,-0.4320062587386626,0.8366959,0.70006007
6807,1,1,-0.44862044,0.3117739,0.6245759763282741,1.0731964,1.1517506
6808,1,1,0.67138875,-0.47385323,-0.480715898568042,1.1521046,1.327345
6809,0,1,0.45271957,0.32927072,0.5296274864634027,0.07690793,0.00591483
6810,0,1,-0.48720622,-0.4223858,-0.3058384402704306,0.18136778,0.032894272
6811,0,1,0.2929572,0.2379185,0.24820811978538,0.044749066,0.002002479
6812,0,1,-0.24127638,-0.2239114,-0.3099083421320168,0.06863195,0.004710344
6813,0,1,0.29679286,0.24078119,0.1939832131131671,0.10280965,0.010569825
6814,0,1,-0.19120061,-0.17941952,-0.1780643174205518,0.013136297,0.00017256232
6815,0,1,0.170452,0.14307845,0.0685240819427386,0.101927914,0.010389299
6816,0,1,-0.07204962,-0.07233238,-0.0901859198775232,0.0181363,0.00032892538
6817,0,1,0.08449662,0.06842196,0.1499923158825025,0.0654957,0.0042896867
6818,0,1,-0.15006936,-0.14238358,0.0046343526046657,0.1547037,0.023933237
6819,0,1,-0.008988857,-0.016610742,0.095164243925591,0.104153104,0.010847869
6820,0,1,-0.09825802,-0.09537196,-0.0298720612702823,0.06838596,0.0046766396
6821,0,1,0.025075078,0.014513135,0.0208480167783011,0.004227061,1.7868044e-05
6822,0,1,-0.024998307,-0.031088471,-0.0214509391352741,0.0035473686,1.2583824e-05
6823,0,1,0.016764522,0.006921768,-0.0540332051255045,0.07079773,0.005012318
6824,0,1,0.048904657,0.036234617,-0.0512184747497177,0.10012314,0.010024643
6825,0,1,0.046129942,0.0337106,-0.0299938042970844,0.076123744,0.0057948246
6826,0,1,0.025195241,0.014622331,-0.1188231516910924,0.14401838,0.020741295
6827,0,1,0.112610936,0.093459725,0.2837794178108865,0.17116848,0.029298646
6828,0,1,-0.2737,-0.25228095,-0.3347244042868913,0.061024398,0.0037239771
6829,0,1,0.32007563,0.2574147,0.2632992564799659,0.056776375,0.0032235568
6830,0,1,-0.2550788,-0.23603082,-0.159283132629044,0.09579566,0.009176808
6831,0,1,0.15216911,0.12774694,0.1323364222503404,0.019832686,0.00039333542
6832,0,1,-0.13344693,-0.12732863,-0.1790685549087749,0.04562162,0.002081332
6833,0,1,0.17142808,0.14388573,-0.0893185080778899,0.2607466,0.06798879
6834,0,1,0.083643794,0.06765652,0.1333739102292852,0.049730122,0.002473085
6835,0,1,-0.13442552,-0.12821579,-0.2174861322934427,0.08306061,0.0068990644
6836,0,1,0.20862949,0.17364728,0.2215989253176638,0.012969434,0.00016820623
6837,0,1,-0.21679437,-0.20225513,-0.3161342423234348,0.09933987,0.00986841
6838,0,1,0.30265152,0.2450906,0.2944141793208061,0.008237332,6.785364e-05
6839,0,1,-0.2833047,-0.26062644,-0.2937019765711421,0.010397285,0.00010810354
6840,0,1,0.2814914,0.2291857,0.3000445446537079,0.018553138,0.00034421892
6841,0,1,-0.28837764,-0.26501906,-0.3141789690260257,0.02580133,0.0006657087
6842,0,1,0.30081284,0.24374688,0.4460150830213967,0.14520225,0.021083694
6843,0,1,-0.41671634,-0.37192452,-0.3951354811670688,0.021580845,0.00046573288
6844,0,1,0.3759247,0.28987777,0.3313906613270252,0.044534057,0.0019832822
6845,0,1,-0.316463,-0.2891358,-0.0954139098983057,0.22104909,0.0488627
6846,0,1,0.089634776,0.07302964,-0.0329915765216348,0.12262635,0.015037222
6847,0,1,0.0281533,0.017322898,0.0306566181353939,0.0025033187,6.2666045e-06
6848,0,1,-0.03468311,-0.039556146,0.0649427010990881,0.09962581,0.009925302
6849,0,1,-0.068517566,-0.06923115,-0.1442782621491909,0.07576069,0.0057396824
6850,0,1,0.13752425,0.11521053,0.0585485071815348,0.07897574,0.006237167
6851,0,1,-0.062211156,-0.06369352,-0.1257043798699795,0.06349322,0.004031389
6852,0,1,0.11935341,0.09939301,0.1795142557530662,0.060160846,0.0036193274
6853,0,1,-0.17771924,-0.16732097,0.0092359781702113,0.18695521,0.034952253
6854,0,1,-0.013532639,-0.020760655,-0.0067962967555299,0.006736342,4.5378303e-05
6855,0,1,0.0022974014,-0.006298542,0.151571668457308,0.14927426,0.022282805
6856,0,1,-0.15155327,-0.14372492,-0.2825701861848972,0.13101691,0.01716543
6857,0,1,0.270939,0.22094,0.2258546839280877,0.045084313,0.0020325952
6858,0,1,-0.2207222,-0.20574224,-0.1901813287798961,0.030540869,0.00093274465
6859,0,1,0.18221676,0.15272653,0.2584742551581438,0.0762575,0.0058152056
6860,0,1,-0.2506727,-0.23216903,-0.2190620616740479,0.031610638,0.0009992324
6861,0,1,0.2101494,0.17481554,0.4179752455348711,0.20782584,0.04319158
6862,0,1,-0.3925649,-0.3526715,-0.2882193449426933,0.10434556,0.010887996
6863,0,1,0.27629817,0.2251507,0.2770166147217108,0.0007184446,5.1616263e-07
6864,0,1,-0.26757157,-0.24694073,-0.1891051473146663,0.078466415,0.006156978
6865,0,1,0.18117297,0.15187824,0.2630407347090029,0.081867754,0.006702329
6866,0,1,-0.25484264,-0.23582423,-0.3587747152885387,0.10393208,0.010801878
6867,0,1,0.3424567,0.27192628,0.3129716619712945,0.029485047,0.00086936797
6868,0,1,-0.29999244,-0.27503455,-0.3097838313252359,0.009791404,9.587159e-05
6869,0,1,0.29667556,0.24069417,0.2672587931847341,0.02941677,0.00086534634
6870,0,1,-0.25869036,-0.23919058,-0.3192626657991615,0.060572296,0.003669003
6871,0,1,0.3055905,0.24722421,0.294573785906455,0.0110167265,0.00012136826
6872,0,1,-0.28344846,-0.2607516,-0.1699911139203553,0.11345734,0.012872567
6873,0,1,0.16259992,0.13654065,0.2548170955138784,0.09221718,0.008504008
6874,0,1,-0.2473284,-0.22923398,-0.1635242669565602,0.08380413,0.0070231324
6875,0,1,0.15630305,0.13124573,-0.046312152485606,0.2026152,0.04105292
6876,0,1,0.04129255,0.029305577,-0.0870854944791399,0.12837803,0.016480919
6877,0,1,0.08144808,0.065683484,0.2660780433603065,0.18462998,0.034088228
6878,0,1,-0.25761354,-0.23824906,-0.2901767245134057,0.03256318,0.0010603607
6879,0,1,0.27815306,0.22659719,0.1942318120724191,0.08392125,0.007042777
6880,0,1,-0.19143176,-0.17962682,-0.1050815780121958,0.08635018,0.0074563534
6881,0,1,0.09913027,0.081508875,0.2370898578404163,0.13795958,0.019032847
6882,0,1,-0.23106909,-0.21490586,-0.1236908060618162,0.10737828,0.011530096
6883,0,1,0.11738098,0.09766042,0.2368150355716503,0.11943406,0.014264494
6884,0,1,-0.23081613,-0.2146827,-0.147459196285085,0.08335693,0.006948378
6885,0,1,0.14063156,0.1178875,0.3053311418293083,0.16469958,0.027125953
6886,0,1,-0.29313362,-0.2691269,-0.2909937493904151,0.0021398664,4.579028e-06
6887,0,1,0.27892697,0.22719944,0.2608426775729537,0.018084288,0.00032704146
6888,0,1,-0.2528361,-0.23406625,-0.1689690901960134,0.08386701,0.007033676
6889,0,1,0.16160548,0.1357069,0.0990964411300208,0.06250904,0.0039073797
6890,0,1,-0.10199225,-0.09876561,-0.2487548887120694,0.14676264,0.021539273
6891,0,1,0.23868859,0.19592464,0.3101509697675577,0.07146239,0.005106874
6892,0,1,-0.29746222,-0.2728578,-0.2334423292781691,0.06401989,0.004098546
6893,0,1,0.22399485,0.18526399,0.2223526736447596,0.0016421825,2.6967632e-06
6894,0,1,-0.21749067,-0.20287347,-0.089076738606624,0.12841395,0.01649014
6895,0,1,0.08340609,0.067442894,0.0419699732709235,0.041436117,0.0017169518
6896,0,1,-0.04585111,-0.049339533,0.0798971230735687,0.12574823,0.015812619
6897,0,1,-0.083260775,-0.08217645,0.0341322926219138,0.11739307,0.013781132
6898,0,1,-0.038114548,-0.04256022,-0.2136160422067909,0.1755015,0.030800775
6899,0,1,0.20489466,0.17075789,0.1243780277364585,0.08051664,0.0064829285
6900,0,1,-0.12593436,-0.12051296,-0.0700838773854128,0.055850483,0.0031192766
6901,0,1,0.06471789,0.05058551,0.1052537635623254,0.040535875,0.0016431571
6902,0,1,-0.107833624,-0.104074,0.0163192730594203,0.1241529,0.015413942
6903,0,1,-0.020526528,-0.02714479,-0.0613751264490916,0.040848598,0.0016686079
6904,0,1,0.056139708,0.04280901,0.1290310336740603,0.072891325,0.005313145
6905,0,1,-0.13032866,-0.124500036,-0.021353995159286,0.10897466,0.011875476
6906,0,1,0.016668797,0.006834507,0.0232491793446389,0.0065803826,4.3301436e-05
6907,0,1,-0.0273695,-0.033159733,0.0811359256280581,0.10850543,0.011773428
6908,0,1,-0.0844816,-0.08324802,0.1092424795458151,0.19372407,0.037529014
6909,0,1,-0.11161423,-0.10750902,-0.0756378884289863,0.035976335,0.0012942967
6910,0,1,0.07018542,0.055530667,0.01731246310368,0.05287296,0.0027955498
6911,0,1,-0.02150774,-0.028039813,-0.0430351414708827,0.021527402,0.00046342905
6912,0,1,0.03806126,0.02636075,-0.0857691547744308,0.123830415,0.015333972
6913,0,1,0.080153584,0.06451869,0.066832917736519,0.0133206695,0.00017744023
6914,0,1,-0.070382,-0.07086825,-0.1036056937963785,0.033223696,0.001103814
6915,0,1,0.097681284,0.080218196,-0.0546495788436649,0.15233086,0.023204692
6916,0,1,0.04951203,0.036787152,0.1379347112732205,0.088422686,0.007818571
6917,0,1,-0.13872421,-0.13211203,-0.0217177066847751,0.1170065,0.013690522
6918,0,1,0.017027974,0.00716269,0.1160997691964771,0.09907179,0.00981522
6919,0,1,-0.11810732,-0.113407254,-0.106711274426863,0.011396043,0.00012986979
6920,0,1,0.10073054,0.08293247,0.1967421186623619,0.09601158,0.009218223
6921,0,1,-0.1937654,-0.18171644,-0.1153552841287397,0.07841012,0.006148147
6922,0,1,0.10921085,0.09045601,0.3343262465802266,0.22511539,0.05067694
6923,0,1,-0.3190794,-0.2913649,-0.2217319766011956,0.09734742,0.009476521
6924,0,1,0.21272314,0.17678535,0.1619427065726018,0.05078043,0.0025786522
6925,0,1,-0.16128433,-0.15251637,-0.1743181488089342,0.013033822,0.00016988051
6926,0,1,0.16680992,0.14005542,0.1004196847684595,0.06639023,0.004407663
6927,0,1,-0.10324824,-0.09990692,0.0266334092119944,0.12988165,0.016869243
6928,0,1,-0.030711055,-0.036080956,-0.0923975135784582,0.061686456,0.003805219
6929,0,1,0.08667064,0.07037306,0.0136447962442669,0.07302584,0.005332773
6930,0,1,-0.017886043,-0.024734378,0.2572641984217145,0.27515024,0.07570765
6931,0,1,-0.24956667,-0.2311989,-0.4649565733168834,0.2153899,0.046392813
6932,0,1,0.43880308,0.32722986,0.4047480889985209,0.034054995,0.0011597427
6933,0,1,-0.38108563,-0.3432635,-0.4440609733907472,0.06297535,0.003965894
6934,0,1,0.42018878,0.31911814,0.3906386055268924,0.029550165,0.00087321224
6935,0,1,-0.36878133,-0.33310878,-0.4909351177178818,0.12215379,0.014921548
6936,0,1,0.46168602,0.32897532,0.4249949940283428,0.03669101,0.0013462302
6937,0,1,-0.39863455,-0.35762036,-0.3484929089873994,0.050141633,0.0025141833
6938,0,1,0.33291113,0.26594245,0.2597610324417394,0.0731501,0.0053509367
6939,0,1,-0.25184846,-0.23320067,-0.3274703925771023,0.07562193,0.005718677
6940,0,1,0.31328905,0.2527095,0.4427300529591143,0.129441,0.01675497
6941,0,1,-0.41389954,-0.3697176,-0.3716088491065812,0.042290688,0.0017885022
6942,0,1,0.35432208,0.27887714,0.3230663796741753,0.031255692,0.0009769183
6943,0,1,-0.30903113,-0.28278792,-0.2977394930077484,0.011291623,0.00012750075
6944,0,1,0.2853099,0.23212206,0.2177975972321089,0.06751232,0.004557913
6945,0,1,-0.21328235,-0.19913232,-0.0818360254510157,0.13144633,0.017278139
6946,0,1,0.076284885,0.06103468,0.0827997976931111,0.0065149143,4.244411e-05
6947,0,1,-0.08612108,-0.08468723,-0.1240476089954678,0.037926525,0.0014384213
6948,0,1,0.11773062,0.097967744,0.197768986706514,0.08003837,0.0064061405
6949,0,1,-0.19471979,-0.18257082,-0.1930649095339267,0.0016548783,2.738622e-06
6950,0,1,0.18501294,0.15499151,0.3531681320820847,0.1681552,0.02827617
6951,0,1,-0.3358128,-0.30554712,-0.2320517344981651,0.10376108,0.010766361
6952,0,1,0.22265804,0.18427122,0.2782641073698515,0.055606067,0.0030920347
6953,0,1,-0.26870525,-0.24792802,-0.3309068868272913,0.06220165,0.003869045
6954,0,1,0.3165058,0.25495613,0.0722616940353726,0.2442441,0.05965518
6955,0,1,-0.075734735,-0.07556856,-0.2872870496103326,0.21155232,0.044754386
6956,0,1,0.2754146,0.22445977,0.3895648235737388,0.114150226,0.013030274
6957,0,1,-0.36784267,-0.33233142,-0.2618413410298497,0.10600135,0.011236286
6958,0,1,0.2512027,0.20506465,0.158761953047841,0.092440754,0.0085452935
6959,0,1,-0.1583023,-0.1498245,-0.1611932573705585,0.0028909445,8.35756e-06
6960,0,1,0.15403116,0.12932563,-0.0634192841576024,0.21745044,0.047284693
6961,0,1,0.05815351,0.04463637,-0.0223580042084565,0.08051151,0.0064821034
6962,0,1,0.017659783,0.0077399015,0.0387227466914128,0.021062963,0.0004436484
6963,0,1,-0.04264593,-0.04652977,0.0116864846513773,0.054332417,0.0029520115
6964,0,1,-0.01595223,-0.022969961,-0.0034181613867678,0.012534068,0.00015710286
6965,0,1,-0.0010374784,-0.009346843,0.0272519995221189,0.028289478,0.00080029457
6966,0,1,-0.031321883,-0.036615014,-0.039239060481059,0.007917177,6.268169e-05
6967,0,1,0.03431678,0.022946954,-0.0127323645163206,0.047049142,0.0022136217
6968,0,1,0.0081579685,-0.00094246864,0.031732163315556,0.023574196,0.0005557427
6969,0,1,-0.035745025,-0.04048562,-0.0570439240516287,0.0212989,0.00045364315
6970,0,1,0.051871896,0.038932443,-0.0557290239860281,0.10760092,0.011577958
6971,0,1,0.05057609,0.03775406,0.0688449032885587,0.018268816,0.00033374963
6972,0,1,-0.07236588,-0.07261038,-0.1406906398271998,0.06832476,0.0046682726
6973,0,1,0.13401783,0.11217904,0.2269840176571815,0.0929662,0.0086427145
6974,0,1,-0.22176361,-0.20666659,-0.1979160637954893,0.02384755,0.00056870567
6975,0,1,0.18971312,0.15877426,0.0760822661787448,0.11363085,0.012911971
6976,0,1,-0.07950115,-0.07887554,0.1033128479233598,0.182814,0.033420958
6977,0,1,-0.10599339,-0.102401614,-0.1445758894854207,0.038582504,0.0014886096
6978,0,1,0.13781536,0.11546135,0.1349986262307865,0.0028167367,7.934005e-06
6979,0,1,-0.13595712,-0.12960434,-0.1538919447822422,0.017934829,0.0003216581
6980,0,1,0.14691126,0.12326968,0.0522344229170186,0.09467684,0.008963703
6981,0,1,-0.05598092,-0.05822563,-0.1295882206599559,0.073607296,0.005418034
6982,0,1,0.123156905,0.10272527,0.1936066647330248,0.070449755,0.004963168
6983,0,1,-0.1908505,-0.17910588,-0.3014583567400872,0.11060786,0.012234099
6984,0,1,0.2888235,0.23479974,0.1974956659685476,0.091327816,0.00834077
6985,0,1,-0.194466,-0.18234313,-0.3261671189725728,0.13170111,0.017345183
6986,0,1,0.31206787,0.25184977,0.2292174329629175,0.08285043,0.0068641934
6987,0,1,-0.223822,-0.2084918,-0.2373873070501184,0.013565317,0.00018401782
6988,0,1,0.22778547,0.18805897,0.2658576722466639,0.0380722,0.0014494923
6989,0,1,-0.25741303,-0.2380737,-0.3618619295454033,0.104448915,0.010909576
6990,0,1,0.3453158,0.27365363,0.1426589616713478,0.20265685,0.0410698
6991,0,1,-0.1431731,-0.13614178,-0.0546460290814629,0.08852707,0.007837042
6992,0,1,0.04950881,0.036784053,0.2047552757269455,0.15524647,0.024101466
6993,0,1,-0.20120549,-0.18836868,-0.2426154793853676,0.041409984,0.0017147867
6994,0,1,0.2328037,0.1917113,0.2478144319706208,0.015010729,0.000225322
6995,0,1,-0.2409153,-0.22359335,-0.2266342393415032,0.014281064,0.0002039488
6996,0,1,0.2174455,0.18036687,0.1973042841801342,0.020141214,0.0004056685
6997,0,1,-0.19428813,-0.18218398,-0.1230156758462037,0.071272455,0.005079763
6998,0,1,0.11671972,0.0970788,0.0088338496120745,0.107885875,0.011639362
6999,0,1,-0.013135314,-0.02039802,0.0792247794428242,0.092360094,0.008530387
7000,0,1,-0.08259833,-0.08159518,-0.0819610628416913,0.00063726306,4.0610422e-07
7001,0,1,0.07640755,0.061145425,0.1178206828485037,0.04141313,0.0017150472
7002,0,1,-0.11973584,-0.114885926,-0.2508171063371109,0.13108128,0.017182304
7003,0,1,0.24066341,0.1973213,0.1888995187950424,0.051763892,0.0026795005
7004,0,1,-0.18646955,-0.17517853,-0.1127020523889739,0.073767506,0.0054416447
7005,0,1,0.10660875,0.08815265,0.0174567880547549,0.08915196,0.007948073
7006,0,1,-0.021649957,-0.028164625,0.0707655472499644,0.092415504,0.008540626
7007,0,1,-0.07425964,-0.07427311,-0.1048257256745059,0.030566089,0.0009342858
7008,0,1,0.09887898,0.08128536,-0.098717026580761,0.19759601,0.039044183
7009,0,1,0.09288013,0.0759331,0.1408780564854415,0.04799792,0.0023038005
7010,0,1,-0.14149618,-0.13462365,-0.0731916176611309,0.06830456,0.004665513
7011,0,1,0.067777395,0.053353906,0.0514960851881221,0.01628131,0.00026508106
7012,0,1,-0.05525267,-0.057585955,-0.0565987888899406,0.0013461187,1.8120356e-06
7013,0,1,0.051433086,0.038534164,0.1841116229311021,0.13267854,0.017603595
7014,0,1,-0.18200791,-0.17117512,-0.2221766958783311,0.040168792,0.0016135318
7015,0,1,0.21315181,0.17711174,-0.0772051853213224,0.290357,0.08430719
7016,0,1,0.07172811,0.056924462,0.1178022495630271,0.046074137,0.0021228262
7017,0,1,-0.119717956,-0.11486995,0.0967409747667897,0.21645893,0.04685447
7018,0,1,-0.09975588,-0.09673309,-0.0022821550770961,0.097473726,0.0095011275
7019,0,1,-0.0021592379,-0.010371685,0.2215219691912209,0.22368121,0.050033286
7020,0,1,-0.21672368,-0.2021923,-0.3807770668301071,0.16405338,0.026913512
7021,0,1,0.36276376,0.28345072,0.2299585387868703,0.13280523,0.017637229
7022,0,1,-0.22450483,-0.20909667,-0.2531418968182661,0.028637081,0.00082008244
7023,0,1,0.24288833,0.19888389,0.1995987142334316,0.043289617,0.0018739909
7024,0,1,-0.19642007,-0.18409133,-0.2011194241497493,0.0046993494,2.2083885e-05
7025,0,1,0.19281447,0.1612519,0.0944328914281096,0.09838158,0.009678935
7026,0,1,-0.097563624,-0.09474075,0.0266662016591627,0.124229826,0.01543305
7027,0,1,-0.030743122,-0.03610897,-0.098646296083463,0.067903176,0.004610841
7028,0,1,0.09281099,0.07587087,0.0618289024689273,0.030982085,0.00095988956
7029,0,1,-0.06544626,-0.0665344,-0.1113160029240429,0.045869745,0.0021040335
7030,0,1,0.10524869,0.08694708,0.1478627904293092,0.042614102,0.0018159617
7031,0,1,-0.14806807,-0.1405729,-0.0336922582088576,0.114375815,0.013081827
7032,0,1,0.028844476,0.01795423,-0.0335323819874311,0.062376857,0.0038908722
7033,0,1,0.02868712,0.017810345,0.0262758231936535,0.0024112966,5.8143514e-06
7034,0,1,-0.030357838,-0.035772324,-0.1358117673090504,0.10545392,0.01112053
7035,0,1,0.12924707,0.10803807,0.0434117362277997,0.08583534,0.007367705
7036,0,1,-0.047274232,-0.050587296,0.1873587468433226,0.23463298,0.055052638
7037,0,1,-0.18503416,-0.17389143,-0.3503682417820599,0.16533408,0.027335357
7038,0,1,0.3346547,0.26705968,0.5112536394426399,0.17659897,0.031187195
7039,0,1,-0.47191656,-0.4118322,-0.483028712236784,0.0111121535,0.00012347996
7040,0,1,0.45475233,0.3293203,0.2796472661882638,0.17510507,0.030661784
7041,0,1,-0.2699598,-0.24902093,-0.1125632337187692,0.15739658,0.024773685
7042,0,1,0.10647273,0.08803189,-0.0082473949485695,0.11472013,0.013160707
7043,0,1,0.0037301779,-0.0049893856,0.0042674892353811,0.0005373112,2.8870332e-07
7044,0,1,-0.008626223,-0.016280174,-0.0741420786012549,0.06551585,0.004292327
7045,0,1,0.06871319,0.054199934,-0.0799734825015001,0.14868668,0.022107728
7046,0,1,0.07445204,0.05938232,-0.1034293310056997,0.17788137,0.031641785
7047,0,1,0.09750831,0.08006346,0.1688313531064624,0.07132304,0.0050869756
7048,0,1,-0.1677357,-0.15833437,-0.0720151745610655,0.09572052,0.009162419
7049,0,1,0.066619396,0.052306652,0.2362235756894508,0.16960418,0.028765578
7050,0,1,-0.23027265,-0.21420181,-0.105563871065311,0.12470878,0.01555228
7051,0,1,0.09960365,0.081930995,-0.0762244339458326,0.17582808,0.030915515
7052,0,1,0.07076299,0.056052566,0.0205692176992144,0.05019377,0.0025194148
7053,0,1,-0.024723768,-0.030847907,0.0023059259407662,0.027029695,0.0007306044
7054,0,1,-0.0066894293,-0.014510751,-0.2085797466753371,0.20189032,0.0407597
7055,0,1,0.20003021,0.16695821,0.2967728709489863,0.09674266,0.009359142
7056,0,1,-0.28543055,-0.26246893,-0.4113392263004021,0.12590867,0.015852993
7057,0,1,0.39068615,0.2975496,0.3390827109813148,0.051603436,0.0026629146
7058,0,1,-0.323313,-0.2949654,-0.3104650300722877,0.01284796,0.00016507007
7059,0,1,0.2973174,0.24116957,0.3004644556253322,0.0031470656,9.904023e-06
7060,0,1,-0.2887559,-0.2653463,-0.2340534454595053,0.054702446,0.0029923576
7061,0,1,0.22458208,0.1856991,0.0174888909924335,0.20709318,0.042887583
7062,0,1,-0.021681786,-0.02819264,-0.0296969758620244,0.008015191,6.424329e-05
7063,0,1,0.024902344,0.0143556595,-0.1093525832140491,0.13425493,0.018024387
7064,0,1,0.103322744,0.085237026,-0.0288940122254655,0.13221675,0.01748127
7065,0,1,0.024110198,0.013631463,0.1473677894847558,0.12325759,0.015192434
7066,0,1,-0.14760244,-0.14015174,-0.1307164009040298,0.01688604,0.00028513838
7067,0,1,0.1242609,0.103690386,-0.0267258740947631,0.15098678,0.022797007
7068,0,1,0.02197051,0.011677623,0.0574134390134248,0.03544293,0.0012562013
7069,0,1,-0.061090946,-0.062710404,-0.1011116402517553,0.040020697,0.0016016562
7070,0,1,0.09523225,0.078033686,0.0700171334721768,0.025215112,0.0006358019
7071,0,1,-0.07352173,-0.073625684,-0.0931828126480212,0.019661076,0.00038655792
7072,0,1,0.08744264,0.07106483,0.0137426944346066,0.07369994,0.005431682
7073,0,1,-0.017982721,-0.024822831,0.0297253047460082,0.047708027,0.0022760557
7074,0,1,-0.033763766,-0.038751602,0.0951465977122039,0.12891036,0.016617881
7075,0,1,-0.09824169,-0.09535694,-0.0716251856584258,0.026616499,0.000708438
7076,0,1,0.066235304,0.051959157,0.0197017322515151,0.04653357,0.0021653732
7077,0,1,-0.023866773,-0.030099988,0.0213278340766214,0.045194607,0.0020425525
7078,0,1,-0.025472641,-0.031502247,-0.0517061369130944,0.026233494,0.0006881962
7079,0,1,0.046610594,0.03414774,0.0192018036117673,0.02740879,0.00075124175
7080,0,1,-0.023372889,-0.029668927,-0.0233456520302095,2.723746e-05,7.418792e-10
7081,0,1,0.018634677,0.008630633,0.017409303093123,0.0012253746,1.501543e-06
7082,0,1,-0.021603346,-0.028123856,-0.1543346137038033,0.13273127,0.01761759
7083,0,1,0.14734328,0.12363875,0.2073267036002508,0.059983432,0.0035980123
7084,0,1,-0.20359015,-0.1904974,-0.3490799151101766,0.14548975,0.021167267
7085,0,1,0.3334571,0.26629293,0.232127837005809,0.10132928,0.010267624
7086,0,1,-0.22650337,-0.21086693,-0.2048290830675272,0.02167429,0.00046977485
7087,0,1,0.19640386,0.16410077,0.1711941992414616,0.025209665,0.00063552725
7088,0,1,-0.1699462,-0.16032612,-0.1631572278474731,0.006788969,4.60901e-05
7089,0,1,0.15594518,0.1309439,0.1868355819232883,0.030890405,0.00095421716
7090,0,1,-0.18454683,-0.17345393,-0.2589717394208446,0.07442492,0.005539069
7091,0,1,0.24846208,0.20281851,0.2151539779898288,0.033308104,0.0011094298
7092,0,1,-0.21083808,-0.19695735,-0.1725156564076366,0.03832242,0.0014686078
7093,0,1,0.16505659,0.13859391,0.0813104258012411,0.08374616,0.0070134187
7094,0,1,-0.084653616,-0.083399415,-0.1600197373084331,0.075366125,0.0056800526
7095,0,1,0.15288723,0.12835622,0.071200213742419,0.08168701,0.006672768
7096,0,1,-0.07468772,-0.07464957,-0.1129607269768855,0.038273007,0.001464823
7097,0,1,0.106862545,0.088377,0.1180962224745538,0.01123368,0.00012619556
7098,0,1,-0.11999619,-0.1151222,-0.1240371597532008,0.0040409714,1.632945e-05
7099,0,1,0.11772025,0.097958565,-0.0105231154490963,0.12824336,0.01644636
7100,0,1,0.005977273,-0.002935648,-0.0930036600281036,0.09898093,0.009797225
7101,0,1,0.087266445,0.070907235,0.0532611719415287,0.034005273,0.0011563586
7102,0,1,-0.05699432,-0.059114575,-0.0837366633039269,0.026742347,0.0007151531
7103,0,1,0.078154325,0.062719464,0.1366854445566281,0.05853112,0.003425892
7104,0,1,-0.13754714,-0.1310457,-0.1975273117337288,0.05998017,0.0035976206
7105,0,1,0.18933666,0.15847242,0.1929642953011947,0.003627643,1.31597935e-05
7106,0,1,-0.19025278,-0.17857063,-0.1629121962194231,0.027340591,0.0007475079
7107,0,1,0.15570652,0.13074207,0.0276844505972528,0.12802207,0.016389651
7108,0,1,-0.03174877,-0.036988616,-0.153476592605501,0.121727824,0.0148176635
7109,0,1,0.14650607,0.12292373,0.0816237434285649,0.06488233,0.004209717
7110,0,1,-0.08496249,-0.0836699,-0.064422792107661,0.020539694,0.000421879
7111,0,1,0.059142113,0.045533657,-0.0698429569037624,0.12898508,0.01663715
7112,0,1,0.06448054,0.050370693,0.0719988497935306,0.0075183064,5.6524932e-05
7113,0,1,-0.075475454,-0.075341105,0.067591633526866,0.14306709,0.020468192
7114,0,1,-0.07112992,-0.071525216,-0.1277703305115727,0.056640416,0.003208137
7115,0,1,0.12137687,0.10116696,0.0087803248457873,0.11259655,0.012677982
7116,0,1,-0.0130826235,-0.020349264,0.0815460649714752,0.09462869,0.008954589
7117,0,1,-0.08488572,-0.08360267,-0.147031520445745,0.0621458,0.0038621004
7118,0,1,0.14021385,0.11752808,0.0878530270775765,0.052360818,0.0027416553
7119,0,1,-0.09109926,-0.08905649,-0.231345318818527,0.14024606,0.01966896
7120,0,1,0.22197902,0.18376529,0.1042676346904922,0.11771139,0.01385597
7121,0,1,-0.10689831,-0.10322428,-0.3509290514267955,0.24403074,0.059551004
7122,0,1,0.33517635,0.26739085,0.3055888559837754,0.029587507,0.0008754206
7123,0,1,-0.29336488,-0.2693267,-0.2343560881025219,0.059008792,0.0034820375
7124,0,1,0.22487319,0.18591416,0.076639324049438,0.14823386,0.021973278
7125,0,1,-0.08005023,-0.07935774,-0.0986300391899737,0.01857981,0.00034520938
7126,0,1,0.092794776,0.07585657,-0.1251794784610207,0.21797426,0.047512777
7127,0,1,0.11883938,0.098941445,-0.0511208771532938,0.16996026,0.02888649
7128,0,1,0.04603386,0.033622384,0.0268158848697681,0.019217974,0.00036933052
7129,0,1,-0.03089106,-0.03623855,-0.0274997918321378,0.0033912696,1.150071e-05
7130,0,1,0.022734523,0.012375474,-0.0378036879084759,0.06053821,0.003664875
7131,0,1,0.03290081,0.021655202,0.0455781627353166,0.012677353,0.00016071528
7132,0,1,-0.04941237,-0.05246222,-0.1456459482777059,0.09623358,0.009260901
7133,0,1,0.13886034,0.11636293,0.3015344972598524,0.16267416,0.026462883
7134,0,1,-0.28971887,-0.26617837,-0.4350880686971978,0.1453692,0.021132205
7135,0,1,0.41214025,0.31372583,0.53051027038801,0.11837,0.014011456
7136,0,1,-0.48793757,-0.42288697,-0.2166113854728764,0.27132618,0.0736179
7137,0,1,0.20778549,0.1729964,0.1241415007746558,0.08364399,0.006996317
7138,0,1,-0.12571084,-0.120310664,-0.1189205912312034,0.0067902505,4.6107503e-05
7139,0,1,0.112706184,0.09354353,0.0028295751910154,0.10987661,0.01207287
7140,0,1,-0.0072066784,-0.014982939,-0.1341328134248638,0.12692614,0.016110245
7141,0,1,0.12760484,0.10660839,0.0363899796161921,0.091214865,0.008320152
7142,0,1,-0.040343285,-0.04451251,-0.0407774585221449,0.00043417513,1.8850805e-07
7143,0,1,0.035834193,0.024330854,0.0977220518165185,0.06188786,0.0038301072
7144,0,1,-0.10068703,-0.09757984,-0.0218722677857514,0.07881476,0.0062117665
7145,0,1,0.017180443,0.0073022842,0.0979123519669618,0.080731906,0.006517641
7146,0,1,-0.100868106,-0.09774399,-0.0615546829588,0.039313424,0.0015455453
7147,0,1,0.056316614,0.042969704,0.263317946954509,0.20700133,0.04284955
7148,0,1,-0.25509584,-0.23604584,-0.3622729450687338,0.10717711,0.011486933
7149,0,1,0.34569633,0.27388084,0.3955327263511685,0.049836397,0.0024836664
7150,0,1,-0.37305653,-0.33664548,-0.3480229690098098,0.025033563,0.0006266793
7151,0,1,0.33247435,0.26566088,0.346964708531672,0.014490366,0.0002099707
7152,0,1,-0.33031476,-0.30090153,-0.4398865944335492,0.109571844,0.012005989
7153,0,1,0.41644824,0.31666505,0.4901359352906762,0.0736877,0.0054298774
7154,0,1,-0.4542029,-0.39945316,-0.3774693996725773,0.0767335,0.00588803
7155,0,1,0.3597213,0.28184044,0.3940286115474263,0.0343073,0.0011769909
7156,0,1,-0.37174308,-0.33556008,-0.417602928609013,0.045859843,0.0021031252
7157,0,1,0.39636576,0.3020531,0.3693475871346654,0.02701819,0.00072998257
7158,0,1,-0.3500998,-0.31755388,-0.3893243559895114,0.039224565,0.0015385665
7159,0,1,0.37060678,0.28739083,0.2866601395379138,0.083946645,0.0070470395
7160,0,1,-0.27630472,-0.25454807,-0.1499684200688191,0.1263363,0.015960863
7161,0,1,0.14308178,0.11999178,0.1837973176470779,0.04071553,0.0016577544
7162,0,1,-0.18171489,-0.17091179,-0.0588969055132173,0.122817986,0.015084257
7163,0,1,0.053697824,0.040591598,0.0775914375690765,0.02389361,0.0005709046
7164,0,1,-0.08098853,-0.08018184,0.0763786586636683,0.15736718,0.024764432
7165,0,1,-0.07979298,-0.0791322,-0.1990466762221172,0.119253695,0.014221444
7166,0,1,0.19080794,0.15965092,0.1682665090649109,0.022541434,0.0005081162
7167,0,1,-0.16720724,-0.15785766,-0.1112888022881612,0.05591844,0.003126872
7168,0,1,0.105222344,0.08692336,0.2638592878797328,0.15863696,0.025165685
7169,0,1,-0.2555902,-0.23647821,-0.0483506990136974,0.20723951,0.042948212
7170,0,1,0.043302655,0.031136394,0.2293681644389547,0.18606551,0.034620374
7171,0,1,-0.22396111,-0.20861518,-0.386635280724062,0.16267416,0.026462883
7172,0,1,0.3681425,0.28618586,0.4828472349596338,0.11470476,0.013157181
7173,0,1,-0.4480543,-0.395118,-0.3165865057325252,0.13146782,0.017283788
7174,0,1,0.3030764,0.2454015,0.2677783913330136,0.03529799,0.0012459481
7175,0,1,-0.25916398,-0.23960447,-0.2191730926269282,0.039990887,0.0015992711
7176,0,1,0.21025646,0.17489803,0.0581420947991702,0.15211436,0.023138778
7177,0,1,-0.061810136,-0.063341856,-0.2708334584367629,0.20902333,0.043690752
7178,0,1,0.2597779,0.21202767,0.2487770617924167,0.011000842,0.00012101852
7179,0,1,-0.24179792,-0.2243706,-0.2288085728509665,0.012989357,0.0001687234
7180,0,1,0.21953857,0.18194091,0.1321029339996988,0.08743563,0.00764499
7181,0,1,-0.13322687,-0.1271286,-0.177544054960409,0.044317186,0.0019640129
7182,0,1,0.16994655,0.1426593,0.1250875621062317,0.044858992,0.0020123292
7183,0,1,-0.12660444,-0.12112141,-0.22544851019322,0.098844066,0.009770149
7184,0,1,0.2163037,0.17950475,0.0326136483520567,0.18369006,0.033742037
7185,0,1,-0.036615014,-0.04124725,-0.0723946985808343,0.035779685,0.0012801859
7186,0,1,0.066993,0.05264473,0.0845479527068693,0.017554954,0.0003081764
7187,0,1,-0.08784342,-0.08619928,-0.1498632900114838,0.06201987,0.0038464642
7188,0,1,0.14297938,0.11990392,0.1591561796206198,0.01617679,0.00026168855
7189,0,1,-0.15867245,-0.15015817,-0.2606507283437134,0.10197827,0.010399568
7190,0,1,0.25006568,0.20413387,0.2770746532027661,0.02700898,0.000729485
7191,0,1,-0.26762426,-0.24698663,-0.2112725240792421,0.056351736,0.0031755182
7192,0,1,0.2026316,0.16899502,0.2603515447704454,0.057719946,0.003331592
7193,0,1,-0.25238764,-0.23367333,-0.3321542267549644,0.07976657,0.006362706
7194,0,1,0.3176726,0.2557634,0.3460650035436303,0.028392404,0.0008061286
7195,0,1,-0.32951653,-0.30022538,-0.2423211887893941,0.08719534,0.007603027
7196,0,1,0.23252165,0.1915077,0.3909923758999551,0.15847072,0.02511297
7197,0,1,-0.36909068,-0.33336532,-0.4215274259087103,0.05243674,0.0027496116
7198,0,1,0.39991677,0.30479348,0.5556674120860661,0.15575063,0.02425826
7199,0,1,-0.5086689,-0.43700385,-0.4996436793623369,0.009025216,8.145453e-05
7200,0,1,0.46929038,0.32763302,0.5910159030657083,0.1217255,0.014817097
7201,0,1,-0.53735006,-0.45623195,-0.5812845829711202,0.043934524,0.0019302424
7202,0,1,0.5388521,0.23320687,0.580629311001035,0.041777194,0.0017453339
7203,0,1,-0.52896976,-0.45065415,-0.4228854317736934,0.10608435,0.011253889
7204,0,1,0.4011439,0.30572665,0.266772694447394,0.13437122,0.018055625
7205,0,1,-0.25824714,-0.23880327,-0.1640532582327056,0.094193876,0.008872487
7206,0,1,0.15681803,0.13168061,0.189673049132159,0.03285502,0.0010794522
7207,0,1,-0.1871897,-0.17582476,-0.0869135784910735,0.10027612,0.0100553
7208,0,1,0.08127892,0.065530896,0.0938072570048538,0.012528338,0.00015695924
7209,0,1,-0.096963406,-0.09420037,-0.0854966164166837,0.011466786,0.00013148719
7210,0,1,0.07988548,0.06427741,0.3386995061466746,0.25881404,0.066984706
7211,0,1,-0.3229723,-0.29467595,-0.3077201147467161,0.015252173,0.00023262878
7212,0,1,0.29473102,0.23924577,0.2436658551312376,0.05106516,0.0026076508
7213,0,1,-0.23711014,-0.22023976,-0.4292024746779739,0.19209233,0.036899462
7214,0,1,0.40684354,0.3099569,0.2844215579822144,0.12242198,0.014987141
7215,0,1,-0.27428067,-0.25278664,-0.3740775159967024,0.09979686,0.009959414
7216,0,1,0.35659802,0.28014243,0.5256301399516936,0.1690321,0.02857185
7217,0,1,-0.4838897,-0.42010617,-0.3780323107568046,0.1058574,0.01120579
7218,0,1,0.36023962,0.2821182,0.2389588783716278,0.121280745,0.014709019
7219,0,1,-0.2327869,-0.21642399,-0.4938039526354985,0.26101705,0.068129905
7220,0,1,0.46419466,0.32864678,0.370325554525502,0.09386909,0.008811406
7221,0,1,-0.35096085,-0.3182745,-0.3272564971350482,0.02370435,0.0005618962
7222,0,1,0.31308854,0.25256884,0.2631616169369482,0.049926907,0.002492696
7223,0,1,-0.25495315,-0.23592079,-0.17518216148883,0.07977098,0.0063634096
7224,0,1,0.1676501,0.14075434,-0.0342172893536216,0.2018674,0.040750448
7225,0,1,0.029362679,0.018427134,0.2748919313234472,0.24552926,0.06028462
7226,0,1,-0.26563954,-0.24525714,-0.2849343225903189,0.019294769,0.0003722881
7227,0,1,0.27318275,0.22270834,0.2615865249568896,0.011596233,0.00013447262
7228,0,1,-0.25351512,-0.23466122,-0.2538728886706443,0.00035777688,1.280043e-07
7229,0,1,0.24358737,0.19937265,0.3752630614168459,0.13167569,0.017338488
7230,0,1,-0.355304,-0.3219037,-0.3374510136035753,0.017852992,0.00031872932
7231,0,1,0.32262194,0.25914776,0.400716851538337,0.0780949,0.0060988134
7232,0,1,-0.3775767,-0.34037519,-0.3314503068059586,0.046126395,0.0021276444
7233,0,1,0.31701434,0.25530875,0.0214494088892018,0.29556492,0.087358624
7234,0,1,-0.025592566,-0.03160715,0.0593882700429559,0.08498083,0.0072217416
7235,0,1,-0.06303918,-0.06442118,-0.0854913885094685,0.022452205,0.0005041015
7236,0,1,0.07988036,0.06427288,-0.0079825963479531,0.08786295,0.0077198986
7237,0,1,0.0034689903,-0.005228281,-0.1185286387873234,0.12199763,0.014883422
7238,0,1,0.11232233,0.093204975,0.1677004468461744,0.05537811,0.0030667349
7239,0,1,-0.16667736,-0.15738058,-0.1710820797638426,0.0044047236,1.940159e-05
7240,0,1,0.16366208,0.13742864,0.117593904245864,0.04606817,0.0021222762
7241,0,1,-0.11952078,-0.11469102,-0.1262724304028315,0.0067516416,4.5584664e-05
7242,0,1,0.11991,0.09988105,0.2154166830171793,0.09550668,0.009121526
7243,0,1,-0.21108055,-0.19717324,-0.1699739892860334,0.041106567,0.0016897499
7244,0,1,0.16258371,0.13652718,0.2304777775845379,0.06789407,0.004609605
7245,0,1,-0.22498369,-0.20952082,0.0281675256072022,0.2531512,0.064085536
7246,0,1,-0.032225847,-0.03740573,0.0136547359203271,0.045880582,0.002105028
7247,0,1,-0.017896175,-0.024743438,0.0743955409798819,0.09229171,0.00851776
7248,0,1,-0.07783806,-0.077415586,-0.081785266688179,0.003947206,1.5580434e-05
7249,0,1,0.07623458,0.060989976,0.157133211190543,0.08089863,0.006544588
7250,0,1,-0.15677464,-0.14844418,-0.1690502211218629,0.012275577,0.00015068978
7251,0,1,0.16168416,0.13577342,0.2921227955284873,0.13043863,0.017014235
7252,0,1,-0.28123772,-0.2588339,-0.2891575358075875,0.007919818,6.272352e-05
7253,0,1,0.27718723,0.22584522,0.3309062013986683,0.053718984,0.0028857293
7254,0,1,-0.31603086,-0.2887678,-0.2209328310377254,0.09509803,0.009043636
7255,0,1,0.21195328,0.1761967,0.1217244430602049,0.09022884,0.008141244
7256,0,1,-0.12342656,-0.11823702,-0.2427222155477466,0.11929566,0.014231454
7257,0,1,0.23290622,0.19178545,0.1839514656180709,0.048954755,0.002396568
7258,0,1,-0.18185902,-0.1710409,-0.1812125240510493,0.0006464869,4.1794527e-07
7259,0,1,0.17351139,0.14560401,0.2708509232967346,0.09733954,0.009474986
7260,0,1,-0.2619629,-0.24204993,-0.2709098122052504,0.008946925,8.004747e-05
7261,0,1,0.25985038,0.21208632,0.2230827590157929,0.036767617,0.0013518577
7262,0,1,-0.2181642,-0.20347226,-0.27268521432779,0.054520994,0.0029725388
7263,0,1,0.261541,0.21344793,0.3474660869144321,0.08592507,0.007383118
7264,0,1,-0.33075976,-0.30127776,-0.5533304424509213,0.22257066,0.049537696
7265,0,1,0.5153974,0.2920028,0.4711075724546345,0.044289857,0.0019615914
7266,0,1,-0.43811405,-0.38806665,-0.3520673600605299,0.086046696,0.007404034
7267,0,1,0.33623374,0.268062,0.2905573447477894,0.04567638,0.0020863318
7268,0,1,-0.2798246,-0.25760746,-0.45915368095625,0.17932907,0.032158915
7269,0,1,0.4336518,0.3257786,0.3649095488972806,0.068742245,0.0047254963
7270,0,1,-0.34618855,-0.31427622,-0.5367520828570649,0.19056356,0.03631447
7271,0,1,0.5013057,0.30941522,0.3744840031680525,0.1268217,0.016083743
7272,0,1,-0.35461926,-0.32133198,-0.4408029652730019,0.0861837,0.0074276295
7273,0,1,0.4172703,0.31721175,0.5499277822582613,0.13265747,0.017598003
7274,0,1,-0.50396395,-0.43381536,-0.6205600199134611,0.11659604,0.013594638
7275,0,1,0.57112944,0.13364577,0.6143756147445056,0.04324615,0.0018702295
7276,0,1,-0.5560535,-0.4685607,-0.5514513999726234,0.004602134,2.117964e-05
7277,0,1,0.51380694,0.2955321,0.2993481638267254,0.21445876,0.04599256
7278,0,1,-0.2877506,-0.26447678,-0.3172526142134,0.029502004,0.00087036827
7279,0,1,0.3037027,0.24585617,0.3422668066616714,0.038564086,0.0014871887
7280,0,1,-0.32614386,-0.2973678,-0.3244719840123988,0.0016718805,2.7951844e-06
7281,0,1,0.31047904,0.25072443,0.3086410630345997,0.0018379688,3.3781293e-06
7282,0,1,-0.29610717,-0.27169025,-0.2439525843233667,0.052154586,0.0027201008
7283,0,1,0.23408616,0.19263613,0.2185961052007068,0.015490055,0.0002399418
7284,0,1,-0.21402037,-0.19978929,-0.2410020331483631,0.026981667,0.0007280103
7285,0,1,0.23125565,0.19059026,0.1946848054497081,0.036570847,0.0013374268
7286,0,1,-0.19185305,-0.18000412,-0.2807022200593014,0.08884919,0.007894178
7287,0,1,0.26916468,0.21953595,0.0412367886374167,0.2279279,0.051951125
7288,0,1,-0.04512751,-0.04870534,0.1243133874807937,0.1694409,0.028710216
7289,0,1,-0.12587297,-0.12045765,-0.112480190644592,0.013392776,0.00017936646
7290,0,1,0.10639119,0.087959886,0.0893498130960581,0.017041378,0.00029040856
7291,0,1,-0.09257364,-0.09035003,0.0844109483221364,0.1769846,0.031323545
7292,0,1,-0.08770883,-0.08608079,-0.0523956471734474,0.035313185,0.001247021
7293,0,1,0.047290444,0.034766555,0.0133390796025907,0.033951364,0.0011526952
7294,0,1,-0.017583966,-0.024458885,0.0457696025309,0.06335357,0.004013675
7295,0,1,-0.04960096,-0.05262804,-0.040219034057578,0.009381924,8.80205e-05
7296,0,1,0.035283446,0.023828864,0.0526290810510694,0.017345633,0.000300871
7297,0,1,-0.056370616,-0.058567524,0.0117683530761345,0.06813897,0.0046429196
7298,0,1,-0.016033053,-0.023043752,-0.0144648730492804,0.0015681805,2.45919e-06
7299,0,1,0.009868741,0.00062072277,0.0539901056168143,0.044121366,0.0019466949
7300,0,1,-0.05771351,-0.059745908,0.1408197114612466,0.19853322,0.03941544
7301,0,1,-0.14144146,-0.13457382,-0.1980168270991282,0.056575358,0.003200771
7302,0,1,0.18981111,0.15885246,0.2185039921523801,0.028692886,0.0008232817
7303,0,1,-0.21393561,-0.19971347,-0.2125306139299538,0.0014050007,1.9740269e-06
7304,0,1,0.20384681,0.1699425,0.1352680500995775,0.068578765,0.0047030468
7305,0,1,-0.13621128,-0.12983453,-0.0614154550543195,0.07479582,0.0055944147
7306,0,1,0.056179643,0.042845488,0.0348443468985635,0.021335296,0.00045519488
7307,0,1,-0.038817406,-0.043175697,0.0017338981546994,0.040551305,0.0016444083
7308,0,1,-0.0061249733,-0.013994575,-0.012511735755154,0.0063867625,4.0790736e-05
7309,0,1,0.007940173,-0.0011419058,0.0107900906599622,0.0028499179,8.122031e-06
7310,0,1,-0.01506722,-0.022161841,-0.0220789103667586,0.007011691,4.9163813e-05
7311,0,1,0.01738453,0.0074882507,-0.0517216925922359,0.06910622,0.00477567
7312,0,1,0.04662609,0.034161568,-0.0211150345408033,0.067741126,0.00458886
7313,0,1,0.01643312,0.006619096,-0.0590896303646277,0.07552275,0.005703686
7314,0,1,0.053887844,0.040763736,0.1836028757577963,0.12971503,0.016825987
7315,0,1,-0.18153405,-0.17074907,-0.1967131170294824,0.015179068,0.0002304041
7316,0,1,0.1885482,0.1578399,0.2093489276582703,0.020800725,0.00043267015
7317,0,1,-0.20546389,-0.1921686,-0.0593815108216264,0.14608237,0.02134006
7318,0,1,0.05417514,0.04102516,-0.0730396489699249,0.12721479,0.016183604
7319,0,1,0.06762791,0.05321896,0.0940211895333524,0.02639328,0.0006966052
7320,0,1,-0.09717238,-0.09438491,-0.1518964765712191,0.054724097,0.0029947269
7321,0,1,0.14496374,0.1216048,0.102196508228544,0.042767234,0.0018290363
7322,0,1,-0.1049341,-0.10143924,-0.0947635718748132,0.010170527,0.00010343961
7323,0,1,0.08899617,0.072457194,-0.1040417870102199,0.19303796,0.037263654
7324,0,1,0.09810972,0.080599904,0.1807425232016031,0.082632795,0.0068281787
7325,0,1,-0.17886603,-0.16835177,-0.1367009717115894,0.042165056,0.0017778919
7326,0,1,0.1301167,0.10879469,0.2472756526388686,0.11715895,0.01372622
7327,0,1,-0.24042165,-0.2231586,-0.4086463658870702,0.16822472,0.028299557
7328,0,1,0.3882395,0.2955674,0.3632841070986854,0.024955392,0.00062277156
7329,0,1,-0.34475422,-0.3130728,-0.4539027878414068,0.10914856,0.0119134085
7330,0,1,0.42897832,0.32416594,0.4897878175926224,0.060809493,0.0036977944
7331,0,1,-0.45390964,-0.3992467,-0.5504392125884243,0.0965296,0.009317964
7332,0,1,0.5129496,0.29717577,0.4540524335865499,0.058897138,0.0034688727
7333,0,1,-0.4235927,-0.3772936,-0.5409609725086686,0.11736828,0.013775313
7334,0,1,0.50489604,0.3059801,0.3735007778007631,0.13139528,0.01726472
7335,0,1,-0.35375464,-0.32060957,-0.3232906077410684,0.030464023,0.0009280567
7336,0,1,0.30937135,0.24993694,0.2872247649450397,0.022146583,0.00049047114
7337,0,1,-0.27681458,-0.25499177,-0.1449192228812819,0.13189536,0.017396387
7338,0,1,0.13815022,0.11575067,0.1189333730509136,0.019216843,0.00036928707
7339,0,1,-0.12078774,-0.11584139,-0.2069188344880659,0.086131096,0.0074185655
7340,0,1,0.19842446,0.16569555,0.2584161501933579,0.059991688,0.0035990025
7341,0,1,-0.2506194,-0.23212254,-0.2782568458597116,0.027637422,0.0007638271
7342,0,1,0.26684105,0.2176894,0.3767025116078677,0.10986146,0.012069541
7343,0,1,-0.35656857,-0.32295883,-0.3987964767268044,0.042227894,0.0017831951
7344,0,1,0.3792678,0.29136002,0.3400023565194179,0.039265454,0.0015417759
7345,0,1,-0.3241309,-0.29566002,-0.1114468766181862,0.212684,0.045234486
7346,0,1,0.105377555,0.08706105,0.278294495256935,0.17291695,0.029900271
7347,0,1,-0.2687323,-0.24795175,-0.4283254927534392,0.1595932,0.025469989
7348,0,1,0.4060539,0.3093809,0.5558371852996318,0.14978331,0.022435041
7349,0,1,-0.50880754,-0.43709826,-0.4976962478666573,0.011111289,0.00012346075
7350,0,1,0.46759307,0.32802355,0.3560093243600899,0.11158374,0.012450931
7351,0,1,-0.33832765,-0.30766726,-0.3290976092682491,0.009230047,8.519377e-05
7352,0,1,0.31481278,0.25377738,0.4569091492148616,0.14209637,0.020191379
7353,0,1,-0.42603147,-0.37919164,-0.4078034370743704,0.018228024,0.00033226085
7354,0,1,0.387473,0.29494178,0.1985663069461181,0.18890668,0.035685737
7355,0,1,-0.19546068,-0.18323362,-0.0286668563774441,0.16679382,0.02782018
7356,0,1,0.023886085,0.013427377,0.0141526154096272,0.009733469,9.4740426e-05
7357,0,1,-0.018387437,-0.02519226,-0.0568239783558324,0.038436543,0.0014773678
7358,0,1,0.051655293,0.038735032,0.0556363681932532,0.003981076,1.5848967e-05
7359,0,1,-0.059337497,-0.06117189,-0.1964902859694643,0.13715279,0.018810889
7360,0,1,0.1883322,0.15766656,0.1981813573151594,0.009849161,9.700597e-05
7361,0,1,-0.19510317,-0.18291306,-0.1485006101633879,0.046602562,0.0021717988
7362,0,1,0.14164865,0.118762136,-0.0537599830898953,0.19540864,0.03818454
7363,0,1,0.048635125,0.035989642,-0.0274456581359261,0.076080784,0.0057882858
7364,0,1,0.022680879,0.012326598,0.1081929366345459,0.08551206,0.007312312
7365,0,1,-0.110619664,-0.10660565,-0.2328402875063886,0.12222062,0.01493788
7366,0,1,0.22341621,0.1848346,0.1262970521887245,0.09711915,0.00943213
7367,0,1,-0.12774706,-0.12215817,0.0361084594186558,0.16385552,0.026848633
7368,0,1,-0.040065527,-0.044269323,0.1783279774151884,0.2183935,0.047695722
7369,0,1,-0.17661178,-0.16632581,-0.1383588518511569,0.038252935,0.001463287
7370,0,1,0.1317383,0.11020291,0.04639019325071,0.085348114,0.0072843004
7371,0,1,-0.050213814,-0.053165197,-0.1789803937538645,0.12876658,0.016580833
7372,0,1,0.17134273,0.14381456,0.308656660773287,0.13731393,0.018855115
7373,0,1,-0.29612088,-0.27170253,-0.4179606525258277,0.12183976,0.014844928
7374,0,1,0.39669,0.30230558,0.269228433054214,0.12746158,0.016246455
7375,0,1,-0.26048505,-0.24075902,-0.3121858896103362,0.05170083,0.0026729759
7376,0,1,0.2989372,0.24236786,0.266642961136905,0.032294244,0.0010429182
7377,0,1,-0.25812924,-0.23870015,-0.243704249416621,0.014424995,0.00020808047
7378,0,1,0.23384798,0.19246495,0.0934601981796026,0.14038777,0.019708727
7379,0,1,-0.09662151,-0.09390068,-0.2311380992051823,0.13451658,0.018094711
7380,0,1,0.22177947,0.18361676,0.4152406513257516,0.19346118,0.037427228
7381,0,1,-0.39019597,-0.3507353,-0.2795536901332385,0.110642284,0.012241715
7382,0,1,0.26807344,0.21866977,0.1226649346962209,0.14540851,0.021143636
7383,0,1,-0.12431562,-0.119043946,-0.1569513730353107,0.03263575,0.001065092
7384,0,1,0.14989555,0.1258142,-0.0421291291157392,0.19202468,0.03687348
7385,0,1,0.03716743,0.025545716,0.1520971532492459,0.11492972,0.013208841
7386,0,1,-0.15204716,-0.1441716,-0.1715337281536897,0.019486576,0.00037972667
7387,0,1,0.16410124,0.137797,0.2080923011370667,0.04399106,0.0019352132
7388,0,1,-0.20429969,-0.19113052,-0.1725434906875642,0.031756192,0.0010084558
7389,0,1,0.165084,0.1386168,0.1816993134269007,0.016615316,0.00027606872
7390,0,1,-0.17975807,-0.16915369,-0.3020460274428191,0.12228796,0.014954345
7391,0,1,0.28937876,0.23522031,0.29855748371141,0.009178728,8.424905e-05
7392,0,1,-0.28703868,-0.26386106,-0.1014489092168724,0.18558978,0.034443565
7393,0,1,0.09556353,0.0783298,0.2275725979108369,0.13200907,0.017426396
7394,0,1,-0.22230613,-0.2071476,-0.0809678177604664,0.14133832,0.01997652
7395,0,1,0.07543039,0.060264707,0.058639607202922,0.016790785,0.00028193046
7396,0,1,-0.062300444,-0.06377292,0.0847822802980753,0.14708272,0.021633325
7397,0,1,-0.088074565,-0.08640206,-0.2257546740590832,0.13768011,0.018955814
7398,0,1,0.21659839,0.17972767,0.2266518728957043,0.010053486,0.000101072575
7399,0,1,-0.22145736,-0.20639467,-0.1601920998350503,0.06126526,0.003753432
7400,0,1,0.15305507,0.12849867,0.0972408091752827,0.055814266,0.0031152323
7401,0,1,-0.100230455,-0.09716463,-0.1234370540598674,0.023206599,0.00053854624
7402,0,1,0.117132545,0.09744179,0.09916295919776,0.017969586,0.000322906
7403,0,1,-0.10205531,-0.09882271,-0.1910415570115025,0.08898625,0.0079185525
7404,0,1,0.18305123,0.15340364,0.1867212958792869,0.0036700666,1.3469389e-05
7405,0,1,-0.18444026,-0.17335832,-0.2428569993191009,0.05841674,0.0034125154
7406,0,1,0.23303497,0.19187891,0.2121569308422264,0.020878032,0.0004358922
7407,0,1,-0.20806432,-0.19448698,-0.1207780664966478,0.08728625,0.007618889
7408,0,1,0.114527225,0.0951488,0.057930408728692,0.056596816,0.0032031995
7409,0,1,-0.061600924,-0.06315827,-0.0200725315919341,0.041528393,0.0017246074
7410,0,1,0.015404105,0.0056791306,0.0176933805982029,0.0022892747,5.2407786e-06
7411,0,1,-0.021883368,-0.028368711,0.0154095101443814,0.03729288,0.0013907588
7412,0,1,-0.019628406,-0.026324987,-0.0780423569857406,0.058413953,0.00341219
7413,0,1,0.07255185,0.05766809,0.0084560216993649,0.064095825,0.004108275
7414,0,1,-0.012762427,-0.020057201,-0.0839047502009326,0.07114232,0.00506123
7415,0,1,0.07832003,0.062868714,-0.017132681524363,0.09545271,0.00911122
7416,0,1,0.012502193,0.00302732,-0.1270998618859893,0.13960205,0.019488733
7417,0,1,0.12072003,0.1005913,0.3212189627511848,0.20049894,0.040199824
7418,0,1,-0.30737925,-0.28137326,-0.1620552202859602,0.14532402,0.021119071
7419,0,1,0.1548711,0.13003612,0.1329105478715468,0.021960557,0.00048226604
7420,0,1,-0.13398862,-0.12781918,-0.1041974804656975,0.029791139,0.00088751194
7421,0,1,0.09826243,0.0807358,-0.0116289611578235,0.10989139,0.012076118
7422,0,1,0.00706923,-0.0019382238,-0.0203777591867033,0.027446989,0.0007533372
7423,0,1,0.015705347,0.005954385,0.1944789832405151,0.17877364,0.031960014
7424,0,1,-0.19166172,-0.17983282,-0.1964920140931385,0.004830301,2.3331806e-05
7425,0,1,0.18833387,0.15766776,0.1894691190808248,0.001135245,1.2887812e-06
7426,0,1,-0.18699992,-0.17565477,-0.1130577405173325,0.07394218,0.0054674456
7427,0,1,0.10695779,0.08846152,0.0092136421661388,0.09774415,0.00955392
7428,0,1,-0.013510227,-0.02074039,0.0166131907055304,0.030123418,0.0009074203
7429,0,1,-0.020816922,-0.027409792,0.1027749431352043,0.12359186,0.015274948
7430,0,1,-0.105483174,-0.10193753,0.0178634581787107,0.123346634,0.015214392
7431,0,1,-0.022051334,-0.02851522,-0.2037867014034824,0.18173537,0.033027742
7432,0,1,0.19539559,0.1633023,0.1976699712349339,0.0022743791,5.1728002e-06
7433,0,1,-0.19462824,-0.18248785,-0.2590881850899089,0.06445995,0.004155085
7434,0,1,0.24857342,0.20290983,0.3022431021359828,0.05366969,0.0028804357
7435,0,1,-0.29035616,-0.266729,-0.2571202259064498,0.033235937,0.0011046275
7436,0,1,0.24669278,0.20152748,-0.0360561805615404,0.28274897,0.07994698
7437,0,1,0.031176805,0.020082474,0.2294015657421659,0.19822475,0.039293054
7438,0,1,-0.22399199,-0.20864189,-0.5246880310671178,0.30069602,0.09041809
7439,0,1,0.4909681,0.3176731,0.5224256714639244,0.031457543,0.000989577
7440,0,1,-0.4812268,-0.41827273,-0.5730548073034272,0.09182799,0.00843238
7441,0,1,0.5319878,0.2516929,0.6627811809966941,0.1307934,0.017106911
7442,0,1,-0.5941708,-0.49289274,-0.4811286514401363,0.113042146,0.012778527
7443,0,1,0.45308197,0.3292843,0.3154971123388856,0.13758487,0.018929595
7444,0,1,-0.30225635,-0.27697992,-0.3566022798687842,0.054345936,0.0029534807
7445,0,1,0.34044278,0.27069104,0.4164853932179342,0.07604262,0.0057824804
7446,0,1,-0.3912747,-0.35161757,-0.4015337239184791,0.010259032,0.000105247746
7447,0,1,0.381765,0.2924236,0.4288211865955655,0.04705617,0.002214283
7448,0,1,-0.40193653,-0.36029828,-0.3678354629885885,0.03410107,0.0011628829
7449,0,1,0.35083926,0.27689707,0.3442387220009679,0.006600529,4.3566983e-05
7450,0,1,-0.32789564,-0.29885292,-0.3763894176322335,0.048493773,0.002351646
7451,0,1,0.35872757,0.28130543,0.3680742202540406,0.009346634,8.735957e-05
7452,0,1,-0.34897816,-0.31661427,-0.3448050213727398,0.00417313,1.7415012e-05
7453,0,1,0.3294791,0.263713,0.3800446505945192,0.05056554,0.002556874
7454,0,1,-0.3595029,-0.32540393,-0.273154835635101,0.08634809,0.007455992
7455,0,1,0.2619878,0.21380723,0.1674372248515216,0.09455058,0.008939812
7456,0,1,-0.16643095,-0.15715826,-0.2402252856113649,0.073794335,0.0054456037
7457,0,1,0.23051035,0.19004858,0.460247038388889,0.22973669,0.052778944
7458,0,1,-0.42887783,-0.38140368,-0.28371816691182,0.14515966,0.021071328
7459,0,1,0.27202857,0.22179997,0.2469493654020691,0.025079206,0.00062896655
7460,0,1,-0.2401222,-0.22289503,-0.2152915411374301,0.024830654,0.0006165614
7461,0,1,0.20651186,0.17201197,0.1894738355582654,0.017038018,0.00029029403
7462,0,1,-0.18700409,-0.17565858,-0.3441040882491342,0.15709999,0.024680408
7463,0,1,0.32882607,0.26328504,0.5694096565197577,0.2405836,0.05788047
7464,0,1,-0.5198729,-0.44456208,-0.4801783813060505,0.039694518,0.0015756547
7465,0,1,0.45224655,0.32924926,0.5417327602727073,0.08948624,0.008007787
7466,0,1,-0.49721634,-0.42922926,-0.4740375575389173,0.023178786,0.0005372561
7467,0,1,0.44683444,0.32875955,0.5271081331460208,0.08027369,0.006443865
7468,0,1,-0.48511624,-0.4209504,-0.4863491379102758,0.0012328923,1.5200234e-06
7469,0,1,0.45766795,0.32927382,0.4313465408216219,0.026321411,0.0006928167
7470,0,1,-0.40411317,-0.3620175,-0.4271256042167735,0.02301243,0.0005295719
7471,0,1,0.40497148,0.30858624,0.3262468718813143,0.07872462,0.006197566
7472,0,1,-0.31187296,-0.28521836,-0.2387116791348973,0.073161274,0.005352572
7473,0,1,0.22905743,0.1889888,0.1809395016236716,0.048117936,0.0023153357
7474,0,1,-0.17904973,-0.16851687,-0.2015296562189548,0.022479922,0.00050534686
7475,0,1,0.19321167,0.16156828,0.0844691512201269,0.10874252,0.011824936
7476,0,1,-0.08776581,-0.08613086,-0.1429516933750423,0.055185884,0.0030454819
7477,0,1,0.13622785,0.11409116,0.1675909448889589,0.0313631,0.000983644
7478,0,1,-0.16657472,-0.15728772,-0.2090592220199507,0.042484507,0.0018049333
7479,0,1,0.20049345,0.16732204,0.2312946327609573,0.030801177,0.0009487125
7480,0,1,-0.2257359,-0.21018732,-0.2303510249788174,0.004615128,2.1299407e-05
7481,0,1,0.22102249,0.18305194,0.0344055302582526,0.18661696,0.034825888
7482,0,1,-0.03838408,-0.042796254,-0.0123084144077632,0.026075665,0.0006799403
7483,0,1,0.0077397823,-0.0013253689,-0.1292046110427747,0.1369444,0.018753769
7484,0,1,0.12278104,0.10239661,0.0263651681442123,0.09641587,0.00929602
7485,0,1,-0.030446053,-0.03584957,-0.0113901531153426,0.0190559,0.0003631273
7486,0,1,0.0068331957,-0.0021539927,-0.0082687709393671,0.015101966,0.00022806939
7487,0,1,0.0037513971,-0.0049698353,0.1907146115639573,0.18696322,0.034955245
7488,0,1,-0.18815958,-0.1766944,-0.1167080786303704,0.07145151,0.005105318
7489,0,1,0.11053753,0.09162903,-0.0938743274268567,0.20441186,0.041784212
7490,0,1,0.08812201,0.07167423,-0.0071447913211539,0.095266804,0.009075764
7491,0,1,0.0026419163,-0.0059839487,-0.0345503185410405,0.037192237,0.0013832625
7492,0,1,0.02969122,0.018726587,-0.0810354591919833,0.11072668,0.012260397
7493,0,1,0.07549715,0.06032455,0.10124090612649,0.025743753,0.0006627408
7494,0,1,-0.10402703,-0.100615144,-0.1307983714524581,0.026771337,0.00071670447
7495,0,1,0.12434113,0.1037606,0.0378568995794525,0.08648423,0.0074795224
7496,0,1,-0.04179144,-0.045780897,0.0431734124902023,0.08496486,0.007219027
7497,0,1,-0.047038794,-0.050380945,-0.0504046425521029,0.0033658482,1.1328934e-05
7498,0,1,0.045327425,0.032979965,0.2848714450348251,0.23954403,0.057381343
7499,0,1,-0.27468765,-0.25314093,-0.1285918889752257,0.14609575,0.021343969
7500,0,1,0.12218082,0.10187149,-0.0186673919402395,0.14084822,0.019838221
7501,0,1,0.014016986,0.0044116974,0.0496723233959406,0.03565534,0.0012713032
7502,0,1,-0.053453207,-0.056007028,-0.0967548492513243,0.043301642,0.0018750322
7503,0,1,0.09095287,0.07420862,0.0826531230245164,0.008299753,6.88859e-05
7504,0,1,-0.08597696,-0.084560394,-0.1685009851754477,0.08252403,0.006810216
7505,0,1,0.16114938,0.13532507,0.1438650079068808,0.017284378,0.00029874974
7506,0,1,-0.14430773,-0.13716948,-0.1216944706865963,0.022613265,0.0005113597
7507,0,1,0.11542499,0.095939994,0.1406036087959112,0.025178611,0.00063396245
7508,0,1,-0.14123797,-0.13438976,-0.051069366913941,0.09016861,0.008130378
7509,0,1,0.045982957,0.033576846,0.1335666884357689,0.087583736,0.0076709106
7510,0,1,-0.1346072,-0.12838006,-0.1261317156432744,0.008475482,7.1833805e-05
7511,0,1,0.11977196,0.099760175,0.0498785888880399,0.06989337,0.004885083
7512,0,1,-0.053655982,-0.056185603,-0.1015905592777977,0.047934577,0.0022977237
7513,0,1,0.09570253,0.07845354,0.0647208749217074,0.030981652,0.0009598628
7514,0,1,-0.06829882,-0.069039345,-0.1829778407851157,0.11467902,0.013151279
7515,0,1,0.17522609,0.1470151,-0.0046041317152036,0.17983022,0.03233891
7516,0,1,0.00013315678,-0.008276701,0.0263208888178796,0.026187733,0.00068579736
7517,0,1,-0.03040266,-0.035811067,0.1495073936308892,0.17991005,0.032367624
7518,0,1,-0.14961386,-0.14197123,-0.3010498785185405,0.15143603,0.022932872
7519,0,1,0.2884382,0.23450744,0.1933483357317722,0.09508987,0.009042083
7520,0,1,-0.19060993,-0.17889059,0.0670351702751557,0.2576451,0.066381
7521,0,1,-0.07058108,-0.07104325,-0.1188546252082689,0.04827355,0.0023303356
7522,0,1,0.11264217,0.09348667,0.1640952154945851,0.05145304,0.0026474153
7523,0,1,-0.16330159,-0.15433633,-0.1095070091946501,0.053794578,0.0028938565
7524,0,1,0.10347426,0.08537161,0.2592973776859579,0.15582311,0.024280842
7525,0,1,-0.2514249,-0.23282886,-0.1506102126288262,0.1008147,0.010163603
7526,0,1,0.14370859,0.12052941,0.1601818324249502,0.016473249,0.00027136793
7527,0,1,-0.15963364,-0.15102649,-0.242410151717314,0.08277652,0.0068519516
7528,0,1,0.23260677,0.19156873,0.2012926078051593,0.031314164,0.0009805768
7529,0,1,-0.19799268,-0.18549776,-0.1240355508779582,0.07395713,0.005469657
7530,0,1,0.117718935,0.09795737,0.1017749871132969,0.015943944,0.00025420936
7531,0,1,-0.10453415,-0.10107589,-0.130628876844032,0.026094735,0.00068093516
7532,0,1,0.12417555,0.103616,0.0584492062312291,0.06572634,0.004319952
7533,0,1,-0.06211233,-0.06360757,-0.1210556324782941,0.0589433,0.0034743128
7534,0,1,0.11479914,0.09538841,0.145230111056789,0.030430973,0.0009260441
7535,0,1,-0.14559221,-0.13833213,-0.0304972743540834,0.11509494,0.0132468445
7536,0,1,0.025692105,0.01507616,0.0047081905907464,0.020983916,0.00044032471
7537,0,1,-0.009061456,-0.01667738,-0.0345444094645079,0.025482953,0.00064938085
7538,0,1,0.029685259,0.01872158,0.0521621098710316,0.022476852,0.00050520885
7539,0,1,-0.055909872,-0.05816281,-0.1089287149076192,0.053018846,0.002810998
7540,0,1,0.102906585,0.0848676,-0.0729682637432969,0.17587486,0.030931966
7541,0,1,0.06755769,0.053155422,0.0391270398407475,0.028430652,0.00080830196
7542,0,1,-0.043044806,-0.046879888,-0.0061972910170995,0.036847513,0.0013577392
7543,0,1,0.0017066002,-0.0068393946,-0.0467169038428829,0.048423503,0.0023448355
7544,0,1,0.04169154,0.029669166,0.0427982430235214,0.0011067018,1.2247889e-06
7545,0,1,-0.046668768,-0.05005622,-0.0640003936876707,0.017331623,0.00030038515
7546,0,1,0.058726072,0.045155287,0.1149908235815309,0.05626475,0.0031657221
7547,0,1,-0.11705792,-0.11245394,-0.1550991768951453,0.038041264,0.0014471378
7548,0,1,0.14808881,0.12427461,0.2473669784754675,0.09927817,0.009856154
7549,0,1,-0.2405051,-0.22323239,-0.2272958240720644,0.013209268,0.00017448477
7550,0,1,0.21808207,0.18084705,0.1366480028305416,0.08143407,0.006631508
7551,0,1,-0.1375122,-0.13101351,-0.1027820745554428,0.03473013,0.0012061818
7552,0,1,0.09687257,0.07949746,0.0732946507248406,0.023577921,0.0005559184
7553,0,1,-0.07675278,-0.076462746,0.0366637462238113,0.11341652,0.012863307
7554,0,1,-0.040613413,-0.044748902,-0.0783856356965364,0.037772223,0.0014267409
7555,0,1,0.072889686,0.057973027,-0.0190892071800521,0.09197889,0.008460117
7556,0,1,0.0144331455,0.004792094,0.0340236247524046,0.019590478,0.00038378686
7557,0,1,-0.03800714,-0.042466402,0.2144769107454422,0.25248405,0.063748196
7558,0,1,-0.2102114,-0.19639945,-0.3523029792494418,0.14209157,0.020190015
7559,0,1,0.33645284,0.2681998,0.2918723621368893,0.04458049,0.00198742
7560,0,1,-0.28101194,-0.2586378,-0.1995189154328027,0.08149302,0.0066411123
7561,0,1,0.19126546,0.16001618,0.0939787161827563,0.097286746,0.009464711
7562,0,1,-0.09713185,-0.09434831,-0.1201575948473356,0.023025744,0.0005301849
7563,0,1,0.1139189,0.09461367,0.010260700233138,0.1036582,0.010745022
7564,0,1,-0.014544606,-0.021684527,-0.0656059946589804,0.05106139,0.0026072657
7565,0,1,0.060307622,0.04659021,0.0636856427319023,0.0033780187,1.1411011e-05
7566,0,1,-0.06727791,-0.06814277,0.1624646555185849,0.22974256,0.05278164
7567,0,1,-0.1617738,-0.1529578,-0.024660690936449,0.13711311,0.018800005
7568,0,1,0.01993239,0.00981617,0.0114995348612036,0.008432854,7.111303e-05
7569,0,1,-0.015767694,-0.02280116,-0.0239885197413967,0.008220825,6.758197e-05
7570,0,1,0.019269347,0.00921011,-0.0035048904949503,0.022774238,0.00051866594
7571,0,1,-0.0009518862,-0.009268165,-0.0897452569035661,0.08879337,0.007884262
7572,0,1,0.08406329,0.06803322,-0.0500986961759322,0.13416198,0.017999437
7573,0,1,0.045025706,0.032705665,0.0672056139952155,0.022179909,0.0004919484
7574,0,1,-0.07074916,-0.071190834,0.0052541903565079,0.07600336,0.0057765106
7575,0,1,-0.009600759,-0.017169952,-0.052111382199965,0.042510625,0.0018071532
7576,0,1,0.047009945,0.03451109,0.1554266718278121,0.10841672,0.011754186
7577,0,1,-0.15517318,-0.14699745,-0.110767025542759,0.044406153,0.0019719065
7578,0,1,0.10471034,0.08646929,0.0200328438440577,0.084677495,0.007170278
7579,0,1,-0.024193883,-0.030385375,-0.0392613337489127,0.015067451,0.00022702807
7580,0,1,0.034338832,0.02296722,-0.0522958540137994,0.08663468,0.0075055677
7581,0,1,0.047191978,0.03467703,0.2541765807023577,0.20698461,0.04284263
7582,0,1,-0.24674213,-0.22871888,-0.3386720367085671,0.09192991,0.008451109
7583,0,1,0.32376182,0.25991642,0.339820424123596,0.016058594,0.00025787845
7584,0,1,-0.32396913,-0.29552245,-0.1093124092208555,0.21465671,0.046077505
7585,0,1,0.103283286,0.085202456,-0.0167275351978006,0.12001082,0.014402597
7586,0,1,0.012102008,0.002661705,-0.0050481535216286,0.017150162,0.00029412805
7587,0,1,0.0005719662,-0.007876039,-0.0665867205021688,0.067158684,0.004510289
7588,0,1,0.061273575,0.047465682,0.0814680260210085,0.020194449,0.00040781577
7589,0,1,-0.08480883,-0.08353555,-0.1269904589761041,0.042181626,0.0017792896
7590,0,1,0.12061298,0.100497484,0.1415073701224578,0.020894393,0.00043657568
7591,0,1,-0.14208889,-0.13515997,-0.2571723703480364,0.115083486,0.013244209
7592,0,1,0.24674284,0.20156205,0.1509554957106393,0.09578735,0.009175216
7593,0,1,-0.15097451,-0.14320195,-0.093341835297368,0.057632677,0.0033215254
7594,0,1,0.0875988,0.07120514,-0.0565364473640823,0.14413525,0.020774972
7595,0,1,0.051371694,0.038478017,0.1990981484534624,0.14772646,0.021823108
7596,0,1,-0.19595444,-0.18367517,-0.1351328977966643,0.060821548,0.0036992608
7597,0,1,0.12858295,0.10746026,0.1218980017188633,0.0066849515,4.4688575e-05
7598,0,1,-0.123590946,-0.11838591,0.0236121355642648,0.14720309,0.021668749
7599,0,1,-0.027727962,-0.033473015,0.1463359481613604,0.1740639,0.030298244
7600,0,1,-0.14663243,-0.13927364,-0.1297909264186512,0.016841501,0.00028363615
7601,0,1,0.12335527,0.10289872,0.0547384690754377,0.0686168,0.0047082654
7602,0,1,-0.05845201,-0.060394168,-0.1424269743917778,0.08397496,0.0070517934
7603,0,1,0.13571525,0.11364782,-0.0340437839216276,0.16975904,0.02881813
7604,0,1,0.029191375,0.018270612,0.031367864297654,0.0021764897,4.7371072e-06
7605,0,1,-0.03538513,-0.04017079,-0.0748699447397875,0.039484814,0.0015590505
7606,0,1,0.0694294,0.054848075,0.1319211191647926,0.062491715,0.0039052144
7607,0,1,-0.13305509,-0.12697351,-0.0372069083042549,0.09584819,0.009186875
7608,0,1,0.032312155,0.021118164,0.0824249063505084,0.050112754,0.002511288
7609,0,1,-0.08575153,-0.0843631,-0.1145754156789564,0.028823882,0.0008308162
7610,0,1,0.10844624,0.08977938,0.2969007620253376,0.18845451,0.035515103
7611,0,1,-0.2855463,-0.26256895,-0.3221705550972678,0.036624253,0.0013413359
7612,0,1,0.30832016,0.2491864,0.2687846699574792,0.039535493,0.0015630552
7613,0,1,-0.26008058,-0.24040604,-0.1306427614581056,0.12943782,0.016754149
7614,0,1,0.12418902,0.10362756,0.1097403618089121,0.014448658,0.00020876371
7615,0,1,-0.11208582,-0.10793769,-0.0062456458760229,0.10584018,0.011202143
7616,0,1,0.0017544031,-0.0067948103,-0.1270805797024881,0.12883498,0.016598452
7617,0,1,0.12070131,0.10057473,-0.0975382842215084,0.2182396,0.047628526
7618,0,1,0.09172249,0.07489765,0.1052079680673176,0.013485476,0.00018185808
7619,0,1,-0.10779023,-0.104034185,0.0613563294785184,0.16914657,0.028610561
7620,0,1,-0.06498039,-0.06612551,-0.075317099251283,0.010336712,0.00010684761
7621,0,1,0.06986964,0.0552454,0.0914414546731265,0.021571815,0.0004653432
7622,0,1,-0.09463382,-0.092157125,-0.08652249154191,0.008111328,6.579364e-05
7623,0,1,0.08089459,0.06518483,-0.0891041228604108,0.1699987,0.02889956
7624,0,1,0.08343291,0.0674665,-0.1511186192944766,0.23455153,0.05501442
7625,0,1,0.14420462,0.12095487,0.1975031714389967,0.053298548,0.0028407353
7626,0,1,-0.19447291,-0.1823498,-0.2734699258118975,0.078997016,0.0062405285
7627,0,1,0.2622882,0.21404755,0.1250513930540768,0.13723682,0.018833945
7628,0,1,-0.12657046,-0.12109041,-0.0690644830563385,0.05750598,0.0033069376
7629,0,1,0.06371343,0.049676776,-0.0070960349774313,0.07080947,0.005013981
7630,0,1,0.0025937557,-0.0060278177,-0.1545094246438956,0.15710318,0.02468141
7631,0,1,0.14751351,0.123784184,0.3110628444039622,0.16354933,0.026748385
7632,0,1,-0.2982806,-0.27356184,-0.1711123713879496,0.12716822,0.016171757
7633,0,1,0.16369188,0.1374538,0.1995515047913001,0.03585963,0.001285913
7634,0,1,-0.19637585,-0.18405199,-0.1930541786196924,0.0033216625,1.1033442e-05
7635,0,1,0.18500268,0.15498316,0.0663142873733566,0.1186884,0.014086936
7636,0,1,-0.069869995,-0.070418954,-0.0775023697609633,0.0076323748,5.8253143e-05
7637,0,1,0.07202065,0.05718839,0.0258127796578546,0.046207868,0.0021351671
7638,0,1,-0.02990079,-0.035372734,-0.0605410131902413,0.030640222,0.0009388232
7639,0,1,0.05531764,0.042063355,-0.0261836962212391,0.081501335,0.006642468
7640,0,1,0.0214355,0.011189103,-0.0028358296434218,0.024271328,0.0005890974
7641,0,1,-0.0016124249,-0.009872198,-0.0077334274938014,0.0061210026,3.7466674e-05
7642,0,1,0.003222704,-0.0054529905,0.0483129534190127,0.04509025,0.0020331307
7643,0,1,-0.05211115,-0.054830074,-0.0541580246970276,0.0020468757,4.1897e-06
7644,0,1,0.049027562,0.036346436,0.0104474321188523,0.03858013,0.0014884265
7645,0,1,-0.014729023,-0.021853447,-0.0901650216044325,0.075435996,0.0056905895
7646,0,1,0.084475994,0.06840348,0.0424515366526465,0.042024456,0.0017660549
7647,0,1,-0.046326637,-0.04975605,0.0357381413947244,0.08206478,0.0067346278
7648,0,1,-0.039699674,-0.04394865,0.1560619491728732,0.19576162,0.038322613
7649,0,1,-0.15576947,-0.14753604,-0.0805768637733475,0.0751926,0.005653927
7650,0,1,0.075045705,0.059918284,0.2175645612935561,0.14251886,0.020311626
7651,0,1,-0.21306682,-0.19894099,-0.3731577561328181,0.16009095,0.025629112
7652,0,1,0.3557502,0.27967346,0.310209731583235,0.04554048,0.0020739355
7653,0,1,-0.29751492,-0.2729032,-0.3945113163459968,0.0969964,0.009408301
7654,0,1,0.3753537,0.28961837,0.4643533247618541,0.08899963,0.007920934
7655,0,1,-0.43237448,-0.38397062,-0.3696551488202098,0.062719315,0.0039337124
7656,0,1,0.3525194,0.27785885,0.3089068713079357,0.04361251,0.001902051
7657,0,1,-0.29634535,-0.27189624,-0.2344149660002312,0.06193039,0.003835373
7658,0,1,0.22492969,0.18595612,0.4402076967421073,0.215278,0.046344616
7659,0,1,-0.41173482,-0.36801863,-0.468096180817638,0.056361347,0.0031766014
7660,0,1,0.44158375,0.32786357,0.4675512085148738,0.025967449,0.0006743084
7661,0,1,-0.435094,-0.38591325,-0.3507195888049377,0.0843744,0.007119039
7662,0,1,0.33498108,0.26726758,0.2992108762801335,0.035770208,0.0012795078
7663,0,1,-0.28762722,-0.2643702,-0.3701208170192878,0.0824936,0.0068051945
7664,0,1,0.35294926,0.278103,0.5773959342284136,0.22444665,0.0503763
7665,0,1,-0.5263529,-0.4489063,-0.5418253924467769,0.015472531,0.00023939923
7666,0,1,0.50563204,0.30523884,0.5581010778419955,0.052469015,0.0027529974
7667,0,1,-0.5106579,-0.4383502,-0.4295771525261986,0.081080765,0.0065740906
7668,0,1,0.40718114,0.31020248,0.3601087068925717,0.04707244,0.0022158145
7669,0,1,-0.3419509,-0.31071723,-0.2474087579146797,0.09454213,0.008938215
7670,0,1,0.23739874,0.19500816,0.2046655826310448,0.032733157,0.0010714596
7671,0,1,-0.20112276,-0.18829405,-0.0872438050567125,0.11387896,0.012968417
7672,0,1,0.08160365,0.06582284,0.1090597939166113,0.02745615,0.00075384014
7673,0,1,-0.111441374,-0.10735202,-0.0772129178345095,0.03422846,0.0011715874
7674,0,1,0.07173574,0.05693102,0.2284073370849506,0.1566716,0.02454599
7675,0,1,-0.22307563,-0.20782995,-0.1264847487655951,0.09659088,0.009329798
7676,0,1,0.12011778,0.100063324,-0.064601478997186,0.18471926,0.034121208
7677,0,1,0.059317827,0.04569304,-0.0444597926133185,0.10377762,0.010769794
7678,0,1,0.039465904,0.027641296,0.0180703619517565,0.021395542,0.0004577692
7679,0,1,-0.022256017,-0.028693438,-0.0829661630948064,0.060710147,0.003685722
7680,0,1,0.07739651,0.062036633,-0.019817016934932,0.09721353,0.00945047
7681,0,1,0.015151739,0.005448222,0.0974279626790262,0.082276225,0.0067693773
7682,0,1,-0.10040808,-0.0973258,-0.1285537004300432,0.028145626,0.0007921763
7683,0,1,0.122143745,0.101839066,0.0766434505307547,0.045500293,0.0020702768
7684,0,1,-0.080054045,-0.07936132,-0.2221659322814408,0.14211188,0.020195788
7685,0,1,0.21314156,0.17710459,0.1808118153386113,0.03232974,0.0010452119
7686,0,1,-0.17893052,-0.1684097,-0.291548981453078,0.11261845,0.012682915
7687,0,1,0.27945244,0.22760737,0.1470483774530826,0.13240406,0.017530834
7688,0,1,-0.14730239,-0.13987994,0.0235215881169355,0.17082398,0.02918083
7689,0,1,-0.027638435,-0.033394814,-0.0156599465586002,0.011978488,0.00014348418
7690,0,1,0.011048436,0.0016986132,0.1061171338595476,0.0950687,0.009038058
7691,0,1,-0.10865247,-0.104818106,-0.1988919759700493,0.09023951,0.008143169
7692,0,1,0.19065845,0.15953076,0.1089594381289611,0.08169901,0.006674729
7693,0,1,-0.111346245,-0.10726571,-0.1537452103423515,0.04239896,0.0017976718
7694,0,1,0.1467681,0.123147845,0.2412919968433182,0.09452391,0.008934769
7695,0,1,-0.23493052,-0.21831632,-0.3798743322554634,0.1449438,0.021008706
7696,0,1,0.3619336,0.28301585,0.2697000633684483,0.09223354,0.008507025
7697,0,1,-0.26091444,-0.24113452,-0.2052014837492006,0.055712968,0.003103935
7698,0,1,0.19676363,0.16438568,0.222473986934115,0.02571036,0.00066102255
7699,0,1,-0.21760237,-0.20297265,-0.1470444934263692,0.07055788,0.004978414
7700,0,1,0.14022684,0.11753881,0.2149131988464236,0.07468636,0.0055780527
7701,0,1,-0.2106154,-0.19675887,-0.3148917334708569,0.10427633,0.010873552
7702,0,1,0.30148304,0.24423802,0.371689860032576,0.07020682,0.0049289977
7703,0,1,-0.35216165,-0.3192786,-0.2603844585279267,0.091777176,0.00842305
7704,0,1,0.24981153,0.20392573,0.2416903918611785,0.008121133,6.59528e-05
7705,0,1,-0.2352966,-0.21863997,-0.0867612862095612,0.14853531,0.02206274
7706,0,1,0.08112943,0.06539643,-0.0073338787316357,0.088463314,0.007825758
7707,0,1,0.002828598,-0.0058134794,-0.1512771705161266,0.15410577,0.023748588
7708,0,1,0.14435911,0.12108743,0.0588446253646588,0.085514486,0.007312727
7709,0,1,-0.0625031,-0.06394994,-0.0327080452361689,0.029795054,0.00088774523
7710,0,1,0.027873755,0.01706767,-0.1583193733898302,0.18619312,0.03466788
7711,0,1,0.15122974,0.12694836,-0.1546017396492203,0.3058315,0.093532905
7712,0,1,0.14760327,0.12386072,0.1400849925623297,0.0075182766,5.652448e-05
7713,0,1,-0.14074981,-0.13394725,-0.0752900190707448,0.065459795,0.004284985
7714,0,1,0.06984317,0.05522096,0.0786845673477003,0.008841395,7.817027e-05
7715,0,1,-0.08206558,-0.081127524,-0.0025470854814337,0.0795185,0.0063231913
7716,0,1,-0.0018975735,-0.010132432,0.0979568609270804,0.09985443,0.009970908
7717,0,1,-0.10091019,-0.09778237,-0.1165335455145719,0.015623361,0.0002440894
7718,0,1,0.11036646,0.091477394,0.1204612809506324,0.010094814,0.00010190527
7719,0,1,-0.122232795,-0.11715305,-0.1838681308126868,0.06163533,0.003798914
7720,0,1,0.1760906,0.14772534,0.0697972423950843,0.10629336,0.011298278
7721,0,1,-0.07330513,-0.07343483,-0.1187047048256142,0.045399576,0.0020611216
7722,0,1,0.112494946,0.093357325,0.0370406625500174,0.07545428,0.005693348
7723,0,1,-0.040985584,-0.04507518,0.0946974987514261,0.13568309,0.0184099
7724,0,1,-0.09781504,-0.094969034,-0.140196573056416,0.04238154,0.0017961949
7725,0,1,0.13353491,0.111760855,0.0605434781438145,0.07299143,0.005327749
7726,0,1,-0.064178586,-0.06542134,-0.098886282305324,0.034707695,0.0012046241
7727,0,1,0.093046784,0.076081514,-0.0219757940744524,0.11502258,0.013230193
7728,0,1,0.017282367,0.007395029,-0.0816950874437485,0.098977454,0.0097965365
7729,0,1,0.07614589,0.060910106,0.2530991712413553,0.17695329,0.031312466
7730,0,1,-0.24575639,-0.22785258,0.0047996286369207,0.25055602,0.06277832
7731,0,1,-0.009152055,-0.01676035,0.0106413603634729,0.019793415,0.0003917793
7732,0,1,-0.014920354,-0.022027731,-0.1281592653636512,0.113238916,0.012823052
7733,0,1,0.121757865,0.10150027,0.2087660098491273,0.08700815,0.007570418
7734,0,1,-0.2049241,-0.1916871,-0.2180652184044669,0.013141111,0.00017268879
7735,0,1,0.20918787,0.17407668,0.1346282625945962,0.0745596,0.005559134
7736,0,1,-0.13560808,-0.12928784,-0.0026486338236475,0.13295944,0.017678212
7737,0,1,-0.0017976761,-0.010040998,-0.0116742903190674,0.009876614,9.754751e-05
7738,0,1,0.007113576,-0.0018974543,0.0962557089739801,0.08914214,0.007946321
7739,0,1,-0.09929478,-0.09631419,0.0661997427310956,0.16549453,0.02738844
7740,0,1,-0.06975734,-0.07032013,-0.3208357465789559,0.2510784,0.06304036
7741,0,1,0.30706775,0.24828804,0.1867422430607834,0.120325506,0.014478227
7742,0,1,-0.1844598,-0.17337584,-0.2497833971907483,0.06532359,0.0042671715
7743,0,1,0.23967326,0.19662249,0.4249454154077503,0.18527216,0.03432577
7744,0,1,-0.39859164,-0.35758555,-0.4639729382117823,0.06538129,0.004274713
7745,0,1,0.4379307,0.32701027,0.4427020333780149,0.004771322,2.2765515e-05
7746,0,1,-0.41387558,-0.36969876,-0.2694982328048472,0.14437735,0.020844819
7747,0,1,0.25850546,0.2110008,0.1636496575366222,0.0948558,0.008997623
7748,0,1,-0.16288388,-0.15395951,-0.3176685972202471,0.15478471,0.023958307
7749,0,1,0.30409348,0.24614012,0.3101788471076527,0.006085366,3.703168e-05
7750,0,1,-0.29748714,-0.27287924,-0.32329188673697,0.025804758,0.0006658855
7751,0,1,0.30937254,0.24993765,0.2749713887311584,0.03440115,0.001183439
7752,0,1,-0.2657119,-0.24532056,-0.1557523371632285,0.10995957,0.012091108
7753,0,1,0.14872587,0.124818325,-0.0334136027955909,0.18213947,0.033174787
7754,0,1,0.02856958,0.017703176,-0.1729524433886424,0.20152202,0.040611126
7755,0,1,0.16548145,0.13894868,0.2049189250572023,0.039437473,0.0015553143
7756,0,1,-0.20135796,-0.18850434,-0.2812999335457364,0.07994196,0.006390717
7757,0,1,0.26973283,0.21998513,0.1317571432734827,0.1379757,0.019037291
7758,0,1,-0.13290024,-0.1268332,-0.2151273865684617,0.082227156,0.006761305
7759,0,1,0.2063533,0.17188871,0.2635581239555813,0.057204813,0.0032723907
7760,0,1,-0.25531518,-0.23623765,-0.2815020869192854,0.026186913,0.0006857544
7761,0,1,0.26992452,0.22013748,0.1270068348390729,0.1429177,0.020425467
7762,0,1,-0.12841737,-0.12276614,-0.1634811555854896,0.03506379,0.0012294692
7763,0,1,0.15626061,0.13121045,0.2146012747330636,0.05834067,0.0034036336
7764,0,1,-0.21032655,-0.19650245,-0.2832670260034422,0.07294047,0.005320312
7765,0,1,0.2716006,0.22146189,0.0728977428218895,0.19870287,0.039482832
7766,0,1,-0.07636142,-0.0761193,0.0119800333038042,0.08834145,0.007804212
7767,0,1,-0.016242027,-0.023234367,-0.0408212065506115,0.024579179,0.00060413603
7768,0,1,0.035877228,0.024370074,-0.0165366199978971,0.052413847,0.0027472114
7769,0,1,0.011914015,0.0024893284,0.207576450208651,0.19566244,0.03828379
7770,0,1,-0.20382166,-0.19070351,-0.1639947405189576,0.039826915,0.0015861831
7771,0,1,0.15676105,0.13163292,0.2668860049165678,0.110124946,0.012127504
7772,0,1,-0.2583506,-0.23889363,-0.331398503527919,0.073047906,0.0053359964
7773,0,1,0.3169657,0.2552749,0.2149471440798691,0.10201855,0.010407785
7774,0,1,-0.21064663,-0.19678712,0.0936554318352871,0.30430207,0.09259975
7775,0,1,-0.09681392,-0.09406924,-0.2934337000956641,0.19661978,0.038659338
7776,0,1,0.28123724,0.22898948,0.2492801013665697,0.03195715,0.0010212593
7777,0,1,-0.24225843,-0.22477579,-0.3133810800409635,0.07112265,0.0050584306
7778,0,1,0.30006206,0.24319589,0.2250140285198989,0.07504803,0.005632207
7779,0,1,-0.21994627,-0.20505428,-0.1790641826685801,0.04088208,0.0016713445
7780,0,1,0.17142403,0.14388216,0.2583672247699982,0.08694318,0.0075591165
7781,0,1,-0.2505747,-0.2320832,-0.2908482626659145,0.040273547,0.0016219586
7782,0,1,0.27878916,0.22709215,0.549419442563442,0.2706303,0.07324076
7783,0,1,-0.50354576,-0.43353188,-0.5482024771590523,0.044656694,0.0019942203
7784,0,1,0.51105297,0.2993878,0.3327688805543347,0.17828408,0.031785212
7785,0,1,-0.31769156,-0.2901833,-0.295336467633247,0.02235511,0.0004997509
7786,0,1,0.28303802,0.2303778,0.4509664875061465,0.16792846,0.028199967
7787,0,1,-0.42095494,-0.37523675,-0.454411053981905,0.033456117,0.0011193118
7788,0,1,0.42943084,0.32433403,0.449626425793207,0.020195574,0.0004078612
7789,0,1,-0.41980863,-0.37434137,-0.2335319045423751,0.18627672,0.034699015
7790,0,1,0.22408116,0.18532741,0.1485545423412957,0.07552661,0.005704269
7791,0,1,-0.14871848,-0.14116096,-0.1704552442293041,0.02173677,0.0004724872
7792,0,1,0.16305196,0.13691878,0.2614680477765121,0.09841609,0.009685727
7793,0,1,-0.25340736,-0.23456693,-0.2300796252240251,0.023327738,0.00054418336
7794,0,1,0.22076142,0.18285692,0.3114753856010857,0.09071398,0.008229026
7795,0,1,-0.29865062,-0.27388036,-0.2368640444265399,0.061786577,0.003817581
7796,0,1,0.22728312,0.18768942,0.190538623847585,0.03674449,0.0013501575
7797,0,1,-0.18799579,-0.17654693,-0.0645681844451253,0.12342761,0.015234374
7798,0,1,0.05928552,0.045663238,-0.0184629060485623,0.077748425,0.0060448176
7799,0,1,0.013815284,0.004226804,0.0496868554624465,0.035871573,0.0012867698
7800,0,1,-0.053467274,-0.056019425,0.1393897914867141,0.19285707,0.03719385
7801,0,1,-0.14009476,-0.13335407,-0.2048695249543364,0.06477477,0.0041957702
7802,0,1,0.19644272,0.16413176,0.1714179842627066,0.025024742,0.0006262377
7803,0,1,-0.17015505,-0.16051424,-0.1502921761367748,0.019862875,0.00039453382
7804,0,1,0.14339757,0.12026334,-0.0372845543355633,0.18068212,0.03264603
7805,0,1,0.032388687,0.02118802,0.2328805075491076,0.20049182,0.040196966
7806,0,1,-0.22719598,-0.21148026,-0.3517452096657305,0.12454924,0.015512513
7807,0,1,0.33593452,0.2678727,0.3609003440634051,0.024965823,0.0006232923
7808,0,1,-0.34265018,-0.3113048,-0.2166644363621654,0.12598574,0.015872408
7809,0,1,0.20783651,0.17303574,0.35542394673498,0.14758745,0.021782055
7810,0,1,-0.3378098,-0.3072306,-0.258755643058203,0.07905415,0.006249558
7811,0,1,0.24825537,0.202649,0.2937143610389328,0.045459002,0.002066521
7812,0,1,-0.28267384,-0.26007938,-0.3265528742356645,0.043879032,0.0019253695
7813,0,1,0.31242955,0.25210464,0.3846037323682429,0.07217419,0.005209114
7814,0,1,-0.36350012,-0.3287282,-0.4228419873710625,0.059341878,0.0035214585
7815,0,1,0.40110457,0.30569708,0.3867250804047228,0.014379501,0.00020677006
7816,0,1,-0.36535788,-0.3302709,-0.3159286260328195,0.049429238,0.0024432496
7817,0,1,0.30245793,0.24495041,0.3706105372307797,0.06815261,0.0046447776
7818,0,1,-0.35121155,-0.31848407,-0.2652603832884996,0.08595118,0.007387605
7819,0,1,0.2544657,0.20772517,0.3527044427515216,0.09823874,0.00965085
7820,0,1,-0.33540225,-0.30520093,-0.2450917384207283,0.090310514,0.0081559885
7821,0,1,0.23517811,0.19342077,0.1809552523346604,0.054222867,0.0029401192
7822,0,1,-0.17906415,-0.16853023,-0.0755749588741656,0.1034892,0.010710014
7823,0,1,0.07012379,0.055474997,0.1482259001886081,0.07810211,0.00609994
7824,0,1,-0.14840913,-0.14088166,-0.1087057250039651,0.039703406,0.0015763604
7825,0,1,0.1026876,0.084673285,0.0429011073316589,0.05978649,0.0035744244
7826,0,1,-0.046770334,-0.050145388,-0.0273097153337533,0.019460618,0.00037871566
7827,0,1,0.02254653,0.012203932,0.064537936713453,0.041991405,0.0017632782
7828,0,1,-0.068118334,-0.068881035,0.0286206237656632,0.09673896,0.009358426
7829,0,1,-0.032672882,-0.037797093,-0.0458458670306791,0.013172984,0.00017352751
7830,0,1,0.0408324,0.028886318,0.083583879083579,0.042751476,0.0018276888
7831,0,1,-0.0868938,-0.08536565,-0.1874035964942855,0.10050979,0.010102218
7832,0,1,0.1795224,0.15053308,0.163565881432474,0.015956521,0.00025461055
7833,0,1,-0.1628058,-0.15388894,-0.1481530187570305,0.014652774,0.00021470377
7834,0,1,0.14130914,0.11847067,0.1978438539157248,0.056534708,0.003196173
7835,0,1,-0.19478953,-0.1826328,-0.2811711920722199,0.086381674,0.0074617937
7836,0,1,0.26961052,0.21988833,0.218181238853574,0.051429287,0.0026449715
7837,0,1,-0.21363688,-0.19944811,-0.2740747253811162,0.060437858,0.0036527347
7838,0,1,0.26286352,0.21451032,0.13574578663524,0.12711772,0.016158916
7839,0,1,-0.13666153,-0.13024282,-0.069336579106974,0.06732495,0.004532649
7840,0,1,0.06398201,0.049919367,-0.038349775631512,0.10233179,0.010471795
7841,0,1,0.033439636,0.022146463,-0.0250640196219718,0.058503658,0.003422678
7842,0,1,0.02033031,0.01017952,0.0747986015414263,0.05446829,0.0029667944
7843,0,1,-0.07823539,-0.07776439,0.0164022025563341,0.09463759,0.008956273
7844,0,1,-0.020608664,-0.027219296,0.1542362397353767,0.1748449,0.030570742
7845,0,1,-0.1540556,-0.14598715,-0.1604761924306619,0.0064205974,4.122407e-05
7846,0,1,0.15333259,0.12873304,0.2721849508385594,0.11885235,0.014125881
7847,0,1,-0.26317704,-0.2431097,-0.2922294501891089,0.029052407,0.00084404234
7848,0,1,0.28009713,0.22810733,0.3776016774054718,0.097504556,0.009507138
7849,0,1,-0.35735857,-0.32361722,-0.3596051865341039,0.0022466183,5.0472936e-06
7850,0,1,0.34322608,0.2723943,0.195078249719881,0.14814782,0.021947777
7851,0,1,-0.19221914,-0.18033183,0.0056249682304181,0.1978441,0.03914229
7852,0,1,-0.009967089,-0.017503858,0.107245780326135,0.11721287,0.013738857
7853,0,1,-0.10972214,-0.1057899,-0.0200913661116337,0.08963077,0.008033674
7854,0,1,0.015422583,0.005695462,-0.0611712612832178,0.076593846,0.0058666174
7855,0,1,0.05593896,0.042626858,-0.1567015434929868,0.21264051,0.045215987
7856,0,1,0.14965189,0.12560725,-0.0403051708680073,0.18995705,0.036083683
7857,0,1,0.035368085,0.023905993,0.0828302690401712,0.047462188,0.0022526593
7858,0,1,-0.08615136,-0.08471382,-0.2126574813076194,0.12650612,0.016003799
7859,0,1,0.20396912,0.17003739,0.2764395032884563,0.0724704,0.0052519585
7860,0,1,-0.26704717,-0.24648356,-0.3216209810051336,0.054573804,0.0029783002
7861,0,1,0.30780494,0.24881756,0.4701823652012236,0.16237742,0.026366426
7862,0,1,-0.43732905,-0.38750708,-0.3633608756252398,0.07396817,0.0054712906
7863,0,1,0.3467027,0.27447927,0.2273235877379618,0.1193791,0.01425137
7864,0,1,-0.2220769,-0.20694387,-0.1076526685927452,0.11442422,0.0130929025
7865,0,1,0.10165417,0.08375502,0.2275083708958589,0.1258542,0.015839279
7866,0,1,-0.22224724,-0.20709527,-0.3002453805666107,0.07799813,0.0060837087
7867,0,1,0.28767788,0.23392928,0.2945232054808875,0.006845325,4.6858477e-05
7868,0,1,-0.28340292,-0.26071203,-0.5089000459079303,0.22549713,0.050848953
7869,0,1,0.47733605,0.3250388,0.380011374858461,0.09732467,0.009472092
7870,0,1,-0.35947382,-0.32537973,-0.2101215175248481,0.14935231,0.022306113
7871,0,1,0.20151937,0.16812623,0.2298646100109993,0.028345242,0.00080345274
7872,0,1,-0.22441864,-0.20902002,-0.2858863188015359,0.061467677,0.0037782753
7873,0,1,0.27408564,0.22341835,0.3125248212681122,0.038439184,0.0014775709
7874,0,1,-0.29959226,-0.27469027,-0.223389758159171,0.0762025,0.0058068205
7875,0,1,0.21432054,0.17800176,0.3165248563029961,0.10220432,0.010445723
7876,0,1,-0.30317724,-0.2777704,-0.5422758620655406,0.23909861,0.057168145
7877,0,1,0.5060152,0.3048476,0.3880278329808286,0.117987335,0.013921011
7878,0,1,-0.366498,-0.33121657,-0.4051301955506601,0.038632214,0.0014924479
7879,0,1,0.38504112,0.29376256,0.3312392925014882,0.053801835,0.0028946374
7880,0,1,-0.31632805,-0.28902137,-0.124249199103936,0.19207886,0.036894288
7881,0,1,0.11792815,0.09814191,-0.004606902515843,0.12253505,0.015014838
7882,0,1,0.0001360178,-0.008273721,0.0912168483299045,0.09108083,0.008295718
7883,0,1,-0.09441233,-0.09196305,-0.0705598493762802,0.023852475,0.00056894054
7884,0,1,0.06518626,0.051009893,0.0188556623264279,0.0463306,0.0021465246
7885,0,1,-0.023031235,-0.029370666,-0.0978043380155795,0.0747731,0.0055910167
7886,0,1,0.09198403,0.0751313,0.0832315418844724,0.008752495,7.660617e-05
7887,0,1,-0.08654618,-0.08506107,0.0438802606066643,0.13042644,0.017011056
7888,0,1,-0.047736645,-0.050992608,-0.1442590799609167,0.096522436,0.00931658
7889,0,1,0.13750517,0.1151948,-0.0257573742742185,0.16326255,0.026654659
7890,0,1,0.02101469,0.010804892,0.0651185990074447,0.044103906,0.0019451545
7891,0,1,-0.068691134,-0.0693841,-0.0054234206241536,0.063267715,0.004002804
7892,0,1,0.00094246864,-0.0075372458,0.1676518562054043,0.1667094,0.027792022
7893,0,1,-0.16663182,-0.15733957,-0.0375612861301934,0.12907054,0.016659204
7894,0,1,0.032661796,0.021437287,0.0824565402118411,0.04979474,0.0024795162
7895,0,1,-0.085783005,-0.08439064,-0.2598071094282095,0.1740241,0.03028439
7896,0,1,0.24926007,0.20347321,0.2085493244994147,0.040710747,0.0016573649
7897,0,1,-0.204723,-0.1915083,-0.1757571606629875,0.028965846,0.00083902024
7898,0,1,0.16820943,0.14121854,0.0270948320732207,0.14111461,0.019913333
7899,0,1,-0.031166315,-0.036479115,0.1192281750514443,0.1503945,0.022618506
7900,0,1,-0.12106645,-0.11609471,-0.0397049303199192,0.08136152,0.0066196965
7901,0,1,0.03477633,0.023366094,0.088039806307407,0.053263478,0.002836998
7902,0,1,-0.09128344,-0.08921778,0.0150826732017237,0.10636611,0.01131375
7903,0,1,-0.019305587,-0.026030064,-0.0457599543188529,0.026454367,0.0006998335
7904,0,1,0.04074776,0.028809309,0.1856550051398071,0.14490724,0.020998107
7905,0,1,-0.18344676,-0.1724664,-0.2029191259047851,0.01947236,0.00037917282
7906,0,1,0.19455636,0.16263664,0.0011526973993283,0.19340366,0.037404977
7907,0,1,-0.005550623,-0.013470173,0.0377807050188614,0.04333133,0.001877604
7908,0,1,-0.04171586,-0.045714974,-0.0081881604630678,0.033527702,0.0011241068
7909,0,1,0.0036717653,-0.005042553,0.1345057993426259,0.13083403,0.017117543
7910,0,1,-0.13549268,-0.12918329,-0.2381543810934867,0.1026617,0.010539425
7911,0,1,0.22852218,0.18859804,0.230512610953548,0.0019904226,3.961782e-06
7912,0,1,-0.22501588,-0.20954919,-0.3211227295106653,0.09610686,0.009236528
7913,0,1,0.30733716,0.24848163,0.3276210949627811,0.020283937,0.00041143812
7914,0,1,-0.31309986,-0.28626657,-0.4367046360511823,0.123604774,0.01527814
7915,0,1,0.41359246,0.3147291,0.4213536840336631,0.00776124,6.0236845e-05
7916,0,1,-0.39548767,-0.355057,-0.4411876076181433,0.045699954,0.0020884858
7917,0,1,0.4176153,0.31743968,0.3445880226271736,0.07302728,0.005332984
7918,0,1,-0.32820523,-0.29911542,-0.3642892703840579,0.036084056,0.001302059
7919,0,1,0.34756148,0.27498686,0.3232670530848496,0.024294436,0.0005902196
7920,0,1,-0.30921042,-0.28294146,-0.4273200529523906,0.11810964,0.013949888
7921,0,1,0.40514672,0.30871546,0.378073664336662,0.027073056,0.00073295034
7922,0,1,-0.35777295,-0.3239628,-0.3640397484918607,0.0062668025,3.9272814e-05
7923,0,1,0.3473307,0.27485144,0.2218833308595733,0.12544736,0.01573704
7924,0,1,-0.21705723,-0.20248854,-0.306722162929667,0.089664936,0.0080398
7925,0,1,0.2937907,0.23854315,0.2874545884015604,0.0063361228,4.0146453e-05
7926,0,1,-0.2770226,-0.25517225,-0.3609953859493842,0.08397278,0.0070514283
7927,0,1,0.34451354,0.27317202,0.3723284361395806,0.027814895,0.0007736684
7928,0,1,-0.35272336,-0.31974816,-0.2788322794299362,0.07389107,0.0054598907
7929,0,1,0.267388,0.21812522,0.3715153179472723,0.10412732,0.010842498
7930,0,1,-0.3520081,-0.31915033,-0.4371130360243787,0.08510494,0.0072428514
7931,0,1,0.41395915,0.31498086,0.1982956978963181,0.21566345,0.046510722
7932,0,1,-0.1952095,-0.18300843,-0.0929481647422003,0.10226134,0.010457383
7933,0,1,0.08721185,0.070858,0.1928922549737606,0.105680406,0.011168349
7934,0,1,-0.19018579,-0.17851079,-0.0490806281074427,0.14110516,0.019910667
7935,0,1,0.044022083,0.03179109,0.0346302240970299,0.009391859,8.8207016e-05
7936,0,1,-0.038606048,-0.042990565,0.0092763598980829,0.047882408,0.002292725
7937,0,1,-0.013572574,-0.020796776,0.0207471590462244,0.034319732,0.001177844
7938,0,1,-0.024899244,-0.03100121,-0.0103856358909582,0.014513608,0.00021064482
7939,0,1,0.005841255,-0.0030596256,-0.0523725232036991,0.058213778,0.003388844
7940,0,1,0.047267675,0.034745336,0.0650043268240854,0.017736651,0.00031458877
7941,0,1,-0.06857824,-0.069285035,-0.0823355513620003,0.013757311,0.0001892636
7942,0,1,0.076776385,0.06147766,0.0400901034864387,0.036686283,0.0013458834
7943,0,1,-0.0439955,-0.047712803,0.0705338821864913,0.11452938,0.013116979
7944,0,1,-0.07403159,-0.07407284,-0.0850449251681468,0.0110133365,0.00012129358
7945,0,1,0.07944119,0.06387758,-0.0696448402030613,0.14908603,0.022226645
7946,0,1,0.0642854,0.050194383,0.0620705584820773,0.0022148378,4.9055066e-06
7947,0,1,-0.065684915,-0.06674385,-0.0729864873620156,0.0073015764,5.331302e-05
7948,0,1,0.06757522,0.053171635,0.0610744310455457,0.0065007843,4.2260195e-05
7949,0,1,-0.06470239,-0.06588125,-0.1314862426910712,0.066783845,0.004460082
7950,0,1,0.12501442,0.1043489,0.0067759579416828,0.118238464,0.013980335
7951,0,1,-0.01110363,-0.018541813,-0.1065445288840976,0.0954409,0.009108965
7952,0,1,0.10056639,0.082787275,0.0381407653770244,0.06242562,0.0038969582
7953,0,1,-0.042071342,-0.046026587,-0.0453835120061614,0.0033121705,1.0970473e-05
7954,0,1,0.0403769,0.02847159,0.0681963423884275,0.02781944,0.0007739212
7955,0,1,-0.071726084,-0.07204878,-0.1563283991637611,0.08460231,0.007157551
7956,0,1,0.14928818,0.12529755,0.1779539379257089,0.028665766,0.00082172616
7957,0,1,-0.17626286,-0.16601145,-0.3709694491992914,0.19470659,0.037910655
7958,0,1,0.35373223,0.2785455,0.3852963854974154,0.031564146,0.0009962954
7959,0,1,-0.36410666,-0.3292321,-0.4190834113366519,0.05497676,0.0030224442
7960,0,1,0.39770615,0.30309474,0.3374686855319424,0.060237467,0.0036285524
7961,0,1,-0.32187724,-0.2937454,-0.2613907366116088,0.060486495,0.0036586162
7962,0,1,0.25077283,0.20471227,0.2105225762261684,0.040250257,0.0016200831
7963,0,1,-0.20655131,-0.19313824,-0.2837336797189353,0.07718235,0.0059571154
7964,0,1,0.27204335,0.22181118,0.221499693809138,0.05054365,0.0025546607
7965,0,1,-0.21670282,-0.20217347,-0.3535587448090311,0.13685593,0.018729545
7966,0,1,0.33761847,0.26893413,0.434485231226702,0.09686676,0.009383169
7967,0,1,-0.40681565,-0.36414933,-0.3342660191464432,0.07254964,0.0052634506
7968,0,1,0.3196472,0.25712216,0.4074275873578201,0.087780386,0.007705396
7969,0,1,-0.38341582,-0.34517884,-0.3390767369230225,0.04433909,0.001965955
7970,0,1,0.32413924,0.26017034,0.2935712529578393,0.030567974,0.000934401
7971,0,1,-0.2825445,-0.25996745,-0.2697583240713221,0.01278618,0.00016348639
7972,0,1,0.25875342,0.21120131,0.2608267069541885,0.002073288,4.298523e-06
7973,0,1,-0.25282156,-0.23405361,-0.3167896973679431,0.06396812,0.004091921
7974,0,1,0.30326784,0.24554026,0.3196493107390765,0.016381472,0.00026835263
7975,0,1,-0.30597448,-0.2801702,-0.3252753015044221,0.019300818,0.00037252158
7976,0,1,0.31123197,0.25125873,0.3226368073491106,0.011404842,0.00013007042
7977,0,1,-0.30864704,-0.28245902,-0.4707937871434537,0.16214675,0.026291568
7978,0,1,0.4439696,0.32832062,0.4473493437754168,0.0033797324,1.1422591e-05
7979,0,1,-0.4178592,-0.372818,-0.5072672611612086,0.08940804,0.007993798
7980,0,1,0.4759196,0.32558692,0.3284110327527798,0.14750856,0.021758776
7981,0,1,-0.31380534,-0.2868687,-0.4869388228770945,0.17313349,0.029975206
7982,0,1,0.45818484,0.32925045,0.4848649644688916,0.026680112,0.00071182835
7983,0,1,-0.4497584,-0.39632142,-0.297701241593425,0.15205717,0.023121383
7984,0,1,0.2852739,0.2320944,0.2155719058681866,0.069702,0.0048583685
7985,0,1,-0.21122468,-0.19730163,-0.1297774711105499,0.0814472,0.0066336463
7986,0,1,0.12334216,0.10288715,0.2368677620735348,0.1135256,0.012888062
7987,0,1,-0.23086464,-0.21472561,-0.1793038377242308,0.051560804,0.0026585166
7988,0,1,0.17165697,0.14407468,0.0203113580762608,0.15134561,0.022905493
7989,0,1,-0.02446866,-0.03062582,-0.0093632837323009,0.015105377,0.00022817242
7990,0,1,0.0048322678,-0.003982067,-0.0391914190390931,0.044023685,0.0019380848
7991,0,1,0.03426957,0.02290392,-0.0475900602506202,0.08185963,0.0067009996
7992,0,1,0.04255247,0.030453444,0.1426451679514537,0.100092694,0.010018547
7993,0,1,-0.14315999,-0.13612998,-0.3039587111186768,0.16079873,0.02585623
7994,0,1,0.29118407,0.23658454,0.1960610881589219,0.09512298,0.009048381
7995,0,1,-0.19313252,-0.18114972,-0.2008260525120506,0.007693529,5.919039e-05
7996,0,1,0.19253075,0.16102564,0.1032721658042987,0.08925859,0.007967096
7997,0,1,-0.10595453,-0.10236621,-0.1705785680260703,0.06462404,0.0041762665
7998,0,1,0.16317165,0.13701952,0.153282723289857,0.009888932,9.779098e-05
7999,0,1,-0.1531601,-0.14517796,-0.1077031087630397,0.045456983,0.0020663373
8000,0,1,0.10170388,0.08379853,0.2171982103840608,0.115494326,0.013338939
8001,0,1,-0.21272826,-0.19864011,-0.234887414090205,0.02215916,0.00049102836
8002,0,1,0.22538364,0.18629134,0.1305790159943891,0.09480463,0.008987918
8003,0,1,-0.13178873,-0.12582469,-0.3945559598189918,0.26276723,0.06904662
8004,0,1,0.37539446,0.2896365,0.3730439345134024,0.002350539,5.5250334e-06
8005,0,1,-0.3533528,-0.32027388,-0.1850231412286569,0.16832964,0.028334867
8006,0,1,0.17721212,0.14864409,0.0304849257084347,0.14672719,0.021528868
8007,0,1,-0.034513593,-0.03940761,0.0623209332344043,0.096834525,0.009376925
8008,0,1,-0.065932155,-0.06696069,0.1390597606362578,0.20499192,0.042021688
8009,0,1,-0.13978422,-0.13307261,-0.2506953433408994,0.11091113,0.012301279
8010,0,1,0.24054682,0.19723928,0.2414797200853444,0.0009329021,8.7030634e-07
8011,0,1,-0.23510277,-0.21846926,-0.270219129452063,0.035116345,0.0012331577
8012,0,1,0.25919282,0.2115556,0.1410431755923584,0.11814965,0.013959341
8013,0,1,-0.1416521,-0.13476443,-0.0502814259684256,0.09137068,0.008348601
8014,0,1,0.04520607,0.03286898,0.1592699947941536,0.11406392,0.013010577
8015,0,1,-0.15877867,-0.15025425,-0.0334073549512925,0.1253713,0.015717965
8016,0,1,0.028563142,0.017697215,0.0105182901134033,0.018044852,0.00032561668
8017,0,1,-0.01479888,-0.021916747,-0.2125675786014098,0.1977687,0.03911246
8018,0,1,0.2038821,0.1699704,0.338712298744851,0.1348302,0.018179184
8019,0,1,-0.32298338,-0.29468524,-0.4017767691394065,0.07879338,0.006208396
8020,0,1,0.38198626,0.29251683,0.2865678840529566,0.095418364,0.009104664
8021,0,1,-0.27622092,-0.25447512,-0.1850752429578335,0.09114568,0.008307535
8022,0,1,0.17726243,0.14868581,0.2186629282416941,0.041400507,0.001714002
8023,0,1,-0.21408212,-0.199844,-0.225489037959006,0.011406913,0.00013011767
8024,0,1,0.2163428,0.17953408,0.3137553495129725,0.09741256,0.009489207
8025,0,1,-0.30069518,-0.27563894,-0.2069169449657217,0.09377824,0.008794358
8026,0,1,0.19842231,0.16569412,0.298005002899069,0.0995827,0.009916714
8027,0,1,-0.28654087,-0.26343048,-0.2434056747416464,0.043135196,0.0018606451
8028,0,1,0.2335614,0.19225848,0.1473093752095118,0.08625202,0.007439411
8029,0,1,-0.14754784,-0.14010215,-0.189322139332362,0.041774303,0.0017450923
8030,0,1,0.18138349,0.15204895,0.0529174845872861,0.12846601,0.016503517
8031,0,1,-0.05665517,-0.05881691,0.0888713048093277,0.14552647,0.021177953
8032,0,1,-0.09210229,-0.08993614,-0.2764204784708919,0.18431818,0.033973195
8033,0,1,0.2650951,0.21629655,0.3688808087234119,0.10378569,0.01077147
8034,0,1,-0.34968877,-0.3172096,-0.4732064253961712,0.12351766,0.015256613
8035,0,1,0.44610155,0.32865822,0.5661966533839065,0.120095134,0.014422841
8036,0,1,-0.5172597,-0.4428048,-0.5917956609261055,0.074535966,0.00555561
8037,0,1,0.5475689,0.20829213,0.495324419744233,0.052244484,0.0027294862
8038,0,1,-0.45856893,-0.4025197,-0.474685151414534,0.016116232,0.00025973291
8039,0,1,0.4474064,0.32883275,0.51847979183358,0.07107335,0.0050514215
8040,0,1,-0.47794318,-0.4160062,-0.6264743731025622,0.1485312,0.022061517
8041,0,1,0.57591903,0.11731434,0.4993198040203574,0.07659924,0.0058674435
8042,0,1,-0.4619248,-0.40486968,-0.2774870697111753,0.18443772,0.034017272
8043,0,1,0.2661096,0.21710622,0.2189357525865392,0.047173828,0.0022253701
8044,0,1,-0.21433413,-0.20006847,-0.2194457713959376,0.0051116347,2.612881e-05
8045,0,1,0.21051943,0.17509949,0.3254736461509788,0.1149542,0.013214469
8046,0,1,-0.31118214,-0.28462803,-0.4304538599106078,0.119271725,0.014225745
8047,0,1,0.4079708,0.3107723,0.5040959619893932,0.096125185,0.009240052
8048,0,1,-0.4659295,-0.40766668,-0.4913573316230764,0.025427818,0.00064657396
8049,0,1,0.46205556,0.3289343,0.4766009513857778,0.014545381,0.00021156811
8050,0,1,-0.44277096,-0.39137614,-0.3971444721519594,0.04562649,0.0020817767
8051,0,1,0.3777598,0.2906989,0.2161798006028086,0.16158001,0.0261081
8052,0,1,-0.21178675,-0.19780183,-0.1748044876038461,0.036982253,0.001367687
8053,0,1,0.16728318,0.14044857,0.1858113715694245,0.018528193,0.00034329394
8054,0,1,-0.18359232,-0.17259765,-0.0146241986371868,0.16896813,0.028550228
8055,0,1,0.01002562,0.00076401234,0.1307739540698242,0.120748326,0.0145801585
8056,0,1,-0.13197303,-0.12599182,-0.2353035318173282,0.10333051,0.010677194
8057,0,1,0.22578418,0.1865865,0.2085044996616856,0.017279685,0.0002985875
8058,0,1,-0.2046814,-0.1914711,-0.1008662651518634,0.10381513,0.0107775815
8059,0,1,0.094991565,0.07781887,0.1077281021196714,0.012736537,0.00016221937
8060,0,1,-0.11017895,-0.106205344,-0.1261368430192724,0.015957892,0.00025465433
8061,0,1,0.119776726,0.099764705,0.1005154736486735,0.019261248,0.0003709957
8062,0,1,-0.103339076,-0.099989414,-0.0744098192291644,0.028929256,0.00083690183
8063,0,1,0.06897664,0.05443847,-0.0022200166999566,0.07119666,0.0050689643
8064,0,1,-0.0022206306,-0.010427356,0.0204084774780322,0.022629108,0.00051207654
8065,0,1,-0.024564862,-0.030709267,-0.0301529970603624,0.0055881348,3.122725e-05
8066,0,1,0.025352716,0.0147663355,0.0653417201277786,0.039989002,0.0015991203
8067,0,1,-0.06891143,-0.06957686,-0.3162526626082755,0.24734122,0.06117768
8068,0,1,0.30276263,0.24517238,0.4296326751993209,0.12687004,0.016096005
8069,0,1,-0.40263593,-0.36085105,-0.3883316023284777,0.01430434,0.00020461415
8070,0,1,0.3696972,0.28695,0.5175314400782625,0.14783424,0.021854963
8071,0,1,-0.47715354,-0.41546035,-0.4931100434475552,0.015956491,0.00025460962
8072,0,1,0.4635886,0.3287369,0.3596041443119666,0.103984445,0.010812765
8073,0,1,-0.3415053,-0.31034243,-0.3746339571408421,0.03312868,0.0010975094
8074,0,1,0.35711062,0.280424,0.2526401976911596,0.10447043,0.010914071
8075,0,1,-0.24533617,-0.22748315,-0.2489309454676256,0.003594771,1.2922379e-05
8076,0,1,0.23885715,0.19604433,0.2153826278266171,0.02347453,0.00055105356
8077,0,1,-0.21104944,-0.19714582,-0.089380282259031,0.12166916,0.014803384
8078,0,1,0.08370483,0.067711115,0.0219675813683697,0.061737247,0.0038114877
8079,0,1,-0.026103735,-0.032053947,-0.1859255711992351,0.15982184,0.02554302
8080,0,1,0.17808759,0.14936101,-0.0096986529216451,0.18778625,0.035263676
8081,0,1,0.0051631927,-0.0036799908,0.1677649480141225,0.16260175,0.02643933
8082,0,1,-0.16673732,-0.15743494,-0.1127534599257362,0.05398386,0.002914257
8083,0,1,0.10665858,0.08819687,0.058047264386746,0.048611313,0.0023630597
8084,0,1,-0.0617162,-0.06325948,-0.0792916162524703,0.01757542,0.0003088954
8085,0,1,0.07378125,0.058777094,0.1169017982757765,0.043120548,0.0018593817
8086,0,1,-0.118866324,-0.1140964,-0.0549168235636097,0.063949496,0.004089538
8087,0,1,0.04977548,0.037026882,0.1266992997037659,0.07692382,0.0059172735
8088,0,1,-0.12812674,-0.122502685,-0.1403328036123092,0.012206063,0.00014898797
8089,0,1,0.13366795,0.111876726,0.1246740959451764,0.008993849,8.0889324e-05
8090,0,1,-0.12621379,-0.12076688,-0.0002630844215858,0.12595071,0.01586358
8091,0,1,-0.0041526556,-0.012192845,0.0880420742244916,0.09219473,0.008499868
8092,0,1,-0.09128535,-0.08921969,-0.0156379747751955,0.07564737,0.0057225246
8093,0,1,0.011026263,0.001678586,-0.0207011730408603,0.031727437,0.0010066302
8094,0,1,0.016024828,0.0062459707,-0.128068821420467,0.14409365,0.02076298
8095,0,1,0.121669054,0.101423144,0.1965502380118537,0.07488118,0.0056071915
8096,0,1,-0.1935873,-0.1815567,-0.1256898521284561,0.067897454,0.0046100644
8097,0,1,0.11933923,0.09937978,0.0387281055786936,0.080611125,0.0064981533
8098,0,1,-0.042651296,-0.04653454,0.0193285026809189,0.0619798,0.0038414956
8099,0,1,-0.023498178,-0.029778004,-0.1701542089876915,0.14665604,0.021507993
8100,0,1,0.16275871,0.13667381,0.0173306232982095,0.14542809,0.02114933
8101,0,1,-0.021525383,-0.028055668,0.0250964935534172,0.046621874,0.002173599
8102,0,1,-0.029193282,-0.0347538,-0.1540692528585034,0.12487598,0.01559401
8103,0,1,0.14708436,0.123417854,0.3856266615198851,0.23854232,0.05690244
8104,0,1,-0.36439633,-0.32947242,-0.2687655153166504,0.095630825,0.009145254
8105,0,1,0.25780737,0.21043622,0.2945492557808975,0.036741883,0.0013499659
8106,0,1,-0.2834264,-0.2607323,-0.281272555889259,0.0021538436,4.6390423e-06
8107,0,1,0.2697066,0.21996486,0.0576082639435424,0.21209835,0.044985708
8108,0,1,-0.06128323,-0.06287968,-0.1906077413790126,0.12932451,0.016724829
8109,0,1,0.18263066,0.15306199,0.1423774033520957,0.04025325,0.0016203243
8110,0,1,-0.14290786,-0.13590157,-0.0894462194456489,0.05346164,0.002858147
8111,0,1,0.08376956,0.06776917,0.1265501418344705,0.042780578,0.0018301778
8112,0,1,-0.12798584,-0.12237501,-0.21081067304321,0.08282484,0.0068599544
8113,0,1,0.20218527,0.16864693,0.1929112453736026,0.009274021,8.6007465e-05
8114,0,1,-0.19020355,-0.17852616,-0.332385105059958,0.14218155,0.020215591
8115,0,1,0.31788862,0.25591314,0.36158623442867,0.043697625,0.0019094824
8116,0,1,-0.34325588,-0.31181395,-0.4470477530573464,0.10379186,0.010772751
8117,0,1,0.42286003,0.32081068,0.3464146360222371,0.0764454,0.005843899
8118,0,1,-0.32982683,-0.30048835,-0.3283422239873734,0.0014846027,2.2040451e-06
8119,0,1,0.31410563,0.25328267,0.1903595418248029,0.12374608,0.015313093
8120,0,1,-0.1878289,-0.17639792,0.107083303867284,0.29491222,0.08697322
8121,0,1,-0.10956824,-0.10565007,0.0606329267820962,0.17020117,0.028968437
8122,0,1,-0.06426704,-0.06549895,-0.0585757399246833,0.005691301,3.2390908e-05
8123,0,1,0.053381324,0.040304303,0.1228243561215023,0.06944303,0.0048223347
8124,0,1,-0.12446642,-0.119181156,-0.1852282565176792,0.06076184,0.003692001
8125,0,1,0.17741096,0.14880764,0.092114784199746,0.08529618,0.007275438
8126,0,1,-0.09529662,-0.09273887,-0.0439087359354011,0.051387884,0.0026407146
8127,0,1,0.03892231,0.027145863,-0.1002769098066331,0.13919923,0.019376425
8128,0,1,0.094412446,0.07730198,0.0878682852363879,0.006544158,4.2826003e-05
8129,0,1,-0.0911144,-0.089069605,-0.2118701722690652,0.12075578,0.014581958
8130,0,1,0.20320857,0.1694454,0.2894392245810759,0.086230665,0.007435728
8131,0,1,-0.2788154,-0.25673044,-0.4088263741123088,0.13001099,0.016902858
8132,0,1,0.3884033,0.29570115,0.1872206078860603,0.2011827,0.040474474
8133,0,1,-0.18490577,-0.17377615,-0.1629946398459638,0.02191113,0.0004800976
8134,0,1,0.15578663,0.13081038,0.0955801204102397,0.06020651,0.0036248239
8135,0,1,-0.09865296,-0.0957309,-0.0383551506213633,0.06029781,0.0036358258
8136,0,1,0.033444405,0.022151709,-0.0137036896455584,0.047148094,0.0022229427
8137,0,1,0.009117246,-6.6280365e-05,0.0172332357581326,0.00811599,6.5869295e-05
8138,0,1,-0.021429181,-0.027968407,0.1261095747239531,0.14753875,0.021767683
8139,0,1,-0.12757003,-0.121997476,-0.2000845079623439,0.072514474,0.005258349
8140,0,1,0.19181287,0.16045392,0.1114373547525999,0.080375515,0.0064602233
8141,0,1,-0.11369336,-0.10939801,-0.0116630492936877,0.10203031,0.010410183
8142,0,1,0.0071024895,-0.001906991,-0.0241079417613829,0.031210432,0.00097409106
8143,0,1,0.01938665,0.009317279,-0.0241969532542929,0.0435836,0.0018995303
8144,0,1,0.019474626,0.009398341,-0.0112556927262656,0.030730318,0.0009443525
8145,0,1,0.006700158,-0.0022748709,-0.1552427238445806,0.16194288,0.026225498
8146,0,1,0.14822853,0.12439489,0.1092125011158411,0.039016023,0.0015222501
8147,0,1,-0.111586094,-0.10748303,-0.0064788687602008,0.105107225,0.011047529
8148,0,1,0.001984477,-0.0065846443,-0.1128066455550078,0.114791125,0.013177003
8149,0,1,0.10671115,0.088243365,0.1320344491719023,0.025323302,0.0006412696
8150,0,1,-0.13316202,-0.12707031,-0.0498592916526452,0.08330273,0.0069393446
8151,0,1,0.044789672,0.03249073,-0.0855482236208335,0.1303379,0.016987966
8152,0,1,0.079936266,0.06432307,0.0255870762254806,0.05434919,0.0029538346
8153,0,1,-0.029677749,-0.035177708,-0.1643937443868088,0.13471599,0.018148398
8154,0,1,0.15714991,0.13196063,0.1788726030310339,0.02172269,0.00047187522
8155,0,1,-0.17712033,-0.1667831,-0.0508598061153082,0.12626052,0.015941719
8156,0,1,0.04577601,0.033388495,0.0043707326006261,0.041405275,0.0017143969
8157,0,1,-0.008728504,-0.016373158,-0.0115498957027988,0.0028213914,7.96025e-06
8158,0,1,0.006990671,-0.0020098686,0.1244369157210703,0.117446244,0.01379362
8159,0,1,-0.12599015,-0.120563984,-0.0303019006721936,0.09568825,0.009156242
8160,0,1,0.025499225,0.014900327,0.0341468455273263,0.008647621,7.478135e-05
8161,0,1,-0.038128614,-0.042572618,-0.0271563142988922,0.010972301,0.00012039138
8162,0,1,0.022395134,0.012066126,-0.054244076356789,0.076639205,0.005873568
8163,0,1,0.04911232,0.036423802,-0.0567085762494823,0.105820894,0.0111980615
8164,0,1,0.051541448,0.038632154,0.032392230832104,0.019149218,0.00036669255
8165,0,1,-0.036396742,-0.041056037,0.184590091770189,0.22098683,0.048835177
8166,0,1,-0.18245411,-0.17157531,-0.1829523542565716,0.0004982501,2.482532e-07
8167,0,1,0.1752013,0.14699447,0.3031470676993322,0.12794578,0.016370123
8168,0,1,-0.29116952,-0.26743186,-0.229657342997543,0.061512187,0.0037837492
8169,0,1,0.22035515,0.18255246,0.1330277274605606,0.08732742,0.0076260786
8170,0,1,-0.13409889,-0.12791932,-0.3050984387883619,0.17099956,0.029240848
8171,0,1,0.2922591,0.23739445,0.2843130045934263,0.007946104,6.3140564e-05
8172,0,1,-0.2741822,-0.25270116,0.0265434548531759,0.30072567,0.09043593
8173,0,1,-0.030622244,-0.036003232,-0.002553149502849,0.028069094,0.00078787404
8174,0,1,-0.0018917322,-0.010126829,0.1573214624179015,0.1592132,0.025348844
8175,0,1,-0.15695155,-0.1486038,-0.2577358131117988,0.10078427,0.01015747
8176,0,1,0.2472812,0.2019335,0.1506497917623372,0.09663141,0.009337629
8177,0,1,-0.15068734,-0.14294231,-0.2168274017994682,0.06614007,0.0043745087
8178,0,1,0.20799387,0.17315686,0.2351787456264606,0.027184874,0.0007390174
8179,0,1,-0.22931123,-0.21335173,-0.0144038102949626,0.21490742,0.0461852
8180,0,1,0.009808421,0.00056529045,-0.0506575152135444,0.060465936,0.0036561294
8181,0,1,0.04557681,0.03320694,0.0407886330009157,0.004788179,2.2926657e-05
8182,0,1,-0.044685125,-0.048317432,-0.0127330422957605,0.031952083,0.0010209356
8183,0,1,0.008159161,-0.0009416342,0.00022842232296,0.007930738,6.28966e-05
8184,0,1,-0.004638076,-0.012636781,0.1962717428787848,0.20090982,0.040364757
8185,0,1,-0.19332838,-0.1813252,-0.1744068646797927,0.01892151,0.0003580235
8186,0,1,0.16689646,0.14012682,0.0985824193122675,0.068314046,0.004666809
8187,0,1,-0.10150409,-0.09832215,-0.0556064572766474,0.04589763,0.0021065923
8188,0,1,0.050454974,0.037644625,0.1441116250907099,0.093656644,0.008771567
8189,0,1,-0.1445396,-0.13737977,-0.232164619837383,0.08762503,0.007678145
8190,0,1,0.22276676,0.1843518,0.299499326952249,0.076732576,0.0058878884
8191,0,1,-0.28788674,-0.26459467,-0.313868221393456,0.025981486,0.0006750376
8192,0,1,0.3005203,0.24353254,0.3718352797835063,0.07131499,0.005085828
8193,0,1,-0.35228944,-0.31938553,-0.188964858226073,0.16332458,0.026674919
8194,0,1,0.18103707,0.15176713,0.2350609059821724,0.054023832,0.0029185745
8195,0,1,-0.22920299,-0.21325588,-0.190278061247235,0.038924918,0.0015151493
8196,0,1,0.18231094,0.15280282,0.3407959837342098,0.15848505,0.025117513
8197,0,1,-0.32483637,-0.29625833,-0.2436581309602603,0.08117825,0.006589908
8198,0,1,0.23380363,0.19243276,0.2006742946498876,0.033129334,0.0010975528
8199,0,1,-0.19741893,-0.1849842,-0.080449687501078,0.11696924,0.013681804
8200,0,1,0.074920416,0.059805512,-0.2074174597129088,0.28233787,0.07971468
8201,0,1,0.1989063,0.16607535,0.1535161781660743,0.04539013,0.0020602639
8202,0,1,-0.15337968,-0.14537632,-0.1965597836110024,0.043180108,0.0018645218
8203,0,1,0.18839943,0.15772021,0.1473342790060343,0.041065156,0.0016863471
8204,0,1,-0.14757133,-0.14012325,0.0775159977990427,0.22508731,0.0506643
8205,0,1,-0.08091438,-0.08011615,-0.0138389108483234,0.06707547,0.0044991183
8206,0,1,0.009250164,5.555153e-05,-0.1266713951429543,0.13592155,0.018474668
8207,0,1,0.12030101,0.1002239,0.2278033938483783,0.107502386,0.011556763
8208,0,1,-0.22251904,-0.20733595,-0.2069382982077665,0.015580744,0.00024275958
8209,0,1,0.1984433,0.16571105,0.1257783278316584,0.07266496,0.0052801967
8210,0,1,-0.12725711,-0.12171352,-0.1329239470931118,0.005666837,3.2113043e-05
8211,0,1,0.12642181,0.10557687,0.0918009718836949,0.034620836,0.0011986023
8212,0,1,-0.09498775,-0.092467785,-0.0235132347739235,0.071474515,0.005108606
8213,0,1,0.01880014,0.008782029,0.1645490005916643,0.14574887,0.021242732
8214,0,1,-0.16372645,-0.15471911,-0.1805379447033708,0.01681149,0.0002826262
8215,0,1,0.17285573,0.14506447,0.2125894107973185,0.039733678,0.0015787652
8216,0,1,-0.2084651,-0.19484401,0.0720973631920902,0.28056246,0.078715295
8217,0,1,-0.07557261,-0.07542622,0.0945768633816235,0.17014948,0.028950844
8218,0,1,-0.09770024,-0.094864845,0.2519037993345765,0.34960404,0.12222298
8219,0,1,-0.24466193,-0.22689044,-0.2211536431433876,0.02350828,0.00055263925
8220,0,1,0.21216571,0.1763593,0.1647348474275614,0.047430873,0.0022496877
8221,0,1,-0.16390073,-0.15487635,-0.0716109701867862,0.09228976,0.0085174
8222,0,1,0.06622124,0.051946163,-0.0679757695141531,0.134197,0.018008834
8223,0,1,0.06264162,0.04870534,-0.0176830078535414,0.08032463,0.006452046
8224,0,1,0.013045311,0.0035233498,0.185206507278729,0.17216119,0.029639475
8225,0,1,-0.18302882,-0.17209113,-0.1767471985837541,0.0062816143,3.945868e-05
8226,0,1,0.16917193,0.14201725,0.114161971567035,0.05500996,0.003026096
8227,0,1,-0.116273284,-0.111741304,-0.1752810911739275,0.05900781,0.0034819215
8228,0,1,0.16774642,0.14083397,0.2821441013853289,0.114397675,0.013086828
8229,0,1,-0.27222013,-0.2509923,-0.3085198809512413,0.036299735,0.0013176708
8230,0,1,0.2954849,0.23980868,0.2209913108932026,0.07449359,0.0055492944
8231,0,1,-0.21623313,-0.20175648,-0.2817396600194073,0.06550652,0.0042911037
8232,0,1,0.2701503,0.22031629,0.1363483989571554,0.1338019,0.01790295
8233,0,1,-0.13722968,-0.13075757,-0.1037242066327421,0.033505477,0.001122617
8234,0,1,0.09779787,0.08032215,0.1749716893802804,0.077173814,0.0059557976
8235,0,1,-0.17347741,-0.16350496,-0.1596602260916839,0.013817191,0.00019091477
8236,0,1,0.15253699,0.12805831,0.1414445965515254,0.011092395,0.00012304122
8237,0,1,-0.14202988,-0.13510668,0.0633564844732195,0.20538637,0.04218356
8238,0,1,-0.06695342,-0.0678581,0.1444726345949925,0.21142605,0.044700973
8239,0,1,-0.1448797,-0.13768685,-0.198480266352675,0.053600565,0.0028730205
8240,0,1,0.19025958,0.15921175,0.034343174399132,0.1559164,0.024309922
8241,0,1,-0.038322568,-0.04274273,-0.0074965946860388,0.030825973,0.0009502406
8242,0,1,0.0029892921,-0.0056666136,0.0556978600791402,0.052708566,0.002778193
8243,0,1,-0.059398174,-0.061224937,-0.0890902669206983,0.029692091,0.0008816203
8244,0,1,0.08341944,0.06745517,0.0647590237854436,0.018660419,0.00034821124
8245,0,1,-0.06833649,-0.06907284,0.0364109578909397,0.104747444,0.010972027
8246,0,1,-0.04036379,-0.04453087,0.0537897216356351,0.09415351,0.008864883
8247,0,1,-0.05751562,-0.05957234,0.0003290679973499,0.05784469,0.0033460082
8248,0,1,-0.004737735,-0.012727618,0.0839639244628789,0.08870166,0.0078679845
8249,0,1,-0.08726776,-0.085694075,-0.1538279694365625,0.06656021,0.0044302614
8250,0,1,0.14684892,0.12321651,0.138022034099269,0.008826882,7.791384e-05
8251,0,1,-0.13880658,-0.13218653,-0.2142677960603345,0.07546121,0.005694394
8252,0,1,0.20552361,0.17124617,0.4487999198990036,0.2432763,0.059183355
8253,0,1,-0.41910088,-0.3737893,-0.3964281348208265,0.022672743,0.0005140533
8254,0,1,0.3771056,0.2904085,0.3697174904320743,0.007388115,5.458424e-05
8255,0,1,-0.35042536,-0.31782627,-0.1937930292967791,0.15663233,0.024533687
8256,0,1,0.18571866,0.1555618,0.2783381959979218,0.09261954,0.008578379
8257,0,1,-0.268772,-0.24798656,-0.0693501299284005,0.19942188,0.039769087
8258,0,1,0.06399512,0.04993117,-0.0098028849004718,0.07379801,0.0054461462
8259,0,1,0.0052660704,-0.003585577,0.0802688011217769,0.07500273,0.0056254095
8260,0,1,-0.08362687,-0.08249831,-0.0279426853167359,0.05568418,0.0031007277
8261,0,1,0.023171186,0.012774587,-0.0698637440809002,0.09303493,0.008655499
8262,0,1,0.06450081,0.05038941,0.0040317870520576,0.06046902,0.0036565023
8263,0,1,-0.008393645,-0.016067624,-0.0705942711488574,0.06220063,0.0038689182
8264,0,1,0.06522012,0.051041007,0.00249115541795,0.062728964,0.003934923
8265,0,1,-0.0068722963,-0.014677763,0.2419198705014766,0.24879217,0.061897546
8266,0,1,-0.23550737,-0.21882582,-0.4594449548330099,0.22393757,0.050148036
8267,0,1,0.43391025,0.3258599,0.4665888044595789,0.032678545,0.0010678873
8268,0,1,-0.43427622,-0.38532948,-0.5075754556354877,0.07329923,0.005372777
8269,0,1,0.4761871,0.32548606,0.3806437710327237,0.095543325,0.009128527
8270,0,1,-0.36002862,-0.32584155,-0.3487979908062668,0.011230648,0.00012612744
8271,0,1,0.3331951,0.2661246,0.3186261435199753,0.014568955,0.00021225444
8272,0,1,-0.3050592,-0.27938485,-0.3371456228270457,0.032086432,0.0010295392
8273,0,1,0.32233703,0.25895417,0.1461249408618776,0.17621209,0.031050699
8274,0,1,-0.14643407,-0.13909411,-0.2408156680316653,0.0943816,0.008907886
8275,0,1,0.23107684,0.19046056,0.1500303057166894,0.08104654,0.0065685413
8276,0,1,-0.15010536,-0.14241552,-0.2353740698528896,0.085268706,0.0072707525
8277,0,1,0.22585118,0.18663609,0.1724531739567603,0.053398,0.0028513463
8278,0,1,-0.1711235,-0.1613859,-0.0946763255184708,0.07644718,0.0058441716
8279,0,1,0.08891034,0.07238054,0.1313817288370173,0.042471394,0.0018038193
8280,0,1,-0.13254607,-0.12651193,-0.02524614699334,0.107299924,0.011513273
8281,0,1,0.020510316,0.0103440285,0.1171314926235178,0.09662118,0.009335652
8282,0,1,-0.11908364,-0.11429393,-0.1053521396893519,0.013731502,0.00018855414
8283,0,1,0.09939611,0.081745744,-0.0794252214499864,0.17882133,0.031977065
8284,0,1,0.07391274,0.058895826,0.087707291132709,0.013794549,0.00019028957
8285,0,1,-0.090955496,-0.08893025,-0.0914298269805826,0.00047433376,2.2499252e-07
8286,0,1,0.085719466,0.06951952,-0.0753770920808702,0.16109656,0.0259521
8287,0,1,0.069928885,0.055298924,-0.0860443820524496,0.15597326,0.024327656
8288,0,1,0.08042383,0.064762115,0.0685476123464832,0.011876218,0.00014104455
8289,0,1,-0.072072625,-0.07235277,0.0621614686789351,0.1342341,0.018018793
8290,0,1,-0.06577432,-0.06682277,-0.3190635318637795,0.25328922,0.06415543
8291,0,1,0.30540383,0.2470895,0.2989150877605844,0.0064887404,4.210375e-05
8292,0,1,-0.28736067,-0.26413965,-0.3268146586649059,0.039453983,0.0015566167
8293,0,1,0.31267488,0.25227726,0.3778536199260054,0.06517875,0.00424827
8294,0,1,-0.35758007,-0.32380152,-0.4553913782811938,0.09781131,0.009567053
8295,0,1,0.4303044,0.32465088,0.355770022709817,0.07453439,0.0055553745
8296,0,1,-0.33811557,-0.30748844,-0.2660355953535076,0.07207999,0.0051955245
8297,0,1,0.2552048,0.20832598,0.0811850380021657,0.17401975,0.030282876
8298,0,1,-0.084529996,-0.08329058,-0.0474285111989825,0.037101485,0.0013765201
8299,0,1,0.04239309,0.030308247,-0.0271611319725522,0.069554225,0.00483779
8300,0,1,0.02240014,0.012070417,0.2025760026541048,0.18017586,0.03246334
8301,0,1,-0.19918394,-0.18656218,-0.1941199455541153,0.0050639957,2.5644053e-05
8302,0,1,0.18603575,0.15581715,0.1811859148044183,0.004849836,2.3520912e-05
8303,0,1,-0.17927945,-0.16872358,-0.1633884516187389,0.015891,0.0002525239
8304,0,1,0.15617049,0.13113463,0.1459184438334284,0.010252044,0.000105104395
8305,0,1,-0.14623964,-0.13891828,-0.1715337555688234,0.02529411,0.000639792
8306,0,1,0.16410124,0.137797,0.0947218443670407,0.0693794,0.0048135007
8307,0,1,-0.097838044,-0.09498966,-0.0027859958327158,0.09505205,0.009034892
8308,0,1,-0.0016615391,-0.009917378,0.0102106440404097,0.0118721835,0.00014094874
8309,0,1,-0.014495015,-0.021639585,0.0301964185074616,0.044691436,0.0019973244
8310,0,1,-0.03422904,-0.039158583,-0.0786602660797637,0.044431224,0.0019741338
8311,0,1,0.073159814,0.05821681,0.01305341995279,0.060106393,0.0036127784
8312,0,1,-0.017302036,-0.02420187,0.1370774193703638,0.15437946,0.023833016
8313,0,1,-0.13791656,-0.13138008,-0.1100121001774621,0.027904466,0.0007786592
8314,0,1,0.10396993,0.085811615,0.0825509895367073,0.021418944,0.00045877116
8315,0,1,-0.08587599,-0.08447194,-0.12314022788941,0.037264243,0.0013886238
8316,0,1,0.116841316,0.097186446,0.2362458540194179,0.11940454,0.014257444
8317,0,1,-0.23029268,-0.21421993,-0.1888592871212939,0.041433394,0.0017167261
8318,0,1,0.18093503,0.15168393,0.2792587075710371,0.09832367,0.009667545
8319,0,1,-0.26960802,-0.24871409,-0.1281757801582284,0.14143224,0.020003079
8320,0,1,0.12177408,0.1015147,0.1783807183936556,0.056606635,0.0032043112
8321,0,1,-0.17666137,-0.16636968,-0.3242651863630041,0.14760381,0.021786885
8322,0,1,0.31028497,0.25058687,0.191005665268898,0.11927931,0.014227554
8323,0,1,-0.18843043,-0.17693734,-0.1509089255337963,0.037521496,0.0014078626
8324,0,1,0.1439997,0.120779395,0.1579018383689863,0.013902143,0.00019326957
8325,0,1,-0.15749586,-0.14909565,-0.1549845801543541,0.0025112778,6.3065163e-06
8326,0,1,0.14797723,0.12418008,0.0787823811809191,0.06919485,0.0047879275
8327,0,1,-0.08216238,-0.08121216,-0.0349161734982006,0.047246207,0.002232204
8328,0,1,0.030052066,0.01905644,0.1283014244792693,0.09824936,0.009652937
8329,0,1,-0.1296395,-0.12387502,-0.2202837829578936,0.09064427,0.008216384
8330,0,1,0.21132743,0.17571867,0.3603795002724863,0.14905205,0.022216516
8331,0,1,-0.34219038,-0.31091833,-0.274997485632517,0.06719291,0.0045148875
8332,0,1,0.26374114,0.21521342,0.1683114039970006,0.09542973,0.009106834
8333,0,1,-0.1672492,-0.15789604,-0.3136098642161953,0.14636067,0.021421444
8334,0,1,0.30027735,0.2433542,0.0957427630841973,0.20453459,0.0418344
8335,0,1,-0.09880757,-0.09587133,-0.0559578560166738,0.042849716,0.0018360981
8336,0,1,0.050801516,0.037959576,0.0739930087969309,0.023191497,0.00053784554
8337,0,1,-0.077441216,-0.077067494,0.043872714418476,0.12131393,0.014717069
8338,0,1,-0.047729254,-0.05098653,-0.0032831961077706,0.04444606,0.001975452
8339,0,1,-0.0011709929,-0.009468317,-0.0115706117391087,0.010399619,0.000108152075
8340,0,1,0.0070112944,-0.0019907951,0.0696470530493362,0.06263576,0.0039232383
8341,0,1,-0.073156476,-0.07330489,-0.1385333413480474,0.06537686,0.004274134
8342,0,1,0.13190866,0.110351086,0.1341578759108512,0.002249226,5.0590174e-06
8343,0,1,-0.1351645,-0.12888587,0.0753757962468251,0.2105403,0.044327214
8344,0,1,-0.07880461,-0.078264356,0.1149951150776065,0.19379973,0.037558336
8345,0,1,-0.11706185,-0.112457514,-0.1091388042894101,0.007923052,6.277475e-05
8346,0,1,0.1031127,0.085050344,0.0359797884627712,0.067132905,0.004506827
8347,0,1,-0.03993833,-0.044157505,0.143944187922282,0.18388252,0.03381278
8348,0,1,-0.14438236,-0.13723731,-0.1568324245076993,0.012450069,0.00015500422
8349,0,1,0.14977968,0.12571561,0.1462448186219247,0.0035348535,1.2495189e-05
8350,0,1,-0.14654636,-0.1391958,-0.3173771591920624,0.17083079,0.029183157
8351,0,1,0.30381954,0.24594104,0.239290758868705,0.06452878,0.0041639633
8352,0,1,-0.23309207,-0.21669388,-0.1154697306629608,0.11762234,0.013835015
8353,0,1,0.109323144,0.09055531,0.3121972626260378,0.20287412,0.04115791
8354,0,1,-0.29929817,-0.27443755,-0.4842098576286107,0.1849117,0.034192335
8355,0,1,0.45579016,0.3293203,0.3624200024966757,0.09337017,0.008717989
8356,0,1,-0.34399152,-0.31243217,-0.2127803687735858,0.13121115,0.017216366
8357,0,1,0.20408738,0.17013013,0.2531808670880104,0.049093485,0.0024101702
8358,0,1,-0.24583113,-0.22791839,-0.40766433817783,0.1618332,0.026189983
8359,0,1,0.3873464,0.2948383,0.3165784321629747,0.07076797,0.005008105
8360,0,1,-0.30322504,-0.27781188,-0.2346395986786089,0.06858544,0.0047039627
8361,0,1,0.22514546,0.18611538,0.1618403985382028,0.063305065,0.0040075313
8362,0,1,-0.16118848,-0.1524297,-0.1346752412521372,0.026513249,0.0007029524
8363,0,1,0.1281352,0.1070708,0.1724028648329911,0.044267654,0.0019596252
8364,0,1,-0.1710763,-0.16134381,-0.1683143207272657,0.002761975,7.6285055e-06
8365,0,1,0.16096795,0.13517272,0.1144232925325188,0.046544656,0.002166405
8366,0,1,-0.116520524,-0.111966014,-0.1266592516704991,0.01013872,0.00010279365
8367,0,1,0.12028873,0.100213766,-0.0420478341671419,0.16233656,0.026353158
8368,0,1,0.037087083,0.025472999,-0.0372822302379463,0.07436931,0.0055307946
8369,0,1,0.032386303,0.02118659,0.0518158910266883,0.019429587,0.00037750884
8370,0,1,-0.05556822,-0.057863116,0.0013795322553731,0.05694775,0.003243046
8371,0,1,-0.0057748556,-0.013674855,-0.0441895027903926,0.038414646,0.001475685
8372,0,1,0.039199233,0.027398348,0.0970693954045986,0.057870165,0.003348956
8373,0,1,-0.100067616,-0.097016454,-0.0439744270112816,0.05609319,0.0031464458
8374,0,1,0.03898704,0.027205348,-0.0056674024974958,0.044654444,0.0019940194
8375,0,1,0.0011833906,-0.0073171854,0.0763642448461208,0.07518085,0.0056521604
8376,0,1,-0.07977903,-0.07911968,-0.137088124922913,0.05730909,0.0032843319
8377,0,1,0.13049555,0.10912359,0.1105012349268987,0.019994311,0.00039977249
8378,0,1,-0.11280668,-0.10859239,-0.1809205417195629,0.06811386,0.0046394984
8379,0,1,0.1732279,0.14537072,0.0772920816556193,0.09593582,0.009203682
8380,0,1,-0.08069348,-0.079922676,-0.082532831030847,0.0018393472,3.383198e-06
8381,0,1,0.07697034,0.06165254,0.1228465145522845,0.045876175,0.0021046235
8382,0,1,-0.12448704,-0.11920023,-0.0196900356258318,0.104797006,0.010982413
8383,0,1,0.015026331,0.005334139,0.0749261871517399,0.05989986,0.003587993
8384,0,1,-0.07836127,-0.07787478,-0.0156206264115359,0.06274065,0.0039363885
8385,0,1,0.011009812,0.0016629696,0.0562525186257309,0.045242704,0.0020469022
8386,0,1,-0.059945583,-0.06170523,0.0265368396502168,0.08648242,0.007479209
8387,0,1,-0.030615807,-0.03599763,-0.0326790539439558,0.0020632483,4.2569936e-06
8388,0,1,0.027845025,0.017041802,-0.0640722082413935,0.09191723,0.008448778
8389,0,1,0.058797,0.04521978,-0.0954964212257847,0.15429342,0.023806458
8390,0,1,0.08971596,0.073102,0.066000246290826,0.023715712,0.000562435
8391,0,1,-0.06956053,-0.07014704,0.0933784234813008,0.16293895,0.026549103
8392,0,1,-0.09654081,-0.09383011,-0.1034452151430267,0.0069044083,4.7670856e-05
8393,0,1,0.097524166,0.08007765,0.0202673179242371,0.07725685,0.005968621
8394,0,1,-0.02442503,-0.030587912,-0.1235080826764492,0.09908305,0.009817451
8395,0,1,0.11720228,0.09750295,0.0971770250955443,0.020025253,0.00040101077
8396,0,1,-0.10016954,-0.09710884,-0.1831964531400749,0.083026916,0.0068934686
8397,0,1,0.17543828,0.14718962,0.2921130438042094,0.11667475,0.013612998
8398,0,1,-0.28122914,-0.2588265,-0.168393440070927,0.112835705,0.012731897
8399,0,1,0.16104472,0.13523734,0.0722899306102615,0.08875479,0.007877412
8400,0,1,-0.07576239,-0.07559323,-0.0034274086419405,0.07233498,0.0052323495
8401,0,1,-0.0010282993,-0.0093381405,0.0401490609023447,0.04117736,0.0016955748
8402,0,1,-0.044053793,-0.047764063,-0.0246913522718081,0.01936244,0.0003749041
8403,0,1,0.019962907,0.009843826,-0.0852716270863893,0.10523453,0.011074307
8404,0,1,0.07966423,0.06407821,0.0234605665997418,0.056203663,0.0031588518
8405,0,1,-0.027578115,-0.033342242,-0.2261281143196791,0.19855,0.039422102
8406,0,1,0.2169584,0.17999923,0.3842305959592214,0.16727218,0.027979983
8407,0,1,-0.363173,-0.32845652,-0.4069819691407261,0.043808967,0.0019192256
8408,0,1,0.38672602,0.29442585,0.5109603528829207,0.12423432,0.015434166
8409,0,1,-0.47167146,-0.41166222,-0.48122293848581,0.0095514655,9.12305e-05
8410,0,1,0.45316494,0.32928717,0.2456704265174336,0.20749451,0.043053973
8411,0,1,-0.23894942,-0.2218616,-0.0568233136889724,0.1821261,0.033169918
8412,0,1,0.05165434,0.038735032,0.1628574150760988,0.111203074,0.0123661235
8413,0,1,-0.16214168,-0.15328991,-0.1387374648387913,0.02340421,0.0005477571
8414,0,1,0.13210821,0.11052394,0.0147959742643055,0.11731224,0.013762161
8415,0,1,-0.019022465,-0.025772095,0.1094188598864773,0.12844133,0.016497176
8416,0,1,-0.11178136,-0.10766101,-0.1795556685585748,0.06777431,0.004593357
8417,0,1,0.17190158,0.14427686,0.2309537866739315,0.0590522,0.0034871623
8418,0,1,-0.22542179,-0.20990932,-0.1587675498678802,0.066654235,0.0044427873
8419,0,1,0.15166676,0.12731993,0.1280296684714186,0.023637086,0.0005587118
8420,0,1,-0.12938273,-0.123642325,0.0495947121524928,0.17897744,0.032032926
8421,0,1,-0.053376198,-0.055939674,-0.0153165284209622,0.03805967,0.0014485385
8422,0,1,0.0107091665,0.0013887882,-0.1117160052005727,0.12242517,0.014987922
8423,0,1,0.105641365,0.0872947,0.1228247775734232,0.017183416,0.00029526977
8424,0,1,-0.12446654,-0.119181156,-0.0162134655877552,0.10825308,0.011718729
8425,0,1,0.011594892,0.0021977425,0.0197033983256929,0.008108506,6.574787e-05
8426,0,1,-0.023868322,-0.030101418,0.055003930865892,0.07887225,0.0062208315
8427,0,1,-0.058714032,-0.060623646,0.1182875268544536,0.17700157,0.031329554
8428,0,1,-0.12017703,-0.11528683,-0.0512092845054976,0.068967745,0.00475655
8429,0,1,0.046120763,0.033702135,0.0260484912797183,0.020072272,0.0004028961
8430,0,1,-0.030133605,-0.035575986,0.0465088734762122,0.07664248,0.0058740703
8431,0,1,-0.050330877,-0.053268075,0.0506370379332103,0.100967914,0.01019452
8432,0,1,-0.054404974,-0.05684197,-0.0009623057225882,0.05344267,0.0028561188
8433,0,1,-0.0034626722,-0.011562586,0.171822349113569,0.17528503,0.03072484
8434,0,1,-0.17053318,-0.16085494,-0.0444421199836919,0.12609106,0.015898956
8435,0,1,0.039448142,0.027625203,0.2181387716677167,0.17869063,0.03193034
8436,0,1,-0.21359777,-0.19941294,-0.2215327862745522,0.007935017,6.29645e-05
8437,0,1,0.21253121,0.1766392,0.262921492284107,0.050390273,0.0025391798
8438,0,1,-0.2547338,-0.2357291,-0.1122596261641653,0.14247417,0.02029889
8439,0,1,0.10617447,0.08776796,0.1899427259224262,0.08376826,0.007017122
8440,0,1,-0.18744063,-0.17604971,-0.1750719577105626,0.012368679,0.00015298423
8441,0,1,0.16754353,0.14066505,0.1092211996969614,0.058322333,0.0034014946
8442,0,1,-0.11159408,-0.10749066,-0.0974164686179763,0.014177613,0.0002010047
8443,0,1,0.09160268,0.074790835,0.0901063545471496,0.0014963299,2.2390032e-06
8444,0,1,-0.0933187,-0.091003776,-0.262911850656119,0.16959316,0.028761838
8445,0,1,0.25222456,0.20589864,0.1313746093269416,0.12084995,0.014604711
8446,0,1,-0.13253939,-0.12650573,-0.1450463653749329,0.012506977,0.00015642447
8447,0,1,0.13827455,0.1158582,0.1358799567038755,0.0023945868,5.7340458e-06
8448,0,1,-0.13678813,-0.13035727,-0.0967099720001245,0.040078156,0.0016062586
8449,0,1,0.090908766,0.074169636,0.1547119960441747,0.063803226,0.0040708515
8450,0,1,-0.15450251,-0.14639115,-0.1073015653548339,0.047200948,0.0022279294
8451,0,1,0.10130978,0.08344853,0.0442205262795349,0.05708925,0.0032591824
8452,0,1,-0.048072457,-0.051287293,-0.0346942302734776,0.013378225,0.00017897692
8453,0,1,0.02983296,0.018856049,-0.1206298969577777,0.15046287,0.022639073
8454,0,1,0.11438191,0.09502101,0.0311543066998869,0.083227605,0.006926834
8455,0,1,-0.03517461,-0.039986014,-0.0595493270771856,0.02437472,0.00059412693
8456,0,1,0.0543406,0.041175485,0.0951648494530383,0.04082425,0.0016666193
8457,0,1,-0.098258734,-0.09537232,-0.1761110050944379,0.077852264,0.006060975
8458,0,1,0.16855347,0.14150381,0.037774999404563,0.13077848,0.01710301
8459,0,1,-0.041710734,-0.045710325,-0.2561053754900428,0.21439463,0.045965057
8460,0,1,0.24572241,0.2008568,0.1359530346518775,0.109769374,0.0120493155
8461,0,1,-0.13685668,-0.13042009,-0.1508140641571118,0.013957396,0.0001948089
8462,0,1,0.14390755,0.12070024,0.2847985452671453,0.14089099,0.019850269
8463,0,1,-0.2746215,-0.25308347,-0.4498927153364864,0.17527124,0.030720009
8464,0,1,0.42540157,0.3223735,0.4106249739980183,0.0147765875,0.00021834754
8465,0,1,-0.38619268,-0.3474573,-0.3418575876723595,0.044335097,0.0019656008
8466,0,1,0.32673275,0.26190197,0.375063831968246,0.048331082,0.0023358935
8467,0,1,-0.35512877,-0.3217572,-0.2864249752524987,0.0687038,0.0047202124
8468,0,1,0.2745968,0.22381938,0.3717651225382143,0.09716833,0.009441684
8469,0,1,-0.35222757,-0.3193339,-0.4387060619043887,0.0864785,0.0074785315
8470,0,1,0.41538894,0.31595314,0.2658313301845625,0.14955762,0.022367481
8471,0,1,-0.25738883,-0.23805237,-0.3015521951813527,0.044163376,0.0019504038
8472,0,1,0.28891242,0.23486674,0.3985642107325844,0.109651804,0.012023518
8473,0,1,-0.3757006,-0.33882856,-0.3009330944514305,0.0747675,0.005590179
8474,0,1,0.28832805,0.23442352,0.2971484357538172,0.008820385,7.779919e-05
8475,0,1,-0.28576934,-0.2627622,-0.119152694058918,0.16661665,0.027761107
8476,0,1,0.112933755,0.09374499,0.1029992910936317,0.009934463,9.869355e-05
8477,0,1,-0.105695605,-0.10213113,-0.1052377939600239,0.00045780838,2.095885e-07
8478,0,1,0.099283576,0.08164573,0.1583032317743906,0.059019655,0.0034833197
8479,0,1,-0.15787208,-0.14943576,-0.0751707510379013,0.08270133,0.0068395105
8480,0,1,0.06972563,0.055115223,0.0376099626063093,0.03211567,0.0010314164
8481,0,1,-0.041547775,-0.045567393,-0.0588792507051627,0.017331477,0.0003003801
8482,0,1,0.053680778,0.040575624,0.1656158480542149,0.111935064,0.012529459
8483,0,1,-0.16472554,-0.15562105,-0.319064690761776,0.15433913,0.023820568
8484,0,1,0.30540502,0.24708998,0.2064961677539358,0.09890886,0.009782962
8485,0,1,-0.20282006,-0.18981016,-0.3753535950824902,0.17253354,0.029767822
8486,0,1,0.3577739,0.28078735,0.4249761861965762,0.0672023,0.004516149
8487,0,1,-0.39861822,-0.357607,-0.4975002430597655,0.09888202,0.009777654
8488,0,1,0.4674219,0.3280605,0.3330190344837918,0.13440284,0.018064125
8489,0,1,-0.31791472,-0.29037297,-0.3336370201754204,0.015722305,0.00024719085
8490,0,1,0.31905878,0.25671875,0.4009589505286353,0.08190018,0.0067076394
8491,0,1,-0.37778735,-0.340549,-0.2774455265742943,0.10034183,0.010068482
8492,0,1,0.26606977,0.21707451,0.1774100594901206,0.088659704,0.007860543
8493,0,1,-0.17575479,-0.16555452,-0.1681929925054532,0.007561788,5.7180638e-05
8494,0,1,0.16084969,0.13507378,0.0685333192674026,0.092316374,0.008522313
8495,0,1,-0.0720588,-0.07234049,-0.0340474708350648,0.038011327,0.0014448611
8496,0,1,0.029195309,0.018274069,-0.0887584461751951,0.117953755,0.0139130885
8497,0,1,0.08309281,0.067162275,-0.0097588520461229,0.09285166,0.008621431
8498,0,1,0.0052227974,-0.0036255121,0.0775317564484612,0.07230896,0.0052285856
8499,0,1,-0.080929756,-0.0801301,-0.0258422553014729,0.0550875,0.0030346327
8500,0,1,0.021098495,0.010881305,-0.0427284297136048,0.063826926,0.0040738764
8501,0,1,0.03775847,0.026085377,-0.1111831379358931,0.1489416,0.022183603
8502,0,1,0.10511851,0.08683145,-0.0242754355831853,0.12939395,0.016742794
8503,0,1,0.01955235,0.009468675,0.0650177727037484,0.045465425,0.002067105
8504,0,1,-0.068591595,-0.06929612,0.0114371844804461,0.08002878,0.0064046057
8505,0,1,-0.015706182,-0.022744894,0.0514470945282923,0.067153275,0.004509562
8506,0,1,-0.055204272,-0.057543755,0.0534331462330246,0.10863742,0.011802089
8507,0,1,-0.057163477,-0.059263587,0.0651767295027569,0.12234021,0.014967127
8508,0,1,-0.068748236,-0.069434166,-0.1269537521410679,0.058205515,0.003387882
8509,0,1,0.120577455,0.10046613,0.003912673139659,0.11666478,0.013610671
8510,0,1,-0.008275986,-0.015960336,0.0200527729152677,0.028328758,0.0008025185
8511,0,1,-0.024213314,-0.03040266,0.026828343205423,0.051041655,0.0026052506
8512,0,1,-0.03090334,-0.03624916,-0.0111485697131126,0.01975477,0.0003902509
8513,0,1,0.006594777,-0.0023714304,0.0062842251887502,0.00031055184,9.644245e-08
8514,0,1,-0.010617852,-0.01809907,0.1942114494175155,0.2048293,0.041955043
8515,0,1,-0.1914128,-0.1796099,-0.0151792391234595,0.17623356,0.031058267
8516,0,1,0.010573745,0.0012649298,-0.0514611417852011,0.062034886,0.003848327
8517,0,1,0.046369076,0.033927917,-0.0322409292304104,0.07861,0.0061795325
8518,0,1,0.027412415,0.016646981,-0.0256923888082873,0.053104803,0.0028201202
8519,0,1,0.020950675,0.01074636,0.0628874150454965,0.04193674,0.0017586902
8520,0,1,-0.06649077,-0.06745136,0.083694609532295,0.15018538,0.022555647
8521,0,1,-0.087002635,-0.08546126,0.1078495003284547,0.19485214,0.037967358
8522,0,1,-0.1102941,-0.10630953,-0.2455313128299636,0.1352372,0.0182891
8523,0,1,0.23559964,0.19372308,0.2344129237609233,0.0011867136,1.4082891e-06
8524,0,1,-0.22860694,-0.21272826,-0.0752798135597616,0.15332712,0.023509206
8525,0,1,0.06983316,0.055212498,-0.0873394801855271,0.15717265,0.024703242
8526,0,1,0.08169782,0.06590724,0.0766962966215318,0.0050015226,2.5015228e-05
8527,0,1,-0.08010614,-0.07940686,-0.0359289800126985,0.04417716,0.0019516214
8528,0,1,0.031051278,0.019967794,0.0269528075630114,0.0040984713,1.6797467e-05
8529,0,1,-0.031026363,-0.036356807,-0.0554321453299564,0.024405781,0.00059564214
8530,0,1,0.050283313,0.03748834,0.1058033160148459,0.055520006,0.003082471
8531,0,1,-0.10835457,-0.1045475,-0.1545507891460595,0.046196222,0.002134091
8532,0,1,0.14755404,0.1238184,0.0455791793749267,0.10197486,0.010398872
8533,0,1,-0.049413443,-0.052463174,-0.1270094647199171,0.07759602,0.006021143
8534,0,1,0.120631695,0.10051453,0.1456751156997888,0.025043428,0.0006271733
8535,0,1,-0.14601088,-0.13871098,-0.1783288360354822,0.032317966,0.0010444509
8536,0,1,0.17070925,0.14329112,0.2843224975530642,0.11361325,0.01290797
8537,0,1,-0.27419078,-0.25270844,-0.2347910524406253,0.03939973,0.0015523386
8538,0,1,0.22529113,0.18622291,0.1561845329220201,0.069106594,0.004775721
8539,0,1,-0.15588427,-0.14763987,-0.2419815741753119,0.086097315,0.0074127475
8540,0,1,0.2321955,0.19127166,0.36585994043723,0.13366443,0.01786618
8541,0,1,-0.34702682,-0.31497908,-0.2876627146119099,0.05936411,0.0035240976
8542,0,1,0.2757703,0.22473824,0.0683307319335193,0.20743957,0.043031175
8543,0,1,-0.071859,-0.07216525,0.0409682107939703,0.11282721,0.01272998
8544,0,1,-0.04486239,-0.048472524,-0.0723392908434317,0.0274769,0.00075498
8545,0,1,0.06693804,0.05259478,0.0800735949974511,0.013135552,0.00017254274
8546,0,1,-0.0834347,-0.08232951,-0.0441270952075052,0.039307605,0.0015450879
8547,0,1,0.03913772,0.027342558,-0.0183078326517265,0.057445556,0.0032999918
8548,0,1,0.013662577,0.0040872097,-0.0864909810228584,0.10015356,0.010030735
8549,0,1,0.080863476,0.065157175,0.0011922896173968,0.07967119,0.0063474984
8550,0,1,-0.0055897236,-0.013505697,0.0517824803540933,0.057372205,0.0032915699
8551,0,1,-0.055535197,-0.05783391,0.142356794946842,0.197892,0.039161243
8552,0,1,-0.14288867,-0.13588405,-0.156350960165081,0.01346229,0.00018123326
8553,0,1,0.14931,0.1253159,0.0920048396687789,0.05730515,0.0032838802
8554,0,1,-0.09518862,-0.0926435,-0.0851238269583951,0.010064788,0.000101299964
8555,0,1,0.079518676,0.06394768,0.0728726223070246,0.006646052,4.4170007e-05
8556,0,1,-0.0763371,-0.07609725,-0.1218765501190024,0.045539454,0.0020738419
8557,0,1,0.11560333,0.09609723,0.1467459754133084,0.031142652,0.0009698648
8558,0,1,-0.14701796,-0.13962257,-0.2953212081251679,0.14830324,0.021993851
8559,0,1,0.283023,0.23036683,0.4560555932774106,0.17303258,0.029940274
8560,0,1,-0.42530286,-0.37862527,-0.3367243123373966,0.08857855,0.00784616
8561,0,1,0.32194364,0.2586881,0.2653813098466122,0.056562334,0.0031992977
8562,0,1,-0.25697827,-0.23769319,-0.080861654085262,0.17611662,0.031017063
8563,0,1,0.07532573,0.06017089,0.0593999174299859,0.01592581,0.0002536314
8564,0,1,-0.06305075,-0.06443131,-0.0564492181831166,0.0066015273,4.3580163e-05
8565,0,1,0.051285863,0.038399696,0.0336329766604213,0.017652888,0.00031162446
8566,0,1,-0.037621975,-0.042128563,-0.0746775461491,0.037055574,0.0013731156
8567,0,1,0.06924045,0.054676414,0.1780109107509819,0.10877046,0.011831013
8568,0,1,-0.17631602,-0.1660595,-0.2777452230264534,0.101429194,0.010287882
8569,0,1,0.26635492,0.21730173,0.3674256732107801,0.10107076,0.010215299
8570,0,1,-0.3484068,-0.31613588,-0.1950567196460995,0.15335007,0.023516243
8571,0,1,0.18694317,0.15654862,0.2630683582587296,0.076125175,0.005795042
8572,0,1,-0.25486827,-0.23584628,-0.3186644970139771,0.06379622,0.004069958
8573,0,1,0.3050288,0.24681866,0.3321351249697495,0.027106315,0.00073475234
8574,0,1,-0.31712687,-0.28970182,-0.2935454266610415,0.023581445,0.00055608456
8575,0,1,0.2813431,0.22907102,0.0870631954826699,0.19427991,0.037744682
8576,0,1,-0.09032142,-0.08837366,-0.0484350270193079,0.041886393,0.0017544699
8577,0,1,0.043385744,0.031211853,0.1404762802071351,0.09709054,0.009426573
8578,0,1,-0.14111805,-0.1342808,-0.2411124605139514,0.099994406,0.009998881
8579,0,1,0.23136175,0.19066703,0.0727740591924015,0.1585877,0.025150057
8580,0,1,-0.07624006,-0.076012254,-0.0312838516931381,0.04495621,0.002021061
8581,0,1,0.026468396,0.015785098,0.0097178611219523,0.016750535,0.00028058043
8582,0,1,-0.014008284,-0.021194816,-0.105651981827995,0.0916437,0.008398567
8583,0,1,0.09969044,0.08200753,0.0584322233147676,0.041258212,0.0017022401
8584,0,1,-0.06209612,-0.06359267,0.0218773269020244,0.083973445,0.0070515396
8585,0,1,-0.026015043,-0.031976342,-0.0824010700302,0.056386024,0.0031793837
8586,0,1,0.07684076,0.061535716,0.0708844408934599,0.0059563145,3.5477682e-05
8587,0,1,-0.07437658,-0.074376464,0.0434979796435754,0.11787456,0.013894413
8588,0,1,-0.047359228,-0.05066204,-0.2616679500507211,0.21430871,0.04592822
8589,0,1,0.25103724,0.204929,0.2643600579717644,0.01332283,0.0001774978
8590,0,1,-0.25604653,-0.23687828,-0.0784119694970082,0.17763457,0.03155404
8591,0,1,0.07291567,0.057996273,0.0488157127362007,0.02409996,0.0005808081
8592,0,1,-0.052607536,-0.05526519,0.0057326827525445,0.058340218,0.003403581
8593,0,1,-0.010073066,-0.017601728,-0.326066522285598,0.31599346,0.09985187
8594,0,1,0.31197345,0.251783,0.2959334532076367,0.016039997,0.00025728153
8595,0,1,-0.2846744,-0.26181364,-0.4940446939240135,0.20937029,0.043835916
8596,0,1,0.46440518,0.3286146,0.3438405283603412,0.12056464,0.014535832
8597,0,1,-0.3275417,-0.2985531,-0.1717215778695906,0.15582013,0.024279913
8598,0,1,0.16428411,0.13794911,-0.0258633136225483,0.19014743,0.036156043
8599,0,1,0.021119356,0.010900617,0.1156914802124544,0.09457213,0.008943887
8600,0,1,-0.11772096,-0.11305642,-0.0428152934848333,0.074905664,0.0056108586
8601,0,1,0.037843823,0.026162505,-0.0229854108432834,0.060829233,0.0037001956
8602,0,1,0.018278837,0.008305669,-0.106385800617281,0.124664634,0.015541271
8603,0,1,0.10041094,0.082648754,0.0956090997738774,0.0048018396,2.3057664e-05
8604,0,1,-0.09868097,-0.095755935,-0.053382068663242,0.045298904,0.0020519907
8605,0,1,0.048262835,0.03565085,-0.1983143550655091,0.24657719,0.06080031
8606,0,1,0.19009888,0.15908325,0.2831451311080275,0.09304625,0.008657604
8607,0,1,-0.273126,-0.25178123,-0.3343290479563412,0.061203033,0.0037458113
8608,0,1,0.31970608,0.25716197,0.2943390896772129,0.025366992,0.0006434843
8609,0,1,-0.2832371,-0.26056802,-0.2746323324356503,0.008604765,7.404198e-05
8610,0,1,0.26339424,0.21493542,0.2805186494478124,0.017124414,0.00029324557
8611,0,1,-0.27074885,-0.24970925,-0.1914688445106347,0.079280004,0.006285319
8612,0,1,0.1834656,0.15373933,0.0992862902724676,0.08417931,0.0070861564
8613,0,1,-0.102172256,-0.09892917,-0.3472787679358962,0.24510652,0.060077205
8614,0,1,0.3317815,0.2652129,0.2192034427390286,0.112578064,0.01267382
8615,0,1,-0.21458173,-0.2002883,-0.1647107625535311,0.049870968,0.0024871135
8616,0,1,0.15745866,0.13222146,0.1228510863887824,0.034607574,0.0011976842
8617,0,1,-0.12449181,-0.119204044,-0.2444022304690802,0.11991042,0.014378509
8618,0,1,0.23451722,0.19294631,0.1089277802919461,0.12558943,0.015772706
8619,0,1,-0.11131573,-0.10723853,0.052717973890936,0.1640337,0.026907053
8620,0,1,-0.056458473,-0.058643818,0.1033439233858863,0.1598024,0.02553681
8621,0,1,-0.10602224,-0.1024282,-0.0807798929074949,0.025242344,0.0006371759
8622,0,1,0.0752455,0.06009829,0.1804260242913116,0.10518053,0.011062944
8623,0,1,-0.17857039,-0.16808629,-0.1532341485545851,0.025336236,0.00064192485
8624,0,1,0.14626932,0.12272143,0.1897471904960597,0.043477863,0.0018903245
8625,0,1,-0.1872586,-0.17588687,-0.2375944167758632,0.05033581,0.0025336938
8626,0,1,0.22798431,0.18820393,0.2502188667570963,0.022234559,0.0004943756
8627,0,1,-0.24311864,-0.22553289,-0.3645540826708835,0.12143543,0.014746564
8628,0,1,0.34780657,0.27513182,0.4282522117637504,0.08044565,0.006471502
8629,0,1,-0.40144587,-0.35990632,-0.1971490436175103,0.20429683,0.041737195
8630,0,1,0.18897069,0.15817893,0.1204608669871845,0.06850982,0.004693595
8631,0,1,-0.12223232,-0.11715281,-0.088324063523832,0.033908255,0.0011497698
8632,0,1,0.08266616,0.066777706,0.0691116633085544,0.013554499,0.00018372443
8633,0,1,-0.07262862,-0.07284117,-0.0088128220341052,0.063815795,0.0040724557
8634,0,1,0.0042886734,-0.004479289,-0.1563761887255113,0.16066486,0.025813196
8635,0,1,0.14933467,0.12533653,0.1574198243321987,0.008085161,6.536984e-05
8636,0,1,-0.15704346,-0.14868677,-0.2566757308022034,0.09963226,0.009926588
8637,0,1,0.24626791,0.20123398,0.1799640060629752,0.06630391,0.004396208
8638,0,1,-0.17813957,-0.16769862,-0.2261143614430738,0.047974795,0.002301581
8639,0,1,0.21694458,0.1799897,0.3268718715971379,0.1099273,0.012084011
8640,0,1,-0.3124311,-0.28569496,-0.3125203975578614,8.928776e-05,7.972304e-09
8641,0,1,0.29925215,0.24260008,0.2326010232548843,0.066651136,0.0044423738
8642,0,1,-0.22693884,-0.2112521,-0.3719586402378658,0.1450198,0.021030743
8643,0,1,0.35464466,0.27905762,0.2766242506620024,0.078020394,0.0060871816
8644,0,1,-0.26721525,-0.24662983,-0.0685005216704803,0.19871473,0.039487544
8645,0,1,0.06315839,0.049173236,0.1520862106974616,0.08892782,0.007908157
8646,0,1,-0.15203655,-0.1441623,-0.07172543340205,0.08031111,0.006449875
8647,0,1,0.06633389,0.052048445,0.1549056138969582,0.08857173,0.007844951
8648,0,1,-0.15468407,-0.14655542,-0.0952487499008842,0.059435315,0.0035325568
8649,0,1,0.08947265,0.07288408,0.1175502617763615,0.02807761,0.00078835216
8650,0,1,-0.119479656,-0.11465359,-0.0416979410244511,0.077781714,0.0060499953
8651,0,1,0.036741972,0.025158167,-0.1260629679742406,0.16280495,0.02650545
8652,0,1,0.11970496,0.099701524,0.0860913121380171,0.033613652,0.0011298776
8653,0,1,-0.08936405,-0.08753359,-0.1203753961445701,0.031011343,0.0009617034
8654,0,1,0.11413252,0.09480131,0.1428027899564905,0.028670266,0.00082198414
8655,0,1,-0.1433084,-0.13626456,-0.0757217624954142,0.06758664,0.0045679538
8656,0,1,0.070267916,0.05560565,0.2891322436218531,0.21886432,0.047901593
8657,0,1,-0.27853823,-0.25648963,-0.2879807364450939,0.009442508,8.916096e-05
8658,0,1,0.2760719,0.22497404,0.4098583482689084,0.13378644,0.017898811
8659,0,1,-0.38552725,-0.3469112,-0.2469093348540583,0.13861792,0.019214926
8660,0,1,0.23692024,0.19466746,0.3385174459854465,0.10159722,0.010321995
8661,0,1,-0.3228103,-0.29453814,-0.2019152701719426,0.12089503,0.014615607
8662,0,1,0.19358504,0.16186512,0.1392160477230701,0.054368988,0.002955987
8663,0,1,-0.13993132,-0.13320577,-0.1959873897424007,0.056056067,0.0031422826
8664,0,1,0.18784535,0.15727437,0.0561746593234717,0.13167068,0.01733717
8665,0,1,-0.059868574,-0.06163764,0.1756517204618368,0.23552029,0.055469807
8666,0,1,-0.17411256,-0.16407716,-0.3168408815397334,0.14272833,0.020371376
8667,0,1,0.30331552,0.24557507,0.2897651779657522,0.013550341,0.00018361174
8668,0,1,-0.27910936,-0.2569865,-0.1788398557714681,0.1002695,0.010053972
8669,0,1,0.17120588,0.14370167,0.1401589186783494,0.031046957,0.0009639135
8670,0,1,-0.14081931,-0.13401008,-0.2832616649874135,0.14244235,0.020289822
8671,0,1,0.27159536,0.2214576,0.3179147393433614,0.046319395,0.0021454864
8672,0,1,-0.3044219,-0.27883863,-0.3644077692040752,0.059985876,0.0035983054
8673,0,1,0.3476714,0.2750517,0.5664659879760763,0.21879458,0.04787107
8674,0,1,-0.5174788,-0.4429524,-0.5504716173573756,0.03299278,0.0010885235
8675,0,1,0.512977,0.2971431,0.6229066450190162,0.10992962,0.012084521
8676,0,1,-0.5628344,-0.47299075,-0.5307616793740182,0.032072723,0.0010286595
8677,0,1,0.49618065,0.31380737,0.475647941976528,0.020532697,0.00042159166
8678,0,1,-0.44196415,-0.39080393,-0.3131675815986656,0.12879658,0.016588558
8679,0,1,0.2998613,0.24304807,0.3670098787186291,0.067148566,0.00450893
8680,0,1,-0.34804034,-0.31582844,-0.4657625047664844,0.11772215,0.0138585055
8681,0,1,0.43951666,0.32740343,0.3742939248898802,0.06522274,0.004254006
8682,0,1,-0.35445213,-0.32119226,-0.5190685328997973,0.1646164,0.02709856
8683,0,1,0.48612916,0.32073343,0.6197633266791842,0.13363415,0.017858086
8684,0,1,-0.560339,-0.4713633,-0.3951539189207886,0.16518506,0.027286105
8685,0,1,0.3759414,0.28988492,0.2706338073202692,0.10530758,0.011089686
8686,0,1,-0.261765,-0.24187672,-0.0814819304897263,0.18028307,0.032501984
8687,0,1,0.07593596,0.06072092,-0.0978105683726513,0.17374653,0.030187855
8688,0,1,0.09198952,0.07513678,0.0960132898890968,0.0040237755,1.6190768e-05
8689,0,1,-0.09906459,-0.09610486,0.0582075422145891,0.15727213,0.024734523
8690,0,1,-0.06187415,-0.06339812,0.0238955129051694,0.08576967,0.007356436
8691,0,1,-0.028007865,-0.033717632,-0.0380425468204614,0.01003468,0.00010069481
8692,0,1,0.03313625,0.021870255,0.0302303218548343,0.0029059276,8.4444155e-06
8693,0,1,-0.03426242,-0.03918791,0.0136678807222638,0.0479303,0.0022973137
8694,0,1,-0.017908573,-0.024755597,0.0009146466736185,0.01882322,0.00035431358
8695,0,1,-0.0053161383,-0.013255358,0.1248004468279824,0.13011658,0.016930325
8696,0,1,-0.12633324,-0.12087548,-0.123717247046704,0.0026159883,6.8433947e-06
8697,0,1,0.117406964,0.09768331,0.0865341320132608,0.03087283,0.0009531316
8698,0,1,-0.0898,-0.08791661,-0.2074403154578425,0.11764032,0.013839244
8699,0,1,0.19892848,0.16609251,0.1887545285849479,0.010173947,0.00010350919
8700,0,1,-0.18633437,-0.17505777,-0.4034374729021914,0.2171031,0.047133755
8701,0,1,0.38349926,0.29314077,0.2795893747028743,0.10390988,0.010797263
8702,0,1,-0.2699076,-0.2489754,-0.2283465904594253,0.041561007,0.0017273173
8703,0,1,0.21909368,0.18160737,0.1189046490114498,0.10018903,0.010037842
8704,0,1,-0.12076092,-0.115816474,-0.1433887147201802,0.0226278,0.00051201734
8705,0,1,0.13665509,0.11445987,0.1857499243316043,0.049094826,0.002410302
8706,0,1,-0.18353534,-0.17254567,-0.0622211222646742,0.12131421,0.014717138
8707,0,1,0.0569731,0.043565392,0.1537261419362916,0.096753046,0.009361152
8708,0,1,-0.15357685,-0.14555478,-0.1375747675294818,0.016002089,0.00025606685
8709,0,1,0.1309712,0.109537005,0.1001413024188626,0.030829892,0.0009504822
8710,0,1,-0.10298395,-0.099666715,-0.2714370005230171,0.16845304,0.028376427
8711,0,1,0.26035225,0.21249115,0.3266371774635057,0.066284925,0.004393691
8712,0,1,-0.3122213,-0.28551602,-0.1383379272795648,0.17388336,0.030235425
8713,0,1,0.13171744,0.11018503,0.1574628896219023,0.025745451,0.0006628283
8714,0,1,-0.15708387,-0.14872372,-0.1461849143608375,0.010898948,0.00011878706
8715,0,1,0.13938689,0.11681664,0.0609718696591472,0.07841502,0.0061489157
8716,0,1,-0.064601064,-0.06579244,0.0095426159600446,0.07414368,0.005497285
8717,0,1,-0.013835192,-0.021037102,-0.0430477549604952,0.029212564,0.0008533739
8718,0,1,0.038072944,0.026372433,-0.1544591599528446,0.1925321,0.037068613
8719,0,1,0.1474644,0.12374222,0.0137152246400951,0.13374917,0.01788884
8720,0,1,-0.017955422,-0.024798274,-0.1678902036857732,0.14993478,0.02248044
8721,0,1,0.16055477,0.13482606,0.1375338856252859,0.023020878,0.00052996085
8722,0,1,-0.13834679,-0.1317699,-0.0016734192240472,0.13667338,0.018679611
8723,0,1,-0.0027605295,-0.010920644,0.0628992265343701,0.065659754,0.0043112035
8724,0,1,-0.06650269,-0.06746137,-0.19137972670257,0.124877036,0.015594274
8725,0,1,0.18337929,0.15366971,0.2324587843377419,0.049079493,0.0024087967
8726,0,1,-0.22680795,-0.2111367,-0.1907098434427114,0.036098108,0.0013030734
8727,0,1,0.1827296,0.15314233,0.1037692664932736,0.07896034,0.006234735
8728,0,1,-0.10642612,-0.10279465,-0.0659874612871851,0.04043866,0.0016352852
8729,0,1,0.06068337,0.04693055,0.0955028125364514,0.034819447,0.0012123939
8730,0,1,-0.098579764,-0.09566426,-0.2392737207116702,0.14069396,0.019794792
8731,0,1,0.22959673,0.18938291,0.359169068002841,0.12957233,0.01678899
8732,0,1,-0.34112084,-0.31001854,-0.2491230735471237,0.09199777,0.00846359
8733,0,1,0.23904121,0.19617546,0.1357437174472586,0.10329749,0.01067037
8734,0,1,-0.1366595,-0.13024104,-0.1905553756329334,0.053895876,0.0029047655
8735,0,1,0.18258011,0.15302074,0.0478586769100903,0.13472143,0.018149864
8736,0,1,-0.05166304,-0.054436684,0.1143708703308912,0.16603391,0.027567258
8737,0,1,-0.116470814,-0.11192119,0.0359502900981876,0.1524211,0.023232192
8738,0,1,-0.039908886,-0.044132113,-0.0678704765403541,0.02796159,0.0007818505
8739,0,1,0.06253815,0.04861164,0.1150364923938116,0.052498348,0.0027560766
8740,0,1,-0.11710119,-0.11249328,-0.0468007689808258,0.07030042,0.0049421494
8741,0,1,0.041774392,0.029744267,0.0690006634411288,0.02722627,0.00074126973
8742,0,1,-0.07251942,-0.07274568,0.0384542724308443,0.11097369,0.012315161
8743,0,1,-0.04238081,-0.04629743,0.065926822553197,0.10830763,0.011730542
8744,0,1,-0.06948829,-0.07008374,-0.1029190160763411,0.033430733,0.0011176139
8745,0,1,0.097007394,0.07961702,0.2078775340470755,0.11087014,0.012292188
8746,0,1,-0.20410073,-0.19095266,-0.2432795287160583,0.039178804,0.0015349786
8747,0,1,0.23344076,0.19217122,0.253320082816453,0.019879311,0.00039518703
8748,0,1,-0.24595857,-0.22803044,-0.1064306596038928,0.13952792,0.01946804
8749,0,1,0.10045457,0.082687855,0.2662096262528328,0.16575506,0.02747474
8750,0,1,-0.25773382,-0.23835433,-0.2732946477446376,0.015560836,0.0002421396
8751,0,1,0.26212108,0.21391356,0.2238276612158596,0.03829342,0.0014663861
8752,0,1,-0.2188518,-0.20408249,-0.1896141220756513,0.029237688,0.00085484236
8753,0,1,0.18166697,0.15228021,0.3829857313258225,0.20131877,0.040529247
8754,0,1,-0.36208224,-0.3275497,-0.324244314807204,0.037837923,0.0014317083
8755,0,1,0.31026542,0.25057328,0.3046100032421412,0.005655408,3.198364e-05
8756,0,1,-0.29248524,-0.26856756,-0.1792471473098935,0.113238096,0.012822866
8757,0,1,0.17160165,0.14402914,0.2580758064805868,0.08647415,0.0074777785
8758,0,1,-0.2503085,-0.23184967,-0.3091682897185983,0.058859766,0.003464472
8759,0,1,0.2960962,0.2402631,0.1913318860386474,0.10476431,0.010975561
8760,0,1,-0.18873382,-0.17720926,-0.0859793525001526,0.102754466,0.01055848
8761,0,1,0.08036029,0.064704895,0.2113365646406586,0.13097627,0.017154785
8762,0,1,-0.20730507,-0.1938101,-0.1393882592794249,0.06791681,0.004612693
8763,0,1,0.13274467,0.111076,0.259071625165278,0.12632695,0.015958497
8764,0,1,-0.25121844,-0.23264766,-0.3118576406957369,0.060639203,0.003677113
8765,0,1,0.2986282,0.2421397,0.1744507918684681,0.124177426,0.015420034
8766,0,1,-0.17299044,-0.16306686,-0.2778945656527949,0.104904115,0.011004874
8767,0,1,0.26649654,0.21741474,0.324312328298231,0.05781579,0.0033426655
8768,0,1,-0.31014466,-0.28374064,-0.1437935978024047,0.16635107,0.027672676
8769,0,1,0.13705087,0.114802,0.2229845024892991,0.08593364,0.007384591
8770,0,1,-0.21807408,-0.20339167,-0.2509085935909168,0.0328345,0.0010781044
8771,0,1,0.24075091,0.19738305,0.1951063714940846,0.045644537,0.0020834238
8772,0,1,-0.192245,-0.18035519,-0.2841531647269575,0.09190816,0.00844711
8773,0,1,0.2724415,0.22212541,0.2143545478776511,0.05808696,0.003374095
8774,0,1,-0.2100985,-0.19629872,-0.1039050015409845,0.106193505,0.011277061
8775,0,1,0.09797549,0.080480695,0.1405984992392461,0.042623013,0.0018167213
8776,0,1,-0.1412332,-0.13438499,-0.2700743420568645,0.12884113,0.016600037
8777,0,1,0.25905406,0.2114445,0.1290095813413347,0.13004449,0.01691157
8778,0,1,-0.13030815,-0.12448132,-0.0932342530830514,0.037073895,0.0013744737
8779,0,1,0.08749306,0.07111001,-0.0462714343841326,0.1337645,0.017892944
8780,0,1,0.041252017,0.029269338,0.0133704873032742,0.02788153,0.00077737967
8781,0,1,-0.01761508,-0.024487376,-0.0895755676815477,0.07196049,0.005178312
8782,0,1,0.08389652,0.06788325,0.203098048161787,0.119201526,0.014209004
8783,0,1,-0.19966829,-0.18699539,-0.1578699804293173,0.04179831,0.0017470986
8784,0,1,0.15079129,0.12657666,0.2484024117780714,0.09761113,0.009527933
8785,0,1,-0.24145412,-0.2240678,-0.1657672488277393,0.07568687,0.0057285028
8786,0,1,0.15848768,0.13308823,0.1965546676164538,0.038066983,0.0014490952
8787,0,1,-0.19359183,-0.18156064,-0.1868750495254012,0.006716788,4.5115237e-05
8788,0,1,0.17900956,0.15011418,0.2074078408367465,0.02839829,0.0008064629
8789,0,1,-0.20366526,-0.19056404,-0.1754618952319375,0.028203368,0.00079543
8790,0,1,0.1679219,0.14098012,0.1363284721597506,0.031593427,0.0009981446
8791,0,1,-0.13721073,-0.13074052,-0.1299869114762222,0.0072238147,5.21835e-05
8792,0,1,0.12354708,0.10306656,0.0582955508250415,0.06525153,0.004257762
8793,0,1,-0.061960816,-0.063474536,-0.1623738562133689,0.10041304,0.0100827785
8794,0,1,0.15518224,0.13029885,0.3450603251071691,0.18987808,0.036053684
8795,0,1,-0.32862484,-0.29947054,-0.2967387102046197,0.03188613,0.0010167253
8796,0,1,0.2843641,0.23139703,0.1611203729428776,0.123243734,0.015189018
8797,0,1,-0.16051376,-0.15182066,-0.2418284580107794,0.0813147,0.00661208
8798,0,1,0.23204839,0.19116509,0.2313999294215405,0.00064846873,4.205117e-07
8799,0,1,-0.22583318,-0.21027303,-0.1607067871229217,0.06512639,0.0042414465
8800,0,1,0.15355694,0.12892377,0.1312429686767469,0.022313967,0.00049791316
8801,0,1,-0.13241553,-0.12639332,-0.0965473203646349,0.035868213,0.0012865287
8802,0,1,0.09074855,0.074026704,0.1860782149786304,0.09532967,0.009087746
8803,0,1,-0.18384111,-0.17282069,-0.2436548354824275,0.059813723,0.0035776815
8804,0,1,0.23380077,0.19243014,0.1294084516726008,0.10439232,0.010897757
8805,0,1,-0.1306845,-0.124822736,-0.0529962918127411,0.0776882,0.006035457
8806,0,1,0.047882676,0.03530526,-0.021116455995312,0.068999134,0.0047608805
8807,0,1,0.016434312,0.006620407,-0.005089582218154,0.021523895,0.00046327803
8808,0,1,0.00061249733,-0.007838368,-0.0780707494746839,0.07868325,0.006191054
8809,0,1,0.07257974,0.057693124,0.0747885070343414,0.0022087619,4.878629e-06
8810,0,1,-0.07822573,-0.077756286,-0.1055334960102321,0.027307764,0.00074571394
8811,0,1,0.09957433,0.08190429,0.1664201782463099,0.06684585,0.0044683674
8812,0,1,-0.16547906,-0.15629971,0.0453521264822349,0.2108312,0.04444979
8813,0,1,-0.04918945,-0.05226648,-0.0999601514007031,0.0507707,0.0025776639
8814,0,1,0.09410143,0.07702422,0.1084353023549369,0.014333874,0.00020545995
8815,0,1,-0.11084962,-0.106814384,0.0690154431197478,0.17986506,0.03235144
8816,0,1,-0.072533846,-0.07275796,0.000845711404003,0.073379554,0.005384559
8817,0,1,-0.0052478313,-0.01319325,-0.0786862706229261,0.073438436,0.005393204
8818,0,1,0.07318568,0.058239937,-0.0779428098448167,0.1511285,0.022839824
8819,0,1,0.07245386,0.057579637,0.042764413568842,0.029689442,0.000881463
8820,0,1,-0.04663515,-0.050027132,-0.1363278522006579,0.0896927,0.00804478
8821,0,1,0.12975144,0.10847771,0.0828997777609277,0.046851665,0.0021950784
8822,0,1,-0.08621979,-0.084774256,-0.0776224576465403,0.008597329,7.391407e-05
8823,0,1,0.07213879,0.057294846,-0.0863456663426858,0.15848446,0.025117323
8824,0,1,0.080720425,0.06502855,-0.1243978183363168,0.20511824,0.042073492
8825,0,1,0.11807382,0.09826934,0.0177779080463418,0.100295916,0.010059271
8826,0,1,-0.021966934,-0.028441548,-0.089889426156323,0.067922495,0.004613465
8827,0,1,0.08420503,0.06815982,-0.0201953048819376,0.10440034,0.01089943
8828,0,1,0.015525103,0.00578928,-0.0320958970540892,0.047621,0.0022677598
8829,0,1,0.027269244,0.016516566,-0.1191587494600583,0.14642799,0.021441156
8830,0,1,0.112939835,0.09375012,0.2295269707210872,0.11658713,0.01359256
8831,0,1,-0.22410738,-0.20874465,-0.1205962559983844,0.10351113,0.010714554
8832,0,1,0.11434901,0.0949918,0.1003459101909616,0.014003098,0.00019608675
8833,0,1,-0.103178024,-0.09984362,-0.2222013628944787,0.11902334,0.014166555
8834,0,1,0.21317565,0.17713058,0.1654499843884427,0.047725663,0.0022777389
8835,0,1,-0.16457045,-0.15548086,-0.1299768536955743,0.034593597,0.0011967169
8836,0,1,0.12353742,0.10305798,0.0383747370666005,0.085162684,0.007252683
8837,0,1,-0.04230225,-0.046228886,-0.1202438042941951,0.07794155,0.0060748854
8838,0,1,0.11400354,0.09468782,0.1704680075544111,0.056464463,0.0031882357
8839,0,1,-0.1692667,-0.15971386,0.0996440041444632,0.2689107,0.072312966
8840,0,1,-0.102512,-0.09923804,0.0640397889415618,0.1665518,0.027739502
8841,0,1,-0.06762719,-0.06844938,-0.0177599530950631,0.04986724,0.0024867414
8842,0,1,0.013121486,0.0035930872,-0.0544025959437355,0.06752408,0.004559502
8843,0,1,0.049268365,0.03656578,-0.1430610610831217,0.19232942,0.036990605
8844,0,1,0.13633478,0.114183426,0.0698328639853007,0.066501915,0.004422505
8845,0,1,-0.07333994,-0.073465705,-0.0224992039070519,0.050840735,0.0025847803
8846,0,1,0.017799377,0.007867575,-0.065299610324703,0.083098985,0.006905441
8847,0,1,0.060005784,0.046316743,0.1303065262478795,0.07030074,0.0049421946
8848,0,1,-0.13153207,-0.12559187,-0.1951788042211582,0.063646734,0.0040509067
8849,0,1,0.18706167,0.15664446,0.0975537969081494,0.08950787,0.008011659
8850,0,1,-0.100527525,-0.09743416,-0.2329617901833787,0.13243426,0.017538834
8851,0,1,0.22353303,0.18492115,0.1115909680486357,0.11194207,0.012531026
8852,0,1,-0.11383879,-0.10953033,-0.0481217288169721,0.065717064,0.0043187323
8853,0,1,0.043076634,0.030930758,0.1199123276451685,0.07683569,0.0059037236
8854,0,1,-0.12171328,-0.11668229,-0.242059770111902,0.12034649,0.014483277
8855,0,1,0.2322706,0.19132555,0.255859915268702,0.023589313,0.0005564557
8856,0,1,-0.2482822,-0.2300713,-0.0598710725293769,0.18841112,0.03549875
8857,0,1,0.054657817,0.041463375,-0.0815082384439356,0.13616607,0.018541198
8858,0,1,0.07596207,0.06074369,0.0244043586857372,0.05155771,0.0026581974
8859,0,1,-0.028510332,-0.03415656,0.0161108701831795,0.044621203,0.0019910517
8860,0,1,-0.02032125,-0.026957273,-0.0185187851114623,0.001802465,3.24888e-06
8861,0,1,0.013870597,0.0042772293,0.0467287546795724,0.03285816,0.0010796586
8862,0,1,-0.05054772,-0.053458452,-0.0297900494821099,0.02075767,0.00043088084
8863,0,1,0.024994254,0.014439583,-0.0391247598082933,0.06411901,0.0041112476
8864,0,1,0.034203887,0.022843838,-0.1069795475009134,0.14118344,0.019932762
8865,0,1,0.10099363,0.083167076,0.0390181339436626,0.061975498,0.0038409624
8866,0,1,-0.042937636,-0.046785474,0.0192528766857809,0.06219051,0.0038676595
8867,0,1,-0.023423314,-0.029713154,0.039477011630888,0.06290033,0.003956451
8868,0,1,-0.043390274,-0.04718244,0.0154284511379481,0.058818724,0.0034596424
8869,0,1,-0.01964724,-0.026342392,-0.1044857893265276,0.08483855,0.007197579
8870,1,1,-0.08443689,0.08098841,0.0582432188432784,0.14268011,0.020357613
8871,1,1,0.093283415,-0.06342924,-0.2409776623085073,0.33426106,0.11173046
8872,1,1,-0.23566043,0.19057333,0.1574269387516025,0.3930874,0.1545177
8873,1,1,0.19962585,-0.14869308,-0.1430402602986336,0.3426661,0.11742005
8874,1,1,-0.12700021,0.1141659,0.1147357650248699,0.24173598,0.058436286
8875,1,1,0.15406549,-0.11223507,-0.1309586867118088,0.28502417,0.08123878
8876,1,1,-0.11364734,0.10389805,0.0591559177331058,0.17280325,0.029860964
8877,1,1,0.094269514,-0.06421971,-0.0221202760553693,0.11638979,0.013546583
8878,1,1,0.0059541464,0.007525921,0.1851795352443119,0.17922539,0.03212174
8879,1,1,0.22905886,-0.17206895,-0.1583327657150448,0.38739163,0.15007228
8880,1,1,-0.14392066,0.12695992,0.1875044516923678,0.33142513,0.10984261
8881,1,1,0.23151791,-0.17401326,-0.302454395868805,0.53397226,0.2851264
8882,1,1,-0.3041352,0.23551238,0.1110944127117048,0.41522962,0.17241563
8883,1,1,0.15016401,-0.109102726,-0.2166699361629918,0.36683393,0.13456713
8884,1,1,-0.20863235,0.1730398,0.0985550356802973,0.30718738,0.094364084
8885,1,1,0.13671148,-0.09829831,0.0270851767636892,0.1096263,0.012017926
8886,1,1,0.05953765,-0.03647077,-0.1169078897417308,0.17644554,0.03113303
8887,1,1,-0.09813523,0.091801524,0.0755684959303841,0.17370373,0.030172985
8888,1,1,0.111980915,-0.07843101,-0.0656515147444245,0.17763242,0.031553276
8889,1,1,-0.04171908,0.04663086,0.0544362236311912,0.0961553,0.009245842
8890,1,1,0.08916819,-0.060131907,-0.1330642619899711,0.22223245,0.04938726
8891,1,1,-0.11597371,0.1056968,0.1520715500854781,0.26804525,0.07184825
8892,1,1,0.19392908,-0.14415014,0.0128143142535417,0.18111476,0.032802556
8893,1,1,0.044032454,-0.02398634,0.1658493036164452,0.121816844,0.014839344
8894,1,1,0.20857394,-0.15581799,-0.1203472592164265,0.3289212,0.10818916
8895,1,1,-0.10193062,0.094777465,0.0297123130590533,0.13164294,0.017329862
8896,1,1,0.06238866,-0.038740396,-0.040242352600621,0.10263101,0.010533124
8897,1,1,-0.013863444,0.02384913,0.0889722028712511,0.10283565,0.010575171
8898,1,1,0.12641263,-0.09002411,-0.03413161236653,0.16054425,0.025774455
8899,1,1,-0.007176161,0.018349886,-0.0033702848764853,0.003805876,1.4484693e-05
8900,1,1,0.026412725,-0.0093899965,0.0113013977845473,0.015111328,0.00022835223
8901,1,1,0.04238689,-0.022622466,-0.029331429739555,0.07171832,0.0051435176
8902,1,1,-0.0019266605,0.014025807,0.0166169084230702,0.01854357,0.00034386397
8903,1,1,0.04816687,-0.027412653,-0.1324150736256995,0.18058194,0.03260984
8904,1,1,-0.11525631,0.10514271,-0.0184244070576025,0.0968319,0.009376418
8905,1,1,0.0099903345,0.004192114,0.0538264026009496,0.04383607,0.0019216009
8906,1,1,0.08850896,-0.059604168,-0.0879518881370657,0.17646086,0.031138435
8907,1,1,-0.066229224,0.066449046,0.2638503756807002,0.3300796,0.10895253
8908,1,1,0.31164634,-0.23647118,-0.105915540182611,0.4175619,0.17435794
8909,1,1,-0.08601272,0.08223808,0.0430218664383779,0.12903458,0.016649922
8910,1,1,0.07681656,-0.050250173,-0.2191548708324195,0.29597142,0.087599084
8911,1,1,-0.21139371,0.1748842,0.1680524169945954,0.37944615,0.14397939
8912,1,1,0.21091211,-0.15767717,-0.0617932550096747,0.27270538,0.07436822
8913,1,1,-0.037484527,0.04318273,0.0402681294587092,0.07775266,0.0060454756
8914,1,1,0.073833585,-0.04786682,-0.1684403771175571,0.24227396,0.05869667
8915,1,1,-0.15511465,0.13527548,0.1747642829572269,0.32987893,0.1088201
8916,1,1,0.21803057,-0.16333067,-0.0180011468778533,0.23603171,0.055710968
8917,1,1,0.010452628,0.0038108826,-0.1367695396787227,0.14722216,0.021674365
8918,1,1,-0.12006807,0.10885298,0.2461944143152343,0.3662625,0.13414821
8919,1,1,0.2932247,-0.2222848,-0.2072985776849552,0.50052327,0.25052354
8920,1,1,-0.1982212,0.16598475,0.0819883497041953,0.28020954,0.078517385
8921,1,1,0.11889696,-0.08398569,-0.1303214358429854,0.2492184,0.062109813
8922,1,1,-0.11294353,0.10335255,0.0446286371655835,0.15757217,0.024828987
8923,1,1,0.07855666,-0.051640272,-0.0990037254319977,0.17756039,0.03152769
8924,1,1,-0.07839656,0.07618475,0.1896946940524591,0.26809126,0.07187293
8925,1,1,0.23383367,-0.175843,-0.1649868179975675,0.3988205,0.15905778
8926,1,1,-0.1512891,0.1324476,0.083043635228436,0.23433274,0.054911833
8927,1,1,0.12003291,-0.084897995,-0.2798661573904073,0.39989907,0.15991926
8928,1,1,-0.27895987,0.21890557,0.314226470273345,0.5931864,0.3518701
8929,1,1,0.3638271,-0.27600157,-0.3540462119942267,0.71787333,0.5153421
8930,1,1,-0.36167538,0.2692176,0.3799714212473113,0.74164677,0.55003995
8931,1,1,0.43104184,-0.32535076,-0.3611288101689194,0.79217064,0.62753433
8932,1,1,-0.3695767,0.2732464,0.1135573594908418,0.48313406,0.23341852
8933,1,1,0.1528033,-0.11122155,0.0521377298678318,0.10066557,0.010133557
8934,1,1,0.08668256,-0.05814147,-0.0334374627136508,0.12012002,0.014428819
8935,1,1,-0.0064167976,0.01772499,0.2386015912706802,0.2450184,0.060034014
8936,1,1,0.28528202,-0.21613431,-0.2231129351092378,0.50839496,0.25846544
8937,1,1,-0.21579325,0.17779887,0.3541200642185307,0.5699133,0.3248012
8938,1,1,0.40473545,-0.30625796,-0.5389458670006588,0.9436813,0.8905344
8939,1,1,-0.56754637,0.30766118,0.6212039382565357,1.1887503,1.4131272
8940,0,1,-0.5614829,-0.47211003,-0.52997343414463,0.03150946,0.000992846
8941,0,1,0.4955052,0.31434238,0.4563082556722897,0.039196968,0.0015364023
8942,0,1,-0.42551863,-0.37879336,-0.3948786586032116,0.030639976,0.00093880814
8943,0,1,0.37568963,0.28977072,0.336132853526492,0.03955677,0.0015647382
8944,0,1,-0.32068825,-0.2927339,-0.2418465427841816,0.0788417,0.006216014
8945,0,1,0.23206627,0.19117796,0.1300003892489112,0.10206589,0.0104174465
8946,0,1,-0.13124311,-0.12532961,-0.0730884333647075,0.05815468,0.0033819668
8947,0,1,0.06767559,0.053261876,0.0926344069479532,0.02495882,0.00062294264
8948,0,1,-0.09580839,-0.09318745,0.0091341308236296,0.104942515,0.011012931
8949,0,1,-0.013432026,-0.020668864,0.0305933164794951,0.044025343,0.0019382308
8950,0,1,-0.034620523,-0.03950131,0.0232606527974101,0.057881176,0.0033502306
8951,0,1,-0.027380824,-0.033169627,-0.1239932712238294,0.096612446,0.009333964
8952,0,1,0.11767757,0.09792113,0.0157810428820079,0.101896524,0.010382902
8953,0,1,-0.019995451,-0.026659966,0.0209264291646333,0.04092188,0.0016746004
8954,0,1,-0.025076032,-0.031155944,-0.0068963575455005,0.018179674,0.00033050054
8955,0,1,0.0023964643,-0.0062081814,-0.1264501260758104,0.12884659,0.016601443
8956,0,1,0.12008405,0.100034,0.1900879822503605,0.07000394,0.004900552
8957,0,1,-0.18757617,-0.17617118,-0.1699763216804291,0.01759985,0.00030975475
8958,0,1,0.16258585,0.1365292,0.151598049151808,0.010987803,0.00012073182
8959,0,1,-0.15157819,-0.14374769,-0.0181721032916306,0.13340609,0.017797185
8960,0,1,0.013527989,0.0039647818,-0.0466078010096584,0.06013579,0.0036163132
8961,0,1,0.041584015,0.029571295,0.018797251657767,0.022786763,0.00051923655
8962,0,1,-0.022973418,-0.02932024,-0.0109432382365095,0.01203018,0.00014472521
8963,0,1,0.006392002,-0.0025568008,0.0464431456990082,0.040051144,0.001604094
8964,0,1,-0.050266027,-0.05321145,-0.1460558224615864,0.09578979,0.009175684
8965,0,1,0.13926053,0.11670768,0.2219100307733705,0.0826495,0.0068309396
8966,0,1,-0.21708179,-0.20251024,-0.106196179246256,0.110885605,0.012295618
8967,0,1,0.100224614,0.08248317,0.1743054046857242,0.074080795,0.005487964
8968,0,1,-0.17285466,-0.16294503,-0.0359099030645713,0.13694476,0.018753866
8969,0,1,0.031032443,0.019950747,-0.2577650925332919,0.28879753,0.08340401
8970,0,1,0.24730933,0.20195282,0.4006428307541985,0.15333351,0.023511168
8971,0,1,-0.37751234,-0.34032202,-0.4970789630621355,0.11956662,0.014296177
8972,0,1,0.46705472,0.3281361,0.4569843030281715,0.010070413,0.00010141323
8973,0,1,-0.4260956,-0.37924182,-0.4088319274231518,0.01726368,0.00029803466
8974,0,1,0.3884083,0.29570472,0.356230788703564,0.032177508,0.001035392
8975,0,1,-0.33852315,-0.30783212,-0.2854445270658472,0.05307862,0.00281734
8976,0,1,0.2736665,0.2230891,0.1634516271093227,0.110214874,0.012147319
8977,0,1,-0.16269863,-0.15379238,-0.0927442245221688,0.0699544,0.0048936186
8978,0,1,0.087011576,0.07067871,0.0594234748624677,0.0275881,0.00076110323
8979,0,1,-0.06307411,-0.06445122,0.0310634785427028,0.094137594,0.008861886
8980,0,1,-0.035084963,-0.039907813,-0.2580728639491902,0.22298789,0.0497236
8981,0,1,0.24760306,0.202155,0.1770700317720013,0.07053302,0.0049749073
8982,0,1,-0.17543733,-0.1652689,-0.1760491775824288,0.0006118417,3.7435024e-07
8983,0,1,0.16849339,0.14145446,0.20133907858739,0.03284569,0.0010788394
8984,0,1,-0.19803584,-0.18553603,-0.0939471237570743,0.10408871,0.010834459
8985,0,1,0.0881933,0.07173836,0.3035222894534504,0.21532899,0.046366576
8986,0,1,-0.291507,-0.26772332,-0.3705801410289884,0.07907313,0.00625256
8987,0,1,0.35337293,0.2783426,0.2266433125291558,0.12672962,0.016060397
8988,0,1,-0.22144938,-0.20638764,-0.0634542498613743,0.15799513,0.024962462
8989,0,1,0.05818832,0.04466784,0.1657145080886219,0.10752618,0.01156188
8990,0,1,-0.16481793,-0.15570402,-0.1898263091682082,0.02500838,0.0006254191
8991,0,1,0.18187273,0.1524471,0.0952046609039594,0.08666807,0.0075113536
8992,0,1,-0.098296285,-0.09540665,0.0729443282667592,0.17124061,0.029323347
8993,0,1,-0.07640791,-0.07615936,0.0239431426091867,0.10035105,0.010070333
8994,0,1,-0.028055072,-0.033758402,0.1381614497064984,0.16621652,0.027627932
8995,0,1,-0.13893783,-0.13230562,-0.0125888121122978,0.12634902,0.015964074
8996,0,1,0.008016586,-0.0010720491,0.1604542326039493,0.15243764,0.023237234
8997,0,1,-0.15988922,-0.15125668,-0.1068769252508115,0.053012297,0.0028103036
8998,0,1,0.1008929,0.08307791,0.1175379660148312,0.016645066,0.00027705825
8999,0,1,-0.119467854,-0.114643216,-0.1179853363368288,0.0014825165,2.1978553e-06
