,state,label,pred,predbase,target,mae,mse
0,1,1,0.28327107,-0.14831805,-0.3114717833408185,0.5947429,0.35371912
1,1,1,-0.078755856,0.22890162,0.1057452052148639,0.18450105,0.034040637
2,1,1,0.18380499,-0.08512473,-0.1740592061859058,0.3578642,0.1280668
3,1,1,0.0072734356,0.13801956,0.230432070733856,0.22315863,0.049799774
4,1,1,0.26292944,-0.14890528,-0.0900585522776431,0.352988,0.12460053
5,1,1,0.060096502,0.058911085,-0.0058977462556093,0.06599425,0.0043552406
6,1,1,0.11317706,-0.010071993,-0.0121431823327786,0.12532024,0.015705163
7,1,1,0.10923314,-0.0056045055,0.0213785857257353,0.08785456,0.007718423
8,1,1,0.13041139,-0.029268742,-0.0496492660609382,0.18006065,0.03242184
9,1,1,0.08556414,0.021740198,-0.0111883642165691,0.0967525,0.009361046
10,1,1,0.109835625,-0.006289482,-0.0234634812494607,0.13329911,0.017768653
11,1,1,0.10208607,0.0025577545,0.2355298110223547,0.13344374,0.017807232
12,1,1,0.26616907,-0.14912796,-0.2205739729164766,0.48674303,0.23691878
13,1,1,-0.021903515,0.17594409,0.2573170196348546,0.27922052,0.0779641
14,1,1,0.2800188,-0.14872861,0.0873920286487344,0.19262677,0.037105076
15,1,1,0.17217922,-0.07344341,-0.1257013564319073,0.2978806,0.088732846
16,1,1,0.037662506,0.09351325,0.2351293586385301,0.19746685,0.038993157
17,1,1,0.26591444,-0.14911485,-0.0746609562018845,0.3405754,0.1159916
18,1,1,0.0697968,0.043813467,0.1625186256317348,0.09272182,0.008597336
19,1,1,0.21980381,-0.11963296,-0.000387936125938,0.22019175,0.048484404
20,1,1,0.11665702,-0.013992071,0.1362680020315534,0.019610986,0.00038459076
21,1,1,0.2031529,-0.10397649,-0.0985702641685941,0.30172315,0.09103686
22,1,1,0.054736853,0.06724095,0.1453380657205429,0.090601206,0.008208578
23,1,1,0.2089045,-0.10944319,-0.2957324083981154,0.5046369,0.25465837
24,1,1,-0.068927765,0.22208166,0.3564896560610431,0.42541742,0.18097998
25,1,1,0.3714509,-0.14351153,-0.2778204946625866,0.64927137,0.4215533
26,1,1,-0.057734728,0.21305728,0.329430913113407,0.38716564,0.14989723
27,1,1,0.34441257,-0.1462481,-0.2675953337894605,0.61200786,0.37455362
28,1,1,-0.05134082,0.20732474,0.3641555957981919,0.4154964,0.17263727
29,1,1,0.37910318,-0.14182758,-0.2875600272239933,0.66666317,0.44443977
30,1,1,-0.06382179,0.21812749,0.2726479256694789,0.3364697,0.11321186
31,1,1,0.28976798,-0.14713812,-0.2668373187582347,0.55660534,0.3098095
32,1,1,-0.050866604,0.20688248,0.2832054410796911,0.33407205,0.11160414
33,1,1,0.29812336,-0.14541554,-0.2024968865533267,0.50062025,0.25062063
34,1,1,-0.010570526,0.16191697,0.1888124379127167,0.19938296,0.039753564
35,1,1,0.23649287,-0.13483024,-0.2553760831505083,0.49186894,0.24193506
36,1,1,-0.04369688,0.19993997,0.1870513748557183,0.23074825,0.053244755
37,1,1,0.23537493,-0.1338265,-0.013309413764579,0.24868435,0.061843906
38,1,1,0.10849643,-0.0047671795,0.2098575205333301,0.101361096,0.010274072
39,1,1,0.24985766,-0.14667106,-0.1165028972097244,0.36636055,0.13422005
40,1,1,0.0434494,0.084671974,0.1451901872467496,0.10174079,0.0103511885
41,1,1,0.20881057,-0.109354496,-0.1336050508249733,0.34241563,0.11724846
42,1,1,0.032691956,0.10103583,0.1224030321111189,0.08971108,0.008048077
43,1,1,0.19436193,-0.0955019,-0.091930290565354,0.28629223,0.08196324
44,1,1,0.058917284,0.060744762,-0.0597016041714377,0.11861889,0.014070441
45,1,1,0.0792253,0.029207706,0.2407778588277147,0.16155256,0.026099231
46,1,1,0.26950455,-0.14923096,-0.1857545817455026,0.45525914,0.20726089
47,1,1,-6.771088e-05,0.14809537,0.0399094280347038,0.03997714,0.0015981718
48,1,1,0.14212799,-0.042004585,-0.123565008576453,0.265693,0.070592776
49,1,1,0.03900671,0.09146738,0.2466383712759894,0.20763166,0.043110907
50,1,1,0.27323008,-0.14919686,-0.0836742243429693,0.3569043,0.12738068
51,1,1,0.06411767,0.05265212,0.2072050432543291,0.14308737,0.020473996
52,1,1,0.24817276,-0.14519382,-0.2914118682820219,0.53958464,0.29115158
53,1,1,-0.06622839,0.22002578,0.2132078294362371,0.27943623,0.07808461
54,1,1,0.25198603,-0.14727664,0.0051216990592188,0.24686433,0.060941998
55,1,1,0.12013769,-0.017890453,0.0490439294401339,0.07109376,0.005054323
56,1,1,0.14790606,-0.048187256,-0.3144844799770836,0.46239054,0.21380502
57,1,1,-0.0806365,0.23008609,0.3171008515292191,0.39773735,0.158195
58,1,1,0.33207726,-0.14582157,-0.3790365340661155,0.7111138,0.5056828
59,1,1,-0.12086511,0.24581528,0.4135217419802024,0.5343869,0.28556934
60,1,1,0.4282925,-0.12161708,-0.4089818437295762,0.8372743,0.7010283
61,1,1,-0.13948488,0.24678612,0.5411058354353071,0.6805907,0.4632037
62,1,1,0.5546329,0.08216214,-0.6020341011942696,1.156667,1.3378786
63,1,1,-0.25883007,0.16840458,0.4723888283505388,0.73121893,0.53468114
64,1,1,0.48673368,-0.080714226,-0.4809151343852544,0.9676488,0.9363442
65,1,1,-0.18409824,0.23339438,0.493478825963201,0.6775771,0.4591107
66,1,1,0.50761104,-0.038148403,-0.326171040852758,0.8337821,0.6951926
67,1,1,-0.08792853,0.23430705,0.2395321311592884,0.32746065,0.10723048
68,1,1,0.26871276,-0.14921784,-0.1470731252820001,0.41578588,0.1728779
69,1,1,0.024225235,0.11366296,0.1986490849219957,0.17442384,0.030423677
70,1,1,0.24273896,-0.14039946,0.062269772234313,0.18046919,0.032569125
71,1,1,0.15627456,-0.057026863,-0.1323257165383622,0.28860027,0.083290115
72,1,1,0.03349662,0.09982371,0.2421895847848079,0.20869297,0.043552756
73,1,1,0.27040195,-0.14923716,-0.297346096762821,0.56774807,0.32233787
74,1,1,-0.06993556,0.22282887,0.3116824278545094,0.381618,0.1456323
75,1,1,0.32665396,-0.14530039,-0.3020943841045569,0.6287483,0.3953244
76,1,1,-0.07290125,0.22496557,0.1960527734766182,0.26895404,0.07233627
77,1,1,0.2410903,-0.13893533,-0.0185920694603445,0.25968236,0.06743493
78,1,1,0.10516143,-0.0009646416,0.0935271551331884,0.011634275,0.00013535636
79,1,1,0.17606497,-0.077377796,0.0098178707311777,0.1662471,0.027638098
80,1,1,0.12310505,-0.021197319,-0.1665753499976849,0.28968042,0.08391475
81,1,1,0.011972904,0.13140917,0.2033392374560607,0.19136633,0.03662107
82,1,1,0.24571776,-0.14303327,-0.2964943944516842,0.5422121,0.29399398
83,1,1,-0.06940341,0.22243547,0.2441139491129789,0.31351736,0.09829313
84,1,1,0.27162528,-0.14923072,-0.2999562952772585,0.5715816,0.32670552
85,1,1,-0.071566105,0.22401476,0.2363294117291854,0.3078955,0.094799645
86,1,1,0.26667738,-0.14915156,-0.2959606165552926,0.562638,0.3165615
87,1,1,-0.06907034,0.222188,0.0181602877764066,0.08723062,0.0076091816
88,1,1,0.12837696,-0.027031422,0.0782266636572197,0.050150298,0.0025150524
89,1,1,0.16637564,-0.06751108,-0.0582382043461722,0.22461385,0.05045138
90,1,1,0.08014798,0.02811718,-0.1566660018503167,0.23681398,0.05608086
91,1,1,0.01819706,0.12247968,0.1828329932210213,0.16463593,0.027104989
92,1,1,0.23269677,-0.1314156,-0.0162225240620301,0.2489193,0.061960816
93,1,1,0.10665727,-0.0026724339,-0.0584473681189146,0.16510463,0.027259538
94,1,1,0.0800159,0.028273106,0.1445955503555178,0.06457965,0.0041705314
95,1,1,0.20843363,-0.10899758,-0.0440245592971098,0.25245818,0.063735135
96,1,1,0.08911204,0.01758647,0.0442145892717626,0.044897456,0.0020157816
97,1,1,0.14485097,-0.044926405,0.0956159724843948,0.049234994,0.0024240846
98,1,1,0.17738795,-0.07870984,-0.1736428986008911,0.35103086,0.123222664
99,1,1,0.0075347424,0.1376555,0.1586782758766483,0.15114354,0.022844369
100,1,1,0.21736693,-0.11737394,-0.2624377128939499,0.47980464,0.2302125
101,1,1,-0.048114777,0.20427704,0.2513185152081894,0.2994333,0.089660294
102,1,1,0.27620506,-0.14905572,-0.0118700171034142,0.2880751,0.08298726
103,1,1,0.10940528,-0.005800724,0.0247776544440698,0.08462763,0.0071618357
104,1,1,0.13256001,-0.03162408,-0.1110090908474989,0.2435691,0.05932591
105,1,0,0.04690647,0.07935548,-0.1007737261625898,0.1476802,0.02180944
106,1,0,0.053349018,0.06939387,0.013277057811813,0.04007196,0.001605762
107,1,0,0.12529063,-0.023621798,0.1260129243861345,0.0007222891,5.217015e-07
108,1,0,0.1966505,-0.09772229,0.2298041291018431,0.033153623,0.0010991627
109,1,0,0.26253033,-0.14887023,0.0283284360866793,0.2342019,0.054850526
110,1,0,0.13480473,-0.03407526,0.0052378052418351,0.12956692,0.016787587
111,1,0,0.120211124,-0.01797223,-0.1750392674430858,0.2952504,0.08717279
112,1,0,0.0066583157,0.13887644,0.0548248620305678,0.048166547,0.0023200163
113,1,0,0.15156364,-0.05206752,0.017717077576504,0.13384657,0.017914902
114,1,0,0.12809706,-0.026722193,-0.067259430679663,0.19535649,0.038164157
115,1,0,0.07446098,0.036564827,-0.0658111627355131,0.14027214,0.019676274
116,1,0,0.075374365,0.035148382,-0.1051344325130472,0.18050879,0.032583423
117,1,0,0.050603867,0.07364488,-0.304245788573537,0.35484967,0.12591828
118,1,0,-0.0742445,0.22590184,-0.4254337889876982,0.3511893,0.123333916
119,1,0,-0.14970255,0.2456398,-0.6339906282783421,0.4842881,0.23453496
120,1,0,-0.27846193,0.14448237,-0.7478133631007284,0.4693514,0.22029075
121,1,0,-0.3480804,-0.020200253,-0.7503020097494084,0.40222162,0.16178223
122,1,0,-0.34959698,-0.024499178,-0.5799921743591967,0.2303952,0.05308195
123,1,0,-0.24526763,0.18349695,-0.5042726199340164,0.259005,0.0670836
124,1,0,-0.19854856,0.2246213,-0.482670799919132,0.28412226,0.08072546
125,1,0,-0.18518472,0.23280644,-0.5411400721805664,0.35595536,0.12670422
126,1,0,-0.22131968,0.206851,-0.3991997154896798,0.17788005,0.031641312
127,1,0,-0.13340497,0.24690652,-0.4204820117576084,0.28707704,0.08241323
128,1,0,-0.14662814,0.24610782,-0.5583051116935183,0.41167694,0.16947791
129,1,0,-0.23190641,0.19707751,-0.5286517765755026,0.29674536,0.08805781
130,1,0,-0.2136116,0.21338058,-0.5401034625319077,0.32649183,0.10659692
131,1,0,-0.22068048,0.20741177,-0.4797170439368066,0.25903657,0.067099944
132,1,0,-0.18335605,0.23378992,-0.5858042106156836,0.40244818,0.16196454
133,1,0,-0.24884558,0.17963839,-0.4944899056831788,0.24564433,0.06034114
134,1,0,-0.1924982,0.22854161,-0.5775146690057729,0.38501644,0.14823766
135,1,0,-0.24374199,0.18511462,-0.4186841022208476,0.1749421,0.03060474
136,1,0,-0.14551163,0.24625182,-0.4108960425752479,0.2653844,0.070428886
137,1,1,-0.14067388,0.2467134,0.3896286005273577,0.53030246,0.2812207
138,1,1,0.40450478,-0.13339949,-0.3909039395407991,0.7954087,0.63267505
139,1,1,-0.12824726,0.24667788,0.2465602076754818,0.37480748,0.14048064
140,1,1,0.27318025,-0.1491983,-0.1475683745843192,0.42074862,0.1770294
141,1,1,0.023914099,0.11412144,0.1784202709362268,0.15450618,0.02387216
142,1,1,0.22989535,-0.12887955,-0.011411440754002,0.2413068,0.05822897
143,1,1,0.10969472,-0.0061295033,0.0870127357248256,0.022681981,0.00051447225
144,1,1,0.17193913,-0.073198795,-0.1667156435337835,0.33865476,0.11468704
145,1,1,0.011884689,0.13153458,0.3642704427122911,0.35238576,0.12417572
146,1,1,0.37921786,-0.14179897,-0.1684438138867978,0.54766166,0.29993328
147,1,1,0.010799408,0.1330707,0.1581568520541143,0.14735745,0.021714218
148,1,1,0.21703625,-0.117066145,-0.2418486391485719,0.4588849,0.21057534
149,1,1,-0.035229683,0.19111538,0.0741799016626498,0.109409586,0.011970458
150,1,1,0.16381311,-0.06487107,-0.1359649140315517,0.29977804,0.08986688
151,1,1,0.031208515,0.10326719,0.2952504111146057,0.2640419,0.06971812
152,1,1,0.3101964,-0.14282799,-0.3134110857943186,0.6236075,0.38888633
153,1,1,-0.079966545,0.22966838,0.1728474522508638,0.252814,0.06391492
154,1,1,0.22635841,-0.12565851,-0.0626827135183285,0.28904113,0.083544776
155,1,1,0.07734585,0.032091856,0.1020953294179953,0.02474948,0.0006125368
156,1,1,0.1814928,-0.0828228,-0.0507979255968824,0.23229073,0.053958982
157,1,1,0.08483958,0.022590637,0.1721366505996657,0.08729707,0.007620778
158,1,1,0.22590733,-0.12524629,-0.2271433137923075,0.45305064,0.20525488
159,1,1,-0.026019335,0.18079042,0.1002953981525451,0.12631473,0.01595541
160,1,1,0.18035245,-0.0816834,-0.1244753311094419,0.30482778,0.092919976
161,1,1,0.03843379,0.09233999,0.1184517811005045,0.08001799,0.006402879
162,1,1,0.19185781,-0.09305906,-0.0613748778419687,0.2532327,0.0641268
163,1,1,0.0781703,0.030816078,0.1786378206656365,0.10046752,0.0100937225
164,1,1,0.23003387,-0.12900543,-0.2200232838735614,0.45005715,0.20255144
165,1,1,-0.021558285,0.17553163,0.2442481549416357,0.26580644,0.07065306
166,1,1,0.2717104,-0.14922976,-0.2070701768100025,0.47878057,0.22923084
167,1,1,-0.013438463,0.16555786,0.2497943614675,0.26323283,0.069291525
168,1,1,0.27523613,-0.14911366,-0.136869868480161,0.41210598,0.16983134
169,1,1,0.030639172,0.10412073,0.2707134894824148,0.2400743,0.057635672
170,1,1,0.28853798,-0.14739847,-0.100217368699901,0.38875535,0.15113072
171,1,1,0.053699017,0.06885004,0.0278784454170875,0.025820572,0.00066670193
172,1,1,0.13452053,-0.033765078,-0.0397934604917851,0.17431399,0.030385368
173,1,1,0.09178114,0.014472961,0.0814743965272204,0.010306746,0.00010622901
174,1,1,0.16843176,-0.06962037,-0.2348175228262405,0.40324926,0.16260996
175,1,1,-0.030826569,0.18627119,0.1135791198973481,0.1444057,0.020853003
176,1,1,0.1887691,-0.09003186,0.0014703453916253,0.18729876,0.035080824
177,1,1,0.11783123,-0.015308857,-0.1790493620412285,0.2968806,0.088138096
178,1,1,0.004140854,0.1423583,0.359582182173535,0.35544133,0.12633854
179,1,1,0.37453914,-0.14287972,-0.6276897581298688,1.002229,1.004463
180,1,1,-0.2745943,0.14937449,0.5053452943637939,0.7799396,0.60830575
181,1,1,0.5193434,-0.006239176,-0.5200147735716478,1.0393581,1.0802653
182,1,1,-0.20827746,0.21759605,0.4219092555304446,0.6301867,0.39713526
183,1,1,0.43663383,-0.11661291,-0.412233080100528,0.84886694,0.7205751
184,1,1,-0.14150453,0.24665308,0.3838124226520794,0.52531695,0.2759579
185,1,1,0.39870834,-0.13570428,-0.4257380290866788,0.8244464,0.6797118
186,1,1,-0.14989114,0.24560714,0.3507157933405986,0.5006069,0.25060725
187,1,1,0.365685,-0.14451599,-0.2533255233996514,0.6190105,0.383174
188,1,1,-0.042413473,0.19864511,0.195434869176442,0.23784834,0.056571834
189,1,1,0.24069786,-0.13858628,-0.2937137648694379,0.53441167,0.28559583
190,1,1,-0.06766677,0.22113085,0.3117671165620899,0.3794339,0.14397009
191,1,1,0.32673836,-0.14531088,-0.3239736816881731,0.650712,0.42342612
192,1,1,-0.08655739,0.2335589,0.0611419129940467,0.1476993,0.021815082
193,1,1,0.15556097,-0.056278467,0.0322353705706768,0.1233256,0.015209204
194,1,1,0.13727474,-0.036761284,-0.0414659946095197,0.17874074,0.031948254
195,1,1,0.09072542,0.015702486,-0.080562956662328,0.17128837,0.029339707
196,1,1,0.06607747,0.049600124,-0.0271620874117477,0.09323956,0.008693616
197,1,1,0.09975171,0.005242586,-0.0588095494309617,0.15856126,0.025141673
198,1,1,0.07978749,0.028543472,-0.0153059943307245,0.09509349,0.0090427715
199,1,1,0.10723591,-0.003332138,-0.2101249368083633,0.31736085,0.10071791
200,1,1,-0.015353441,0.1679554,-0.0026448041862598,0.012708637,0.00016150945
201,1,1,0.115231276,-0.012388468,0.0147898479706993,0.100441426,0.01008848
202,1,1,0.12624693,-0.024680138,0.0675637823997692,0.05868315,0.0034437121
203,1,1,0.15962529,-0.060527325,-0.0137788226751052,0.17340411,0.030068986
204,1,1,0.10820007,-0.0044305325,0.0276239202926817,0.08057615,0.006492516
205,1,1,0.1343596,-0.033589125,-0.0125431824113921,0.14690278,0.021580428
206,1,1,0.10898042,-0.0053179264,-0.070311416322184,0.17929184,0.032145567
207,1,1,0.072537184,0.039551497,-0.029505581070325,0.102042764,0.010412726
208,1,1,0.09827256,0.0069475174,-0.0737274715490237,0.17200004,0.029584013
209,1,1,0.07038474,0.042898178,-0.0083276307519777,0.078712374,0.006195638
210,1,1,0.11164212,-0.008336782,-0.0115647312322266,0.123206854,0.015179928
211,1,1,0.10959816,-0.0060195923,0.0582779166662379,0.051320244,0.0026337674
212,1,1,0.15374827,-0.054373264,0.0969221330956409,0.056826144,0.0032292106
213,1,1,0.1782155,-0.07954192,-0.0283847605083602,0.20660026,0.04268367
214,1,1,0.09897971,0.006131649,0.1615015764183738,0.06252186,0.003908983
215,1,1,0.21915817,-0.119035244,-0.2532328623542987,0.47239104,0.2231533
216,1,1,-0.042355776,0.19858694,0.2990247031010611,0.34138048,0.11654063
217,1,1,0.31397796,-0.1432898,-0.2709670199678076,0.58494496,0.3421606
218,1,1,-0.05344963,0.20926046,0.2223535837408614,0.2758032,0.07606741
219,1,1,0.25779605,-0.14830995,-0.1705488127530521,0.42834485,0.18347931
220,1,1,0.009477854,0.13493466,0.0449758516574791,0.035497997,0.0012601077
221,1,1,0.14533281,-0.045441866,0.0404135235416793,0.104919285,0.011008056
222,1,1,0.142447,-0.04234743,-0.0772099934627705,0.21965699,0.048249193
223,1,1,0.0681901,0.046312332,0.1863678976847147,0.1181778,0.013965993
224,1,1,0.234941,-0.13343644,-0.2722007008550093,0.5071417,0.2571927
225,1,1,-0.054221153,0.20995808,0.3413105317413207,0.39553168,0.15644531
226,1,1,0.3562889,-0.14566445,-0.3989433021630497,0.7552322,0.5703757
227,1,1,-0.1332457,0.24690461,0.3984170201978769,0.5316627,0.28266522
228,1,1,0.4132588,-0.12949586,-0.3232556076949495,0.7365144,0.54245347
229,1,1,-0.08610988,0.23331046,0.380762701776113,0.46687257,0.21797
230,1,1,0.39566827,-0.13682342,-0.2979246278353322,0.6935929,0.4810711
231,1,1,-0.070296764,0.22309399,0.1829203330565607,0.2532171,0.0641189
232,1,1,0.23275232,-0.13146496,-0.1581332392764047,0.39088556,0.15279151
233,1,1,0.017275572,0.12381387,0.0169110758447086,0.00036449544,1.3285693e-07
234,1,1,0.12758732,-0.026161194,0.1217925010828722,0.0057948157,3.357989e-05
235,1,1,0.19397497,-0.09512472,0.0446579862578451,0.14931698,0.02229556
236,1,1,0.14513159,-0.045226574,0.0195144851922659,0.1256171,0.015779655
237,1,1,0.12923312,-0.02797389,0.0382372439075435,0.09099588,0.00828025
238,1,1,0.14107084,-0.04086542,0.0228942855137979,0.11817656,0.013965699
239,1,1,0.13136959,-0.030320168,0.1444206786047002,0.013051093,0.00017033101
240,1,1,0.20832276,-0.10889268,-0.2672692178372871,0.475592,0.22618774
241,1,1,-0.05113697,0.20713496,0.0843473918336181,0.13548437,0.018356014
242,1,1,0.17025113,-0.0714798,-0.1460324455690158,0.31628358,0.1000353
243,1,1,0.024879694,0.11269617,-0.0158194536519022,0.040699147,0.0016564205
244,1,1,0.10691142,-0.0029625893,-0.0535628716339577,0.1604743,0.025752
245,1,1,0.08309603,0.024641275,0.0982106450943436,0.01511462,0.00022845175
246,1,1,0.17903161,-0.08036113,-0.1332761513734848,0.31230778,0.09753615
247,1,1,0.03289914,0.100724936,0.2647805677706421,0.23188144,0.053769004
248,1,1,0.2847643,-0.14808917,-0.3152216179385578,0.5999859,0.3599831
249,1,1,-0.08109617,0.23037052,0.2316610005345767,0.3127572,0.09781706
250,1,1,0.2637105,-0.14897013,-0.2081158560090901,0.47182637,0.22262013
251,1,1,-0.014094353,0.16638112,0.0476518048766889,0.061746158,0.003812588
252,1,1,0.14702559,-0.047249317,-0.001231772645426,0.14825736,0.021980245
253,1,1,0.11612415,-0.013392925,0.0958594959841652,0.020264655,0.00041065627
254,1,1,0.17754221,-0.078866005,-0.1981738298988697,0.37571603,0.14116253
255,1,1,-0.007859468,0.15842056,0.2864418176164314,0.29430127,0.08661324
256,1,1,0.30136824,-0.14478445,-0.1416149299247155,0.44298315,0.19623408
257,1,1,0.027656078,0.10857749,0.1117107655827593,0.084054686,0.0070651905
258,1,1,0.18758535,-0.088865995,-0.0017874556598305,0.18937281,0.035862062
259,1,1,0.1157732,-0.012997866,-0.0478742240394827,0.16364743,0.02678048
260,1,1,0.08668375,0.020427942,0.2397434863519487,0.15305974,0.023427283
261,1,1,0.26884747,-0.1492207,-0.2322992489800013,0.50114673,0.25114805
262,1,1,-0.029249191,0.18449426,0.2209859335032842,0.25023514,0.06261762
263,1,1,0.25692725,-0.14818001,-0.3135626456878797,0.5704899,0.3254587
264,1,1,-0.08006096,0.22972798,0.3527938542416926,0.4328548,0.18736328
265,1,1,0.36776042,-0.14418101,-0.3960359457538769,0.7637963,0.5833848
266,1,1,-0.13143826,0.24685574,0.2880610829597803,0.41949934,0.17597969
267,1,1,0.3029914,-0.14445138,-0.2426525250782658,0.5456439,0.2977273
268,1,1,-0.035732508,0.19165754,0.2273540137749066,0.26308653,0.06921452
269,1,1,0.2609737,-0.14871454,-0.2488753336994285,0.509849,0.25994602
270,1,1,-0.039628267,0.19578171,0.2156863223797565,0.2553146,0.06518554
271,1,1,0.2535603,-0.14759445,-0.2479563863626475,0.5015167,0.251519
272,1,1,-0.0390532,0.19518232,0.1854409383242172,0.22449414,0.05039762
273,1,1,0.23435235,-0.13290739,-0.2636686659644809,0.498021,0.24802493
274,1,1,-0.04888463,0.20501304,0.1352743243819092,0.18415895,0.033914518
275,1,1,0.20252252,-0.10337472,-0.0610472630948231,0.26356977,0.06946903
276,1,1,0.07837677,0.030496359,0.028601785139068,0.049774986,0.0024775492
277,1,1,0.13497782,-0.034263134,0.0657423376546106,0.06923548,0.0047935518
278,1,1,0.1584723,-0.059324503,-0.0511138300317401,0.20958613,0.043926347
279,1,1,0.084640265,0.022825003,0.1429146990619343,0.058274433,0.0033959094
280,1,1,0.20736766,-0.10798907,-0.197114413155782,0.40448207,0.16360575
281,1,1,-0.007194519,0.15755558,0.1085300175615513,0.115724534,0.013392168
282,1,1,0.18556976,-0.08687496,-0.1096909156453769,0.29526067,0.08717886
283,1,1,0.047736168,0.07807636,-0.0379757319253473,0.0857119,0.007346529
284,1,1,0.09292793,0.013139486,0.061462732864673,0.0314652,0.0009900588
285,1,1,0.15576386,-0.056491137,-0.0377729363917276,0.1935368,0.037456494
286,1,1,0.09305549,0.012990236,-0.1010576762490469,0.19411317,0.03767992
287,1,1,0.053170204,0.0696702,-0.0509611964717722,0.1041314,0.010843349
288,1,1,0.08473635,0.02271223,0.1160873454826902,0.031351,0.0009828852
289,1,1,0.19035888,-0.09159207,-0.029033752416383,0.21939263,0.048133124
290,1,1,0.09857035,0.006604433,-0.1037999509142753,0.2023703,0.04095374
291,1,1,0.051443815,0.07234573,0.0195015187222358,0.031942297,0.0010203103
292,1,1,0.12922525,-0.027965069,0.0792189925442379,0.050006263,0.0025006263
293,1,1,0.16700363,-0.06815648,-0.022890368103547,0.189894,0.036059733
294,1,1,0.10244775,0.002143383,-0.0075483842813097,0.10999613,0.01209915
295,1,1,0.11213446,-0.008893967,-0.0582439821289719,0.17037845,0.029028814
296,1,1,0.08014417,0.028121471,0.0834224771882561,0.0032783076,1.0747301e-05
297,1,1,0.1696651,-0.07088184,-0.0094005216938835,0.17906561,0.032064494
298,1,1,0.110964775,-0.0075702667,-0.0564201153854919,0.1673849,0.028017702
299,1,1,0.081294775,0.026764154,0.0514448634583892,0.029849913,0.0008910173
300,1,1,0.14942479,-0.04980135,-0.0447732752296508,0.19419807,0.03771289
301,1,1,0.0886395,0.01813817,-0.0562115966255865,0.14485109,0.020981837
302,1,1,0.081425905,0.026608706,0.1153801816694213,0.033954278,0.001152893
303,1,1,0.18991065,-0.09115243,-0.0586923170218782,0.24860297,0.061803438
304,1,1,0.0798614,0.028455019,0.1896446142334937,0.10978322,0.012052354
305,1,1,0.23702145,-0.13530421,-0.2198745595910844,0.456896,0.20875396
306,1,1,-0.021465063,0.17541957,0.1674448421790439,0.1889099,0.03568695
307,1,1,0.22292948,-0.12251592,-0.1807433632177644,0.40367284,0.16295177
308,1,1,0.003077507,0.14381838,0.2097326968671331,0.20665519,0.042706367
309,1,1,0.24977851,-0.14660192,-0.2287508629940053,0.4785294,0.22899038
310,1,1,-0.027026415,0.18195486,0.1248369367005164,0.15186335,0.023062477
311,1,1,0.1959045,-0.096999645,-0.2557690596317941,0.45167357,0.20400901
312,1,1,-0.04394245,0.20018578,0.3760374768079164,0.41997993,0.17638314
313,1,1,0.39095688,-0.13843465,-0.1968629066577483,0.5878198,0.34553215
314,1,1,-0.007036686,0.15734982,0.3403427174666644,0.34737942,0.12067246
315,1,1,0.3553214,-0.14574885,-0.2659326379086986,0.6212541,0.38595665
316,1,1,-0.0503006,0.20635271,0.0346216488563095,0.08492225,0.007211788
317,1,1,0.13878393,-0.038396835,-0.1612233622318966,0.30000728,0.09000437
318,1,1,0.015334368,0.12661028,0.1915509847502208,0.17621662,0.031052297
319,1,1,0.2382319,-0.13638663,-0.1785449002691574,0.41677678,0.17370288
320,1,1,0.0044574738,0.14192247,0.160223655910332,0.15576619,0.024263106
321,1,1,0.21834755,-0.118284464,-0.1105248729654992,0.3288724,0.10815706
322,1,1,0.047211647,0.07888532,0.1038281073667923,0.056616463,0.003205424
323,1,1,0.18259025,-0.0839169,-0.024844440100201,0.20743468,0.043029148
324,1,1,0.10121441,0.0035595894,0.0230728853197916,0.078141525,0.006106098
325,1,1,0.13148236,-0.030443668,-0.0007279858314364,0.13221034,0.017479574
326,1,1,0.11644244,-0.013750315,0.0432795335482381,0.07316291,0.005352812
327,1,1,0.14425969,-0.044292927,-0.0192097680914784,0.16346946,0.026722265
328,1,1,0.104771614,-0.0005180836,-0.1150052438435649,0.21977687,0.048301872
329,1,1,0.04439187,0.083224535,0.1780290035050495,0.13363713,0.017858883
330,1,1,0.22964716,-0.12865353,-0.2148307888643552,0.44447795,0.19756064
331,1,1,-0.018303394,0.17159486,0.0978296452753459,0.11613304,0.013486884
332,1,1,0.17879033,-0.08011961,-0.0554867813909965,0.23427711,0.054885767
333,1,1,0.081882715,0.026070595,0.0900715173943345,0.008188799,6.7056426e-05
334,1,1,0.17387581,-0.07516527,0.0404745352528825,0.13340127,0.0177959
335,1,1,0.14248586,-0.042388916,-0.2349043839374327,0.37739024,0.14242339
336,1,1,-0.030880928,0.18633151,0.3073139201955079,0.33819485,0.114375755
337,1,1,0.32227945,-0.14473295,-0.2643818606624557,0.58666134,0.34417152
338,1,1,-0.04933071,0.20543766,0.194771583974664,0.2441023,0.059585933
339,1,1,0.24027658,-0.13821101,-0.1898468409689191,0.43012342,0.18500616
340,1,1,-0.0026352406,0.15154171,0.106259796481837,0.10889503,0.011858128
341,1,1,0.18413115,-0.08544898,-0.0638683238837116,0.24799946,0.06150373
342,1,1,0.076598644,0.033250093,0.0948513315606853,0.018252686,0.00033316054
343,1,1,0.17690372,-0.07822251,-0.0862313718692244,0.2631351,0.069240086
344,1,1,0.062506676,0.05515957,0.1422461823060921,0.07973951,0.0063583897
345,1,1,0.20694375,-0.10758662,-0.1093419327574007,0.31628567,0.10003663
346,1,1,0.04795599,0.07773733,0.0942712657867477,0.046315275,0.0021451048
347,1,1,0.17653632,-0.07785249,0.0970423036840344,0.079494014,0.0063192984
348,1,1,0.17829132,-0.07961869,0.0159359696267484,0.16235535,0.02635926
349,1,1,0.12697124,-0.025480747,0.0717613373058609,0.055209905,0.0030481336
350,1,1,0.16228223,-0.06328654,-0.0041500790025295,0.1664323,0.027699713
351,1,1,0.11428094,-0.01131773,-0.0228835809745691,0.13716452,0.018814106
352,1,1,0.10245228,0.0021381378,-0.0043567559056629,0.106809035,0.01140817
353,1,1,0.114150286,-0.011170387,-0.0103902994810796,0.12454058,0.015510357
354,1,1,0.11033964,-0.0068609715,0.0545270048587025,0.05581264,0.0031150505
355,1,1,0.15137482,-0.051868916,0.020948404895154,0.1304264,0.017011048
356,1,1,0.13013911,-0.028969765,0.092835866550736,0.037303247,0.0013915322
357,1,1,0.175627,-0.07693529,-0.0295094546065479,0.20513645,0.04208096
358,1,1,0.09827018,0.006951332,0.0899174177594623,0.0083527565,6.976854e-05
359,1,1,0.17377853,-0.07506633,-0.1926753593708001,0.3664539,0.13428845
360,1,1,-0.0044100285,0.15389872,0.0417289449917261,0.046138972,0.0021288048
361,1,1,0.14327884,-0.043240547,0.0911761814036755,0.052102655,0.0027146866
362,1,1,0.17457557,-0.075873375,-0.2853217731756849,0.45989734,0.21150556
363,1,1,-0.06242323,0.21699667,0.2185877283509198,0.28101096,0.078967154
364,1,1,0.25540328,-0.1479311,-0.1372947533030029,0.39269805,0.15421176
365,1,1,0.030372143,0.104521275,0.0835082137789893,0.053136073,0.0028234422
366,1,1,0.16971946,-0.07093763,-0.0008418871066244,0.17056134,0.029091172
367,1,1,0.11637044,-0.013669491,-0.0218017855977148,0.13817222,0.019091563
368,1,1,0.10313511,0.0013546944,-0.0111015805102052,0.11423669,0.013050022
369,1,1,0.10989094,-0.006351471,-0.0331207046269379,0.14301164,0.02045233
370,1,1,0.09599066,0.009585142,0.0457279292796419,0.050262727,0.0025263417
371,1,1,0.14580822,-0.045949936,-0.0404400003214471,0.18624821,0.0346884
372,1,1,0.09137344,0.01494813,-0.0454534532312309,0.1368269,0.018721601
373,1,1,0.088210106,0.018639565,0.1481206832493407,0.05991058,0.0035892776
374,1,1,0.21066976,-0.1111083,-0.0678967133493193,0.27856648,0.07759929
375,1,1,0.07405925,0.037188053,0.0223587300959984,0.051700518,0.0026729435
376,1,1,0.13103104,-0.029948711,0.0359811782804406,0.09504986,0.009034475
377,1,1,0.13964391,-0.03932619,-0.0276350783939958,0.16727899,0.027982261
378,1,1,0.09945297,0.0055863857,-0.0746598211542255,0.1741128,0.030315267
379,1,1,0.06979728,0.04381156,0.0090047655706673,0.060792513,0.0036957297
380,1,1,0.122591496,-0.020625114,-0.0116849229259474,0.13427642,0.018030157
381,1,1,0.10952258,-0.0059332848,0.1166508238441204,0.007128246,5.0811894e-05
382,1,1,0.19071603,-0.09194255,0.0021090393931029,0.18860699,0.035572596
383,1,1,0.11823416,-0.015760899,-0.029225479648943,0.14745964,0.021744346
384,1,1,0.09844947,0.006743908,0.1339268341845318,0.03547737,0.0012586438
385,1,1,0.20166779,-0.10255623,-0.3101640384792659,0.5118318,0.2619718
386,1,1,-0.07793975,0.22837591,0.1909746531793446,0.2689144,0.072314955
387,1,1,0.23786592,-0.13605952,0.0191602234943455,0.2187057,0.047832184
388,1,1,0.12900901,-0.027727365,-0.0990133333746539,0.22802234,0.051994186
389,1,1,0.054457188,0.06767368,0.2161411182623842,0.16168393,0.026141694
390,1,1,0.25384927,-0.14764953,-0.1219295104845588,0.3757788,0.1412097
391,1,1,0.040035248,0.08989811,-0.0161395229114034,0.05617477,0.0031556047
392,1,1,0.10670948,-0.0027320385,0.0445889818277338,0.062120497,0.0038589563
393,1,1,0.1450882,-0.045179605,-0.1423481008416853,0.2874363,0.08261963
394,1,1,0.027195215,0.10926294,0.2476509848999866,0.22045577,0.048600744
395,1,1,0.2738738,-0.14917493,-0.1445694944688869,0.41844332,0.17509481
396,1,1,0.02579856,0.111335754,0.315833469397599,0.29003492,0.08412025
397,1,1,0.33080888,-0.1457181,-0.3274838481829571,0.6582928,0.43334937
398,1,1,-0.08874726,0.23474383,0.3420444566255241,0.4307917,0.18558149
399,1,1,0.35702205,-0.14559746,-0.2640525712456552,0.6210746,0.3857337
400,1,1,-0.049124956,0.20524192,0.3166028804763119,0.36572784,0.13375686
401,1,1,0.3315792,-0.14578176,-0.3766751909355101,0.7082544,0.5016243
402,1,1,-0.119395494,0.24556923,0.4198429716595364,0.53923845,0.2907781
403,1,1,0.43457937,-0.117886305,-0.2041877388274842,0.6387671,0.40802345
404,1,1,-0.011631012,0.16327024,0.1905646704197874,0.20219569,0.040883098
405,1,1,0.23760557,-0.13582659,-0.1452550271782215,0.3828606,0.14658225
406,1,1,0.025367737,0.111974,0.1867365793379805,0.16136885,0.026039904
407,1,1,0.23517513,-0.13364744,-0.1419351983231331,0.37711033,0.1422122
408,1,1,0.027454853,0.10887694,0.1125870942498541,0.08513224,0.0072474987
409,1,1,0.18814039,-0.08941293,-0.0404860481334101,0.22862644,0.05227005
410,1,1,0.09134412,0.014981508,0.143624602197733,0.052280486,0.0027332492
411,1,1,0.2078178,-0.108415365,0.0144418428975998,0.19337595,0.037394255
412,1,1,0.1260271,-0.024436712,-0.1647990841966033,0.2908262,0.08457988
413,1,1,0.013088226,0.12982345,0.1896239520710096,0.17653573,0.031164862
414,1,1,0.2370081,-0.13529205,-0.1290199298732721,0.366028,0.1339765
415,1,1,0.03557563,0.09668088,0.1237479691380718,0.08817234,0.0077743614
416,1,1,0.19521475,-0.09632993,-0.0123369364608811,0.20755169,0.043077704
417,1,1,0.10911083,-0.0054655075,-0.0196390195602478,0.12874985,0.016576523
418,1,1,0.104500294,-0.00020837784,0.1027066018291491,0.00179369,3.2173239e-06
419,1,1,0.18188024,-0.083209276,-0.0319836366436101,0.21386388,0.04573776
420,1,1,0.096708775,0.008754969,0.2077451133028076,0.111036345,0.01232907
421,1,1,0.24851584,-0.14549494,-0.0810548764986354,0.3295707,0.10861685
422,1,1,0.065768,0.050082684,0.1230354400561837,0.057267435,0.003279559
423,1,1,0.19476295,-0.095891476,-0.1699677081409207,0.36473066,0.13302845
424,1,1,0.009842157,0.13442111,0.1892354344981717,0.17939328,0.03218195
425,1,1,0.23676157,-0.13507009,-0.229710799939022,0.4664724,0.21759649
426,1,1,-0.027627468,0.18264556,0.3585791125753732,0.38620657,0.14915551
427,1,1,0.3735373,-0.14309216,-0.267523205194085,0.6410605,0.41095853
428,1,1,-0.051295996,0.20728183,0.1265378569097723,0.17783386,0.03162488
429,1,1,0.1969831,-0.098044634,-0.0904886545352523,0.28747177,0.08264002
430,1,1,0.05982542,0.05933261,-0.0154401342457464,0.07526556,0.005664904
431,1,1,0.10715127,-0.0032360554,0.1642770110281937,0.057125747,0.003263351
432,1,1,0.22091961,-0.12066436,0.0074728775128143,0.21344674,0.04555951
433,1,1,0.12162328,-0.0195477,-0.158845158076113,0.28046843,0.078662544
434,1,1,0.016828537,0.12446022,0.2252308268261589,0.20840229,0.043431513
435,1,1,0.25962472,-0.14855719,-0.2535321847209708,0.5131569,0.26332998
436,1,1,-0.042542934,0.19877625,0.3026708670526559,0.3452138,0.119172566
437,1,1,0.3176303,-0.14398336,-0.2597329838416806,0.57736325,0.33334833
438,1,1,-0.046423197,0.20263839,0.348578333520734,0.39500153,0.15602621
439,1,1,0.36355042,-0.14483047,-0.4443270326832187,0.8078774,0.6526659
440,1,1,-0.1614263,0.24289083,0.3182426469675139,0.47966895,0.2300823
441,1,1,0.33321953,-0.14590502,-0.2944351082357799,0.6276547,0.39395037
442,1,1,-0.06811738,0.22147226,0.2610998200343322,0.3292172,0.10838396
443,1,1,0.28242373,-0.14843631,-0.2539223979621465,0.53634614,0.28766719
444,1,1,-0.042787552,0.19902372,0.278732249172728,0.3215198,0.10337498
445,1,1,0.293638,-0.14620686,-0.2556017778766679,0.54923975,0.30166432
446,1,1,-0.043838024,0.20008111,0.3423714923290899,0.38620952,0.14915779
447,1,1,0.35734868,-0.14556575,-0.3456068618157033,0.70295554,0.4941465
448,1,1,-0.100046635,0.23999214,0.2781795139612524,0.37822616,0.14305502
449,1,1,0.29328585,-0.1462996,-0.3449480353757619,0.6382339,0.40734252
450,1,1,-0.09963608,0.23982692,0.2098151445411087,0.30945122,0.09576006
451,1,1,0.24983072,-0.14664745,-0.2776114388009358,0.52744216,0.27819523
452,1,1,-0.057603836,0.21294427,0.4312684091182954,0.48887226,0.23899609
453,1,1,0.44593573,-0.110506296,-0.4078859333974511,0.85382164,0.72901136
454,1,1,-0.13880348,0.24682045,0.1698013754787917,0.30860484,0.09523694
455,1,1,0.22442532,-0.12388897,-0.3046976910420604,0.529123,0.27997115
456,1,1,-0.07452679,0.22609544,0.1700510646059663,0.24457785,0.059818327
457,1,1,0.22458363,-0.12403417,-0.0445329468899702,0.26911658,0.072423734
458,1,1,0.08879113,0.017961264,0.0615838079120076,0.027207322,0.0007402384
459,1,1,0.15584016,-0.056571245,-0.0573811319976598,0.21322128,0.045463316
460,1,1,0.08068848,0.027479172,0.1162038428722254,0.035515368,0.0012613414
461,1,1,0.19043303,-0.09166598,-0.0623633563544361,0.25279638,0.063906014
462,1,1,0.07754755,0.031780005,0.0399754597823638,0.03757209,0.001411662
463,1,1,0.14217019,-0.042049885,-0.1490260549614146,0.29119623,0.084795244
464,1,1,0.022998095,0.115470886,0.1022654706316297,0.079267375,0.0062833168
465,1,1,0.18160081,-0.0829308,-0.0384334462626592,0.22003426,0.048415072
466,1,1,0.09263873,0.013475418,-0.0572159223386363,0.14985466,0.022456419
467,1,1,0.08079243,0.027356386,0.0646856816010887,0.016106747,0.0002594273
468,1,1,0.15780354,-0.05862689,0.0194417878315489,0.13836175,0.019143974
469,1,1,0.1291871,-0.02792263,0.0382522049549343,0.0909349,0.008269156
470,1,1,0.1410799,-0.04087591,-0.0557910937682804,0.196871,0.03875819
471,1,1,0.08169103,0.026296616,0.1097416508111339,0.028050624,0.0007868375
472,1,1,0.18633747,-0.08763409,-0.1551995679176134,0.34153706,0.116647564
473,1,1,0.019118786,0.12114191,0.2513216333574966,0.23220286,0.053918168
474,1,1,0.27620697,-0.14905572,-0.295666401303539,0.57187337,0.32703915
475,1,1,-0.06888676,0.22205019,0.2241810678729319,0.2930678,0.08588874
476,1,1,0.25895715,-0.14847183,-0.0907876514529038,0.3497448,0.12232142
477,1,1,0.05963707,0.059625626,0.1324929677206183,0.072855905,0.0053079827
478,1,1,0.2007587,-0.101683855,-0.1075678314122936,0.30832654,0.09506526
479,1,1,0.049072266,0.07601333,0.2583683809793906,0.2092961,0.04380486
480,1,1,0.28068733,-0.14865398,-0.031263077451058,0.31195042,0.09731306
481,1,1,0.0971632,0.008229494,-0.0658662479366589,0.16302945,0.026578601
482,1,1,0.07533932,0.035202503,0.0991480989084125,0.023808785,0.0005668582
483,1,1,0.17962527,-0.080955744,-0.2453229975047244,0.42494828,0.18058103
484,1,1,-0.037404776,0.19344473,0.2521545843991486,0.28955936,0.083844624
485,1,1,0.27673674,-0.14901972,-0.1597714491001074,0.43650818,0.19053939
486,1,1,0.016246796,0.12529898,0.1794676774223678,0.16322088,0.026641056
487,1,1,0.2305603,-0.12948203,-0.1492995505896228,0.37985986,0.14429352
488,1,1,0.022826195,0.11572313,0.2635230188908846,0.24069682,0.05793496
489,1,1,0.28396487,-0.14821482,-0.4769814550413573,0.76094633,0.57903934
490,1,1,-0.18166256,0.23466992,0.2769804386785761,0.458643,0.21035339
491,1,1,0.29252362,-0.14649296,-0.3894663505680005,0.68198997,0.4651103
492,1,1,-0.12735319,0.24660707,0.4029381712054816,0.5302913,0.28120887
493,1,1,0.41775966,-0.12729263,-0.3837704190345548,0.80153006,0.64245045
494,1,1,-0.12381005,0.24623442,0.2979926909033383,0.42180273,0.17791754
495,1,1,0.3129437,-0.1430769,-0.3332701137502303,0.64621377,0.41759223
496,1,1,-0.09235573,0.23657799,0.2439809984060468,0.33633673,0.113122396
497,1,1,0.27154064,-0.14923191,-0.1315382787634575,0.4030789,0.1624726
498,1,1,0.033991575,0.099075556,-0.0145558914299392,0.048547465,0.0023568564
499,1,1,0.107709646,-0.003871441,0.060068411853027,0.047641233,0.0022696871
500,1,1,0.15488148,-0.05556512,0.0763974112691321,0.078484066,0.0061597484
501,1,1,0.1652174,-0.06631923,-0.0914908798981719,0.25670826,0.06589913
502,1,1,0.059194565,0.060314894,0.1564679826900321,0.097273424,0.009462119
503,1,1,0.21596456,-0.11606884,-0.2307224452778955,0.44668698,0.19952926
504,1,1,-0.028261423,0.18337059,0.2301530362167079,0.25841445,0.06677803
505,1,1,0.2627523,-0.14889026,-0.2355062876946405,0.4982586,0.24826163
506,1,1,-0.031257868,0.18675303,0.1528432530586601,0.18410112,0.033893224
507,1,1,0.21366525,-0.11392069,-0.1934872564527157,0.4071525,0.16577317
508,1,1,-0.0049192905,0.15457201,0.133345739926407,0.13826503,0.019117218
509,1,1,0.2012999,-0.102202654,-0.2371353245936425,0.43843523,0.19222544
510,1,1,-0.03227806,0.18788695,0.1448967385429282,0.1771748,0.031390913
511,1,1,0.20862436,-0.10917878,-0.0508715447309753,0.2594959,0.06733813
512,1,1,0.08479309,0.022645712,0.048242730446399,0.03655036,0.0013359289
513,1,1,0.14739895,-0.047647715,-0.092125983471925,0.23952493,0.057372194
514,1,1,0.0587945,0.06093669,-0.0714530841560106,0.1302476,0.016964436
515,1,1,0.071817875,0.040669918,0.2073934885463342,0.1355756,0.018380746
516,1,1,0.24829268,-0.1452992,-0.1424013302886502,0.39069402,0.15264182
517,1,1,0.027162075,0.10931277,-0.1106851867494551,0.13784726,0.019001868
518,1,1,0.04711032,0.079041004,0.0694880300256155,0.022377715,0.0005007621
519,1,1,0.16084313,-0.061793804,-0.1436924050414507,0.30453554,0.09274189
520,1,1,0.026350021,0.11051893,-0.0803930254694269,0.106743045,0.011394078
521,1,1,0.06618476,0.049433947,0.1634552746235487,0.09727052,0.009461554
522,1,1,0.22039819,-0.120182514,-0.2657835733006912,0.48618177,0.23637271
523,1,1,-0.050207615,0.20626497,0.2261879109215243,0.27639553,0.07639449
524,1,1,0.26023245,-0.14863086,-0.0714336856749753,0.33166614,0.11000243
525,1,1,0.071830034,0.04065132,0.0999660756321589,0.028136045,0.000791637
526,1,1,0.1801436,-0.0814755,-0.0556792454446744,0.23582284,0.05561241
527,1,1,0.0817616,0.02621317,-0.0173524872459975,0.09911409,0.009823603
528,1,1,0.10594392,-0.0018587112,-0.1100086585078132,0.21595258,0.046635516
529,1,1,0.047536373,0.078384876,0.0463086376923769,0.0012277365,1.5073368e-06
530,1,1,0.14617562,-0.04634261,-0.0779223287910482,0.22409795,0.050219893
531,1,1,0.067741394,0.047011375,0.0699710095647665,0.002229616,4.9711875e-06
532,1,1,0.16114879,-0.06211114,-0.090696120930855,0.2518449,0.06342586
533,1,1,0.059695005,0.059535027,-0.1281744668063997,0.18786947,0.03529494
534,1,1,0.03610754,0.09587526,0.1688381580060385,0.13273062,0.017617417
535,1,1,0.22381377,-0.12332845,-0.0791395359115902,0.3029533,0.09178071
536,1,1,0.06697416,0.048204184,0.0996669911942356,0.032692827,0.001068821
537,1,1,0.17995429,-0.081285,-0.0431546752529028,0.22310896,0.04977761
538,1,1,0.089660406,0.0169456,-0.0350346626633086,0.12469507,0.015548861
539,1,1,0.094783306,0.010984182,-0.0743266699990417,0.16910997,0.028598182
540,1,1,0.070007324,0.04348588,0.0971542617206027,0.027146935,0.0007369561
541,1,1,0.17836261,-0.07968974,-0.0655295213680151,0.24389213,0.05948337
542,1,1,0.07555127,0.034873486,0.0962701191549797,0.02071885,0.00042927076
543,1,1,0.17780256,-0.07912707,0.0535441622153478,0.1242584,0.01544015
544,1,1,0.15075326,-0.051210403,-0.0398295352754471,0.1905828,0.036321804
545,1,1,0.09175801,0.014499664,0.2164714879275968,0.12471348,0.015553452
546,1,1,0.25405955,-0.14769053,-0.2412851842907377,0.49534476,0.24536642
547,1,1,-0.03487706,0.19073367,0.1813771348949138,0.21625419,0.046765875
548,1,1,0.23177266,-0.13057971,-0.1662124735047121,0.39798513,0.15839216
549,1,1,0.012200832,0.13108587,0.1147895968315846,0.102588765,0.0105244545
550,1,1,0.18953633,-0.09078598,-0.3076395571057384,0.4971759,0.24718387
551,1,1,-0.0763638,0.22733831,0.3318901001985179,0.4082539,0.16667125
552,1,1,0.3468716,-0.14620686,-0.354450199753122,0.70132184,0.4918523
553,1,1,-0.1055572,0.24202013,0.4387710820889605,0.5443283,0.29629326
554,1,1,0.45338893,-0.10521793,-0.35992754280961,0.81331646,0.66148365
555,1,1,-0.108968735,0.2431016,0.429268312940962,0.53823704,0.2896991
556,1,1,0.4439485,-0.111857176,-0.3944385980754004,0.83838713,0.70289296
557,1,1,-0.13044524,0.24681258,0.2498675407841939,0.3803128,0.14463782
558,1,1,0.27528262,-0.1491108,-0.2133102191488256,0.48859283,0.23872295
559,1,1,-0.017350674,0.17042637,0.2838483072480282,0.301199,0.09072083
560,1,1,0.2987678,-0.14529395,-0.3521967162740029,0.6509645,0.42375478
561,1,1,-0.10415292,0.24153686,0.2901814245607537,0.39433435,0.15549958
562,1,1,0.3051169,-0.14399838,-0.2323722247134565,0.5374891,0.28889456
563,1,1,-0.02929473,0.18454695,0.1242650715907043,0.1535598,0.023580613
564,1,1,0.19554305,-0.09664869,0.0493785700524362,0.14616448,0.021364054
565,1,1,0.14811778,-0.04841304,0.0483536042841632,0.099764176,0.009952891
566,1,1,0.14746952,-0.047722578,0.0452464641551548,0.10222305,0.010449553
567,1,1,0.14550376,-0.04562521,-0.1057795299892467,0.2512833,0.06314329
568,1,1,0.05019784,0.074273825,0.0707439727030734,0.02054613,0.0004221435
569,1,1,0.1616385,-0.062619686,0.0510510700372424,0.11058743,0.01222958
570,1,1,0.14917564,-0.04953718,0.2122434387669436,0.063067794,0.0039775465
571,1,1,0.25137305,-0.14714527,-0.0250511956520242,0.27642426,0.07641037
572,1,1,0.101083994,0.0037095547,-0.0742011791367893,0.17528518,0.030724892
573,1,1,0.070086,0.04336238,0.0944751911421617,0.024389192,0.0005948327
574,1,1,0.17666554,-0.077982664,-0.0388035596941658,0.2154691,0.046426937
575,1,1,0.09240532,0.013746977,0.0732118978758986,0.019193418,0.0003683873
576,1,1,0.16320062,-0.064237595,-0.2653289748592797,0.4285296,0.1836376
577,1,1,-0.04992318,0.20599794,0.2528149300721569,0.3027381,0.09165036
578,1,1,0.27715635,-0.14899015,-0.1296506717008601,0.406807,0.16549194
579,1,1,0.03517866,0.097281694,0.3006688577553795,0.2654902,0.07048505
580,1,1,0.31562495,-0.14361453,-0.316468585666311,0.63209355,0.39954224
581,1,1,-0.08187485,0.23084426,0.2343576526386188,0.3162325,0.100003
582,1,1,0.2654245,-0.14908695,-0.0398145942699992,0.30523908,0.093170896
583,1,1,0.09176755,0.014488697,0.1534829936292228,0.06171544,0.0038087955
584,1,1,0.21407127,-0.11430049,-0.2479522012052526,0.4620235,0.2134657
585,1,1,-0.039050817,0.19517899,0.2011659884220318,0.2402168,0.057704113
586,1,1,0.24433708,-0.141814,0.0268368115169876,0.21750027,0.047306366
587,1,1,0.13386178,-0.033046484,-0.1257380172786386,0.2595998,0.06739206
588,1,1,0.037639856,0.09354758,0.1321803829463341,0.09454052,0.00893791
589,1,1,0.20056105,-0.1014936,-0.0861162052925896,0.28667724,0.08218384
590,1,1,0.06257939,0.055046797,0.0934924104159899,0.030913018,0.00095561467
591,1,1,0.1760428,-0.077355385,-0.1453351871896115,0.321378,0.103283815
592,1,1,0.025317907,0.11204839,0.2987100603493031,0.27339214,0.07474326
593,1,1,0.31366253,-0.14322567,-0.3526591754705128,0.6663217,0.4439846
594,1,1,-0.104441166,0.2416377,0.2393043553084721,0.34374553,0.11816099
595,1,1,0.26856828,-0.14921498,-0.087256013104489,0.3558243,0.12661092
596,1,1,0.061861277,0.056164265,0.1867812310170773,0.12491995,0.015604994
597,1,1,0.23520303,-0.13367248,-0.2148242848466646,0.45002732,0.20252459
598,1,1,-0.01829958,0.17159009,0.1439216312966147,0.16222121,0.02631572
599,1,1,0.20800638,-0.1085937,0.0161518578268395,0.19185452,0.03680816
600,1,1,0.12710786,-0.02563095,0.0224706200107065,0.104637235,0.010948951
601,1,1,0.13110161,-0.030026197,-0.1468039064760726,0.27790552,0.07723148
602,1,1,0.024394512,0.113413095,0.1551496264393912,0.13075511,0.0170969
603,1,1,0.21512818,-0.115288496,0.0615726545392436,0.15355553,0.0235793
604,1,1,0.15583348,-0.05656433,-0.1210438453302056,0.27687734,0.076661065
605,1,1,0.040592432,0.08904719,0.1519423319704707,0.111349896,0.012398799
606,1,1,0.213094,-0.11338496,-0.0392454112843441,0.25233942,0.06367519
607,1,1,0.092127085,0.014070749,-0.1078896637657833,0.20001675,0.0400067
608,1,1,0.04886961,0.07632542,0.2053178210309467,0.15644822,0.024476044
609,1,1,0.24697399,-0.14414024,-0.0932981691282659,0.34027216,0.115785144
610,1,1,0.058055878,0.062084198,0.2276871972403151,0.16963132,0.028774783
611,1,1,0.26118517,-0.14873695,-0.0548450653686698,0.31603023,0.09987511
612,1,1,0.08228731,0.02559328,0.229361408064769,0.1470741,0.021630792
613,1,1,0.262249,-0.148844,-0.1830810062819989,0.44533,0.19831881
614,1,1,0.0016102791,0.14582133,0.2169786817501346,0.2153684,0.04638355
615,1,1,0.25438142,-0.14774895,-0.1651372256496119,0.41951865,0.1759959
616,1,1,0.012875795,0.13012576,0.3368674171319354,0.32399163,0.104970574
617,1,1,0.3518479,-0.14599705,-0.2124496938557771,0.56429756,0.31843174
618,1,1,-0.016811132,0.16976213,-0.0189763560731508,0.0021652244,4.688197e-06
619,1,1,0.10491872,-0.00068736076,0.1513307453651795,0.04641202,0.0021540758
620,1,1,0.21270609,-0.11302185,-0.146578161729558,0.35928425,0.12908517
621,1,1,0.024536133,0.11320281,0.1368575693369305,0.11232144,0.012616105
622,1,1,0.20352626,-0.10433388,-0.3048139875041653,0.50834024,0.2584098
623,1,1,-0.074599266,0.2261455,0.1747849903705818,0.24938425,0.062192507
624,1,1,0.22758818,-0.1267817,-0.0196954545669507,0.24728364,0.0611492
625,1,1,0.10446477,-0.0001680851,-0.0845023114902008,0.18896708,0.035708558
626,1,1,0.06359601,0.05346346,0.0598722983924595,0.0037237108,1.3866022e-05
627,1,1,0.1547575,-0.055434704,0.1822449395487408,0.027487442,0.0007555595
628,1,1,0.23232317,-0.13107729,-0.1527783432677996,0.3851015,0.14830317
629,1,1,0.020639896,0.11892557,0.0053393907854024,0.015300506,0.00023410548
630,1,1,0.12027526,-0.01804471,-0.0713813508176528,0.19165662,0.03673226
631,1,1,0.071862936,0.040599823,0.056763442992243,0.015099492,0.00022799465
632,1,1,0.15279007,-0.053363323,-0.0196595373582892,0.1724496,0.029738866
633,1,1,0.10448718,-0.00019431114,-0.0602615184385264,0.1647487,0.027142134
634,1,1,0.07887244,0.029729605,0.1198641274265237,0.040991686,0.0016803184
635,1,1,0.1927526,-0.09393358,-0.1713623144350733,0.3641149,0.13257967
636,1,1,0.008966684,0.13565135,0.3159161784021127,0.3069495,0.09421799
637,1,1,0.3308916,-0.14572501,-0.1540285887145343,0.4849202,0.23514761
638,1,1,0.019854307,0.12007141,0.0889755400095064,0.069121234,0.004777745
639,1,1,0.17318201,-0.07446122,-0.1003180199304494,0.27350003,0.074802265
640,1,1,0.053636074,0.06894803,0.0475675331820779,0.0060685426,3.682721e-05
641,1,1,0.14697194,-0.047192335,0.0871308202329892,0.05984112,0.0035809595
642,1,1,0.17201352,-0.07327509,-0.0776876828354486,0.2497012,0.06235069
643,1,1,0.06788945,0.046780825,0.2593909679109325,0.19150153,0.036672834
644,1,1,0.2813375,-0.14857697,-0.2288455120268158,0.510183,0.26028666
645,1,1,-0.027085543,0.18202305,0.0708563580491796,0.0979419,0.009592615
646,1,1,0.16170955,-0.06269312,-0.3007365175492387,0.46244606,0.21385637
647,1,1,-0.072052956,0.22436404,0.1697981330293787,0.24185109,0.05849195
648,1,1,0.22442317,-0.12388778,-0.2756676350933604,0.50009084,0.25009084
649,1,1,-0.056388617,0.21188474,0.2135743412391368,0.26996297,0.07288
650,1,1,0.25221872,-0.14732504,0.0304437303896683,0.221775,0.049184147
651,1,1,0.13614225,-0.035531044,0.0605013866594852,0.07564087,0.0057215416
652,1,1,0.15515566,-0.05585265,-0.1171433565375532,0.27229902,0.074146755
653,1,1,0.043046474,0.08529019,0.2007707838774886,0.1577243,0.024876956
654,1,1,0.24408627,-0.14159203,-0.2799985086879539,0.5240848,0.27466488
655,1,1,-0.05909586,0.21422458,0.2958024154043439,0.35489827,0.12595278
656,1,1,0.31074977,-0.14269376,-0.2871597813156841,0.59790957,0.35749584
657,1,1,-0.06357217,0.21792698,0.2167262331863928,0.2802984,0.0785672
658,1,1,0.25422072,-0.14771986,-0.2352881323894289,0.48950887,0.23961893
659,1,1,-0.031121492,0.18660045,0.156148341612067,0.18726984,0.03506999
660,1,1,0.21576214,-0.1158793,-0.1673469692267479,0.3831091,0.14677258
661,1,1,0.011488438,0.132097,0.1176085044094117,0.106120065,0.011261468
662,1,1,0.19132328,-0.09253669,-0.3549955836200844,0.5463189,0.29846433
663,1,1,-0.10589671,0.24213433,0.3922685318006791,0.49816525,0.24816862
664,1,1,0.407135,-0.13228035,-0.5579826607017497,0.9651177,0.93145216
665,1,1,-0.23170781,0.1972692,0.4710206792256373,0.7027285,0.49382737
666,1,1,0.48537827,-0.08196783,-0.4432091618316298,0.92858744,0.86227465
667,1,1,-0.16073298,0.24309516,0.361502970126601,0.522236,0.27273044
668,1,1,0.37645578,-0.14245486,-0.2251377562759686,0.60159355,0.3619148
669,1,1,-0.02476263,0.17932582,0.203319928160286,0.22808255,0.052021652
670,1,1,0.24570513,-0.14302158,-0.2457787978775347,0.49148393,0.24155645
671,1,1,-0.037689924,0.19374776,0.3192972967617073,0.3569872,0.12743987
672,1,1,0.33427525,-0.14597464,-0.2207819244759705,0.55505717,0.30808845
673,1,1,-0.022033453,0.1760993,0.3284913357912913,0.35052478,0.12286762
674,1,1,0.34347296,-0.14625287,-0.4148124187673372,0.7582854,0.57499677
675,1,1,-0.1431067,0.24651432,0.5773761229215064,0.7204828,0.5190955
676,1,1,0.590322,0.16705799,-0.659853040549256,1.250175,1.5629375
677,1,1,-0.2943232,0.124372005,0.5213145275275002,0.8156377,0.66526484
678,1,1,0.5351145,0.034063578,-0.2872663692018409,0.8223809,0.67631036
679,1,1,-0.06363869,0.2179811,0.2949341641902756,0.35857284,0.12857448
680,1,1,0.3098793,-0.142905,-0.1990413414665934,0.50892067,0.25900024
681,1,1,-0.008403063,0.15912604,0.2426676085955912,0.25107068,0.06303649
682,1,1,0.2707057,-0.14923716,-0.2377202686301416,0.50842595,0.25849694
683,1,1,-0.032644033,0.18829155,0.0933925924821292,0.12603663,0.015885232
684,1,1,0.17597985,-0.077291965,-0.1985338928382902,0.37451375,0.14026055
685,1,1,-0.008085012,0.15871334,0.2417617345239473,0.24984674,0.062423393
686,1,1,0.27012992,-0.14923573,-0.2144542214633089,0.48458415,0.2348218
687,1,1,-0.018067837,0.17130637,0.1020667839275333,0.12013462,0.014432328
688,1,1,0.18147445,-0.08280492,-0.2087820400424145,0.3902565,0.15230013
689,1,1,-0.014511585,0.16690516,0.0398220294038034,0.054333616,0.002952142
690,1,1,0.14207292,-0.041944742,0.133390486539485,0.00868243,7.538459e-05
691,1,1,0.20132804,-0.10222983,0.0053802298032725,0.19594781,0.038395546
692,1,1,0.12030101,-0.018072367,-0.1109815366201489,0.23128255,0.053491615
693,1,1,0.046924114,0.0793283,-0.1373456315165122,0.18426974,0.03395534
694,1,1,0.030339956,0.10456896,0.1720139543248988,0.141674,0.020071521
695,1,1,0.22582936,-0.12517524,-0.1829652210115537,0.40879458,0.167113
696,1,1,0.0016832352,0.14572215,0.1551825028269431,0.15349926,0.023562023
697,1,1,0.21514916,-0.11530781,-0.2482809521893321,0.4634301,0.21476747
698,1,1,-0.039256096,0.19539428,0.3017507102694949,0.34100682,0.116285644
699,1,1,0.31670856,-0.14381766,-0.2316847212939135,0.54839325,0.30073515
700,1,1,-0.028864622,0.18405795,0.2974472400495447,0.32631186,0.10647943
701,1,1,0.31239748,-0.14296103,-0.2647103449314367,0.5771078,0.3330534
702,1,1,-0.04953623,0.20563245,0.3000189471893724,0.34955516,0.122188814
703,1,1,0.31497383,-0.14348888,-0.235690030839871,0.5506638,0.30323064
704,1,1,-0.031372786,0.18688154,0.1923498045284217,0.22372259,0.050051797
705,1,1,0.23873878,-0.13683939,-0.19945223105488,0.438191,0.19201136
706,1,1,-0.008661032,0.15945935,0.3065148782993732,0.31517592,0.099335864
707,1,1,0.3214798,-0.14461493,-0.3356728044100516,0.6571526,0.43184954
708,1,1,-0.09385419,0.2372961,0.3699658169436142,0.46382,0.215129
709,1,1,0.3849008,-0.14028716,-0.2235373385133323,0.60843813,0.37019697
710,1,1,-0.023760319,0.1781478,0.3114103800538528,0.3351707,0.11233939
711,1,1,0.32638097,-0.14526963,-0.3076037487897487,0.6339847,0.4019366
712,1,1,-0.07634139,0.22732401,0.2607231077794099,0.3370645,0.11361248
713,1,1,0.28218436,-0.14846826,-0.1457989960272572,0.42798334,0.18316974
714,1,1,0.025026083,0.11247921,-0.0843847466982707,0.10941083,0.01197073
715,1,1,0.06367016,0.053348064,0.2166383570781049,0.1529682,0.02339927
716,1,1,0.25416517,-0.14770865,-0.1661032257576251,0.42026842,0.17662553
717,1,1,0.0122692585,0.13098836,0.3242981493263075,0.31202888,0.09736203
718,1,1,0.33927846,-0.14619827,-0.2233656741362266,0.5626441,0.3165684
719,1,1,-0.023652315,0.17802095,0.1037149900705221,0.1273673,0.01622243
720,1,1,0.18251896,-0.083845854,-0.221005933304391,0.40352488,0.16283232
721,1,1,-0.02217412,0.17626739,0.0899481783029627,0.1121223,0.012571409
722,1,1,0.17379785,-0.07508564,-0.1327774734243676,0.3065753,0.09398841
723,1,1,0.03321266,0.100251675,0.204059253813722,0.1708466,0.02918856
724,1,1,0.24617481,-0.14343643,-0.2906498525122245,0.5368247,0.28818077
725,1,1,-0.065752745,0.21965504,0.1531282170829615,0.21888097,0.047908876
726,1,1,0.21384597,-0.114090204,-0.2763764557210617,0.49022242,0.24031803
727,1,1,-0.0568316,0.21227288,0.1076415638641337,0.16447316,0.02705142
728,1,1,0.18500686,-0.0863173,-0.1957501286108902,0.38075697,0.14497587
729,1,1,-0.0063388348,0.1564374,0.2004133624114641,0.2067522,0.04274647
730,1,1,0.24385977,-0.14139128,-0.0072458453742241,0.2511056,0.063054025
731,1,1,0.11232567,-0.009109497,-0.0654700962656797,0.17779577,0.031611335
732,1,1,0.07558918,0.03481531,-0.1413111979836481,0.21690038,0.047045775
733,1,1,0.027846813,0.10829282,-0.10857587702609,0.1364227,0.018611152
734,1,1,0.048437595,0.07699323,0.0588313772284911,0.010393783,0.000108030734
735,1,1,0.15409851,-0.05474162,0.0228964165553549,0.1312021,0.01721399
736,1,1,0.13137078,-0.030321121,-0.0530060822435074,0.18437687,0.033994827
737,1,1,0.08344674,0.024228096,-0.1420789756735931,0.22552572,0.05086185
738,1,1,0.027364254,0.10901117,0.2325189809619754,0.20515473,0.042088464
739,1,1,0.26425552,-0.14901137,-0.3841205864720995,0.6483761,0.4203916
740,1,1,-0.124028206,0.24626207,0.251633611046794,0.37566182,0.1411218
741,1,1,0.27640557,-0.14904284,-0.3192129815660487,0.59561855,0.35476145
742,1,1,-0.08358741,0.23186636,0.4279595068824631,0.5115469,0.26168025
743,1,1,0.44264793,-0.112727165,-0.5075349817079675,0.9501829,0.9028476
744,1,1,-0.20056534,0.22323632,0.4181623905974416,0.61872774,0.38282403
745,1,1,0.43290806,-0.11890268,-0.3915145382443326,0.8244226,0.6796726
746,1,1,-0.12862706,0.24670482,0.381651019706323,0.5102781,0.26038375
747,1,1,0.396554,-0.1365037,-0.3889682646389425,0.7855222,0.61704516
748,1,1,-0.12704325,0.24658012,0.4826222544278065,0.6096655,0.37169203
749,1,1,0.49686813,-0.06720495,-0.4818010991688601,0.9786692,0.9577935
750,1,1,-0.18464637,0.23309946,0.4622872074501281,0.64693356,0.418523
751,1,1,0.47672272,-0.08946586,-0.5685192083525759,1.045242,1.0925307
752,1,1,-0.23820114,0.19084644,0.526641820776006,0.764843,0.5849848
753,1,1,0.5403714,0.047142982,-0.6008868335134729,1.1412582,1.3024703
754,1,1,-0.25812483,0.16921973,0.5369202952343173,0.79504514,0.63209677
755,1,1,0.550508,0.07210088,-0.3366629176067439,0.8871709,0.78707224
756,1,1,-0.094471216,0.23758411,0.3283385683038893,0.42280978,0.17876811
757,1,1,0.34331965,-0.14625311,-0.4191954638920361,0.7625151,0.5814293
758,1,1,-0.14582896,0.24621296,0.1875847496510578,0.33341372,0.11116471
759,1,1,0.23571348,-0.13413143,-0.3315263800950405,0.5672399,0.32176107
760,1,1,-0.09126878,0.23604083,0.1423494295353053,0.23361821,0.05457747
761,1,1,0.20700908,-0.10764885,-0.1363891978190152,0.34339827,0.11792237
762,1,1,0.03094101,0.10366678,0.2260393387637669,0.19509833,0.03806336
763,1,1,0.26013827,-0.14861989,-0.313537084956685,0.5736754,0.32910347
764,1,1,-0.08004522,0.22971845,0.2028325106679172,0.28287774,0.08001982
765,1,1,0.2453959,-0.14274931,-0.1217289859081836,0.3671249,0.13478068
766,1,1,0.04016137,0.089705706,0.2169329785857305,0.17677161,0.031248203
767,1,1,0.2543521,-0.1477437,-0.2473338056503715,0.5016859,0.25168875
768,1,1,-0.038663387,0.19477415,0.3227612665404105,0.36142465,0.13062778
769,1,1,0.3377409,-0.1461482,-0.3738952955488228,0.7116362,0.50642604
770,1,1,-0.11766529,0.24524689,0.5599555347452969,0.6776208,0.45916998
771,1,1,0.573194,0.12678075,-0.3583799236632097,0.931574,0.8678301
772,1,1,-0.10800481,0.24280953,0.3778138626984866,0.48581868,0.23601979
773,1,1,0.3927281,-0.13784695,-0.2346655270059834,0.6273936,0.39362273
774,1,1,-0.030731678,0.18616438,0.1806272255476586,0.2113589,0.044672586
775,1,1,0.23129654,-0.13014889,0.0722377090381583,0.15905884,0.025299715
776,1,1,0.16258335,-0.06359935,0.010337486281938,0.15224586,0.023178803
777,1,1,0.12343335,-0.021561384,-0.130343261330061,0.2537766,0.064402565
778,1,1,0.03474307,0.097940445,0.2396774245681268,0.20493436,0.041998092
779,1,1,0.26880503,-0.14921999,-0.2038333359043989,0.47263837,0.22338703
780,1,1,-0.011408567,0.16298676,0.1127151231871659,0.12412369,0.0154066915
781,1,1,0.1882217,-0.089493036,0.0435249846536547,0.14469671,0.02093714
782,1,1,0.14441514,-0.04445958,-0.1995892463750062,0.3440044,0.118339024
783,1,1,-0.008746624,0.1595707,0.2254306580601106,0.23417728,0.054838996
784,1,1,0.25975132,-0.14857244,-0.3089542499506152,0.56870556,0.323426
785,1,1,-0.07718444,0.22788239,0.1742240398269934,0.25140846,0.06320621
786,1,1,0.22723222,-0.12645674,-0.3251045544689916,0.5523368,0.30507594
787,1,1,-0.087263346,0.2339468,0.1946440574505969,0.2819074,0.07947179
788,1,1,0.24019527,-0.13813901,-0.0583920132125386,0.2985873,0.08915437
789,1,1,0.08005142,0.028231144,0.013030704202356,0.067020714,0.004491776
790,1,1,0.12513518,-0.02344942,0.1312414485395883,0.0061062723,3.728656e-05
791,1,1,0.19996524,-0.100920916,-0.1675431599390617,0.3675084,0.13506243
792,1,1,0.011364937,0.13227129,0.2656054705370039,0.25424054,0.06463826
793,1,1,0.28528905,-0.14800286,-0.2892508227658372,0.5745399,0.3300961
794,1,1,-0.064878225,0.21896887,0.3388525935598379,0.4037308,0.16299857
795,1,1,0.353832,-0.14586496,-0.2771740131165092,0.631006,0.39816856
796,1,1,-0.05733061,0.21270728,0.2686076942939013,0.3259383,0.10623579
797,1,1,0.28719854,-0.1476624,-0.2382437406121993,0.5254423,0.2760896
798,1,1,-0.032972097,0.18865299,0.1573680395323973,0.19034013,0.036229365
799,1,1,0.21653605,-0.11660004,-0.1340512742093258,0.3505873,0.12291146
800,1,1,0.0324111,0.10145879,0.1055203205526713,0.073109224,0.0053449585
801,1,1,0.18366265,-0.08498335,-0.2841064745873298,0.46776912,0.21880795
802,1,1,-0.061663628,0.21637344,0.4145602623927167,0.4762239,0.22678919
803,1,1,0.42932534,-0.121020555,-0.5055585597410945,0.9348839,0.8740079
804,1,1,-0.19934368,0.22408009,0.3923969714198008,0.5917406,0.35015693
805,1,1,0.40726233,-0.13222456,-0.4805717665837066,0.8878341,0.7882493
806,1,1,-0.18388534,0.23350835,0.4806300038345328,0.6645154,0.44158068
807,1,1,0.49489546,-0.07252264,-0.2678067635400816,0.7627022,0.5817147
808,1,1,-0.05147314,0.20744753,0.2202472072909231,0.27172035,0.073831946
809,1,1,0.25645804,-0.14810634,-0.2847507593227485,0.5412088,0.29290697
810,1,1,-0.06206608,0.21670485,0.4389318165374734,0.5009979,0.25099888
811,1,1,0.4535482,-0.10511446,-0.3014788899190574,0.75502706,0.57006586
812,1,1,-0.07251692,0.22469378,0.2313871788154848,0.30390412,0.09235771
813,1,1,0.2635367,-0.1489563,-0.2436386849082064,0.5071754,0.25722688
814,1,1,-0.03635001,0.19232059,0.2502272496214464,0.28657725,0.08212652
815,1,1,0.27551126,-0.14909768,-0.2004500487015224,0.47596133,0.22653918
816,1,1,-0.0092868805,0.1602683,0.2181635439496179,0.22745043,0.0517337
817,1,1,0.2551341,-0.1478846,-0.1100973094840509,0.36523142,0.13339399
818,1,1,0.047480583,0.07847047,0.1597980280309627,0.11231744,0.012615208
819,1,1,0.21807718,-0.11803341,-0.2395000504842692,0.45757723,0.20937692
820,1,1,-0.033759117,0.18951607,0.2321381958528507,0.26589733,0.07070139
821,1,1,0.2640133,-0.14899302,-0.1139849407682858,0.37799823,0.14288266
822,1,1,0.045033693,0.0822382,0.1820507999589655,0.1370171,0.018773686
823,1,1,0.23220038,-0.13096642,-0.1844978726646471,0.41669828,0.17363745
824,1,1,0.0007212162,0.14702845,-0.0316851448301349,0.03240636,0.0010501721
825,1,1,0.09689689,0.008536577,0.1105922406443054,0.013695352,0.00018756266
826,1,1,0.18687677,-0.08816671,-0.0931263911102071,0.28000316,0.07840177
827,1,1,0.05816436,0.061916113,0.1954500901155644,0.13728574,0.018847374
828,1,1,0.24070716,-0.13859463,0.0081622977257,0.23254487,0.054077115
829,1,1,0.12205911,-0.020032406,0.0121030477407413,0.109956056,0.012090335
830,1,1,0.12454915,-0.022799253,-0.066607593014738,0.19115674,0.0365409
831,1,1,0.07487202,0.035927534,0.3101801994039084,0.23530817,0.055369936
832,1,1,0.3251493,-0.14512062,-0.2891224613491592,0.61427176,0.3773298
833,1,1,-0.06479859,0.21890521,0.2998755897185887,0.36467418,0.13298726
834,1,1,0.31483054,-0.14346004,-0.1612450142774708,0.47607556,0.22664794
835,1,1,0.015321016,0.12662983,0.0984721824128889,0.08315117,0.006914117
836,1,1,0.17919707,-0.08052707,-0.1559398603810793,0.33513695,0.11231677
837,1,1,0.018653393,0.12181783,0.1732648975596511,0.1546115,0.023904715
838,1,1,0.2266233,-0.12590075,-0.0199387977916614,0.2465621,0.060792867
839,1,1,0.10431099,7.867813e-06,-0.0051650922139869,0.10947608,0.011985012
840,1,1,0.11363959,-0.010594606,0.069328826603789,0.044310763,0.0019634438
841,1,1,0.16074228,-0.061689377,-0.1490978234749018,0.3098401,0.096000895
842,1,1,0.022952557,0.11553645,0.1296389213575417,0.10668637,0.011381981
843,1,1,0.19894934,-0.099942446,-0.2150960851703658,0.41404542,0.17143361
844,1,1,-0.018470049,0.17179823,0.3450603468034621,0.3635304,0.13215435
845,1,1,0.3600359,-0.14527988,-0.282596003577511,0.6426319,0.41297576
846,1,1,-0.06071973,0.21559143,0.2950391792137798,0.3557589,0.1265644
847,1,1,0.30998468,-0.14287996,-0.2294944577217865,0.53947914,0.29103774
848,1,1,-0.027492523,0.18249035,0.4486452743928275,0.4761378,0.22670719
849,1,1,0.46319103,-0.099396944,-0.2178955054849982,0.68108654,0.46387887
850,1,1,-0.020224571,0.17392898,0.1424438440753106,0.16266842,0.026461016
851,1,1,0.2070694,-0.10770559,0.0237875987627673,0.1832818,0.033592217
852,1,1,0.1319344,-0.030938625,-0.0649666811961546,0.19690108,0.038770035
853,1,1,0.07590604,0.034323454,0.0370693016210439,0.038836736,0.001508292
854,1,1,0.14033198,-0.040069103,-0.145963056351341,0.28629506,0.08196486
855,1,1,0.024923086,0.11263156,0.0920201674563561,0.06709708,0.0045020184
856,1,1,0.17511058,-0.07641411,-0.1190337107841381,0.29414427,0.08652085
857,1,1,0.041857004,0.0871129,0.0836582504954135,0.041801244,0.001747344
858,1,1,0.16981435,-0.071033955,-0.0738943197136139,0.24370867,0.059393916
859,1,1,0.07027912,0.043062687,0.0013569507474517,0.06892217,0.0047502653
860,1,1,0.117759466,-0.01522851,-0.0023939071725389,0.120153375,0.014436834
861,1,1,0.11539006,-0.012566805,-0.0738980304582783,0.1892881,0.035829984
862,1,1,0.07027674,0.043065548,0.1292502122278227,0.058973476,0.003477871
863,1,1,0.19870257,-0.09970522,-0.0921497517466738,0.2908523,0.08459506
864,1,1,0.05877924,0.06095934,0.0748519052613034,0.016072668,0.00025833066
865,1,1,0.16423821,-0.06531,0.0083221292389685,0.15591608,0.024309823
866,1,1,0.12215972,-0.020144463,0.0138663903975033,0.10829333,0.011727446
867,1,1,0.12566328,-0.0240345,-0.0870202454048465,0.21268353,0.04523428
868,1,0,0.06200981,0.05593252,-0.1947146853716583,0.25672448,0.065907456
869,1,0,-0.005689621,0.15558553,-0.2949753101771213,0.2892857,0.08368621
870,1,0,-0.06845474,0.22172666,-0.3778611626301953,0.30940643,0.09573234
871,1,0,-0.1201334,0.2456963,-0.3195245824505779,0.19939119,0.039756846
872,1,0,-0.08378196,0.23197937,-0.3654595158339404,0.28167754,0.07934224
873,1,0,-0.112413645,0.24405527,-0.3526213827177806,0.24020773,0.057699755
874,1,0,-0.1044178,0.24163008,-0.3856954115730122,0.2812776,0.07911709
875,1,0,-0.12500763,0.24637747,-0.447498677699381,0.32249105,0.10400048
876,1,0,-0.1633935,0.24228191,-0.4452573259573702,0.28186384,0.079447225
877,1,0,-0.16200328,0.24271679,-0.421248121886276,0.25924483,0.06720788
878,1,0,-0.14710426,0.24604225,-0.4554327936035793,0.30832854,0.09506649
879,1,0,-0.16831231,0.24057889,-0.3803310010834742,0.2120187,0.044951927
880,1,0,-0.121670246,0.24594045,-0.3516169122361741,0.22994667,0.052875474
881,1,0,-0.10379243,0.24140859,-0.3642031182776355,0.2604107,0.06781373
882,1,0,-0.11163139,0.24385142,-0.422540821668679,0.31090942,0.09666467
883,1,0,-0.1479063,0.24592614,-0.2870116392070865,0.13910535,0.019350298
884,1,0,-0.06347942,0.21785331,-0.3760339763125544,0.31255454,0.09769034
885,1,0,-0.11899662,0.24549747,-0.3969976639598842,0.27800104,0.07728458
886,1,0,-0.13203621,0.246876,-0.4683271265891315,0.33629093,0.11309159
887,1,0,-0.17630267,0.2372644,-0.5334810908442944,0.3571784,0.1275764
888,1,0,-0.2165935,0.21091533,-0.4167144750590781,0.20012099,0.04004841
889,1,0,-0.14428806,0.24639416,-0.4998994350744188,0.35561138,0.12645945
890,1,0,-0.19584417,0.22641635,-0.6742826335193981,0.47843844,0.22890334
891,1,0,-0.3031621,0.10541844,-0.7687202403736113,0.46555817,0.21674441
892,1,0,-0.36081386,-0.056269407,-0.785108264701655,0.4242944,0.18002574
893,1,0,-0.37078285,-0.08439231,-0.8733123412754105,0.5025295,0.2525359
894,1,0,-0.4308529,-0.23066711,-0.9158013108879072,0.4849484,0.23517495
895,1,0,-0.46025515,-0.2967975,-0.832297680255075,0.37204254,0.13841565
896,1,0,-0.40243268,-0.16395545,-1.012484867882479,0.6100522,0.3721637
897,1,0,-0.526989,-0.43466353,-0.7495411045726095,0.22255212,0.04952945
898,1,0,-0.34913325,-0.023185253,-0.7150399484721004,0.36590672,0.13388772
899,1,1,-0.32808566,0.03634596,0.6056748750227117,0.9337605,0.8719087
900,1,1,0.61809134,0.23068213,-0.4850860800103045,1.1031774,1.2170005
901,1,1,-0.1866796,0.2319777,0.5482796425412757,0.73495924,0.54016507
902,1,1,0.5617006,0.099274874,-0.5355757738222335,1.0972763,1.2040154
903,1,1,-0.21788597,0.20982218,0.4592777808799577,0.6771637,0.4585507
904,1,1,0.47373867,-0.0918448,-0.2478103639965585,0.72154903,0.520633
905,1,1,-0.03896165,0.19508648,0.1554334012015905,0.19439505,0.037789434
906,1,1,0.21530819,-0.11545658,-0.0440054126816904,0.2593136,0.06724355
907,1,1,0.089123964,0.017571926,0.0349256233383474,0.05419834,0.00293746
908,1,1,0.1389761,-0.03860402,-0.2151651777709808,0.3541413,0.12541606
909,1,1,-0.018513203,0.1718514,0.2255962878948576,0.2441095,0.059589446
910,1,1,0.2598567,-0.14858532,-0.1840552976769869,0.443912,0.19705786
911,1,1,0.0009992123,0.14665198,0.1176022976339878,0.116603084,0.01359628
912,1,1,0.19131923,-0.09253335,-0.001020950852018,0.19234018,0.036994744
913,1,1,0.11625743,-0.013542652,-0.1707632393672868,0.28702068,0.082380876
914,1,1,0.009343386,0.13512373,0.0973245087287577,0.08798112,0.0077406773
915,1,1,0.17847037,-0.079797745,-0.206433105819396,0.3849035,0.1481507
916,1,1,-0.0130393505,0.16505408,0.3640739579463612,0.3771133,0.14221445
917,1,1,0.37902164,-0.14184809,-0.3978633326903082,0.776885,0.60355026
918,1,1,-0.13257408,0.24689102,0.4496701549099668,0.5822443,0.3390084
919,1,1,0.46420836,-0.098726034,-0.2542447628818065,0.71845317,0.516175
920,1,1,-0.04298854,0.19922829,0.1950524815696543,0.23804101,0.056663524
921,1,1,0.24045491,-0.13837051,-0.2623933991186296,0.50284827,0.25285637
922,1,1,-0.04808736,0.20425057,0.1859107151543022,0.23399808,0.0547551
923,1,1,0.23465037,-0.13317561,-0.3274984202248943,0.5621488,0.31601128
924,1,1,-0.08875632,0.2347486,0.3823018100079141,0.47105813,0.22189577
925,1,1,0.3972025,-0.13626552,-0.4129548102985425,0.8101573,0.65635484
926,1,1,-0.14195299,0.24661708,0.4142241474466632,0.55617714,0.309333
927,1,1,0.42899132,-0.12121534,-0.3119490183928208,0.74094033,0.5489926
928,1,1,-0.07905364,0.22909188,0.4185881193063037,0.49764177,0.24764733
929,1,1,0.43333125,-0.118647814,-0.4179879606915571,0.8513192,0.7247444
930,1,1,-0.14507914,0.2463038,0.6005941725307786,0.7456733,0.55602866
931,1,1,0.6131103,0.21941543,-0.3244117236830766,0.93752205,0.8789476
932,1,1,-0.086830854,0.23370957,0.2709409369044526,0.35777178,0.12800065
933,1,1,0.28868246,-0.14736867,-0.3167131735521611,0.6053957,0.36650392
934,1,1,-0.082027435,0.230937,0.3410615024555228,0.42308894,0.17900425
935,1,1,0.35604024,-0.14568734,-0.3038383228890349,0.65987855,0.4354397
936,1,1,-0.07398987,0.2257266,0.367214330642827,0.4412042,0.19466114
937,1,1,0.38215566,-0.1410451,-0.2185848544501221,0.6007405,0.36088914
938,1,1,-0.020656586,0.17445016,0.3688017078337884,0.3894583,0.15167777
939,1,1,0.38373923,-0.1406138,-0.3607212893629836,0.7444605,0.55422145
940,1,1,-0.10946345,0.24324632,0.3735906229623738,0.48305407,0.23334123
941,1,1,0.38851666,-0.13921094,-0.2846223439523823,0.673139,0.4531161
942,1,1,-0.06198597,0.21663928,0.2959258586629358,0.35791183,0.12810087
943,1,1,0.31087303,-0.142663,-0.3182403775313749,0.62911344,0.39578372
944,1,1,-0.082980156,0.2315085,0.3307261639657177,0.41370633,0.17115293
945,1,1,0.34570742,-0.14623165,-0.3010620839855851,0.6467695,0.41831082
946,1,1,-0.072256565,0.224509,0.2164620096522247,0.28871858,0.08335842
947,1,1,0.25405264,-0.14768863,-0.1062314328815481,0.3602841,0.12980463
948,1,1,0.04991412,0.07471299,0.0271678329598157,0.02274629,0.0005173937
949,1,1,0.13407135,-0.03327465,0.0220420956179805,0.112029254,0.012550554
950,1,1,0.13083053,-0.029729128,0.0778850669557864,0.052945457,0.0028032213
951,1,1,0.16615915,-0.067289114,-0.0672241735979257,0.23338333,0.05446778
952,1,1,0.074483156,0.03652978,0.0948976083498878,0.02041445,0.00041674974
953,1,1,0.17693281,-0.078252316,-0.0882100962774092,0.26514292,0.070300765
954,1,1,0.0612607,0.05709982,0.0691444138092953,0.007883713,6.2152925e-05
955,1,1,0.1606257,-0.06156826,-0.0012917829656653,0.16191748,0.026217269
956,1,1,0.116086006,-0.013350248,0.0843532632707186,0.031732745,0.0010069672
957,1,1,0.17025495,-0.07148385,-0.2582206244017033,0.42847556,0.1835913
958,1,1,-0.045476913,0.20170927,0.2665822438946055,0.31205916,0.09738092
959,1,1,0.28591084,-0.147897,-0.2465714205724092,0.53248227,0.28353736
960,1,1,-0.038185835,0.1942718,0.1897886881800836,0.22797452,0.05197238
961,1,1,0.23711252,-0.13538527,-0.2475731629078361,0.4846857,0.23492022
962,1,1,-0.038813114,0.19493103,0.0898727355603585,0.12868585,0.016560048
963,1,1,0.17374969,-0.07503748,-0.0423838761904935,0.21613356,0.046713717
964,1,1,0.09014678,0.01637888,0.184538936771863,0.09439215,0.008909878
965,1,1,0.23377919,-0.13239145,-0.0332160626544695,0.26699525,0.07128646
966,1,1,0.09593105,0.009654999,0.0921164965126881,0.0038145557,1.4550836e-05
967,1,1,0.17517114,-0.07647562,-0.2011941729419835,0.3763653,0.14165084
968,1,1,-0.0097539425,0.16086912,0.1040637385339335,0.113817684,0.012954465
969,1,1,0.1827395,-0.084065676,-0.0340121850537262,0.21675168,0.04698129
970,1,1,0.095428705,0.010236502,-0.0908361105324995,0.18626481,0.034694582
971,1,1,0.059606314,0.059672832,0.0155345920735014,0.044071723,0.0019423168
972,1,1,0.12671757,-0.025200367,0.1318371371825062,0.005119577,2.621007e-05
973,1,1,0.2003429,-0.101284504,-0.1146217512300924,0.31496465,0.09920273
974,1,1,0.04463315,0.08285427,0.1010600014295017,0.056426853,0.0031839898
975,1,1,0.1808362,-0.08216715,-0.0030471946548611,0.1838834,0.033813104
976,1,1,0.11497784,-0.012102127,-0.0254514795328826,0.14042932,0.019720394
977,1,1,0.10083103,0.004000187,0.1434496469534556,0.042618617,0.0018163465
978,1,1,0.20770669,-0.10831022,-0.2244709387277206,0.43217763,0.1867775
979,1,1,-0.024344921,0.1788361,0.3613323337429932,0.38567725,0.14874694
980,1,1,0.37628555,-0.14249372,-0.3232487551053857,0.6995343,0.48934823
981,1,1,-0.086105585,0.23330832,0.1841400173939527,0.2702456,0.07303269
982,1,1,0.23352647,-0.13216305,-0.2451242042694197,0.4786507,0.22910649
983,1,1,-0.03728032,0.19331312,0.1982915943053891,0.23557192,0.05549413
984,1,1,0.24251199,-0.14019752,-0.3286394161552435,0.5711514,0.3262139
985,1,1,-0.089468,0.23512173,0.193281551337038,0.28274953,0.0799473
986,1,1,0.23933029,-0.13736796,-0.3445136060355938,0.5838439,0.3408737
987,1,1,-0.09936547,0.23971653,0.3958651773291439,0.49523064,0.2452534
988,1,1,0.41071725,-0.13068151,-0.3190048238636933,0.7297221,0.5324943
989,1,1,-0.08345723,0.23179007,0.2271952913187278,0.31065252,0.096504994
990,1,1,0.26087236,-0.14870358,-0.2144994117189491,0.47537178,0.22597833
991,1,1,-0.01809597,0.17134094,0.190324038943336,0.20842001,0.0434389
992,1,1,0.23745275,-0.13569045,-0.0631896339082334,0.30064237,0.09038583
993,1,1,0.07702613,0.032586813,0.2301567767229082,0.15313065,0.023448996
994,1,1,0.26275444,-0.14889026,-0.1747156481540153,0.43747008,0.19138007
995,1,1,0.0068614483,0.13859367,0.1072872974489738,0.10042585,0.010085351
996,1,1,0.18478274,-0.08609462,-0.0568213195590443,0.24160406,0.058372524
997,1,1,0.0810411,0.027062416,0.1034110899166078,0.022369996,0.00050041673
998,1,1,0.18232656,-0.08365369,-0.0100768873647165,0.19240344,0.03701908
999,1,1,0.11053777,-0.0070858,-0.1122666922656772,0.22280446,0.049641825
1000,1,1,0.04611516,0.08057475,0.1122119559033532,0.0660968,0.0043687867
1001,1,1,0.18790293,-0.0891788,-0.2845417869530018,0.4724447,0.223204
1002,1,1,-0.061935186,0.21659756,0.1507015243960281,0.21263671,0.04521437
1003,1,1,0.21230698,-0.11264706,-0.0538899921724249,0.26619697,0.070860825
1004,1,1,0.08288956,0.024884462,0.1823889431536076,0.09949939,0.0099001285
1005,1,1,0.23241472,-0.13116026,-0.2624803865358385,0.4948951,0.24492116
1006,1,1,-0.048141718,0.20430303,0.0654319253803703,0.11357364,0.012898972
1007,1,1,0.1582756,-0.05911994,-0.0904966558021431,0.24877226,0.06188764
1008,1,1,0.059820652,0.05934,0.0776572140298101,0.017836563,0.000318143
1009,1,1,0.16601491,-0.06714058,-0.0864743327060719,0.25248924,0.06375082
1010,1,1,0.06235385,0.05539751,0.3265414638771675,0.2641876,0.06979509
1011,1,1,0.34152246,-0.14624357,-0.1211027591267019,0.4626252,0.21402209
1012,1,1,0.040555716,0.0891037,0.2477655395882481,0.20720983,0.04293591
1013,1,1,0.27394605,-0.14917159,-0.1920210497057661,0.46596712,0.21712536
1014,1,1,-0.0039992332,0.15335536,0.1829838998744892,0.18698314,0.034962695
1015,1,1,0.23279262,-0.1315012,-0.0065865806984781,0.2393792,0.0573024
1016,1,1,0.11274195,-0.009580851,0.0253527349849194,0.087389216,0.007636875
1017,1,1,0.1329236,-0.032022,-0.1682259103140841,0.30114952,0.09069103
1018,1,1,0.010936499,0.13287759,0.0833776024383059,0.0724411,0.005247713
1019,1,1,0.16963673,-0.07085276,-0.0956386396399797,0.26527536,0.07037102
1020,1,1,0.05658245,0.06437492,0.1160782780992897,0.05949583,0.0035397536
1021,1,1,0.19035316,-0.09158778,-0.0970685661258357,0.2874217,0.08261123
1022,1,1,0.055681944,0.06577301,0.1474532225913218,0.091771275,0.008421967
1023,1,1,0.21024632,-0.11070943,-0.1203646863445913,0.33061102,0.109303646
1024,1,1,0.041019678,0.08839393,0.2086016833517727,0.167582,0.028083729
1025,1,1,0.24905968,-0.14597273,-0.1885559495543876,0.43761563,0.19150744
1026,1,1,-0.0018255711,0.15045953,0.1603494021110116,0.16217497,0.02630072
1027,1,1,0.21842742,-0.11835837,-0.1761778444232775,0.39460528,0.15571332
1028,1,1,0.005943775,0.13986897,0.1594271520032983,0.15348338,0.023557147
1029,1,1,0.21784234,-0.11781502,-0.1325424566971018,0.3503848,0.12276951
1030,1,1,0.033360004,0.10002899,0.3282599863836535,0.29489997,0.08696599
1031,1,1,0.34324145,-0.14625287,-0.094297203671029,0.43753865,0.19144008
1032,1,1,0.057427168,0.06306219,0.1425204902318122,0.08509332,0.007240873
1033,1,1,0.2071178,-0.10775185,-0.0979375048852349,0.3050553,0.09305873
1034,1,1,0.05513501,0.06662226,0.1228212596121829,0.067686245,0.0045814277
1035,1,1,0.19462705,-0.09575963,-0.274060791974029,0.46868783,0.21966828
1036,1,1,-0.05538392,0.2109971,0.3543326234438582,0.40971655,0.16786765
1037,1,1,0.36929703,-0.14391327,-0.4760175064378686,0.8453145,0.71455663
1038,1,1,-0.18106556,0.23497367,0.3706514628007236,0.55171704,0.30439168
1039,1,1,0.3855853,-0.14009094,-0.3222138448142817,0.7077992,0.5009797
1040,1,1,-0.08545947,0.23294497,0.2377505679425451,0.32321006,0.10446474
1041,1,1,0.2675805,-0.14918661,-0.2081803575934149,0.47576088,0.22634842
1042,1,1,-0.014134407,0.16643262,0.2847891360188419,0.29892355,0.08935529
1043,1,1,0.29971123,-0.14511347,-0.0112699934320481,0.3109812,0.09670932
1044,1,1,0.109784365,-0.006230831,0.0435110273821286,0.06627334,0.0043921554
1045,1,1,0.14440608,-0.044449806,-0.1126196782219941,0.25702575,0.066062234
1046,1,1,0.045893192,0.080916405,0.1670592831369117,0.121166095,0.014681223
1047,1,1,0.22268534,-0.12229133,-0.2232613050666807,0.44594663,0.1988684
1048,1,1,-0.023587227,0.17794323,0.2463056853275955,0.26989293,0.072842196
1049,1,1,0.27301836,-0.14920235,-0.3417355335536309,0.6147539,0.37792236
1050,1,1,-0.09763384,0.23899364,0.2481375613421099,0.3457714,0.119557865
1051,1,1,0.2741828,-0.14916277,-0.1414390958356555,0.41562188,0.17274155
1052,1,1,0.027766705,0.10841298,0.1723347463664177,0.14456804,0.020899918
1053,1,1,0.22603297,-0.1253612,-0.0952226042823287,0.32125556,0.10320514
1054,1,1,0.056844234,0.06396818,0.2462864053277034,0.18944217,0.035888337
1055,1,1,0.2730062,-0.14920306,-0.0365355476596285,0.30954176,0.095816106
1056,1,1,0.09383631,0.01208353,0.0759870570474574,0.017849252,0.0003185958
1057,1,1,0.16495776,-0.06605148,-0.0896091400972798,0.2545669,0.06480431
1058,1,1,0.060379267,0.058471203,0.2218452932856478,0.16146603,0.02607128
1059,1,1,0.25747323,-0.1482625,-0.1827343158199994,0.44020754,0.19378267
1060,1,1,0.0018281937,0.14552522,0.1886997880255956,0.18687159,0.03492099
1061,1,1,0.23642135,-0.13476562,-0.1477087935949139,0.38413012,0.14755595
1062,1,1,0.023825884,0.11425161,0.223862210809707,0.20003633,0.040014535
1063,1,1,0.25875425,-0.14844489,-0.1611527252607718,0.41990697,0.17632186
1064,1,1,0.015378952,0.12654638,0.2153261280568941,0.19994718,0.039978873
1065,1,1,0.25333142,-0.14755058,-0.1000593275973775,0.35339075,0.12488502
1066,1,1,0.053798914,0.06869578,-0.0682900659042475,0.122088976,0.014905718
1067,1,1,0.07381129,0.037573814,0.0561366328019774,0.017674658,0.00031239356
1068,1,1,0.15239358,-0.052945375,-0.0649624244343076,0.217356,0.04724363
1069,1,1,0.07590914,0.034318686,0.1692584609407545,0.09334932,0.008714096
1070,1,1,0.22408032,-0.1235733,-0.1968491332736741,0.42092946,0.17718162
1071,1,1,-0.007028103,0.15733886,0.2450725348118156,0.25210065,0.063554734
1072,1,1,0.2722342,-0.1492219,-0.0986768074796518,0.370911,0.13757497
1073,1,1,0.05466962,0.06734586,0.0325689910281923,0.022100627,0.0004884377
1074,1,1,0.13748622,-0.036990166,-0.1613340187063747,0.29882026,0.08929355
1075,1,1,0.0152647495,0.12670994,0.0232038128217513,0.007939063,6.3028725e-05
1076,1,1,0.1315651,-0.030534983,0.0767009881623659,0.05486411,0.0030100704
1077,1,1,0.16540933,-0.06651735,-0.2034743031030315,0.3688836,0.13607512
1078,1,1,-0.0111835,0.16269946,0.1159082958630537,0.1270918,0.016152324
1079,1,1,0.19024539,-0.09148145,0.007260120541463,0.18298528,0.03348361
1080,1,1,0.12148905,-0.019397497,0.1014668140962169,0.020022236,0.00040088993
1081,1,1,0.18109417,-0.082425356,-0.1798228092550338,0.36091697,0.13026106
1082,1,1,0.0036551952,0.1430254,0.223816456691861,0.22016126,0.04847098
1083,1,1,0.25872588,-0.14844084,-0.2390985048868246,0.49782437,0.24782911
1084,1,1,-0.033507347,0.18924141,0.1365413171616323,0.17004867,0.028916549
1085,1,1,0.20332599,-0.104142666,0.1533353000099717,0.049990684,0.0024990684
1086,1,1,0.21397781,-0.11421299,-0.1539982412786242,0.36797607,0.13540639
1087,1,1,0.01987338,0.12004423,0.2014674708968113,0.18159409,0.03297641
1088,1,1,0.24452877,-0.1419828,-0.1877431948486605,0.43227196,0.18685904
1089,1,1,-0.0013153553,0.1497755,0.3518210917731501,0.35313645,0.12470535
1090,1,1,0.36678886,-0.14434123,-0.3651605654897354,0.73194945,0.53575
1091,1,1,-0.11222768,0.24400759,0.339635841268922,0.45186353,0.20418064
1092,1,1,0.3546152,-0.14580584,-0.3260926027497874,0.6807078,0.4633631
1093,1,1,-0.08787918,0.23428059,0.2275211617445576,0.31540036,0.09947739
1094,1,1,0.26107955,-0.14872575,-0.2948171700406155,0.55589676,0.3090212
1095,1,1,-0.06835604,0.22165203,0.1922764223035398,0.26063246,0.067929275
1096,1,1,0.23869228,-0.1367979,-0.1207862463304256,0.35947853,0.12922482
1097,1,1,0.040754557,0.08879924,0.1594991403388848,0.11874458,0.014100276
1098,1,1,0.21788812,-0.117857456,-0.2327047264609731,0.45059285,0.20303391
1099,1,1,-0.029503107,0.18478179,0.2310638965015767,0.260567,0.06789517
1100,1,1,0.26333046,-0.14893961,-0.275704932494897,0.5390354,0.29055914
1101,1,1,-0.05641198,0.21190524,0.3180941143238489,0.3745061,0.14025481
1102,1,1,0.33307123,-0.14589477,-0.4147411806826593,0.7478124,0.55922335
1103,1,1,-0.14306283,0.24651861,0.3367170834610777,0.4797799,0.23018876
1104,1,1,0.35169768,-0.14600539,-0.3500050220223061,0.7017027,0.4923867
1105,1,1,-0.10278773,0.24104428,0.2385726768089564,0.3413604,0.11652692
1106,1,1,0.26810312,-0.14920282,-0.2983007252405931,0.56640387,0.32081333
1107,1,1,-0.070531845,0.22326636,0.1555730790357334,0.22610493,0.05112344
1108,1,1,0.21539664,-0.11553931,-0.2180851923884046,0.43348184,0.1879065
1109,1,1,-0.020343065,0.17407227,0.1529752758383997,0.17331834,0.030039247
1110,1,1,0.21374893,-0.11399913,-0.2060968396613716,0.41984576,0.17627046
1111,1,1,-0.012827873,0.16478801,0.0737037312631621,0.0865316,0.007487718
1112,1,1,0.16351223,-0.06455946,-0.0786403064132517,0.24215254,0.058637854
1113,1,1,0.067289114,0.04771471,0.2085496030865665,0.14126049,0.019954527
1114,1,1,0.24902678,-0.14594388,-0.0930636312741741,0.3420904,0.11702584
1115,1,1,0.058203936,0.061853886,0.1678762430418219,0.10967231,0.012028015
1116,1,1,0.22320318,-0.122767925,-0.2803405145149455,0.50354373,0.25355628
1117,1,1,-0.05930996,0.21440601,0.3219517584851261,0.3812617,0.14536048
1118,1,1,0.336931,-0.1461153,-0.2644182615303605,0.60134923,0.3616209
1119,1,1,-0.049353838,0.20545936,0.3266047984269762,0.37595862,0.14134489
1120,1,1,0.34158564,-0.14624357,-0.3134714030221057,0.6550571,0.42909977
1121,1,1,-0.08000398,0.22969246,0.1462717256504495,0.2262757,0.05120069
1122,1,1,0.20949674,-0.11000228,-0.073745485557497,0.28324223,0.08022616
1123,1,1,0.0703733,0.042916298,-0.0487536867431903,0.11912698,0.014191238
1124,1,1,0.08612871,0.021077871,0.0326001552637928,0.053528555,0.002865306
1125,1,1,0.13750577,-0.037011385,-0.0057329244261135,0.1432387,0.020517323
1126,1,1,0.11328101,-0.010189295,-0.0026733354226102,0.11595435,0.013445411
1127,1,1,0.11521363,-0.012368202,-0.0037188927768001,0.11893252,0.014144945
1128,1,1,0.114552975,-0.01162529,0.0204857356688408,0.09406724,0.008848646
1129,1,1,0.12984705,-0.028648138,-0.094041815232329,0.22388887,0.05012623
1130,1,1,0.0575881,0.06281257,-0.0362668998058102,0.093855,0.008808761
1131,1,1,0.094005585,0.011885881,-0.1654140378036581,0.25941962,0.06729854
1132,1,1,0.012702227,0.13037324,0.40086293599578,0.3881607,0.15066874
1133,1,1,0.41569424,-0.12831998,-0.4903736475582279,0.90606785,0.820959
1134,1,1,-0.1899519,0.23008633,0.4119615129304188,0.60191345,0.3622998
1135,1,1,0.42674017,-0.12249899,-0.5006234553704174,0.92736363,0.8600033
1136,1,1,-0.19629192,0.22612405,0.4531745755273357,0.6494665,0.42180675
1137,1,1,0.4676857,-0.09634304,-0.3878942895397133,0.85558,0.7320171
1138,1,1,-0.12637544,0.24651861,0.5467603305996764,0.67313576,0.45311174
1139,1,1,0.5602038,0.09566498,-0.3869793415816698,0.94718313,0.8971559
1140,1,1,-0.12580633,0.2464621,0.2259591649410559,0.3517655,0.123738974
1141,1,1,0.26008725,-0.14861345,-0.27240047332779,0.53248775,0.2835432
1142,1,1,-0.054345608,0.2100699,0.2871612807387174,0.3415069,0.11662696
1143,1,1,0.3020897,-0.14463878,-0.3346547649390419,0.6367445,0.40544355
1144,1,1,-0.09321904,0.23699474,0.2586976460318846,0.3519167,0.12384536
1145,1,1,0.28089666,-0.14862919,-0.221172129821864,0.50206876,0.25207305
1146,1,1,-0.022277832,0.17639136,0.0323310066759772,0.05460884,0.0029821254
1147,1,1,0.13733578,-0.03682661,-0.1665156212562322,0.3038514,0.09232567
1148,1,0,0.012010336,0.13135648,-0.1064592361292025,0.11846957,0.01403504
1149,1,0,0.049770117,0.0749352,-0.1841163282643387,0.23388645,0.05470287
1150,1,0,0.00096058846,0.14670491,-0.1215849961711672,0.122545585,0.01501742
1151,1,0,0.04025197,0.089567184,-0.136929308412697,0.17718127,0.031393204
1152,1,0,0.030601978,0.104177,-0.1564383016741466,0.18704028,0.034984067
1153,1,0,0.01834035,0.122271776,-0.0787136422692973,0.09705399,0.009419477
1154,1,0,0.06724286,0.047786713,-0.209856962245797,0.27709982,0.07678431
1155,1,0,-0.015185595,0.16774678,-0.0902588557513794,0.075073265,0.005635995
1156,1,0,0.059969902,0.059107304,-0.064729219559743,0.12469912,0.015549871
1157,1,0,0.076055765,0.034090757,-0.0743775190931628,0.15043329,0.022630174
1158,1,0,0.06997514,0.043536186,0.025291103161074,0.044684034,0.001996663
1159,1,0,0.1328845,-0.031978607,0.1426943989467011,0.009809896,9.6234064e-05
1160,1,0,0.20722842,-0.10785699,0.1074610144997336,0.09976741,0.009953536
1161,1,0,0.18489242,-0.08620334,0.2611513046690215,0.0762589,0.0058154194
1162,1,0,0.28245687,-0.14843178,0.15232952287209,0.13012736,0.016933128
1163,1,0,0.21333909,-0.11361551,0.1633240834743579,0.050015002,0.0025015005
1164,1,0,0.22031498,-0.120105505,0.1499966844570801,0.0703183,0.004944663
1165,1,0,0.2118597,-0.11222696,0.1888069719357967,0.023052737,0.00053142867
1166,1,0,0.23648953,-0.13482738,0.239652075278244,0.003162548,1.000171e-05
1167,1,0,0.26878905,-0.14922047,0.2925643953248387,0.02377534,0.00056526676
1168,1,0,0.3075049,-0.14346218,0.2980657187631008,0.00943917,8.9097935e-05
1169,1,0,0.31301713,-0.14309263,0.5512938639174441,0.23827672,0.056775797
1170,1,0,0.5646682,0.1064167,0.6974650564571117,0.13279688,0.017635012
1171,1,0,0.70767903,0.42388272,0.7226350058127324,0.0149559975,0.00022368185
1172,1,0,0.73210907,0.47381163,0.4883820047289369,0.24372706,0.05940288
1173,1,0,0.50256896,-0.051806927,0.3602107718508902,0.14235818,0.020265853
1174,1,0,0.37516618,-0.1427443,0.3609170948700222,0.014249086,0.00020303646
1175,1,0,0.37587118,-0.1425879,0.295932867498073,0.07993832,0.0063901353
1176,1,0,0.31088042,-0.14266229,0.1786102536314855,0.13227017,0.0174954
1177,1,0,0.23001623,-0.12898946,0.1365156743099369,0.093500555,0.008742354
1178,1,0,0.20330954,-0.10412669,0.2459868143997199,0.042677283,0.0018213505
1179,1,0,0.27281547,-0.1492083,0.1745776881892307,0.09823778,0.009650662
1180,1,0,0.22745633,-0.12666082,0.2036727517475522,0.02378358,0.0005656587
1181,1,0,0.24592972,-0.14322019,0.2239302178747131,0.021999493,0.0004839777
1182,1,0,0.25879788,-0.14845037,0.0737556155413381,0.18504226,0.034240637
1183,1,0,0.16354513,-0.06459308,0.1150267153283479,0.04851842,0.002354037
1184,1,0,0.18968654,-0.09093332,0.0893139716648878,0.10037257,0.010074653
1185,1,0,0.17339659,-0.07467914,0.1966506587013308,0.023254067,0.0005407516
1186,1,0,0.2414701,-0.13927221,0.1479776615227579,0.09349243,0.008740835
1187,1,0,0.21057868,-0.11102176,0.260124985124738,0.0495463,0.002454836
1188,1,0,0.28180456,-0.14851761,0.0752406145011637,0.20656395,0.042668667
1189,1,0,0.16448474,-0.065564156,0.1523055960830652,0.012179136,0.00014833135
1190,1,0,0.21332407,-0.113601685,0.1592692944234714,0.05405478,0.0029219193
1191,1,0,0.2177422,-0.11772251,0.3163740903292109,0.09863189,0.009728249
1192,1,0,0.33135033,-0.14576364,0.2908635751284829,0.040486753,0.0016391772
1193,1,0,0.3058002,-0.14384723,0.2755797503584039,0.030220449,0.0009132755
1194,1,0,0.29163265,-0.14671087,0.2070496368200287,0.084583014,0.0071542864
1195,1,0,0.24807405,-0.14510727,0.1867046441928828,0.061369404,0.0037662038
1196,1,0,0.23515463,-0.13362908,0.1014417679130446,0.13371286,0.017879128
1197,1,0,0.18107843,-0.08240914,0.0040768489615627,0.17700158,0.03132956
1198,1,0,0.11947727,-0.017151833,-0.0156672762886032,0.13514455,0.018264048
1199,1,1,0.1070075,-0.0030722618,-0.0625007279151965,0.16950823,0.028733041
1200,1,1,0.07746029,0.031914234,0.1414476307820007,0.063987345,0.0040943804
1201,1,1,0.20643711,-0.10710621,-0.233584022503579,0.44002113,0.1936186
1202,1,1,-0.030053854,0.18540335,0.2453406166109917,0.27539447,0.07584211
1203,1,1,0.2724049,-0.14921784,-0.2117120417410141,0.48411697,0.23436925
1204,1,1,-0.0163486,0.16919088,0.1074880530871418,0.12383665,0.015335516
1205,1,1,0.18490934,-0.08622098,-0.2120345631714717,0.39694393,0.15756448
1206,1,1,-0.01655054,0.16944051,0.1523766260857226,0.16892716,0.028536387
1207,1,1,0.21336961,-0.11364412,-0.2104793252694006,0.42384893,0.17964791
1208,1,1,-0.015575647,0.16823268,0.1608876281037612,0.17646328,0.031139288
1209,1,1,0.21876884,-0.11867547,0.0664023091760857,0.15236652,0.023215557
1210,1,1,0.15889001,-0.05976081,-0.0430919420457169,0.20198195,0.04079671
1211,1,1,0.08969998,0.01689887,0.0157981419628159,0.07390184,0.005461482
1212,1,1,0.12688422,-0.025384665,0.0683628298551415,0.05852139,0.003424753
1213,1,1,0.16013098,-0.06105399,-0.0892134370973321,0.24934441,0.062172633
1214,1,1,0.060628414,0.058083773,0.114011016007292,0.053382605,0.0028497025
1215,1,1,0.18904328,-0.0903008,0.0390812407758973,0.14996204,0.022488613
1216,1,1,0.14160419,-0.041440725,-0.0416005907772465,0.18320477,0.033563986
1217,1,1,0.09064078,0.015801191,0.0679883316774274,0.022652455,0.0005131337
1218,1,1,0.15989351,-0.06080675,0.0542469048925724,0.10564661,0.011161206
1219,1,1,0.15119791,-0.051680326,-0.0475639850551967,0.1987619,0.03950629
1220,1,1,0.08687878,0.020198822,0.0271766225972274,0.059702154,0.0035643473
1221,1,1,0.13407683,-0.033280373,-0.0185742463545302,0.15265109,0.023302354
1222,1,1,0.105172634,-0.0009775162,0.1687173326717865,0.063544706,0.0040379297
1223,1,1,0.22373748,-0.123258114,-0.462746496036186,0.686484,0.47126025
1224,1,1,-0.17284489,0.23878121,0.4060211508314149,0.578866,0.33508584
1225,1,1,0.42082882,-0.12571335,-0.6810508432836815,1.1018796,1.2141386
1226,1,1,-0.30730534,0.09412384,0.6221270726945924,0.9294324,0.8638446
1227,1,1,0.63420415,0.2667203,-0.5990691709387463,1.2332733,1.520963
1228,1,1,-0.25700665,0.17050552,0.572185527723585,0.82919216,0.68755966
1229,1,1,0.5852213,0.1551497,-0.6987917428118888,1.284013,1.6486895
1230,1,1,-0.31815672,0.06414676,0.7626765098454862,1.0808332,1.1682004
1231,1,1,0.77084637,0.54406095,-0.7362493269090247,1.5070957,2.2713375
1232,1,1,-0.34102988,-0.00021767616,0.6139617012382437,0.9549916,0.91200894
1233,1,1,0.62621045,0.24891806,-0.6383841871271216,1.2645946,1.5991994
1234,1,1,-0.28115797,0.1410234,0.6565835797140491,0.9377416,0.87935925
1235,1,1,0.6678729,0.3401196,-0.6690808519356559,1.3369538,1.7874453
1236,1,1,-0.29997683,0.114034414,0.4784092662166594,0.7783861,0.60588497
1237,1,1,0.492697,-0.07494545,-0.4030245438468789,0.89572155,0.8023171
1238,1,1,-0.13578296,0.24690986,0.5020186535119127,0.6378016,0.40679085
1239,1,1,0.51605487,-0.015200853,-0.5414331486877719,1.057488,1.1182808
1240,1,1,-0.22150087,0.20669103,0.4918317670565306,0.71333265,0.5088435
1241,1,1,0.5059817,-0.04256463,-0.3965201667167881,0.9025018,0.8145095
1242,1,1,-0.13173938,0.24686646,0.273140618652425,0.40488,0.16392781
1243,1,1,0.29008102,-0.14706922,-0.1427375371700763,0.43281856,0.1873319
1244,1,1,0.026950598,0.10962725,0.0354880928807799,0.008537494,7.28888e-05
1245,1,1,0.13933206,-0.038989305,-0.1503529935205199,0.28968507,0.08391744
1246,1,1,0.022164345,0.11669469,0.2134755146360158,0.19131117,0.036599964
1247,1,1,0.25215578,-0.14731264,-0.1803205656174449,0.43247634,0.18703578
1248,1,1,0.003342867,0.14345431,0.2516050708521113,0.2482622,0.06163412
1249,1,1,0.27638745,-0.14904404,-0.2353506069653765,0.51173806,0.26187584
1250,1,1,-0.031160593,0.18664432,0.2103443528026054,0.24150495,0.058324642
1251,1,1,0.25016713,-0.14687419,-0.3125725504947332,0.5627397,0.31667593
1252,1,1,-0.07944322,0.22933912,0.2010362545768331,0.2804795,0.07866874
1253,1,1,0.24425507,-0.14174128,-0.3225644670078225,0.56681955,0.3212844
1254,1,1,-0.08567858,0.23306775,0.2705197279228652,0.3561983,0.12687723
1255,1,1,0.28841472,-0.1474235,-0.2121185526005629,0.5005333,0.25053358
1256,1,1,-0.016603708,0.16950536,0.1413245676351233,0.15792827,0.02494134
1257,1,1,0.20635962,-0.10703254,-0.1099763792134234,0.316336,0.10006847
1258,1,1,0.04755664,0.07835317,0.1184220272440379,0.070865385,0.0050219027
1259,1,1,0.19183874,-0.09304142,-0.2278009681179664,0.4196397,0.17609748
1260,1,1,-0.026431322,0.18126726,0.2554622573772733,0.28189358,0.07946399
1261,1,1,0.27883983,-0.14884782,-0.0042169817274051,0.2830568,0.08012115
1262,1,1,0.1142385,-0.011270046,0.027501896745802,0.086736605,0.0075232387
1263,1,1,0.13428259,-0.0335052,-0.1089654560608948,0.24324805,0.059169613
1264,1,1,0.0481925,0.0773716,0.0959936185486962,0.047801115,0.0022849466
1265,1,1,0.17762685,-0.07895064,-0.159502766387527,0.3371296,0.113656364
1266,1,1,0.01641512,0.12505531,0.0438361084869427,0.02742099,0.0007519107
1267,1,1,0.14461184,-0.044670343,-0.0004187660026855,0.1450306,0.021033876
1268,1,1,0.11663771,-0.01396966,0.0868023871950511,0.029835321,0.00089014636
1269,1,1,0.17180538,-0.07306409,-0.1086716865204944,0.28047708,0.07866739
1270,1,1,0.04837799,0.07708597,0.1752891857190994,0.1269112,0.01610645
1271,1,1,0.22790813,-0.12707257,-0.0985273028559299,0.32643545,0.1065601
1272,1,1,0.054763794,0.06719923,-0.0005061532887147,0.055269945,0.003054767
1273,1,1,0.11658263,-0.013907433,0.0150411735401214,0.10154146,0.010310668
1274,1,1,0.12640572,-0.024855375,-0.2338011384806111,0.36020684,0.12974897
1275,1,1,-0.030189753,0.18555593,0.054124878800724,0.08431463,0.0071089566
1276,1,1,0.1511209,-0.051599264,-0.1444014008472089,0.2955223,0.08733343
1277,1,1,0.025904417,0.11117935,0.019016312318957,0.0068881046,4.7445985e-05
1278,1,1,0.12891841,-0.027626991,0.0239252985305928,0.10499311,0.011023554
1279,1,1,0.13202119,-0.03103447,0.1602633771986488,0.028242186,0.00079762103
1280,1,1,0.21837282,-0.11830735,-0.0377799626166939,0.25615278,0.065614246
1281,1,1,0.09305096,0.0129954815,0.0929196778399452,0.00013127923,1.7234235e-08
1282,1,1,0.17567992,-0.07698965,-0.3140843063174432,0.4897642,0.23986898
1283,1,1,-0.08038664,0.22993135,0.2746839093936946,0.35507056,0.1260751
1284,1,1,0.29106307,-0.14684534,-0.2352733843835621,0.52633643,0.27703005
1285,1,1,-0.031112194,0.18658996,0.0993956199070309,0.13050781,0.01703229
1286,1,1,0.17978215,-0.08111358,-0.3022048843346425,0.48198703,0.2323115
1287,1,1,-0.07297039,0.22501397,0.2026660293381668,0.27563643,0.07597544
1288,1,1,0.2452898,-0.14265561,-0.12912707650846,0.3744169,0.14018801
1289,1,1,0.035508633,0.096782684,0.137741218507521,0.10223259,0.010451502
1290,1,1,0.20408702,-0.10486889,-0.1431891074262261,0.34727612,0.12060071
1291,1,1,0.026666403,0.11004925,0.1180837325121189,0.09141733,0.008357128
1292,1,1,0.19162464,-0.092831135,-0.009672210457666,0.20129685,0.040520422
1293,1,1,0.11079335,-0.007375002,-0.088920710288614,0.19971406,0.039885707
1294,1,1,0.06081295,0.05779648,-0.0545777713435589,0.11539072,0.013315017
1295,1,1,0.08245611,0.025394678,0.1618141144745024,0.079358,0.0062976917
1296,1,1,0.21935701,-0.11921954,0.0540157647253902,0.16534126,0.027337732
1297,1,1,0.15105176,-0.051526785,0.1137667569171654,0.037285,0.0013901712
1298,1,1,0.18888807,-0.090148926,-0.0353445624139374,0.22423264,0.05028028
1299,1,1,0.0945878,0.011211872,0.1055998135504863,0.01101201,0.00012126437
1300,1,1,0.18371344,-0.08503342,-0.1545137744640219,0.3382272,0.114397645
1301,1,1,0.019549608,0.12051582,0.1995606685073956,0.18001106,0.032403983
1302,1,1,0.24331784,-0.14091158,-0.1541769299933193,0.3974948,0.15800211
1303,1,1,0.019761562,0.12020731,0.0571099059820272,0.037348345,0.0013948989
1304,1,1,0.15300918,-0.053594828,0.1205025398739882,0.032506637,0.0010566815
1305,1,1,0.19315743,-0.09432864,-0.11646100775316,0.30961844,0.09586358
1306,1,1,0.043475628,0.08463168,0.0186377776867749,0.02483785,0.0006169188
1307,1,1,0.12867856,-0.027363539,0.0272907510282123,0.10138781,0.010279489
1308,1,1,0.1341486,-0.033359766,-0.0762806536153664,0.21042925,0.04428047
1309,1,1,0.06877589,0.04540229,0.0319461871397508,0.036829706,0.0013564272
1310,1,1,0.13709188,-0.036562443,0.0926799136640244,0.044411965,0.0019724227
1311,1,1,0.17552805,-0.07683563,-0.0657626067472585,0.24129066,0.058221184
1312,1,1,0.075404406,0.035101175,0.1133793473450461,0.03797494,0.001442096
1313,1,1,0.1886425,-0.08990717,-0.0683113453317334,0.25695384,0.06602527
1314,1,1,0.07379842,0.03759408,-0.0393690160834836,0.113167435,0.012806868
1315,1,1,0.09204888,0.014161348,0.125057575157895,0.033008695,0.001089574
1316,1,1,0.19604468,-0.09713602,-0.0762949571653019,0.27233964,0.07416888
1317,1,1,0.068766594,0.045414448,0.3109350533348922,0.24216846,0.05864556
1318,1,1,0.32590532,-0.14521384,-0.478527113458481,0.8044324,0.6471115
1319,1,1,-0.18261933,0.2341764,0.4018059017508029,0.5844252,0.34155282
1320,1,1,0.4166329,-0.12785673,-0.3824255419187712,0.79905844,0.6384944
1321,1,1,-0.12297368,0.24612594,0.3884803360779374,0.511454,0.26158518
1322,1,1,0.4033606,-0.13387251,-0.3298737670534613,0.7332344,0.5376327
1323,1,1,-0.09023762,0.23551893,0.3388022894389979,0.4290399,0.18407524
1324,1,1,0.3537817,-0.14586878,-0.313545815390515,0.6673275,0.44532603
1325,1,1,-0.08005071,0.22972202,0.0775957709241348,0.15764648,0.024852412
1326,1,1,0.16597605,-0.06710029,-0.0355754704159028,0.20155153,0.040623017
1327,1,1,0.09444213,0.011380434,0.0402260088008645,0.05421612,0.0029393877
1328,1,1,0.1423285,-0.042219162,-0.0553459659033928,0.19767447,0.039075196
1329,1,1,0.081971884,0.025965929,-0.1283294446106841,0.21030132,0.044226646
1330,1,1,0.03600931,0.09602332,0.0834217855031287,0.047412477,0.002247943
1331,1,1,0.16966462,-0.070881605,-0.0565080046441068,0.22617263,0.05115406
1332,1,1,0.081238985,0.026828766,-0.1204673975485488,0.20170638,0.040685464
1333,1,1,0.04095483,0.08849192,0.1466503380233725,0.105695516,0.011171542
1334,1,1,0.20973682,-0.110229254,-0.3035715856421963,0.5133084,0.26348552
1335,1,1,-0.07382393,0.2256105,0.4834588182301846,0.55728275,0.31056407
1336,1,1,0.49769616,-0.06497073,-0.4685973388245945,0.9662935,0.93372315
1337,1,1,-0.1764698,0.2371881,0.4140705667771232,0.5905404,0.34873798
1338,1,1,0.428838,-0.1213038,-0.2393906532581295,0.6682287,0.44652957
1339,1,1,-0.033690453,0.18944168,0.3669971589121954,0.4006876,0.16055055
1340,1,1,0.38193893,-0.14110279,-0.3166912285901531,0.69863015,0.48808408
1341,1,1,-0.08201337,0.2309289,0.3077963050369328,0.38980967,0.15195158
1342,1,1,0.32276273,-0.1448021,-0.3019872965006303,0.62475,0.39031258
1343,1,1,-0.07283425,0.22491813,0.4205773445258893,0.4934116,0.24345501
1344,1,1,0.4353099,-0.117437124,-0.446263435493853,0.8815733,0.7771715
1345,1,1,-0.16262722,0.24252415,0.3721305261667269,0.53475773,0.28596583
1346,1,1,0.38706017,-0.13965511,-0.1366485137993605,0.5237087,0.2742708
1347,1,1,0.030778408,0.10391235,0.1313480325421285,0.10056962,0.010114249
1348,1,1,0.20003271,-0.10098624,-0.1091080463445259,0.30914074,0.095568
1349,1,1,0.048102856,0.07750964,0.1868749789360291,0.13877213,0.019257704
1350,1,1,0.23526287,-0.13372564,-0.1639746343446315,0.3992375,0.1593906
1351,1,1,0.013606548,0.1290853,0.1755538393458979,0.1619473,0.026226927
1352,1,1,0.22807598,-0.12722516,-0.285085154269213,0.5131611,0.26333433
1353,1,1,-0.06227517,0.21687531,0.0984685539689169,0.16074373,0.025838546
1354,1,1,0.1791954,-0.08052492,-0.1463186026326663,0.32551402,0.10595938
1355,1,1,0.024699688,0.112962246,0.1062801634538526,0.081580475,0.006655374
1356,1,1,0.18414426,-0.085461855,-0.1520993762304203,0.33624363,0.11305978
1357,1,1,0.021066666,0.11830187,0.1370306170934934,0.11596395,0.013447638
1358,1,1,0.20363617,-0.10443902,0.0650914145713272,0.13854475,0.01919465
1359,1,1,0.15806007,-0.05889511,-0.1252545279818129,0.2833146,0.08026715
1360,1,1,0.03794384,0.09308529,0.0654162105986224,0.02747237,0.00075473107
1361,1,1,0.15826583,-0.059109926,-0.0701755375450599,0.22844136,0.052185453
1362,1,1,0.072623014,0.039418936,-0.053498056290139,0.12612107,0.015906526
1363,1,1,0.0831368,0.024592638,0.038950782576685,0.044186015,0.0019524039
1364,1,1,0.14152145,-0.041351557,-0.2109143364076251,0.3524358,0.12421099
1365,1,1,-0.015848398,0.16857123,0.2963868244139913,0.31223524,0.09749084
1366,1,1,0.31133533,-0.14273071,-0.2359479218349824,0.54728323,0.29951894
1367,1,1,-0.03153467,0.18706155,0.417799719517919,0.44933438,0.20190139
1368,1,1,0.4325471,-0.11912012,-0.323436623801316,0.7559837,0.5715114
1369,1,1,-0.08622289,0.23337221,0.4497547021472692,0.5359776,0.28727198
1370,1,1,0.4642923,-0.09867144,-0.4663433483762698,0.93063563,0.86608267
1371,1,1,-0.17507362,0.23781776,0.4314512056073529,0.6065248,0.36787236
1372,1,1,0.44611788,-0.11038113,-0.1723830573990001,0.61850095,0.3825434
1373,1,1,0.008326054,0.13655066,-0.0196872973139812,0.02801335,0.0007847478
1374,1,1,0.10446954,-0.00017404556,0.0621276224837821,0.042341914,0.0017928376
1375,1,1,0.15618443,-0.056932688,-0.0212137013932696,0.17739813,0.031470098
1376,1,1,0.10350585,0.00092959404,0.096399513453,0.007106334,5.049998e-05
1377,1,1,0.17788434,-0.079209566,-0.003719672949618,0.18160401,0.032980017
1378,1,1,0.11455274,-0.011623144,0.1699178416449305,0.0553651,0.0030652944
1379,1,1,0.22449899,-0.123957634,-0.3045322026497938,0.52903116,0.27987397
1380,1,1,-0.07442355,0.2260251,0.3025729338706964,0.3769965,0.14212635
1381,1,1,0.31753206,-0.1439662,-0.2879483299600083,0.60548043,0.36660656
1382,1,1,-0.0640645,0.2183218,0.1664104921295504,0.230475,0.053118724
1383,1,1,0.22227359,-0.12191224,-0.145696391337966,0.36797,0.13540192
1384,1,1,0.025090933,0.11238432,0.0189860541549982,0.006104879,3.726955e-05
1385,1,1,0.1288991,-0.02760601,-0.056974935882716,0.18587403,0.034549154
1386,1,1,0.08094478,0.027176619,0.1767014593736484,0.09575668,0.009169342
1387,1,1,0.22880435,-0.12788796,-0.3468732196599551,0.5756776,0.33140466
1388,1,1,-0.10083604,0.24030375,0.3645256794440166,0.4653617,0.21656153
1389,1,1,0.37947273,-0.14173579,-0.3987428632658814,0.7782156,0.6056195
1390,1,1,-0.13312101,0.24690223,0.1056105127471682,0.23873153,0.056992743
1391,1,1,0.18371964,-0.08504081,0.0271423064642291,0.15657733,0.024516461
1392,1,1,0.1340549,-0.033257008,-0.1907392765802429,0.32479417,0.10549126
1393,1,1,-0.0031952858,0.1522882,0.1556193156340612,0.1588146,0.025222076
1394,1,1,0.2154262,-0.11556673,-0.1438414028674199,0.3592676,0.1290732
1395,1,1,0.0262568,0.11065698,0.1621493573436088,0.13589256,0.018466787
1396,1,1,0.2195692,-0.11941671,-0.3242035789652595,0.5437728,0.29568887
1397,1,1,-0.08670092,0.233639,0.2558406532318624,0.34254158,0.11733473
1398,1,1,0.2790799,-0.14882374,-0.1973496557620864,0.47642958,0.22698514
1399,1,1,-0.0073423386,0.1577475,0.2623621544463845,0.2697045,0.07274051
1400,1,1,0.2832265,-0.14832401,-0.3911564079866858,0.6743829,0.45479232
1401,1,1,-0.12840438,0.24668908,0.3475022506442267,0.47590664,0.22648713
1402,1,1,0.36247516,-0.14497733,-0.3641825184632457,0.7266577,0.5280314
1403,1,1,-0.11161828,0.24384809,0.2233557270024357,0.334974,0.11220758
1404,1,1,0.25843287,-0.14840102,-0.2823999206260343,0.54083276,0.29250008
1405,1,1,-0.06059718,0.21548915,0.2886439321781684,0.3492411,0.12196935
1406,1,1,0.30357575,-0.14432931,-0.1736214035299643,0.47719717,0.22771715
1407,1,1,0.007548332,0.1376369,0.1915146331056916,0.1839663,0.033843596
1408,1,1,0.23820877,-0.13636613,-0.0058446274470358,0.2440534,0.059562057
1409,1,1,0.11321044,-0.010109425,0.1268490508243736,0.013638616,0.00018601184
1410,1,1,0.19718051,-0.098235846,-0.2562649103289307,0.45344543,0.20561276
1411,1,1,-0.044252634,0.2004962,0.1309031744918583,0.1751558,0.030679556
1412,1,1,0.1997509,-0.100714445,-0.127260587295904,0.32701147,0.1069365
1413,1,1,0.036682367,0.09500289,0.0666157438480188,0.029933378,0.0008960071
1414,1,1,0.15902495,-0.05990219,-0.123401107418251,0.28242606,0.07976448
1415,1,1,0.039109707,0.09131026,0.2150940730728772,0.17598437,0.030970497
1416,1,1,0.25318408,-0.14752102,-0.1696271686460395,0.42281127,0.17876936
1417,1,1,0.010056496,0.13411975,0.3275110110774046,0.31745452,0.10077737
1418,1,1,0.34249258,-0.14625096,-0.3055706839026531,0.6480633,0.41998604
1419,1,1,-0.07507181,0.22646809,0.2523747756005576,0.32744658,0.10722126
1420,1,1,0.27687693,-0.14901066,-0.4260413194524193,0.70291823,0.49409404
1421,1,1,-0.15007949,0.24557424,0.2201614243146878,0.37024093,0.13707834
1422,1,1,0.2564032,-0.14809704,-0.3159496466157137,0.5723529,0.3275878
1423,1,1,-0.08155084,0.23064804,0.1175825289276559,0.19913337,0.0396541
1424,1,1,0.19130659,-0.09252119,-0.2902012724837619,0.48150787,0.23184982
1425,1,1,-0.065472126,0.21943593,0.2854173105171051,0.35088944,0.1231234
1426,1,1,0.30034113,-0.14499068,-0.3550327600936285,0.65537393,0.429515
1427,1,1,-0.105920315,0.24214172,0.3307849916824366,0.43670532,0.19071154
1428,1,1,0.34576654,-0.1462307,-0.2332293211864891,0.5789959,0.33523622
1429,1,1,-0.029831648,0.18515348,0.2641834778977223,0.29401514,0.0864449
1430,1,1,0.2843852,-0.14814901,-0.2427701205455674,0.52715534,0.27789274
1431,1,1,-0.035806417,0.19173741,0.1525604597047016,0.18836688,0.03548208
1432,1,1,0.21348596,-0.113752365,-0.1737469317172753,0.3872329,0.14994931
1433,1,1,0.007469654,0.13774681,0.2074724824948588,0.20000283,0.040001135
1434,1,1,0.24834275,-0.14534259,-0.0866050717467841,0.33494782,0.112190045
1435,1,1,0.062271595,0.05552578,0.1175565833549554,0.05528499,0.0030564303
1436,1,1,0.1912899,-0.09250522,-0.0688723274440552,0.26016223,0.06768439
1437,1,1,0.07344437,0.038142443,0.1823891767571406,0.1089448,0.0118689705
1438,1,1,0.23241472,-0.13116026,-0.0864311915222635,0.31884593,0.101662725
1439,1,1,0.06238103,0.05535555,0.0916278353696191,0.029246807,0.0008553757
1440,1,1,0.17486191,-0.076162815,0.0045475337805305,0.17031437,0.029006986
1441,1,1,0.119775295,-0.017484665,0.0211949760762579,0.098580316,0.009718078
1442,1,1,0.13029504,-0.029141903,-0.0575834812671964,0.18787852,0.035298336
1443,1,1,0.08056092,0.02763009,-0.0561474349763213,0.13670835,0.018689172
1444,1,1,0.0814662,0.02656126,0.149792389170086,0.06832619,0.004668468
1445,1,1,0.21172976,-0.11210561,-0.0746206633753554,0.28635043,0.08199657
1446,1,1,0.069821596,0.043774366,-0.0870612760117994,0.15688288,0.024612239
1447,1,1,0.061984062,0.05597329,0.1393286889699543,0.077344626,0.0059821913
1448,1,1,0.20509386,-0.10582805,-0.1215888203446216,0.3266827,0.10672158
1449,1,1,0.040249586,0.08957052,0.185421582266609,0.145172,0.02107491
1450,1,1,0.23434019,-0.13289618,-0.2813905883885579,0.51573074,0.2659782
1451,1,1,-0.059966326,0.21496105,0.2327830899737835,0.2927494,0.08570221
1452,1,1,0.26442337,-0.1490233,-0.2144307393528706,0.47885412,0.22930127
1453,1,1,-0.018053293,0.17128801,0.093262697741276,0.11131599,0.01239125
1454,1,1,0.1758976,-0.07720852,-0.0534102992959115,0.22930789,0.052582107
1455,1,1,0.08319211,0.024528265,0.0776850043052239,0.005507104,3.0328196e-05
1456,1,1,0.16603255,-0.06715846,-0.1217998949559788,0.28783244,0.08284751
1457,1,1,0.040117264,0.089773655,0.0090231877404591,0.031094076,0.0009668416
1458,1,1,0.12260294,-0.020637274,-0.1055815669983903,0.2281845,0.05206817
1459,1,1,0.05032277,0.074080706,-0.0884785121740687,0.13880128,0.019265795
1460,1,1,0.06109166,0.05736208,0.1579881314605042,0.09689647,0.0093889255
1461,1,0,0.2169292,-0.116966486,0.0397357342534188,0.17719346,0.03139752
1462,1,0,0.14201808,-0.04188633,0.1750105946913476,0.032992512,0.0010885058
1463,1,0,0.22773147,-0.1269114,0.1460351941546709,0.08169627,0.006674281
1464,1,0,0.20934677,-0.10986066,-0.0046160457728423,0.21396282,0.04578009
1465,1,0,0.11398649,-0.010985613,0.1751210182174918,0.061134532,0.003737431
1466,1,0,0.22780132,-0.12697482,0.2100892542258856,0.017712072,0.00031371746
1467,1,0,0.25000477,-0.14680004,0.2905927258334704,0.04058796,0.0016473826
1468,1,0,0.30552912,-0.14390683,0.2193374873891178,0.086191624,0.0074289963
1469,1,0,0.25587964,-0.14801192,0.270167097704026,0.014287472,0.00020413185
1470,1,0,0.28819036,-0.1474688,0.1745345606718058,0.113655806,0.0129176425
1471,1,0,0.22742915,-0.12663603,0.1850518136601238,0.042377338,0.0017958387
1472,1,0,0.23410511,-0.13268495,0.2265336236955395,0.0075714886,5.732744e-05
1473,1,0,0.26045203,-0.14865637,0.1203562162000908,0.14009582,0.019626837
1474,1,0,0.19306445,-0.094237804,0.0792459318045519,0.11381852,0.012954655
1475,1,0,0.1670208,-0.06817436,0.1224696696554605,0.044551127,0.0019848028
1476,1,0,0.19440436,-0.09554291,0.3309918088409218,0.13658744,0.018656129
1477,1,0,0.3459735,-0.1462264,0.2567618441511423,0.08921164,0.007958718
1478,1,0,0.27966595,-0.1487658,0.1538742378389423,0.12579171,0.015823556
1479,1,0,0.21431947,-0.11453295,0.2931609517735585,0.07884148,0.0062159784
1480,1,0,0.3081026,-0.14332461,0.3043223137880795,0.0037803054,1.4290709e-05
1481,1,0,0.31928444,-0.14426708,0.2347869789595367,0.08449747,0.007139822
1482,1,0,0.265697,-0.14910269,0.2325445772513523,0.03315243,0.0010990837
1483,1,0,0.26427174,-0.14901209,0.1015747364994212,0.162697,0.026470315
1484,1,0,0.18116283,-0.08249426,-0.072088276214238,0.2532511,0.064136125
1485,1,0,0.07141781,0.04129243,-0.2268417326029586,0.29825956,0.08895876
1486,1,0,-0.025830507,0.18057108,-0.1229069195598198,0.09707641,0.009423829
1487,1,0,0.039420843,0.09083676,-0.0912756886207368,0.13069654,0.017081585
1488,1,0,0.05932975,0.060103655,0.0591621655526317,0.00016758218,2.8083788e-08
1489,1,0,0.15430808,-0.05496168,0.0451663005576667,0.10914178,0.011911929
1490,1,0,0.14545321,-0.04557085,0.1734109237046377,0.027957708,0.0007816334
1491,1,0,0.2267158,-0.12598538,0.1879441561282706,0.038771644,0.0015032404
1492,1,0,0.23594165,-0.13433528,0.1469554131794916,0.08898623,0.00791855
1493,1,0,0.20993042,-0.110411644,0.3474914958080832,0.13756108,0.018923052
1494,1,0,0.3624642,-0.14497828,0.424352536124025,0.061888337,0.0038301663
1495,1,0,0.43906283,-0.1150713,0.3245677420775643,0.1144951,0.013109128
1496,1,0,0.33954835,-0.14620543,0.2679944246536418,0.071553916,0.005119963
1497,1,0,0.28680825,-0.14773536,0.3394224540533628,0.052614212,0.0027682553
1498,1,0,0.35440183,-0.14582253,0.3173323821207385,0.03706944,0.0013741434
1499,1,0,0.33230925,-0.14583969,0.3328491154710038,0.00053986907,2.914586e-07
1500,1,0,0.3478303,-0.14617991,0.1057984043485782,0.2420319,0.05857944
1501,1,0,0.18383908,-0.085158825,0.0178555160201785,0.16598357,0.027550546
1502,1,0,0.12818432,-0.02681899,-0.1385435688982905,0.2667279,0.07114377
1503,1,0,0.029586554,0.1056962,-0.1895747103908807,0.21916126,0.048031658
1504,1,0,-0.0024647713,0.15131474,-0.2884961060193567,0.28603134,0.081813924
1505,1,0,-0.06440687,0.21859431,-0.1681047782191038,0.10369791,0.010753256
1506,1,0,0.011012793,0.13276982,-0.1576943052382042,0.1687071,0.028462086
1507,1,0,0.017551422,0.12341499,-0.1351577090614015,0.15270913,0.023320077
1508,1,0,0.03171563,0.10250473,-0.0166559683595894,0.048371598,0.0023398115
1509,1,0,0.1063838,-0.0023601055,0.151090660589888,0.044706866,0.001998704
1510,1,0,0.21255302,-0.112879515,0.2733350856482679,0.060782075,0.0036944607
1511,1,0,0.29020524,-0.14704132,0.173491857366002,0.11671339,0.013622016
1512,1,0,0.22676706,-0.12603235,0.3007157249068988,0.07394865,0.005468403
1513,1,0,0.31567192,-0.14362288,0.2310860868739088,0.08458583,0.0071547627
1514,1,0,0.263345,-0.1489408,0.2465856502856076,0.01675935,0.00028087583
1515,1,0,0.27319622,-0.14919806,0.2441524584693093,0.029043764,0.00084354024
1516,1,0,0.2716496,-0.14923024,0.1858120485820782,0.08583756,0.0073680864
1517,1,0,0.23458791,-0.13311982,0.1938324796388464,0.04075542,0.0016610044
1518,1,0,0.23968005,-0.13767958,0.1734729642738308,0.06620708,0.0043833777
1519,1,0,0.22675562,-0.12602115,0.1929992509707596,0.033756375,0.0011394928
1520,1,0,0.23915076,-0.13720798,0.230970782873896,0.008179978,6.6912035e-05
1521,1,0,0.26327157,-0.14893484,0.4003967262949448,0.13712516,0.018803312
1522,1,0,0.41523004,-0.12854695,0.4254738900359727,0.010243863,0.00010493673
1523,1,0,0.44017792,-0.11435127,0.4324931607483431,0.0076847672,5.905565e-05
1524,1,0,0.4471531,-0.10966635,0.3788738829458431,0.06827921,0.00466205
1525,1,0,0.39378524,-0.13748479,0.6112385323105216,0.2174533,0.047285937
1526,1,0,0.62354255,0.242944,0.7261803412744379,0.10263777,0.010534511
1527,1,0,0.73554516,0.48074913,0.6924801950191712,0.043064952,0.00185459
1528,1,0,0.7028341,0.41385007,0.6905653481506437,0.012268782,0.000150523
1529,1,0,0.70097184,0.40998316,0.5428716908188993,0.15810013,0.024995651
1530,1,0,0.55637264,0.08639097,0.4397119432805176,0.116660684,0.013609716
1531,1,0,0.4543233,-0.104696035,0.4631356220862908,0.008812338,7.76573e-05
1532,1,0,0.47756386,-0.08877587,0.6260403301706909,0.14847648,0.022045266
1533,1,0,0.63803315,0.27519345,0.5578579381535,0.08017522,0.006428066
1534,1,0,0.5711298,0.1218698,0.5220354594228978,0.04909432,0.002410252
1535,1,0,0.53582597,0.03583908,0.4424924241482015,0.09333354,0.00871115
1536,1,0,0.45708394,-0.103150606,0.3742614379260418,0.0828225,0.0068595666
1537,1,0,0.38918567,-0.13900256,0.3673859569647035,0.021799713,0.0004752275
1538,1,0,0.38232708,-0.14099956,0.4972954340732114,0.11496836,0.013217724
1539,1,0,0.5113857,-0.027901888,0.6728924640495948,0.16150677,0.026084438
1540,1,0,0.6837716,0.37394762,0.6069961367963068,0.07677549,0.005894476
1541,1,0,0.61938643,0.23360133,0.4895818077120522,0.12980464,0.016849244
1542,1,0,0.50375557,-0.048594713,0.502860944357526,0.0008946061,8.003201e-07
1543,1,0,0.5168879,-0.012932777,0.4984949121598263,0.01839298,0.0003383017
1544,1,0,0.5125716,-0.024678469,0.4480149109874101,0.06455666,0.0041675624
1545,1,0,0.46256566,-0.09980106,0.5662638327147849,0.103698194,0.010753316
1546,1,0,0.5793991,0.14146876,0.577097109520837,0.002301991,5.2991627e-06
1547,1,0,0.5900476,0.1664195,0.4365952817031782,0.1534523,0.02354761
1548,1,0,0.4512279,-0.10678744,0.3118219068851209,0.139406,0.019434031
1549,1,0,0.32679367,-0.14531708,0.3099260731846627,0.016867608,0.0002845162
1550,1,0,0.32489538,-0.14508867,0.3207141566639477,0.004181236,1.7482735e-05
1551,1,0,0.33569288,-0.14605522,0.317283334793434,0.01840955,0.00033891154
1552,1,0,0.33225965,-0.14583611,0.2341830504912723,0.09807661,0.009619022
1553,1,0,0.2653129,-0.14908051,0.2941358054069631,0.028822899,0.0008307595
1554,1,0,0.3090794,-0.14309573,0.2185103143132112,0.090569094,0.0082027605
1555,1,0,0.2553544,-0.14792275,0.0829576595352405,0.17239675,0.02972064
1556,1,0,0.16937113,-0.070581436,0.1498691156828311,0.019502014,0.00038032854
1557,1,0,0.21177864,-0.11215162,0.0957853356421662,0.115993306,0.0134544475
1558,1,0,0.17749548,-0.07881808,0.1769800835168067,0.00051540136,2.6563856e-07
1559,1,0,0.2289815,-0.12804937,0.0275941762209463,0.20138732,0.04055685
1560,1,0,0.13434052,-0.03356862,-0.0820082870854097,0.21634881,0.04680681
1561,1,0,0.06516719,0.05101776,0.0238650183676738,0.04130217,0.0017058693
1562,1,0,0.13198304,-0.030992508,0.0771858021764315,0.05479724,0.0030027374
1563,1,0,0.16571641,-0.066833735,0.0555300906209468,0.11018632,0.012141026
1564,1,0,0.15200949,-0.05253911,0.0817322236464663,0.070277266,0.004938894
1565,1,0,0.16859484,-0.0697875,0.0784641481145813,0.09013069,0.00812354
1566,1,0,0.1665256,-0.06766558,0.163456797422751,0.0030688047,9.417563e-06
1567,1,0,0.2203989,-0.12018347,-0.0027447819747585,0.22314368,0.0497931
1568,1,0,0.11516857,-0.0123176575,-0.0776101373690609,0.1927787,0.03716363
1569,1,0,0.06793809,0.04670453,-0.2989642028267285,0.3669023,0.1346173
1570,1,0,-0.070946455,0.22356772,-0.453017067823835,0.3820706,0.14597794
1571,1,0,-0.16681528,0.24112415,-0.473923474363183,0.3071082,0.09431544
1572,1,0,-0.1797688,0.23562026,-0.5811632892430385,0.4013945,0.16111754
1573,1,0,-0.2459886,0.18272734,-0.7366183191194975,0.49062973,0.24071753
1574,1,0,-0.34125495,-0.000854969,-0.6977024765001993,0.35644752,0.12705484
1575,1,0,-0.31749105,0.0660007,-0.7977338571247388,0.4802428,0.23063314
1576,1,0,-0.37845564,-0.10591531,-0.9251383675493594,0.5466827,0.29886198
1577,1,0,-0.46670985,-0.31088924,-0.9658670465189898,0.4991572,0.2491579
1578,1,0,-0.49484277,-0.37042665,-0.8738049373863999,0.37896216,0.14361233
1579,1,0,-0.43119407,-0.23145223,-0.994404341727798,0.56321025,0.3172058
1580,1,0,-0.5145285,-0.41024566,-0.8551911493816502,0.34066266,0.11605105
1581,1,0,-0.4183011,-0.20151591,-0.8863490335163706,0.46804792,0.21906886
1582,1,0,-0.4398787,-0.25129843,-0.8920240576040852,0.45214534,0.20443541
1583,1,0,-0.4438064,-0.2601874,-0.9536752744520056,0.50986886,0.25996625
1584,1,0,-0.48642612,-0.35293722,-1.1265092573353306,0.6400832,0.4097065
1585,1,0,-0.60534286,-0.57465863,-0.8814600579319789,0.2761172,0.07624071
1586,1,0,-0.4364946,-0.2435956,-0.8909545186159398,0.4544599,0.2065338
1587,1,0,-0.44306636,-0.25851655,-0.6625828291575471,0.21951646,0.048187476
1588,1,0,-0.29599595,0.122302055,-0.8450476510522078,0.5490517,0.30145776
1589,0,0,-0.84974647,-0.18497038,-0.7924837150828874,0.05726278,0.0032790257
1590,0,0,-0.79864,-0.096983194,-0.8475480301495044,0.048907995,0.002391992
1591,0,0,-0.8521931,-0.18906426,-1.0888053708952854,0.2366122,0.055985335
1592,0,0,-1.0916051,-0.53096485,-1.2274882543836068,0.13588321,0.018464247
1593,0,0,-1.2233273,-0.680141,-1.2903021347341193,0.06697488,0.004485634
1594,0,0,-1.2825608,-0.7381151,-1.20710875368181,0.07545209,0.005693018
1595,0,0,-1.2040199,-0.6601281,-1.320391101483784,0.116371155,0.013542246
1596,0,0,-1.3107388,-0.764024,-1.3047579164652234,0.0059808493,3.5770558e-05
1597,0,0,-1.2961172,-0.75070643,-1.3295255458263116,0.033408403,0.0011161214
1598,0,0,-1.3192626,-0.77166605,-1.373020925139932,0.053758264,0.002889951
1599,0,0,-1.3596255,-0.8066852,-1.2639747028511077,0.09565079,0.009149074
1600,0,0,-1.2577932,-0.7144761,-1.3473402855210788,0.08954704,0.0080186725
1601,0,0,-1.3358406,-0.7862778,-1.3349822436927403,0.0008583069,7.366907e-07
1602,0,0,-1.3243468,-0.7761822,-1.3020111766454527,0.022335649,0.0004988812
1603,0,0,-1.2935439,-0.74833417,-1.2653040123798975,0.028239965,0.00079749565
1604,0,0,-1.2590461,-0.71569204,-1.2612881619058125,0.0022420883,5.02696e-06
1605,0,0,-1.2552605,-0.71201205,-1.2316382246307491,0.023622274,0.0005580119
1606,0,0,-1.2272544,-0.6841421,-1.177204787166502,0.050049663,0.0025049688
1607,0,0,-1.1756374,-0.62962556,-1.2495178264751403,0.073880434,0.0054583186
1608,0,0,-1.2441546,-0.7010963,-1.3371423725075529,0.092987776,0.008646727
1609,0,0,-1.3263581,-0.7779596,-1.2848698169438864,0.04148829,0.0017212782
1610,0,0,-1.2774583,-0.73331285,-1.3477328850379149,0.07027459,0.004938518
1611,0,0,-1.3362052,-0.78659534,-1.3595246517487736,0.023319364,0.00054379273
1612,0,0,-1.3471428,-0.7960546,-1.5462644736382976,0.19912171,0.039649457
1613,0,0,-1.5155762,-0.92655015,-1.6054994563248883,0.08992326,0.008086193
1614,0,0,-1.5666763,-0.9614396,-1.5615906927243244,0.0050855875,2.58632e-05
1615,0,0,-1.5289197,-0.93584156,-1.6830520690807034,0.15413237,0.023756787
1616,0,0,-1.6315373,-1.0032277,-1.5963860519216653,0.035151243,0.0012356099
1617,0,0,-1.5588984,-0.95624804,-1.48180090769911,0.077097535,0.00594403
1618,0,0,-1.4585822,-0.8852854,-1.5223073796381652,0.06372523,0.0040609054
1619,0,0,-1.4945551,-0.91163516,-1.511469542641447,0.016914368,0.00028609583
1620,0,0,-1.4849824,-0.9047277,-1.4077464369525106,0.07723594,0.00596539
1621,0,0,-1.3915508,-0.8331051,-1.448166249372968,0.05661547,0.0032053117
1622,0,0,-1.4283279,-0.8622563,-1.531045075276538,0.10271716,0.010550816
1623,0,0,-1.502245,-0.9171319,-1.6049469725009162,0.10270202,0.010547705
1624,0,0,-1.5662051,-0.9611268,-1.6727088327534445,0.106503725,0.011343043
1625,0,0,-1.6230279,-0.9978912,-1.6126360583669914,0.010391831,0.00010799016
1626,0,0,-1.572744,-0.9654629,-1.7028734888054418,0.13012946,0.016933676
1627,0,0,-1.6477201,-1.0132625,-1.6227692378587055,0.024950862,0.0006225455
1628,0,0,-1.5813264,-0.97111034,-1.7151244169382829,0.133798,0.017901905
1629,0,0,-1.657639,-1.0193412,-1.5427463257007867,0.11489272,0.013200337
1630,0,0,-1.512502,-0.92439055,-1.4890199101859494,0.023482084,0.0005514083
1631,0,0,-1.4650315,-0.89008975,-1.4783912399193675,0.013359785,0.00017848385
1632,0,0,-1.4555303,-0.8829992,-1.4467498640529413,0.008780479,7.709682e-05
1633,0,0,-1.4270467,-0.8612633,-1.4031839530969494,0.02386272,0.00056942936
1634,0,0,-1.3873725,-0.8297081,-1.3090104016517423,0.07836211,0.00614062
1635,0,0,-1.3000985,-0.7543597,-1.3173819814387422,0.01728344,0.0002987173
1636,0,0,-1.3079276,-0.7614846,-1.361921113953687,0.053993464,0.0029152941
1637,0,0,-1.3493623,-0.79795814,-1.4025798320499951,0.05321753,0.0028321056
1638,0,0,-1.3868191,-0.8292568,-1.4423567847058236,0.0555377,0.0030844363
1639,0,0,-1.4230691,-0.8581681,-1.392434760977991,0.030634403,0.00093846663
1640,0,0,-1.377509,-0.82161784,-1.464893076636404,0.087384105,0.007635982
1641,0,0,-1.4434154,-0.87384415,-1.6264483797391789,0.18303299,0.033501074
1642,0,0,-1.5844327,-0.9731417,-1.715529173970463,0.13109648,0.017186288
1643,0,0,-1.6579654,-1.0195408,-1.7417314932747292,0.0837661,0.00701676
1644,0,0,-1.6789575,-1.0322304,-1.683692839549394,0.0047353506,2.2423545e-05
1645,0,0,-1.6320636,-1.0035558,-1.4771226775701227,0.15494096,0.024006702
1646,0,0,-1.4543945,-0.8821461,-1.411265351535573,0.043129086,0.0018601181
1647,0,0,-1.3947699,-0.8357098,-1.2665249247461106,0.128245,0.016446779
1648,0,0,-1.2601964,-0.7168071,-1.247372502192926,0.012823939,0.00016445342
1649,0,0,-1.2421287,-0.69908595,-1.1494812648260635,0.09264743,0.008583547
1650,0,0,-1.1492883,-0.6000881,-1.13781193535895,0.0114763975,0.0001317077
1651,0,0,-1.1381927,-0.5872812,-1.1954972762822824,0.05730462,0.0032838196
1652,0,0,-1.1930054,-0.64844704,-1.2687437475949546,0.07573831,0.005736292
1653,0,0,-1.2622868,-0.71882725,-1.252410764490862,0.009876013,9.753563e-05
1654,0,0,-1.2468859,-0.7037971,-1.2361770501912577,0.010708809,0.00011467859
1655,0,0,-1.2315478,-0.68848896,-1.1870252836148656,0.044522524,0.0019822551
1656,0,0,-1.1849637,-0.6397948,-1.1169547329008598,0.06800902,0.004625227
1657,0,0,-1.1183599,-0.5638199,-1.026991383794193,0.091368556,0.008348213
1658,0,0,-1.030087,-0.4538045,-1.0206025751076289,0.00948441,8.995404e-05
1659,0,0,-1.0237086,-0.44542432,-1.0824274760260058,0.05871892,0.0034479115
1660,0,0,-1.0854318,-0.5233269,-0.9982041458113352,0.08722764,0.0076086614
1661,0,0,-1.0013549,-0.41542888,-0.9588393324440648,0.042515576,0.0018075742
1662,0,0,-0.962132,-0.36037993,-0.971578835055527,0.009446859,8.924315e-05
1663,0,0,-0.9748137,-0.3785224,-0.8846133295577032,0.090200365,0.008136106
1664,0,0,-0.8885975,-0.24856877,-0.8353651008932901,0.05323237,0.0028336854
1665,0,0,-0.8402858,-0.16903329,-0.824426110138309,0.015859663,0.00025152892
1666,0,0,-0.8296211,-0.15086818,-0.8834810875870023,0.05386001,0.0029009006
1667,0,0,-0.88748145,-0.24678445,-0.8689190675618605,0.018562376,0.00034456182
1668,0,0,-0.87315273,-0.22364974,-0.7677664447993342,0.10538632,0.011106276
1669,0,0,-0.7745719,-0.054627657,-0.8395836577661071,0.06501174,0.0042265262
1670,0,0,-0.8444052,-0.17599344,-0.7805465869481409,0.06385857,0.004077917
1671,0,0,-0.78712773,-0.07658315,-0.8291433209195711,0.042015612,0.0017653117
1672,0,0,-0.8342166,-0.15872097,-0.8256871024395243,0.008529484,7.2752104e-05
1673,0,0,-0.8308494,-0.15296984,-0.7510483707019553,0.07980102,0.006368203
1674,0,0,-0.757941,-0.025789022,-0.8809269689636547,0.12298596,0.015125546
1675,0,0,-0.8849659,-0.24275327,-0.7631514248791529,0.12181449,0.01483877
1676,0,0,-0.76997495,-0.046677113,-0.788120409304939,0.018145442,0.00032925708
1677,0,0,-0.79442763,-0.08954048,-0.6825985047768035,0.1118291,0.012505748
1678,0,0,-0.6889577,0.09152937,-0.8178341355986967,0.12887645,0.016609138
1679,0,0,-0.82320786,-0.13984442,-0.7599108874367326,0.06329697,0.004006507
1680,0,0,-0.76674986,-0.041088343,-0.763080887291248,0.003668964,1.34612965e-05
1681,0,0,-0.7699046,-0.04655552,-0.6591058345979106,0.110798776,0.012276369
1682,0,0,-0.66490674,0.12492585,-0.6284965280944355,0.036410213,0.0013257036
1683,0,0,-0.633883,0.14875269,-0.5033266380941437,0.13055634,0.01704496
1684,0,0,-0.51130795,0.22501564,-0.3536328260193389,0.15767512,0.024861442
1685,0,0,-0.3732376,0.24184799,-0.3827342353696621,0.009496629,9.018597e-05
1686,0,0,-0.39956522,0.24615216,-0.462256637897668,0.06269142,0.0039302143
1687,0,0,-0.47279716,0.23890734,-0.3987962172391279,0.074000925,0.0054761367
1688,0,0,-0.41432762,0.24690294,-0.4514072444830312,0.037079632,0.0013748992
1689,0,0,-0.46277785,0.24147534,-0.5053451594330265,0.042567313,0.0018119761
1690,0,0,-0.5132241,0.22417045,-0.5940043082017357,0.08078021,0.006525442
1691,0,0,-0.59938407,0.17404485,-0.3571784225789649,0.24220565,0.058663577
1692,0,0,-0.3764162,0.2425754,-0.3706895705413866,0.0057266355,3.2794353e-05
1693,0,0,-0.38860226,0.24483156,-0.3288098833428745,0.05979237,0.0035751276
1694,0,0,-0.351218,0.2351768,-0.4164719916452006,0.065254,0.004258085
1695,0,0,-0.43076134,0.24641013,-0.7082728924377037,0.27751154,0.07701265
1696,0,0,-0.715461,0.047954798,-0.7472740584517501,0.031813025,0.0010120686
1697,0,0,-0.75419545,-0.019268036,-0.7452661269876457,0.008929312,7.9732614e-05
1698,0,0,-0.75220394,-0.01579833,-0.6671340915275135,0.085069835,0.007236877
1699,0,0,-0.67310333,0.117242575,-0.655460339622421,0.017642975,0.00031127455
1700,0,0,-0.6611929,0.12755299,-0.6487610212121226,0.01243186,0.00015455115
1701,0,0,-0.65438056,0.13270473,-0.6408178286966386,0.013562739,0.00018394788
1702,0,0,-0.6463268,0.13909101,-0.5222954066650329,0.124031365,0.015383779
1703,0,0,-0.52939653,0.21650743,-0.4697467025783428,0.059649825,0.0035581016
1704,0,0,-0.4797523,0.23685884,-0.5847743128009499,0.10502201,0.011029623
1705,0,0,-0.59024024,0.18032837,-0.5470995329908419,0.04314071,0.0018611208
1706,0,0,-0.5533252,0.20355964,-0.541412177722346,0.011913002,0.0001419196
1707,0,0,-0.54781175,0.20670247,-0.5196498360944499,0.028161883,0.00079309166
1708,0,0,-0.5268626,0.21776867,-0.5646790079070816,0.037816405,0.0014300805
1709,0,0,-0.57046676,0.19322443,-0.5005198922915022,0.069946885,0.0048925667
1710,0,0,-0.50864744,0.22616649,-0.5208234066940429,0.012175977,0.00014825442
1711,0,0,-0.5279863,0.21721244,-0.4530808156228221,0.074905485,0.0056108315
1712,0,0,-0.46431923,0.24111104,-0.4788324767851413,0.014513254,0.00021063455
1713,0,0,-0.48823023,0.23407769,-0.4160543853597422,0.07217583,0.0052093505
1714,0,0,-0.43037033,0.24643707,-0.4446102961419202,0.014239967,0.00020277666
1715,0,0,-0.45653462,0.2428379,-0.3948177675537496,0.061716855,0.00380897
1716,0,0,-0.41065574,0.24682379,-0.4621584122763091,0.051502675,0.0026525254
1717,0,0,-0.47270632,0.23893309,-0.4163304664656579,0.05637586,0.0031782377
1718,0,0,-0.43062901,0.24641943,-0.3351899685366488,0.09543905,0.009108611
1719,0,0,-0.35683894,0.23715329,-0.398760143767825,0.0419212,0.0017573868
1720,0,0,-0.41429424,0.2469027,-0.4291684650679359,0.01487422,0.00022124242
1721,0,0,-0.44244766,0.24521661,-0.421110578875802,0.021337092,0.00045527148
1722,0,0,-0.4351058,0.24605465,-0.3389223794466249,0.09618342,0.00925125
1723,0,0,-0.3601396,0.23822594,-0.3723767802524595,0.012237161,0.00014974811
1724,0,0,-0.3901317,0.24505544,-0.3022850870835096,0.08784664,0.0077170315
1725,0,0,-0.32814097,0.22504878,-0.6056039586821318,0.27746296,0.076985694
1726,0,0,-0.610929,0.16584635,-0.7074594714270943,0.09653044,0.009318125
1727,0,0,-0.7146182,0.04934764,-0.7138897421402262,0.00072848797,5.306947e-07
1728,0,0,-0.72121644,0.03832102,-0.6619073140593872,0.059309125,0.0035175723
1729,0,0,-0.6677642,0.12282038,-0.8360416724930082,0.1682775,0.028317317
1730,0,0,-0.84094596,-0.17015076,-0.8830812096250589,0.04213524,0.0017753784
1731,0,0,-0.8870878,-0.24615455,-0.8320365263646612,0.055051267,0.003030642
1732,0,0,-0.83703804,-0.16352296,-0.9739557607978272,0.13691771,0.01874646
1733,0,1,-0.97718143,-0.38187242,0.9176307093621516,1.8948121,3.590313
1734,0,1,0.23557925,0.78562474,-0.9170758288768472,1.1526551,1.3286139
1735,0,1,-0.9206703,-0.29873013,0.7025714025284082,1.6232417,2.6349134
1736,0,1,0.18660593,0.43411064,-0.762371929341767,0.9489779,0.900559
1737,0,1,-0.7691989,-0.045333624,0.6907269711561543,1.4599259,2.1313837
1738,0,1,0.1835146,0.41031075,-0.7727325173570407,0.9562471,0.9144085
1739,0,1,-0.7795234,-0.06317139,0.5808139964587733,1.3603374,1.8505177
1740,0,1,0.15256023,0.17490411,-0.2976539368240494,0.45021418,0.2026928
1741,0,1,-0.32415962,0.22297049,0.094230488511267,0.4183901,0.17505027
1742,0,1,-0.04833865,-0.07782698,-0.0228516895941401,0.025486963,0.0006495853
1743,0,1,-0.1168406,0.0021150112,-0.0815020212927661,0.03533858,0.0012488153
1744,0,1,-0.15478182,0.050521374,0.2211651142139605,0.37594694,0.1413361
1745,0,1,0.016048431,-0.14819765,-0.3162472332449,0.33229566,0.110420406
1746,0,1,-0.3402295,0.23076129,0.1818043477536073,0.5220339,0.27251935
1747,0,1,-0.0028824806,-0.1308248,-0.0934887546361844,0.09060627,0.008209497
1748,0,1,-0.16332698,0.06227112,0.0625546185414132,0.2258816,0.0510225
1749,0,1,-0.065969706,-0.057215452,-0.0141537430460823,0.051815964,0.0026848943
1750,0,1,-0.11143136,-0.0041611195,-0.1176460172784255,0.006214656,3.8621947e-05
1751,0,1,-0.1808505,0.08577514,-0.2449238861268923,0.064073384,0.0041053984
1752,0,1,-0.27986312,0.1931796,0.1379507514489608,0.41781387,0.17456843
1753,0,1,-0.025054455,-0.10499549,-0.0860956150395786,0.06104116,0.0037260235
1754,0,1,-0.15804458,0.055026293,0.0142271959789739,0.17227177,0.029677564
1755,0,1,-0.09414625,-0.024286985,0.0521109979056899,0.14625725,0.021391183
1756,0,1,-0.071926594,-0.05024934,0.1790357569574738,0.25096235,0.0629821
1757,0,1,-0.0042481422,-0.12923408,-0.0817424379893458,0.07749429,0.0060053654
1758,0,1,-0.15495205,0.05075693,-0.0719160387951634,0.08303601,0.0068949796
1759,0,1,-0.14835072,0.041123867,0.1814150103483847,0.32976574,0.10874544
1760,0,1,-0.0030741692,-0.13060164,-0.1246630996609612,0.12158893,0.014783868
1761,0,1,-0.18601632,0.09251976,0.1006730304627034,0.28668934,0.08219078
1762,0,1,-0.044831514,-0.08192253,-0.1175632777746549,0.07273176,0.0052899094
1763,0,1,-0.18079019,0.08569527,0.1155637892959275,0.29635397,0.08782567
1764,0,1,-0.036827087,-0.091267824,-0.2389063468167878,0.20207927,0.04083603
1765,0,1,-0.2749288,0.18910885,0.3634165110397656,0.63834536,0.4074848
1766,0,1,0.0773747,-0.14200735,-0.3105562677878661,0.38793096,0.15049043
1767,0,1,-0.33528614,0.22853422,0.2735578132356733,0.6088439,0.3706909
1768,0,1,0.039885998,-0.14700961,-0.4429673362303075,0.48285332,0.23314734
1769,0,1,-0.455029,0.24313903,0.4068758453166943,0.86190486,0.74288
1770,0,1,0.09406853,-0.12526488,-0.4373391928945613,0.5314077,0.28239417
1771,0,1,-0.4498849,0.24408317,0.5028450416230714,0.95272994,0.90769434
1772,0,1,0.12789679,-0.012976408,-0.3938860469315917,0.5217829,0.27225736
1773,0,1,-0.40979767,0.24679518,0.2714493943080547,0.68124706,0.46409756
1774,0,1,0.03895569,-0.14730144,-0.3039511643723545,0.34290686,0.117585115
1775,0,1,-0.3295765,0.22577524,0.2177583472058426,0.54733485,0.29957545
1776,0,1,0.014445066,-0.14783812,-0.1610829675150893,0.17552803,0.030810092
1777,0,1,-0.21337676,0.12648392,0.1068650783516815,0.32024184,0.102554835
1778,1,1,0.18451476,-0.0858295,-0.0605174704466566,0.24503224,0.060040798
1779,1,1,0.078710794,0.029979706,-0.0105836281404414,0.08929442,0.007973493
1780,1,1,0.11021781,-0.0067219734,-0.004620121827684,0.11483793,0.01318775
1781,1,1,0.11398387,-0.010982037,-0.1282268996709477,0.24221078,0.05866606
1782,1,1,0.036074877,0.095924854,0.1094717694359279,0.07339689,0.0053871037
1783,1,1,0.18616629,-0.087465286,-0.0938077838798796,0.27997407,0.07838548
1784,1,1,0.057735205,0.06258297,0.0510948635253711,0.006640341,4.409413e-05
1785,1,1,0.1492033,-0.04956746,-0.025935603872031,0.1751389,0.030673636
1786,1,1,0.10052562,0.0043513775,0.0108988765809181,0.089626744,0.008032953
1787,1,1,0.12378812,-0.021955013,0.1723321592386231,0.048544034,0.0023565232
1788,1,1,0.22603154,-0.12535954,0.0108781737715943,0.21515337,0.04629097
1789,1,1,0.123775005,-0.021940947,-0.1269270896738592,0.25070208,0.06285153
1790,1,1,0.0368917,0.0946846,-0.0428589721724388,0.07975067,0.0063601695
1791,1,1,0.08984709,0.016727686,0.158149237144928,0.068302155,0.0046651843
1792,1,1,0.21703148,-0.11706209,-0.1218250530167543,0.33885652,0.114823736
1793,1,1,0.04010129,0.08979797,0.0313503810144069,0.008750908,7.657839e-05
1794,1,1,0.13671541,-0.036153793,0.0952358026157509,0.04147961,0.001720558
1795,1,1,0.17714739,-0.078468084,-0.0882646767265211,0.26541206,0.07044356
1796,1,1,0.06122589,0.057152987,-0.0085227084211774,0.069748595,0.0048648664
1797,1,1,0.1115191,-0.008197784,-0.0084975356759158,0.120016634,0.014403992
1798,1,1,0.111534834,-0.008215904,-0.0239707655621685,0.1355056,0.018361768
1799,1,1,0.101765394,0.0029261112,0.0018227159763997,0.09994268,0.009988539
1800,1,1,0.118053675,-0.015558243,-0.1391318632872979,0.25718552,0.06614439
1801,1,1,0.029217243,0.10624933,0.0849835873271236,0.055766344,0.0031098851
1802,1,1,0.17065406,-0.071890354,0.0784961448781174,0.092157915,0.008493082
1803,1,1,0.16654587,-0.06768632,-0.0148793869740497,0.18142526,0.032915123
1804,1,1,0.107504845,-0.0036392212,-0.0713864251040647,0.17889127,0.032002088
1805,1,1,0.071860075,0.040604115,0.0703303562701793,0.001529716,2.340031e-06
1806,1,1,0.16137648,-0.06234789,-0.041437263927913,0.20281374,0.041133415
1807,1,1,0.09074402,0.015681505,0.0370956891734697,0.05364833,0.0028781435
1808,1,1,0.14034891,-0.040086985,0.0894170026778038,0.05093191,0.0025940593
1809,1,1,0.17346168,-0.07474494,-0.1441834334972416,0.3176451,0.100898415
1810,1,1,0.026041746,0.11097574,0.0410705520951011,0.015028805,0.00022586496
1811,1,1,0.1428628,-0.042793274,-0.1432703842589151,0.28613317,0.08187219
1812,1,1,0.02661562,0.11012459,0.0861544321468614,0.05953881,0.00354487
1813,1,1,0.17139554,-0.07264638,-0.0402285125550938,0.21162406,0.04478474
1814,1,1,0.09150648,0.014793158,-0.1024028105993704,0.19390929,0.03760081
1815,1,1,0.05232358,0.07098293,-0.0812645614280582,0.13358814,0.017845789
1816,1,1,0.06563544,0.05028844,0.1101298215990702,0.044494376,0.0019797494
1817,1,1,0.18658352,-0.08787799,-0.1097705233535122,0.29635406,0.08782572
1818,1,1,0.0476861,0.07815313,0.2029226606798184,0.15523656,0.024098389
1819,1,1,0.24545288,-0.14279914,-0.2163827089864258,0.4618356,0.21329212
1820,1,1,-0.019276619,0.17278028,0.3277847427326219,0.34706137,0.12045159
1821,1,1,0.34276605,-0.14625144,-0.4049640585550071,0.74773014,0.55910033
1822,1,1,-0.13698816,0.24688697,0.4293236688418891,0.56631184,0.3207091
1823,1,1,0.44400334,-0.111819506,-0.459920822708519,0.90392417,0.8170789
1824,1,1,-0.17109394,0.23950124,0.3828794034491656,0.5539733,0.30688643
1825,1,1,0.39777827,-0.13605309,-0.1356667500867465,0.533445,0.28456357
1826,1,1,0.031395674,0.10298562,0.1056186962082761,0.07422302,0.0055090566
1827,1,1,0.18372488,-0.08504534,-0.1697888927858084,0.35351378,0.12497199
1828,1,1,0.009954691,0.1342628,0.1047685982711024,0.094813906,0.008989677
1829,1,1,0.1831863,-0.08451033,-0.1173883111883511,0.3005746,0.09034509
1830,1,1,0.042892456,0.085526705,0.0854687858147942,0.042576328,0.0018127437
1831,1,1,0.17096138,-0.072203636,-0.0115196049369279,0.18248099,0.033299312
1832,1,1,0.10962677,-0.006051302,0.2024854048936064,0.09285863,0.008622725
1833,1,1,0.24517536,-0.14255428,-0.1331789325761687,0.3783543,0.14315198
1834,1,1,0.032959938,0.10063219,0.2109884719541392,0.17802854,0.03169416
1835,1,1,0.25057602,-0.14696836,-0.1159660617763838,0.36654207,0.13435309
1836,1,1,0.04378748,0.08415294,0.0375283937255077,0.0062590875,3.9176175e-05
1837,1,1,0.14062238,-0.040382147,-0.1798048219461323,0.32042718,0.102673575
1838,1,1,0.0036666393,0.14301038,0.2158803588928375,0.21221372,0.045034666
1839,1,1,0.25368357,-0.14761806,-0.2248758800730077,0.47855943,0.22901914
1840,1,1,-0.024598598,0.17913365,0.3268268854430438,0.3514255,0.12349988
1841,1,1,0.34180784,-0.146245,-0.1859111487771145,0.527719,0.27848735
1842,1,1,-0.00016593933,0.14822865,0.1226630613843231,0.122829,0.015086963
1843,1,1,0.19452667,-0.09566188,-0.2786146313975326,0.4731413,0.22386271
1844,1,1,-0.058230877,0.21348524,0.3199744495424728,0.37820533,0.14303927
1845,1,1,0.3349526,-0.14601564,-0.34459243927826,0.67954504,0.46178147
1846,1,1,-0.099414825,0.23973632,0.114323774410598,0.21373859,0.045684185
1847,1,1,0.18924141,-0.090495825,-0.0785499862890293,0.2677914,0.071712226
1848,1,1,0.06734586,0.04762602,0.2908930853770433,0.22354722,0.04997336
1849,1,1,0.30582976,-0.14384007,-0.2368094538185956,0.5426392,0.2944573
1850,1,1,-0.032073736,0.18766117,0.4401230598331964,0.4721968,0.2229698
1851,1,1,0.45473146,-0.1044755,-0.4317158969714043,0.88644737,0.78578895
1852,1,1,-0.15360212,0.24489284,0.3690966549459893,0.52269876,0.27321398
1853,1,1,0.38403368,-0.14053202,-0.4554655582318183,0.83949924,0.70475894
1854,1,1,-0.16833258,0.24057055,0.3520081975944662,0.5203408,0.27075455
1855,1,1,0.36697602,-0.14431047,-0.2065017994686848,0.5734778,0.3288768
1856,1,1,-0.013081789,0.16510797,0.08226465569218,0.09534644,0.009090944
1857,1,1,0.1689322,-0.070132494,-0.0266240611755579,0.19555625,0.038242247
1858,1,1,0.10009146,0.004851103,0.073375195189909,0.026716262,0.00071375864
1859,1,1,0.16330385,-0.06434417,-0.1665658010940771,0.32986966,0.10881399
1860,1,1,0.0119793415,0.1314013,0.0429182063827391,0.030938864,0.0009572133
1861,1,1,0.14403105,-0.04404831,0.0547796622638969,0.089251384,0.00796581
1862,1,1,0.15153503,-0.052037477,0.021038074900157,0.13049696,0.017029457
1863,1,1,0.1301961,-0.02903223,0.1201596618227798,0.010036431,0.00010072995
1864,1,1,0.19294024,-0.09411645,-0.0678694888940367,0.26080972,0.06802171
1865,1,1,0.074076414,0.037161827,0.0592750741274317,0.014801338,0.00021907962
1866,1,1,0.15437937,-0.05503702,0.1185778590776993,0.035801508,0.001281748
1867,1,1,0.19193745,-0.09313798,0.0732300503119738,0.118707396,0.014091446
1868,1,1,0.16321206,-0.064249516,-0.0011411184767533,0.16435318,0.027011966
1869,1,1,0.11618161,-0.013457298,0.0847408905355444,0.03144072,0.0009885188
1870,1,1,0.17050052,-0.07173443,-0.2019190733186473,0.3724196,0.13869636
1871,1,1,-0.01020813,0.16145277,0.0148799968657566,0.025088128,0.00062941416
1872,1,1,0.12630439,-0.024743557,0.0165899324961831,0.109714456,0.012037261
1873,1,1,0.12738442,-0.025936604,-0.1090642310961054,0.23644865,0.05590796
1874,1,1,0.048130274,0.07746792,0.1104587967985377,0.062328525,0.003884845
1875,1,1,0.1867919,-0.088083506,-0.0695347156933836,0.25632662,0.06570333
1876,1,1,0.073027134,0.038791656,0.0419793459906854,0.031047788,0.0009639651
1877,1,1,0.14343739,-0.043411016,-0.0703541386194244,0.21379152,0.045706812
1878,1,1,0.07251048,0.03959322,0.010210192940014,0.062300287,0.0038813257
1879,1,1,0.123352766,-0.021472454,0.0590161551651591,0.06433661,0.0041392
1880,1,1,0.15421581,-0.054864645,-0.1357589408112915,0.28997475,0.08408535
1881,1,1,0.031337976,0.103072405,0.2152205302935099,0.18388255,0.03381279
1882,1,1,0.25326443,-0.14753675,-0.1449596371087937,0.39822406,0.1585824
1883,1,1,0.025553703,0.11169863,0.0282144388768998,0.0026607364,7.0795186e-06
1884,1,1,0.13473296,-0.033996105,-0.0477925193108967,0.18252549,0.033315554
1885,1,1,0.08673525,0.020367384,0.1993435974491042,0.11260834,0.012680639
1886,1,1,0.2431798,-0.14078975,-0.2628804993252842,0.5060603,0.25609702
1887,1,1,-0.04839182,0.20454288,0.1955739107230627,0.24396573,0.059519276
1888,1,1,0.24078608,-0.138664,-0.0475291727037259,0.28831524,0.08312567
1889,1,1,0.08690119,0.020173073,0.1314427283871846,0.044541538,0.0019839485
1890,1,1,0.20009327,-0.1010437,0.0662506080382878,0.13384266,0.017913857
1891,1,1,0.15879416,-0.05966139,-0.0881320159215945,0.24692619,0.06097254
1892,1,1,0.061309576,0.057023287,0.2227675896475216,0.16145802,0.026068691
1893,1,1,0.25805926,-0.14834785,-0.1041254084907712,0.36218467,0.13117774
1894,1,1,0.051239252,0.072662115,0.1820989360000298,0.13085969,0.017124258
1895,1,1,0.23223066,-0.13099408,-0.0878591533512032,0.32008982,0.10245749
1896,1,1,0.061481714,0.056755304,-0.0142007773447665,0.07568249,0.0057278397
1897,1,1,0.10793376,-0.004127264,0.1837716509309697,0.075837895,0.0057513863
1898,1,1,0.23329258,-0.13195276,-0.3320071145546874,0.5652997,0.31956375
1899,1,1,-0.09156847,0.23619056,0.330021913273486,0.4215904,0.17773846
1900,1,1,0.34500337,-0.14624166,-0.2892842735495073,0.6342876,0.40232074
1901,1,1,-0.064899206,0.21898556,0.2172686002589867,0.2821678,0.07961866
1902,1,1,0.254565,-0.14778256,-0.1765491119978954,0.4311141,0.18585937
1903,1,1,0.0057103634,0.1401918,0.2307042014371085,0.22499384,0.05062223
1904,1,1,0.2631023,-0.14892149,-0.2902358836305025,0.55333817,0.30618313
1905,1,1,-0.06549358,0.21945286,0.2115530467463169,0.27704662,0.07675483
1906,1,1,0.2509346,-0.14704871,-0.4382726845854936,0.6892073,0.47500673
1907,1,1,-0.15767074,0.24393606,0.4804819516422784,0.6381527,0.4072389
1908,1,1,0.49474907,-0.072865725,-0.4127737056076119,0.9075228,0.8235976
1909,1,1,-0.14184046,0.24662638,0.3817068003721231,0.5235473,0.27410176
1910,1,1,0.39660978,-0.13648343,-0.3142506332011954,0.71086043,0.5053226
1911,1,1,-0.08049035,0.22999668,0.1080679212981716,0.18855828,0.035554226
1912,1,1,0.18527722,-0.08658528,-0.0259548027470284,0.21123202,0.044618968
1913,1,1,0.10051322,0.0043649673,-0.1048396585206701,0.20535287,0.042169802
1914,1,1,0.050789833,0.073358536,0.1552593265267869,0.10446949,0.010913875
1915,1,1,0.2151978,-0.11535406,-0.1450399586734012,0.36023778,0.12977126
1916,1,1,0.025503397,0.11177349,0.1218702752277924,0.096366875,0.009286575
1917,1,1,0.19402432,-0.09517312,0.0273831942797802,0.16664113,0.027769266
1918,1,1,0.13420725,-0.033423424,0.1160999010183316,0.018107347,0.000327876
1919,1,1,0.19036698,-0.09159994,-0.1503290116893869,0.34069598,0.11607375
1920,1,1,0.022179365,0.11667299,0.0166508496906985,0.005528515,3.056448e-05
1921,1,1,0.12742281,-0.02597928,-0.0170782005523788,0.14450102,0.020880543
1922,1,1,0.10611701,-0.0020563602,0.0848552279476266,0.021261781,0.00045206334
1923,1,1,0.170573,-0.071808815,-0.0899525656847024,0.26052555,0.06787357
1924,1,1,0.06016302,0.058807135,-0.1049901776278461,0.1651532,0.02727558
1925,1,1,0.050694942,0.07350445,0.1302640428750376,0.0795691,0.0063312417
1926,1,1,0.19934559,-0.10032463,-0.1359036276176937,0.33524922,0.11239204
1927,1,1,0.031246662,0.10320878,0.2792442247032931,0.24799755,0.061502784
1928,1,1,0.29415178,-0.14612126,-0.2473273966072602,0.5414792,0.2931997
1929,1,1,-0.038659334,0.19476962,0.1085604487311457,0.14721978,0.021673663
1930,1,1,0.18558908,-0.0868938,0.1238098498608217,0.061779223,0.0038166724
1931,1,1,0.19525409,-0.096368074,-0.1031044772824425,0.29835856,0.08901783
1932,1,1,0.05188179,0.07166791,0.1316766387321202,0.079794854,0.0063672187
1933,1,1,0.20024109,-0.101186275,-0.0197666893929784,0.22000778,0.048403423
1934,1,1,0.10441995,-0.000116825104,-0.1339429268164211,0.23836288,0.05681686
1935,1,1,0.032479525,0.10135579,0.2019737100269196,0.16949418,0.028728278
1936,1,1,0.24485016,-0.14226699,-0.2882165466916637,0.53306675,0.28416017
1937,1,1,-0.06423211,0.21845531,0.2343498668684809,0.29858196,0.08915119
1938,1,1,0.26541924,-0.14908671,-0.3096752909040123,0.5750945,0.33073372
1939,1,1,-0.07763457,0.22817707,0.2773241161084874,0.35495868,0.12599567
1940,1,1,0.29274225,-0.14643884,-0.3269796933366442,0.61972195,0.3840553
1941,1,1,-0.08843255,0.23457646,0.3121138170008066,0.40054637,0.16043739
1942,1,1,0.32708526,-0.14535046,-0.301396303352289,0.62848157,0.39498907
1943,1,1,-0.07246566,0.22465706,0.3119874637516093,0.38445312,0.1478042
1944,1,1,0.32695913,-0.14533591,-0.254204206353128,0.58116335,0.33775082
1945,1,1,-0.042963505,0.19920206,0.3546321525098812,0.39759564,0.15808229
1946,1,1,0.369596,-0.14385843,-0.3079354133036562,0.6775314,0.45904884
1947,1,1,-0.07654834,0.22746181,0.145426568869905,0.22197491,0.04927286
1948,1,1,0.20896077,-0.10949612,-0.30135623275291,0.51031697,0.26042342
1949,1,1,-0.07243991,0.22463942,0.2201332642230218,0.29257315,0.08559905
1950,1,1,0.25638533,-0.14809442,-0.0840388319354557,0.34042415,0.1158886
1951,1,1,0.06388807,0.05300927,0.2132500932065539,0.14936203,0.022309015
1952,1,1,0.2520125,-0.14728284,-0.0860318119442338,0.3380443,0.114273936
1953,1,1,0.06263256,0.054964066,0.16879521485615,0.10616265,0.011270509
1954,1,1,0.22378683,-0.12330365,-0.112570669185108,0.3363575,0.11313637
1955,1,1,0.045924187,0.08086872,0.3190472556227157,0.27312306,0.074596204
1956,1,1,0.3340249,-0.14595914,-0.4393648232349445,0.7733897,0.5981316
1957,1,1,-0.15834785,0.24375844,0.2863641589904646,0.444712,0.19776878
1958,1,1,0.30129004,-0.14480114,-0.1845120429638593,0.48580208,0.23600367
1959,1,1,0.00071263313,0.1470406,0.2107761782625825,0.21006355,0.044126693
1960,1,1,0.25044107,-0.1469369,-0.2026540483409964,0.45309514,0.2052952
1961,1,1,-0.010669231,0.16204286,0.2731313384849838,0.28380057,0.080542766
1962,1,1,0.2900753,-0.14707017,-0.2602892427929726,0.55036455,0.30290115
1963,1,1,-0.046770334,0.20297766,0.2213561228742349,0.26812646,0.0718918
1964,1,1,0.25716233,-0.14821672,-0.0338056578533874,0.290968,0.08466238
1965,1,1,0.09555912,0.010085821,0.1460262861158274,0.050467163,0.0025469346
1966,1,1,0.20934081,-0.10985541,-0.0624194164409166,0.27176023,0.07385362
1967,1,1,0.077512026,0.031835556,-0.0417891676308022,0.11930119,0.014232774
1968,1,1,0.09052181,0.015939951,-0.0048094934601388,0.095331304,0.009088057
1969,1,1,0.11386418,-0.010848045,0.0013525303451604,0.11251165,0.012658872
1970,1,1,0.117756605,-0.015225172,0.0129810822855542,0.104775526,0.010977911
1971,1,1,0.12510395,-0.023415089,-0.021283626047547,0.14638758,0.021429323
1972,1,1,0.10346174,0.0009799004,0.0017255251227559,0.10173622,0.010350258
1973,1,1,0.1179924,-0.015489817,-0.1751549887923711,0.2931474,0.08593539
1974,1,1,0.0065858364,0.13897777,0.1316099371524814,0.1250241,0.015631024
1975,1,1,0.20019865,-0.10114598,-0.0644085349748526,0.2646072,0.070016965
1976,1,1,0.07625818,0.033777952,0.1289295214036157,0.052671343,0.0027742705
1977,1,1,0.19849968,-0.09950948,-0.2345381568194491,0.43303782,0.18752176
1978,1,1,-0.030651808,0.18607473,0.1185365714756101,0.14918837,0.02225717
1979,1,1,0.19191122,-0.09311223,0.0282242886698571,0.16368693,0.026793411
1980,1,1,0.13473868,-0.03400302,-0.0357305268453131,0.17046921,0.029059751
1981,1,1,0.09434414,0.011493921,0.0541503154541316,0.040193822,0.0016155434
1982,1,1,0.15113664,-0.051616192,0.025718057472206,0.12541857,0.015729818
1983,1,1,0.13315439,-0.032274246,0.0229581308808399,0.11019626,0.012143216
1984,1,1,0.13140988,-0.030363798,-0.1011104788595842,0.23252037,0.054065723
1985,1,1,0.053137064,0.069722176,0.0991071327309591,0.045970067,0.002113247
1986,1,1,0.17959976,-0.080929995,-0.0868373101551358,0.26643705,0.07098871
1987,1,1,0.062124968,0.05575347,-0.0032662041508371,0.06539117,0.0042760046
1988,1,1,0.114839315,-0.011946678,0.0107828299517795,0.104056485,0.010827752
1989,1,1,0.123714685,-0.021873474,-0.1004871977349313,0.22420189,0.050266486
1990,1,1,0.053529263,0.06911373,0.2420583998767052,0.18852913,0.035543233
1991,1,1,0.2703185,-0.1492374,-0.3083072794700809,0.5786258,0.3348078
1992,1,1,-0.07678056,0.22761512,0.2882516586601054,0.36503223,0.13324852
1993,1,1,0.30318213,-0.1444118,-0.3509017706877597,0.6540839,0.42782575
1994,1,1,-0.10334611,0.24124861,0.3444479826128024,0.44779408,0.20051953
1995,1,1,0.3594241,-0.14534903,-0.1842335907913685,0.5436577,0.29556373
1996,1,1,0.0008869171,0.14680362,0.2890282403409308,0.2881413,0.08302542
1997,1,1,0.30396104,-0.14424825,-0.0027976941067744,0.30675873,0.09410092
1998,1,1,0.11513519,-0.0122795105,0.0442648480333569,0.07087034,0.005022605
1999,1,1,0.14488268,-0.044960737,0.1127598688938298,0.032122813,0.0010318751
2000,1,1,0.18825006,-0.08952093,-0.0512355292872386,0.23948559,0.057353348
2001,1,1,0.084563255,0.022915363,-0.0601247861798124,0.14468804,0.020934628
2002,1,1,0.07895827,0.029595852,0.2915809201017914,0.21262264,0.045208387
2003,1,1,0.30651903,-0.1436863,-0.2538333540553816,0.5603524,0.3139948
2004,1,1,-0.042731524,0.19896698,0.2688825584525185,0.3116141,0.09710334
2005,1,1,0.2873733,-0.14762878,-0.2531362336436715,0.5405096,0.29215062
2006,1,1,-0.04229474,0.19852519,0.2355252606039379,0.27782,0.07718395
2007,1,1,0.26616573,-0.14912748,-0.0955159539556627,0.3616817,0.13081366
2008,1,1,0.0566597,0.06425452,0.0896768291923657,0.03301713,0.0010901308
2009,1,1,0.17362642,-0.07491183,0.0080772525414865,0.16554917,0.027406529
2010,1,1,0.122005224,-0.019972086,0.0381065031581031,0.08389872,0.0070389956
2011,1,1,0.14098811,-0.04077649,-0.0577613737712878,0.19874948,0.039501358
2012,1,1,0.08044839,0.027762175,0.0710926955169362,0.009355694,8.752901e-05
2013,1,1,0.16185904,-0.06284833,-0.1721750411821552,0.3340341,0.11157877
2014,1,1,0.008456707,0.13636708,0.1189231385000915,0.11046643,0.012202832
2015,1,1,0.19215608,-0.09335184,-0.3355651118694234,0.52772117,0.27848962
2016,1,1,-0.09378648,0.23726487,0.2580561297690695,0.3518426,0.12379322
2017,1,1,0.2804885,-0.14867663,-0.1446517116212646,0.4251402,0.18074419
2018,1,1,0.02574706,0.111412525,0.0939735791857532,0.068226516,0.0046548573
2019,1,1,0.17634773,-0.07766247,0.0128618017442261,0.16348593,0.026727648
2020,1,1,0.12502861,-0.023331404,0.118682668803113,0.0063459426,4.027099e-05
2021,1,1,0.19200373,-0.09320307,-0.1444953598852238,0.3364991,0.113231644
2022,1,1,0.025845528,0.111266375,0.2057092397171041,0.1798637,0.032350954
2023,1,1,0.2472229,-0.14435887,-0.2851873721958302,0.53241026,0.28346068
2024,1,1,-0.062339067,0.21692872,0.1391247911120259,0.20146386,0.04058769
2025,1,1,0.20496416,-0.10570502,-0.1518230246114318,0.3567872,0.1272971
2026,1,1,0.021240473,0.11804867,-0.045998585717482,0.06723906,0.0045210915
2027,1,1,0.087866545,0.019042253,-0.014344591417895,0.10221113,0.010447116
2028,1,1,0.10784292,-0.004023552,-0.0770247710845337,0.1848677,0.034176063
2029,1,1,0.06830692,0.046130657,0.0636177870432272,0.0046891347,2.1987984e-05
2030,1,1,0.15712786,-0.05791998,-0.0752201445981453,0.232348,0.053985592
2031,1,1,0.06944394,0.04436207,-0.0345248384391001,0.103968784,0.010809508
2032,1,1,0.09510517,0.010611773,-0.0218154986218066,0.11692067,0.013670444
2033,1,1,0.10312629,0.0013642311,-0.1576052865558579,0.26073158,0.06798095
2034,1,1,0.017606974,0.123334885,0.0001443998410168,0.017462574,0.0003049415
2035,1,1,0.116993666,-0.014369011,-0.0109717767504546,0.12796545,0.016375156
2036,1,1,0.10997248,-0.0064439774,-0.0136651649362145,0.12363764,0.015286266
2037,1,1,0.10827184,-0.004511833,-0.0740151261744825,0.18228696,0.033228535
2038,1,1,0.070203304,0.043180466,-0.1103037524372592,0.18050706,0.0325828
2039,1,1,0.047350407,0.07867074,0.097662830367958,0.050312422,0.0025313399
2040,1,1,0.17868447,-0.08001304,0.0841055971439939,0.09457888,0.008945164
2041,1,1,0.17009783,-0.07132411,0.1063732306186473,0.0637246,0.0040608244
2042,1,1,0.18420243,-0.085520506,-0.279222170125859,0.4634246,0.21476236
2043,1,1,-0.058610916,0.21381068,0.1050723092308074,0.16368324,0.026792202
2044,1,1,0.18337893,-0.08470106,0.0504011833740691,0.13297775,0.017683083
2045,1,1,0.14876461,-0.049100637,-0.1656118563507798,0.31437647,0.09883257
2046,1,1,0.012577772,0.13054943,0.0770077990305018,0.06443003,0.0041512283
2047,1,1,0.1656034,-0.066717625,-0.0516261027649611,0.2172295,0.047188655
2048,1,1,0.084317446,0.023204803,-0.1742120707073229,0.2585295,0.06683751
2049,1,1,0.0071775913,0.13815379,0.1333306388575148,0.12615305,0.015914593
2050,1,1,0.20128989,-0.102193594,0.0237101740368199,0.17757972,0.031534556
2051,1,1,0.13188505,-0.030884743,-0.003348494327799,0.13523355,0.018288113
2052,1,1,0.11478734,-0.011887789,-0.0142142043805062,0.12900154,0.016641399
2053,1,1,0.107925415,-0.0041179657,-0.2202438336607617,0.32816923,0.10769504
2054,1,1,-0.02169633,0.17569709,0.1411101156850969,0.16280645,0.02650594
2055,1,1,0.20622325,-0.10690236,-0.0877145357338156,0.2939378,0.08639943
2056,1,1,0.06157279,0.056613922,0.2899995324440634,0.22842675,0.05217878
2057,1,1,0.3049345,-0.14403796,-0.2640415501222519,0.56897604,0.32373375
2058,1,1,-0.049118042,0.20523548,0.1803218557953538,0.2294399,0.052642666
2059,1,1,0.23110223,-0.12997365,-0.342494035819048,0.57359624,0.32901263
2060,1,1,-0.09810662,0.23919463,0.2428707516080308,0.34097737,0.116265565
2061,1,1,0.27083468,-0.14923644,-0.3731944473868198,0.64402914,0.41477352
2062,1,1,-0.11722946,0.24515986,0.2645211127809315,0.38175058,0.1457335
2063,1,1,0.28460002,-0.1481154,-0.2051342260654869,0.48973423,0.23983961
2064,1,1,-0.012224436,0.16402388,0.1537452835643087,0.16596971,0.027545946
2065,1,1,0.21423769,-0.1144557,-0.0656633594922926,0.27990106,0.0783446
2066,1,1,0.07546735,0.03500414,-0.0029189450515705,0.07838629,0.006144411
2067,1,1,0.11505866,-0.012193918,-0.0532446042078045,0.16830327,0.02832599
2068,1,1,0.083296776,0.024405718,-0.1011887566171649,0.18448552,0.034034908
2069,1,1,0.05308819,0.06979823,0.101128403437753,0.04804022,0.0023078625
2070,1,1,0.18088007,-0.082211494,-0.0193621693123891,0.20024224,0.040096954
2071,1,1,0.104675055,-0.00040841103,0.0850232695017925,0.019651785,0.00038619267
2072,1,1,0.17067909,-0.07191682,-0.0698102709615073,0.24048936,0.057835136
2073,1,1,0.07285333,0.039061546,-0.137303453355051,0.21015678,0.044165872
2074,1,1,0.030366182,0.10452914,0.1399100641355866,0.109543875,0.01199986
2075,1,1,0.20546198,-0.106179476,-0.2613677594544787,0.46682975,0.21793002
2076,1,1,-0.047445536,0.20363235,0.3803739271564899,0.42781946,0.18302949
2077,1,1,0.39528084,-0.13696098,-0.2595895392755167,0.6548704,0.42885524
2078,1,1,-0.046333075,0.20255041,0.0156920520608934,0.062025126,0.0038471164
2079,1,1,0.12681723,-0.02531004,-0.1621957960654412,0.28901303,0.08352853
2080,1,1,0.014723778,0.12748647,0.2629196935555864,0.24819592,0.061601214
2081,1,1,0.2835815,-0.14827299,-0.2440847083680677,0.5276662,0.27843162
2082,1,1,-0.0366292,0.19262004,0.1809834824297591,0.21761268,0.04735528
2083,1,1,0.23152256,-0.13035369,-0.0504540211443416,0.28197658,0.07951079
2084,1,1,0.085056305,0.022336006,-0.0302951300503813,0.11535144,0.013305955
2085,1,1,0.09777427,0.0075232983,0.0364248552674721,0.06134941,0.0037637502
2086,1,1,0.13992453,-0.03962946,0.005488663515468,0.13443586,0.018073002
2087,1,1,0.120369434,-0.018149137,0.1437145257732508,0.023345098,0.0005449936
2088,1,1,0.20787501,-0.108469486,-0.094117965041947,0.30199298,0.09119976
2089,1,1,0.0575397,0.06288695,0.1525140223643721,0.094974324,0.009020123
2090,1,1,0.21345639,-0.113725424,-0.1046681260251061,0.31812453,0.10120322
2091,1,1,0.050897837,0.073191404,0.1701226925719265,0.11922486,0.014214568
2092,1,1,0.22462916,-0.12407613,-0.2251611883858153,0.44979036,0.20231137
2093,1,1,-0.02477789,0.17934251,0.2393179146985748,0.26409578,0.06974658
2094,1,1,0.26857638,-0.14921522,-0.3864901416565329,0.6550665,0.4291121
2095,1,1,-0.12550187,0.2464304,0.340311573366312,0.46581346,0.21698217
2096,1,1,0.35529065,-0.145751,-0.3332000178261034,0.6884906,0.47401935
2097,1,1,-0.09231186,0.236557,0.2107745406790298,0.3030864,0.09186137
2098,1,1,0.25044012,-0.14693761,-0.1413450735123143,0.3917852,0.15349564
2099,1,1,0.02782607,0.10832429,0.206111084347162,0.17828502,0.031785548
2100,1,1,0.24747801,-0.14458346,-0.2663522318538942,0.51383024,0.26402152
2101,1,1,-0.050563335,0.206599,0.4776475902707027,0.52821094,0.2790068
2102,1,1,0.49194264,-0.075698614,-0.5167657733747002,1.0087085,1.0174928
2103,1,1,-0.20627022,0.21911669,0.5558012511187069,0.7620715,0.58075297
2104,1,1,0.56910586,0.11704302,-0.5541919702236764,1.1232978,1.261798
2105,1,1,-0.22937083,0.1995008,0.5381227463861227,0.7674936,0.5890464
2106,1,1,0.5516932,0.074997425,-0.4789113943824437,1.0306046,1.0621458
2107,1,1,-0.18285728,0.23405194,0.6186270835010617,0.80148435,0.64237714
2108,1,1,0.63077855,0.25910854,-0.5897999574253365,1.2205784,1.4898117
2109,1,1,-0.2513044,0.176934,0.4709588638282755,0.7222632,0.52166414
2110,1,1,0.48531675,-0.08202553,-0.5630250838632662,1.0483418,1.0990205
2111,1,1,-0.23481584,0.19423556,0.6838900342104894,0.9187059,0.8440205
2112,1,1,0.6944785,0.39644647,-0.5593729054348904,1.2538514,1.5721433
2113,1,1,-0.23256493,0.19644022,0.4563237547144636,0.68888867,0.4745676
2114,1,1,0.47080874,-0.09407663,-0.249436711016334,0.7202455,0.5187535
2115,1,1,-0.039979458,0.1961472,0.0172750086841775,0.057254467,0.003278074
2116,1,1,0.12781763,-0.026413918,-0.2683158236245035,0.39613345,0.15692171
2117,1,1,-0.051791668,0.20774126,0.21324462358888,0.26503628,0.07024423
2118,1,1,0.25200915,-0.14728093,0.0274831032088438,0.22452605,0.050411947
2119,1,1,0.13427019,-0.033492327,-0.0111822822082214,0.14545247,0.02115642
2120,1,1,0.10983944,-0.0062937737,-0.0624427749471996,0.17228222,0.029681163
2121,1,1,0.077497244,0.031858206,0.0563291641084799,0.02116808,0.00044808758
2122,1,1,0.15251541,-0.05307293,-0.1095252429622513,0.26204064,0.0686653
2123,1,1,0.047840357,0.07791495,0.2175365551276429,0.1696962,0.0287968
2124,1,1,0.25473547,-0.1478138,-0.0085024604281556,0.26323792,0.06929421
2125,1,1,0.11153197,-0.008212328,0.0324133059693356,0.07911867,0.0062597636
2126,1,1,0.13738799,-0.03688383,0.1042755738282394,0.033112414,0.001096432
2127,1,1,0.18287373,-0.08419943,0.1714803896044521,0.011393338,0.00012980816
2128,1,1,0.22549057,-0.12486553,-0.2887428546913981,0.5142334,0.264436
2129,1,1,-0.06456089,0.21871686,0.1519858921997094,0.21654679,0.046892513
2130,1,1,0.21312118,-0.113411665,-0.0555725842964531,0.26869375,0.07219633
2131,1,1,0.08182907,0.026134014,0.2308195709448646,0.1489905,0.022198169
2132,1,1,0.26317573,-0.1489265,-0.1297469695273414,0.3929227,0.15438825
2133,1,1,0.035118103,0.09737325,0.171530387554847,0.13641228,0.01860831
2134,1,1,0.22552228,-0.12489462,-0.18349600166189,0.40901828,0.16729595
2135,1,1,0.001349926,0.14617562,0.2101373210051198,0.2087874,0.043592177
2136,1,1,0.25003505,-0.14682722,-0.062480851610017,0.3125159,0.0976662
2137,1,1,0.077472925,0.0318954,0.0732788067257494,0.004194118,1.7590626e-05
2138,1,1,0.16324258,-0.064281225,-0.0262749472825452,0.18951753,0.035916895
2139,1,1,0.10031128,0.004597664,-0.0235407120066177,0.12385199,0.015339316
2140,1,1,0.10203743,0.0026137829,0.0231644820497596,0.07887295,0.006220942
2141,1,1,0.1315403,-0.030507088,-0.0194458883624313,0.1509862,0.02279683
2142,1,1,0.10462189,-0.00034856796,-0.0599053162944889,0.16452721,0.027069202
2143,1,1,0.079096794,0.029382706,0.1038486021379547,0.024751805,0.0006126518
2144,1,1,0.1826036,-0.083930016,0.0326471284792662,0.14995646,0.022486942
2145,1,1,0.13753557,-0.037043095,-0.2109335232345257,0.34846908,0.121430695
2146,1,1,-0.015860558,0.16858554,0.3480522708612561,0.36391282,0.13243254
2147,1,1,0.36302495,-0.14490318,-0.4264097403556373,0.7894347,0.6232071
2148,1,1,-0.15030837,0.24553442,0.46587719091906,0.61618555,0.37968463
2149,1,1,0.48028183,-0.086490154,-0.5515559111249684,1.0318377,1.064689
2150,1,1,-0.22774506,0.20102763,0.2523736766227018,0.48011872,0.23051399
2151,1,1,0.27687597,-0.14901042,-0.1996111634257049,0.47648713,0.22703998
2152,1,1,-0.008760452,0.15958858,0.0777100084461861,0.08647046,0.007477141
2153,1,1,0.16604853,-0.067174435,0.1435390184067686,0.022509515,0.0005066783
2154,1,1,0.20776367,-0.10836339,-0.0899335168804493,0.2976972,0.08862361
2155,1,1,0.06017518,0.0587883,0.0743547503612296,0.014179572,0.00020106028
2156,1,1,0.16392422,-0.064985275,0.0423058532118427,0.12161836,0.014791026
2157,1,1,0.14364386,-0.043632984,-0.0457589327751279,0.18940279,0.035873417
2158,1,1,0.08801794,0.018865824,-0.0220741597181013,0.1100921,0.012120271
2159,1,1,0.10296321,0.0015518665,0.027429250525814,0.07553396,0.0057053785
2160,1,1,0.1342361,-0.033454895,0.0075926433013435,0.12664345,0.016038563
2161,1,1,0.121699095,-0.019631624,-0.0369986908010586,0.15869778,0.025184987
2162,1,1,0.093544245,0.0124228,-0.1635986677589049,0.2571429,0.06612247
2163,1,1,0.013842821,0.12874794,0.0256361961519453,0.011793375,0.0001390837
2164,1,1,0.13310266,-0.03221774,-0.0898812305431326,0.2229839,0.04972182
2165,1,1,0.060207844,0.05873704,0.1076960958253665,0.04748825,0.0022551338
2166,1,1,0.18504119,-0.08635163,-0.1697769633051185,0.35481817,0.12589593
2167,1,1,0.009962559,0.13425255,-0.0008225687490863,0.010785127,0.000116318966
2168,1,1,0.1163826,-0.013682842,-0.3278829744773208,0.44426557,0.1973719
2169,1,1,-0.08899617,0.23487496,0.2323791347945727,0.3213753,0.10328209
2170,1,1,0.2641666,-0.14900422,-0.1304699970748069,0.39463657,0.15573803
2171,1,1,0.034663677,0.09806156,0.0869448404232926,0.052281164,0.00273332
2172,1,1,0.17189598,-0.0731554,-0.0351068190195045,0.2070028,0.04285016
2173,1,1,0.09473777,0.011038065,0.0486715710066945,0.0460662,0.0021220946
2174,1,1,0.1476705,-0.047936678,-0.1137486929462299,0.2614192,0.06834
2175,1,1,0.045182467,0.082009315,0.0205199008782677,0.024662565,0.0006082421
2176,1,1,0.1298685,-0.028672934,0.0004916958118772,0.12937681,0.01673836
2177,1,1,0.11721277,-0.014615774,-0.1259193897290225,0.24313216,0.059113245
2178,1,1,0.037525177,0.09372187,0.1567108165702468,0.11918564,0.014205217
2179,1,1,0.21611929,-0.11621213,-0.0637543728242784,0.27987367,0.07832927
2180,1,1,0.07667041,0.03313899,0.0285823019193873,0.048088107,0.002312466
2181,1,1,0.13496542,-0.034249544,0.072473020551032,0.0624924,0.0039053
2182,1,1,0.16273284,-0.06375384,0.2183433167265187,0.055610478,0.0030925253
2183,1,1,0.25524807,-0.14790368,-0.3158676094760748,0.5711157,0.3261731
2184,1,1,-0.08149934,0.23061705,0.1854905498437986,0.2669899,0.0712836
2185,1,1,0.23438382,-0.13293576,-0.2537708740835591,0.4881547,0.23829502
2186,1,1,-0.042691946,0.19892788,0.2997271724760195,0.34241912,0.11725085
2187,1,1,0.314682,-0.14343023,-0.3196201221219423,0.63430214,0.4023392
2188,1,1,-0.08384156,0.23201442,0.3437940960306278,0.42763567,0.18287227
2189,1,1,0.35877085,-0.14542127,-0.2708567226393752,0.6296276,0.3964309
2190,1,1,-0.05338025,0.209198,0.279369894478414,0.33275014,0.11072265
2191,1,1,0.2942779,-0.14610052,-0.1291220818568983,0.42339998,0.17926754
2192,1,1,0.035511255,0.09677863,0.225156665146073,0.18964541,0.035965383
2193,1,1,0.25957727,-0.14855099,-0.0604934934357705,0.32007077,0.1024453
2194,1,1,0.07872629,0.02995658,-0.0360135081028318,0.1147398,0.013165222
2195,1,1,0.0941658,0.01170063,0.1694663351313003,0.07530053,0.00567017
2196,1,1,0.22421241,-0.12369466,-0.0806040959751359,0.3048165,0.092913106
2197,1,1,0.06605196,0.04964137,0.0627816366415516,0.0032703206,1.06949965e-05
2198,1,1,0.15659857,-0.057366133,-0.0618368504796831,0.21843542,0.047714032
2199,1,1,0.07787919,0.03126645,-0.0567720983231661,0.13465129,0.01813097
2200,1,1,0.08107233,0.027025461,0.0742157930057292,0.0068565384,4.701212e-05
2201,1,1,0.16383624,-0.06489444,-0.0822588720258026,0.24609512,0.060562808
2202,1,1,0.06500912,0.051264048,0.0072772325726511,0.057731885,0.0033329707
2203,1,1,0.121500015,-0.019409657,0.1710463803551349,0.04954636,0.002454842
2204,1,1,0.22521567,-0.124613285,-0.3711132520954896,0.5963289,0.35560817
2205,1,1,-0.11593366,0.24488902,0.3719398626813159,0.48787352,0.23802057
2206,1,1,0.38687015,-0.1397121,-0.2072670870175286,0.59413725,0.35299906
2207,1,1,-0.013561487,0.16571283,0.0960732903924372,0.10963478,0.012019785
2208,1,1,0.17767787,-0.07900143,-0.1429072468252772,0.32058513,0.10277483
2209,1,1,0.026843786,0.10978532,-0.0723454005451147,0.099189185,0.0098384945
2210,1,1,0.071255445,0.0415442,0.2069342556266962,0.13567881,0.01840874
2211,1,1,0.24800086,-0.1450429,0.0461001046356717,0.20190075,0.040763915
2212,1,1,0.14604354,-0.046201706,-0.1994442244986798,0.34548777,0.1193618
2213,1,1,-0.008656263,0.15945292,-0.0695097948911516,0.060853533,0.0037031525
2214,1,1,0.07304239,0.038767338,0.0286830078998665,0.044359386,0.0019677551
2215,1,1,0.13502932,-0.034319162,-0.1010385205810648,0.23606783,0.055728022
2216,1,1,0.053182364,0.0696516,0.0298167364599177,0.023365628,0.0005459526
2217,1,0,0.135746,-0.035099506,-0.0037865037707138,0.1395325,0.01946932
2218,1,0,0.1145103,-0.011576176,-0.1604808392198817,0.27499115,0.07562014
2219,1,0,0.015800953,0.12593985,0.0207850891240486,0.0049841367,2.4841618e-05
2220,1,0,0.13003659,-0.028857231,0.0195841635660936,0.11045243,0.012199739
2221,1,0,0.1292777,-0.028021812,0.1587314379052764,0.029453725,0.0008675219
2222,1,0,0.21740079,-0.11740494,0.3217246478973239,0.104323864,0.010883468
2223,1,0,0.33670425,-0.14610457,0.3204888122186311,0.016215444,0.00026294062
2224,1,0,0.33546758,-0.14604402,0.2592945518397136,0.07617304,0.0058023315
2225,1,0,0.28127646,-0.14858413,0.3002483532464759,0.01897189,0.00035993263
2226,1,0,0.3152032,-0.14353323,0.3260268353151816,0.010823637,0.000117151125
2227,1,0,0.3410077,-0.14623523,0.333136126439145,0.007871568,6.196159e-05
2228,1,0,0.34811783,-0.14617062,0.4855161287589733,0.1373983,0.018878294
2229,1,0,0.4997325,-0.059472322,0.5219454382178106,0.022212923,0.00049341394
2230,1,0,0.5357375,0.03561902,0.6952913476746225,0.15955383,0.025457423
2231,1,0,0.70556664,0.4195137,0.7091814969206909,0.003614843,1.3067089e-05
2232,1,0,0.7190585,0.4472742,0.7293865767197754,0.010328054,0.00010666871
2233,1,0,0.7386515,0.48700333,0.7230764244021195,0.015575111,0.00024258408
2234,1,0,0.7325368,0.47467613,0.638827223042322,0.09370959,0.008781487
2235,1,0,0.6505358,0.302634,0.7481247887075231,0.09758896,0.009523604
2236,1,0,0.7567868,0.51976585,0.8164992907172013,0.05971247,0.003565579
2237,1,0,0.8226607,0.631222,1.1248951242012173,0.3022344,0.09134564
2238,1,0,1.1182077,1.0740225,1.287674060725362,0.16946638,0.028718853
2239,1,0,1.272104,1.2778318,1.2917254795914768,0.019621491,0.00038500293
2240,1,0,1.2758939,1.2826393,1.3896886585849928,0.113794684,0.01294923
2241,1,0,1.3669093,1.3945949,1.3344110857535123,0.03249812,0.0010561278
2242,1,0,1.3157022,1.3324554,1.4074725160390238,0.09177029,0.008421786
2243,1,0,1.3832991,1.4139884,1.3653072713975924,0.0179919,0.0003237085
2244,1,0,1.344372,1.3675272,1.3432577502288026,0.0011142492,1.2415513e-06
2245,1,0,1.3239238,1.3425839,1.499209427936237,0.17528558,0.030725034
2246,1,0,1.4671743,1.5090768,1.4894312049128795,0.02225697,0.00049537275
2247,1,0,1.4582884,1.4993541,1.38294539062623,0.07534301,0.0056765694
2248,1,0,1.3606846,1.3871634,1.466155362193709,0.10547078,0.011124085
2249,1,0,1.4370844,1.4758041,1.5105103023320106,0.07342589,0.005391361
2250,1,0,1.4774272,1.5201876,1.624584333048786,0.14715707,0.021655204
2251,1,0,1.579912,1.6242225,1.5273161933108417,0.052595735,0.0027663114
2252,1,0,1.4926422,1.5364506,1.4879594793727473,0.00468266,2.1927306e-05
2253,1,0,1.4569504,1.4978821,1.4692502741781523,0.012299895,0.00015128743
2254,1,0,1.4399083,1.4789684,1.3968497902311374,0.043058515,0.0018540357
2255,1,0,1.3735144,1.4024394,1.3645334451148885,0.008980989,8.0658174e-05
2256,1,0,1.3436558,1.3666589,1.3921819357009002,0.048526168,0.002354789
2257,1,0,1.36921,1.3973315,1.2833263424169954,0.08588362,0.0073759956
2258,1,0,1.2680342,1.2726576,1.204594585510471,0.06343961,0.004024584
2259,1,0,1.1939442,1.1763408,1.2429839070401545,0.04903972,0.0024048942
2260,1,0,1.2301629,1.2239144,1.2043020863059763,0.025860786,0.0006687803
2261,1,0,1.1936677,1.1759746,1.2524300349666482,0.05876243,0.0034530233
2262,1,0,1.2390482,1.2354443,1.337878740556501,0.09883046,0.00976746
2263,1,0,1.3189261,1.3364332,1.245839840607252,0.07308626,0.0053416016
2264,1,0,1.2328503,1.2274072,1.2484416321556684,0.015591264,0.0002430875
2265,1,0,1.2352979,1.2305839,1.0825366201264583,0.15276134,0.023336027
2266,1,0,1.0776684,1.01774,1.161015584969371,0.0833472,0.006946756
2267,1,0,1.152621,1.1209786,1.1340124809638,0.01860857,0.0003462789
2268,1,0,1.1269081,1.0859649,1.2674643406108177,0.14055634,0.019756084
2269,1,0,1.2531679,1.2536485,1.0669027918178575,0.18626511,0.03469469
2270,1,0,1.0626581,0.99663377,0.9611764018041886,0.101481676,0.010298531
2271,1,0,0.9606426,0.8490479,0.9022543136648687,0.058388233,0.0034091857
2272,1,0,0.90458083,0.7628226,0.8583922380113207,0.046188593,0.0021333862
2273,1,0,0.8627801,0.6965072,0.8090906009582395,0.05368948,0.0028825602
2274,1,0,0.8155463,0.61945677,0.8532834938229725,0.03773719,0.0014240956
2275,1,0,0.85789776,0.688653,0.9082985773461902,0.050400794,0.00254024
2276,1,0,0.9103248,0.7718127,0.8224585335127661,0.08786631,0.0077204877
2277,1,0,0.82837915,0.6406348,0.8113445676844151,0.01703459,0.00029017727
2278,1,0,0.81771135,0.623044,0.9280541563399808,0.1103428,0.012175534
2279,1,0,0.92906785,0.80095816,0.9299717602410618,0.00090390444,8.1704326e-07
2280,1,0,0.93088555,0.80376863,0.8129768930933285,0.11790866,0.013902451
2281,1,0,0.81927896,0.62563705,0.8859394835813812,0.06666052,0.0044436255
2282,1,0,0.88905764,0.7383828,0.8963230990306492,0.0072654486,5.278674e-05
2283,1,0,0.8989413,0.753968,0.8557887032196021,0.04315257,0.0018621443
2284,1,0,0.8602922,0.69250894,0.8359402469009596,0.024351954,0.00059301767
2285,1,0,0.84130144,0.66177297,0.7994985375210035,0.041802883,0.0017474811
2286,1,0,0.8063266,0.6041193,0.7830975547285624,0.023229063,0.0005395893
2287,1,0,0.79054,0.5776074,0.7401174636060088,0.05042249,0.0025424275
2288,1,0,0.7490413,0.50624967,0.5745123723101369,0.17452896,0.030460356
2289,1,0,0.58750844,0.16049814,0.5460288326904501,0.041479588,0.0017205562
2290,1,0,0.5594835,0.09392452,0.6001409561044526,0.0406574,0.0016530242
2291,1,0,0.61266637,0.21840715,0.580470282472815,0.032196105,0.0010365892
2292,1,0,0.59336185,0.17411995,0.7816451039497037,0.18828326,0.03545059
2293,1,0,0.78914046,0.57524157,0.8167783592079747,0.027637899,0.00076385343
2294,1,0,0.82292867,0.6316643,0.9329514460361774,0.11002278,0.012105013
2295,1,0,0.9337075,0.80812764,1.2046962912165309,0.27098882,0.07343494
2296,1,0,1.1940401,1.1764681,1.3796590750509128,0.185619,0.034454413
2297,1,0,1.3576481,1.3835261,1.4988736756724603,0.14122558,0.019944664
2298,1,0,1.4668701,1.5087454,1.6305773515892423,0.16370726,0.026800066
2299,1,0,1.5852439,1.6292598,1.573343904268348,0.011900067,0.0001416116
2300,1,0,1.534107,1.5793698,1.6424506234576293,0.1083436,0.011738336
2301,1,0,1.5957925,1.6391065,1.69383293379873,0.09804034,0.009611908
2302,1,0,1.6433852,1.6796439,1.6397330659651046,0.0036520958,1.33378035e-05
2303,1,0,1.5933802,1.6368692,1.561747698082972,0.031632543,0.0010006177
2304,1,0,1.5236886,1.568784,1.5492064002253565,0.025517821,0.0006511592
2305,1,0,1.5123994,1.5571644,1.4089052129931132,0.10349417,0.010711042
2306,1,0,1.3846185,1.4155381,1.4759609345287823,0.09134245,0.008343443
2307,1,0,1.446027,1.4857943,1.3827477596047806,0.06327927,0.004004266
2308,1,0,1.3605015,1.386944,1.453819413470327,0.09331787,0.008708225
2309,1,0,1.4258168,1.4630954,1.4644208896030908,0.03860414,0.0014902797
2310,1,0,1.4355013,1.4740274,1.4293959675027348,0.006105423,3.727619e-05
2311,1,0,1.4034479,1.4374812,1.328834404207336,0.07461345,0.0055671674
2312,1,0,1.3105142,1.3260357,1.416421127875655,0.10590696,0.011216285
2313,1,0,1.3915312,1.4236333,1.5405890485915852,0.14905787,0.022218248
2314,1,0,1.5046299,1.5490749,1.3016359078059394,0.20299399,0.04120656
2315,1,0,1.2851565,1.2943428,1.4230491972973742,0.13789272,0.019014403
2316,1,0,1.3976209,1.4307277,1.51067299090499,0.11305213,0.012780784
2317,1,0,1.4775746,1.5203459,1.3830886734281118,0.09448588,0.008927581
2318,1,0,1.3608167,1.3873217,1.136124957858638,0.22469175,0.050486382
2319,1,0,1.1289227,1.0887244,1.0849273413932337,0.04399538,0.0019355936
2320,1,0,1.079962,1.020952,1.2149312490304216,0.13496923,0.018216694
2321,1,0,1.2037132,1.1892631,1.100193706617095,0.10351944,0.010716274
2322,1,0,1.0945909,1.0413606,1.219370280227166,0.12477934,0.015569884
2323,1,0,1.207905,1.1947854,1.1311562097292565,0.07674885,0.0058903857
2324,1,0,1.1241829,1.0822308,1.1031834058363177,0.02099955,0.00044098112
2325,1,0,1.0974529,1.045337,1.1668601874396356,0.069407344,0.004817379
2326,1,0,1.1581757,1.1284859,1.105399164070883,0.052776575,0.002785367
2327,1,0,1.0995734,1.048281,1.209352712789531,0.10977936,0.012051508
2328,1,0,1.1984422,1.1822989,1.1961583524178132,0.0022838116,5.215795e-06
2329,1,0,1.1859615,1.165734,1.0700050901336131,0.115956426,0.013445892
2330,1,0,1.0656383,1.0008366,0.9699789275646258,0.095659375,0.0091507165
2331,1,0,0.96904826,0.8616724,0.823280042666187,0.14576823,0.021248376
2332,1,0,0.8291671,0.64192986,0.8621708567752293,0.033003747,0.0010892473
2333,1,0,0.86639,0.70229864,0.9791318244074776,0.11274183,0.012710719
2334,1,0,0.9779179,0.8747301,1.0397209256187767,0.061802983,0.0038196088
2335,1,0,1.0364983,0.9595072,1.026030497317985,0.010467768,0.00010957416
2336,1,0,1.0232937,0.94060016,1.017736433443624,0.0055572987,3.088357e-05
2337,1,0,1.0152853,0.929075,0.9023248124687576,0.11296046,0.012760065
2338,1,0,0.9046478,0.7629285,0.920830509144031,0.016182661,0.0002618785
2339,1,0,0.9222195,0.79034233,0.8749927420506602,0.047226787,0.0022303695
2340,1,0,0.8786254,0.7218373,0.918187756644364,0.039562345,0.0015651791
2341,1,0,0.9197128,0.7864466,0.8103971974816555,0.109315574,0.011949895
2342,1,0,0.8168011,0.62153673,0.9214873651941836,0.10468632,0.010959226
2343,1,0,0.92284274,0.7913101,0.9700942702563472,0.047251523,0.0022327064
2344,1,0,0.9691584,0.8618367,0.9429375487621808,0.026220858,0.0006875334
2345,1,0,0.94320226,0.82268524,0.8850862783955118,0.05811596,0.0033774646
2346,1,0,0.88824534,0.7370987,0.9329550655763792,0.044709742,0.001998961
2347,1,0,0.9337113,0.80813336,0.8850491015976258,0.048662186,0.0023680083
2348,1,0,0.88821006,0.7370415,0.6964815980743166,0.19172847,0.03675981
2349,1,0,0.7067232,0.42190766,0.7134498588289282,0.0067266226,4.5247452e-05
2350,1,0,0.72320104,0.45573068,0.5760131039103342,0.14718795,0.021664292
2351,1,0,0.5889833,0.16393924,0.6410246813659697,0.05204141,0.0027083084
2352,1,0,0.65268254,0.3073101,0.655714021408758,0.0030314922,9.189946e-06
2353,1,0,0.6670246,0.3383,0.7366010837680554,0.06957644,0.004840881
2354,1,0,0.74563813,0.5002794,0.7279042215242826,0.017733932,0.00031449232
2355,1,0,0.7372153,0.4841137,0.9302585707521112,0.19304329,0.037265714
2356,1,0,0.9311569,0.8041873,1.0263952938769774,0.09523845,0.009070362
2357,1,0,1.0236466,0.9411056,0.9701573554026246,0.05348921,0.0028610954
2358,1,0,0.969218,0.8619268,1.0407037611507284,0.07148576,0.0051102135
2359,1,0,1.0374448,0.96086,1.066121474603397,0.028676629,0.00082234904
2360,1,0,1.0619066,0.99557424,1.0490158077640932,0.012890816,0.00016617314
2361,1,0,1.0454519,0.9722655,1.0590687961467693,0.0136169195,0.0001854205
2362,1,0,1.0551264,0.98599124,1.070145921131585,0.015019536,0.00022558647
2363,1,0,1.0657732,1.0010264,0.8068412009149033,0.25893205,0.06704581
2364,1,0,0.8133843,0.6158705,0.8192035393339374,0.005819261,3.38638e-05
2365,1,0,0.82525635,0.635499,0.7021755408838319,0.12308079,0.015148881
2366,1,0,0.7122557,0.4333191,0.9162815956245028,0.20402586,0.041626554
2367,1,0,0.91790366,0.783633,0.876660868762956,0.04124278,0.0017009667
2368,1,0,0.8802161,0.7243657,0.7396375067295771,0.14057863,0.01976235
2369,1,0,0.74857664,0.5054362,0.6807284991564351,0.067848146,0.004603371
2370,1,0,0.6914017,0.39000297,0.6386585372634777,0.052743196,0.0027818447
2371,1,0,0.6503706,0.30227375,0.8908682967764263,0.24049771,0.057839148
2372,1,0,0.8937509,0.74579406,0.7418350681658596,0.15191585,0.023078425
2373,1,0,0.75070333,0.5091584,0.7058913244972285,0.044812024,0.0020081175
2374,1,0,0.7158642,0.44073224,0.7264720265276305,0.010607839,0.00011252624
2375,1,0,0.7358284,0.48131824,0.6190873081613124,0.11674112,0.013628489
2376,1,0,0.6312287,0.2601111,0.4743640920739493,0.15686458,0.024606498
2377,1,0,0.4886911,-0.0788672,0.6395920309639505,0.15090096,0.0227711
2378,1,0,0.651283,0.30426145,0.8012760059054598,0.149993,0.022497902
2379,1,0,0.8080356,0.6069703,0.8357106370126948,0.027675033,0.0007659074
2380,1,0,0.84108186,0.66141415,0.8557603247870551,0.014678478,0.00021545772
2381,1,0,0.860265,0.6924646,0.8442784981284066,0.015986502,0.00025556824
2382,1,0,0.84928465,0.6747389,0.8780843882435603,0.028799713,0.0008294234
2383,1,0,0.88157296,0.72652245,0.9505272418928316,0.06895429,0.004754694
2384,1,0,0.95046306,0.8336892,0.9372464889808758,0.013216555,0.00017467733
2385,1,0,0.93777394,0.814399,0.944869409102354,0.007095456,5.0345498e-05
2386,1,0,0.9450505,0.82549,0.990353414709824,0.045302927,0.0020523553
2387,1,0,0.98879504,0.8906486,1.050936110484916,0.06214106,0.0038615114
2388,1,0,1.047301,0.9748938,1.0279179322528162,0.019383073,0.0003757035
2389,1,0,1.0251153,0.94321513,1.0307857652526375,0.0056705475,3.215511e-05
2390,1,0,1.0278823,0.9471834,0.9813917227190774,0.04649061,0.0021613769
2391,1,0,0.98010945,0.87794447,0.9692853123038394,0.010824144,0.00011716209
2392,1,0,0.96838593,0.86067915,0.8685095933277331,0.099876344,0.009975284
2393,1,0,0.8724408,0.7119794,0.7841487313539091,0.08829206,0.0077954885
2394,1,0,0.79155254,0.5793183,0.907463728252056,0.115911186,0.013435403
2395,1,0,0.90953183,0.7705734,0.7745455240028147,0.13498628,0.018221296
2396,1,0,0.7822976,0.56363297,0.8543707060855543,0.0720731,0.005194532
2397,1,0,0.858937,0.6903274,0.6958173914289754,0.16311961,0.026608009
2398,1,0,0.7060776,0.42057204,0.7689978268545099,0.06292027,0.0039589605
2399,1,0,0.776947,0.5545113,0.7392018159761942,0.037745178,0.0014246984
2400,1,0,0.7481549,0.50469756,0.7970561797737887,0.04890132,0.002391339
2401,1,0,0.803977,0.60019445,0.9100941416592828,0.10611713,0.011260845
2402,1,0,0.91203,0.77447605,0.9336265344285636,0.021596551,0.000466411
2403,1,0,0.9343469,0.8091142,0.9171218788488812,0.017225027,0.00029670156
2404,1,0,0.9187014,0.78487396,1.0005276901840348,0.08182633,0.006695548
2405,1,0,0.998646,0.9049947,1.0149593208724812,0.016313314,0.00026612423
2406,1,0,1.0126021,0.9252045,1.1166646389899877,0.10406256,0.010829016
2407,1,0,1.1103461,1.0631897,0.9133394923251132,0.19700658,0.038811594
2408,1,0,0.9151113,0.7792833,1.0321339987065277,0.11702275,0.0136943245
2409,1,0,1.0291836,0.94904685,1.0029280932493854,0.026255488,0.00068935065
2410,1,0,1.0009687,0.90836716,0.981648133006472,0.019320548,0.00037328355
2411,1,0,0.9803574,0.878309,1.067517704843307,0.08716035,0.0075969263
2412,1,0,1.0632484,0.9974673,1.1154631483611772,0.05221474,0.0027263793
2413,1,0,1.1091979,1.0616052,1.193822893321427,0.084625006,0.0071613914
2414,1,0,1.1837504,1.1627896,1.2159713813523374,0.03222096,0.0010381902
2415,1,0,1.2046959,1.1905582,1.1955837113575734,0.009112239,8.30329e-05
2416,1,0,1.1854174,1.1650112,1.2443183369373505,0.058900952,0.003469322
2417,1,0,1.2314184,1.2255471,1.1768743025727662,0.05454409,0.0029750578
2418,1,0,1.1676838,1.1412895,1.3273367679891943,0.15965295,0.025489064
2419,1,0,1.3091209,1.3243077,1.2175530256880172,0.091567874,0.008384676
2420,1,0,1.2061894,1.1925261,1.2147844062901512,0.00859499,7.387385e-05
2421,1,0,1.2035749,1.189079,1.290243555898552,0.08666861,0.007511448
2422,1,0,1.2745073,1.2808836,1.2659913533565563,0.008515954,7.252147e-05
2423,1,0,1.251785,1.2518733,1.1904118538385895,0.061373234,0.0037666738
2424,1,0,1.1805198,1.1584804,1.3094385729863125,0.12891877,0.01662005
2425,1,0,1.2924407,1.3034976,1.3876380906507948,0.09519744,0.009062553
2426,1,0,1.3650172,1.3923385,1.2667774696337823,0.09823966,0.00965103
2427,1,0,1.2525227,1.2528207,1.1689918221118254,0.0835309,0.006977412
2428,1,0,1.1602008,1.1312177,1.1802693088075968,0.020068526,0.00040274573
2429,1,0,1.1709049,1.1456134,1.0900249322058193,0.08087993,0.0065415627
2430,1,0,1.0848491,1.0277855,1.1196893456696595,0.034840226,0.0012138414
2431,1,0,1.1132367,1.067178,1.2044777531717643,0.09124112,0.008324943
2432,1,0,1.1938341,1.176194,1.2507401933176534,0.056906104,0.0032383048
2433,1,0,1.237459,1.2333868,1.2605914709335404,0.023132563,0.0005351155
2434,1,0,1.2467158,1.2453496,1.2786695952953375,0.03195381,0.0010210461
2435,1,0,1.2636726,1.2670977,1.3536799238737207,0.090007305,0.008101315
2436,1,0,1.333597,1.3544276,1.378083690479182,0.04448676,0.0019790719
2437,1,0,1.3561914,1.381779,1.4264987476335524,0.070307374,0.004943127
2438,1,0,1.4007885,1.4344027,1.2935396151004697,0.1072489,0.011502327
2439,1,0,1.27759,1.2847884,1.2535030363996165,0.024086952,0.00058018125
2440,1,0,1.2400563,1.2367489,1.3439728395452204,0.103916526,0.010798644
2441,1,0,1.3245881,1.3433998,1.251406243176692,0.07318187,0.005355586
2442,1,0,1.2380855,1.2341979,1.2200221042989372,0.018063426,0.00032628735
2443,1,0,1.2085202,1.195595,1.2541778292686847,0.045657635,0.0020846196
2444,1,0,1.2406905,1.2375696,1.13132946941669,0.10936105,0.01195984
2445,1,0,1.1243489,1.0824578,1.1202833605782296,0.0040655136,1.65284e-05
2446,1,0,1.1138041,1.0679581,1.2084727466291132,0.09466863,0.008962149
2447,1,0,1.1976106,1.1811993,1.2620094772856958,0.064398885,0.004147216
2448,1,0,1.2480476,1.2470634,1.2122590480694415,0.035788536,0.0012808193
2449,1,0,1.2011893,1.1859295,1.1747112300751916,0.026478052,0.00070108724
2450,1,0,1.165631,1.1385305,1.173284547956989,0.007653475,5.8575675e-05
2451,1,0,1.1642768,1.136709,1.2930443105972604,0.12876749,0.016581066
2452,1,0,1.2771275,1.2842014,1.1865949770378372,0.09053254,0.008196141
2453,1,0,1.176903,1.1536467,1.3440518498822658,0.16714883,0.027938731
2454,1,1,1.324661,1.3434894,-1.230505080130405,2.5551662,6.5288744
2455,1,1,-0.676425,-0.6830518,1.0755438001313975,1.7519687,3.0693946
2456,1,1,1.0709574,1.008322,-0.8730352979389617,1.9439927,3.7791078
2457,1,1,-0.4306612,-0.2302258,0.8445033751833355,1.2751646,1.6260448
2458,1,1,0.8495004,0.6750877,-0.7025857462260268,1.5520861,2.4089713
2459,1,1,-0.3204763,0.057679176,0.8642962555774836,1.1847725,1.4036858
2460,1,1,0.8684199,0.70554996,-0.7125319531958101,1.5809518,2.4994087
2461,1,1,-0.32655406,0.04065299,0.4819342271901474,0.80848825,0.65365326
2462,1,1,0.4961872,-0.069042444,-0.3185623121624661,0.8147495,0.6638167
2463,1,1,-0.08318114,0.23162699,0.2308000551003819,0.3139812,0.0985842
2464,1,1,0.26316333,-0.14892483,-0.2896658656519548,0.5528292,0.30562013
2465,1,1,-0.06513739,0.21917343,0.2745705999980541,0.339708,0.11540153
2466,1,1,0.2909906,-0.14686322,-0.2846985246212661,0.5756891,0.33141792
2467,1,1,-0.06203389,0.21667838,0.3759091310030209,0.437943,0.19179408
2468,1,1,0.3908291,-0.13847661,-0.2584367720454454,0.6492659,0.4215462
2469,1,1,-0.04561186,0.20184231,0.337473786623518,0.38308564,0.14675461
2470,1,1,0.35245395,-0.14595938,-0.21823634182318,0.5706903,0.32568738
2471,1,1,-0.020438194,0.1741867,0.1770885404943398,0.19752674,0.039016813
2472,1,1,0.22905064,-0.12811208,-0.3183035105909875,0.54735416,0.29959658
2473,1,1,-0.083019495,0.2315309,0.2059070361962298,0.28892654,0.08347855
2474,1,1,0.24734783,-0.14446902,-0.303337606941283,0.5506854,0.30325443
2475,1,1,-0.07367778,0.22550917,0.1652947710887469,0.23897254,0.057107877
2476,1,1,0.22156549,-0.12125993,-0.0436784498061051,0.26524395,0.07035435
2477,1,1,0.0893302,0.017331362,0.0745197848212528,0.014810413,0.00021934834
2478,1,1,0.16402864,-0.06509328,-0.0479472173015258,0.21197586,0.044933762
2479,1,1,0.0866375,0.020481586,-0.1594631486684283,0.24610065,0.06056553
2480,1,1,0.016440153,0.12502027,0.1589407616093079,0.14250061,0.020306423
2481,1,1,0.21753359,-0.1175282,-0.244902480321187,0.46243608,0.21384713
2482,1,1,-0.037141085,0.1931653,0.3359030731134158,0.37304416,0.13916194
2483,1,1,0.35088372,-0.14605045,-0.0999396085215451,0.45082334,0.20324168
2484,1,1,0.053874254,0.06857896,0.0879466468603809,0.03407239,0.0011609279
2485,1,1,0.17252994,-0.07380009,-0.0137928182041644,0.18632275,0.034716167
2486,1,1,0.10819125,-0.004420519,0.0787760975934745,0.029415153,0.00086525123
2487,1,1,0.16672277,-0.06786847,-0.0557362385480497,0.22245902,0.049488015
2488,1,1,0.0817256,0.02625513,0.0330336953327354,0.048691902,0.0023709014
2489,1,1,0.13777971,-0.03730893,0.0349139498749986,0.10286576,0.010581365
2490,1,1,0.13896847,-0.03859687,-0.1292460187325899,0.26821446,0.071939
2491,1,1,0.03543353,0.09689617,0.2217144672522621,0.18628094,0.034700587
2492,1,1,0.25739026,-0.14825058,-0.1937760487023934,0.4511663,0.20355104
2493,1,1,-0.005100727,0.15481067,0.1045209642956144,0.10962169,0.012016915
2494,1,1,0.18302917,-0.084353924,-0.078152505938251,0.26118168,0.06821587
2495,1,1,0.067596436,0.04723668,0.232613449584357,0.16501701,0.027230613
2496,1,1,0.2643156,-0.1490159,-0.2552478386152526,0.51956344,0.26994616
2497,1,1,-0.043616533,0.19985914,0.2117494557312524,0.25536597,0.06521178
2498,1,1,0.25105953,-0.14707637,-0.3195997841427838,0.5706593,0.325652
2499,1,1,-0.08382845,0.23200703,0.4576019991068838,0.5414305,0.29314697
2500,1,1,0.47207665,-0.0931232,-0.5582512109082889,1.0303278,1.0615754
2501,1,1,-0.23187327,0.19710994,0.4476901322358668,0.6795634,0.46180642
2502,1,1,0.46224284,-0.10000944,-0.4497470703817345,0.9119899,0.83172566
2503,1,1,-0.16478729,0.24182534,0.3895366748389057,0.554324,0.30727506
2504,1,1,0.40441298,-0.13343763,-0.2831719247444026,0.6875849,0.47277296
2505,1,1,-0.06107974,0.21589136,0.1259362675278557,0.18701601,0.03497499
2506,1,1,0.19660187,-0.0976758,-0.287470126597082,0.484072,0.2343257
2507,1,1,-0.063765764,0.21808314,0.2916093823901242,0.35537514,0.12629148
2508,1,1,0.30654788,-0.14368057,-0.3915746150325976,0.6981225,0.48737502
2509,1,1,-0.12866426,0.24670792,0.2255303047259906,0.35419458,0.1254538
2510,1,1,0.2598145,-0.14858079,-0.0553018854322266,0.31511638,0.09929833
2511,1,1,0.0819993,0.025932789,-0.0318005132850158,0.11379981,0.012950397
2512,1,1,0.09682417,0.008621216,0.1427836829953488,0.045959517,0.0021122773
2513,1,1,0.20728397,-0.10790992,0.0895840719488112,0.1176999,0.013853266
2514,1,1,0.17356777,-0.07485223,-0.0767841297403566,0.2503519,0.06267608
2515,1,1,0.068458796,0.045894384,0.0351153430014585,0.033343453,0.0011117859
2516,1,1,0.1390965,-0.03873372,-0.0193209213519467,0.15841742,0.02509608
2517,1,1,0.10470128,-0.0004386902,0.0009451949988115,0.103756085,0.010765325
2518,1,1,0.11749911,-0.014937162,-0.0382918575457993,0.15579097,0.024270827
2519,1,1,0.09272838,0.013370752,-0.0656934387920413,0.15842181,0.02509747
2520,1,1,0.075448036,0.03503394,-0.0326800101604018,0.10812804,0.011691674
2521,1,1,0.09626889,0.009263039,0.1178895116779714,0.021620616,0.00046745106
2522,1,1,0.19150138,-0.09271169,-0.0316773864909971,0.22317877,0.049808767
2523,1,1,0.09690213,0.008531809,0.0009919936113247,0.09591014,0.009198755
2524,1,1,0.11752868,-0.014970064,0.1207678500486322,0.0032391697,1.049222e-05
2525,1,1,0.19332552,-0.0944922,-0.1779760344266487,0.37130153,0.13786483
2526,1,1,0.004814625,0.14143085,0.1041392075255736,0.099324584,0.009865373
2527,1,1,0.18278742,-0.08411312,-0.0137493928536458,0.19653681,0.038626716
2528,1,1,0.10821867,-0.0044515133,0.0910987453070828,0.017119922,0.00029309173
2529,1,1,0.17452693,-0.07582331,-0.0122041594234096,0.18673109,0.034868497
2530,1,1,0.10919452,-0.005560875,-0.017168278803616,0.1263628,0.015967557
2531,1,1,0.10606003,-0.001991272,0.0863344902472218,0.019725539,0.00038909688
2532,1,1,0.17150927,-0.07276201,0.0069248088023834,0.16458446,0.027088044
2533,1,1,0.121277094,-0.019161224,0.0886652994929075,0.032611795,0.0010635292
2534,1,1,0.17298555,-0.07426262,-0.1898836385619877,0.3628692,0.13167405
2535,1,1,-0.0026586056,0.15157318,0.219294457262106,0.22195306,0.049263164
2536,1,1,0.25585246,-0.14800763,-0.145859743529698,0.4017122,0.1613727
2537,1,1,0.024987936,0.11253667,0.088891980364147,0.06390405,0.004083727
2538,1,1,0.17312908,-0.07440758,-0.1032905957491117,0.27641967,0.076407835
2539,1,1,0.051765203,0.07184839,0.268516129665691,0.21675092,0.046980962
2540,1,1,0.28714013,-0.14767337,-0.3617521963672421,0.6488923,0.4210612
2541,1,1,-0.110105515,0.24343085,0.0741551496052213,0.18426067,0.033951994
2542,1,1,0.16379786,-0.06485438,0.1454204002732821,0.018377453,0.00033773077
2543,1,1,0.20895696,-0.1094923,-0.1275676724426322,0.33652464,0.11324883
2544,1,1,0.03648901,0.095295906,0.1846140076770335,0.148125,0.021941014
2545,1,1,0.23382711,-0.13243508,-0.286696825527486,0.5205239,0.27094513
2546,1,1,-0.06328273,0.21769428,0.2158100076743361,0.27909273,0.07789275
2547,1,1,0.25363898,-0.14761019,-0.0220449079645592,0.27568388,0.0760016
2548,1,1,0.10298157,0.0015308857,-0.0455220572034149,0.14850363,0.02205333
2549,1,1,0.08816695,0.018690825,-0.1506101423591848,0.2387771,0.057014503
2550,1,1,0.022002697,0.116931915,0.0659139741690979,0.04391128,0.0019282004
2551,1,1,0.15858102,-0.059438705,-0.0438094356897549,0.20239046,0.0409619
2552,1,1,0.0892477,0.017427683,0.0392413842436072,0.05000632,0.0025006318
2553,1,1,0.14170551,-0.041549444,0.0498945857538672,0.09181093,0.008429246
2554,1,1,0.14844418,-0.048759937,-0.0432274727051948,0.19167164,0.036738016
2555,1,1,0.08961439,0.016998768,-0.0400060974606519,0.12962049,0.016801473
2556,1,1,0.09164691,0.014629841,0.1636614246334162,0.07201451,0.00518609
2557,1,1,0.22052908,-0.12030363,-0.1486009425244745,0.36913002,0.13625696
2558,1,1,0.023265123,0.115077496,0.2031398483659567,0.17987472,0.032354914
2559,1,1,0.24559069,-0.14292169,-0.0840539292313176,0.32964462,0.10866558
2560,1,1,0.063878536,0.053024054,0.0235572516875439,0.040321283,0.0016258059
2561,1,1,0.13178873,-0.030778646,-0.1245032310418103,0.25629196,0.06568557
2562,1,1,0.038416147,0.09236646,0.0842961929945249,0.04588005,0.002104979
2563,1,1,0.17021823,-0.071447134,0.0036395311069332,0.1665787,0.027748462
2564,1,1,0.11920166,-0.016843319,0.1079300093582191,0.011271648,0.00012705005
2565,1,1,0.18518925,-0.0864985,0.0705230170055868,0.11466623,0.013148344
2566,1,1,0.16149831,-0.062473774,0.0141992433873454,0.14729907,0.021697015
2567,1,1,0.12587357,-0.024267673,0.1823332997126061,0.05645974,0.0031877023
2568,1,1,0.23237944,-0.13112831,-0.221156421055944,0.45353585,0.20569476
2569,1,1,-0.022268057,0.17637944,0.2086609510523209,0.230929,0.053328205
2570,1,1,0.24909759,-0.14600492,-0.2393025727361948,0.48840016,0.23853472
2571,1,1,-0.033635378,0.18938112,0.3275771113620194,0.3612125,0.13047446
2572,1,1,0.34255862,-0.14625096,-0.1400323423527427,0.48259097,0.23289405
2573,1,1,0.028651237,0.10709381,0.0328260233176682,0.0041747876,1.742885e-05
2574,1,1,0.13764858,-0.03716612,0.1025952090543063,0.035053372,0.0012287389
2575,1,1,0.18180943,-0.08313894,-0.1227944948717953,0.30460393,0.092783555
2576,1,1,0.03949094,0.090729,0.0357025627397749,0.0037883744,1.435178e-05
2577,1,1,0.13946724,-0.039135456,-0.0120382953725783,0.15150553,0.022953926
2578,1,1,0.109298944,-0.005679369,-0.0140233002459808,0.12332225,0.015208377
2579,1,1,0.10804558,-0.0042541027,-0.0360622065040616,0.14410779,0.020767055
2580,1,1,0.094135046,0.011736631,0.1164862335423349,0.02235119,0.0004995757
2581,1,1,0.1906116,-0.09184003,0.1725669732044874,0.01804462,0.00032560833
2582,1,1,0.22618055,-0.12549567,-0.2135172485200294,0.4396978,0.19333416
2583,1,1,-0.017480135,0.17058635,0.3443093625191848,0.3617895,0.13089164
2584,1,1,0.3592856,-0.14536452,-0.4125383960484972,0.771824,0.5957123
2585,1,1,-0.1416943,0.24663854,0.1962371499088444,0.33793145,0.11419767
2586,1,1,0.24120712,-0.1390388,-0.0958936492460251,0.33710077,0.11363693
2587,1,1,0.056421757,0.06462431,0.0848217593532267,0.028400004,0.0008065602
2588,1,1,0.17055178,-0.071786165,-0.0236913604059094,0.19424313,0.037730396
2589,1,1,0.10194206,0.002723217,0.0148997018936811,0.08704236,0.0075763725
2590,1,1,0.12631655,-0.02475667,-0.0629617581253638,0.1892783,0.035826277
2591,1,1,0.07717013,0.032364845,0.0683197677768214,0.008850366,7.832898e-05
2592,1,1,0.16010356,-0.061024904,-0.2564175562133117,0.4165211,0.17348982
2593,1,1,-0.04434848,0.20059133,0.1393648507131262,0.18371333,0.03375059
2594,1,1,0.20511627,-0.10584974,-0.2093225236506959,0.41443878,0.1717595
2595,1,1,-0.014850616,0.16732907,0.2065141955986793,0.22136481,0.04900238
2596,1,1,0.24773383,-0.14480853,-0.2777486890644982,0.52548254,0.2761319
2597,1,1,-0.057689905,0.21301818,0.3084341426881489,0.36612403,0.13404681
2598,1,1,0.3234017,-0.14489174,-0.3421652283210625,0.6655669,0.44297934
2599,1,1,-0.09790182,0.23910737,0.154551787320528,0.25245363,0.06373283
2600,1,1,0.2147491,-0.11493468,-0.3357078240796376,0.5504569,0.30300277
2601,1,1,-0.093875885,0.23730588,0.4087448812202634,0.50262076,0.2526276
2602,1,1,0.42353964,-0.12426734,-0.2683382326608439,0.69187784,0.47869495
2603,1,1,-0.051805973,0.20775437,0.4469184844090899,0.49872446,0.24872608
2604,1,1,0.46147728,-0.10049677,-0.4874622369489878,0.9489395,0.9004862
2605,1,1,-0.1881504,0.23114038,0.4646746307162224,0.652825,0.42618048
2606,1,1,0.47908926,-0.08750415,-0.3721847948399857,0.851274,0.72466743
2607,1,1,-0.11660075,0.24503112,0.3871796049570273,0.50378036,0.25379467
2608,1,1,0.40206409,-0.13439631,-0.5132031836966897,0.9152673,0.8377142
2609,1,1,-0.2040689,0.22074223,0.603277355770107,0.8073463,0.651808
2610,1,1,0.615741,0.22537327,-0.7538331297391196,1.3695741,1.8757331
2611,1,1,-0.35174847,-0.03059864,0.7942913430783181,1.1460397,1.3134071
2612,1,1,0.8013172,0.59574246,-0.6676071752458523,1.4689244,2.157739
2613,1,1,-0.29907417,0.1164639,0.5854524279663273,0.8845266,0.7823873
2614,1,1,0.5982542,0.18543744,-0.4394976468902785,1.0377519,1.0769291
2615,1,1,-0.15843058,0.2437365,0.3953749929142169,0.5538056,0.30670062
2616,1,1,0.4102292,-0.13090396,-0.2047163575458883,0.61494553,0.378158
2617,1,1,-0.011962414,0.16369128,0.3261689937130003,0.3381314,0.11433284
2618,1,1,0.34115005,-0.14623809,-0.1701623015837641,0.51131237,0.26144034
2619,1,1,0.009720802,0.13459253,0.305322861929485,0.29560205,0.08738057
2620,1,1,0.32028627,-0.1444304,-0.3142740258275585,0.6345603,0.40266675
2621,1,1,-0.080504894,0.23000503,0.2167691203747876,0.297274,0.08837183
2622,1,1,0.2542479,-0.1477251,-0.0208545858325197,0.2751025,0.07568138
2623,1,1,0.103732824,0.0006699562,-0.0505603980969366,0.15429322,0.023806399
2624,1,1,0.08498931,0.022414923,-0.1368967142877055,0.22188602,0.049233407
2625,1,1,0.030622005,0.104146,0.1590104770635121,0.12838846,0.016483597
2626,1,1,0.2175777,-0.11756992,-0.1137115671467925,0.33128926,0.10975257
2627,1,1,0.04520607,0.08197403,0.2250567438481607,0.17985067,0.032346264
2628,1,1,0.25951385,-0.14854264,-0.1156130234340837,0.37512687,0.14072017
2629,1,1,0.044009447,0.083812475,0.1574675128022957,0.11345807,0.012872733
2630,1,1,0.21659851,-0.116659164,-0.1883368493264092,0.40493536,0.16397265
2631,1,1,-0.0016880035,0.15027499,0.0617971917849371,0.06348519,0.004030369
2632,1,1,0.15597534,-0.056713343,-0.0391372904951565,0.19511263,0.03806894
2633,1,1,0.092195034,0.013991594,0.0261505285450649,0.06604451,0.004361877
2634,1,1,0.13342762,-0.032572746,-0.0946575709786436,0.22808519,0.052022856
2635,1,1,0.057199955,0.06341529,0.0945992398458077,0.037399285,0.0013987065
2636,1,1,0.17674398,-0.07806182,0.0714807193656272,0.10526326,0.011080354
2637,1,1,0.1621046,-0.06310272,-0.2919410422387449,0.45404565,0.20615746
2638,1,1,-0.066559315,0.22028112,0.2546268553506428,0.32118618,0.10316057
2639,1,1,0.27830863,-0.14889622,-0.3631151992505446,0.6414238,0.41142452
2640,1,1,-0.110954046,0.24366832,0.3279858093323216,0.43893987,0.19266821
2641,1,1,0.34296727,-0.1462524,-0.2916069029848227,0.6345742,0.4026844
2642,1,1,-0.06635046,0.22012043,0.1387683879980978,0.20511885,0.04207374
2643,1,1,0.20473814,-0.10548973,-0.0560377395175528,0.26077586,0.06800405
2644,1,1,0.08153558,0.026479483,-0.1373471095163401,0.21888268,0.04790963
2645,1,1,0.030339003,0.104570866,0.2525282443921752,0.22218925,0.04936806
2646,1,1,0.27697396,-0.14900303,-0.0658981868334001,0.34287214,0.1175613
2647,1,1,0.07531881,0.035233974,0.2104943288138923,0.13517551,0.018272419
2648,1,1,0.25026202,-0.14689684,0.0554915877641031,0.19477043,0.037935518
2649,1,1,0.15198517,-0.052513838,0.0054934755926279,0.14649169,0.021459816
2650,1,1,0.120372534,-0.018152475,0.0135496380160509,0.10682289,0.01141113
2651,1,1,0.12546325,-0.023812532,0.0287907543565424,0.09667249,0.009345571
2652,1,1,0.13509727,-0.03439331,-0.1578514972542977,0.29294878,0.08581899
2653,1,1,0.017452717,0.12355876,0.029901599186402,0.012448883,0.00015497468
2654,1,1,0.13579988,-0.035158157,0.1139491867817703,0.021850698,0.000477453
2655,1,1,0.1890037,-0.09026241,-0.0417679138304736,0.23077162,0.05325554
2656,1,1,0.0905354,0.015925169,0.0450647480942674,0.045470655,0.0020675804
2657,1,1,0.14538908,-0.04550147,0.0797070140698705,0.06568207,0.004314134
2658,1,1,0.16731262,-0.068474054,0.0102299200842699,0.1570827,0.024674976
2659,1,1,0.1233654,-0.021485806,0.0635729285802573,0.059792474,0.00357514
2660,1,1,0.15709972,-0.057890654,-0.111274974538023,0.26837468,0.07202497
2661,1,1,0.0467391,0.07961321,0.143205405353425,0.0964663,0.009305747
2662,1,1,0.20755267,-0.10816407,-0.1418907904765221,0.34944347,0.12211073
2663,1,1,0.027482986,0.10883546,0.2267080033363142,0.19922502,0.03969061
2664,1,1,0.26056314,-0.14866877,-0.2976978590301735,0.55826104,0.31165537
2665,1,1,-0.070155144,0.22299004,0.3147230259607134,0.38487816,0.14813119
2666,1,1,0.32969737,-0.14561844,-0.3379689400808341,0.6676663,0.4457783
2667,1,1,-0.09528613,0.2379582,0.1513897229153045,0.24667585,0.060848974
2668,1,1,0.21274352,-0.11305642,-0.1847159424267164,0.39745945,0.15797402
2669,1,1,0.00058436394,0.14721394,0.3228694548443438,0.3222851,0.10386768
2670,1,1,0.33784914,-0.14615178,-0.3837672326181338,0.7216164,0.5207302
2671,1,1,-0.12380791,0.24623442,0.4338423701151934,0.55765027,0.31097382
2672,1,1,0.44849324,-0.10873151,-0.3944487941005263,0.842942,0.7105512
2673,1,1,-0.13045144,0.24681354,0.3493245236668598,0.47977597,0.23018497
2674,1,1,0.36429524,-0.14472389,-0.2736579422792844,0.63795316,0.40698424
2675,1,1,-0.055131912,0.21077299,0.2408154227447299,0.2959473,0.087584816
2676,1,1,0.26952863,-0.1492312,-0.3573031740190493,0.62683177,0.39291808
2677,1,1,-0.107334375,0.2426002,0.3506125219077782,0.4579469,0.20971537
2678,1,1,0.36558223,-0.14453173,-0.3113904810965255,0.67697275,0.4582921
2679,1,1,-0.07870531,0.2288692,0.4204699500342421,0.49917525,0.24917594
2680,1,1,0.43520284,-0.11750269,-0.6199091480473626,1.055112,1.1132613
2681,1,1,-0.26981568,0.1552999,0.5427897223765696,0.8126054,0.6603275
2682,1,1,0.55629253,0.086194515,-0.5356636771298624,1.0919561,1.1923681
2683,1,1,-0.21794057,0.20977616,0.5294541440882741,0.74739474,0.5585989
2684,1,1,0.5431459,0.05400753,-0.6178558827124028,1.1610018,1.3479252
2685,1,1,-0.26855493,0.15684223,0.4693263902726419,0.7378813,0.5444688
2686,1,1,0.4836998,-0.08349061,-0.5460368968283862,1.0297368,1.0603578
2687,1,1,-0.22434115,0.20415497,0.2208842338753784,0.4452254,0.19822565
2688,1,1,0.25686264,-0.14817023,-0.3512000740347787,0.60806274,0.3697403
2689,1,1,-0.103532314,0.24131584,0.2323953199308577,0.33592764,0.11284737
2690,1,1,0.26417685,-0.14900494,-0.1684094378017366,0.43258628,0.1871309
2691,1,1,0.0108213425,0.13304138,0.247928596516938,0.23710725,0.056219846
2692,1,1,0.27405,-0.14916801,-0.3166318398912398,0.59068185,0.34890506
2693,1,1,-0.081976414,0.23090672,0.4206760176340562,0.5026524,0.25265944
2694,1,1,0.4354074,-0.11737609,-0.4433824429265329,0.87878984,0.7722716
2695,1,1,-0.16084027,0.24306393,0.1715535261070275,0.3323938,0.110485636
2696,1,1,0.22553754,-0.12490821,-0.094883821357695,0.32042137,0.10266985
2697,1,1,0.057057858,0.063635826,-0.0772720667316586,0.13432992,0.018044526
2698,1,1,0.068151,0.046372652,0.0988709306247694,0.030719936,0.00094371446
2699,1,1,0.17945027,-0.08078003,-0.1378673925800968,0.31731766,0.1006905
2700,1,1,0.03001213,0.1050601,0.1263441546419779,0.09633203,0.009279859
2701,1,1,0.19686031,-0.097925186,-0.0966646655463372,0.29352498,0.08615691
2702,1,1,0.055936337,0.06537914,0.0503443210926737,0.0055920146,3.127063e-05
2703,1,1,0.14872837,-0.04906249,0.131301948262847,0.017426416,0.00030368
2704,1,1,0.20000386,-0.10095787,-0.0956914568689883,0.2956953,0.087435715
2705,1,1,0.05654931,0.06442666,-0.0293788668137113,0.08592818,0.007383652
2706,1,1,0.09835267,0.006855488,-0.0631683352876559,0.161521,0.026089035
2707,1,1,0.07703996,0.032566786,0.0553231783879426,0.021716777,0.0004716184
2708,1,1,0.15187883,-0.05240059,-0.1831884270427304,0.33506727,0.11227008
2709,1,1,0.0015432835,0.14591241,0.14780008996083,0.1462568,0.021391053
2710,1,1,0.21046615,-0.110916615,-0.195202283156108,0.40566844,0.16456687
2711,1,1,-0.0059952736,0.15598726,0.2764385086522947,0.28243378,0.07976884
2712,1,1,0.29217935,-0.14657807,-0.2306014735106947,0.52278084,0.2732998
2713,1,1,-0.028185844,0.18328452,0.1175922661910817,0.14577812,0.02125126
2714,1,1,0.19131303,-0.09252691,-0.1032452656225992,0.2945583,0.08676458
2715,1,1,0.051793337,0.07180476,0.105101692261627,0.053308353,0.0028417804
2716,1,1,0.1833973,-0.08472037,-0.1627855236893212,0.34618282,0.119842544
2717,1,1,0.014353514,0.12801719,0.1190139168175772,0.10466041,0.010953801
2718,1,1,0.19221377,-0.09340763,-0.291601815630401,0.48381558,0.23407751
2719,1,1,-0.0663476,0.2201178,0.1391871705302771,0.20553477,0.042244542
2720,1,1,0.20500374,-0.10574269,-0.2028335752861507,0.40783733,0.16633129
2721,1,1,-0.010781765,0.16218615,0.3017906504486256,0.31257242,0.09770152
2722,1,1,0.31674838,-0.14382505,-0.2270700596370165,0.5438185,0.29573852
2723,1,1,-0.02597332,0.18073702,0.1914838263104985,0.21745715,0.04728761
2724,1,1,0.23818898,-0.13634849,-0.1038166148781392,0.3420056,0.116967835
2725,1,1,0.051433563,0.07236147,0.1917728754448622,0.14033931,0.019695124
2726,1,1,0.23837233,-0.13651228,-0.1342164402263646,0.37258875,0.13882238
2727,1,1,0.0323081,0.10161519,0.0670022393831182,0.034694135,0.001203683
2728,1,1,0.15926957,-0.060157776,-0.2085149967323132,0.36778456,0.13526548
2729,1,1,-0.014344215,0.16669512,0.1865757964135195,0.20092002,0.04036885
2730,1,1,0.23507309,-0.13355565,-0.1114835790074177,0.34655666,0.12010152
2731,1,1,0.04660797,0.079815626,-0.0062406467958124,0.05284862,0.0027929766
2732,1,1,0.11296034,-0.009827375,-0.0795957134281648,0.19255605,0.037077833
2733,1,1,0.06668711,0.048652172,0.0183558020328868,0.048331305,0.002335915
2734,1,1,0.1285007,-0.027167797,0.0786818160485518,0.04981888,0.0024819209
2735,1,1,0.16666317,-0.067807674,-0.0582426250780003,0.22490579,0.050582614
2736,1,1,0.08014512,0.02812028,0.0509878037680366,0.029157318,0.0008501492
2737,1,1,0.14913559,-0.04949522,-0.1174519134583325,0.2665875,0.07106889
2738,1,1,0.0428524,0.08558798,-0.0063713958428657,0.049223796,0.0024229821
2739,1,1,0.112878084,-0.009734392,-0.176316718318064,0.28919482,0.08363365
2740,1,1,0.0058557987,0.13998985,0.165242681037943,0.15938689,0.02540418
2741,1,1,0.2215321,-0.12122941,-0.2154004692880358,0.43693256,0.19091007
2742,1,1,-0.018660545,0.17203116,0.15790729398296,0.17656784,0.031176202
2743,1,1,0.2168777,-0.11691904,0.0308295871372159,0.1860481,0.034613896
2744,1,1,0.13638616,-0.03579569,0.0334166129829638,0.10296954,0.010602727
2745,1,1,0.13802218,-0.03757119,-0.2225166535023062,0.36053884,0.12998825
2746,1,1,-0.023120403,0.17739248,0.1017608122078095,0.124881215,0.015595318
2747,1,1,0.18128085,-0.082611084,0.0021665733621882,0.17911428,0.032081924
2748,1,1,0.11827111,-0.015802383,0.1497556212311797,0.031484514,0.0009912746
2749,1,1,0.2117064,-0.11208415,-0.3111723155653316,0.5228787,0.27340215
2750,1,1,-0.0785687,0.2287817,0.133781940236902,0.21235064,0.04509279
2751,1,1,0.201576,-0.102467775,-0.2498886411617351,0.45146465,0.20382033
2752,1,1,-0.0402627,0.19644022,0.1710051956840304,0.21126789,0.044634122
2753,1,1,0.22518897,-0.12458992,-0.1050257546974107,0.33021474,0.10904177
2754,1,1,0.050672293,0.07353902,0.0979640810923965,0.047291785,0.002236513
2755,1,1,0.17887521,-0.08020401,-0.0082240217438429,0.18709923,0.035006125
2756,1,1,0.11170745,-0.008410692,0.0406961906433003,0.07101126,0.005042599
2757,1,1,0.14262605,-0.04253936,0.0613432556004727,0.081282794,0.0066068927
2758,1,1,0.15568805,-0.05641198,-0.0750894897105376,0.23077753,0.05325827
2759,1,1,0.069526434,0.0442338,-0.0845251055014486,0.15405154,0.023731878
2760,1,1,0.06358147,0.053486347,0.1516342202697185,0.08805275,0.0077532865
2761,1,1,0.21289825,-0.11320233,-0.0928639940667714,0.30576223,0.09349054
2762,1,1,0.058329582,0.061659098,0.0972132646219963,0.038883686,0.0015119411
2763,1,1,0.1783998,-0.079726934,-0.2937105362131738,0.47211033,0.22288817
2764,1,1,-0.06766462,0.22112894,0.1519429093832771,0.21960753,0.048227467
2765,1,1,0.21309423,-0.113385916,-0.0665028466396475,0.27959707,0.078174524
2766,1,1,0.07493758,0.035825253,0.0478052784991755,0.027132303,0.00073616183
2767,1,1,0.14712262,-0.04735279,0.0548624663024974,0.09226015,0.008511935
2768,1,1,0.15158725,-0.052093267,0.0710827699741836,0.08050448,0.006480971
2769,1,1,0.1618526,-0.062841415,-0.1233174075034604,0.28517002,0.08132194
2770,1,1,0.03916216,0.09123039,0.099391826634319,0.060229667,0.0036276127
2771,1,1,0.17977977,-0.081110954,-0.0788383071639624,0.25861806,0.066883296
2772,1,1,0.06716442,0.04790926,0.0675074436463911,0.00034302473,1.1766596e-07
2773,1,1,0.15958953,-0.06049037,-0.0525936956211112,0.21218322,0.04502172
2774,1,1,0.083707094,0.023921967,-0.001530162020114,0.08523726,0.00726539
2775,1,1,0.115935564,-0.013180971,0.0620345555709569,0.05390101,0.0029053187
2776,1,1,0.15612555,-0.0568707,-0.0777413778165203,0.23386693,0.05469374
2777,1,1,0.0678556,0.04683304,0.1640872572153364,0.096231654,0.0092605315
2778,1,1,0.22079897,-0.12055278,-0.1183992770744719,0.33919823,0.11505544
2779,1,1,0.042256117,0.08650088,0.2230276424385366,0.18077153,0.032678347
2780,1,1,0.2582245,-0.1483717,-0.2975187208774703,0.5557432,0.30885053
2781,1,1,-0.070043564,0.22290778,0.3745200548518488,0.44456363,0.19763681
2782,1,1,0.38944364,-0.13892126,-0.4972765374024512,0.8867202,0.7862727
2783,1,1,-0.19422174,0.22746015,0.3674488446495356,0.56167054,0.3154738
2784,1,1,0.38238978,-0.14098263,-0.3659175189178199,0.74830735,0.5599639
2785,1,1,-0.11269903,0.24412823,0.2992491257274925,0.41194814,0.16970128
2786,1,1,0.31420255,-0.14333534,-0.2194118066864492,0.53361434,0.28474426
2787,1,1,-0.02117443,0.1750722,0.2167810543181048,0.23795548,0.05662281
2788,1,1,0.25425577,-0.14772677,-0.2504916944976627,0.5047475,0.25477004
2789,1,1,-0.040639877,0.19683075,0.0587998217180709,0.099439695,0.009888253
2790,1,1,0.15407896,-0.05472064,-0.2300033408795672,0.38408232,0.14751923
2791,1,1,-0.02781105,0.18285537,0.1780988199846436,0.20590986,0.04239887
2792,1,1,0.22969103,-0.12869358,-0.2640981852773763,0.49378923,0.2438278
2793,1,1,-0.049153328,0.20526934,0.1532930494010815,0.20244637,0.040984534
2794,1,1,0.21395087,-0.11418772,-0.139245659134545,0.35319653,0.12474779
2795,1,1,0.029145718,0.106356144,0.0904049444463828,0.061259225,0.0037526926
2796,1,1,0.17408776,-0.075378895,-0.0968915440171098,0.27097932,0.073429786
2797,1,1,0.055793524,0.06560063,0.0997860752049208,0.04399255,0.0019353444
2798,1,1,0.18002915,-0.081361055,-0.150937040421101,0.33096617,0.10953861
2799,1,1,0.021796942,0.11723304,0.0779826114312882,0.05618567,0.0031568296
2800,1,1,0.16622114,-0.06735301,0.083512408331754,0.08270873,0.0068407343
2801,1,1,0.16972208,-0.070940256,-0.0639482261189958,0.23367031,0.054601815
2802,1,1,0.07654834,0.03332877,0.0178965442675758,0.058651794,0.003440033
2803,1,1,0.12821054,-0.026847124,-0.0004736308530639,0.12868418,0.016559618
2804,1,1,0.116603136,-0.013930798,0.0500051510340155,0.06659798,0.0044352915
2805,1,1,0.14851403,-0.048834562,-0.0231328628794265,0.1716469,0.029462656
2806,1,1,0.102294445,0.0023186207,-0.1226396722773883,0.22493412,0.050595358
2807,1,1,0.03958869,0.09057927,-0.1342262648226553,0.17381495,0.030211637
2808,1,1,0.032301664,0.10162473,0.0397226050866597,0.007420942,5.5070384e-05
2809,1,1,0.14200974,-0.04187703,-0.1345982630574713,0.276608,0.07651198
2810,1,1,0.032067537,0.10197544,-0.0587736458606573,0.09084118,0.008252121
2811,1,1,0.07981038,0.028515816,-0.0470320171204923,0.1268424,0.016088992
2812,1,1,0.08721447,0.019805193,0.072058697018035,0.01515577,0.00022969735
2813,1,1,0.16247034,-0.063482046,-0.1684346195439818,0.33090496,0.10949809
2814,1,1,0.010805368,0.13306308,0.1670614075033727,0.15625603,0.02441595
2815,1,1,0.22268629,-0.12229228,-0.1712044757641919,0.39389077,0.15514994
2816,1,1,0.0090658665,0.1355133,0.0848620900454362,0.075796224,0.0057450677
2817,1,1,0.17057681,-0.07181215,-0.3263282737713395,0.4969051,0.24691467
2818,1,1,-0.08802676,0.23435998,0.1784490220653958,0.2664758,0.07100935
2819,1,1,0.22991395,-0.128896,-0.1948549225198212,0.42476887,0.1804286
2820,1,1,-0.0057775974,0.15570092,0.2122318340346889,0.21800943,0.04752811
2821,1,1,0.25136566,-0.14714336,-0.3133756134167025,0.56474125,0.31893268
2822,1,1,-0.07994437,0.22965455,0.3278107016954483,0.40775508,0.1662642
2823,1,1,0.34279203,-0.14625192,-0.2619989664751183,0.60479105,0.36577222
2824,1,1,-0.047840357,0.20401287,0.3220135373986741,0.36985388,0.1367919
2825,1,1,0.33699274,-0.14611793,-0.4310537258371338,0.7680465,0.5898954
2826,1,1,-0.15319109,0.24497938,0.4075840718499686,0.56077516,0.31446877
2827,1,1,0.42238426,-0.124889135,-0.3240690887246686,0.74645334,0.5571926
2828,1,1,-0.08661723,0.23359203,0.3391249269935943,0.42574215,0.18125638
2829,1,1,0.35410428,-0.14584565,-0.2419602712838036,0.59606457,0.35529298
2830,1,1,-0.035299063,0.19119072,0.1207588683919689,0.15605792,0.024354076
2831,1,1,0.19332004,-0.09448695,-0.0285116637575293,0.2218317,0.0492093
2832,1,1,0.09889984,0.0062236786,-0.0133412738834395,0.11224112,0.012598068
2833,1,1,0.1084764,-0.0047450066,0.2197737925054248,0.1112974,0.012387111
2834,1,1,0.25615692,-0.14805698,-0.3033587410961718,0.55951566,0.31305778
2835,1,1,-0.073690414,0.22551823,0.1121169872221732,0.1858074,0.034524392
2836,1,1,0.18784261,-0.08911991,-0.1156313570449323,0.30347395,0.09209644
2837,1,1,0.04399824,0.08382988,0.028439172140549,0.01555907,0.00024208466
2838,1,1,0.13487458,-0.034151793,-0.0002823652558481,0.13515694,0.018267399
2839,1,1,0.11672354,-0.014066458,-0.0217116427592056,0.13843518,0.0191643
2840,1,1,0.10319185,0.0012893677,0.1367860720285407,0.03359422,0.0011285717
2841,1,1,0.20348072,-0.104290485,-0.1049868459299965,0.30846757,0.09515224
2842,1,1,0.05069661,0.07350159,0.0460901693224822,0.0046064407,2.1219295e-05
2843,1,1,0.14603758,-0.046194553,-0.0686822720371345,0.21471986,0.046104617
2844,1,1,0.07356405,0.037956953,-0.0829557152571505,0.15651977,0.024498438
2845,1,1,0.06456995,0.051947117,0.0583883422651383,0.006181609,3.821229e-05
2846,1,1,0.15381789,-0.05444622,0.0611006045013113,0.09271729,0.008596496
2847,1,1,0.1555345,-0.05625105,-0.0952471642952228,0.25078166,0.06289144
2848,1,1,0.0568285,0.06399155,0.143484854354948,0.08665636,0.007509325
2849,1,1,0.2077291,-0.10833144,-0.0394231526017114,0.24715225,0.061084237
2850,1,1,0.09201479,0.014201403,0.1212827718017899,0.029267982,0.00085661473
2851,1,1,0.19365191,-0.094810486,-0.3435634118773616,0.53721535,0.28860033
2852,1,1,-0.09877348,0.23947334,0.2215157425400931,0.32028922,0.10258519
2853,1,1,0.2572639,-0.14823174,-0.2052410455746933,0.46250492,0.2139108
2854,1,1,-0.012291431,0.16410899,0.1960801109916583,0.20837155,0.0434187
2855,1,1,0.24110723,-0.13895035,-0.1164571894366588,0.35756442,0.12785232
2856,1,1,0.04347849,0.08462739,0.1438180526361416,0.10033956,0.010068027
2857,1,1,0.20794058,-0.10853243,-0.0448105619334184,0.25275114,0.06388314
2858,1,1,0.088615656,0.018166065,0.1135190992266883,0.024903446,0.0006201817
2859,1,1,0.18873143,-0.089993715,-0.0423145273860536,0.23104596,0.053382237
2860,1,1,0.09019041,0.016326904,0.0829602325946909,0.0072301775,5.2275467e-05
2861,1,1,0.16937256,-0.07058358,-0.1160119449780729,0.2853845,0.081444316
2862,1,1,0.043758392,0.08419776,-0.0124667840575947,0.056225177,0.0031612704
2863,1,1,0.10902858,-0.0053725243,-0.0665876549476385,0.17561623,0.030841062
2864,1,1,0.074884415,0.035907745,-0.1486589802892077,0.22354339,0.049971648
2865,1,1,0.023228645,0.1151309,0.0782325670686936,0.05500392,0.0030254312
2866,1,1,0.16637897,-0.067515135,-0.1973568428626584,0.36373582,0.13230374
2867,1,1,-0.007347107,0.1577537,0.0891496315859314,0.09649674,0.00931162
2868,1,1,0.1732924,-0.07457304,-0.2180455271780408,0.39133793,0.15314537
2869,1,1,-0.020318508,0.17404246,0.141503675763714,0.16182218,0.02618642
2870,1,1,0.20647264,-0.10713959,-0.0809350882292374,0.28740773,0.0826032
2871,1,1,0.065843344,0.04996538,0.2483822416897458,0.1825389,0.03332045
2872,1,1,0.27433848,-0.14915633,-0.2870807206297785,0.56141925,0.31519157
2873,1,1,-0.06352234,0.21788716,0.1573623574928211,0.2208847,0.04879005
2874,1,1,0.21653199,-0.116597176,-0.038826191000957,0.2553582,0.0652078
2875,1,1,0.09239125,0.013763666,0.1932685469604016,0.1008773,0.010176229
2876,1,1,0.23932219,-0.13736033,-0.258719098228541,0.49804127,0.2480451
2877,1,1,-0.045788527,0.20201564,0.108660552169328,0.15444908,0.023854516
2878,1,1,0.1856525,-0.086956024,-0.0983829024133551,0.28403538,0.0806761
2879,1,1,0.054854393,0.06705785,0.1279991366510375,0.07314475,0.0053501544
2880,1,1,0.19790983,-0.098940134,-0.0869398918839183,0.28484973,0.08113937
2881,1,1,0.062060833,0.055854797,0.0874349991545071,0.025374167,0.0006438483
2882,1,1,0.17220664,-0.07347083,-0.0374205237412423,0.20962717,0.04394355
2883,1,1,0.09327793,0.012732029,0.1149857444042208,0.02170781,0.00047122902
2884,1,1,0.18966079,-0.09090781,-0.1330102406867039,0.32267103,0.10411659
2885,1,1,0.033066273,0.10047269,0.0680710318570971,0.035004757,0.0012253331
2886,1,1,0.15994596,-0.060861588,-0.049154178401916,0.20910014,0.043722868
2887,1,1,0.085876465,0.021373987,0.0633247194509181,0.022551745,0.00050858123
2888,1,1,0.1569426,-0.057725668,-0.0914288510864804,0.24837145,0.06168838
2889,1,1,0.05923319,0.060254335,0.2202538424776392,0.16102065,0.02592765
2890,1,1,0.25646186,-0.14810705,-0.2656986044226643,0.5221605,0.27265155
2891,1,1,-0.050154686,0.20621538,0.2104598240787645,0.2606145,0.067919925
2892,1,1,0.25023985,-0.14689136,-0.1990287841225111,0.44926864,0.20184231
2893,1,1,-0.008395433,0.15911579,0.1539623212864498,0.16235775,0.026360039
2894,1,1,0.21437526,-0.11458492,-0.1900631912547075,0.40443844,0.16357045
2895,1,1,-0.0027711391,0.15172338,0.0734202831183741,0.076191425,0.0058051334
2896,1,1,0.16333222,-0.06437421,-0.0271482920151449,0.19048052,0.036282826
2897,1,1,0.099760294,0.005232334,0.0575418724837444,0.04221842,0.0017823951
2898,1,1,0.15328288,-0.053882122,-0.0432495074907897,0.19653238,0.03862498
2899,1,1,0.08960056,0.017015457,0.1045110617032381,0.014910497,0.00022232291
2900,1,1,0.18302321,-0.084347725,-0.1295331028775392,0.31255633,0.097691454
2901,1,1,0.03525281,0.09716964,0.199556180803107,0.16430338,0.0269956
2902,1,1,0.24331498,-0.14090967,-0.1643562164621568,0.4076712,0.16619582
2903,1,1,0.013366699,0.12942672,0.2351452447366138,0.22177854,0.049185723
2904,1,1,0.26592445,-0.1491139,0.0129776767414311,0.25294676,0.06398206
2905,1,1,0.1251018,-0.023412466,0.0387717284867727,0.08633007,0.007452881
2906,1,1,0.14140868,-0.0412302,-0.0367549327736744,0.17816362,0.031742275
2907,1,1,0.09369826,0.012244463,0.159247223286393,0.06554896,0.0042966655
2908,1,1,0.21772814,-0.11770964,-0.1189161876343649,0.33664432,0.113329396
2909,1,1,0.041931152,0.086999655,0.2637273096716441,0.22179615,0.049193535
2910,1,1,0.28409505,-0.14819479,-0.2001273137048151,0.48422235,0.23447129
2911,1,1,-0.009084702,0.16000676,0.2327819267128084,0.24186663,0.058499467
2912,1,1,0.26442242,-0.14902258,-0.1118514392131695,0.37627387,0.14158203
2913,1,1,0.046376467,0.08017182,0.1071516569500663,0.06077519,0.0036936237
2914,1,1,0.1846962,-0.086009264,-0.2103854819545882,0.3950817,0.15608954
2915,1,1,-0.015516996,0.16815901,0.0979880786616211,0.11350507,0.0128834015
2916,1,1,0.17889023,-0.080219746,-0.0866674380096257,0.26555768,0.07052088
2917,1,1,0.062232018,0.05558729,-0.1310887625022858,0.19332078,0.037372924
2918,1,1,0.03427434,0.0986495,0.1463539216275924,0.112079576,0.012561832
2919,1,1,0.20954919,-0.11005163,0.0503480538601617,0.15920113,0.025345
2920,1,1,0.148731,-0.049064398,-0.0992877659181288,0.24801876,0.061513305
2921,1,1,0.05428481,0.06794238,0.1412338785527813,0.086949065,0.00756014
2922,1,1,0.20630193,-0.106977224,-0.1651882846885946,0.3714902,0.13800497
2923,1,1,0.012844086,0.13017154,0.0407154109845113,0.027871326,0.0007768108
2924,1,1,0.14263773,-0.04255247,-0.0517851933046853,0.19442293,0.037800275
2925,1,1,0.08421707,0.023322582,0.0149179807238621,0.06929909,0.0048023635
2926,1,1,0.12632775,-0.024769068,-0.0560113034623781,0.18233906,0.03324753
2927,1,1,0.08155179,0.026459694,0.0556890730004564,0.025862716,0.00066888006
2928,1,1,0.1521101,-0.052645683,-0.2019900275661776,0.3541001,0.1253869
2929,1,1,-0.010252714,0.16150951,0.2380784851555262,0.2483312,0.06166839
2930,1,1,0.26778913,-0.149194,-0.3515296775670689,0.61931884,0.38355583
2931,1,1,-0.10373759,0.24138927,0.4112374189853587,0.514975,0.26519927
2932,1,1,0.4260199,-0.12290335,-0.64419069155303,1.0702106,1.1453507
2933,1,1,-0.2847209,0.13639355,0.6224985400929532,0.9072194,0.82304704
2934,1,1,0.63456774,0.26752543,-0.6104563089701256,1.245024,1.5500847
2935,1,1,-0.2640078,0.16232228,0.4763957331667234,0.74040353,0.5481974
2936,1,1,0.49070263,-0.076920986,-0.3055329237961524,0.79623556,0.63399106
2937,1,1,-0.07504773,0.22645259,0.4253594339247275,0.50040716,0.25040734
2938,1,1,0.4400642,-0.114424706,-0.3151192569765966,0.75518346,0.57030207
2939,1,1,-0.08103299,0.23033094,0.3603674276980815,0.4414004,0.19483432
2940,1,1,0.37532234,-0.1427095,-0.2105549129626727,0.58587724,0.34325215
2941,1,1,-0.015623331,0.16829038,-0.0840960773481227,0.06847274,0.0046885167
2942,1,1,0.06385183,0.0530653,0.1198263891471138,0.055974558,0.0031331512
2943,1,1,0.192729,-0.09391093,0.0599131595722632,0.13281584,0.017640047
2944,1,1,0.15478325,-0.055461407,-0.1189629867033992,0.27374625,0.07493701
2945,1,1,0.04190159,0.087044954,0.2385807723831434,0.19667919,0.038682703
2946,1,1,0.2681079,-0.14920235,-0.115861892144812,0.38396978,0.14743279
2947,1,1,0.043852568,0.08405256,0.0481495094291735,0.0042969435,1.8463725e-05
2948,1,1,0.1473403,-0.047584534,0.0301592275181117,0.11718107,0.013731403
2949,1,1,0.13596249,-0.035335064,-0.036347050118576,0.17230953,0.029690575
2950,1,1,0.09395528,0.011945248,0.1584327338720568,0.06447746,0.0041573425
2951,1,1,0.21721101,-0.11722875,-0.2806220917240511,0.4978331,0.2478378
2952,1,1,-0.05948615,0.21455503,0.3011035463752796,0.36058968,0.13002492
2953,1,1,0.31606007,-0.14369678,-0.392228297694253,0.7082884,0.50167245
2954,1,1,-0.12907076,0.24673462,0.4869760110103329,0.6160468,0.37951365
2955,1,1,0.5011773,-0.05556965,-0.4844878335855314,0.98566514,0.9715358
2956,1,1,-0.18630934,0.23218513,0.4385027607295377,0.6248121,0.3903902
2957,1,1,0.45312238,-0.10541344,-0.3432959791796626,0.79641837,0.63428223
2958,1,1,-0.09860635,0.23940396,0.2492298606700727,0.3478362,0.12099002
2959,1,1,0.27487707,-0.14913201,-0.1135289307413018,0.388406,0.15085922
2960,1,1,0.04532075,0.08179712,0.2119585439644118,0.1666378,0.027768154
2961,1,1,0.25119233,-0.14710617,-0.1107159433035747,0.36190826,0.13097759
2962,1,1,0.04709077,0.07907057,0.1401745898005737,0.093083814,0.008664597
2963,1,1,0.20562959,-0.10633874,-0.2749331192443329,0.48056272,0.23094052
2964,1,1,-0.05592966,0.21148086,0.1975838576456694,0.25351351,0.0642691
2965,1,1,0.24206209,-0.13979864,-0.106951460063092,0.34901357,0.12181047
2966,1,1,0.04946041,0.07541299,-0.0031807979407778,0.05264121,0.002771097
2967,1,1,0.1148932,-0.012007713,-0.0497522678738548,0.16464546,0.02710813
2968,1,1,0.08549881,0.021817207,-0.0865616761016845,0.17206049,0.029604811
2969,1,1,0.06229925,0.05548358,0.207048907817732,0.14474966,0.020952463
2970,1,1,0.24807334,-0.14510632,-0.0235605803679495,0.27163392,0.073784985
2971,1,1,0.102024555,0.0026283264,0.0726726097827188,0.029351942,0.00086153654
2972,1,1,0.16285872,-0.06388426,-0.3050130957319195,0.46787181,0.21890403
2973,1,1,-0.07472372,0.22623086,0.2513270112723034,0.32605073,0.10630908
2974,1,1,0.2762103,-0.14905524,-0.1325949855781658,0.4088053,0.16712178
2975,1,1,0.03332734,0.10007858,0.1323305988273659,0.099003255,0.009801645
2976,1,1,0.20065594,-0.10158515,-0.1108624395343134,0.31151837,0.09704369
2977,1,1,0.046998978,0.079212666,0.0399078723076495,0.007091105,5.028377e-05
2978,1,1,0.14212751,-0.042003393,-0.2186029359023074,0.36073047,0.13012648
2979,1,1,-0.020667791,0.17446375,0.2236041398704014,0.24427193,0.05966878
2980,1,1,0.25859094,-0.14842272,-0.1812208765361371,0.43981183,0.19343445
2981,1,1,0.0027778149,0.14422774,-0.1840141049575505,0.18679193,0.034891225
2982,1,1,0.001024723,0.1466167,0.0252436203482231,0.024218896,0.00058655493
2983,1,1,0.1328547,-0.031945944,-0.0778632856864574,0.21071798,0.044402067
2984,1,1,0.067778826,0.046952248,0.1056286261926273,0.0378498,0.0014326073
2985,1,1,0.18373132,-0.085051775,0.0546037118848339,0.1291276,0.01667394
2986,1,1,0.15142393,-0.0519197,0.0726306532646869,0.07879328,0.006208381
2987,1,1,0.16283226,-0.06385708,-0.0789117771156222,0.24174404,0.058440182
2988,1,1,0.06711793,0.047981262,-0.0700206293014975,0.13713856,0.018806985
2989,1,1,0.072721004,0.039267063,0.0303134016361767,0.042407602,0.0017984047
2990,1,1,0.13605976,-0.03544116,-0.0326940729751386,0.16875383,0.028477857
2991,1,1,0.09625983,0.0092737675,-0.027299344637361,0.12355918,0.01526687
2992,1,1,0.09966469,0.005342245,-0.0622845530550071,0.16194925,0.026227558
2993,1,1,0.07759714,0.03170371,0.027074540653063,0.050522603,0.0025525335
2994,1,1,0.13401198,-0.033210278,0.0979275454289725,0.036084436,0.0013020865
2995,1,1,0.17885208,-0.08018112,-0.0656664040584398,0.24451849,0.059789293
2996,1,1,0.07546544,0.035007477,0.1732164212599989,0.09775098,0.009555253
2997,1,1,0.22659254,-0.12587214,-0.1412167908579555,0.36780933,0.1352837
2998,1,1,0.027906418,0.10820484,0.0737505019232624,0.045844086,0.0021016803
2999,1,1,0.16354156,-0.06459069,-0.0630416809564411,0.22658324,0.051339965
3000,1,1,0.07711983,0.032443047,0.0780822855234646,0.00096245855,9.2632644e-07
3001,1,1,0.16628385,-0.06741738,0.0172181571785956,0.14906569,0.02222058
3002,1,1,0.12778163,-0.026374578,0.0404922807126184,0.08728935,0.0076194303
3003,1,1,0.14249682,-0.042400837,-0.0737124960586448,0.21620932,0.04674647
3004,1,1,0.0703938,0.04288411,0.0597039662278442,0.010689836,0.000114272596
3005,1,1,0.15465069,-0.055322647,-0.008725065750629,0.16337575,0.026691636
3006,1,1,0.111391544,-0.008053064,0.0406511279670183,0.07074042,0.0050042067
3007,1,1,0.14259744,-0.042508602,-0.0821656335858049,0.22476307,0.050518434
3008,1,1,0.06506777,0.051172018,0.3509149454640323,0.2858472,0.08170862
3009,1,1,0.36588383,-0.14448524,-0.1384052484384352,0.5042891,0.25430748
3010,1,1,0.029673815,0.10556698,0.0343628431615412,0.0046890266,2.198697e-05
3011,1,1,0.13862038,-0.038219213,-0.010132499186743,0.14875287,0.022127416
3012,1,1,0.11050248,-0.0070455074,-0.0796110509111396,0.19011353,0.036143154
3013,1,1,0.06667709,0.048666954,-0.0391323951034232,0.10580949,0.0111956475
3014,1,1,0.09219813,0.013988256,-0.1157594583895926,0.2079576,0.043246362
3015,1,1,0.043917418,0.08395386,0.1780812027699823,0.13416378,0.017999921
3016,1,1,0.2296803,-0.12868428,-0.2975943625076844,0.52727467,0.27801856
3017,1,1,-0.07009077,0.22294259,0.1116819354497744,0.18177271,0.033041317
3018,1,1,0.18756723,-0.088848114,-0.2997073052699877,0.48727453,0.23743646
3019,1,1,-0.07141018,0.22390318,0.1671471747903021,0.23855735,0.05690961
3020,1,1,0.22274113,-0.12234259,-0.037368889057991,0.26011002,0.067657225
3021,1,1,0.09331083,0.01269412,-0.0067451046530213,0.10005594,0.0100111915
3022,1,1,0.11264205,-0.009467125,-0.0455565026685227,0.15819855,0.025026781
3023,1,1,0.088145494,0.018716574,-0.0965905440559757,0.18473604,0.034127407
3024,1,1,0.055983305,0.06530595,0.2521154476939333,0.19613215,0.03846782
3025,1,1,0.27671218,-0.14902139,-0.2221441820977192,0.49885637,0.24885768
3026,1,1,-0.022886992,0.17711592,0.2032226018221843,0.2261096,0.05112555
3027,1,1,0.24564338,-0.14296722,-0.3125675197564388,0.5582109,0.31159943
3028,1,1,-0.07944012,0.22933698,0.3246837413584642,0.40412387,0.1633161
3029,1,1,0.33966374,-0.14620876,-0.3946398372670807,0.7343036,0.5392018
3030,1,1,-0.13057017,0.24681807,0.357909532767434,0.4884797,0.23861243
3031,1,1,0.37286854,-0.14322948,-0.2498066008309258,0.6226751,0.3877243
3032,1,1,-0.040210962,0.196388,0.2028074493372358,0.24301842,0.05905795
3033,1,1,0.24537992,-0.14273477,-0.1458482204661666,0.39122814,0.15305945
3034,1,1,0.024995327,0.112524986,-0.0593535605134363,0.08434889,0.007114735
3035,1,1,0.07944465,0.028948307,-0.0028288999132963,0.08227355,0.006768937
3036,1,1,0.11511564,-0.012257099,0.0540271569383143,0.061088484,0.0037318028
3037,1,1,0.15105867,-0.051534176,-0.064573528517402,0.2156322,0.046497244
3038,1,1,0.07615399,0.033939123,0.1598534561001168,0.083699465,0.0070056003
3039,1,1,0.21811295,-0.11806607,-0.2054564957498739,0.42356944,0.17941107
3040,1,1,-0.012426615,0.16427994,0.1082048790224328,0.12063149,0.014551957
3041,1,1,0.18536401,-0.08667135,-0.0023145834255826,0.18767859,0.035223253
3042,1,1,0.11544013,-0.012623072,-0.0856249252146428,0.20106506,0.04042716
3043,1,1,0.0628891,0.054564476,0.1762976709579407,0.113408566,0.012861502
3044,1,1,0.22854829,-0.1276555,-0.2038467858424222,0.43239507,0.1869655
3045,1,1,-0.011417389,0.16299772,0.3138514669556946,0.32526886,0.10579983
3046,1,1,0.328825,-0.14553404,-0.3842114986950058,0.71303654,0.5084211
3047,1,1,-0.12408447,0.24626875,0.4197259097433767,0.54381037,0.29572973
3048,1,1,0.43446302,-0.11795735,-0.4503436525891287,0.88480663,0.78288275
3049,1,1,-0.16515756,0.24170089,0.2628654154598799,0.42802298,0.18320367
3050,1,1,0.28354645,-0.14827752,-0.1165793936406878,0.40012583,0.16010068
3051,1,1,0.04340124,0.08474612,0.1472086691144603,0.103807434,0.010775983
3052,1,1,0.21009111,-0.11056328,-0.1866666307340048,0.39675775,0.15741672
3053,1,1,-0.00063991547,0.1488676,0.1673393448489868,0.16797926,0.02821703
3054,1,1,0.22286248,-0.12245464,-0.2195175764969881,0.44238007,0.19570012
3055,1,1,-0.021241188,0.1751523,-0.0617741192680951,0.04053293,0.0016429186
3056,1,1,0.07791877,0.031205893,0.1297693371049422,0.051850572,0.002688482
3057,1,1,0.19903207,-0.10002279,0.051392795539114,0.14763927,0.021797355
3058,1,1,0.14939213,-0.049767017,0.0558003885160225,0.093591735,0.008759413
3059,1,1,0.15218067,-0.05272031,-0.1100371528483505,0.26221782,0.06875818
3060,1,1,0.047518015,0.07841253,-0.0410284456725049,0.08854646,0.007840476
3061,1,1,0.09100175,0.015381098,0.1575087046382646,0.06650695,0.0044231745
3062,1,1,0.21662498,-0.11668348,-0.0825445901161217,0.29916957,0.08950243
3063,1,1,0.06482935,0.051543474,0.0211260960639521,0.043703254,0.0019099744
3064,1,1,0.13025141,-0.029093027,-0.011219490674621,0.1414709,0.020014014
3065,1,1,0.109815836,-0.006266117,-0.0597934341203547,0.16960928,0.028767308
3066,1,1,0.079167366,0.029275656,0.1134889051416587,0.03432154,0.001177968
3067,1,1,0.18871188,-0.08997512,-0.0320317650865895,0.22074364,0.048727755
3068,1,1,0.09667826,0.008790016,0.1187671566057613,0.0220889,0.00048791952
3069,1,1,0.19205761,-0.09325504,-0.0308550716934905,0.22291268,0.049690064
3070,1,1,0.09742069,0.007931232,0.0568853998095124,0.040535294,0.0016431101
3071,1,1,0.15286732,-0.053444147,0.0137030331676304,0.13916428,0.019366698
3072,1,1,0.12556005,-0.02392006,0.0359328127590248,0.089627236,0.008033042
3073,1,1,0.13961291,-0.039293528,-0.0270703866728503,0.1666833,0.027783323
3074,1,1,0.09980941,0.0051760674,0.0004082198379453,0.09940119,0.009880597
3075,1,1,0.11716032,-0.0145561695,0.0527264210613478,0.0644339,0.004151728
3076,1,1,0.15023589,-0.050662756,0.0504750480815108,0.099760845,0.009952227
3077,1,1,0.14881158,-0.049150705,-0.2307120360053995,0.37952363,0.14403819
3078,1,1,-0.028254747,0.18336391,0.1430939780988955,0.17134872,0.029360384
3079,1,1,0.20748115,-0.10809684,-0.0928411220614418,0.30032226,0.090193465
3080,1,1,0.058343887,0.061635733,0.1445764695379998,0.08623259,0.007436059
3081,1,1,0.20842147,-0.10898638,-0.0383515541490173,0.24677302,0.060896922
3082,1,1,0.092690706,0.013415098,0.0048065709774234,0.087884136,0.007723621
3083,1,1,0.11993837,-0.017667294,-0.0135774381585522,0.1335158,0.01782647
3084,1,1,0.10832739,-0.004575014,0.1118666192553918,0.003539227,1.2526128e-05
3085,1,1,0.18768406,-0.08896303,-0.1869594206987672,0.37464347,0.14035773
3086,1,1,-0.0008237362,0.14911437,0.1010294107236355,0.10185315,0.010374064
3087,1,1,0.1808176,-0.08214903,-0.0304982192901999,0.21131583,0.044654377
3088,1,1,0.097646,0.007671356,0.0472741311808166,0.050371867,0.002537325
3089,1,1,0.14678669,-0.046994686,-0.158014503733936,0.3048012,0.09290377
3090,1,1,0.017350435,0.1237061,0.1549182015331101,0.13756777,0.018924892
3091,1,1,0.21498156,-0.115151405,-0.1123544439769719,0.327336,0.10714886
3092,1,1,0.046060085,0.08065891,-0.0347228532967043,0.080782935,0.0065258825
3093,1,1,0.09498024,0.010756254,0.0577309064182522,0.037249334,0.0013875129
3094,1,1,0.15340257,-0.05400896,-0.0450062745259312,0.19840884,0.03936607
3095,1,1,0.08849263,0.018309593,0.1903158929783752,0.101823255,0.010367976
3096,1,1,0.2374475,-0.13568497,-0.2427226556824022,0.48017016,0.23056339
3097,1,1,-0.035776854,0.1917057,0.1577547724611938,0.19353163,0.037454493
3098,1,1,0.21678114,-0.11682916,-0.1852412004342549,0.40202236,0.16162197
3099,1,1,0.00025510788,0.14766002,-0.0645183867696341,0.06477349,0.0041956054
3100,1,1,0.076188564,0.03388524,-0.0451715932400205,0.12136015,0.014728286
3101,1,1,0.088388205,0.01843214,-0.103995295244327,0.1923835,0.03701141
3102,1,1,0.05132103,0.07253504,0.0026559711124565,0.048665058,0.0023682879
3103,1,1,0.118579865,-0.016147852,0.0693935571158888,0.049186304,0.0024192925
3104,1,1,0.16078353,-0.061732054,-0.145970970640394,0.3067545,0.09409832
3105,1,1,0.02491808,0.11263919,0.1604323768109448,0.1355143,0.018364126
3106,1,1,0.21848035,-0.11840725,-0.2848781742732775,0.5033585,0.25336975
3107,1,1,-0.062146187,0.21677017,0.3350027405358284,0.39714894,0.15772727
3108,1,1,0.34998345,-0.14609575,-0.3177342051675373,0.6677177,0.44584692
3109,1,1,-0.08266449,0.23131967,0.4422084520836602,0.5248729,0.27549157
3110,1,1,0.45680165,-0.10331273,-0.4963635433399198,0.9531652,0.90852386
3111,1,1,-0.1936574,0.2278173,0.2633107256831595,0.45696813,0.20881987
3112,1,1,0.28382993,-0.14823532,-0.2472836200617805,0.53111356,0.2820816
3113,1,1,-0.038631916,0.1947403,0.3177856401625987,0.35641757,0.12703349
3114,1,1,0.33276248,-0.14587355,-0.3695413657135269,0.7023039,0.49323076
3115,1,1,-0.114955425,0.24467206,0.5418290771709837,0.6567845,0.43136585
3116,1,1,0.5553458,0.08389592,-0.5241652576116742,1.079511,1.1653441
3117,1,1,-0.21084118,0.21560144,0.2729803698977497,0.48382154,0.23408328
3118,1,1,0.28997922,-0.14709187,-0.2687239560625047,0.5587032,0.31214926
3119,1,1,-0.052046776,0.20797706,0.156558727195927,0.2086055,0.043516252
3120,1,1,0.21602249,-0.11612272,-0.3516255889544601,0.56764805,0.32222432
3121,1,1,-0.103797436,0.2414105,0.4017017445783906,0.5054992,0.25552943
3122,1,1,0.41652918,-0.12790775,-0.222257370433585,0.63878655,0.40804827
3123,1,1,-0.022958279,0.1771996,0.2298048213885972,0.2527631,0.06388918
3124,1,1,0.26253104,-0.14887023,-0.1539157133889519,0.41644675,0.1734279
3125,1,1,0.019925594,0.119968176,0.2412166677579503,0.22129108,0.048969742
3126,1,1,0.2697835,-0.14923406,-0.3213316586350481,0.5911151,0.3494171
3127,1,1,-0.08490944,0.2326324,0.1688392311800064,0.25374866,0.06438838
3128,1,1,0.22381473,-0.12332964,-0.2328825285309084,0.45669726,0.20857239
3129,1,1,-0.029614687,0.18490791,0.2055897362897174,0.23520443,0.055321123
3130,1,1,0.24714684,-0.14429212,-0.1901808460432614,0.43732768,0.1912555
3131,1,1,-0.0028448105,0.15182209,0.2458837360980328,0.24872854,0.06186589
3132,1,1,0.27274966,-0.14920974,-0.4313014784640852,0.70405114,0.495688
3133,1,1,-0.15334487,0.24494815,0.6620038350942088,0.8153487,0.6647935
3134,1,1,0.6731596,0.35142493,-0.4142461087677684,1.0874057,1.1824511
3135,1,1,-0.14275503,0.24654675,0.4705927517303738,0.61334777,0.3761955
3136,1,1,0.4849546,-0.08235669,-0.3040272140695075,0.7889818,0.62249225
3137,1,1,-0.074108124,0.22580695,0.3024370264720866,0.37654516,0.14178626
3138,1,1,0.31739593,-0.14394236,-0.2050509132870637,0.5224469,0.27295074
3139,1,1,-0.012171984,0.16395736,0.2755805044837989,0.28775248,0.08280149
3140,1,1,0.29163313,-0.14671016,-0.3057557436697031,0.59738886,0.35687345
3141,1,1,-0.075187206,0.22654724,0.4138275156732929,0.48901471,0.23913538
3142,1,1,0.42859674,-0.121442795,-0.3886013331295399,0.81719804,0.66781265
3143,1,1,-0.12681484,0.2465589,0.1892464847448982,0.31606132,0.099894755
3144,1,1,0.23676825,-0.13507771,-0.0869392847896417,0.32370752,0.10478656
3145,1,1,0.06206107,0.055854082,-0.0541711727219991,0.116232246,0.013509935
3146,1,1,0.08271241,0.02509284,0.1885386681214829,0.10582626,0.011199197
3147,1,1,0.23631883,-0.13467383,-0.3345294571932191,0.5708483,0.32586777
3148,1,1,-0.093141556,0.23695731,0.1472261052998194,0.24036767,0.057776615
3149,1,1,0.21010232,-0.11057353,-0.1394310361975801,0.34953335,0.12217356
3150,1,1,0.029029131,0.10653019,0.1167576524706444,0.08772852,0.0076962938
3151,1,1,0.19078398,-0.09200835,-0.1518258696970891,0.34260985,0.11738151
3152,1,1,0.021238804,0.118050575,0.0635658564768477,0.042327054,0.0017915795
3153,1,1,0.1570952,-0.057886124,-0.0560136509917095,0.21310884,0.045415375
3154,1,1,0.0815506,0.026461601,0.2233041927646635,0.1417536,0.020094084
3155,1,1,0.2584002,-0.14839625,-0.0191491531376777,0.27754936,0.07703365
3156,1,1,0.104809284,-0.0005624294,0.0774203982302248,0.027388886,0.00075015106
3157,1,1,0.16586494,-0.066985846,0.1235165815255916,0.042348363,0.0017933839
3158,1,1,0.19506812,-0.09618807,-0.2026506890319654,0.39771882,0.15818025
3159,1,1,-0.010667324,0.16203976,0.3116118635155582,0.32227919,0.10386387
3160,1,1,0.3265829,-0.14529276,-0.2336953687072025,0.5602783,0.31391177
3161,1,1,-0.03012371,0.18548203,-0.0438334907564352,0.01370978,0.00018795807
3162,1,1,0.089232445,0.017445326,-0.0563866164724946,0.14561906,0.021204911
3163,1,1,0.08131552,0.026739597,0.0893961339408924,0.008080617,6.5296364e-05
3164,1,1,0.17344856,-0.07473135,-0.1335045573702777,0.30695313,0.09422023
3165,1,1,0.032755613,0.10094118,0.0910872503700384,0.05833164,0.00340258
3166,1,1,0.1745193,-0.07581663,-0.0997910358449396,0.27431035,0.07524617
3167,1,1,0.05396819,0.06843376,0.0952204201220952,0.041252226,0.0017017461
3168,1,1,0.1771369,-0.07845807,-0.1013100298899964,0.2784469,0.07753269
3169,1,1,0.053011417,0.06991768,0.1792719403095053,0.12626052,0.015941719
3170,1,1,0.23043609,-0.1293695,-0.1018312579895099,0.33226734,0.110401586
3171,1,1,0.052683115,0.07042551,0.0546732086546772,0.0019900948,3.9604774e-06
3172,1,1,0.15146756,-0.051965714,0.1699525762843654,0.01848501,0.0003416956
3173,1,1,0.22452116,-0.1239779,-0.0661851482991586,0.2907063,0.084510155
3174,1,1,0.07513809,0.035514116,-0.0626902251852823,0.13782832,0.018996647
3175,1,1,0.07734108,0.032099962,0.0423156162474294,0.035025463,0.001226783
3176,1,1,0.1436503,-0.043639183,0.0036431522612208,0.14000714,0.019601999
3177,1,1,0.119204044,-0.016846418,0.1846153744039012,0.06541133,0.004278642
3178,1,1,0.23382854,-0.13243508,-0.1092265971745929,0.34305513,0.11768682
3179,1,1,0.04802847,0.0776248,0.0330728713732826,0.014955599,0.00022366994
3180,1,1,0.13780475,-0.037335873,-0.0408484592326834,0.17865321,0.03191697
3181,1,1,0.09111524,0.015248537,0.0160632287390924,0.07505201,0.005632804
3182,1,1,0.12705159,-0.0255692,-0.1867235088650103,0.31377512,0.098454826
3183,1,1,-0.00067543983,0.14891505,0.0123233961365367,0.012998836,0.00016896974
3184,1,1,0.124688625,-0.022953987,0.0574859758586021,0.06720265,0.004516196
3185,1,1,0.15324688,-0.05384493,-0.0789280925975002,0.23217496,0.053905215
3186,1,1,0.06710768,0.047996283,0.1742514832310027,0.107143804,0.011479795
3187,1,1,0.22724962,-0.12647223,-0.2002457145609533,0.42749533,0.18275225
3188,1,1,-0.009158611,0.16010308,0.2311320871522397,0.2402907,0.057739623
3189,1,1,0.2633741,-0.14894319,-0.0891997146630965,0.3525738,0.124308296
3190,1,1,0.060636997,0.058069468,-0.0508564746993269,0.11149347,0.012430794
3191,1,1,0.084803104,0.022634506,-0.1074730194711626,0.19227612,0.036970105
3192,1,1,0.04913211,0.0759213,0.2201517850578924,0.17101967,0.02924773
3193,1,1,0.25639725,-0.14809608,0.0502245754938623,0.20617267,0.04250717
3194,1,1,0.14865303,-0.048981667,0.0208659040619383,0.12778713,0.01632955
3195,1,1,0.13008714,-0.028913021,0.232459412062767,0.102372274,0.010480083
3196,1,1,0.26421762,-0.14900827,-0.2985952049014648,0.5628128,0.31675825
3197,1,1,-0.070715904,0.22339988,0.4092845601524253,0.48000047,0.23040044
3198,1,1,0.42407632,-0.123975515,-0.3311501125762111,0.75522643,0.570367
3199,1,1,-0.0910337,0.23592281,0.3069789123351754,0.3980126,0.15841404
3200,1,1,0.32194424,-0.14468384,-0.1712993227864321,0.49324358,0.24328922
3201,1,1,0.009006262,0.13559628,0.1667269173751839,0.15772066,0.024875805
3202,1,1,0.22247434,-0.122097254,-0.0920246583053701,0.314499,0.09890962
3203,1,1,0.058858156,0.060836792,0.0971569546767114,0.0382988,0.0014667981
3204,1,1,0.17836428,-0.07969141,-0.0406289147033649,0.21899319,0.047958016
3205,1,1,0.09125376,0.0150876045,-0.0838552461261605,0.175109,0.03066316
3206,1,1,0.06400347,0.052829504,-0.0256813522194385,0.08968482,0.008043367
3207,1,1,0.10068607,0.0041663647,-0.0892465754210785,0.18993264,0.03607441
3208,1,1,0.06060791,0.058115482,0.0224368609464904,0.03817105,0.001457029
3209,1,1,0.13108039,-0.030002832,-0.1646130175598474,0.2956934,0.08743458
3210,1,1,0.013205528,0.12965608,0.0729990614687272,0.059793532,0.0035752666
3211,1,1,0.16306591,-0.064098835,-0.188505648371926,0.35157156,0.12360256
3212,1,1,-0.0017933846,0.15041733,0.2245229906628605,0.22631638,0.051219102
3213,1,1,0.2591746,-0.14850044,-0.4110763181376993,0.6702509,0.44923627
3214,1,1,-0.1407857,0.24670577,0.3980847995475192,0.53887045,0.29038137
3215,1,1,0.41292787,-0.12965298,-0.3262904409672171,0.7392183,0.5464437
3216,1,1,-0.08800292,0.23434687,0.3193338010826312,0.4073367,0.1659232
3217,1,1,0.3343115,-0.14597678,-0.2723490175025076,0.6066605,0.36803696
3218,1,1,-0.05431342,0.21004081,0.4046372440788328,0.45895067,0.21063572
3219,1,1,0.419451,-0.12642956,-0.523026334281949,0.94247735,0.8882635
3220,1,1,-0.21013808,0.21615434,0.4440028663569393,0.65414095,0.42790037
3221,1,1,0.4585836,-0.10227132,-0.3652616732710902,0.82384527,0.678721
3222,1,1,-0.11229086,0.2440238,0.4446776435300656,0.5569685,0.31021392
3223,1,1,0.45925307,-0.10186982,-0.3200589042788637,0.779312,0.6073272
3224,1,1,-0.08411503,0.23217392,0.2163808062210703,0.30049583,0.09029774
3225,1,1,0.25400186,-0.14767838,-0.2215934969916788,0.47559536,0.22619094
3226,1,1,-0.022541761,0.17670512,0.2937210660259546,0.31626284,0.10002218
3227,1,1,0.30866408,-0.14319396,-0.148110605887568,0.4567747,0.20864314
3228,1,1,0.02357316,0.11462331,0.1358863262911063,0.112313166,0.012614247
3229,1,1,0.20291066,-0.10374546,-0.1157093316566202,0.31862,0.101518705
3230,1,1,0.043949127,0.08390546,0.1047834281767996,0.060834303,0.0037008126
3231,1,1,0.18319559,-0.08451939,-0.1238684347238643,0.30706403,0.09428832
3232,1,1,0.038815737,0.09175801,0.2186442017069993,0.17982846,0.032338277
3233,1,1,0.25543928,-0.14793754,-0.0631348987136735,0.3185742,0.101489514
3234,1,1,0.07706118,0.032533407,0.0772110115727455,0.00014983863,2.2451614e-08
3235,1,1,0.16573215,-0.06684947,-0.1131791090938265,0.27891126,0.07779149
3236,1,1,0.04554081,0.08145857,0.1399148892401149,0.094374076,0.008906466
3237,1,1,0.20546484,-0.10618186,-0.0943164637001396,0.2997813,0.08986882
3238,1,1,0.05741501,0.06308174,0.0523899947866137,0.0050250143,2.5250769e-05
3239,1,1,0.1500225,-0.050436497,0.0165305542907288,0.13349195,0.0178201
3240,1,1,0.12734723,-0.025895357,0.0613270220468749,0.066020206,0.0043586674
3241,1,1,0.1556778,-0.056401253,0.0584833734627046,0.09719442,0.009446755
3242,1,1,0.15387845,-0.05450964,-0.0705501327543283,0.2244286,0.050368194
3243,1,1,0.07238722,0.0397861,-0.0706244179035451,0.14301163,0.020452326
3244,1,1,0.07234049,0.03985858,0.009915385503862,0.062425103,0.0038968935
3245,1,1,0.12316656,-0.02126503,-0.0231457657134446,0.14631233,0.021407297
3246,1,1,0.1022861,0.002327919,-0.0620725096112484,0.16435862,0.027013754
3247,1,1,0.077730894,0.03149724,-0.2346171430484491,0.31234804,0.0975613
3248,1,1,-0.030700684,0.18613076,0.3237099412171931,0.35441062,0.12560688
3249,1,1,0.33869028,-0.1461811,-0.1893010285333729,0.5279913,0.2787748
3250,1,1,-0.0022928715,0.15108466,0.177611747368402,0.17990462,0.032365672
3251,1,1,0.22938275,-0.12841368,-0.1860396073442043,0.41542238,0.17257576
3252,1,1,-0.0002465248,0.14833665,0.1382092334077254,0.13845576,0.01917
3253,1,1,0.20438361,-0.10515189,-0.0784688122112369,0.2828524,0.08000549
3254,1,1,0.06739712,0.047546387,0.1894870955755307,0.12208998,0.014905964
3255,1,1,0.23692107,-0.13521409,-0.1892488125529685,0.42616987,0.18162076
3256,1,1,-0.0022597313,0.15104151,0.1744860677670274,0.1767458,0.03123908
3257,1,1,0.2273984,-0.1266079,-0.2725300440457787,0.49992844,0.24992844
3258,1,1,-0.05442667,0.21014309,0.1022725827572155,0.15669926,0.024554657
3259,1,1,0.18160534,-0.08293533,-0.1999530536058107,0.3815584,0.1455868
3260,1,1,-0.008975267,0.15986586,0.0156936266110117,0.024668895,0.00060855434
3261,1,1,0.12681818,-0.02531147,-0.0184047156983098,0.1452229,0.021089692
3262,1,1,0.105279446,-0.0011000633,0.0425476516847131,0.062731795,0.003935278
3263,1,1,0.14379668,-0.043797016,0.1362092321904575,0.0075874478,5.7569363e-05
3264,1,1,0.2031157,-0.1039412,-0.0073902839695629,0.21050599,0.04431277
3265,1,1,0.112234354,-0.009006739,-0.1090734688999752,0.22130781,0.048977148
3266,1,1,0.04812455,0.07747674,0.1257770654416452,0.077652514,0.0060299127
3267,1,1,0.19650126,-0.09757662,-0.1232766468324038,0.3197779,0.10225791
3268,1,1,0.03918767,0.09119129,0.1201123671928292,0.0809247,0.0065488066
3269,1,1,0.19290996,-0.0940876,-0.1806268880692139,0.37353683,0.13952976
3270,1,1,0.00315094,0.14371777,0.0532437155124041,0.050092775,0.0025092862
3271,1,1,0.150563,-0.051009417,-0.0208463535695626,0.17140935,0.029381167
3272,1,1,0.10373807,0.0006635189,-0.1113874107039434,0.21512547,0.04627897
3273,1,1,0.04666853,0.079722404,0.1540960762297381,0.10742755,0.011540679
3274,1,1,0.2144599,-0.11466479,-0.0200825928087136,0.23454249,0.05501018
3275,1,1,0.10422015,0.000111579895,0.1585164283423159,0.05429627,0.0029480848
3276,1,1,0.21726418,-0.1172781,-0.326937817591455,0.54420197,0.29615578
3277,1,1,-0.08840656,0.23456359,0.1996815523940975,0.2880881,0.08299476
3278,1,1,0.24339414,-0.14097953,-0.1269359035455313,0.37033004,0.13714434
3279,1,1,0.036886454,0.094693184,0.0488944002206865,0.012007948,0.00014419081
3280,1,1,0.14781117,-0.048086643,-0.0425159807666362,0.19032715,0.036224425
3281,1,1,0.090063095,0.016474962,0.0557114008825339,0.034351695,0.001180039
3282,1,1,0.1521244,-0.052660704,0.1066793889479811,0.045445018,0.0020652497
3283,1,1,0.18439674,-0.08571267,-0.1228874706546974,0.3072842,0.094423585
3284,1,1,0.039432764,0.09081769,0.1237576395306261,0.084324874,0.007110684
3285,1,1,0.19522071,-0.09633613,-0.1286986986326748,0.32391942,0.104923785
3286,1,1,0.035777807,0.09637523,0.1298495045649832,0.0940717,0.008849485
3287,1,1,0.19908309,-0.100072145,-0.202536020479775,0.4016191,0.1612979
3288,1,1,-0.010594845,0.16194773,0.160219935276265,0.17081478,0.02917769
3289,1,1,0.21834493,-0.11828256,-0.1255375547093451,0.3438825,0.118255176
3290,1,1,0.037765503,0.09335685,0.0684674899546431,0.030701987,0.000942612
3291,1,1,0.16019702,-0.061122656,0.0765676205426881,0.0836294,0.0069938763
3292,1,1,0.16532493,-0.06643009,-0.1427867808774641,0.30811173,0.09493284
3293,1,1,0.026919365,0.1096735,0.1210402976496571,0.094120935,0.008858751
3294,1,1,0.1934979,-0.09466076,-0.0601296780165583,0.25362757,0.06432694
3295,1,1,0.07895541,0.029601336,0.0424631935775074,0.036492217,0.001331682
3296,1,1,0.14374304,-0.043739557,-0.0641551178767003,0.20789815,0.04322164
3297,1,1,0.076417685,0.033530235,0.1121829517943489,0.035765268,0.0012791544
3298,1,1,0.18788457,-0.08916092,-0.015091926224779,0.2029765,0.041199457
3299,1,1,0.10737109,-0.0034866333,0.0515947131642295,0.05577638,0.0031110046
3300,1,1,0.14951992,-0.049902678,0.0329689949670908,0.11655092,0.013584117
3301,1,1,0.1377387,-0.03726387,-0.1966720096653698,0.33441073,0.11183053
3302,1,1,-0.0069167614,0.15719366,0.1328945570504203,0.13981132,0.019547205
3303,1,1,0.20101357,-0.101928234,-0.0880687831305686,0.28908235,0.0835686
3304,1,1,0.061349392,0.056960583,0.0400177728757324,0.02133162,0.00045503798
3305,1,1,0.14219666,-0.04207802,-0.0071572694615502,0.14935392,0.022306593
3306,1,1,0.11238146,-0.009173155,0.138944625837242,0.026563168,0.0007056019
3307,1,1,0.2048502,-0.10559678,-0.2311711670806868,0.43602136,0.19011462
3308,1,1,-0.028542757,0.18369174,0.1367625127737723,0.16530527,0.027325833
3309,1,1,0.20346594,-0.10427642,-0.025599305489103,0.22906524,0.052470885
3310,1,1,0.10073781,0.004107237,-0.0671413108770675,0.16787912,0.028183399
3311,1,1,0.07453513,0.036449432,0.0491363710457224,0.025398761,0.00064509705
3312,1,1,0.14796424,-0.04824972,0.0214681355651502,0.1264961,0.016001265
3313,1,1,0.13046765,-0.029330254,-0.0790096899814614,0.20947734,0.043880753
3314,1,1,0.06705642,0.04807806,0.2346361781770216,0.16757976,0.028082974
3315,1,1,0.26560116,-0.1490972,-0.1242862718489141,0.38988742,0.1520122
3316,1,1,0.038553238,0.092158556,-0.0674887911060055,0.10604203,0.011244912
3317,1,1,0.07431674,0.036789894,0.0847221776072961,0.010405436,0.0001082731
3318,1,1,0.17048836,-0.07172227,-0.0428423790858971,0.21333075,0.045510005
3319,1,1,0.08985758,0.016716003,-0.0541394419700371,0.14399701,0.020735139
3320,1,1,0.08273244,0.025068998,0.1000013388437803,0.017268896,0.00029821479
3321,1,1,0.18016577,-0.08149791,-0.0746593953470737,0.25482517,0.06493587
3322,1,1,0.06979728,0.04381156,0.05027391539716,0.019523364,0.00038116172
3323,1,1,0.14868379,-0.04901576,-0.1707680713819082,0.31945187,0.1020495
3324,1,1,0.009339809,0.13512754,0.1694858873491527,0.16014607,0.025646765
3325,1,1,0.22422504,-0.123705864,-0.095095669430933,0.3193207,0.10196572
3326,1,1,0.056924105,0.06384349,0.0975941456050524,0.040670037,0.001654052
3327,1,1,0.17864108,-0.079969406,-0.0502710003060622,0.22891209,0.05240074
3328,1,1,0.0851717,0.022201061,-0.0367142597533147,0.121885955,0.014856186
3329,1,1,0.093723536,0.012214422,-0.0437373118177819,0.13746084,0.018895483
3330,1,1,0.08929324,0.017374754,0.084560077195972,0.0047331676,2.2402875e-05
3331,1,1,0.17038608,-0.0716176,0.0748743021911697,0.09551177,0.009122498
3332,1,1,0.164253,-0.06532478,-0.043239139233,0.20749214,0.04305299
3333,1,1,0.08960724,0.017007828,0.1080760647906431,0.018468827,0.00034109756
3334,1,1,0.18528199,-0.08659053,-0.0888387044034706,0.2741207,0.07514215
3335,1,1,0.06086445,0.057715893,0.1982530917307023,0.13738865,0.01887564
3336,1,1,0.24248719,-0.14017558,-0.11037439163022,0.35286158,0.124511294
3337,1,1,0.047305822,0.07874012,0.1083774746255086,0.06107165,0.0037297464
3338,1,1,0.18547273,-0.08677912,-0.0995679275705798,0.28504065,0.08124817
3339,1,1,0.05410862,0.06821585,0.0360503233397304,0.018058296,0.00032610208
3340,1,1,0.13968754,-0.039373398,-0.031968126006157,0.17165565,0.029465664
3341,1,1,0.09671855,0.008743286,-0.1352551159147799,0.23197366,0.05381178
3342,1,1,0.031654596,0.10259676,0.1693826636894488,0.13772807,0.01896902
3343,1,1,0.22415924,-0.12364602,-0.0944984751489519,0.31865773,0.10154275
3344,1,1,0.05730009,0.06325865,0.0742934659891418,0.016993374,0.00028877475
3345,1,1,0.16388512,-0.06494522,-0.1067572077533003,0.27064234,0.073247276
3346,1,1,0.04958272,0.07522464,0.1633233896078918,0.11374067,0.0129369395
3347,1,1,0.22031426,-0.12010527,-0.2185473768497909,0.43886164,0.19259953
3348,1,1,-0.020632982,0.17442203,0.2645399995505144,0.28517297,0.08132362
3349,1,1,0.28461218,-0.14811373,-0.380771798467661,0.66538393,0.4427358
3350,1,1,-0.121944666,0.24598122,0.2088810569787478,0.33082572,0.109445654
3351,1,1,0.2492373,-0.14612913,-0.1546663104001244,0.4039036,0.16313812
3352,1,1,0.019453764,0.1206553,-0.1084899859288923,0.12794375,0.016369604
3353,1,1,0.048491716,0.07690954,-0.0321565664555043,0.08064829,0.0065041464
3354,1,1,0.09659934,0.008881092,0.0731506518043185,0.02344869,0.0005498411
3355,1,1,0.16316175,-0.06419754,-0.1186314781375621,0.28179324,0.07940743
3356,1,1,0.04211068,0.086725,0.1912903483522803,0.14917967,0.022254573
3357,1,1,0.2380662,-0.13623905,-0.3470018809313968,0.5850681,0.34230468
3358,1,1,-0.10091615,0.24033523,0.2374298825922691,0.33834603,0.11447804
3359,1,1,0.2673769,-0.14917994,-0.3966719232061679,0.6640488,0.4409608
3360,1,1,-0.13183379,0.24686885,0.3830418551699641,0.51487565,0.26509693
3361,1,1,0.39794016,-0.13599277,-0.2469910126664127,0.6449312,0.41593626
3362,1,1,-0.03844881,0.1945486,0.2705509899889398,0.3089998,0.09548088
3363,1,1,0.28843427,-0.14741874,-0.1573410368652004,0.4457753,0.19871561
3364,1,1,0.01777339,0.12309456,-0.1124246212690818,0.130198,0.01695152
3365,1,1,0.046015978,0.0807271,0.1177170624956489,0.07170109,0.005141046
3366,1,1,0.19139242,-0.09260464,-0.0741567822564746,0.2655492,0.070516385
3367,1,1,0.0701139,0.043319225,0.079514097873885,0.009400204,8.8363835e-05
3368,1,1,0.16719079,-0.06834841,-0.0046363564518361,0.17182715,0.02952457
3369,1,1,0.11397362,-0.010971546,-0.0972598810819627,0.2112335,0.04461959
3370,1,1,0.05556202,0.06596017,0.2327697533119246,0.17720774,0.031402584
3371,1,1,0.26441503,-0.14902186,-0.3766770204771101,0.64109206,0.41099903
3372,1,1,-0.11939645,0.24556923,0.3713987798978468,0.49079522,0.24087995
3373,1,1,0.38633013,-0.13987279,-0.2119569542731647,0.5982871,0.35794747
3374,1,1,-0.016502142,0.1693809,0.1036774632198347,0.12017961,0.014443139
3375,1,1,0.18249512,-0.08382201,-0.0262745673307005,0.20876968,0.04358478
3376,1,1,0.100311756,0.004597664,-0.0757969758059928,0.17610873,0.031014286
3377,1,1,0.06908035,0.04492712,0.0112111439839996,0.05786921,0.0033488455
3378,1,1,0.12398529,-0.02217412,-0.11943828246521,0.24342358,0.05925504
3379,1,1,0.041602373,0.087501764,-0.1151166760219508,0.15671906,0.024560863
3380,1,1,0.044321537,0.083333015,0.0780348889018212,0.03371335,0.0011365898
3381,1,1,0.16625404,-0.06738591,-0.0932821979811824,0.25953624,0.06735906
3382,1,1,0.05806613,0.062068224,0.0743019706668439,0.016235843,0.00026360262
3383,1,1,0.16389084,-0.06495023,-0.0250059727440516,0.1888968,0.035682004
3384,1,1,0.101112366,0.0036768913,0.1115608914217913,0.010448523,0.00010917163
3385,1,1,0.18749046,-0.0887723,-0.0944212975589704,0.28191176,0.07947424
3386,1,1,0.057349205,0.06318307,0.2372504395221479,0.17990123,0.03236445
3387,1,1,0.26726246,-0.1491754,-0.3149005576861534,0.582163,0.33891374
3388,1,1,-0.08089614,0.23024678,0.2095514930213018,0.29044765,0.08435984
3389,1,1,0.24966311,-0.1465013,-0.1401205393570324,0.38978365,0.1519313
3390,1,1,0.028595686,0.10717726,0.2596113880702195,0.23101571,0.05336826
3391,1,1,0.28147745,-0.1485591,-0.2192696277089081,0.5007471,0.25074765
3392,1,1,-0.02108574,0.17496586,0.1845882565686984,0.205674,0.042301793
3393,1,1,0.2338109,-0.13241982,-0.1603751474951744,0.39418605,0.15538265
3394,1,1,0.015866756,0.12584496,0.155532754185109,0.13966599,0.019506589
3395,1,1,0.2153709,-0.11551547,0.0081121845631257,0.2072587,0.04295617
3396,1,1,0.12202716,-0.01999712,0.150845290005225,0.02881813,0.00083048467
3397,1,1,0.21239758,-0.11273265,-0.1219929645209347,0.33439055,0.11181704
3398,1,1,0.039995432,0.08995843,0.2574493473383787,0.21745393,0.04728621
3399,1,1,0.2801032,-0.14871955,-0.2690947057008448,0.5491979,0.30161834
3400,1,1,-0.05227852,0.20819068,0.307545129373687,0.35982364,0.12947306
3401,1,1,0.32251096,-0.14476657,-0.2734188096680499,0.59592974,0.35513225
3402,1,1,-0.054982662,0.21063948,0.2777491841960611,0.33273184,0.11071048
3403,1,1,0.29301238,-0.14637017,-0.51809681533847,0.8111092,0.6578981
3404,1,1,-0.20709252,0.21849775,0.3658403642004888,0.5729329,0.3282521
3405,1,1,0.3807845,-0.1414051,-0.3138443601279759,0.69462883,0.48250923
3406,1,1,-0.08023691,0.22983837,0.1913072351998312,0.27154416,0.07373623
3407,1,1,0.23807669,-0.13624811,-0.1212267648658667,0.35930344,0.12909897
3408,1,1,0.040477514,0.08922267,-0.0294869991586153,0.06996451,0.0048950333
3409,1,1,0.098284006,0.006934643,0.0915363755495644,0.006747633,4.5530553e-05
3410,1,1,0.17480397,-0.0761044,0.0758512040641186,0.09895277,0.009791651
3411,1,1,0.16487145,-0.06596303,-0.059013563020315,0.22388501,0.0501245
3412,1,1,0.07965922,0.028694391,0.1444799738359634,0.06482075,0.00420173
3413,1,1,0.20835996,-0.10892892,-0.0336098998902225,0.24196985,0.05854941
3414,1,1,0.095681906,0.009943247,0.05559663422504,0.04008527,0.001606829
3415,1,1,0.15205193,-0.052583694,0.1532842944562027,0.0012323707,1.5187376e-06
3416,1,1,0.21394515,-0.11418295,-0.2776277985521664,0.49157295,0.24164397
3417,1,1,-0.057614088,0.21295309,0.2753578435113963,0.33297193,0.11087031
3418,1,1,0.29149175,-0.14674449,-0.3577156633480132,0.6492074,0.42147025
3419,1,1,-0.10759115,0.24268055,0.286678776755493,0.39426994,0.1554488
3420,1,1,0.30160594,-0.14473772,-0.2180965057427069,0.51970243,0.2700906
3421,1,1,-0.020350695,0.17408133,0.2198638512074109,0.24021454,0.057703026
3422,1,1,0.25621438,-0.14806628,-0.2143193554656748,0.47053373,0.22140199
3423,1,1,-0.01798296,0.17120242,0.1473118584362267,0.16529481,0.027322374
3424,1,1,0.21015644,-0.11062479,0.1120746839746256,0.09808176,0.009620031
3425,1,1,0.18781567,-0.08909321,-0.0147780819452889,0.20259374,0.041044224
3426,1,1,0.10756898,-0.0037117004,0.0539626024379762,0.053606376,0.0028736435
3427,1,1,0.15101767,-0.051490545,-0.0477104738208842,0.19872814,0.039492875
3428,1,1,0.08678675,0.020306826,-0.014432083022112,0.10121883,0.010245251
3429,1,1,0.10778761,-0.0039610863,-0.2184858793098718,0.3262735,0.106454395
3430,1,1,-0.020594597,0.17437458,0.3092288875126754,0.3298235,0.108783536
3431,1,1,0.3241973,-0.14499879,-0.2793856526014262,0.603583,0.3643124
3432,1,1,-0.058713198,0.21389794,0.3843602485581749,0.44307345,0.19631408
3433,1,1,0.39925432,-0.1354959,-0.5030855866824946,0.90233994,0.8142174
3434,1,1,-0.19781399,0.2251153,0.4845960832247833,0.68241006,0.4656835
3435,1,1,0.49882197,-0.061932802,-0.526120347026716,1.0249424,1.050507
3436,1,1,-0.21204877,0.21464205,0.5130699453448675,0.7251187,0.5257971
3437,1,1,0.5269747,0.01362443,-0.4445214466330944,0.9714961,0.9438047
3438,1,1,-0.16154695,0.24285436,0.5069546867002037,0.6685016,0.4468944
3439,1,1,0.52093387,-0.0019004345,-0.3877988043389671,0.90873265,0.82579505
3440,1,1,-0.12631607,0.24651289,0.4660680937952222,0.59238416,0.35091898
3441,1,1,0.48047066,-0.08632898,-0.392196451519105,0.8726671,0.7615478
3442,1,1,-0.12905073,0.24673343,0.3952853478367117,0.5243361,0.27492833
3443,1,1,0.4101398,-0.1309452,-0.4853655182322036,0.8955053,0.8019298
3444,1,1,-0.1868527,0.23187995,0.4877074107020132,0.67456007,0.45503128
3445,1,1,0.50190115,-0.053611755,-0.4050950119649452,0.90699613,0.82264197
3446,1,1,-0.13706946,0.2468853,0.5105478216622066,0.6476173,0.41940814
3447,1,1,0.5244832,0.007319689,-0.2722245606022251,0.79670775,0.6347432
3448,1,1,-0.054235935,0.20997119,0.2020122725664261,0.2562482,0.065663144
3449,1,1,0.24487495,-0.1422894,-0.1550713899006601,0.39994633,0.15995707
3450,1,1,0.019199371,0.12102485,0.1389229036601125,0.11972353,0.014333723
3451,1,1,0.20483613,-0.10558343,-0.2718176497244813,0.47665378,0.22719882
3452,1,1,-0.05398178,0.20974159,0.349852293067443,0.40383407,0.16308196
3453,1,1,0.36482263,-0.14464712,-0.1287511050692003,0.49357373,0.24361502
3454,1,1,0.03574419,0.09642506,0.0237143406333069,0.012029849,0.00014471727
3455,1,1,0.13188791,-0.030887604,-0.03762183014905,0.16950974,0.028733552
3456,1,1,0.093150854,0.012879372,0.0973774234953697,0.004226573,1.7863918e-05
3457,1,1,0.17850399,-0.07983136,-0.086386511153238,0.2648905,0.070166975
3458,1,1,0.062409163,0.055312395,0.1956876602975916,0.1332785,0.01776316
3459,1,1,0.24085808,-0.13872886,0.0837546558617958,0.15710342,0.024681484
3460,1,1,0.16987562,-0.07109666,-0.113319856846084,0.2831955,0.08019969
3461,1,1,0.04545188,0.08159447,-0.0510769391676166,0.09652881,0.009317812
3462,1,1,0.08466363,0.022797823,0.0736256647146484,0.011037968,0.00012183674
3463,1,1,0.1634624,-0.06450796,-0.0786067631808613,0.24206915,0.058597475
3464,1,1,0.06731057,0.047682285,0.0642517910863573,0.0030587837,9.3561575e-06
3465,1,1,0.15752888,-0.058339596,-0.0450133130839356,0.20254219,0.041023336
3466,1,1,0.08848786,0.018315554,-0.1787091814096157,0.26719704,0.07139426
3467,1,1,0.0043542385,0.14206481,-0.04620971538756,0.050563954,0.0025567135
3468,1,1,0.08773351,0.01919794,0.0666085527852797,0.021124952,0.00044626358
3469,1,1,0.15902066,-0.059897423,0.06571129283124,0.09330937,0.008706639
3470,1,1,0.15845227,-0.059304714,0.1272941135710574,0.031158164,0.0009708312
3471,1,1,0.1974628,-0.09850836,-0.2370345015529276,0.4344973,0.1887879
3472,1,1,-0.03221488,0.1878171,0.1769820920410758,0.20919697,0.043763373
3473,1,1,0.22898269,-0.1280508,0.0081441217174003,0.22083856,0.04876967
3474,1,1,0.122047424,-0.020019531,-0.125969659648331,0.24801709,0.061512474
3475,1,1,0.037494183,0.09377003,0.1021346047555891,0.064640425,0.004178385
3476,1,1,0.18151736,-0.08284783,-0.2200106895375664,0.40152806,0.16122478
3477,1,1,-0.021550179,0.17552185,0.0598516393330967,0.08140182,0.006626256
3478,1,1,0.15474439,-0.055420876,-0.0339996913364903,0.18874408,0.03562433
3479,1,1,0.09543657,0.010227203,-0.0815701700296096,0.17700675,0.03133139
3480,1,1,0.06544304,0.050588608,0.0323665310394485,0.033076506,0.0010940552
3481,1,1,0.13735843,-0.036851168,-0.0782975188429881,0.21565595,0.04650749
3482,1,1,0.06750512,0.04737854,0.2160691137675656,0.148564,0.022071261
3483,1,1,0.25380373,-0.14764118,-0.3276093856641267,0.58141315,0.33804125
3484,1,1,-0.0888257,0.23478532,0.4106342012849175,0.4994599,0.24946019
3485,1,1,0.42541957,-0.12323594,-0.5269354401434105,0.952355,0.9069801
3486,1,1,-0.2125516,0.21423769,0.5092078651758345,0.72175944,0.52093667
3487,1,1,0.5231595,0.0039622784,-0.5203623839394207,1.0435219,1.0889379
3488,1,1,-0.2084918,0.21743107,0.5541095238883815,0.7626013,0.5815608
3489,1,1,0.5674403,0.11306095,-0.4695808553031479,1.0370212,1.0754129
3490,1,1,-0.1770792,0.23690724,0.4561962503113985,0.63327545,0.40103778
3491,1,1,0.47068262,-0.09417033,-0.5880209400055567,1.0587035,1.1208532
3492,1,1,-0.2502098,0.17814374,0.4128378286527696,0.6630477,0.4396322
3493,1,1,0.42761183,-0.122005224,-0.4349906007802246,0.8626025,0.74408305
3494,1,1,-0.15563416,0.24443793,0.5342783437553673,0.6899125,0.47597927
3495,1,1,0.54790354,0.06572008,-0.3638842245335558,0.91178775,0.8313569
3496,1,1,-0.11143303,0.24379754,0.4328636907373737,0.54429674,0.29625896
3497,1,1,0.44752073,-0.10941005,-0.406670340203171,0.85419106,0.7296424
3498,1,1,-0.13804817,0.24685264,0.2595536040097848,0.39760178,0.15808718
3499,1,1,0.2814405,-0.14856386,-0.2199731039023262,0.5014136,0.25141558
3500,1,1,-0.021526814,0.17549443,0.2551338053104865,0.27666062,0.076541096
3501,1,1,0.27863073,-0.14886713,-0.0299284745475887,0.3085592,0.09520879
3502,1,1,0.09800577,0.0072567463,0.1742974270774402,0.07629165,0.005820416
3503,1,1,0.22727871,-0.12649846,-0.156591395809269,0.38387012,0.14735627
3504,1,1,0.018244267,0.12241173,-0.0351997901512408,0.053444058,0.0028562674
3505,1,1,0.09467912,0.011105061,0.1820979085004674,0.087418795,0.0076420456
3506,1,1,0.23223019,-0.1309936,-0.2721256774509375,0.5043559,0.2543749
3507,1,1,-0.054174185,0.20991564,0.1522254255257831,0.2063996,0.042600796
3508,1,1,0.21327305,-0.113553524,-0.2606012775994761,0.47387433,0.22455688
3509,1,1,-0.046965837,0.20316696,0.4145540363664111,0.46151987,0.21300058
3510,1,1,0.42931962,-0.12102461,-0.278099087920121,0.7074187,0.5004412
3511,1,1,-0.057908773,0.21320748,0.4592689218187473,0.5171777,0.26747277
3512,1,1,0.47372985,-0.09185147,-0.3999690253233154,0.87369883,0.76334965
3513,1,1,-0.13388324,0.24691224,0.3239261668940028,0.45780942,0.20958947
3514,1,1,0.33890653,-0.14618802,-0.5439431096903005,0.88284963,0.7794235
3515,1,1,-0.22304964,0.20531702,0.4612860731366126,0.6843357,0.46831536
3516,1,1,0.47572994,-0.09026885,-0.5452925990526887,1.0210226,1.042487
3517,1,1,-0.2238822,0.20456934,0.5404239149781591,0.7643061,0.58416384
3518,1,1,0.55396104,0.080528975,-0.3646613596510821,0.9186224,0.84386706
3519,1,1,-0.11191702,0.24392724,0.5302083618100757,0.64212537,0.412325
3520,1,1,0.54388976,0.055844545,-0.4904784859337154,1.0343683,1.0699177
3521,1,1,-0.19001675,0.23004794,0.507521104162783,0.69753784,0.48655903
3522,1,1,0.5214932,-0.00037264824,-0.5554483303918292,1.0769415,1.1598029
3523,1,1,-0.2301457,0.198766,0.4566236946799962,0.68676937,0.47165215
3524,1,1,0.47110677,-0.09385443,-0.5424399144432339,1.0135467,1.0272769
3525,1,1,-0.22212219,0.20614243,0.6186103473639717,0.8407325,0.70683116
3526,1,1,0.63076186,0.2590723,-0.5516409248855028,1.1824028,1.3980765
3527,1,1,-0.22779799,0.20097828,0.4509334309403363,0.67873144,0.46067637
3528,1,1,0.46546173,-0.0978837,-0.2905543072061705,0.756016,0.5715602
3529,1,1,-0.065692425,0.21960878,0.3555149539813169,0.42120737,0.17741565
3530,1,1,0.3704784,-0.14369655,-0.1572117581669219,0.5276902,0.27845693
3531,1,1,0.01785469,0.122976065,0.0458121696954485,0.02795748,0.00078162074
3532,1,1,0.14586163,-0.046007395,0.0870024888240932,0.05885914,0.0034643984
3533,1,1,0.17193246,-0.07319307,-0.2026303384228258,0.3745628,0.1402973
3534,1,1,-0.010654449,0.16202402,0.1953862599899154,0.20604071,0.042452775
3535,1,1,0.24066663,-0.13855886,-0.131234125256503,0.37190074,0.13831016
3536,1,1,0.034182787,0.09878731,0.043846706825712,0.009663921,9.339137e-05
3537,1,1,0.14461875,-0.044677734,-0.0903696151926802,0.23498836,0.05521953
3538,1,1,0.059900045,0.059215546,0.0238009127938139,0.036099132,0.0013031473
3539,1,1,0.13194275,-0.030947924,-0.0966176917193015,0.22856045,0.05223988
3540,1,1,0.0559659,0.06533265,-0.0525080988677832,0.108474,0.011766609
3541,1,1,0.083761215,0.023858547,0.0963345184898543,0.012573302,0.00015808792
3542,1,1,0.17784333,-0.079167604,-0.0630174030907455,0.24086073,0.05801389
3543,1,1,0.07713485,0.032419205,0.0980130457134569,0.020878196,0.00043589907
3544,1,1,0.1789062,-0.080235004,-0.1001901000227389,0.2790963,0.07789475
3545,1,1,0.05371666,0.06882334,0.210803293770792,0.15708664,0.024676213
3546,1,1,0.25045848,-0.14694166,-0.2986852395837904,0.54914373,0.30155885
3547,1,1,-0.07077217,0.22344041,0.2499018129739036,0.320674,0.10283182
3548,1,1,0.27530456,-0.14910913,-0.2485867210121726,0.52389127,0.27446207
3549,1,1,-0.039447784,0.19559431,0.3407408144318329,0.38018858,0.14454336
3550,1,1,0.35571885,-0.14571524,-0.2631813721163163,0.6189002,0.38303742
3551,1,1,-0.048579693,0.20472336,0.2416926392972769,0.29027233,0.08425802
3552,1,1,0.27008653,-0.14923573,-0.2642951035229641,0.5343816,0.28556374
3553,1,1,-0.04927659,0.20538664,0.2240430673425297,0.27331966,0.074703634
3554,1,1,0.25887012,-0.14845991,-0.2293169866580724,0.4881871,0.23832665
3555,1,1,-0.027381182,0.1823628,0.3556021442230781,0.38298333,0.14667623
3556,1,1,0.37056518,-0.14368081,-0.1888544085067045,0.5594196,0.31295025
3557,1,1,-0.0020122528,0.15071034,0.095118215177413,0.09713047,0.009434328
3558,1,1,0.177073,-0.07839298,-0.1866424785823039,0.36371547,0.13228895
3559,1,1,-0.0006248951,0.14884639,0.2987340728813654,0.29935896,0.08961579
3560,1,1,0.31368685,-0.14323068,-0.3072173734152845,0.6209042,0.38552204
3561,1,1,-0.07610035,0.22716212,0.4815224352898712,0.5576228,0.3109432
3562,1,1,0.49577904,-0.07014108,-0.5324339003106311,1.028213,1.057222
3563,1,1,-0.21594667,0.21145582,0.3362977658512722,0.5522444,0.3049739
3564,1,1,0.3512783,-0.14602971,-0.3140397941090254,0.66531813,0.4426482
3565,1,1,-0.080358505,0.22991395,0.2421908230942127,0.32254934,0.10403808
3566,1,1,0.27040243,-0.1492374,0.0122828423840801,0.25811958,0.06662572
3567,1,1,0.1246624,-0.022925615,-0.0249648406344524,0.14962724,0.022388311
3568,1,1,0.10113835,0.0036468506,0.1188043842049846,0.017666034,0.00031208878
3569,1,1,0.19208097,-0.09327817,-0.0898365409435224,0.2819175,0.07947748
3570,1,1,0.06023574,0.058693647,0.1755235486578552,0.11528781,0.013291279
3571,1,1,0.22805691,-0.12720823,-0.0786529533077664,0.30670986,0.094070934
3572,1,1,0.06728077,0.047727346,0.0924755874545542,0.025194816,0.00063477876
3573,1,1,0.17539883,-0.07670522,-0.3074322070829089,0.48283103,0.2331258
3574,1,1,-0.076233864,0.22725177,0.3626925153166485,0.43892637,0.19265635
3575,1,1,0.37764335,-0.14217997,-0.1962429540873773,0.5738863,0.32934546
3576,1,1,-0.006648302,0.15684152,0.1975411020962831,0.2041894,0.041693315
3577,1,1,0.24203539,-0.1397748,-0.3174135403003082,0.55944896,0.31298313
3578,1,1,-0.08246446,0.23119998,0.348260980597177,0.43072543,0.18552439
3579,1,1,0.36323333,-0.1448741,-0.3631934605386435,0.7264268,0.5276959
3580,1,1,-0.11100268,0.24368072,0.2208023179351084,0.331805,0.110094555
3581,1,1,0.25681067,-0.14816213,-0.2668519561534883,0.5236626,0.27422255
3582,1,1,-0.050875902,0.2068913,0.1519050174091072,0.20278092,0.0411201
3583,1,1,0.2130704,-0.113363266,0.0397272787122791,0.17334312,0.030047838
3584,1,1,0.14201331,-0.041880608,0.0027020235273442,0.13931128,0.019407634
3585,1,1,0.11860919,-0.016180515,0.079558102463213,0.039051086,0.0015249873
3586,1,1,0.16721845,-0.06837702,-0.1004778456703907,0.2676963,0.0716613
3587,1,1,0.053535223,0.06910515,0.1374975272713157,0.08396231,0.007049669
3588,1,1,0.20393252,-0.10472202,-0.3042600804927535,0.5081926,0.2582597
3589,1,1,-0.0742538,0.22590804,0.3594424853435236,0.43369627,0.18809246
3590,1,1,0.37439942,-0.14290953,-0.2955663205010288,0.66996574,0.4488541
3591,1,1,-0.068823814,0.22200394,0.2074550513297302,0.27627885,0.076330006
3592,1,1,0.24833179,-0.14533329,-0.2893652041068608,0.53769696,0.28911802
3593,1,1,-0.06494975,0.2190249,0.2264570796969045,0.2914068,0.08491793
3594,1,1,0.26040363,-0.14865041,-0.2448165375326212,0.5052202,0.2552474
3595,1,1,-0.03708744,0.19310808,0.1433710716540503,0.18045852,0.032565277
3596,1,1,0.20765686,-0.10826278,-0.1223471274123877,0.33000398,0.108902626
3597,1,1,0.03977251,0.09029889,0.1648227708026364,0.12505026,0.015637567
3598,1,1,0.2212658,-0.12098384,-0.1579961921716686,0.37926197,0.14383964
3599,1,1,0.01736164,0.12368941,0.3104407723432398,0.29307914,0.08589538
3600,1,1,0.3254106,-0.1451528,-0.4424738946444759,0.7678845,0.5896466
3601,1,1,-0.16027665,0.24322677,0.249532609143217,0.40980926,0.16794363
3602,1,1,0.27506948,-0.14912176,-0.0916105148007342,0.36668,0.13445422
3603,1,1,0.059119225,0.060431242,0.1613794551383787,0.10226023,0.010457155
3604,1,1,0.21908092,-0.11896372,-0.1523232928528428,0.37140423,0.1379411
3605,1,1,0.020926237,0.11850834,0.0888325126554656,0.067906275,0.004611262
3606,1,1,0.17309141,-0.07436943,-0.0521391503733519,0.22523056,0.050728805
3607,1,1,0.08399391,0.023584843,0.0057432240788619,0.07825069,0.0061231707
3608,1,1,0.12053037,-0.018328428,0.0685809398284833,0.051949427,0.002698743
3609,1,1,0.16026926,-0.06119728,-0.1075011788994868,0.26777044,0.071701005
3610,1,1,0.049114466,0.07594848,0.0310604257469808,0.01805404,0.00032594838
3611,1,1,0.13653207,-0.035954,-0.1317996425397511,0.2683317,0.072001904
3612,1,1,0.033827543,0.09932399,0.0889787745030843,0.05515123,0.0030416583
3613,1,1,0.1731844,-0.07446432,-0.0537551306642893,0.22693953,0.05150155
3614,1,1,0.08297491,0.024784327,0.0050694090965079,0.0779055,0.0060692667
3615,1,1,0.12010479,-0.01785326,0.0362543746717562,0.08385041,0.0070308917
3616,1,1,0.13981628,-0.039512396,-0.1224659162246224,0.2622822,0.06879195
3617,1,1,0.039697886,0.090412855,0.0004455703937433,0.039252315,0.0015407442
3618,1,1,0.117183685,-0.014582872,0.0908229595217302,0.026360728,0.00069488795
3619,1,1,0.17435217,-0.07564688,0.0249429650596542,0.1494092,0.022323111
3620,1,1,0.1326642,-0.031737804,0.0582067503031704,0.07445745,0.0055439123
3621,1,1,0.15370345,-0.054325342,-0.0024008720017025,0.15610433,0.02436856
3622,1,1,0.11538553,-0.012562275,-0.0628375711231803,0.1782231,0.031763475
3623,1,1,0.077248335,0.03224349,0.1523146945031901,0.07506636,0.005634958
3624,1,1,0.21333027,-0.11360693,-0.20392143372435,0.4172517,0.17409898
3625,1,1,-0.011463881,0.16305685,0.3050068931941712,0.31647077,0.10015375
3626,1,1,0.3199699,-0.14437962,-0.256513966090131,0.57648385,0.33233362
3627,1,1,-0.04440856,0.20065045,0.2165014919014716,0.26091003,0.06807405
3628,1,1,0.2540784,-0.14769244,-0.249121033865443,0.50319946,0.25320968
3629,1,1,-0.039782047,0.19594216,0.2778171311195407,0.31759918,0.10086924
3630,1,1,0.29305553,-0.14635897,-0.1229255421543276,0.41598108,0.17304026
3631,1,1,0.039408445,0.09085441,0.2808509242287278,0.24144247,0.058294468
3632,1,1,0.29576278,-0.14584374,-0.2274324035752029,0.52319515,0.27373317
3633,1,1,-0.026200533,0.18100095,0.1950825879321418,0.22128312,0.04896622
3634,1,1,0.24047399,-0.13838673,-0.2400497794987908,0.48052377,0.23090309
3635,1,1,-0.034103155,0.18989253,0.3438336336407475,0.37793678,0.14283621
3636,1,1,0.35880995,-0.1454165,-0.2380554500371787,0.5968654,0.35624832
3637,1,1,-0.03285432,0.18852353,0.3268955407243346,0.35974985,0.12941995
3638,1,1,0.3418765,-0.14624643,-0.2890537384937848,0.63093024,0.398073
3639,1,1,-0.06475496,0.21887064,0.3701730775210858,0.43492803,0.18916239
3640,1,1,0.38510752,-0.1402278,-0.3038732978725416,0.6889808,0.47469458
3641,1,1,-0.0740118,0.22574067,0.3259121440261516,0.39992395,0.15993917
3642,1,1,0.34089303,-0.14623356,-0.3547266132847819,0.69561964,0.4838867
3643,1,1,-0.10572934,0.24207854,0.3920381439585094,0.49776748,0.24777246
3644,1,1,0.40690494,-0.1323793,-0.3081103548546355,0.7150153,0.51124686
3645,1,1,-0.07665706,0.22753406,0.2726437794591767,0.34930083,0.12201107
3646,1,1,0.28976536,-0.14713812,-0.17707633013107,0.4668417,0.21794116
3647,1,1,0.0053794384,0.14065027,0.2095749782500222,0.20419554,0.041695822
3648,1,1,0.24967813,-0.14651442,-0.2066712675292965,0.4563494,0.20825478
3649,1,1,-0.013188362,0.16524243,0.3113012527299896,0.32448962,0.10529351
3650,1,1,0.326272,-0.14525652,-0.2445072693999117,0.57077926,0.32578897
3651,1,1,-0.036894083,0.19290233,0.2309556558200483,0.26784974,0.07174349
3652,1,1,0.26326227,-0.14893436,-0.0116191615730634,0.27488142,0.075559795
3653,1,1,0.10956383,-0.005980015,-0.0409270836415913,0.15049091,0.022647513
3654,1,1,0.091065645,0.015306473,0.0482103387970322,0.042855307,0.0018365774
3655,1,1,0.14737844,-0.04762554,-0.0643828585236372,0.2117613,0.044842847
3656,1,1,0.07627416,0.033752203,-0.0771370220957323,0.15341118,0.02353499
3657,1,1,0.06823611,0.04624057,0.147480216317092,0.07924411,0.0062796287
3658,1,1,0.21026325,-0.1107254,-0.3115467907307208,0.52181005,0.27228573
3659,1,1,-0.07880306,0.2289319,0.1781389490976264,0.25694203,0.06601921
3660,1,1,0.22971678,-0.12871766,-0.1938854199663047,0.4236022,0.17943881
3661,1,1,-0.005169153,0.15490055,0.1778515103645399,0.18302067,0.033496566
3662,1,1,0.22953463,-0.12855172,-0.1826329855314914,0.4121676,0.16988213
3663,1,1,0.0018918514,0.14543796,0.2545012212604316,0.25260937,0.063811496
3664,1,1,0.27822876,-0.14890265,-0.1361909031264057,0.41441965,0.17174365
3665,1,1,0.03106618,0.10348034,0.1284401977088456,0.09737402,0.0094817
3666,1,1,0.19818926,-0.09920931,-0.2739716598303432,0.4721609,0.22293591
3667,1,1,-0.05532837,0.21094775,0.210371694550469,0.26570004,0.070596516
3668,1,1,0.2501843,-0.14687848,-0.1995525342004631,0.44973683,0.20226322
3669,1,1,-0.008723974,0.15954089,0.1083659873478475,0.117089964,0.01371006
3670,1,1,0.18546557,-0.08677173,-0.2214788366224374,0.4069444,0.16560374
3671,1,1,-0.022469997,0.17662024,0.3273153210332014,0.34978533,0.12234978
3672,1,1,0.34229636,-0.14624906,-0.2823567683334076,0.6246531,0.3901915
3673,1,1,-0.06057,0.21546674,0.3840761930010239,0.4446462,0.19771025
3674,1,1,0.39897156,-0.13560414,-0.3273658120663811,0.7263374,0.52756596
3675,1,1,-0.08867335,0.23470473,0.4400577995303778,0.52873117,0.27955666
3676,1,1,0.45466638,-0.10451102,-0.2638211368330254,0.7184875,0.51622427
3677,1,1,-0.048979998,0.20510459,0.2156729863190802,0.26465297,0.070041195
3678,1,1,0.25355172,-0.14759254,-0.2162389880013182,0.4697907,0.2207033
3679,1,1,-0.019186258,0.17267132,0.0379268428142993,0.0571131,0.003261906
3680,1,1,0.14087439,-0.040653706,0.0263985995026962,0.11447579,0.013104706
3681,1,1,0.13358474,-0.03274393,0.0721130089842514,0.06147173,0.0037787736
3682,1,1,0.16250491,-0.06351805,0.0463189865871904,0.116185926,0.01349917
3683,1,1,0.14618206,-0.046349764,0.0185806864649364,0.12760137,0.01628211
3684,1,1,0.12864304,-0.027323723,0.0465985773178463,0.08204446,0.006731293
3685,1,1,0.14635944,-0.04653859,-0.0014110849064987,0.14777052,0.021836128
3686,1,1,0.116010666,-0.01326561,-0.0207074793712944,0.13671814,0.018691849
3687,1,1,0.10382581,0.0005633831,-0.0736921009894868,0.1775179,0.031512607
3688,1,1,0.07040739,0.042863607,0.1284727510897512,0.058065355,0.0033715854
3689,1,1,0.19821024,-0.09923029,-0.0538433507020532,0.2520536,0.06353101
3690,1,1,0.08291912,0.0248487,0.0813042557122418,0.0016148686,2.6078008e-06
3691,1,1,0.168324,-0.0695107,0.010038385304496,0.1582856,0.025054332
3692,1,1,0.123244524,-0.021351576,0.1029883282337809,0.020256199,0.0004103136
3693,1,1,0.1820581,-0.0833869,0.0551604813575736,0.12689762,0.016103005
3694,1,1,0.15177584,-0.05229187,-0.1229214138391769,0.27469724,0.07545858
3695,1,1,0.039411306,0.09085107,0.1085835713550658,0.06917226,0.004784802
3696,1,1,0.18560386,-0.08690858,-0.1087817988460133,0.29438567,0.086662926
3697,1,1,0.04830861,0.07719302,-0.0955383795909128,0.14384699,0.020691955
3698,1,1,0.056645155,0.06427717,0.0160706721468857,0.040574484,0.0016462887
3699,1,1,0.12705636,-0.025574446,-0.0049507048477885,0.13200706,0.017425865
3700,1,1,0.113775015,-0.010747433,0.0578358034084396,0.055939212,0.0031291954
3701,1,1,0.15346885,-0.054077864,0.1301994957630636,0.023269355,0.0005414629
3702,1,1,0.19930482,-0.10028529,-0.0129565206202992,0.21226133,0.045054875
3703,1,1,0.10871935,-0.0050213337,0.06334784907453,0.045371503,0.0020585733
3704,1,1,0.15695739,-0.057741404,-0.1166566097411672,0.273614,0.07486462
3705,1,1,0.043352604,0.08482003,0.0285096858222559,0.014842918,0.00022031221
3706,1,1,0.13491964,-0.034199953,0.1141831853124868,0.020736456,0.0004300006
3707,1,1,0.18915224,-0.09040785,-0.09172065060728,0.28087288,0.07888958
3708,1,1,0.059049845,0.060539722,0.1182624021711737,0.059212558,0.003506127
3709,1,1,0.19173741,-0.092942476,-0.0294899018422385,0.22122732,0.048941527
3710,1,1,0.09828234,0.00693655,0.168006997914039,0.069724664,0.004861529
3711,1,1,0.22328639,-0.122844696,-0.2539344487438741,0.47722083,0.22773972
3712,1,1,-0.042794228,0.19903135,0.354083828699677,0.39687806,0.1575122
3713,1,1,0.36904883,-0.14395738,-0.3418305838393078,0.71087945,0.5053496
3714,1,1,-0.09769344,0.23901868,0.2697083712530985,0.3674018,0.13498409
3715,1,1,0.28789854,-0.14752603,-0.199401738268877,0.48730028,0.23746157
3716,1,1,-0.008629322,0.15941834,0.0634043901732206,0.07203371,0.0051888553
3717,1,1,0.15699291,-0.05777955,0.0784974842442105,0.07849543,0.0061615324
3718,1,1,0.16654682,-0.06768799,0.0468663053582298,0.11968052,0.014323426
3719,1,1,0.14652872,-0.046719074,0.0868815229670394,0.059647195,0.003557788
3720,1,1,0.17185545,-0.07311463,-0.1038324992240395,0.27568793,0.076003835
3721,1,1,0.051423788,0.072377205,0.1014660998133418,0.05004231,0.0025042326
3722,1,1,0.18109393,-0.0824244,-0.0711123123781298,0.25220624,0.06360798
3723,1,1,0.07203269,0.040336847,0.1344510365694042,0.06241834,0.0038960495
3724,1,1,0.20200038,-0.10287452,-0.1017892984766799,0.30378968,0.09228817
3725,1,1,0.052709818,0.0703845,0.0835842897313337,0.030874468,0.0009532328
3726,1,1,0.16976762,-0.07098675,-0.1405562681158474,0.3103239,0.09630092
3727,1,1,0.028321981,0.10758567,0.078006696962444,0.04968472,0.0024685713
3728,1,1,0.16623616,-0.06736779,0.1000168218753074,0.06621934,0.0043850006
3729,1,1,0.18017602,-0.081507206,-0.0904343937511851,0.27061042,0.07323
3730,1,1,0.059859753,0.05927944,0.0850630280877768,0.025203273,0.00063520495
3731,1,1,0.17070436,-0.07194209,0.0750542707524304,0.09565009,0.00914894
3732,1,1,0.1643672,-0.0654428,-0.0635961389886885,0.22796333,0.051967278
3733,1,1,0.07677007,0.03298402,0.1298786016911757,0.05310853,0.0028205158
3734,1,1,0.19910097,-0.10008979,-0.0968592560266272,0.29596022,0.08759245
3735,1,1,0.055813313,0.06556845,0.3143478576856986,0.25853455,0.06684011
3736,1,1,0.3293221,-0.14558244,-0.4261933052969437,0.7555154,0.5708035
3737,1,1,-0.15017414,0.24555802,0.340248258362728,0.4904224,0.24051413
3738,1,1,0.35522652,-0.14575696,-0.3169703878784253,0.67219687,0.45184863
3739,1,1,-0.082187414,0.23103404,0.3109588237220686,0.39314625,0.15456398
3740,1,1,0.32592964,-0.14521646,-0.2666101338711146,0.5925398,0.3511034
3741,1,1,-0.050724983,0.20674992,0.2142842948881793,0.26500928,0.07022992
3742,1,1,0.25266957,-0.14741874,0.02331490434609,0.22935466,0.05260356
3743,1,1,0.13163519,-0.030611277,0.108752442570454,0.022882745,0.00052362
3744,1,1,0.1857109,-0.08701396,-0.0514484225080082,0.23715933,0.056244545
3745,1,1,0.084429264,0.023072481,-0.0395245976862606,0.123953864,0.01536456
3746,1,1,0.091950655,0.014275551,0.0118567981807649,0.08009386,0.0064150267
3747,1,1,0.12439346,-0.0226264,0.13754388555768,0.013150424,0.00017293365
3748,1,1,0.20396161,-0.1047492,-0.0605792602620298,0.26454088,0.06998188
3749,1,1,0.07867217,0.030038834,0.0518776626793342,0.026794508,0.0007179457
3750,1,1,0.1496985,-0.05009246,-0.0325835447917608,0.18228205,0.033226743
3751,1,1,0.09632969,0.009192705,0.0252628375136216,0.07106685,0.005050497
3752,1,1,0.13286686,-0.031959057,-0.1620188814985192,0.29488575,0.08695761
3753,1,1,0.014834881,0.12732673,0.1218876203641881,0.107052736,0.011460288
3754,1,1,0.19403529,-0.09518385,-0.2047455066724954,0.3987808,0.15902612
3755,1,1,-0.01198101,0.16371441,0.3125504438286812,0.32453147,0.10532067
3756,1,1,0.32752252,-0.1453979,-0.31370948497851,0.641232,0.4111785
3757,1,1,-0.08015275,0.22978568,0.2853764145005768,0.36552915,0.13361156
3758,1,1,0.30030012,-0.14499879,-0.3522067447185031,0.6525068,0.42576516
3759,1,1,-0.104159355,0.24153876,0.2797231903155244,0.38388255,0.14736581
3760,1,1,0.29463196,-0.14603996,-0.3542986499472782,0.6489306,0.42111093
3761,1,1,-0.10546255,0.24198914,0.2996345757127168,0.40509713,0.16410369
3762,1,1,0.31458902,-0.14341259,-0.3029122726171733,0.61750126,0.3813078
3763,1,1,-0.07341218,0.2253232,0.1310765419419524,0.20448872,0.04181564
3764,1,1,0.19986081,-0.1008203,-0.1724797685854238,0.37234056,0.1386375
3765,1,1,0.008265018,0.13663554,0.3068754704682059,0.29861045,0.0891682
3766,1,1,0.321841,-0.14466906,-0.1537068976752285,0.4755479,0.22614582
3767,1,1,0.020056486,0.11977649,0.268356171520999,0.24829969,0.061652735
3768,1,1,0.28703856,-0.14769244,-0.3615682490736072,0.6486068,0.42069075
3769,1,1,-0.10999107,0.24339795,0.3968476884857779,0.5068388,0.25688556
3770,1,1,0.41169596,-0.13022995,-0.3118444452152809,0.7235404,0.52351075
3771,1,1,-0.07898879,0.2290504,0.3258058048795238,0.4047946,0.16385867
3772,1,1,0.34078717,-0.14623189,-0.2730270490382347,0.61381423,0.3767679
3773,1,1,-0.054737568,0.21042132,0.3775894087423652,0.43232697,0.1869066
3774,1,1,0.39250445,-0.13792205,-0.2898533227963455,0.6823578,0.46561214
3775,1,1,-0.06525493,0.2192657,0.3096437737633777,0.3748987,0.14054903
3776,1,1,0.32461262,-0.14505196,-0.3491857335893851,0.6737983,0.45400417
3777,1,1,-0.10227704,0.24085522,0.3336354656343547,0.43591252,0.19001973
3778,1,1,0.34861684,-0.14615321,-0.2525139580925883,0.6011308,0.36135823
3779,1,1,-0.04190588,0.19812846,0.3032626143956358,0.3451685,0.119141296
3780,1,1,0.318223,-0.14408731,-0.2076249521625466,0.525848,0.27651608
3781,1,1,-0.0137860775,0.16599536,0.3295856866021514,0.34337178,0.11790418
3782,1,1,0.3445673,-0.14624596,-0.3729778941608392,0.71754515,0.51487106
3783,1,1,-0.11709428,0.24513268,0.4628644418212992,0.5799587,0.33635208
3784,1,1,0.47729468,-0.08899641,-0.4314921834215734,0.9087869,0.82589364
3785,1,1,-0.15346313,0.24492311,0.3839383321029164,0.53740144,0.2888003
3786,1,1,0.398834,-0.13565683,-0.20409483409186,0.6029288,0.36352316
3787,1,1,-0.011572599,0.16319513,0.3850105235350969,0.3965831,0.15727817
3788,1,1,0.39990258,-0.13524699,-0.3060334534729922,0.7059361,0.49834573
3789,1,1,-0.075360775,0.22666454,0.3754525265284236,0.4508133,0.20323263
3790,1,1,0.39037323,-0.1386249,-0.2845235602739286,0.6748968,0.45548567
3791,1,1,-0.061924458,0.21658826,0.1703429497870696,0.23226741,0.05394815
3792,1,1,0.22476912,-0.1242044,-0.2300528545065585,0.45482197,0.20686303
3793,1,1,-0.027842522,0.18289137,0.0576649569371849,0.08550748,0.0073115295
3794,1,1,0.15336037,-0.053964853,-0.1586790521375674,0.31203943,0.097368605
3795,1,1,0.016933203,0.12430954,0.1962439769846931,0.17931077,0.03215235
3796,1,1,0.24121165,-0.1390431,-0.1778616918382831,0.41907334,0.17562246
3797,1,1,0.0048868656,0.1413312,0.1395328028646014,0.13464594,0.01812953
3798,1,1,0.20522285,-0.105951786,-0.1181191400078929,0.323342,0.10455005
3799,1,1,0.04243207,0.08623123,-0.0247970238055064,0.06722909,0.004519751
3800,1,1,0.10124421,0.0035250187,0.089322230917912,0.0119219795,0.00014213359
3801,1,1,0.17340207,-0.074683666,-0.0966115941304015,0.27001366,0.07290737
3802,1,1,0.055969715,0.065326214,-0.0729437442886835,0.12891346,0.01661868
3803,1,1,0.07087827,0.042129755,-0.0670046606965666,0.13788292,0.019011699
3804,1,1,0.07462168,0.036315203,0.1003449099179092,0.025723234,0.0006616848
3805,1,1,0.18038392,-0.08171487,-0.0604448705688236,0.24082878,0.0579985
3806,1,1,0.07875681,0.029909134,0.1232706978755184,0.04451389,0.0019814863
3807,1,1,0.19491243,-0.096036434,-0.2260424621059202,0.42095488,0.17720301
3808,1,1,-0.025329828,0.17998767,0.2530014376867502,0.27833128,0.0774683
3809,1,1,0.27727532,-0.14898062,-0.2402329252833688,0.51750827,0.26781482
3810,1,1,-0.034217834,0.19001746,0.0730607671739167,0.1072786,0.011508698
3811,1,1,0.16310477,-0.06413865,-0.0141453843657726,0.17725016,0.03141762
3812,1,1,0.10796857,-0.0041668415,0.1499487448657439,0.041980177,0.0017623353
3813,1,1,0.21182919,-0.11219883,-0.0792314728415286,0.29106066,0.084716305
3814,1,1,0.06691623,0.048294306,0.0404791234054471,0.026437104,0.00069892046
3815,1,1,0.14248848,-0.042392015,0.0557195923138547,0.08676889,0.00752884
3816,1,1,0.15212965,-0.052666187,0.117307582205,0.03482207,0.0012125765
3817,1,1,0.19113207,-0.09235072,0.0650564903723576,0.12607558,0.015895052
3818,1,1,0.15803838,-0.058871746,-0.1425952481712693,0.3006336,0.090380564
3819,1,1,0.027040005,0.10949421,-0.0152024185515391,0.042242423,0.0017844223
3820,1,1,0.107301235,-0.00340724,-0.0128051691888742,0.12010641,0.014425549
3821,1,1,0.108814955,-0.0051293373,0.1313463921639335,0.022531435,0.00050766557
3822,1,1,0.200032,-0.10098505,-0.0875548877355245,0.28758687,0.082706206
3823,1,1,0.061672926,0.05645609,0.1363472569976735,0.07467434,0.0055762567
3824,1,1,0.20320249,-0.10402489,-0.1559740370899067,0.35917652,0.12900777
3825,1,1,0.018632412,0.1218493,0.0604689538219034,0.04183654,0.0017502962
3826,1,1,0.15513515,-0.055830717,-0.0622451204655996,0.21738027,0.047254182
3827,1,1,0.07762146,0.031665325,0.0489351797322252,0.028686281,0.0008229027
3828,1,1,0.14783716,-0.0481143,-0.1775893774235779,0.32542652,0.10590242
3829,1,1,0.0050575733,0.14109492,0.0635226926891232,0.058465116,0.0034181697
3830,1,1,0.15706754,-0.057857275,-0.0008906651732614,0.15795821,0.024950797
3831,1,1,0.11633968,-0.013634443,7.725576583528238e-05,0.11626243,0.013516952
3832,1,1,0.11695099,-0.01432085,-0.1132621041165302,0.23021309,0.052998066
3833,1,1,0.045488834,0.081538916,0.2037879839387755,0.15829915,0.02505862
3834,1,1,0.24600244,-0.14328432,-0.2735633274288962,0.51956576,0.26994857
3835,1,1,-0.055073023,0.21072102,0.2884944488041698,0.34356746,0.1180386
3836,1,1,0.30342603,-0.14436102,-0.3246373261772044,0.6280633,0.39446354
3837,1,1,-0.08697176,0.23378754,0.0509716736324921,0.13794343,0.01902839
3838,1,1,0.14912534,-0.04948473,-0.1249389150333653,0.27406424,0.07511121
3839,1,1,0.038142443,0.09278393,-0.0339477523821516,0.07209019,0.005196996
3840,1,1,0.095469475,0.010189533,0.0093716481146981,0.08609783,0.007412836
3841,1,1,0.12282324,-0.020883083,-0.080775900231893,0.20359914,0.04145261
3842,1,1,0.06594396,0.049809217,0.144794389645761,0.07885043,0.0062173908
3843,1,1,0.20855975,-0.10911751,-0.1217314380174356,0.33029118,0.109092265
3844,1,1,0.04016018,0.08970833,-0.0635811272256021,0.1037413,0.0107622575
3845,1,1,0.076779366,0.032969713,0.0441184553248632,0.03266091,0.001066735
3846,1,1,0.14479017,-0.0448606,0.0713316413257221,0.07345853,0.0053961556
3847,1,1,0.1620102,-0.06300497,0.0379504323006063,0.12405976,0.015390824
3848,1,1,0.1408894,-0.040670156,-0.0792166877402977,0.2201061,0.048446693
3849,1,1,0.06692624,0.048279762,0.0749407201633274,0.008014478,6.4231856e-05
3850,1,1,0.16429472,-0.0653677,-0.1335950663293581,0.29788977,0.088738315
3851,1,1,0.032698393,0.101026535,0.4384503703615889,0.40575197,0.16463466
3852,1,1,0.45307016,-0.10545063,-0.4522116424955178,0.9052818,0.8195351
3853,1,1,-0.1663158,0.24130154,0.4116892887217385,0.5780051,0.33408988
3854,1,1,0.4264691,-0.12265086,-0.7444301813842329,1.1708993,1.371005
3855,1,1,-0.34601855,-0.014353514,0.4971951496429048,0.8432137,0.7110093
3856,1,1,0.51128626,-0.028171778,-0.3014688748921048,0.8127551,0.66057086
3857,1,1,-0.07251048,0.22468948,0.2207294905960175,0.29323995,0.08598967
3858,1,1,0.2567644,-0.14815545,-0.3100963492842075,0.5668608,0.32133117
3859,1,1,-0.07789707,0.22834802,0.3569573235126317,0.4348544,0.18909834
3860,1,1,0.37191772,-0.14341974,-0.3117595823025616,0.6836773,0.46741468
3861,1,1,-0.078935385,0.22901702,0.3018865241162154,0.3808219,0.14502533
3862,1,1,0.31684446,-0.14384198,-0.1414893524622562,0.45833382,0.2100699
3863,1,1,0.027735233,0.10845947,-0.1025934938257364,0.13032873,0.016985578
3864,1,1,0.052203655,0.07116938,0.2106707186988106,0.15846707,0.025111811
3865,1,1,0.25037408,-0.14692211,-0.0684474859502248,0.31882155,0.10164718
3866,1,1,0.07371235,0.03772807,0.0869162146455786,0.013203867,0.0001743421
3867,1,1,0.17187786,-0.07313657,-0.238862871594232,0.41074073,0.16870795
3868,1,1,-0.033360004,0.18907881,0.1715262198280398,0.20488623,0.041978367
3869,1,1,0.2255199,-0.12489271,-0.1322784338849714,0.35779834,0.12801965
3870,1,1,0.033526182,0.09977865,0.0372266271527692,0.0037004463,1.3693303e-05
3871,1,1,0.14043164,-0.04017663,-0.06781704994953,0.20824869,0.043367516
3872,1,1,0.074109554,0.037110567,-0.0007079203624038,0.07481747,0.005597654
3873,1,1,0.1164546,-0.01376462,0.0746973417277354,0.041757263,0.001743669
3874,1,1,0.16414094,-0.06520939,-0.1579266277734219,0.32206756,0.10372751
3875,1,1,0.017405272,0.123625994,0.1490038462966891,0.13159858,0.017318185
3876,1,1,0.2112298,-0.11163592,-0.2224045507916749,0.43363434,0.18803874
3877,1,1,-0.023049831,0.17730856,0.3168566545394213,0.33990648,0.115536414
3878,1,1,0.33183265,-0.14580274,-0.4356229098520212,0.7674556,0.58898807
3879,1,1,-0.1560266,0.24434495,0.3610501286865424,0.51707673,0.26736835
3880,1,1,0.37600374,-0.1425581,-0.5284492423156859,0.904453,0.8180352
3881,1,1,-0.21348667,0.21348143,0.3400869911459425,0.55357367,0.3064438
3882,1,1,0.35506558,-0.1457696,-0.3000155498697103,0.65508115,0.42913133
3883,1,1,-0.07160282,0.2240417,0.4113453361104171,0.48294815,0.23323892
3884,1,1,0.4261272,-0.12284303,-0.4377949126885103,0.8639221,0.74636143
3885,1,1,-0.15737414,0.24401164,0.4531112503608394,0.61048543,0.37269247
3886,1,1,0.46762276,-0.09638739,-0.4448980179054547,0.91252077,0.8326942
3887,1,1,-0.16178036,0.2427845,0.4599875335643442,0.6217679,0.3865953
3888,1,1,0.47444272,-0.091293335,-0.5581486939148776,1.0325913,1.0662448
3889,1,1,-0.23181033,0.19717073,0.5221113014932413,0.7539216,0.5683978
3890,1,1,0.53590083,0.036026955,-0.4326683679584477,0.96856916,0.9381262
3891,1,1,-0.15419316,0.24476552,0.2359932301365748,0.3901864,0.15224543
3892,1,1,0.266464,-0.14914155,-0.346995787438809,0.6134598,0.37633297
3893,1,1,-0.10091233,0.24033308,0.3689032433986141,0.46981558,0.22072668
3894,1,1,0.38384104,-0.14058542,-0.4515079470413838,0.83534896,0.6978079
3895,1,1,-0.16587949,0.24145341,0.5955702798857625,0.76144975,0.57980573
3896,1,1,0.6081836,0.20820856,-0.5953289381575444,1.2035125,1.4484425
3897,1,1,-0.2547059,0.17312574,0.6017426494770524,0.85644853,0.73350406
3898,1,1,0.6142366,0.22196817,-0.6044277828889006,1.2186644,1.485143
3899,1,1,-0.2603016,0.16669297,0.4666574093880125,0.726959,0.5284694
3900,1,1,0.48105502,-0.08582306,-0.3771226570397865,0.85817766,0.7364689
3901,1,1,-0.11967373,0.24561739,0.2747329142842978,0.39440665,0.1555566
3902,1,1,0.29109383,-0.1468389,-0.2132614095250029,0.50435525,0.2543742
3903,1,1,-0.017319918,0.17038918,0.1557010025468099,0.17302091,0.029936237
3904,1,1,0.21547794,-0.11561489,-0.2405120490585153,0.45599,0.20792687
3905,1,1,-0.034392595,0.19020796,0.2245094478284413,0.25890204,0.067030266
3906,1,1,0.259166,-0.14849901,-0.0987683679645266,0.35793436,0.12811701
3907,1,1,0.05461192,0.06743479,0.248678107962236,0.19406618,0.037661683
3908,1,1,0.27452636,-0.14914846,0.0220480980659916,0.25247827,0.063745275
3909,1,1,0.13083482,-0.029732943,-0.1376065067784271,0.26844132,0.07206074
3910,1,1,0.030176163,0.10481453,0.0210125881828298,0.009163575,8.3971114e-05
3911,1,1,0.13018012,-0.029014349,-0.1513557047270319,0.2815358,0.079262406
3912,1,1,0.021533966,0.11761856,0.0734689372072536,0.051934972,0.0026972413
3913,1,1,0.16336322,-0.06440568,-0.2771885473814106,0.44055176,0.19408585
3914,1,1,-0.05733967,0.21271539,0.3390205638093713,0.39636022,0.15710142
3915,1,1,0.3539996,-0.14585328,-0.2904927879543466,0.6444924,0.41537043
3916,1,1,-0.065654516,0.2195785,0.1555411919041298,0.22119571,0.04892754
3917,1,1,0.21537709,-0.11552024,-0.0692513858988679,0.28462848,0.081013374
3918,1,1,0.07320523,0.03851509,0.0126757729764008,0.06052946,0.0036638153
3919,1,1,0.12491107,-0.023200274,-0.0412743001462931,0.16618538,0.02761758
3920,1,1,0.09084654,0.0155620575,-0.082694730186922,0.17354128,0.030116575
3921,1,1,0.064734936,0.051691294,0.3165193044194643,0.25178435,0.06339536
3922,1,1,0.33149552,-0.1457758,-0.2441568201670141,0.57565236,0.33137563
3923,1,1,-0.0366745,0.19266868,0.2519916146932228,0.2886661,0.08332812
3924,1,1,0.27663302,-0.14902782,-0.2959783466991124,0.57261133,0.32788375
3925,1,1,-0.069081545,0.22219515,0.4603590786659639,0.52944064,0.28030738
3926,1,1,0.47481108,-0.09100294,-0.3326773858610514,0.80748844,0.65203756
3927,1,1,-0.09198642,0.23639607,0.2508239333754303,0.34281036,0.11751895
3928,1,1,0.27589035,-0.14907622,-0.371137102988091,0.6470275,0.41864458
3929,1,1,-0.115948915,0.24489236,0.3222165523039537,0.43816546,0.19198896
3930,1,1,0.3371961,-0.14612627,-0.1602295767360075,0.49742568,0.2474323
3931,1,1,0.015958786,0.12571335,0.1821340675725316,0.16617528,0.027614223
3932,1,1,0.23225307,-0.13101411,-0.0230047129220634,0.2552578,0.065156534
3933,1,1,0.10237551,0.002225399,-0.0841919008405081,0.18656741,0.0348074
3934,1,1,0.06379175,0.053159714,0.1153180789331669,0.05152633,0.0026549627
3935,1,1,0.18987155,-0.091113806,0.224841777978189,0.034970224,0.0012229165
3936,1,1,0.25937724,-0.148525,-0.1597658018146179,0.41914302,0.17568088
3937,1,1,0.016249657,0.12529397,0.3606237040027005,0.34437406,0.11859349
3938,1,1,0.37557817,-0.14265275,-0.2928151703755377,0.6683934,0.4467497
3939,1,0,-0.06710553,0.22070193,-0.2022265110154051,0.13512097,0.018257678
3940,1,0,-0.010400772,0.1616993,-0.1603905755007617,0.1499898,0.02249694
3941,1,0,0.01585722,0.12585878,-0.0005330838255326,0.016390303,0.00026864203
3942,1,0,0.11656523,-0.013888121,-0.0355319302814272,0.15209717,0.023133548
3943,1,0,0.09446955,0.011348724,-0.1319612522415747,0.2264308,0.05127091
3944,1,0,0.033725977,0.09947777,-0.2517118015860089,0.2854378,0.08147474
3945,1,0,-0.041403532,0.19761539,-0.4230854236944137,0.3816819,0.14568107
3946,1,0,-0.14824414,0.24587512,-0.2657262044809356,0.117482066,0.013802036
3947,1,0,-0.05017209,0.2062316,-0.1901847813511117,0.1400127,0.019603556
3948,1,0,-0.0028471947,0.15182447,-0.0539655650622949,0.05111837,0.0026130877
3949,1,0,0.08284187,0.024940252,0.0085125328759003,0.07432934,0.0055248505
3950,1,0,0.12227988,-0.02027917,-0.1519620267059807,0.27424192,0.075208634
3951,1,0,0.021153212,0.11817551,-0.0825052724775954,0.10365848,0.010745081
3952,1,0,0.064854145,0.051505327,-0.0323361982298093,0.09719034,0.0094459625
3953,1,0,0.09648633,0.009012222,0.0361203470802888,0.060365982,0.0036440517
3954,1,0,0.1397314,-0.039420843,0.0937510523466582,0.045980357,0.0021141933
3955,1,0,0.17620659,-0.07752037,0.1166026977795309,0.059603892,0.003552624
3956,1,0,0.19068599,-0.09191275,0.1741370961377009,0.016548887,0.00027386565
3957,1,0,0.22717714,-0.1264062,0.0705039310814945,0.15667322,0.024546498
3958,1,0,0.16148615,-0.062461853,0.1705061940238268,0.009020045,8.136122e-05
3959,1,0,0.22487259,-0.124299765,0.352494954203741,0.12762237,0.016287468
3960,1,0,0.3674624,-0.14423084,0.3449662118456604,0.022496194,0.0005060787
3961,1,0,0.35994172,-0.14529133,0.3475714631762909,0.012370259,0.0001530233
3962,1,0,0.3625443,-0.14496756,0.3302515331192142,0.032292753,0.0010428219
3963,1,0,0.34523296,-0.14623904,0.2575765038859305,0.08765647,0.007683656
3964,1,0,0.28018355,-0.14871001,0.3782020252378375,0.09801847,0.00960762
3965,1,0,0.39311552,-0.13771486,0.4211455314405601,0.028030008,0.00078568136
3966,1,0,0.4358747,-0.11708641,0.4272929899359377,0.008581698,7.364554e-05
3967,1,0,0.4419856,-0.11316705,0.5825241845933595,0.14053857,0.01975109
3968,1,0,0.59537864,0.17879462,0.6046768095903459,0.009298146,8.645551e-05
3969,1,0,0.6171131,0.2284739,0.5797616495915334,0.03735149,0.0013951338
3970,1,0,0.59266543,0.17250538,0.6520073361455085,0.059341908,0.003521462
3971,1,0,0.6634073,0.33052516,0.7980040747286625,0.13459677,0.01811629
3972,1,0,0.8048892,0.6017182,0.8196736011803227,0.014784396,0.00021857835
3973,1,0,0.82570696,0.63624144,0.878842600369901,0.053135633,0.0028233957
3974,1,0,0.8822963,0.7276702,0.8752236037619716,0.0070727468,5.0023747e-05
3975,1,0,0.87884617,0.7221873,0.8526548402538148,0.026191354,0.000685987
3976,1,0,0.85729694,0.6876855,0.6851627077259121,0.17213422,0.02963019
3977,1,0,0.6957166,0.39903378,0.6763416282761745,0.019374967,0.00037538933
3978,1,0,0.6871307,0.38102984,0.5943151981970938,0.09281552,0.008614721
3979,1,0,0.60695267,0.20539951,0.5099618895884563,0.096990764,0.009407208
3980,1,0,0.5239043,0.005852461,0.631094290774056,0.10718995,0.011489687
3981,1,0,0.6429765,0.2860844,0.7663329737658802,0.12335646,0.015216816
3982,1,0,0.7743757,0.55011344,0.8463784034292376,0.07200271,0.00518439
3983,1,0,0.8512945,0.6779921,0.8751848910628373,0.023890376,0.0005707501
3984,1,0,0.878809,0.7221284,0.987325447062148,0.108516455,0.0117758205
3985,1,0,0.98586106,0.8863635,1.0532377457292488,0.06737673,0.0045396243
3986,1,0,1.0495155,0.978039,1.0629205460862132,0.013405085,0.00017969629
3987,1,0,1.0588295,0.9912298,1.2684141473235644,0.2095846,0.043925703
3988,1,0,1.2540586,1.2547929,1.188930029666032,0.065128565,0.00424173
3989,1,0,1.1791155,1.156605,1.200058795989103,0.020943284,0.00043862115
3990,1,0,1.1896536,1.170645,1.1187943926231427,0.070859194,0.0050210254
3991,1,0,1.1123812,1.0659978,1.0859682794627692,0.026412964,0.00069764466
3992,1,0,1.08096,1.0223482,1.1521068802667984,0.071146846,0.0050618737
3993,1,0,1.1441467,1.1094859,1.1079589600618651,0.036187768,0.0013095546
3994,1,0,1.1020224,1.0516765,1.2197222226204087,0.11769986,0.0138532575
3995,1,0,1.2082374,1.1952226,1.2328176611822437,0.02458024,0.0006041882
3996,1,0,1.220588,1.2114265,1.1258244540453943,0.09476352,0.008980124
3997,1,0,1.1190951,1.0752428,0.9440822470317128,0.17501283,0.03062949
3998,1,0,0.94429755,0.82434654,0.9013376418648104,0.04295993,0.0018455555
3999,1,1,0.9037099,0.7614567,-0.9497013943419934,1.8534112,3.435133
4000,1,1,-0.48368192,-0.34717488,0.7164621531606605,1.200144,1.4403458
4001,1,1,0.7261231,0.46167707,-0.6459988009368955,1.3721218,1.8827182
4002,1,1,-0.28582954,0.1349392,0.5459720261614303,0.8318016,0.6918939
4003,1,1,0.55942774,0.09378934,-0.4162679525071437,0.9756957,0.95198214
4004,1,1,-0.14401078,0.24642396,0.1262959207759553,0.2703067,0.07306571
4005,1,1,0.19683003,-0.0978961,0.0195314061503073,0.17729864,0.031434804
4006,1,1,0.12924385,-0.027985096,-0.0771446828719386,0.20638853,0.04259623
4007,1,1,0.068231106,0.046248913,0.1146346560170887,0.04640355,0.0021532895
4008,1,1,0.1894381,-0.09068942,-0.0886906741326112,0.27812877,0.077355616
4009,1,1,0.06095791,0.057571173,0.1131179151556045,0.05216001,0.0027206666
4010,1,1,0.18847704,-0.089743614,-0.2088574295348522,0.39733446,0.15787467
4011,1,1,-0.014558792,0.16696405,0.013406146288184,0.027964938,0.0007820378
4012,1,1,0.12537217,-0.02371192,0.0614329006031275,0.06393927,0.004088231
4013,1,1,0.15574455,-0.056471348,-0.1213520139695578,0.27709657,0.07678251
4014,1,1,0.040398598,0.08934283,0.0979161897315168,0.057517596,0.0033082739
4015,1,1,0.17884517,-0.08017421,0.0217868663043949,0.1570583,0.02466731
4016,1,1,0.13066936,-0.029551506,0.0636391210034239,0.067030236,0.0044930526
4017,1,1,0.15714169,-0.057934046,-0.0834917422700507,0.24063343,0.05790445
4018,1,1,0.06423235,0.052472353,0.0242879446304038,0.039944403,0.0015955553
4019,1,1,0.13225007,-0.031285286,0.1145078401122181,0.017742231,0.00031478677
4020,1,1,0.18935752,-0.090610504,-0.1207819407992563,0.31013948,0.0961865
4021,1,1,0.04075718,0.088795185,0.0822562321914079,0.041499056,0.0017221717
4022,1,1,0.16892672,-0.07012725,-0.1331126912042548,0.30203938,0.09122779
4023,1,1,0.03300214,0.10056901,-0.0447024578331394,0.07770459,0.006038004
4024,1,1,0.08868432,0.018085957,0.0197184657786322,0.06896585,0.0047562886
4025,1,1,0.12936234,-0.02811575,-0.0250303555675093,0.1543927,0.023837106
4026,1,1,0.10109687,0.0036942959,-0.0937004065090341,0.19479728,0.03794598
4027,1,1,0.057803154,0.062478065,0.0604708090824046,0.0026676543,7.1163795e-06
4028,1,1,0.15513611,-0.055832148,-0.0455604734414629,0.20069659,0.04027912
4029,1,1,0.08814287,0.018718481,0.0194224763329002,0.06872039,0.0047224923
4030,1,1,0.12917519,-0.027909517,0.0075680970578866,0.12160709,0.014788284
4031,1,1,0.12168288,-0.01961422,0.0324653634276934,0.089217514,0.007959764
4032,1,1,0.13742042,-0.036919117,0.1448699544362597,0.0074495375,5.549561e-05
4033,1,1,0.20860744,-0.109163046,-0.0702281312063997,0.27883556,0.077749275
4034,1,1,0.072589874,0.039470673,0.0716331267732903,0.00095674396,9.15359e-07
4035,1,1,0.1622014,-0.06320357,-0.1859666574446947,0.34816808,0.121221006
4036,1,1,-0.00020051003,0.1482749,0.3304728305223965,0.33067334,0.109344855
4037,1,1,0.3454547,-0.1462357,-0.4866079315471352,0.8320626,0.69232816
4038,1,1,-0.18762136,0.23144412,0.2901162504998131,0.4777376,0.22823322
4039,1,1,0.3050518,-0.14401269,-0.220185652905227,0.52523744,0.27587438
4040,1,1,-0.021659851,0.17565441,0.1268371616800783,0.14849702,0.022051364
4041,1,1,0.19717312,-0.098228455,-0.2624119984298096,0.45958513,0.21121849
4042,1,1,-0.048098803,0.20426178,0.2711350269864478,0.31923383,0.10191024
4043,1,1,0.28880548,-0.14734316,-0.0913331631567424,0.38013864,0.14450538
4044,1,1,0.05929351,0.060159683,-0.0531320584297083,0.112425566,0.012639508
4045,1,1,0.083367586,0.024321556,0.1511086478292886,0.067741066,0.004588852
4046,1,1,0.2125647,-0.11288929,-0.1772874725505673,0.38985217,0.1519847
4047,1,1,0.005247116,0.14083385,0.2208054513258166,0.21555834,0.046465397
4048,1,1,0.25681257,-0.14816189,-0.0957406043515809,0.3525532,0.12429375
4049,1,1,0.056518078,0.0644753,0.1869046033944346,0.13038653,0.017000647
4050,1,1,0.2352817,-0.13374257,-0.1020504097800243,0.33733213,0.11379296
4051,1,1,0.052545786,0.07063913,0.1807325978024234,0.1281868,0.016431857
4052,1,1,0.2313633,-0.13020945,-0.2111903425725305,0.44255364,0.19585373
4053,1,1,-0.01602149,0.16878557,0.2491445601124766,0.26516604,0.07031303
4054,1,1,0.27482295,-0.1491332,-0.3185812735025428,0.59340423,0.3521286
4055,1,1,-0.083193064,0.2316339,0.2985675911831302,0.38176066,0.1457412
4056,1,1,0.31351948,-0.14319634,-0.2199905225927811,0.53350997,0.2846329
4057,1,1,-0.02153778,0.17550755,0.2225305919861355,0.24406837,0.05956937
4058,1,1,0.25790906,-0.14832687,-0.3429768160512592,0.60088587,0.36106384
4059,1,1,-0.09840727,0.239321,0.3381435956541523,0.43655086,0.19057664
4060,1,1,0.35312366,-0.14591527,-0.1977344020505982,0.5508581,0.30344462
4061,1,1,-0.007583618,0.15806198,0.0461041943868294,0.05368781,0.002882381
4062,1,1,0.14604688,-0.046204567,-0.1897388158339179,0.3357857,0.11275203
4063,1,1,-0.0025675297,0.15145135,0.1944744949127659,0.19704202,0.038825557
4064,1,1,0.24008799,-0.13804245,-0.2602609022950615,0.5003489,0.25034904
4065,1,1,-0.046753168,0.20295978,0.3661604262314553,0.4129136,0.17049763
4066,1,1,0.38110375,-0.1413207,-0.3058240851421185,0.6869278,0.4718698
4067,1,1,-0.07523012,0.22657633,0.2151262144657422,0.29035634,0.08430681
4068,1,1,0.25320458,-0.14752555,-0.2202887972834699,0.4734934,0.224196
4069,1,1,-0.0217247,0.17573094,0.3173124970070669,0.3390372,0.11494623
4070,1,1,0.33228898,-0.14583802,-0.5151858649850158,0.8474749,0.7182137
4071,1,1,-0.2052939,0.21984291,0.5750902083919356,0.7803841,0.6089994
4072,1,1,0.5880759,0.16182208,-0.5334310309348971,1.1215069,1.2577778
4073,1,1,-0.21656275,0.21094084,0.3086191048836113,0.5251819,0.27581602
4074,1,1,0.32358646,-0.1449163,-0.3807769008105204,0.70436335,0.49612772
4075,1,1,-0.121948004,0.24598193,0.4591638874707406,0.5811119,0.33769104
4076,1,1,0.47362566,-0.091932535,-0.5362019077509488,1.0098276,1.0197518
4077,1,1,-0.21827292,0.20949292,0.6388262971132308,0.85709924,0.7346191
4078,1,1,0.6505351,0.30263138,-0.6817868727356227,1.332322,1.7750819
4079,1,1,-0.3077557,0.09289098,0.5802787144156976,0.8880344,0.7886051
4080,1,1,0.5931735,0.17368507,-0.4675940021435414,1.0607675,1.1252278
4081,1,1,-0.17584848,0.23747063,0.2573732177162044,0.4332217,0.18768103
4082,1,1,0.2800548,-0.14872384,-0.2267197159743288,0.50677454,0.25682044
4083,1,1,-0.025753736,0.18048263,0.1747423082648334,0.20049605,0.040198665
4084,1,1,0.22756124,-0.1267569,-0.0732782923509294,0.30083954,0.09050443
4085,1,1,0.070667505,0.042458057,-0.0093660519872207,0.080033556,0.00640537
4086,1,1,0.11098647,-0.00759387,0.1341582335250297,0.023171768,0.0005369308
4087,1,1,0.20181465,-0.10269666,-0.1060392217842665,0.30785388,0.09477401
4088,1,1,0.050034285,0.07452631,0.1523679508782724,0.102333665,0.010472179
4089,1,1,0.21336389,-0.113637686,-0.2505247851188623,0.46388867,0.2151927
4090,1,1,-0.04066086,0.19685149,0.1392933180431517,0.17995417,0.032383505
4091,1,1,0.20507073,-0.10580659,-0.150729564543528,0.3558003,0.12659386
4092,1,1,0.021927357,0.117042065,0.3189773581131887,0.29705,0.0882387
4093,1,1,0.33395505,-0.14595461,-0.3382087981791626,0.67216384,0.45180422
4094,1,1,-0.09543514,0.2380259,0.45912041919021,0.55455554,0.30753183
4095,1,1,0.47358274,-0.091965914,-0.476758769197894,0.9503415,0.903149
4096,1,1,-0.18152452,0.2347405,0.4056091927410672,0.5871337,0.344726
4097,1,1,0.42041874,-0.12592793,-0.5023760179919297,0.92279476,0.85155016
4098,1,1,-0.19737554,0.22540784,0.4523219035710215,0.6496974,0.42210674
4099,1,1,0.4668393,-0.09693527,-0.234615308139634,0.70145464,0.4920386
4100,1,1,-0.03069973,0.1861291,0.1236774326012373,0.15437716,0.023832308
4101,1,1,0.19517016,-0.09628677,-0.2615238872660539,0.45669404,0.20856944
4102,1,1,-0.047543287,0.20372605,0.2353563399253908,0.28289962,0.08003219
4103,1,1,0.26605892,-0.149122,-0.2024547697570327,0.4685137,0.21950509
4104,1,1,-0.0105443,0.16188335,0.1693216223964255,0.17986593,0.03235175
4105,1,1,0.22412086,-0.12360978,-0.0769378208347326,0.30105868,0.09063633
4106,1,1,0.068362,0.04604578,0.1512061559625386,0.08284415,0.0068631535
4107,1,1,0.21262693,-0.1129477,-0.286306846737689,0.4989338,0.24893492
4108,1,1,-0.06303859,0.21749759,0.3646236490996246,0.42766222,0.18289497
4109,1,1,0.37957048,-0.14171243,-0.3093100347277109,0.68888056,0.47455642
4110,1,1,-0.077406645,0.22802734,0.2693835899518011,0.34679022,0.12026346
4111,1,1,0.28769183,-0.14756727,-0.3241038450317774,0.61179566,0.37429392
4112,1,1,-0.08663893,0.23360372,0.2592587674889466,0.3458977,0.11964522
4113,1,1,0.28125334,-0.14858723,-0.2667585608793503,0.5480119,0.30031705
4114,1,1,-0.050817728,0.20683694,0.1687842206861614,0.21960194,0.048225015
4115,1,1,0.22377968,-0.1232965,-0.1180275024435073,0.3418072,0.11683215
4116,1,1,0.042490244,0.08614349,0.1219811840380069,0.07949094,0.006318809
4117,1,1,0.1940949,-0.09524202,-0.3185139432880319,0.5126088,0.26276782
4118,1,1,-0.0831511,0.2316091,0.3651110863347719,0.44826218,0.20093898
4119,1,1,0.3800571,-0.14159012,-0.1056569673154967,0.48571408,0.23591816
4120,1,1,0.050275326,0.0741539,0.2252565698100932,0.17498125,0.030618438
4121,1,1,0.2596407,-0.14855862,-0.0019791938812074,0.2616199,0.06844497
4122,1,1,0.11565161,-0.012861013,-0.0960180741678162,0.21166968,0.044804055
4123,1,1,0.056343317,0.06474519,-0.0106887684601151,0.067032084,0.0044933003
4124,1,1,0.11015153,-0.0066473484,-0.0257170278840126,0.13586855,0.018460263
4125,1,1,0.10066366,0.004192829,-0.0377940007129655,0.13845766,0.019170523
4126,1,1,0.09304261,0.0130057335,0.1978365487925089,0.104793936,0.010981769
4127,1,1,0.24222302,-0.13994098,-0.2656770321274786,0.50790006,0.25796247
4128,1,1,-0.050140858,0.20620275,0.1723837372504326,0.2225246,0.049517196
4129,1,1,0.2260642,-0.12539005,-0.2403045209415473,0.46636873,0.2174998
4130,1,1,-0.034262657,0.19006681,0.3129600892859945,0.34722275,0.120563634
4131,1,1,0.3279326,-0.14544177,-0.3718750787566227,0.69980764,0.48973075
4132,1,1,-0.11640811,0.2449913,0.4383786684232782,0.5547868,0.3077884
4133,1,1,0.45299911,-0.10550308,-0.3441751372251374,0.7971742,0.6354867
4134,1,1,-0.09915447,0.2396307,0.2436860632703759,0.34284055,0.117539644
4135,1,1,0.271353,-0.14923382,-0.102080296198534,0.3734333,0.13945243
4136,1,1,0.052526712,0.07066798,0.012540975825757,0.03998574,0.0015988593
4137,1,1,0.124825954,-0.023106575,-0.1041385747199625,0.22896454,0.05242476
4138,1,1,0.051230907,0.07267499,0.0120150326473003,0.039215874,0.0015378848
4139,1,1,0.12449384,-0.022737741,0.0894661356050536,0.035027705,0.0012269401
4140,1,1,0.17349267,-0.074777365,-0.0821726622347283,0.25566533,0.06536476
4141,1,1,0.06506348,0.051178694,0.1759536014660341,0.11089012,0.012296619
4142,1,1,0.22832966,-0.12745714,-0.0940506275266415,0.3223803,0.10392906
4143,1,1,0.05758238,0.06282091,0.0181428612716243,0.039439518,0.0015554755
4144,1,1,0.12836623,-0.027019262,0.0259052044686005,0.102461025,0.010498262
4145,1,1,0.13327289,-0.032402992,0.0589498935139789,0.07432299,0.005523907
4146,1,1,0.15417385,-0.054820776,-0.0619120473884597,0.2160859,0.046693113
4147,1,1,0.077831745,0.031340122,-0.0006149277123759,0.07844667,0.00615388
4148,1,1,0.11651373,-0.013830423,-0.0065636542325382,0.123077385,0.015148043
4149,1,1,0.11275649,-0.0095973015,-0.0068012183257541,0.11955771,0.014294046
4150,1,1,0.112606764,-0.009427071,-0.0164764037117191,0.12908317,0.016662465
4151,1,1,0.10649657,-0.0024898052,-0.1542975595851747,0.26079413,0.06801358
4152,1,1,0.019685507,0.1203177,0.000454223891122,0.019231282,0.00036984222
4153,1,1,0.11718917,-0.014588833,0.0093223748938147,0.107866794,0.011635245
4154,1,1,0.122792244,-0.02084732,-0.0447524178771074,0.16754466,0.028071214
4155,1,1,0.08865261,0.01812315,0.0865669053796454,0.002085708,4.350178e-06
4156,1,1,0.17165637,-0.072912216,0.1364363447075147,0.035220027,0.0012404503
4157,1,1,0.20325923,-0.10407901,-0.0652205713205171,0.2684798,0.0720814
4158,1,1,0.0757463,0.034570932,0.2094268103200969,0.13368051,0.017870478
4159,1,1,0.2495842,-0.14643264,-0.2647551644902233,0.5143393,0.26454493
4160,1,1,-0.049564123,0.20565915,0.2552852741671692,0.3048494,0.09293315
4161,1,1,0.2787273,-0.14885855,-0.1182524557199906,0.39697975,0.15759292
4162,1,1,0.042348385,0.0863595,-0.0267274937887695,0.06907588,0.0047714775
4163,1,1,0.100025415,0.00492692,-0.0156596983084762,0.11568511,0.013383045
4164,1,1,0.10701227,-0.0030779839,-0.0924702171411198,0.19948249,0.03979326
4165,1,1,0.0585773,0.061273098,-0.0382459086789621,0.09682321,0.009374734
4166,1,1,0.092757225,0.013337135,0.1571743690543345,0.06441714,0.004149568
4167,1,1,0.21641326,-0.11648631,-0.0784382205043567,0.29485148,0.0869374
4168,1,1,0.06741667,0.047516823,-0.045757718033649,0.11317439,0.012808442
4169,1,1,0.08801842,0.018864632,0.1169486175324281,0.028930202,0.0008369566
4170,1,1,0.1909051,-0.09212685,-0.0773023170576605,0.2682074,0.07193521
4171,1,1,0.06813216,0.046403408,-0.0234534994103507,0.091585666,0.008387934
4172,1,1,0.102092505,0.0025508404,-0.0603635760461305,0.16245608,0.026391977
4173,1,1,0.07880831,0.029828548,0.0057512137778572,0.07305709,0.005337339
4174,1,1,0.12053537,-0.018333673,0.0232027564416328,0.09733262,0.009473639
4175,1,1,0.13156438,-0.03053379,0.1846399239372593,0.053075552,0.0028170142
4176,1,1,0.2338438,-0.13244963,-0.1070783815954832,0.34092218,0.11622793
4177,1,1,0.04938054,0.075537205,0.115124886495487,0.06574435,0.0043223193
4178,1,1,0.18974924,-0.0909946,-0.1882166518048134,0.3779659,0.14285822
4179,1,1,-0.0016126633,0.15017462,0.1125493435577644,0.114162005,0.0130329635
4180,1,1,0.18811679,-0.089389086,0.0056541073560123,0.18246268,0.03329263
4181,1,1,0.12047434,-0.018265247,0.03419415648258,0.08628018,0.00744427
4182,1,1,0.13851333,-0.03810358,0.1124900424163555,0.026023284,0.00067721127
4183,1,1,0.18807888,-0.08935261,-0.2342152826464136,0.42229417,0.17833236
4184,1,1,-0.03044939,0.185848,0.0311450281638023,0.06159442,0.0037938724
4185,1,1,0.13658571,-0.03601241,0.0130195182173236,0.123566195,0.015268604
4186,1,1,0.12512827,-0.02344203,0.015026115536012,0.110102154,0.012122484
4187,1,1,0.12639642,-0.024844885,0.0961490814475469,0.030247338,0.00091490144
4188,1,1,0.17772555,-0.079049826,-0.0459963886246428,0.22372195,0.05005151
4189,1,1,0.08786774,0.019040823,0.0039015620229982,0.08396617,0.007050318
4190,1,1,0.11936712,-0.01702857,0.0902994195002713,0.029067703,0.00084493135
4191,1,1,0.17402029,-0.07531142,-0.1124886815664072,0.28650898,0.0820874
4192,1,1,0.04597521,0.08078909,-0.0081188077399438,0.054094017,0.0029261627
4193,1,1,0.111774206,-0.008486509,0.0938855874799133,0.01788862,0.00032000276
4194,1,1,0.17629194,-0.07760692,-0.2249211197956144,0.40121305,0.16097191
4195,1,1,-0.024626732,0.17916656,0.2475945128495857,0.27222124,0.0741044
4196,1,1,0.2738378,-0.14917684,-0.2622678692983262,0.53610563,0.28740925
4197,1,1,-0.04800868,0.20417452,0.1446039073201879,0.19261259,0.03709961
4198,1,1,0.20843887,-0.10900307,-0.1330556284041346,0.3414945,0.11661849
4199,1,1,0.033037663,0.100515604,0.2050351931999343,0.17199753,0.02958315
4200,1,1,0.24679446,-0.14398146,-0.2849108596587513,0.5317053,0.28271055
4201,1,1,-0.062166452,0.21678686,0.0806997508599538,0.1428662,0.02041075
4202,1,1,0.16794086,-0.06911802,-0.1038054018102174,0.27174625,0.07384602
4203,1,1,0.051440716,0.07235026,0.0474065815824293,0.0040341355,1.6274249e-05
4204,1,1,0.14687061,-0.047083616,0.0684057538499707,0.07846486,0.006156734
4205,1,1,0.16015792,-0.061081648,-0.0155401593769299,0.17569807,0.030869812
4206,1,1,0.10708833,-0.0031635761,0.0625633097160194,0.04452502,0.0019824775
4207,1,1,0.15646052,-0.057221413,0.0538157799827017,0.10264474,0.010535943
4208,1,1,0.15092492,-0.05139208,0.0261421494039368,0.12478277,0.01557074
4209,1,1,0.13342237,-0.032566547,0.0026469143212493,0.13077547,0.017102223
4210,1,1,0.11857438,-0.016141891,0.071589607947367,0.04698477,0.0022075686
4211,1,1,0.16217375,-0.06317425,-0.022519191900248,0.18469293,0.03411148
4212,1,1,0.10268211,0.0018742085,0.1732708791767065,0.07058877,0.004982774
4213,1,1,0.22662711,-0.12590384,-0.2074713605102922,0.43409848,0.18844149
4214,1,1,-0.013689756,0.16587472,0.4633021252374178,0.4769919,0.22752127
4215,1,1,0.47772908,-0.088639975,-0.3557449675553381,0.83347404,0.69467896
4216,1,1,-0.10636401,0.24228859,0.1971972567797677,0.30356127,0.092149444
4217,1,1,0.241817,-0.13958073,-0.3121587052521244,0.5539757,0.3068891
4218,1,1,-0.07918477,0.22917533,0.3166983452923371,0.3958831,0.15672344
4219,1,1,0.3316741,-0.14578986,-0.411065358730545,0.74273944,0.55166185
4220,1,1,-0.14077902,0.24670672,0.287003445748724,0.42778248,0.18299785
4221,1,1,0.30193114,-0.14467168,-0.3100378549161915,0.611969,0.37450606
4222,1,1,-0.07786083,0.22832441,0.4164900361869565,0.49435088,0.2443828
4223,1,1,0.4312446,-0.11989689,-0.4613974826960381,0.8926421,0.7968099
4224,1,1,-0.17200923,0.23912835,0.4610396474793861,0.6330489,0.4007509
4225,1,1,0.4754858,-0.09046459,-0.4849155161860139,0.9604013,0.9223707
4226,1,1,-0.18657374,0.23203707,0.5256893853443727,0.7122631,0.50731874
4227,1,1,0.5394318,0.044810772,-0.2985600999201274,0.83799195,0.7022305
4228,1,1,-0.07069397,0.22338486,0.2589773823630228,0.32967135,0.1086832
4229,1,1,0.28107452,-0.14860749,-0.2550084570854203,0.536083,0.28738496
4230,1,1,-0.043466806,0.19970894,0.0358741689335144,0.07934098,0.006294991
4231,1,1,0.13957572,-0.03925228,0.0452313341936823,0.094344385,0.008900863
4232,1,1,0.14549446,-0.045614243,-0.0911732952694852,0.23666775,0.056011625
4233,1,1,0.05939412,0.060003042,0.0421334354974769,0.017260686,0.00029793126
4234,1,1,0.14353466,-0.04351592,-0.1037331815027151,0.24726784,0.061141387
4235,1,1,0.051486254,0.07228017,0.1034927241820375,0.05200647,0.0027046727
4236,1,1,0.18237805,-0.08370566,-0.0965031982018937,0.27888125,0.077774756
4237,1,1,0.056037664,0.065220594,-0.1124700071618427,0.16850767,0.028394833
4238,1,1,0.04598713,0.080771446,0.0202002808628649,0.025786849,0.0006649616
4239,1,1,0.12966657,-0.02845025,0.0664167224903047,0.06324984,0.004000542
4240,1,1,0.15889907,-0.059770823,-0.0378016730262102,0.19670074,0.03869118
4241,1,1,0.09303784,0.013011217,0.1168409160129742,0.02380307,0.00056658615
4242,1,1,0.19083667,-0.092060566,0.0015502523445221,0.18928641,0.035829347
4243,1,1,0.11788154,-0.015365124,0.0030071255689705,0.11487441,0.013196129
4244,1,1,0.11880183,-0.016396284,0.0709393332350494,0.0478625,0.0022908188
4245,1,1,0.16176176,-0.062747955,-0.0547939876894472,0.21655574,0.04689639
4246,1,1,0.0823195,0.025555134,0.0625837689380746,0.019735731,0.0003894991
4247,1,1,0.15647316,-0.057234287,0.1246160392380226,0.031857118,0.001014876
4248,1,1,0.19576478,-0.09686375,-0.2022446402126312,0.39800942,0.1584115
4249,1,1,-0.010412455,0.16171432,0.0181644593714174,0.028576914,0.00081664004
4250,1,1,0.12837958,-0.027033806,-0.1600472849757723,0.28842688,0.08319006
4251,1,1,0.016073227,0.12554836,0.1793604074106021,0.16328718,0.026662702
4252,1,1,0.23049235,-0.129421,-0.0848280359490689,0.31532037,0.09942694
4253,1,1,0.06339073,0.053783655,-0.0245757994274682,0.08796653,0.0077381106
4254,1,1,0.101383924,0.0033643246,0.1042998743738401,0.0029159486,8.502757e-06
4255,1,1,0.18288946,-0.08421469,-0.0103707873400478,0.19326025,0.037349526
4256,1,1,0.11035204,-0.0068745613,0.0232715877372453,0.08708045,0.0075830044
4257,1,1,0.13160801,-0.030581474,0.0801174570780589,0.051490553,0.002651277
4258,1,1,0.1675725,-0.06874013,0.000583488493238,0.16698901,0.02788533
4259,1,1,0.11727047,-0.014680386,-0.1078650574076665,0.22513554,0.05068601
4260,1,1,0.048885345,0.07630229,0.2126468932316272,0.16376154,0.026817843
4261,1,1,0.2516296,-0.14720035,-0.3348015166211144,0.58643115,0.3439015
4262,1,1,-0.09331083,0.23703814,0.3306369202586685,0.42394775,0.1797317
4263,1,1,0.3456185,-0.14623284,-0.1919120321245953,0.53753054,0.2889391
4264,1,1,-0.0039310455,0.15326524,0.1905029290323789,0.19443397,0.03780457
4265,1,1,0.23756623,-0.1357913,-0.2358593887370981,0.47342563,0.22413182
4266,1,1,-0.03147912,0.1869998,0.2002395747946534,0.23171869,0.05369355
4267,1,1,0.24374866,-0.141294,-0.1458708964337245,0.38961956,0.1518034
4268,1,1,0.024980783,0.112546444,0.1460067681863317,0.12102598,0.014647287
4269,1,1,0.20932865,-0.10984349,-0.2461918281795143,0.45552048,0.20749891
4270,1,1,-0.03794837,0.19402075,0.1980612446579011,0.23600961,0.055700537
4271,1,1,0.24236536,-0.14006758,0.0444313843973334,0.19793397,0.039177857
4272,1,1,0.1449883,-0.04507327,-0.0140976209627683,0.15908591,0.025308328
4273,1,1,0.10799909,-0.0042016506,0.0260844868432719,0.0819146,0.006710002
4274,1,1,0.13338637,-0.032527685,0.135527729101081,0.0021413565,4.5854076e-06
4275,1,1,0.20268321,-0.103527784,-0.0481102094484127,0.25079343,0.06289734
4276,1,1,0.08653498,0.020602226,0.0833500898400565,0.0031848848,1.0143491e-05
4277,1,1,0.16961956,-0.07083535,-0.2183949268063547,0.3880145,0.15055525
4278,1,1,-0.020537615,0.17430592,0.0319785060461517,0.05251612,0.002757943
4279,1,1,0.13711286,-0.03658533,0.0218435564672927,0.1152693,0.013287012
4280,1,1,0.13070536,-0.029591799,0.0103341529108473,0.12037121,0.014489228
4281,1,1,0.123431444,-0.021559,-0.0460438056599401,0.16947526,0.028721863
4282,1,1,0.087837934,0.019075632,-0.0122979293600038,0.10013586,0.010027191
4283,1,1,0.10913515,-0.0054934025,0.041297578173888,0.06783757,0.0046019363
4284,1,1,0.14300609,-0.042948008,-0.0083050241951885,0.15131111,0.022895053
4285,1,1,0.111656666,-0.00835371,0.0012306069384755,0.11042606,0.0121939145
4286,1,1,0.117679596,-0.015138626,0.0374411160133898,0.08023848,0.006438213
4287,1,1,0.1405673,-0.040322542,0.0264546223556934,0.11411268,0.013021705
4288,1,1,0.13362002,-0.03278303,-0.0869468642460717,0.2205669,0.048649758
4289,1,1,0.062055826,0.055861473,0.0380570307323386,0.023998797,0.0005759423
4290,1,1,0.1409564,-0.04074216,-0.0775400913969872,0.2184965,0.04774072
4291,1,1,0.067982435,0.046635866,0.0199549676167056,0.048027467,0.0023066376
4292,1,1,0.12951136,-0.028279543,0.0088536352743666,0.12065772,0.0145582855
4293,1,1,0.12249589,-0.020519018,-0.045683533268015,0.16817942,0.028284319
4294,1,1,0.088065386,0.018810034,0.0932991703807846,0.005233787,2.7392527e-05
4295,1,1,0.17592001,-0.07723212,-0.0900497729992251,0.26596978,0.070739925
4296,1,1,0.060101748,0.058902025,0.0984600818026404,0.03835833,0.0014713615
4297,1,1,0.17918968,-0.08051944,-0.1829311010314147,0.36212078,0.13113146
4298,1,1,0.0017044544,0.1456933,0.0239137885279907,0.022209333,0.0004932545
4299,1,1,0.1320138,-0.031026125,-0.021788910536777,0.15380271,0.023655273
4300,1,1,0.10314274,0.0013451576,0.0350695434543424,0.0680732,0.0046339603
4301,1,1,0.13906717,-0.038702726,-0.077529129497412,0.2165963,0.04691396
4302,1,1,0.06798959,0.046625376,-0.0948448823683993,0.16283447,0.026515063
4303,1,1,0.057082176,0.06359792,0.2217920141282068,0.16470984,0.02712933
4304,1,1,0.2574396,-0.14825773,-0.074377611820374,0.3318172,0.11010266
4305,1,1,0.06997514,0.043536186,0.0471149810805275,0.022860158,0.0005225868
4306,1,1,0.14668584,-0.04688716,-0.0510352782663074,0.19772112,0.039093643
4307,1,1,0.084689856,0.022767067,0.2781260820296873,0.19343624,0.037417576
4308,1,1,0.29325223,-0.14630818,-0.2286160444928024,0.5218683,0.2723465
4309,1,1,-0.026942015,0.18185782,0.1288839219012834,0.15582594,0.024281725
4310,1,1,0.19847083,-0.09948087,0.1857375618032786,0.012733266,0.00016213606
4311,1,1,0.23454046,-0.13307667,-0.1489258181931156,0.38346627,0.14704639
4312,1,1,0.023061037,0.11537719,0.2181087337938718,0.19504769,0.038043603
4313,1,1,0.25509953,-0.14787817,-0.1818760347285661,0.43697557,0.19094765
4314,1,1,0.0023667812,0.14479041,0.1586513541123335,0.15628457,0.024424868
4315,1,1,0.21734977,-0.11735797,-0.4234074008398192,0.6407572,0.4105698
4316,1,1,-0.14844418,0.24584365,0.2350040674107547,0.38344824,0.14703256
4317,1,1,0.2658348,-0.1491108,-0.3666098231139876,0.6324446,0.3999862
4318,1,1,-0.11313009,0.24423742,0.3400489068673566,0.453179,0.2053712
4319,1,1,0.3550279,-0.14577317,-0.286634029674329,0.64166194,0.41173005
4320,1,1,-0.06324291,0.2176621,0.1867777698441193,0.25002068,0.06251034
4321,1,1,0.23520112,-0.13367057,-0.1701806852063856,0.4053818,0.1643344
4322,1,1,0.009708881,0.13460898,0.1239188330470359,0.11420995,0.013043913
4323,1,1,0.19532347,-0.09643507,-0.1760694703747467,0.37139294,0.13793272
4324,1,1,0.0060117245,0.13977432,0.1226837555317938,0.11667203,0.013612363
4325,1,1,0.19453979,-0.09567499,-0.1263722965597318,0.32091206,0.102984555
4326,1,1,0.037240744,0.09415507,-0.1379812084118445,0.17522195,0.030702733
4327,1,1,0.029940844,0.105167866,0.0270345469742196,0.0029062964,8.446559e-06
4328,1,1,0.13398671,-0.033182383,0.1305667883565937,0.0034199208,1.1695858e-05
4329,1,1,0.19953775,-0.10050964,-0.4055915933341287,0.60512936,0.36618155
4330,1,1,-0.13737798,0.246876,0.2583466596909045,0.39572462,0.15659797
4331,1,1,0.2806735,-0.14865494,-0.2234639791130757,0.5041375,0.25415462
4332,1,1,-0.023714066,0.17809296,0.1467185912677351,0.17043266,0.02904729
4333,1,1,0.20978022,-0.11027026,-0.1152151748873993,0.3249954,0.10562201
4334,1,1,0.04425931,0.083427906,0.0238693973804329,0.020389913,0.00041574854
4335,1,1,0.1319859,-0.030995369,-0.0100230086265562,0.14200892,0.020166531
4336,1,1,0.11057186,-0.007123947,0.0798438022493588,0.030728057,0.0009442135
4337,1,1,0.1673994,-0.068562984,-0.2010516184745472,0.36845103,0.13575616
4338,1,1,-0.0096645355,0.16075349,0.074519751969651,0.08418429,0.0070869946
4339,1,1,0.16402864,-0.06509328,-0.1335934601774187,0.29762208,0.0885789
4340,1,1,0.032699347,0.10102463,-0.084218203653323,0.11691755,0.013669713
4341,1,1,0.0637753,0.053184986,0.1091828596069612,0.045407556,0.0020618462
4342,1,1,0.18598366,-0.08728433,-0.2610572514537419,0.44704092,0.19984558
4343,1,1,-0.047251225,0.203444,0.243484292844784,0.2907355,0.084527135
4344,1,1,0.27122474,-0.14923549,-0.1313862730105532,0.40261102,0.16209564
4345,1,1,0.03408718,0.09893203,-0.0160718156373858,0.050158996,0.0025159249
4346,1,1,0.106752396,-0.0027811527,0.0610995014108852,0.045652892,0.0020841865
4347,1,1,0.15553403,-0.056250095,-0.1468143499583654,0.30234838,0.09141454
4348,1,1,0.024388075,0.113422394,0.1689329465782982,0.14454487,0.02089322
4349,1,1,0.22387385,-0.12338376,0.0614865324957261,0.16238733,0.026369644
4350,1,1,0.15577888,-0.056506872,-0.0570635123925478,0.2128424,0.04530189
4351,1,1,0.08088851,0.027242184,0.1963956247679683,0.11550711,0.0133418925
4352,1,1,0.24130821,-0.13912797,-0.0061485034583865,0.24745671,0.061234824
4353,1,1,0.11301851,-0.009893656,0.192157517485036,0.07913901,0.0062629827
4354,1,1,0.23861694,-0.13673091,-0.0171401736959153,0.25575712,0.06541171
4355,1,1,0.10607791,-0.0020112991,0.0334530785163211,0.07262483,0.005274366
4356,1,1,0.13804483,-0.037596464,0.0739461024312611,0.06409873,0.0041086474
4357,1,1,0.1636653,-0.064718485,-0.0634584825737571,0.22712377,0.051585205
4358,1,1,0.07685661,0.032850504,-0.0345320692442645,0.11138868,0.012407439
4359,1,1,0.0951004,0.010616779,0.0468612228493143,0.04823918,0.0023270184
4360,1,1,0.14652538,-0.046715975,0.0482473436134083,0.09827804,0.009658573
4361,1,1,0.14740229,-0.04765129,-0.1378247954653564,0.28522706,0.08135448
4362,1,1,0.030038834,0.105020285,0.0437048125873333,0.013665978,0.00018675895
4363,1,1,0.14452863,-0.044581175,0.0300392523129731,0.11448938,0.013107818
4364,1,1,0.13588643,-0.035252333,0.0544169177604874,0.08146951,0.0066372817
4365,1,1,0.15130568,-0.051795006,0.0434512714877661,0.1078544,0.011632572
4366,1,1,0.14436817,-0.044409275,0.0740037086149691,0.07036446,0.004951157
4367,1,1,0.16370201,-0.06475592,-0.1485711615255893,0.31227317,0.09751453
4368,1,1,0.02328372,0.11504984,0.1339195781134332,0.11063586,0.012240294
4369,1,1,0.20166373,-0.1025517,-0.0261945492184851,0.22785828,0.051919393
4370,1,1,0.1003623,0.0045399666,-0.0594337994804701,0.1597961,0.025534796
4371,1,1,0.0793941,0.029007673,0.0727126877913564,0.0066814125,4.4641274e-05
4372,1,1,0.16288424,-0.06391096,0.1760321806921592,0.01314795,0.00017286859
4373,1,1,0.22837973,-0.12750149,-0.1180366277293094,0.34641635,0.12000429
4374,1,1,0.04248476,0.08615136,0.1715805216045507,0.12909576,0.016665716
4375,1,1,0.22555399,-0.12492323,-0.1577787447496335,0.38333273,0.14694399
4376,1,1,0.017498255,0.12349224,0.1614955860442548,0.14399733,0.02073523
4377,1,1,0.21915436,-0.11903167,-0.2526172575638985,0.47177163,0.22256847
4378,1,1,-0.041970253,0.19819474,0.375015125623555,0.4169854,0.17387682
4379,1,1,0.3899374,-0.13876414,-0.3714486815928364,0.7613861,0.5797088
4380,1,1,-0.11614227,0.24493432,0.161509358085564,0.27765164,0.077090435
4381,1,1,0.21916342,-0.11904025,-0.1918008144658611,0.41096425,0.16889161
4382,1,1,-0.0038614273,0.15317297,0.2386288303604895,0.24249026,0.058801528
4383,1,1,0.26813865,-0.1492033,-0.2363036878460978,0.50444233,0.25446206
4384,1,1,-0.031757116,0.18730927,0.1755859081906075,0.20734303,0.04299113
4385,1,1,0.22809649,-0.12724376,-0.1183701263410612,0.3464666,0.120039105
4386,1,1,0.042274714,0.08647299,0.1036790013693673,0.061404288,0.0037704865
4387,1,1,0.18249607,-0.083822966,-0.2153192602265892,0.39781535,0.15825705
4388,1,1,-0.01861,0.17196846,0.0192258079002947,0.037835807,0.0014315483
4389,1,1,0.1290505,-0.027772903,-0.1030049987261612,0.23205549,0.05384975
4390,1,1,0.051944733,0.0715704,0.1434111038282419,0.09146637,0.008366097
4391,1,1,0.20768261,-0.10828686,0.0010204069458032,0.20666221,0.04270927
4392,1,1,0.1175468,-0.014989853,0.0079672630298981,0.10957953,0.012007674
4393,1,1,0.121935606,-0.019895077,0.1125570953708559,0.009378508,8.795641e-05
4394,1,1,0.1881218,-0.08939433,-0.1530074905320719,0.3411293,0.1163692
4395,1,1,0.020495892,0.11913586,0.2969871563930768,0.27649125,0.07644741
4396,1,1,0.31193638,-0.14286232,-0.4025354891667776,0.7144719,0.51047003
4397,1,1,-0.1354785,0.2469132,0.4009023475791688,0.5363809,0.28770447
4398,1,1,0.41573358,-0.1283009,-0.3333976204437143,0.7491312,0.5611976
4399,1,1,-0.0924356,0.23661661,0.53883738627579,0.631273,0.39850557
4400,1,1,0.5523975,0.0767169,-0.2747167613759345,0.8271142,0.6841179
4401,1,1,-0.05579424,0.21136117,0.1793265989222718,0.23512083,0.055281807
4402,1,1,0.2304709,-0.12940097,-0.1613621135153251,0.391833,0.1535331
4403,1,1,0.015247107,0.12673569,0.2129456263255549,0.19769852,0.039084703
4404,1,1,0.2518189,-0.14724183,-0.0934259325760127,0.34524482,0.119193986
4405,1,1,0.05797553,0.06220913,-0.033513415874554,0.09148894,0.008370226
4406,1,1,0.09574318,0.0098724365,0.040946422516809,0.054796755,0.0030026843
4407,1,1,0.14278388,-0.04270935,-0.1098723368335687,0.25265622,0.06383517
4408,1,1,0.047621727,0.07825208,0.177817302376444,0.13019557,0.016950887
4409,1,1,0.22951293,-0.12853193,-0.0667286116894807,0.29624155,0.087759055
4410,1,1,0.074795246,0.036046267,0.0932161927907575,0.01842095,0.0003393314
4411,1,1,0.1758678,-0.07717848,-0.116817207329825,0.292685,0.08566451
4412,1,1,0.043251753,0.08497548,0.0842526256070428,0.041000873,0.0016810716
4413,1,1,0.17019081,-0.071419,-0.210257322493121,0.38044813,0.14474078
4414,1,1,-0.015436888,0.16805887,0.3570012773829423,0.37243816,0.13871019
4415,1,1,0.37196207,-0.14341116,-0.3799841403730832,0.7519462,0.56542313
4416,1,1,-0.12145448,0.24590778,0.4185167773301002,0.53997123,0.29156893
4417,1,1,0.43326044,-0.118691206,-0.4543764268044965,0.8876369,0.78789926
4418,1,1,-0.16765738,0.24081993,0.3943091772046649,0.56196654,0.3158064
4419,1,1,0.40916753,-0.13138342,-0.3964493896998138,0.8056169,0.6490186
4420,1,1,-0.13169551,0.2468648,0.3974180358841988,0.52911353,0.27996114
4421,1,1,0.41226363,-0.12996554,-0.295174657931299,0.7074383,0.5004689
4422,1,1,-0.0685792,0.22182035,0.2957922541623765,0.36437145,0.13276656
4423,1,1,0.31073952,-0.14269638,-0.2112932476950089,0.52203274,0.2725182
4424,1,1,-0.01608634,0.1688652,0.1308844729707159,0.14697081,0.021600418
4425,1,1,0.19973898,-0.100703,-0.0884635500111103,0.28820252,0.0830607
4426,1,1,0.06110096,0.057347536,0.2180653332483073,0.15696438,0.024637815
4427,1,1,0.25507188,-0.14787364,-0.3109497483060988,0.5660216,0.32038048
4428,1,1,-0.078430176,0.22869277,0.2137007205109227,0.2921309,0.085340455
4429,1,1,0.25229883,-0.14734244,-0.1551768143762846,0.40747565,0.16603641
4430,1,1,0.019132853,0.12112188,0.2773953487544047,0.2582625,0.06669951
4431,1,1,0.29278755,-0.14642692,-0.0513593337279596,0.34414688,0.118437074
4432,1,1,0.08448577,0.023006678,0.1448000323157483,0.060314268,0.003637811
4433,1,1,0.20856309,-0.10912037,-0.0311810079248009,0.2397441,0.057477232
4434,1,1,0.097215176,0.008168936,-0.1190076038091079,0.21622278,0.04675229
4435,1,1,0.041873693,0.08708763,0.1178413770722515,0.075967684,0.005771089
4436,1,1,0.19147062,-0.09268117,-0.0159771919158906,0.20744781,0.043034595
4437,1,1,0.106812,-0.0028486252,0.0751117453342393,0.031700253,0.001004906
4438,1,1,0.16440344,-0.065479994,-0.062525422440486,0.22692886,0.051496707
4439,1,1,0.07744527,0.031938314,0.0738363991568036,0.0036088675,1.3023925e-05
4440,1,1,0.16359615,-0.06464648,-0.2483514832831233,0.41194764,0.16970086
4441,1,1,-0.039300203,0.19544077,0.3137065198472819,0.35300672,0.12461375
4442,1,1,0.3286798,-0.14551926,-0.2719990159083174,0.6006788,0.36081502
4443,1,1,-0.05409479,0.20984316,0.164331640132187,0.21842644,0.04771011
4444,1,1,0.22095442,-0.120696306,-0.2771873386016654,0.49814177,0.24814522
4445,1,1,-0.057338715,0.21271443,0.3708600646933018,0.42819878,0.1833542
4446,1,1,0.38579297,-0.14003015,-0.4612236107791343,0.8470166,0.7174371
4447,1,1,-0.17190146,0.23917222,0.3660432848287662,0.5379448,0.2893846
4448,1,1,0.38098693,-0.14135218,-0.4943551281078595,0.8753421,0.7662237
4449,1,1,-0.19241524,0.22859311,0.4252454605289641,0.6176607,0.38150474
4450,1,1,0.43995023,-0.114498615,-0.558787010325696,0.9987372,0.99747604
4451,1,1,-0.23220325,0.1967907,0.3530367761989836,0.58524,0.34250587
4452,1,1,0.36800313,-0.14413929,-0.3160137792518336,0.68401694,0.46787918
4453,1,1,-0.08159113,0.23067236,0.3658873234826014,0.44747844,0.20023696
4454,1,1,0.38083172,-0.141392,-0.3163583904278071,0.6971901,0.48607403
4455,1,1,-0.081805944,0.23080349,0.2388183590749641,0.3206243,0.10279994
4456,1,1,0.26825905,-0.14920735,-0.2622754898218709,0.5305345,0.28146687
4457,1,1,-0.04801321,0.20417929,0.3548619495756164,0.40287516,0.1623084
4458,1,1,0.36982584,-0.14381742,-0.2620823513695622,0.6319082,0.39930794
4459,1,1,-0.04789281,0.20406318,0.2501843771866006,0.2980772,0.088850014
4460,1,1,0.27548409,-0.14909911,-0.2548719454867432,0.53035605,0.28127754
4461,1,1,-0.043380976,0.19962263,0.260347177642914,0.30372816,0.092250794
4462,1,1,0.28194594,-0.14849997,-0.0988234539675709,0.3807694,0.14498533
4463,1,1,0.054577112,0.06748915,-0.0117782183470271,0.06635533,0.00440303
4464,1,1,0.10946345,-0.005866766,0.0293239048468758,0.08013955,0.006422347
4465,1,1,0.13543439,-0.034760952,-0.2161281174078433,0.3515625,0.12359619
4466,1,1,-0.019117117,0.17258644,0.1367181288346608,0.15583524,0.024284622
4467,1,1,0.2034378,-0.10424948,-0.1559144122942148,0.35935223,0.12913403
4468,1,1,0.018670082,0.12179494,-0.0030507123785015,0.021720795,0.00047179294
4469,1,1,0.114975214,-0.012099743,-0.2907856485714215,0.40576085,0.16464187
4470,1,1,-0.06583738,0.21972108,0.1381197915304102,0.20395717,0.04159853
4471,1,1,0.20432687,-0.105098486,-0.1772866309766501,0.3816135,0.14562885
4472,1,1,0.0052473545,0.14083266,0.2139841565077116,0.2087368,0.043571055
4473,1,1,0.25247908,-0.1473794,-0.3044748746716186,0.5569539,0.31019765
4474,1,1,-0.07438779,0.22600055,0.3757325734607133,0.45012036,0.20260833
4475,1,1,0.39065266,-0.13853431,-0.4303475132562404,0.82100016,0.6740413
4476,1,1,-0.15275288,0.24507022,0.4399975209241118,0.59275043,0.35135308
4477,1,1,0.45460677,-0.10454416,-0.3937199869492511,0.8483268,0.7196584
4478,1,1,-0.12999868,0.2467897,0.39189807899802,0.5218967,0.27237618
4479,1,1,0.4067657,-0.13243985,-0.3278047882319943,0.7345705,0.5395938
4480,1,1,-0.088947296,0.23484945,0.0946074328894797,0.18355474,0.03369234
4481,1,1,0.17674923,-0.07806754,-0.0834775638600691,0.2602268,0.06771798
4482,1,1,0.06424165,0.05245948,0.3815243866060447,0.31728274,0.10066833
4483,1,1,0.39642787,-0.13654852,-0.3923960389176231,0.7888239,0.62224317
4484,1,1,-0.12917495,0.24674106,0.4095725851992404,0.53874755,0.29024893
4485,1,1,0.42436314,-0.1238184,-0.4315594963942621,0.85592264,0.73260355
4486,1,1,-0.15350485,0.24491405,0.3775134185499618,0.53101826,0.2819804
4487,1,1,0.39242887,-0.13794732,-0.4288452061315952,0.82127404,0.67449105
4488,1,1,-0.15182066,0.24525547,0.3425223414553571,0.494343,0.24437502
4489,1,1,0.35749936,-0.14555097,-0.3128724678862586,0.67037183,0.4493984
4490,1,1,-0.07963014,0.22945714,0.1252322833384553,0.20486242,0.04196861
4491,1,1,0.19615555,-0.09724307,-0.1488597879880928,0.34501535,0.11903559
4492,1,1,0.023102283,0.11531639,0.2221973824548007,0.1990951,0.03963886
4493,1,1,0.25769687,-0.14829612,-0.1989323559467224,0.45662922,0.20851023
4494,1,1,-0.008334875,0.1590383,0.1490146782574934,0.15734956,0.024758883
4495,1,1,0.21123648,-0.11164212,-0.11337854995634,0.32461503,0.10537492
4496,1,1,0.0454154,0.081651926,0.0512303833466751,0.0058149807,3.3814e-05
4497,1,1,0.14928913,-0.04965806,-0.060841208720658,0.21013033,0.044154756
4498,1,1,0.07850695,0.030294657,0.1298612557551317,0.051354304,0.0026372646
4499,1,1,0.19909024,-0.10007858,-0.1151104342089883,0.31420067,0.09872206
4500,1,1,0.04432583,0.08332682,0.1703603462694531,0.12603451,0.0158847
4501,1,1,0.22477984,-0.12421417,0.0911266187479236,0.13365322,0.017863184
4502,1,1,0.1745441,-0.075841665,0.0646437344294921,0.10990036,0.01207809
4503,1,1,0.15777683,-0.058599234,-0.1608583687617337,0.3186352,0.10152839
4504,1,1,0.015564203,0.12628126,0.0493027589869479,0.033738557,0.0011382903
4505,1,1,0.14806938,-0.048362255,-0.0351056910905422,0.18317507,0.03355311
4506,1,1,0.09473848,0.011036634,0.0035571673193119,0.091181315,0.008314032
4507,1,1,0.11914921,-0.016784906,0.1643119496257377,0.045162737,0.0020396728
4508,1,1,0.22094202,-0.1206851,-0.312287464164807,0.5332295,0.28433368
4509,1,1,-0.07926512,0.2292273,0.2654813694260864,0.3447465,0.11885015
4510,1,1,0.28521037,-0.14801621,-0.1133306107500402,0.39854097,0.1588349
4511,1,1,0.04544592,0.08160472,0.0986016096731021,0.05315569,0.0028255275
4512,1,1,0.17927933,-0.0806098,-0.2708908793493076,0.45017022,0.20265323
4513,1,1,-0.053402185,0.20921707,0.3890167940891276,0.442419,0.19573456
4514,1,1,0.4038949,-0.13365245,-0.3629301076156634,0.766825,0.5880206
4515,1,1,-0.11083865,0.2436359,0.1960461784367266,0.30688483,0.0941783
4516,1,1,0.24108577,-0.13893175,-0.2463016860742231,0.48738745,0.23754652
4517,1,1,-0.038017273,0.19409418,0.1770981821704733,0.21511546,0.046274662
4518,1,1,0.22905636,-0.1281178,-0.2096019105675726,0.43865827,0.19242108
4519,1,0,-0.015025854,0.1675477,-0.2708923970733288,0.25586656,0.06546769
4520,1,0,-0.053403378,0.2092185,-0.3856268016056234,0.33222342,0.110372394
4521,1,0,-0.12496495,0.24637246,-0.3660915441626446,0.2411266,0.058142036
4522,1,0,-0.11280775,0.24415612,-0.4163654682707589,0.30355772,0.09214729
4523,1,0,-0.14407158,0.24641728,-0.2695175642240608,0.12544599,0.015736697
4524,1,0,-0.052542925,0.20843315,-0.2871225027095803,0.23457956,0.05502757
4525,1,0,-0.06354833,0.2179079,-0.0420648376034407,0.021483488,0.00046154027
4526,1,0,0.09034824,0.016143322,-0.0907993280548575,0.18114758,0.032814443
4527,1,0,0.05962944,0.059636116,0.0346843951120412,0.024945047,0.0006222554
4528,1,0,0.13882351,-0.038439512,-0.0472991396470257,0.18612266,0.034641642
4529,1,0,0.08704662,0.020002365,-0.1322619486370126,0.21930857,0.04809625
4530,1,0,0.033536434,0.099763155,-0.1067624572067909,0.14029889,0.019683778
4531,1,0,0.049579144,0.07522941,-0.2378162004554354,0.28739536,0.08259609
4532,1,0,-0.03270483,0.18835855,-0.1600001670234387,0.12729533,0.016204102
4533,1,0,0.01610303,0.12550521,-0.1868098474510713,0.20291288,0.041173637
4534,1,0,-0.0007300377,0.14898849,-0.1837704806490303,0.18304044,0.033503804
4535,1,0,0.0011777878,0.14640927,-0.1316216280648467,0.13279942,0.017635684
4536,1,0,0.03393984,0.099155426,-0.2220155136023787,0.25595534,0.065513134
4537,1,0,-0.022806168,0.1770196,-0.2043469090554648,0.18154074,0.03295704
4538,1,0,-0.011730671,0.16339684,-0.2116770250182988,0.19994636,0.039978545
4539,1,0,-0.016326666,0.16916323,-0.274715691110162,0.25838903,0.06676489
4540,1,0,-0.055793524,0.21136022,-0.3435421202441868,0.2877486,0.08279926
4541,1,0,-0.09875989,0.23946786,-0.4098428631851938,0.31108296,0.09677261
4542,1,0,-0.14001942,0.24675536,-0.3609446591234713,0.22092524,0.048807964
4543,1,0,-0.10960245,0.24328756,-0.4832995968103408,0.37369713,0.13964954
4544,1,0,-0.18557405,0.23259234,-0.3340090336773249,0.14843497,0.022032939
4545,1,0,-0.09281707,0.23680115,-0.3831031019963919,0.29028603,0.084265985
4546,1,0,-0.123394966,0.24618196,-0.2720883013921975,0.14869332,0.022109704
4547,1,0,-0.05415058,0.20989394,-0.204660761545901,0.15051018,0.022653313
4548,1,0,-0.011927843,0.1636467,-0.2549788686504315,0.24305102,0.0590738
4549,1,0,-0.04344797,0.19969034,-0.2562907046229266,0.21284273,0.04530203
4550,1,0,-0.044269323,0.20051265,-0.319842378966229,0.27557305,0.075940505
4551,1,0,-0.08398008,0.23209548,-0.4150335294682858,0.33105344,0.10959638
4552,1,0,-0.14324427,0.2465012,-0.4228858999577651,0.27964163,0.07819944
4553,1,0,-0.1481204,0.24589372,-0.3847859598099399,0.23666555,0.05601058
4554,1,0,-0.1244421,0.24631143,-0.3902890661045228,0.26584697,0.07067461
4555,1,0,-0.12786484,0.24664879,-0.3788814030766425,0.25101656,0.063009314
4556,1,0,-0.12076855,0.2458005,-0.4134963429492422,0.2927278,0.08568957
4557,1,0,-0.14228916,0.2465887,-0.525787481069623,0.3834983,0.14707096
4558,1,0,-0.21184325,0.21480584,-0.6383302574487115,0.42648703,0.18189119
4559,1,0,-0.28112555,0.14106631,-0.6770839600539817,0.39595842,0.15678307
4560,1,0,-0.30487728,0.10075545,-0.8107262660520633,0.505849,0.25588322
4561,1,0,-0.38747096,-0.1278987,-0.6255463461535977,0.23807538,0.056679886
4562,1,0,-0.27327824,0.15102029,-0.6275530844158164,0.35427487,0.12551068
4563,1,0,-0.27451015,0.14947915,-0.5417350469299325,0.2672249,0.07140915
4564,1,0,-0.22168708,0.20652723,-0.5744526216525552,0.35276556,0.12444354
4565,1,0,-0.24185634,0.18709064,-0.6127607793514476,0.37090445,0.13757011
4566,1,0,-0.265424,0.1606288,-0.6410449213041876,0.3756209,0.14109106
4567,1,0,-0.28279138,0.13891053,-0.6548687015835939,0.37207735,0.13844155
4568,1,0,-0.29126835,0.12796688,-0.5579284338238777,0.2666601,0.0711076
4569,1,0,-0.23167443,0.19730163,-0.4309828766436605,0.19930845,0.039723862
4570,1,0,-0.15314722,0.2449894,-0.4880621934164639,0.33491498,0.112168044
4571,1,0,-0.18852115,0.23092604,-0.429407491338369,0.24088633,0.058026224
4572,1,0,-0.15216947,0.24518728,-0.5304537531044073,0.37828428,0.143099
4573,1,0,-0.2147243,0.21246934,-0.4604377881939103,0.24571347,0.06037511
4574,1,0,-0.17141414,0.23937154,-0.3579315250646444,0.18651739,0.034788735
4575,1,0,-0.10772514,0.24272251,-0.4246138087798656,0.31688866,0.100418426
4576,1,0,-0.14919353,0.2457242,-0.322357703907596,0.17316419,0.029985836
4577,1,0,-0.08554888,0.23299527,-0.3508688913286524,0.26532,0.0703947
4578,1,0,-0.103325844,0.24124122,-0.3236217508193779,0.2202959,0.048530288
4579,1,0,-0.08633828,0.23343706,-0.4822670452449715,0.39592877,0.15675959
4580,1,0,-0.18493485,0.23294306,-0.2597021469195262,0.07476729,0.005590148
4581,1,0,-0.046403646,0.20261979,-0.3352366584059587,0.28883302,0.083424516
4582,1,0,-0.09358239,0.23716736,-0.3065915291451686,0.21300915,0.045372896
4583,1,0,-0.075709105,0.22690058,-0.208842050961072,0.13313295,0.017724382
4584,1,0,-0.014549255,0.1669519,-0.0691125535930639,0.0545633,0.0029771535
4585,1,0,0.07329321,0.038378716,0.021695365451428,0.05159784,0.0026623372
4586,1,0,0.13061142,-0.02948904,-0.0180756348369763,0.14868705,0.02210784
4587,1,0,0.10548735,-0.0013372898,-0.0581312869781931,0.16361864,0.02677106
4588,1,0,0.08021498,0.028036833,-0.0344500360668282,0.11466502,0.013148066
4589,1,0,0.09515238,0.010556459,-0.0693911669037374,0.16454354,0.027074575
4590,1,0,0.073117495,0.038651466,-0.2380365780487321,0.31115407,0.09681685
4591,1,0,-0.032842636,0.18851042,-0.2142597786429561,0.18141714,0.032912176
4592,1,0,-0.017945766,0.17115664,-0.308481201006757,0.29053542,0.08441083
4593,1,0,-0.07688928,0.22768784,-0.1990438104198744,0.122154534,0.01492173
4594,1,0,-0.008404732,0.15912795,-0.0844279757418413,0.07602324,0.0057795336
4595,1,0,0.06364322,0.05339074,0.0658808714436007,0.0022376552,5.0071008e-06
4596,1,0,0.15856028,-0.059416533,0.1075131556693231,0.051047124,0.002605809
4597,1,0,0.18492508,-0.086236715,0.0049349027469731,0.17999017,0.03239646
4598,1,0,0.12001991,-0.017758846,0.0183893558748984,0.10163055,0.01032877
4599,1,0,0.12852216,-0.0271914,-0.2464959849491244,0.37501815,0.14063862
4600,1,0,-0.038138866,0.19422221,-0.2974388855824408,0.25930002,0.067236505
4601,1,0,-0.06999397,0.22287226,-0.2367234714419628,0.1667295,0.027798725
4602,1,0,-0.032019854,0.18760109,-0.2437613594469252,0.2117415,0.044834465
4603,1,0,-0.03642702,0.19240332,-0.4765686885947851,0.44014168,0.19372469
4604,1,0,-0.18140697,0.2348001,-0.4252645639301717,0.24385759,0.059466526
4605,1,0,-0.14959764,0.24565744,-0.2231275684808986,0.07352993,0.0054066502
4606,1,0,-0.023503304,0.17784381,-0.4157852407298357,0.39228195,0.15388513
4607,1,0,-0.14371085,0.24645472,-0.4093326636587577,0.2656218,0.07055495
4608,1,0,-0.13970256,0.24677444,-0.3606943609878912,0.22099179,0.04883737
4609,1,0,-0.109446764,0.24324155,-0.476131911472617,0.36668515,0.134458
4610,1,0,-0.18113661,0.2349379,-0.6917068855188271,0.5105703,0.26068202
4611,1,0,-0.3138249,0.07617545,-0.7487172056954807,0.4348923,0.1891313
4612,1,0,-0.34863162,-0.021761894,-0.8514372182865126,0.5028056,0.25281346
4613,1,0,-0.41569948,-0.19541168,-0.9288707963896328,0.5131713,0.2633448
4614,1,0,-0.46929026,-0.31647706,-0.9046284444589324,0.4353382,0.18951935
4615,1,0,-0.452528,-0.2797222,-0.7575801414835457,0.30505216,0.09305682
4616,1,0,-0.3540311,-0.03706789,-0.913465587023976,0.5594345,0.31296694
4617,1,0,-0.4586401,-0.29324698,-1.0716942361754862,0.61305416,0.3758354
4618,1,0,-0.5677266,-0.51030684,-1.197604432324582,0.6298778,0.39674604
4619,1,0,-0.65397954,-0.6505828,-1.2379580825910987,0.58397853,0.34103093
4620,1,0,-0.68150425,-0.69018674,-1.085799851827538,0.40429556,0.1634549
4621,0,0,-1.0887501,-0.52737474,-1.1498756817662352,0.061125517,0.0037363288
4622,0,0,-1.1496632,-0.6005175,-1.2254780170585415,0.07581484,0.0057478906
4623,0,0,-1.2214242,-0.6781943,-1.255478786819287,0.034054518,0.0011597102
4624,0,0,-1.2497815,-0.7066486,-1.222674442933514,0.027107,0.0007347895
4625,0,1,-1.21877,-0.6754694,1.012623218519903,2.2313933,4.9791164
4626,0,1,0.25345898,0.9219439,-1.0598949617090048,1.3133539,1.7248985
4627,0,1,-1.062942,-0.4957521,0.9432249053768148,2.006167,4.024706
4628,0,1,0.2405994,0.8231015,-0.9161584499200748,1.1567578,1.3380886
4629,0,1,-0.91976166,-0.2973392,0.8945078603174474,1.8142695,3.291574
4630,0,1,0.2309084,0.7512512,-0.7910003449506657,1.0219088,1.0442975
4631,0,1,-0.79720736,-0.09445405,0.6038131072561925,1.4010205,1.9628586
4632,0,1,0.15939116,0.22656131,-0.6721119831643123,0.83150315,0.6913975
4633,0,1,-0.67819715,0.109021425,0.5188437678493591,1.1970409,1.432907
4634,0,1,0.13315415,0.027963877,-0.5984475384258148,0.7316017,0.53524107
4635,0,1,-0.60379934,0.17094326,0.5293263448908099,1.1331257,1.2839738
4636,0,1,0.13654256,0.05369568,-0.3289289002819324,0.46547145,0.21666367
4637,0,1,-0.3513224,0.23521495,0.3715198465772644,0.7228422,0.5225009
4638,0,1,0.08055544,-0.13983655,-0.2128929146489553,0.29344836,0.08611194
4639,0,1,-0.25388694,0.17010427,0.1840984537170027,0.4379854,0.1918312
4640,0,1,-0.0017542839,-0.13213968,-0.1814475191865132,0.17969324,0.032289658
4641,0,1,-0.22907734,0.14442301,0.0912279641437319,0.3203053,0.10259548
4642,0,1,-0.049981833,-0.07590628,0.0151954197555501,0.065177254,0.0042480743
4643,0,1,-0.09356618,-0.02496314,0.0453539079768061,0.13892008,0.01929879
4644,0,1,-0.07581949,-0.045696974,-0.0568122052918367,0.019007288,0.000361277
4645,0,1,-0.13846827,0.02705574,0.0446115772283386,0.18307984,0.03351823
4646,0,1,-0.07624912,-0.04519534,-0.1292095564783633,0.05296044,0.0028048083
4647,0,1,-0.1893816,0.09686136,0.1656851478376886,0.35506675,0.12607239
4648,0,1,-0.010897398,-0.12148833,-0.1124501444933803,0.10155275,0.0103129605
4649,0,1,-0.17704749,0.08075261,0.1556078997830918,0.33265537,0.11065959
4650,0,1,-0.015987158,-0.11555982,0.0859162119937431,0.10190337,0.010384297
4651,0,1,-0.052903652,-0.07249284,0.0608239666480052,0.113727614,0.01293397
4652,0,1,-0.06695199,-0.05606675,-0.1222434358997883,0.055291444,0.003057144
4653,0,1,-0.1842308,0.09019947,0.0610367699269081,0.24526757,0.06015618
4654,0,1,-0.06683135,-0.056208372,-0.1028623086218938,0.036030956,0.0012982298
4655,0,1,-0.17007875,0.07143164,0.2218612969851743,0.39194006,0.15361701
4656,0,1,0.016375303,-0.1482637,-0.0501549338205462,0.06653024,0.004426273
4657,0,1,-0.1341641,0.022115469,-0.0526700064314757,0.08149409,0.0066412874
4658,0,1,-0.13578653,0.023978472,0.0120995051468213,0.14788604,0.02187028
4659,0,1,-0.09542298,-0.02279687,0.0366323328200195,0.13205531,0.017438605
4660,0,1,-0.08088875,-0.039770603,0.0503753840936149,0.13126414,0.017230272
4661,0,1,-0.07292366,-0.04908371,0.021881412845548,0.09480508,0.008988002
4662,0,1,-0.08957887,-0.029617548,-0.0676390257613843,0.021939844,0.00048135675
4663,0,1,-0.14553523,0.036936045,0.060618646111163,0.20615387,0.04249942
4664,0,1,-0.06706858,-0.055930614,-0.266285298370096,0.19921672,0.039687302
4665,0,1,-0.2975793,0.2065599,0.2789938776568941,0.57657313,0.3324366
4666,0,1,0.042273045,-0.14616442,-0.312379739858545,0.3546528,0.1257786
4667,0,1,-0.3368678,0.22926283,0.1721485794503165,0.5090164,0.2590977
4668,1,1,0.22591496,-0.12525344,-0.2499864933467974,0.47590145,0.2264822
4669,1,1,-0.040323973,0.19650412,0.2654459043418762,0.3057699,0.09349523
4670,1,1,0.28518748,-0.14802003,-0.358733351109731,0.64392084,0.41463405
4671,1,1,-0.10822487,0.24287605,0.1404822121603905,0.24870709,0.061855216
4672,1,1,0.20582485,-0.10652399,0.0522507583960116,0.1535741,0.023585003
4673,1,1,0.14993477,-0.0503428,-0.0147172754251641,0.16465205,0.027110297
4674,1,1,0.107607365,-0.0037555695,0.0540858543232034,0.05352151,0.002864552
4675,1,1,0.15109587,-0.05157256,-0.0882773926540179,0.23937327,0.05729956
4676,1,1,0.061218023,0.057165146,0.1492144257524814,0.08799641,0.007743368
4677,1,1,0.21136308,-0.111760855,-0.2089923258559314,0.4203554,0.17669867
4678,1,1,-0.014643669,0.16706967,0.1476982795605095,0.16234195,0.026354909
4679,1,1,0.21040177,-0.11085534,-0.1328178330156046,0.3432196,0.1177997
4680,1,1,0.03318739,0.10028982,0.2770817512541574,0.24389437,0.059484463
4681,1,1,0.29258847,-0.14647722,-0.316928661326683,0.6095171,0.3715111
4682,1,1,-0.082161665,0.23101807,0.2491838673772903,0.33134553,0.109789856
4683,1,1,0.27484798,-0.14913249,-0.0124117954408435,0.2872598,0.08251818
4684,1,1,0.10906339,-0.00541234,-0.0685556226512735,0.17761901,0.03154851
4685,1,1,0.07364392,0.037832737,0.0445028383350729,0.029141083,0.00084920274
4686,1,1,0.14503312,-0.045121193,-0.0651555148761282,0.21018863,0.04417926
4687,1,1,0.075787306,0.03450775,0.1036315523528537,0.02784425,0.0007753023
4688,1,1,0.18246603,-0.08379245,-0.2018223646695482,0.3842884,0.14767757
4689,1,1,-0.010147572,0.16137457,0.2072298137836785,0.21737738,0.047252927
4690,1,1,0.24818873,-0.14520812,-0.3130474710058646,0.5612362,0.31498608
4691,1,1,-0.07973957,0.22952604,0.388520047425378,0.46825963,0.21926709
4692,1,1,0.40339994,-0.13385534,-0.2592202708692013,0.6626202,0.43906552
4693,1,1,-0.046102285,0.20232487,0.1921383960299847,0.23824067,0.05675862
4694,1,1,0.23860478,-0.13671947,-0.1171248020478432,0.35572958,0.12654354
4695,1,1,0.043058157,0.08527279,0.0161968239269527,0.026861332,0.00072153116
4696,1,1,0.12713599,-0.025662184,-0.1038638694245999,0.23099986,0.053360935
4697,1,1,0.051404238,0.07240677,0.1035960480166457,0.05219181,0.002723985
4698,1,1,0.18244362,-0.08377075,0.041506639262216,0.14093697,0.01986323
4699,1,1,0.14313817,-0.04308939,-0.1223201792844443,0.26545835,0.070468135
4700,1,1,0.039789677,0.09027338,0.1900600562264989,0.15027037,0.022581184
4701,1,1,0.2372849,-0.13553977,-0.1405080953383626,0.377793,0.14272757
4702,1,1,0.028352022,0.107541084,0.199535882353385,0.17118385,0.029303912
4703,1,1,0.2433021,-0.14089799,-0.2747554879900908,0.5180576,0.26838365
4704,1,1,-0.055818558,0.21138263,0.3771048523370983,0.4329234,0.18742268
4705,1,1,0.39202118,-0.13808346,-0.3481603205087187,0.7401815,0.54786867
4706,1,1,-0.10163808,0.24061322,0.4621870430973618,0.56382513,0.31789878
4707,1,1,0.4766233,-0.08954692,-0.5631034970430524,1.0397267,1.0810317
4708,1,1,-0.23486423,0.19418764,0.4482289376295414,0.6830932,0.4666163
4709,1,1,0.46277833,-0.09966469,-0.4315155469047513,0.8942939,0.7997616
4710,1,1,-0.15347767,0.24491978,0.4616711893331628,0.6151489,0.37840816
4711,1,1,0.4761119,-0.08996177,-0.4213139625662956,0.8974259,0.80537325
4712,1,1,-0.14714432,0.24603677,0.3693574270115305,0.5165018,0.2667741
4713,1,1,0.38429403,-0.14045906,-0.2313920540884084,0.61568606,0.37906933
4714,1,1,-0.028680801,0.18384933,0.2399118291642006,0.26859263,0.072142
4715,1,1,0.26895404,-0.14922237,-0.0779556526936899,0.3469097,0.12034634
4716,1,1,0.06772065,0.04704404,0.0333307240758649,0.034389928,0.0011826671
4717,1,1,0.13796759,-0.037512302,0.0552262101019769,0.08274138,0.006846136
4718,1,1,0.15181756,-0.052336216,0.0773824670040697,0.07443509,0.005540583
4719,1,1,0.1658411,-0.06696105,-0.1312842228689872,0.29712534,0.088283464
4720,1,1,0.034151316,0.09883547,0.1253410583733338,0.09118974,0.008315569
4721,1,1,0.19622493,-0.09730959,0.0392404456893022,0.15698448,0.024644127
4722,1,1,0.1417048,-0.041549206,0.0221752945872939,0.1195295,0.014287301
4723,1,1,0.13091469,-0.029821873,0.0510209454327856,0.07989374,0.0063830093
4724,1,1,0.14915681,-0.04951763,-0.0723496932317937,0.2215065,0.04906513
4725,1,1,0.07125306,0.041548014,0.1524085509041062,0.081155494,0.006586214
4726,1,1,0.2133894,-0.11366272,-0.2026428336034822,0.41603222,0.17308281
4727,1,1,-0.010662556,0.16203356,0.1618770111895173,0.17253956,0.029769901
4728,1,1,0.21939635,-0.11925602,-0.2576492817575815,0.47704563,0.22757253
4729,1,1,-0.045119047,0.20135641,0.1674269613556149,0.212546,0.045175806
4730,1,1,0.22291827,-0.12250638,0.0050509325533338,0.21786734,0.04746618
4731,1,1,0.12009287,-0.017839909,0.0280770615140233,0.0920158,0.008466908
4732,1,1,0.1346457,-0.033901453,0.0394650238745266,0.095180675,0.009059361
4733,1,1,0.14184666,-0.041702032,-0.1681086573150114,0.3099553,0.09607229
4734,1,1,0.011009693,0.13277388,0.1619587883548359,0.15094909,0.022785628
4735,1,1,0.21944833,-0.11930466,-0.1168249060239889,0.33627322,0.11307968
4736,1,1,0.04324746,0.084982395,0.213686782303176,0.17043932,0.02904956
4737,1,1,0.25229,-0.14734054,-0.2500263126823583,0.50231636,0.25232172
4738,1,1,-0.04034877,0.19652963,0.2414628869614992,0.28181165,0.07941781
4739,1,1,0.2699399,-0.14923501,-0.140777402238208,0.4107173,0.16868871
4740,1,1,0.028182745,0.10779238,0.1391138161379297,0.11093107,0.012305702
4741,1,1,0.20495725,-0.105698586,0.0039994924413679,0.20095776,0.04038402
4742,1,1,0.119428635,-0.017097712,-0.0794803614982058,0.198909,0.03956479
4743,1,1,0.066759825,0.04853916,0.0389693979496001,0.027790427,0.00077230786
4744,1,1,0.14153361,-0.04136443,-0.0067964920753849,0.1483301,0.022001822
4745,1,1,0.11260939,-0.009430885,0.1391958543680562,0.026586473,0.00070684054
4746,1,1,0.20500922,-0.10574794,-0.1202831608951902,0.32529238,0.105815135
4747,1,1,0.041070938,0.088315725,0.0376096643088375,0.0034612752,1.1980426e-05
4748,1,1,0.14067364,-0.0404377,-0.0699999349596129,0.21067357,0.044383354
4749,1,1,0.07273412,0.039246798,0.0051517627178898,0.067582354,0.0045673745
4750,1,1,0.120157,-0.017911434,-0.0314688265619058,0.15162583,0.02299039
4751,1,1,0.09703374,0.008379221,0.0968445833655406,0.00018915534,3.5779742e-08
4752,1,1,0.17816639,-0.079493046,0.0115765428920182,0.16658984,0.027752176
4753,1,1,0.12421608,-0.022430182,-0.0863584416115661,0.21057452,0.04434163
4754,1,1,0.062426805,0.05528474,0.0513599398958275,0.011066865,0.00012247551
4755,1,1,0.14937115,-0.04974532,0.0338432268162769,0.11552792,0.0133467
4756,1,1,0.13829184,-0.03786373,-0.1102528719881137,0.24854471,0.061774474
4757,1,1,0.047382116,0.078621864,0.2150809803981404,0.16769886,0.028122908
4758,1,1,0.25317574,-0.14751935,-0.1974608182754642,0.45063657,0.20307331
4759,1,1,-0.007412195,0.15783858,0.1730807687349855,0.18049297,0.032577712
4760,1,1,0.22650647,-0.12579417,-0.178059447217044,0.40456593,0.1636736
4761,1,1,0.0047621727,0.14150238,0.0576075509505731,0.052845377,0.0027926338
4762,1,1,0.15332413,-0.05392623,-0.2606038826962318,0.413928,0.1713364
4763,1,1,-0.046967745,0.2031691,0.3334648572203087,0.3804326,0.14472897
4764,1,1,0.34844637,-0.14615917,-0.3227055893509911,0.671152,0.450445
4765,1,1,-0.085766315,0.23311782,0.5100471084852316,0.59581345,0.35499367
4766,1,1,0.5239885,0.0060651302,-0.4495237626210788,0.9735123,0.9477262
4767,1,1,-0.16464877,0.24187183,0.3493798830842043,0.51402867,0.26422548
4768,1,1,0.3643508,-0.1447165,-0.3008671215155378,0.6652179,0.44251484
4769,1,1,-0.07213473,0.22442222,0.3948110673551084,0.4669458,0.21803838
4770,1,1,0.40966725,-0.13115907,-0.2872820192876451,0.69694924,0.48573825
4771,1,1,-0.063647985,0.21798825,0.3521454178619403,0.4157934,0.17288414
4772,1,1,0.3671136,-0.14428854,-0.461052295687518,0.8281659,0.6858587
4773,1,1,-0.17179537,0.2392168,0.5821921674029107,0.75398755,0.56849724
4774,1,1,0.5950527,0.17803955,-0.473222029951466,1.0682747,1.1412109
4775,1,1,-0.1793344,0.23583317,0.3295453006844231,0.50887966,0.25895852
4776,1,1,0.34452677,-0.14624739,-0.1907272542214215,0.535254,0.28649685
4777,1,1,-0.0031876564,0.15227795,0.163753262667591,0.16694091,0.027869267
4778,1,1,0.22058702,-0.1203568,-0.2184663993014344,0.43905342,0.1927679
4779,1,1,-0.020582438,0.17436051,0.1796233218996361,0.20020576,0.040082347
4780,1,1,0.23065901,-0.12957215,-0.151945169159112,0.38260418,0.14638595
4781,1,1,0.021163464,0.11816025,0.2126835009949435,0.19152004,0.036679924
4782,1,1,0.25165296,-0.14720488,-0.2296712201001773,0.4813242,0.23167299
4783,1,1,-0.02760315,0.1826179,0.234942412846518,0.26254556,0.06893017
4784,1,1,0.2657957,-0.14910841,-0.1641419700767006,0.42993766,0.18484639
4785,1,1,0.013501406,0.12923408,0.1644896263381601,0.15098822,0.022797443
4786,1,1,0.22105455,-0.12078905,-0.3518314818502754,0.57288605,0.32819843
4787,1,1,-0.103925705,0.24145603,0.2791055865310596,0.38303128,0.14671296
4788,1,1,0.29401278,-0.14614487,-0.3964992791131791,0.69051206,0.4768069
4789,1,1,-0.13172626,0.24686551,0.3692181164560373,0.5009444,0.25094527
4790,1,1,0.3841548,-0.14049768,-0.3649722362591023,0.74912703,0.5611913
4791,1,1,-0.11211038,0.24397731,0.3285735622022865,0.44068393,0.19420233
4792,1,1,0.34355474,-0.14625192,-0.4562914708742562,0.7998462,0.6397539
4793,1,1,-0.16884446,0.24037814,0.5038189817270498,0.67266345,0.4524761
4794,1,1,0.5178349,-0.010352373,-0.4345144737033122,0.95234936,0.9069693
4795,1,1,-0.15533853,0.24450684,0.3842782716465867,0.5396168,0.2911863
4796,1,1,0.39917254,-0.13552833,-0.3634097763656361,0.7625823,0.58153176
4797,1,1,-0.11113787,0.24371839,0.1763899775889754,0.28752786,0.08267227
4798,1,1,0.22860694,-0.12770796,-0.1405978656783171,0.36920482,0.1363122
4799,1,1,0.028295755,0.10762429,0.1497339534823796,0.121438205,0.014747238
4800,1,1,0.21169305,-0.11207104,-0.1006226486382888,0.3123157,0.0975411
4801,1,1,0.053444624,0.06924605,0.1627754513477257,0.10933083,0.011953231
4802,1,1,0.21996665,-0.119784355,-0.3691025611647895,0.58906925,0.34700257
4803,1,1,-0.11468172,0.24460912,0.3354157488538538,0.45009747,0.20258774
4804,1,1,0.35039616,-0.14607549,-0.3756930004635452,0.7260891,0.5272054
4805,1,1,-0.11878419,0.24545908,0.3472238996241237,0.4660081,0.21716355
4806,1,1,0.36219716,-0.14501238,-0.0865674360431678,0.4487646,0.20138966
4807,1,1,0.0622952,0.0554893,0.1676572664138533,0.10536207,0.011101167
4808,1,1,0.22306442,-0.12264013,-0.2804612619573952,0.5035257,0.2535381
4809,1,1,-0.0593853,0.21446991,0.1676321700611112,0.22701748,0.051536936
4810,1,1,0.22304869,-0.12262559,-0.2779366985224261,0.5009854,0.25098637
4811,1,1,-0.057807207,0.21311998,0.246559080408645,0.3043663,0.092638835
4812,1,1,0.2731793,-0.14919853,-0.3466027497483357,0.61978203,0.38412976
4813,1,1,-0.100667715,0.24023843,0.2357859886842077,0.3364537,0.1132011
4814,1,1,0.2663319,-0.14913535,-0.2335739619712122,0.49990588,0.2499059
4815,1,1,-0.030047417,0.18539643,0.1161933002456527,0.14624071,0.021386346
4816,1,1,0.19042611,-0.091658115,-0.0519857631489579,0.24241188,0.05876352
4817,1,1,0.08409047,0.023471355,-0.0740657073538271,0.15815619,0.02501338
4818,1,1,0.070171356,0.04322982,-0.1215534040507089,0.19172476,0.036758386
4819,1,1,0.040271997,0.08953667,0.1941578215946195,0.15388583,0.023680847
4820,1,1,0.239887,-0.13786364,-0.2758446450108081,0.51573163,0.2659791
4821,1,1,-0.056499243,0.21198177,0.3279841323463293,0.38448337,0.14782746
4822,1,1,0.34296536,-0.14625287,-0.0944002062954991,0.43736556,0.19128864
4823,1,1,0.057362318,0.063162565,0.0017065878753927,0.05565573,0.0030975603
4824,1,1,0.11798072,-0.015476227,0.1351427240300244,0.01716201,0.00029453458
4825,1,1,0.20243883,-0.10329461,-0.0673524135355112,0.26979125,0.072787315
4826,1,1,0.07440233,0.036655664,0.0626113226576055,0.011791013,0.000139028
4827,1,1,0.15649056,-0.057252645,-0.1830597431754714,0.33955032,0.11529442
4828,1,1,0.0016236305,0.14580274,0.2686620274001501,0.2670384,0.07130951
4829,1,1,0.2872331,-0.14765596,-0.0737909038096602,0.36102402,0.13033834
4830,1,1,0.07034469,0.042960405,-0.0673801273547911,0.13772482,0.018968126
4831,1,1,0.07438493,0.036682844,0.0548659250758998,0.019519001,0.0003809914
4832,1,1,0.15158963,-0.052095175,0.0525266717546566,0.099062964,0.009813471
4833,1,1,0.15010905,-0.05052805,-0.0589644155166104,0.20907347,0.043711714
4834,1,1,0.07968998,0.028658152,0.1555911620656145,0.07590118,0.005760989
4835,1,1,0.21540856,-0.1155498,-0.1248965431188042,0.3403051,0.115807556
4836,1,1,0.03816867,0.09274292,0.203180062101548,0.16501139,0.02722876
4837,1,1,0.24561644,-0.14294338,-0.1800860081717115,0.42570245,0.18122257
4838,1,1,0.003490448,0.14325261,0.270714156742935,0.26722372,0.07140852
4839,1,1,0.28853822,-0.14739823,-0.1463798546375811,0.43491808,0.18915373
4840,1,1,0.024660826,0.11301947,0.2827743133188152,0.25811347,0.06662256
4841,1,1,0.29769087,-0.14549589,-0.250524709207423,0.54821557,0.3005403
4842,1,1,-0.04066086,0.19685149,0.3626347662013875,0.40329564,0.16264737
4843,1,1,0.3775854,-0.14219356,-0.2057292634132705,0.58331466,0.34025598
4844,1,1,-0.012597561,0.16449642,0.3571086366689142,0.36970618,0.13668266
4845,1,1,0.37206936,-0.14339042,-0.2856561637644321,0.6577255,0.43260285
4846,1,1,-0.062631845,0.21716642,0.2301651314121007,0.29279697,0.08573007
4847,1,1,0.26275992,-0.14889216,-0.2141570914136061,0.47691703,0.22744985
4848,1,1,-0.017881632,0.17107844,0.0553720083012927,0.07325364,0.005366096
4849,1,1,0.15190959,-0.05243373,-0.1295896694574652,0.28149927,0.079241835
4850,1,1,0.035217285,0.097222805,0.2466409653220407,0.21142368,0.044699974
4851,1,1,0.27323127,-0.14919662,-0.2606006759630994,0.53383195,0.28497654
4852,1,1,-0.0469656,0.20316696,0.482206752879903,0.52917236,0.2800234
4853,1,1,0.4964571,-0.068314075,-0.5821549840282927,1.0786121,1.163404
4854,1,1,-0.2465992,0.18207169,0.6117371383586998,0.8583363,0.73674124
4855,1,1,0.6240313,0.24403977,-0.4125882132203,1.0366195,1.0745801
4856,1,1,-0.1417253,0.24663568,0.3135462110921443,0.4552715,0.20727216
4857,1,1,0.32851934,-0.14550352,-0.1701424966554952,0.49866185,0.24866363
4858,1,1,0.009732962,0.1345756,0.1372732476655307,0.12754029,0.016266525
4859,1,1,0.20379019,-0.10458541,-0.1620380224269326,0.36582822,0.13383028
4860,1,1,0.01482296,0.12734461,0.3231248516036835,0.3083019,0.09505006
4861,1,1,0.3381045,-0.14616084,-0.3038186074568343,0.64192307,0.41206524
4862,1,1,-0.07397795,0.22571683,0.2317585549476115,0.30573648,0.0934748
4863,1,1,0.26377273,-0.1489749,-0.2012887149246371,0.46506143,0.21628213
4864,1,1,-0.00981307,0.16094542,0.1722860452503352,0.18209912,0.03316009
4865,1,1,0.22600198,-0.1253326,-0.0763254190675852,0.3023274,0.09140185
4866,1,1,0.068748,0.045445204,-0.0591080570281707,0.12785605,0.016347168
4867,1,1,0.07959962,0.028764963,0.2577312565181811,0.17813164,0.031730883
4868,1,1,0.28028274,-0.14869905,-0.2982274834096139,0.5785102,0.3346741
4869,1,1,-0.07048607,0.22323251,0.2272726026339131,0.29775867,0.088660225
4870,1,1,0.26092172,-0.14870906,-0.1202906717191489,0.38121238,0.14532287
4871,1,1,0.04106641,0.08832264,0.1249199300031911,0.08385352,0.007031413
4872,1,1,0.19595742,-0.09705138,0.1143790692192303,0.08157835,0.0066550276
4873,1,1,0.18927622,-0.09053016,-0.0244553842205701,0.2137316,0.045681197
4874,1,1,0.10145974,0.0032770634,0.0252102924119133,0.07624945,0.0058139786
4875,1,1,0.13283348,-0.03192377,0.1324929639565328,0.00034052134,1.1595478e-07
4876,1,1,0.2007587,-0.101683855,-0.1897659299452243,0.39052463,0.15250948
4877,1,1,-0.0025846958,0.15147448,0.2492860869658999,0.25187078,0.06343889
4878,1,1,0.27491307,-0.14912963,-0.1732400642550025,0.44815314,0.20084123
4879,1,1,0.007787943,0.13730168,0.002244728317271,0.0055432143,3.0727224e-05
4880,1,1,0.11831999,-0.01585722,-0.0769608191303969,0.1952808,0.038134594
4881,1,1,0.068347216,0.04606843,-0.062512049035702,0.13085926,0.017124144
4882,1,1,0.07745361,0.03192544,0.0257849059679284,0.051668707,0.0026696553
4883,1,1,0.13319683,-0.032320738,-0.0014553713949045,0.1346522,0.018131215
4884,1,1,0.11598277,-0.0132341385,0.038037412803308,0.07794536,0.006075479
4885,1,1,0.14094424,-0.040729523,0.1981238384968855,0.0571796,0.0032695066
4886,1,1,0.24240518,-0.1401031,-0.1681404493370806,0.41054565,0.16854773
4887,1,1,0.010990143,0.13280225,-0.0120830637950564,0.023073208,0.0005323729
4888,1,1,0.10927081,-0.0056483746,-0.1376436196482267,0.24691443,0.060966738
4889,1,1,0.030153036,0.10484934,0.15863346879356,0.12848043,0.016507221
4890,1,1,0.21733856,-0.11734724,-0.1388138827806511,0.35615245,0.12684457
4891,1,1,0.029417038,0.105950356,0.1416200640266431,0.11220303,0.012589521
4892,1,1,0.20654655,-0.10720968,-0.1577430639304755,0.3642896,0.13270693
4893,1,1,0.017520666,0.12345934,0.0276305080357635,0.010109842,0.0001022089
4894,1,1,0.13436365,-0.033593416,-0.0328950720879581,0.16725872,0.027975481
4895,1,1,0.09613371,0.009420395,0.0928244985078272,0.0033092126,1.0950888e-05
4896,1,1,0.17562008,-0.0769279,-0.0583946600352502,0.23401473,0.054762896
4897,1,1,0.080049515,0.028233051,0.0704221073871278,0.009627409,9.268701e-05
4898,1,1,0.16143441,-0.06240821,-0.0765399463589426,0.23797436,0.056631796
4899,1,1,0.06861234,0.04565525,0.1850045049358146,0.116392165,0.013547136
4900,1,1,0.23407531,-0.132658,-0.0935142630133145,0.32758957,0.10731493
4901,1,1,0.057920218,0.062295675,-0.031386504856524,0.08930673,0.007975692
4902,1,1,0.097085476,0.0083191395,0.1043697962230214,0.007284321,5.3061332e-05
4903,1,1,0.1829338,-0.08425856,-0.1484428055482047,0.3313766,0.10981046
4904,1,1,0.023364544,0.11493063,0.2422281738105098,0.21886364,0.04790129
4905,1,1,0.2704265,-0.14923716,-0.2321580705531669,0.5025846,0.25259125
4906,1,1,-0.029160738,0.18439436,0.2970192382466661,0.32617998,0.10639338
4907,1,1,0.3119688,-0.142869,-0.1050954665536156,0.41706428,0.17394261
4908,1,1,0.050628424,0.07360721,0.2309461961523085,0.18031777,0.0325145
4909,1,1,0.2632563,-0.14893317,-0.2688987335351398,0.53215504,0.28318897
4910,1,1,-0.05215597,0.20807838,0.227951288575404,0.28010726,0.078460075
4911,1,1,0.26135325,-0.14875436,-0.0726183272856304,0.3339716,0.111537024
4912,1,1,0.071083784,0.041811466,0.0942003974680338,0.023116611,0.0005343777
4913,1,1,0.17649126,-0.077807665,-0.1319074558450128,0.30839872,0.095109776
4914,1,1,0.033759832,0.09942651,0.0679004527978039,0.034140624,0.0011655822
4915,1,1,0.15983796,-0.060749054,-0.0543879905135713,0.21422595,0.045892756
4916,1,1,0.0825758,0.025253773,0.1257055925262298,0.0431298,0.0018601798
4917,1,1,0.19645572,-0.09753299,-0.1809399798845112,0.3773957,0.1424275
4918,1,1,0.0029540062,0.1439867,-0.1007108169107877,0.10366482,0.010746395
4919,1,1,0.053388834,0.06933117,0.115960562651975,0.06257173,0.003915221
4920,1,1,0.19027853,-0.091513395,0.0147944498663457,0.17548408,0.030794661
4921,1,1,0.12624955,-0.024682522,-0.2171488627700744,0.3433984,0.117922455
4922,1,1,-0.019756556,0.17336321,0.031774983080786,0.05153154,0.0026554994
4923,1,1,0.13698387,-0.036445856,-0.04165339948399,0.17863727,0.031911273
4924,1,1,0.09060788,0.01584053,0.0137293730790193,0.07687851,0.0059103053
4925,1,1,0.12557673,-0.023938179,0.0080979708091653,0.117478766,0.01380126
4926,1,1,0.12201834,-0.019987345,-0.1443210413676325,0.26633936,0.07093666
4927,1,1,0.0259552,0.11110425,-0.0350292672555356,0.060984466,0.0037191052
4928,1,1,0.094786644,0.010980368,-0.1303431751519133,0.22512981,0.05068343
4929,1,1,0.03474307,0.097940445,0.1539281262526399,0.11918506,0.014205079
4930,1,1,0.21435356,-0.11456466,-0.1098043341128733,0.3241579,0.10507834
4931,1,1,0.047664642,0.07818651,0.1029516547028102,0.05528701,0.0030566535
4932,1,1,0.18203521,-0.08336425,-0.1454860178366406,0.3275212,0.10727014
4933,1,1,0.025223255,0.112188816,0.0721198335200075,0.046896577,0.002199289
4934,1,1,0.1625092,-0.0635221,-0.0940201273992182,0.25652933,0.0658073
4935,1,1,0.057601452,0.06279135,0.0033154336453908,0.054286018,0.0029469717
4936,1,1,0.11899662,-0.016613722,-0.0892355197615146,0.20823213,0.04336062
4937,1,1,0.060614586,0.058104753,0.3169908992409032,0.25637633,0.06572882
4938,1,1,0.33196712,-0.14581323,-0.3847289510820126,0.716696,0.5136532
4939,1,1,-0.1244061,0.24630761,0.2478688805315254,0.372275,0.13858867
4940,1,1,0.27401185,-0.14916945,-0.1586952149781675,0.43270707,0.18723541
4941,1,1,0.016922474,0.12432408,-0.118812661863846,0.13573514,0.018424029
4942,1,1,0.041995764,0.08689928,0.2608278572659284,0.2188321,0.04788749
4943,1,1,0.28225136,-0.14845943,-0.1698187731630689,0.45207012,0.20436738
4944,1,1,0.009936571,0.13428903,0.1206044746715258,0.11066791,0.012247385
4945,1,1,0.19322228,-0.094391346,-0.1130737531973888,0.30629605,0.09381727
4946,1,1,0.045607567,0.081356525,0.0787235855899797,0.03311602,0.0010966707
4947,1,1,0.16669011,-0.067834854,0.0805164006628671,0.08617371,0.007425909
4948,1,1,0.16782522,-0.06899929,0.0169582423350149,0.15086699,0.022760848
4949,1,1,0.12761712,-0.026193142,-0.0316619792801677,0.15927911,0.025369834
4950,1,1,0.09691191,0.008520126,-0.238649789325124,0.3355617,0.11260165
4951,1,1,-0.03322625,0.18893266,-0.0216709151755369,0.011555336,0.0001335258
4952,1,1,0.1032176,0.0012600422,-0.0611929401729369,0.16441055,0.027030827
4953,1,1,0.07828522,0.030638218,-0.0274043942011603,0.105689615,0.011170295
4954,1,1,0.09959841,0.0054183006,0.2974325092881091,0.1978341,0.039138332
4955,1,1,0.3123827,-0.14295816,-0.2799850141041973,0.5923677,0.3508995
4956,1,1,-0.059087515,0.21421742,0.1461845462642257,0.20527206,0.04213662
4957,1,1,0.20944166,-0.10995054,-0.2039306545334716,0.41337234,0.1708767
4958,1,1,-0.011470079,0.16306424,0.2045681043359692,0.21603818,0.046672497
4959,1,1,0.24649811,-0.1437211,-0.2009615278562315,0.44745964,0.20022012
4960,1,1,-0.009607792,0.16068149,0.1514393394573097,0.16104713,0.025936179
4961,1,1,0.21277428,-0.11308646,-0.0039338470437999,0.21670812,0.04696241
4962,1,1,0.114417315,-0.0114712715,-0.0336444856167132,0.1480618,0.021922296
4963,1,1,0.09566069,0.009967566,0.0699259069287117,0.025734782,0.000662279
4964,1,1,0.16112041,-0.06208229,0.1658444925600424,0.0047240704,2.231684e-05
4965,1,1,0.22191405,-0.121581554,-0.1437822061374869,0.36569625,0.13373375
4966,1,1,0.026293755,0.1106019,0.1861108501296935,0.1598171,0.025541505
4967,1,1,0.23477769,-0.13329005,-0.14165658234187,0.37643427,0.14170276
4968,1,1,0.027629852,0.10861659,0.0367583505647393,0.0091285,8.3329505e-05
4969,1,1,0.14013529,-0.03985691,0.0448415291246604,0.09529376,0.009080901
4970,1,1,0.1452477,-0.04535055,-0.1442429674431413,0.28949067,0.083804846
4971,1,1,0.026004076,0.11103177,0.1649282864119388,0.13892421,0.019299936
4972,1,1,0.22133279,-0.12104511,-0.1290279168692412,0.3503607,0.122752614
4973,1,1,0.035570145,0.09668851,0.1486103001184782,0.11304015,0.012778075
4974,1,1,0.21097994,-0.111400604,-0.1287007985825359,0.33968073,0.115383
4975,1,1,0.0357759,0.09637666,0.1033916939714636,0.06761579,0.0045718956
4976,1,1,0.18231392,-0.08364177,-0.0422476925586225,0.22456162,0.05042792
4977,1,1,0.09023237,0.01627779,0.0418571840471995,0.04837519,0.002340159
4978,1,1,0.14336014,-0.043328285,-0.0428564143855947,0.18621655,0.034676604
4979,1,1,0.08984876,0.016725779,-0.0433396682296289,0.13318843,0.017739156
4980,1,1,0.08954382,0.01708126,0.1133437194453756,0.023799904,0.0005664354
4981,1,1,0.18861985,-0.089885,-0.1279150463841372,0.31653488,0.10019433
4982,1,1,0.03627038,0.09562802,0.149055838149938,0.11278546,0.01272056
4983,1,1,0.2112627,-0.11166668,-0.2251948942548547,0.4364576,0.19049524
4984,1,1,-0.024798393,0.17936754,0.3213973107373191,0.3461957,0.11985146
4985,1,1,0.33637667,-0.14609003,-0.2113032151729972,0.5476799,0.29995328
4986,1,1,-0.0160923,0.16887379,0.2059930365872415,0.22208534,0.049321897
4987,1,1,0.2474029,-0.14451694,-0.2483399316102637,0.49574286,0.24576098
4988,1,1,-0.03929329,0.19543242,0.1209131811369266,0.16020647,0.025666112
4989,1,1,0.19341779,-0.09458184,0.0885600162051969,0.10485777,0.010995152
4990,1,1,0.1729188,-0.07419443,-0.0869644832859997,0.25988328,0.06753932
4991,1,1,0.062045097,0.0558784,0.1462853102534609,0.08424021,0.0070964135
4992,1,1,0.20950532,-0.110010624,-0.2166041319774407,0.42610943,0.18156925
4993,1,1,-0.01941514,0.1729486,-0.0189650364475939,0.00045010448,2.0259404e-07
4994,1,1,0.10492563,-0.00069499016,0.0219751775753764,0.08295046,0.0068807784
4995,1,1,0.13078856,-0.029682398,0.0003047202965591,0.13048385,0.017026035
4996,1,1,0.117094755,-0.014483213,-0.0367034721884431,0.15379822,0.023653893
4997,1,1,0.09373021,0.01220727,-0.0157574305001944,0.10948764,0.011987543
4998,1,1,0.10695076,-0.0030076504,0.0116628005560359,0.09528796,0.009079794
4999,1,1,0.12427139,-0.02249074,-0.0349131367935391,0.15918453,0.025339715
5000,1,1,0.094860315,0.010895729,-0.1522228216490777,0.24708314,0.06105008
5001,1,1,0.020988941,0.11841607,0.0203698408414689,0.0006191004,3.832853e-07
5002,1,1,0.12977362,-0.02856803,-0.0909784626851601,0.22075209,0.048731484
5003,1,1,0.059516907,0.05981183,0.0652405336563188,0.0057236254,3.2759886e-05
5004,1,1,0.15815473,-0.058994055,-0.2260693858105598,0.38422412,0.14762817
5005,1,1,-0.02534628,0.18000746,0.3622855530771049,0.38763183,0.15025844
5006,1,1,0.37723708,-0.14227486,-0.3692726942233038,0.7465098,0.55727684
5007,1,1,-0.114788055,0.24463367,0.4413041012314993,0.55609214,0.30923846
5008,1,1,0.455904,-0.1038239,-0.0858478052577043,0.5417518,0.29349503
5009,1,1,0.06274843,0.05478263,0.186268919318028,0.12352049,0.015257312
5010,1,1,0.23487806,-0.13337994,0.0568260885852467,0.17805198,0.031702507
5011,1,1,0.15282965,-0.053404808,-0.1008148626462515,0.25364453,0.06433555
5012,1,1,0.053323507,0.06943369,0.0821523442876737,0.028828837,0.00083110185
5013,1,1,0.16886091,-0.070060015,-0.2019635609156673,0.37082446,0.13751078
5014,1,1,-0.010236502,0.16148782,0.28191757216669,0.29215407,0.085354
5015,1,1,0.29683208,-0.14565325,-0.3029009757029106,0.59973305,0.35967973
5016,1,1,-0.073405266,0.22531843,0.1985209523947726,0.27192622,0.07394387
5017,1,1,0.24265718,-0.14032698,-0.0764674764911097,0.31912467,0.101840556
5018,1,1,0.06865811,0.04558444,0.0771219873124606,0.008463874,7.163717e-05
5019,1,1,0.16567612,-0.06679177,-0.2353632782616626,0.4010394,0.1608326
5020,1,1,-0.031168222,0.18665338,0.2977701398619987,0.32893836,0.108200446
5021,1,1,0.312721,-0.14302993,-0.2275754075301237,0.54029644,0.29192024
5022,1,1,-0.02628994,0.18110418,0.0964957609441214,0.1227857,0.015076329
5023,1,1,0.17794561,-0.07927108,0.0104709229036741,0.16747469,0.02804777
5024,1,1,0.12351751,-0.021655083,-0.137274033883302,0.26079154,0.06801223
5025,1,1,0.030385256,0.104501724,0.1710029071945737,0.14061765,0.019773325
5026,1,1,0.22518778,-0.12458825,-0.195610898515985,0.42079866,0.17707151
5027,1,1,-0.0062515736,0.1563232,0.1476865132146372,0.15393808,0.023696935
5028,1,1,0.21039438,-0.110848665,-0.0765004157794364,0.2868948,0.08230863
5029,1,1,0.06863737,0.045616865,-0.0855196415601682,0.15415701,0.023764385
5030,1,1,0.06295514,0.05446148,0.0492182025615832,0.013736937,0.00018870345
5031,1,1,0.14801645,-0.048305035,0.0835662956699834,0.06445016,0.004153823
5032,1,1,0.16975594,-0.07097554,-0.0816297337564493,0.25138566,0.06319475
5033,1,1,0.065406084,0.05064702,0.1047636506329485,0.039357565,0.001549018
5034,1,1,0.1831832,-0.08450675,-0.1378337417525146,0.32101694,0.10305187
5035,1,1,0.030033112,0.10502863,0.1901391711188433,0.16010606,0.025633952
5036,1,1,0.2373352,-0.13558531,-0.1900599575171067,0.42739516,0.18266663
5037,1,1,-0.0027689934,0.15172029,0.076352884963919,0.07912188,0.006260272
5038,1,1,0.16518903,-0.06629038,0.0464241739844535,0.118764855,0.014105091
5039,1,1,0.14624906,-0.046420574,-0.1137204343023765,0.25996947,0.06758413
5040,1,1,0.045200586,0.081982136,0.1628216454556899,0.117621064,0.013834715
5041,1,1,0.21999598,-0.1198113,0.0424567781265752,0.1775392,0.03152017
5042,1,1,0.14373922,-0.043735027,0.0762800237504888,0.0674592,0.0045507443
5043,1,1,0.16514301,-0.06624293,-0.2071210594373593,0.3722641,0.13858055
5044,1,1,-0.013470411,0.16559792,0.1274461761423309,0.14091659,0.019857485
5045,1,1,0.19755936,-0.09860134,-0.0821044165526787,0.27966377,0.07821182
5046,1,1,0.06510663,0.051112175,0.0535758579427918,0.011530772,0.0001329587
5047,1,1,0.15077305,-0.05123186,-0.0949447157243512,0.24571776,0.060377218
5048,1,1,0.057019234,0.06369591,0.126600424514415,0.069581196,0.004841543
5049,1,1,0.19702315,-0.098082304,-0.1380964438656535,0.3351196,0.11230515
5050,1,1,0.029868364,0.10527587,-0.1255303129013434,0.15539868,0.024148751
5051,1,1,0.03777027,0.09334946,0.1639795717917596,0.1262093,0.015928788
5052,1,1,0.22073078,-0.120489836,-0.1488706232017236,0.3696014,0.13660519
5053,1,1,0.023095608,0.115326166,-0.0983806921746821,0.1214763,0.014756491
5054,1,1,0.054855347,0.06705642,-0.0619350818264048,0.11679043,0.013640004
5055,1,1,0.0778172,0.031362534,0.0892688666000314,0.011451662,0.00013114055
5056,1,1,0.17336774,-0.07465005,-0.1129164183812663,0.28628415,0.081958614
5057,1,1,0.045706272,0.08120394,0.1070776722503614,0.0613714,0.003766449
5058,1,1,0.18464947,-0.08596277,-0.1361221067863267,0.32077157,0.1028944
5059,1,1,0.031109333,0.10341573,0.1314261544646289,0.10031682,0.010063465
5060,1,1,0.20008254,-0.10103369,-0.3203396324942518,0.52042216,0.2708392
5061,1,1,-0.08429003,0.23227572,0.3456775249840662,0.42996755,0.18487209
5062,1,1,0.3606527,-0.14520669,-0.4598466565196744,0.8204993,0.6732191
5063,1,1,-0.1710484,0.2395196,0.2060480350611584,0.37709644,0.14220172
5064,1,1,0.24743772,-0.14454794,-0.1946279104847352,0.44206563,0.19542202
5065,1,1,-0.0056347847,0.15551376,-0.0420831595215691,0.036448374,0.001328484
5066,1,1,0.09033632,0.016156435,-0.0090381381381727,0.09937446,0.009875283
5067,1,1,0.11119342,-0.007829189,0.0618082131103747,0.049385205,0.0024388984
5068,1,1,0.15598202,-0.056720495,-0.3158264924164391,0.47180852,0.22260328
5069,1,1,-0.08147383,0.23060131,0.2535728905912138,0.3350467,0.112256296
5070,1,1,0.27763796,-0.14895177,-0.0158404690423901,0.29347843,0.08612959
5071,1,1,0.106898546,-0.0029478073,0.0283364551980018,0.07856209,0.006172002
5072,1,1,0.13480997,-0.034080744,-0.0095380926679298,0.14434807,0.020836364
5073,1,1,0.110877514,-0.007470846,0.05816753928588,0.052709974,0.0027783413
5074,1,1,0.15367842,-0.054299355,-0.187921165018841,0.34159958,0.11669028
5075,1,1,-0.0014269352,0.14992547,0.3057097753055533,0.3071367,0.09433296
5076,1,1,0.3206737,-0.1444912,-0.3407325410626334,0.6614063,0.43745828
5077,1,1,-0.097008705,0.23872447,0.3341721045725707,0.4311808,0.18591689
5078,1,1,0.3491528,-0.14613199,-0.4105386993077595,0.7596915,0.57713115
5079,1,1,-0.14045191,0.24672842,0.3871785454173633,0.52763045,0.2783939
5080,1,1,0.4020629,-0.13439727,-0.3833760321178916,0.7854389,0.6169143
5081,1,1,-0.12356448,0.24620414,0.4183738981518861,0.5419384,0.29369727
5082,1,1,0.43311834,-0.11877608,-0.2995461045838818,0.73266447,0.5367972
5083,1,1,-0.07130957,0.22383094,0.0764161190043055,0.14772569,0.02182288
5084,1,1,0.16522908,-0.06633139,0.0354605490025234,0.12976854,0.016839873
5085,1,1,0.13931441,-0.038969994,-0.0064771998844119,0.14579162,0.021255197
5086,1,1,0.11281109,-0.0096588135,-0.1062264755488917,0.21903756,0.047977455
5087,1,1,0.049916744,0.0747087,0.1099878795266247,0.060071133,0.003608541
5088,1,1,0.18649364,-0.087788105,-0.0364815601295105,0.2229752,0.049717937
5089,1,1,0.0938704,0.01204443,-0.0336523268127497,0.12752274,0.016262049
5090,1,1,0.09565568,0.009973288,0.1114548052365935,0.015799128,0.00024961244
5091,1,1,0.18742299,-0.0887053,-0.019983084411796,0.20740607,0.04301728
5092,1,1,0.10428333,3.9577484e-05,0.0439091673571221,0.060374167,0.00364504
5093,1,1,0.14465809,-0.04471922,-0.1103716358046069,0.25502974,0.06504016
5094,1,1,0.04730773,0.07873654,-0.1027911581671534,0.15009889,0.022529677
5095,1,1,0.0520792,0.07136226,0.0019945177292224,0.050084684,0.0025084757
5096,1,1,0.11816239,-0.015679598,0.0406217714587415,0.07754062,0.0060125478
5097,1,1,0.14257884,-0.04248905,-0.149135223625465,0.29171407,0.0850971
5098,1,1,0.02292943,0.11557078,-0.1754227182794028,0.19835214,0.039343573
5099,1,1,0.006417513,0.1392119,0.0823394163815938,0.0759219,0.005764135
5100,1,1,0.16897964,-0.07018137,0.1082210119294293,0.060758635,0.0036916118
5101,1,1,0.18537402,-0.086680174,0.0377844393868334,0.14758958,0.021782683
5102,1,1,0.14078426,-0.040556908,0.1456046082686746,0.004820347,2.3235743e-05
5103,1,1,0.20907378,-0.10960317,-0.2705753130142194,0.4796491,0.23006326
5104,1,1,-0.053204298,0.2090373,0.2631713302331975,0.31637564,0.10009355
5105,1,1,0.28374147,-0.14824867,-0.1460859226736506,0.4298274,0.18475159
5106,1,1,0.024846315,0.11274624,0.0951184758238241,0.07027216,0.004938177
5107,1,1,0.177073,-0.07839298,0.043750208276228,0.13332279,0.017774966
5108,1,1,0.14455748,-0.044612646,0.12754534273573,0.017012134,0.0002894127
5109,1,1,0.19762182,-0.09866142,-0.17390622202397,0.37152803,0.13803308
5110,1,1,0.0073697567,0.13788581,0.2291842547233802,0.2218145,0.04920167
5111,1,1,0.26213646,-0.14883399,-0.134649369987065,0.39678583,0.157439
5112,1,1,0.03203559,0.10202432,0.0714889542692436,0.039453365,0.001556568
5113,1,1,0.16210961,-0.063108206,-0.0871094178724525,0.24921903,0.062110126
5114,1,1,0.061953783,0.0560205,0.1090033844552063,0.047049604,0.0022136653
5115,1,1,0.18586946,-0.087171316,0.0574685468183027,0.1284009,0.016486794
5116,1,1,0.15323639,-0.05383396,-0.118783480007131,0.27201986,0.07399481
5117,1,1,0.042014837,0.08687186,0.0993016370741193,0.0572868,0.0032817773
5118,1,1,0.17972302,-0.081053495,0.0473264164252396,0.13239661,0.017528862
5119,1,1,0.14681983,-0.047029734,-0.0008600377895073,0.14767987,0.021809343
5120,1,1,0.11635876,-0.013656378,-0.1569123707207702,0.27327114,0.07467712
5121,1,1,0.018042564,0.12270403,0.1041497810747964,0.08610722,0.0074144527
5122,1,1,0.18279433,-0.08411956,-0.3965495680618462,0.5793439,0.33563936
5123,1,1,-0.1317575,0.24686694,0.1943393634930545,0.32609686,0.106339164
5124,1,1,0.24000216,-0.13796687,-0.057944561199938,0.29794672,0.08877225
5125,1,1,0.080332994,0.027899027,-0.1592237375959788,0.23955673,0.057387426
5126,1,1,0.016590834,0.12480259,0.2917079929034507,0.27511716,0.07568945
5127,1,1,0.3066466,-0.14365768,-0.3144839839598625,0.6211306,0.3858032
5128,1,1,-0.080636024,0.2300868,0.403025430555632,0.48366144,0.2339284
5129,1,1,0.4178474,-0.12724876,-0.3657355610840906,0.7835829,0.6140022
5130,1,1,-0.11258578,0.24409986,0.4077779514893285,0.52036375,0.27077842
5131,1,1,0.42257714,-0.12478638,-0.3971698149786591,0.819747,0.6719851
5132,1,1,-0.13214326,0.24687862,0.2995324437204809,0.4316757,0.18634391
5133,1,1,0.31448627,-0.14339232,-0.4150602189643897,0.7295465,0.53223807
5134,1,1,-0.14326048,0.24649954,0.3967833753103043,0.54004383,0.29164734
5135,1,1,0.41163182,-0.13026023,-0.3853160597038134,0.7969479,0.63512594
5136,1,1,-0.12477183,0.24635029,0.2151376607409791,0.3399095,0.11553846
5137,1,1,0.25321198,-0.14752603,-0.4471961697660811,0.7004081,0.4905715
5138,1,1,-0.16320562,0.24234247,0.2926428298825261,0.45584846,0.20779781
5139,1,1,0.30758357,-0.1434443,-0.4299054986167032,0.7374891,0.5438902
5140,1,1,-0.15247846,0.24512601,0.4041742753368118,0.5566527,0.30986226
5141,1,1,0.4189906,-0.12666583,-0.5336087093107644,0.95259935,0.9074455
5142,1,1,-0.21667194,0.21084929,0.4480256852419848,0.66469765,0.44182298
5143,1,1,0.4625764,-0.09979391,-0.2967678501573827,0.7593442,0.57660365
5144,1,1,-0.069574356,0.22256207,0.2060800553069066,0.2756544,0.07598535
5145,1,1,0.24745846,-0.14456558,-0.1249017404024406,0.3723602,0.13865212
5146,1,1,0.03816557,0.09274769,-0.0487488263006716,0.08691439,0.007554111
5147,1,1,0.08613157,0.021074057,-0.0229650564089056,0.10909663,0.011902075
5148,1,1,0.10240078,0.0021967888,0.1136136879980727,0.011212908,0.0001257293
5149,1,1,0.18879128,-0.09005332,0.1254530138683143,0.063338265,0.004011736
5150,1,1,0.19629526,-0.09737849,-0.013737495180421,0.21003276,0.04411376
5151,1,1,0.1082263,-0.004459858,0.1031176106036149,0.0051086918,2.609873e-05
5152,1,1,0.18214059,-0.083468676,-0.1899779392501459,0.37211853,0.1384722
5153,1,1,-0.0027172565,0.15165234,0.0283462965526166,0.031063553,0.0009649443
5154,1,1,0.13481641,-0.034086943,-0.1067172844308395,0.2415337,0.058338527
5155,1,1,0.049607515,0.07518625,0.0837613720536034,0.034153856,0.001166486
5156,1,1,0.16987967,-0.07110143,-0.109176213851438,0.2790559,0.077872194
5157,1,1,0.048060417,0.0775764,0.0227596826827962,0.025300734,0.0006401271
5158,1,1,0.13128424,-0.030225992,0.1998655513098053,0.06858131,0.0047033965
5159,1,1,0.2435112,-0.14108348,0.011622192301,0.23188901,0.053772513
5160,1,1,0.124245405,-0.022462606,0.2169930217158886,0.092747614,0.00860212
5161,1,1,0.25439072,-0.1477511,-0.2371853511143316,0.49157608,0.24164703
5162,1,1,-0.032309532,0.18792152,0.0193637898570426,0.051673323,0.0026701323
5163,1,1,0.12913775,-0.02786851,-0.1236586624514761,0.2527964,0.06390603
5164,1,1,0.03894782,0.091557264,0.2241309578941961,0.18518314,0.034292795
5165,1,1,0.25892544,-0.14846706,-0.1267597640904694,0.3856852,0.14875308
5166,1,1,0.03699708,0.09452462,-0.005980915202786,0.042977996,0.0018471081
5167,1,1,0.11312461,-0.0100131035,-0.0353533949708717,0.148478,0.022045717
5168,1,1,0.09458208,0.011218071,0.1070121726457151,0.012430094,0.00015450724
5169,1,1,0.18460774,-0.08592105,-0.2834914009780567,0.46809915,0.2191168
5170,1,1,-0.061279297,0.21605659,0.2086236899621849,0.269903,0.072847635
5171,1,1,0.24907398,-0.14598441,-0.355452717520647,0.6045267,0.36545253
5172,1,1,-0.10618162,0.24222803,0.3164596025239699,0.42264122,0.1786256
5173,1,1,0.3314352,-0.14577055,-0.2085942869025197,0.5400295,0.29163188
5174,1,1,-0.014393568,0.1667583,0.2943150148820312,0.30870858,0.09530099
5175,1,1,0.30925894,-0.14305282,-0.4334832143115048,0.7427422,0.55166596
5176,1,1,-0.15469861,0.24465322,0.3730307694975781,0.5277294,0.27849832
5177,1,1,0.38795805,-0.1393826,-0.4200312490261138,0.8079893,0.6528467
5178,1,1,-0.146348,0.24614501,0.6399073734186222,0.78625536,0.6181975
5179,1,1,0.65159106,0.3049338,-0.602499336952965,1.2540904,1.5727428
5180,1,1,-0.2591164,0.1680727,0.6283350687175981,0.88745147,0.7875701
5181,1,1,0.64027786,0.28014517,-0.5343116766088412,1.1745895,1.3796605
5182,1,1,-0.2171061,0.21048355,0.6180169647828033,0.83512306,0.69743055
5183,1,1,0.6301811,0.25777888,-0.5346854778200671,1.1648666,1.3569142
5184,1,1,-0.2173369,0.21028829,0.4761758907665649,0.6935128,0.48096
5185,1,1,0.4904847,-0.07713294,-0.3072457315031811,0.79773045,0.6363739
5186,1,1,-0.076117516,0.22717452,0.2436901724395306,0.3198077,0.10227697
5187,1,1,0.27135587,-0.1492331,-0.1855298695838416,0.45688576,0.2087446
5188,1,1,7.343292e-05,0.14790511,0.0932845169721714,0.093211085,0.008688306
5189,1,1,0.17591119,-0.07722187,-0.1331873756789043,0.30909854,0.09554191
5190,1,1,0.032954693,0.100640535,0.1856174934084515,0.1526628,0.02330593
5191,1,1,0.23446465,-0.13300824,-0.0628475894868394,0.29731223,0.08839456
5192,1,1,0.0772419,0.032253265,-0.0229628943332529,0.100204796,0.010041001
5193,1,1,0.10240173,0.002195835,0.1276978618394615,0.025296122,0.00063989375
5194,1,1,0.19771862,-0.09875512,-0.2696276531486949,0.46734628,0.21841255
5195,1,1,-0.052611828,0.20849705,0.3797090005634302,0.43232083,0.1869013
5196,1,1,0.3946178,-0.13719487,-0.4618097311866824,0.85642755,0.7334682
5197,1,1,-0.17226481,0.23902273,0.496968542020022,0.6692333,0.44787323
5198,1,1,0.5110624,-0.028780222,-0.4474233165134791,0.9584857,0.91869485
5199,1,1,-0.16334629,0.24229717,0.3719987873903894,0.5353451,0.28659436
5200,1,1,0.38692904,-0.13969421,-0.1917008891910909,0.5786299,0.33481258
5201,1,1,-0.0037987232,0.15308952,0.0304210975507741,0.03421982,0.0011709961
5202,1,1,0.13612819,-0.03551483,-0.1024262108891078,0.23855439,0.056908198
5203,1,1,0.052308798,0.07100582,0.1156721604405883,0.063363366,0.0040149163
5204,1,1,0.19009566,-0.09133434,-0.0322491492862848,0.22234482,0.049437217
5205,1,1,0.09654117,0.008949041,0.0476749068928548,0.04886626,0.0023879115
5206,1,1,0.14703989,-0.047264576,-0.0352348798015547,0.18227477,0.033224095
5207,1,1,0.094656944,0.011131048,0.208304305256016,0.11364736,0.012915722
5208,1,1,0.24887085,-0.14580631,-0.2685005011312196,0.51737136,0.26767313
5209,1,1,-0.051907063,0.20784831,0.2377399019193853,0.28964698,0.08389538
5210,1,1,0.26757383,-0.14918637,-0.2877732995382263,0.55534714,0.30841047
5211,1,1,-0.06395483,0.21823478,0.2761152300896596,0.34007007,0.11564765
5212,1,1,0.2919731,-0.14662886,-0.183257484651544,0.4752306,0.22584413
5213,1,1,0.0014998913,0.14597178,0.0169331840545221,0.015433293,0.00023818653
5214,1,1,0.12760186,-0.026176214,-0.0819178948433951,0.20951976,0.04389853
5215,1,1,0.06522417,0.050929308,0.0982366490529966,0.03301248,0.0010898238
5216,1,1,0.1790483,-0.08037782,0.0565497926816576,0.12249851,0.015005886
5217,1,1,0.15265465,-0.053220987,-0.0598602435980746,0.21251489,0.04516258
5218,1,1,0.079125404,0.029338598,-0.0618593005691283,0.14098471,0.019876689
5219,1,1,0.077865124,0.031288862,0.1872721063202362,0.10940698,0.011969887
5220,1,1,0.23551464,-0.13395286,-0.0219824295791237,0.25749707,0.06630474
5221,1,1,0.103021145,0.0014858246,0.0294745105808864,0.07354663,0.005409107
5222,1,1,0.13552928,-0.03486371,0.0405914730482468,0.0949378,0.009013186
5223,1,1,0.14255929,-0.04246831,-0.0983013448970129,0.24086064,0.05801385
5224,1,1,0.054905415,0.06697798,-0.047509916745339,0.10241533,0.0104889
5225,1,1,0.086913586,0.02015853,0.0798719093758504,0.007041678,4.9585225e-05
5226,1,1,0.16741705,-0.06858039,0.0179898553669617,0.14942719,0.022328485
5227,1,1,0.1282692,-0.02691245,0.1344691205224109,0.006199926,3.8439084e-05
5228,1,1,0.20201182,-0.10288572,-0.1319628416240172,0.33397466,0.11153907
5229,1,1,0.033725023,0.09947944,0.1102801579692118,0.07655513,0.005860688
5230,1,1,0.18667865,-0.087970495,-0.2148318142074416,0.40151048,0.16121066
5231,1,1,-0.018304825,0.17159581,-0.1226633936091361,0.10435857,0.010890711
5232,1,1,0.03957343,0.09060264,-0.0170031371166055,0.05657657,0.0032009082
5233,1,1,0.10616422,-0.0021104813,0.2104810750205525,0.10431686,0.010882007
5234,1,1,0.25025392,-0.14689517,-0.3160019104393528,0.5662558,0.32064563
5235,1,1,-0.08158374,0.23066783,0.4074910831846501,0.48907483,0.23919418
5236,1,1,0.42229223,-0.1249392,-0.4460264050556772,0.8683187,0.7539773
5237,1,1,-0.16248012,0.24256968,0.3552458437149242,0.51772594,0.26804015
5238,1,1,0.37020898,-0.14374709,-0.3573612762077074,0.7275703,0.5293585
5239,1,1,-0.107370615,0.24261165,0.2852256281917351,0.39259624,0.15413181
5240,1,1,0.30014896,-0.14502692,-0.340538981021063,0.64068794,0.41048104
5241,1,1,-0.09688783,0.23867154,0.4024591894741425,0.49934703,0.24934746
5242,1,1,0.4172833,-0.12753177,-0.4088910800922427,0.8261744,0.6825641
5243,1,1,-0.13942814,0.2467897,0.2699996078056035,0.40942773,0.16763107
5244,1,1,0.2880833,-0.14748955,-0.2082507704585925,0.49633408,0.24634752
5245,1,1,-0.0141785145,0.1664877,0.2222693916282225,0.2364479,0.05590761
5246,1,1,0.25774264,-0.14830256,-0.1683817652948342,0.4261244,0.181582
5247,1,1,0.010838509,0.13301635,0.1005455324863877,0.089707024,0.008047351
5248,1,1,0.18051076,-0.081842184,-0.2264794388632567,0.4069902,0.16564102
5249,1,1,-0.025603294,0.18030763,0.376355953304071,0.40195924,0.16157123
5250,1,1,0.3912742,-0.13833094,-0.3649304554089818,0.75620466,0.5718455
5251,1,1,-0.11208439,0.24397063,0.4121708617595652,0.5242553,0.2748436
5252,1,1,0.42694855,-0.12238097,-0.3264456114314935,0.7533941,0.5676027
5253,1,1,-0.08809948,0.23439908,0.3563074000817852,0.44440687,0.19749746
5254,1,1,0.37126946,-0.14354682,-0.5944794471440922,0.9657489,0.93267095
5255,1,1,-0.2541833,0.17371559,0.4848544984467575,0.73903775,0.5461768
5256,1,1,0.49907756,-0.061241865,-0.5318731008761106,1.0309507,1.0628593
5257,1,1,-0.21560073,0.21174455,0.4359347570495084,0.6515355,0.42449853
5258,1,1,0.450572,-0.10725808,-0.5203372791574719,0.9709093,0.94266486
5259,1,1,-0.20847678,0.21744347,0.4924486530405696,0.70092547,0.4912965
5260,1,1,0.50659204,-0.04091096,-0.4796028468867401,0.98619485,0.97258025
5261,1,1,-0.18328547,0.23382711,0.3166623754445457,0.49994785,0.24994785
5262,1,1,0.3316381,-0.14578724,-0.0357024039171443,0.3673405,0.13493904
5263,1,1,0.09436202,0.01147294,-0.0890591135505132,0.18342113,0.033643313
5264,1,1,0.060725927,0.057931423,0.3101980216315922,0.24947208,0.06223632
5265,1,1,0.3251679,-0.14512348,-0.2504850638308245,0.57565296,0.3313763
5266,1,1,-0.040635824,0.19682646,0.0688827566529668,0.10951858,0.011994319
5267,1,1,0.16046,-0.061396122,-0.0524652396266862,0.21292524,0.04533716
5268,1,1,0.083788395,0.023827076,0.0347538220536525,0.049034573,0.0024043894
5269,1,1,0.13886738,-0.038486958,-0.0649059413246107,0.20377332,0.041523565
5270,1,1,0.075944185,0.034264565,-0.0060693434375478,0.08201353,0.0067262193
5271,1,1,0.11306834,-0.009949923,0.1722282335398293,0.05915989,0.0034998925
5272,1,1,0.2259655,-0.12529945,-0.03884603864753,0.26481155,0.070125155
5273,1,1,0.09237909,0.013777733,0.1245289947358077,0.032149903,0.0010336163
5274,1,1,0.19570994,-0.0968101,-0.3272452452585681,0.5229552,0.2734821
5275,1,1,-0.08859801,0.23466516,0.220507294719515,0.3091053,0.09554609
5276,1,1,0.25662303,-0.14813209,-0.1124938980870866,0.36911693,0.1362473
5277,1,1,0.04597187,0.080794334,0.1218023697773418,0.0758305,0.005750264
5278,1,1,0.19398141,-0.0951314,-0.0980323031426864,0.2920137,0.08527201
5279,1,1,0.05507517,0.06671548,0.1154199103286357,0.06034474,0.0036414878
5280,1,1,0.18993568,-0.09117842,-0.1871811666322216,0.37711686,0.14221713
5281,1,1,-0.0009627342,0.14930153,0.0611198166642852,0.06208255,0.003854243
5282,1,1,0.1555469,-0.056264162,-0.1232899551404589,0.27883685,0.07774999
5283,1,1,0.039179564,0.09120369,0.2565297665967918,0.21735021,0.047241114
5284,1,1,0.27951837,-0.14878058,-0.1619594931492836,0.44147786,0.1949027
5285,1,1,0.014872074,0.12727356,0.1357837493118134,0.12091167,0.014619633
5286,1,1,0.20284534,-0.10368347,-0.2151303686120962,0.41797572,0.1747037
5287,1,1,-0.018491268,0.17182398,0.0752663165360685,0.093757585,0.008790485
5288,1,1,0.16450119,-0.06558108,-0.0772281977372637,0.24172938,0.058433093
5289,1,1,0.06817865,0.046330452,-0.0316883819160778,0.09986703,0.009973424
5290,1,1,0.09689474,0.008539438,0.1060257198087759,0.009130977,8.337474e-05
5291,1,1,0.18398333,-0.0853014,-0.1213642474969569,0.30534756,0.09323713
5292,1,1,0.04039097,0.08935428,-0.0331191451624071,0.07351011,0.005403736
5293,1,1,0.09599233,0.00958395,-0.1207815047438267,0.21677384,0.046990898
5294,1,1,0.040757656,0.088795185,0.1795870261026002,0.13882937,0.019273592
5295,1,1,0.23063612,-0.1295507,-0.172042205560877,0.4026783,0.16214982
5296,1,1,0.008539677,0.13625073,0.2788873804088405,0.2703477,0.073087886
5297,1,1,0.2937932,-0.14618206,-0.3227439166983106,0.6165371,0.38011798
5298,1,1,-0.08579016,0.23313117,0.3331340943011729,0.41892424,0.17549752
5299,1,1,0.3481152,-0.14617062,-0.3040922935709682,0.6522075,0.42537463
5300,1,1,-0.07414889,0.22583485,0.3375555536013825,0.41170445,0.16950056
5301,1,1,0.35253572,-0.14595437,-0.4822800601083217,0.83481574,0.6969173
5302,1,1,-0.18494272,0.23293853,0.6126921869233395,0.7976349,0.6362214
5303,1,1,0.6249671,0.24613523,-0.575072366283103,1.2000394,1.4400945
5304,1,1,-0.24223828,0.18669319,0.3564843053180024,0.5987226,0.3584687
5305,1,1,0.3714459,-0.14351177,-0.3150426523215759,0.6864885,0.47126648
5306,1,1,-0.08098483,0.23030162,0.2720060212150601,0.35299087,0.12460255
5307,1,1,0.28935957,-0.1472261,-0.2944727989286302,0.5838324,0.34086025
5308,1,1,-0.06814122,0.2214899,0.3476186746718306,0.4157599,0.17285629
5309,1,1,0.3625915,-0.14496112,-0.3412118013345373,0.7038033,0.4953391
5310,1,1,-0.097307205,0.23885345,0.3832511119608992,0.4805583,0.23093629
5311,1,1,0.39814854,-0.13591385,-0.3009391156234509,0.6990876,0.4887235
5312,1,1,-0.07218003,0.2244544,0.3145093901119953,0.38668942,0.14952871
5313,1,1,0.3294835,-0.14559793,-0.1851712566284291,0.51465476,0.2648695
5314,1,1,0.00029873848,0.14760065,0.1579691553453099,0.15767042,0.024859963
5315,1,1,0.2169168,-0.11695552,-0.1171920642890245,0.33410886,0.11162873
5316,1,1,0.04301548,0.08533692,0.1413012338132304,0.09828575,0.009660088
5317,1,1,0.20634437,-0.107017756,-0.1767644015252605,0.38310876,0.14677233
5318,1,1,0.00557518,0.14037943,0.1240459395694193,0.11847076,0.014035321
5319,1,1,0.19540358,-0.09651375,0.0933240960663228,0.10207948,0.01042022
5320,1,1,0.17593646,-0.07724738,0.0266817918713218,0.14925466,0.022276955
5321,1,1,0.13376379,-0.03293991,-0.1377023043728749,0.27146608,0.073693834
5322,1,1,0.030115843,0.10490465,0.3843242553365802,0.3542084,0.1254636
5323,1,1,0.3992188,-0.13550973,-0.402836421436302,0.80205524,0.6432926
5324,1,1,-0.13566566,0.24691153,0.6397750661030259,0.7754407,0.6013083
5325,1,1,0.6514616,0.30465126,-0.4399898863442351,1.0914515,1.1912664
5326,1,1,-0.15873575,0.24365473,0.4762499307047547,0.6349857,0.40320683
5327,1,1,0.4905584,-0.077061415,-0.4163959072900205,0.9069543,0.8225661
5328,1,1,-0.14409018,0.24641466,0.7855475094884583,0.9296377,0.8642262
5329,1,1,0.79289985,0.5815911,-0.8273567319655739,1.6202567,2.6252317
5330,1,1,-0.3990066,-0.15575027,0.8800719135399806,1.2790785,1.6360418
5331,1,1,0.8834677,0.7295294,-0.894878348346718,1.7783461,3.1625147
5332,1,1,-0.44578195,-0.2646358,0.7676266371278095,1.2134086,1.4723604
5333,1,1,0.77562356,0.55224895,-0.6965659307733945,1.4721894,2.1673417
5334,1,1,-0.31679654,0.06793237,0.5490340085521948,0.86583054,0.7496625
5335,1,1,0.562443,0.10106468,-0.610782952616058,1.173226,1.3764592
5336,1,1,-0.26420856,0.16208243,0.7688866131745509,1.0330951,1.0672855
5337,1,1,0.77684,0.5543287,-0.561994639697097,1.3388345,1.7924778
5338,1,1,-0.23418069,0.19486165,0.6640369186861479,0.8982176,0.8067949
5339,1,1,0.67514133,0.355649,-0.4991851694447806,1.1743265,1.3790429
5340,1,1,-0.19540215,0.22670364,0.5048613231201124,0.70026344,0.49036887
5341,1,1,0.51886487,-0.007544279,-0.5543464263770725,1.0732113,1.1517825
5342,1,1,-0.22946596,0.19941044,0.3779816546113683,0.6074476,0.36899263
5343,1,1,0.39289522,-0.13778925,-0.3594257402074921,0.752321,0.5659869
5344,1,1,-0.10865617,0.2430079,0.3284804254056044,0.4371366,0.1910884
5345,1,1,0.343462,-0.14625216,-0.144122229659946,0.48758423,0.23773839
5346,1,1,0.026080132,0.110919,0.0768778214051124,0.050797693,0.0025804057
5347,1,1,0.16552114,-0.06663203,-0.0554398578535324,0.220961,0.048823766
5348,1,1,0.081912756,0.026035309,0.2173291492593647,0.13541639,0.018337598
5349,1,1,0.25460386,-0.147789,-0.296532744631012,0.5511366,0.30375156
5350,1,1,-0.06942725,0.22245336,0.2761374388682194,0.3455647,0.119414955
5351,1,1,0.29198766,-0.14662528,-0.327755271134253,0.61974293,0.3840813
5352,1,1,-0.08891654,0.23483324,0.2821702099007592,0.37108675,0.13770537
5353,1,1,0.29708552,-0.14560723,-0.2946174176536478,0.59170294,0.35011238
5354,1,1,-0.068231344,0.22155833,0.1833095255087422,0.25154087,0.06327281
5355,1,1,0.23299885,-0.13168764,-0.1791934157061017,0.41219229,0.16990247
5356,1,0,0.0040500164,0.14248323,-0.1038371530848376,0.10788717,0.011639642
5357,1,0,0.05142069,0.07238102,-0.0051143287609982,0.056535017,0.003196208
5358,1,0,0.11367178,-0.010630131,0.1410960004321335,0.027424216,0.0007520876
5359,1,0,0.20621467,-0.106894255,0.204549287917922,0.0016653836,2.7735025e-06
5360,1,0,0.24648595,-0.14371037,0.3244718982381749,0.07798594,0.0060818074
5361,1,0,0.33945227,-0.14620304,0.4113462132965604,0.07189396,0.0051687416
5362,1,0,0.4261279,-0.1228416,0.3204374694644776,0.10569045,0.011170471
5363,1,0,0.33541584,-0.14604068,0.2759344579647487,0.059481382,0.0035380349
5364,1,0,0.29185843,-0.14665699,0.2739336860002792,0.017924756,0.00032129686
5365,1,0,0.29058576,-0.1469562,0.4007942329522911,0.11020848,0.0121459095
5366,1,0,0.4156258,-0.12835431,0.4202977771291443,0.004671961,2.182722e-05
5367,1,0,0.43503165,-0.11760855,0.4626638638554459,0.027632207,0.0007635388
5368,1,0,0.47709584,-0.089160204,0.4616531319725547,0.015442699,0.00023847696
5369,1,0,0.47609377,-0.08997512,0.4493816079077217,0.02671215,0.0007135389
5370,1,0,0.4639218,-0.09891677,0.413265572760273,0.0506562,0.0025660505
5371,1,0,0.4280374,-0.12176299,0.491331348561812,0.063293934,0.0040061222
5372,1,0,0.5054872,-0.04390669,0.2956240123039415,0.20986319,0.044042557
5373,1,0,0.31057072,-0.14273739,0.27738346914705,0.03318724,0.0011013929
5374,1,0,0.29277968,-0.14642882,0.0153959480392948,0.27738374,0.07694174
5375,1,0,0.12663007,-0.025103569,0.0585962405361093,0.06803383,0.004628602
5376,1,0,0.15394998,-0.05458474,0.2949812856969718,0.1410313,0.019889826
5377,1,0,0.3099265,-0.14289355,0.2948598836623262,0.015066624,0.00022700315
5378,1,0,0.30980515,-0.14292192,0.3440375396397828,0.034232378,0.0011718557
5379,1,0,0.35901356,-0.14539433,0.2897674169918192,0.06924614,0.0047950284
5380,1,0,0.3047018,-0.14408827,0.2276876033778121,0.07701421,0.0059311884
5381,1,0,0.26118517,-0.14873767,0.2066379351020328,0.054547235,0.0029754008
5382,1,0,0.24781251,-0.1448772,0.2966302702856267,0.048817754,0.002383173
5383,1,0,0.311579,-0.14278507,0.2356558388131286,0.075923145,0.0057643238
5384,1,0,0.26624918,-0.14913201,0.1305672894106564,0.1356819,0.018409578
5385,1,0,0.19953799,-0.10050988,0.2554549836382356,0.055916995,0.0031267104
5386,1,0,0.27883506,-0.14884758,0.2372977396713373,0.041537315,0.0017253485
5387,1,0,0.26729298,-0.14917684,0.2093904599986955,0.057902515,0.0033527012
5388,1,0,0.24956107,-0.14641213,0.0926982825927948,0.1568628,0.024605937
5389,1,0,0.17553997,-0.07684827,0.1208725268394093,0.054667443,0.0029885294
5390,1,0,0.19339228,-0.094557285,0.1145283071780864,0.07886397,0.006219526
5391,1,0,0.18937063,-0.09062314,-0.0755189714332029,0.2648896,0.0701665
5392,1,0,0.06925583,0.044655085,-0.2026836270247995,0.27193946,0.073951066
5393,1,0,-0.0106880665,0.16206646,-0.2964541257229038,0.28576607,0.081662245
5394,1,0,-0.06937885,0.22241688,-0.2515115938258496,0.18213275,0.03317234
5395,1,0,-0.041277885,0.1974876,-0.3428726095152603,0.30159473,0.090959385
5396,1,0,-0.09834266,0.23929334,-0.2575940602406046,0.15925139,0.025361005
5397,1,0,-0.045084715,0.20132232,-0.0680777609864855,0.022993043,0.00052868004
5398,1,0,0.073945284,0.03736639,-0.0405467207241958,0.114492,0.013108418
5399,1,0,0.09130597,0.015027285,0.1046188536373398,0.013312884,0.00017723287
5400,1,0,0.1830914,-0.084415436,0.2942788666025469,0.11118746,0.012362651
5401,1,0,0.30922246,-0.14306188,0.1136082769083532,0.19561419,0.03826491
5402,1,0,0.1887877,-0.09005022,0.0845564680620079,0.10423123,0.01086415
5403,1,0,0.17038369,-0.07161546,0.0441831468073936,0.12620054,0.015926577
5404,1,0,0.14483118,-0.044904947,0.0262527282847919,0.11857845,0.014060848
5405,1,0,0.13349247,-0.03264308,0.0622073987778404,0.07128507,0.005081561
5406,1,0,0.15623474,-0.05698514,0.0969118898498044,0.05932285,0.0035192005
5407,1,0,0.17820907,-0.079535246,0.214560947155328,0.036351874,0.0013214587
5408,1,0,0.25284505,-0.14745307,0.2004000787780167,0.052444965,0.0027504743
5409,1,0,0.24385095,-0.14138365,0.2091090849467578,0.034741864,0.0012069971
5410,1,0,0.24938226,-0.14625478,0.1679517366762377,0.081430525,0.00663093
5411,1,0,0.22325134,-0.122811794,0.2785377462752572,0.055286407,0.003056587
5412,1,0,0.29351425,-0.14624,0.4064970347373369,0.11298278,0.012765109
5413,1,0,0.42130256,-0.12546396,0.4101452208266365,0.011157334,0.0001244861
5414,1,0,0.42493272,-0.12350583,0.5105881162692212,0.08565539,0.007336846
5415,1,0,0.52452326,0.007421255,0.5225808602748101,0.0019423962,3.7729028e-06
5416,1,0,0.53636456,0.03718233,0.5364708722584455,0.000106334686,1.13070655e-08
5417,1,0,0.55006456,0.071017265,0.5687064299575568,0.01864189,0.00034752002
5418,1,0,0.5818014,0.14712429,0.4504995363002799,0.13130188,0.017240183
5419,1,0,0.4650309,-0.09817624,0.4516238761942621,0.013407022,0.00017974823
5420,1,0,0.46614695,-0.097415686,0.4814002835765332,0.015253335,0.00023266424
5421,1,0,0.49565864,-0.07046676,0.5038840132600706,0.008225381,6.7656896e-05
5422,1,0,0.5178993,-0.0101771355,0.4454142911329821,0.07248497,0.0052540707
5423,1,0,0.45998478,-0.10142422,0.5420028447312784,0.08201808,0.006726965
5424,1,0,0.5555167,0.08431029,0.4572476202622844,0.098269105,0.009656817
5425,1,0,0.47172523,-0.09339023,0.5216531422645749,0.04992789,0.0024927943
5426,1,0,0.5354488,0.034898996,0.7076922193333135,0.17224342,0.029667795
5427,1,0,0.717613,0.4443152,0.5150693543209406,0.20254362,0.041023917
5428,1,0,0.52894926,0.018603563,0.5238346699626666,0.005114615,2.6159287e-05
5429,1,0,0.5376015,0.040263414,0.5885681312959754,0.05096668,0.0025976025
5430,1,0,0.60131264,0.19247866,0.5348113901561349,0.06650126,0.0044224174
5431,1,0,0.5484288,0.06700945,0.4516971033362584,0.09673166,0.009357015
5432,1,0,0.46621966,-0.09736538,0.3893401720024751,0.0768795,0.0059104576
5433,1,0,0.40421724,-0.13351917,0.2918047468888285,0.11241248,0.012636567
5434,1,0,0.30674386,-0.14363599,0.2227704710110161,0.08397339,0.0070515308
5435,1,0,0.25806117,-0.14834833,0.0886813220363262,0.16937985,0.028689532
5436,1,0,0.1729958,-0.07427287,0.1248209149213166,0.048174888,0.0023208198
5437,1,0,0.19589472,-0.09698963,0.1625586640476646,0.03333606,0.0011112927
5438,1,0,0.21982932,-0.11965704,0.0944908217615227,0.1253385,0.01570974
5439,1,0,0.17667532,-0.077992916,0.3313519253065986,0.15467662,0.023924856
5440,1,0,0.3463335,-0.14621973,0.3270364943916366,0.019297004,0.00037237434
5441,1,0,0.3420174,-0.1462481,0.3693981567145918,0.027380735,0.0007497046
5442,1,0,0.38433433,-0.14044785,0.4179468890006488,0.03361255,0.0011298035
5443,1,0,0.43269372,-0.11903262,0.5366447659323286,0.10395104,0.010805818
5444,1,0,0.55023575,0.07143569,0.4149693639109464,0.1352664,0.018296998
5445,1,0,0.42973256,-0.12078524,0.5344587440445179,0.104726195,0.010967576
5446,1,0,0.5480807,0.06615615,0.4423484786886584,0.1057322,0.011179299
5447,1,0,0.4569409,-0.103233814,0.4741613592046598,0.017220467,0.0002965445
5448,1,0,0.48848987,-0.0790596,0.4353222158571959,0.05316764,0.002826798
5449,1,0,0.44996357,-0.10769224,0.5942014556489181,0.14423788,0.020804565
5450,1,0,0.60684085,0.20514369,0.5777226155680513,0.02911824,0.0008478719
5451,1,0,0.59066224,0.1678493,0.5233689476196597,0.06729329,0.0045283865
5452,1,0,0.5371418,0.039119244,0.5684731197012751,0.0313313,0.0009816504
5453,1,0,0.5815716,0.14658499,0.5364631870917069,0.045108378,0.0020347657
5454,1,0,0.5500572,0.07099867,0.5881654645589949,0.03810829,0.0014522417
5455,1,0,0.6009176,0.1915698,0.7029166109976002,0.101999044,0.010403805
5456,1,0,0.71297526,0.43479967,0.6441705171820113,0.06880474,0.0047340924
5457,1,0,0.65575576,0.3139875,0.5177619383760512,0.13799381,0.019042293
5458,1,0,0.5316076,0.025286436,0.5507426378898583,0.019134998,0.00036614816
5459,1,0,0.564126,0.10511327,0.5638904256495283,0.00023561716,5.5515446e-08
5460,1,0,0.5770652,0.13595724,0.5989529593362266,0.02188772,0.00047907227
5461,1,0,0.6115012,0.21576118,0.5532264836908869,0.058274746,0.003395946
5462,1,0,0.5665717,0.110981464,0.604567550696749,0.037995815,0.001443682
5463,1,0,0.61700606,0.22823262,0.6639774746314715,0.04697144,0.0022063162
5464,1,0,0.67508364,0.35552597,0.5090770368677173,0.16600662,0.0275582
5465,1,0,0.5230303,0.0036337376,0.2946846134038097,0.22834566,0.05214174
5466,1,0,0.30962968,-0.14296436,0.3248154436189687,0.015185773,0.00023060771
5467,1,0,0.3397956,-0.1462121,0.505876305240446,0.16608071,0.027582804
5468,1,0,0.5198679,-0.004808426,0.3524843181853727,0.16738358,0.028017264
5469,1,0,0.36745143,-0.14423275,0.3526165365025147,0.014834881,0.00022007369
5470,1,0,0.3675835,-0.14421082,0.4583070971580194,0.090723574,0.008230767
5471,1,0,0.4727764,-0.092588425,0.454476070664092,0.018300354,0.000334903
5472,1,0,0.46897626,-0.09542012,0.4313370132613299,0.03763926,0.0014167139
5473,1,0,0.44600415,-0.11045885,0.4864192860429597,0.040415138,0.0016333833
5474,1,0,0.5006268,-0.057059526,0.5652074561002705,0.06458068,0.004170664
5475,1,0,0.5783603,0.13901854,0.3519385593635435,0.22642177,0.05126682
5476,1,0,0.36690617,-0.1443224,0.518211834669386,0.15130568,0.022893408
5477,1,0,0.5320518,0.026399374,0.5788050879366526,0.046753287,0.00218587
5478,1,0,0.5917258,0.1703229,0.611479883952422,0.019754052,0.0003902226
5479,1,0,0.62377906,0.24347329,0.7260179747450333,0.10223889,0.010452791
5480,1,0,0.7353878,0.48043156,0.8793171147286083,0.1439293,0.020715645
5481,1,0,0.88274837,0.7283883,0.952785683738448,0.070037305,0.0049052243
5482,1,0,0.9526231,0.8369546,0.8389948083752214,0.11362833,0.012911397
5483,1,0,0.8442271,0.66653156,0.7533325854760151,0.09089446,0.008261803
5484,1,0,0.7618208,0.5284991,0.7287720479311233,0.03304875,0.0010922198
5485,1,0,0.7380564,0.4858055,0.7099121182887744,0.0281443,0.0007921016
5486,1,0,0.7197676,0.44872403,0.831431805474597,0.111664236,0.012468901
5487,1,0,0.8369825,0.6547277,0.7900695174938881,0.04691297,0.0022008265
5488,1,0,0.7972543,0.58892345,0.830209955974178,0.032955647,0.0010860746
5489,1,0,0.8358114,0.6528144,0.934493046911094,0.09868169,0.009738076
5490,1,0,0.9351671,0.8103807,0.8854528159275357,0.049714267,0.0024715085
5491,1,0,0.88859415,0.7376499,0.8228074132202825,0.06578672,0.0043278923
5492,1,0,0.8287134,0.64118505,0.763187583601662,0.06552583,0.0042936346
5493,1,0,0.7713394,0.54490805,0.7931053778805199,0.021765947,0.00047375646
5494,1,0,0.8001759,0.59382915,0.6386043985779191,0.1615715,0.02610535
5495,1,0,0.65031815,0.30215788,0.6796415212179636,0.029323399,0.0008598617
5496,1,0,0.6903436,0.3877833,0.6439922056338689,0.046351433,0.0021484552
5497,1,0,0.65558124,0.31360888,0.6107871802860623,0.044794083,0.0020065098
5498,1,0,0.62310076,0.24195194,0.5779074971369034,0.045193255,0.0020424302
5499,1,0,0.5908444,0.16827273,0.3947345059075426,0.19610989,0.03845909
5500,1,0,0.4095912,-0.13119364,0.3814625788843298,0.028128624,0.00079121947
5501,1,0,0.39636588,-0.1365714,0.1980862401479513,0.19827963,0.039314814
5502,1,0,0.2423811,-0.14008212,0.347191009816628,0.10480991,0.010985117
5503,1,0,0.3621645,-0.14501762,0.2146824459958116,0.14748205,0.021750955
5504,1,0,0.25292277,-0.14746928,0.2328405219843201,0.02008225,0.00040329678
5505,1,0,0.26445985,-0.14902544,0.2361790404203554,0.02828081,0.00079980417
5506,1,0,0.26658177,-0.14914656,0.2491561748349187,0.017425597,0.0003036514
5507,1,0,0.27483034,-0.14913344,0.2494828073263271,0.02534753,0.0006424973
5508,1,0,0.275038,-0.14912319,0.1809524385556922,0.09408556,0.008852093
5509,1,0,0.23150301,-0.13033652,0.0744713228492188,0.15703169,0.02465895
5510,1,0,0.16399741,-0.06506109,0.0795791775616701,0.08441824,0.007126439
5511,1,0,0.1672318,-0.06839061,0.1527450789957321,0.014486715,0.00020986491
5512,1,0,0.21360302,-0.11386204,0.2146365328840307,0.0010335147,1.0681528e-06
5513,1,0,0.25289345,-0.14746356,0.1488603253361446,0.10403313,0.010822891
5514,1,0,0.21113873,-0.111549616,0.221542765831932,0.010404035,0.000108243956
5515,1,0,0.25728106,-0.1482346,0.1717435350004961,0.08553752,0.007316668
5516,1,0,0.2256577,-0.12501836,0.2084732499012513,0.017184451,0.00029530536
5517,1,0,0.24897838,-0.1459012,0.1155104504323429,0.13346793,0.017813688
5518,1,0,0.18999338,-0.091234446,0.0007739091329246,0.18921947,0.03580401
5519,1,0,0.11739063,-0.0148153305,-0.0292996181544071,0.14669025,0.02151803
5520,1,0,0.09840226,0.006798029,-0.0392102156765421,0.13761248,0.018937195
5521,1,0,0.09214878,0.014045,-0.19312656347623,0.28527534,0.08138202
5522,1,0,-0.0046930313,0.15427303,-0.1458861914145623,0.14119317,0.019935511
5523,1,0,0.024971247,0.11256027,-0.0292385428317816,0.05420979,0.0029387015
5524,1,0,0.098441124,0.0067534447,-0.0031192914676969,0.101560414,0.010314518
5525,1,0,0.11493182,-0.0120511055,-0.2023385404152988,0.31727037,0.10066049
5526,1,0,-0.010471106,0.16178942,-0.3550801027323591,0.344609,0.118755355
5527,1,0,-0.10594988,0.24215126,-0.2242357493504965,0.118285865,0.013991546
5528,1,0,-0.024197578,0.17866302,-0.2333460087930854,0.20914844,0.04374307
5529,1,0,-0.029904366,0.18523574,-0.2972526392284851,0.26734826,0.07147509
5530,1,0,-0.06987715,0.22278595,-0.3600472524378344,0.2901701,0.08419869
5531,1,0,-0.10904384,0.24312305,-0.3118597221001624,0.20281589,0.041134287
5532,1,0,-0.07899833,0.22905707,-0.3869740169464832,0.30797568,0.09484902
5533,1,0,-0.12580323,0.24646187,-0.2779579686698321,0.15215474,0.023151066
5534,1,0,-0.05782032,0.21313167,-0.2545573777821155,0.19673705,0.03870547
5535,1,0,-0.043184757,0.19942522,-0.4808979619071669,0.4377132,0.19159286
5536,1,0,-0.18408728,0.2334001,-0.5422917137416685,0.35820442,0.12831041
5537,1,0,-0.22203088,0.20622325,-0.7552835855624869,0.5332527,0.28435847
5538,1,0,-0.35263205,-0.03310299,-0.6500824904520757,0.29745042,0.088476755
5539,1,0,-0.28833413,0.1316309,-0.6295111233916622,0.341177,0.11640174
5540,1,0,-0.2757125,0.14796877,-0.6884361333068578,0.41272366,0.17034082
5541,1,0,-0.31182456,0.08170414,-0.6837361791237115,0.37191164,0.13831827
5542,1,0,-0.30894852,0.0896194,-0.8843925656330551,0.57544404,0.33113584
5543,1,0,-0.43852448,-0.2482214,-0.956602892367219,0.5180784,0.26840523
5544,1,0,-0.48844743,-0.35716248,-0.8862576916724318,0.39781028,0.15825301
5545,1,0,-0.43981576,-0.25115514,-1.076170659603409,0.6363549,0.40494758
5546,1,0,-0.5708022,-0.5157623,-1.0563445292579845,0.4855423,0.23575132
5547,1,0,-0.55717564,-0.491323,-1.0911446679608434,0.53396904,0.28512293
5548,1,0,-0.5810852,-0.53374815,-1.1476539662038514,0.56656873,0.32100013
5549,1,0,-0.6198268,-0.5980978,-1.2460801978988738,0.62625337,0.3921933
5550,0,0,-1.2409077,-0.69787145,-1.2281115814948873,0.012796044,0.00016373875
5551,0,0,-1.223917,-0.6807442,-1.1953338438992358,0.028583169,0.00081699755
5552,0,0,-1.1928504,-0.64828134,-1.3087844220936602,0.115934014,0.013440696
5553,0,0,-1.2998874,-0.7541659,-1.1112575209399476,0.18862987,0.035581227
5554,0,0,-1.1129433,-0.557282,-0.9504117404419276,0.16253155,0.026416507
5555,0,0,-0.9537506,-0.34820747,-1.039129758998604,0.08537912,0.007289595
5556,0,0,-1.042208,-0.4695146,-0.8976625091352992,0.14454544,0.020893384
5557,0,0,-0.90147114,-0.2689619,-1.11056833730948,0.20909715,0.043721616
5558,0,0,-1.1122879,-0.5564873,-1.0877666926585623,0.024521232,0.0006012908
5559,0,0,-1.0906181,-0.5297253,-1.265739900508433,0.17512178,0.030667638
5560,0,0,-1.259457,-0.7160907,-1.1822824814272437,0.077174544,0.0059559103
5561,0,0,-1.1804597,-0.6349025,-1.2649778171018444,0.084518075,0.007143305
5562,0,0,-1.2587389,-0.71539426,-1.1915112822414922,0.0672276,0.0045195506
5563,0,0,-1.1892225,-0.6443908,-1.022604666598685,0.16661775,0.027761474
5564,0,0,-1.0257075,-0.44805837,-0.8324665928339958,0.19324088,0.037342038
5565,0,0,-0.8374574,-0.16423535,-0.7990996544505298,0.038357735,0.0014713159
5566,0,0,-0.80503654,-0.10823417,-0.7463328887307292,0.05870366,0.0034461198
5567,0,0,-0.75326204,-0.017642021,-0.8699919799914175,0.116729915,0.013625873
5568,0,0,-0.8742068,-0.22536683,-0.9986183719832128,0.12441158,0.015478242
5569,0,0,-1.0017679,-0.41599274,-1.0175752920883494,0.01580739,0.00024987358
5570,0,0,-1.0206864,-0.4414258,-1.0677056237382927,0.047019243,0.0022108092
5571,0,0,-1.0707397,-0.5054157,-1.0536241905919843,0.017115593,0.00029294353
5572,0,0,-1.0566814,-0.48791313,-1.0494191236991788,0.00726223,5.2739982e-05
5573,0,0,-1.0524826,-0.48261595,-0.953425780236988,0.09905684,0.009812257
5574,0,0,-0.9567473,-0.35257626,-0.9177261881870464,0.039021134,0.001522649
5575,0,0,-0.92131424,-0.299716,-0.936546401407909,0.015232146,0.00023201827
5576,0,0,-0.9399762,-0.32788444,-0.9512601207660508,0.011283934,0.00012732716
5577,0,0,-0.9545939,-0.34943867,-0.9003166019581577,0.0542773,0.0029460255
5578,0,0,-0.9040928,-0.27307177,-0.8671074579167413,0.036985338,0.0013679152
5579,0,0,-0.87137246,-0.22074652,-1.075110651487076,0.20373821,0.04150926
5580,0,0,-1.078131,-0.51447415,-1.0139374144707485,0.06419349,0.004120804
5581,0,0,-1.0170548,-0.43659806,-1.0234334599639472,0.0063786507,4.0687184e-05
5582,0,0,-1.026535,-0.44914675,-0.9555005851724556,0.07103443,0.0050458903
5583,0,0,-0.9588108,-0.35557413,-0.96331248129465,0.0045017004,2.0265306e-05
5584,0,0,-0.96658325,-0.36678505,-0.9798013983011304,0.013218164,0.00017471987
5585,0,0,-0.98300576,-0.39006543,-1.1405612203413575,0.15755546,0.024823723
5586,0,0,-1.1408067,-0.59031844,-1.0988225534861458,0.04198408,0.0017626631
5587,0,0,-1.1011233,-0.5428159,-1.124341470110314,0.023218155,0.00053908274
5588,0,0,-1.1253836,-0.57221293,-1.0174148860810153,0.10796869,0.011657238
5589,0,0,-1.0205264,-0.44121385,-1.169597511674693,0.1490711,0.022222193
5590,0,0,-1.1684096,-0.62164354,-1.265045901296173,0.096636295,0.009338574
5591,0,0,-1.2588029,-0.7154567,-1.179805783263024,0.078997135,0.006240547
5592,0,0,-1.178108,-0.63233376,-1.182955805406796,0.004847884,2.3501982e-05
5593,0,0,-1.1810993,-0.6355994,-1.1327503226750475,0.048349023,0.002337628
5594,0,0,-1.1333795,-0.58165574,-1.0682051515402369,0.06517434,0.0042476947
5595,0,0,-1.0712385,-0.50602937,-1.229380555014408,0.15814209,0.02500892
5596,0,0,-1.225118,-0.6819687,-1.1080151059213834,0.11710298,0.013713108
5597,0,0,-1.109861,-0.5535362,-1.141600835237113,0.03173983,0.0010074169
5598,0,0,-1.1417953,-0.59146404,-1.188416350931383,0.046621084,0.0021735255
5599,0,0,-1.1862845,-0.64122343,-1.2916277231248718,0.10534322,0.011097195
5600,0,0,-1.2838054,-0.7392807,-1.222400350749425,0.061405063,0.0037705817
5601,0,0,-1.2185104,-0.67520165,-1.2311463780028984,0.012635946,0.00015966714
5602,0,0,-1.2267891,-0.6836691,-1.216426055992278,0.010363102,0.000107393884
5603,0,0,-1.2128514,-0.6693537,-1.2501705036515314,0.037319064,0.0013927126
5604,0,0,-1.2447708,-0.7017062,-1.2361270504760424,0.008643746,7.471435e-05
5605,0,0,-1.2315003,-0.6884415,-1.413326691576885,0.18182647,0.033060867
5606,0,0,-1.3966538,-0.8372297,-1.3730325501433678,0.023621202,0.0005579612
5607,0,0,-1.3596361,-0.80669403,-1.4117042266070732,0.052068114,0.0027110886
5608,0,0,-1.3951707,-0.8360336,-1.3186293149549435,0.076541424,0.0058585894
5609,0,0,-1.3090931,-0.7625394,-1.0363862070772485,0.27270687,0.074369036
5610,0,0,-1.0394683,-0.46598864,-1.0644949568622808,0.025026679,0.0006263347
5611,0,0,-1.0675347,-0.50145674,-1.117518272544214,0.04998362,0.0024983624
5612,0,0,-1.1188961,-0.5644634,-1.1402407398136656,0.021344662,0.0004555946
5613,0,0,-1.1405021,-0.5899656,-1.2391043562399853,0.098602295,0.009722413
5614,0,0,-1.2343159,-0.69127655,-1.1019807979470464,0.13233507,0.01751257
5615,0,0,-1.1041253,-0.54651594,-1.1518066917729315,0.04768145,0.0022735207
5616,0,0,-1.1514992,-0.60261345,-1.0292448082825725,0.12225437,0.014946131
5617,0,0,-1.0323372,-0.45674253,-1.072622388972444,0.04028523,0.0016228998
5618,0,0,-1.0756474,-0.51144147,-1.108672245184418,0.033024907,0.0010906445
5619,0,0,-1.1104854,-0.554296,-1.2386846467321029,0.12819922,0.01643504
5620,0,0,-1.2339185,-0.6908779,-1.3031814470442162,0.06926286,0.004797344
5621,0,0,-1.2946407,-0.749346,-1.2877034647123915,0.006937146,4.8124e-05
5622,0,0,-1.2801207,-0.7358227,-1.0928147695089874,0.18730593,0.03508351
5623,0,0,-1.0954145,-0.5357301,-1.1614613020419766,0.066046834,0.004362184
5624,0,0,-1.1606774,-0.6130042,-1.1487151074271935,0.011962295,0.00014309649
5625,0,0,-1.14856,-0.59925437,-0.9465139870162872,0.20204604,0.040822603
5626,0,0,-0.9498763,-0.34253097,-0.9931078165932196,0.043231487,0.0018689615
5627,0,0,-0.99627113,-0.4084704,-0.8471150173099811,0.1491561,0.02224754
5628,0,0,-0.8517692,-0.1883552,-0.7117784574322372,0.13999075,0.01959741
5629,0,0,-0.71909666,0.041945457,-0.6332248064175134,0.085871875,0.007373979
5630,0,0,-0.6386509,0.14508128,-0.775124457028264,0.13647354,0.018625027
5631,0,0,-0.7819104,-0.06728053,-0.8720847274931796,0.09017432,0.008131407
5632,0,0,-0.8762641,-0.22870994,-0.8922100665707204,0.015945971,0.000254274
5633,0,0,-0.89608884,-0.26047707,-0.8021535040217955,0.09393531,0.008823843
5634,0,0,-0.80799246,-0.113413095,-0.6894596849023178,0.11853278,0.014050019
5635,0,0,-0.69601846,0.079975605,-0.7664195802347433,0.07040113,0.0049563195
5636,0,0,-0.77322984,-0.05230832,-0.8725708162203936,0.099340975,0.009868629
5637,0,0,-0.87674236,-0.22948551,-0.9863657618714354,0.10962337,0.012017284
5638,0,0,-0.98954844,-0.3991871,-1.0284424346249463,0.038893938,0.0015127384
5639,0,0,-1.0315361,-0.4556973,-1.078718106379848,0.047181964,0.0022261378
5640,0,0,-1.0817306,-0.5188503,-1.1107775826382686,0.029047012,0.00084372895
5641,0,0,-1.1124867,-0.5567286,-1.2370972937052531,0.12461054,0.015527788
5642,0,0,-1.232418,-0.6893666,-1.274169140631057,0.041751146,0.0017431582
5643,0,0,-1.267395,-0.7237396,-1.2844938122851968,0.017098784,0.00029236844
5644,0,0,-1.2771055,-0.7329788,-1.3933573145550269,0.11625183,0.013514487
5645,0,0,-1.3783565,-0.8223164,-1.152268489729123,0.22608793,0.05111575
5646,0,0,-1.1519383,-0.6031146,-1.0207714899908074,0.13116682,0.017204734
5647,0,0,-1.0238771,-0.44564676,-1.0688961505743433,0.04501903,0.0020267132
5648,0,0,-1.071928,-0.50687885,-1.0090959093762055,0.06283212,0.003947875
5649,0,0,-1.0122225,-0.43013525,-0.9987209832270492,0.013501525,0.00018229117
5650,0,0,-1.0018704,-0.41613197,-1.0857799582669512,0.08390951,0.007040806
5651,0,0,-1.088731,-0.5273504,-1.1235803512227576,0.034849286,0.0012144727
5652,0,0,-1.1246598,-0.571352,-1.212096034227381,0.0874362,0.0076450887
5653,0,0,-1.2087481,-0.6650827,-1.3509481044068206,0.1422,0.020220838
5654,0,0,-1.3391902,-0.78919005,-1.2947149268672211,0.044475317,0.0019780537
5655,0,0,-1.2867029,-0.74198747,-1.3288270653812293,0.042124152,0.0017744442
5656,0,0,-1.3186111,-0.7710855,-1.2226036581260342,0.09600747,0.009217434
5657,0,0,-1.2187026,-0.67540026,-1.1716687474875247,0.047033787,0.002212177
5658,0,0,-1.1703776,-0.62382555,-1.2844242049502137,0.11404657,0.013006621
5659,0,0,-1.2770396,-0.7329171,-1.2606308828909123,0.016408801,0.00026924876
5660,0,0,-1.2546409,-0.7114074,-1.0442919931005863,0.21034896,0.044246685
5661,0,0,-1.0473628,-0.4761126,-1.0091460068611542,0.03821683,0.001460526
5662,0,0,-1.0122728,-0.43020177,-1.0041040936558905,0.008168697,6.672762e-05
5663,0,0,-1.0072412,-0.4234228,-0.9481611226664736,0.059080124,0.003490461
5664,0,0,-0.9515133,-0.34493327,-1.144030826394098,0.19251752,0.037062995
5665,0,0,-1.144106,-0.59413457,-1.1277425182890588,0.016363502,0.00026776418
5666,0,0,-1.1286176,-0.5760462,-1.0672647097540031,0.06135297,0.0037641868
5667,0,0,-1.0702996,-0.5048723,-0.9704853326357346,0.099814296,0.009962894
5668,0,0,-0.97372437,-0.37697697,-1.0004658655343035,0.026741505,0.00071510806
5669,0,0,-1.0036111,-0.41850138,-1.019185162904455,0.015574098,0.00024255252
5670,0,0,-1.0222933,-0.4435544,-0.9962009337729136,0.02609241,0.00068081386
5671,0,0,-0.99935627,-0.41269946,-0.8767760387331713,0.12258023,0.015025913
5672,0,0,-0.88087916,-0.2361772,-0.7966161150388205,0.08426303,0.0071002576
5673,0,0,-0.802634,-0.10401583,-0.7280822487531053,0.07455176,0.005557965
5674,0,0,-0.7352023,0.013883352,-0.8286342843211165,0.09343195,0.00872953
5675,0,0,-0.8337207,-0.15787506,-0.7509421907403082,0.08277851,0.006852282
5676,0,0,-0.7578356,-0.025605917,-0.7963037843613563,0.038468182,0.001479801
5677,0,0,-0.8023317,-0.10348439,-0.8647768610822406,0.062445164,0.0038993985
5678,0,0,-0.86908317,-0.21700358,-0.8252991758076802,0.043783963,0.0019170354
5679,0,0,-0.8304713,-0.15232396,-0.6813501192055402,0.14912117,0.022237122
5680,0,0,-0.6876745,0.09362292,-0.8082433794793689,0.12056887,0.014536853
5681,0,0,-0.813895,-0.123711824,-0.7429145313857384,0.07098043,0.0050382214
5682,0,0,-0.7498734,-0.011734247,-0.8651651172449726,0.115291715,0.013292179
5683,0,0,-0.86946464,-0.217628,-0.7428026851245706,0.12666196,0.016043251
5684,0,0,-0.7497623,-0.011541605,-0.5590097126249751,0.19075257,0.036386542
5685,0,0,-0.5649226,0.19665766,-0.640286240016875,0.075363696,0.0056796866
5686,0,0,-0.64578843,0.13951421,-0.5945770604922602,0.051211357,0.0026226032
5687,0,0,-0.5999527,0.17364788,-0.6003112627630265,0.00035858154,1.2858072e-07
5688,0,0,-0.6056535,0.1696279,-0.4809296174204234,0.12472391,0.015556054
5689,0,0,-0.4901936,0.23338985,-0.4342767228321849,0.055916876,0.003126697
5690,0,0,-0.44709253,0.24454069,-0.5963779825482449,0.14928544,0.022286141
5691,0,0,-0.60174155,0.1723938,-0.5926609434266954,0.009080589,8.2457096e-05
5692,0,0,-0.59805083,0.17497349,-0.5864953205343899,0.011555493,0.00013352942
5693,0,0,-0.5919421,0.17917323,-0.6449582104693707,0.053016126,0.0028107096
5694,0,0,-0.65052223,0.13577724,-0.599714413537483,0.050807834,0.002581436
5695,0,0,-0.6050594,0.17005038,-0.5696394424850095,0.03541994,0.0012545722
5696,0,0,-0.57533026,0.19014478,-0.6062291609313237,0.030898929,0.00095474377
5697,0,0,-0.6115527,0.1653955,-0.6478095309079936,0.03625679,0.0013145548
5698,0,0,-0.65341496,0.13347673,-0.6084034085934267,0.04501158,0.0020260424
5699,0,0,-0.613724,0.16382027,-0.6050462115362327,0.008677781,7.530388e-05
5700,0,0,-0.6103723,0.1662476,-0.3856387837193855,0.22473353,0.05050516
5701,0,0,-0.4022224,0.2463727,-0.5158145632273152,0.11359215,0.012903176
5702,0,0,-0.5231955,0.2195549,-0.5430835512960299,0.019888043,0.00039553427
5703,0,0,-0.54943013,0.2057898,-0.3878079992240102,0.16162214,0.026121715
5704,0,0,-0.40421057,0.24651337,-0.3891109597923003,0.015099615,0.00022799837
5705,0,0,-0.40540624,0.24658823,-0.3815955013921535,0.023810744,0.0005669515
5706,0,0,-0.39852452,0.24605465,-0.3543538027859174,0.044170707,0.0019510514
5707,0,0,-0.37388372,0.24200106,-0.4022305766722995,0.028346866,0.0008035448
5708,0,0,-0.4175055,0.2469151,-0.2900025633083638,0.12750295,0.016257001
5709,0,0,-0.3176148,0.21933842,-0.4541243447694425,0.13650954,0.018634854
5710,0,0,-0.46528053,0.24087739,-0.5333382885144058,0.068057775,0.0046318606
5711,0,0,-0.5400119,0.21098876,-0.5770911544592794,0.037079275,0.0013748726
5712,0,0,-0.5826578,0.18538952,-0.4583730651541033,0.124284744,0.015446697
5713,0,0,-0.469203,0.23988175,-0.3441352400687316,0.12506774,0.015641939
5714,0,0,-0.36476493,0.2396195,-0.2866633734070749,0.078101546,0.0060998513
5715,0,0,-0.31477094,0.21767688,-0.3959380043947988,0.08116707,0.0065880935
5716,0,0,-0.4116888,0.24685287,-0.2792061456877954,0.13248265,0.017551651
5717,0,0,-0.30844688,0.21380281,-0.3367017331241908,0.028254837,0.0007983358
5718,0,0,-0.3581748,0.23759556,-0.3231741948979718,0.035000592,0.0012250415
5719,0,0,-0.34627557,0.23328137,-0.2203470127070224,0.12592855,0.015858
5720,0,0,-0.25986862,0.17577529,-0.1153886545993678,0.14447996,0.02087446
5721,0,0,-0.17919588,0.083595276,-0.198472928290383,0.019277051,0.0003716047
5722,0,0,-0.24242473,0.15866375,-0.1637301425472515,0.07869458,0.0061928374
5723,0,0,-0.21540117,0.12886548,-0.2039056759975244,0.011495501,0.00013214654
5724,0,0,-0.24672604,0.16304445,-0.2917200347983253,0.044993997,0.0020244597
5725,0,0,-0.3190806,0.22017503,-0.0719934035336171,0.24708718,0.061052077
5726,0,0,-0.14840126,0.041199446,-0.1147258508077113,0.03367541,0.0011340332
5727,0,0,-0.17871094,0.08295488,-0.2333133141304912,0.05460237,0.0029814187
5728,0,0,-0.27036524,0.18521261,-0.1246697585762937,0.14569548,0.021227172
5729,0,0,-0.18602109,0.09252548,-0.1356632687972059,0.05035782,0.0025359099
5730,0,0,-0.19418287,0.102982044,0.0455223740721719,0.23970525,0.057458606
5731,0,0,-0.07572174,-0.045811176,-0.0160518958473634,0.059669845,0.0035604904
5732,0,0,-0.11260724,-0.0027954578,0.009788491866979,0.12239573,0.014980715
5733,0,0,-0.09681344,-0.0211761,0.036622604856392,0.13343605,0.01780518
5734,0,0,-0.08089447,-0.039763927,-0.0911993211503112,0.010304853,0.000106190004
5735,0,0,-0.16168737,0.060028553,-0.0553267185361869,0.10636066,0.01131259
5736,0,0,-0.1375053,0.02595067,0.0343850331088995,0.17189032,0.029546281
5737,0,0,-0.08220339,-0.038233995,0.0469305341963139,0.12913392,0.016675571
5738,0,0,-0.07490897,-0.046762705,0.0141772448124934,0.08908622,0.007936355
5739,0,0,-0.094176054,-0.0242517,0.1477191572373439,0.24189521,0.058513295
5740,0,0,-0.020014763,-0.11086774,0.0015371589851627,0.021551922,0.00046448535
5741,0,0,-0.10180664,-0.015356064,0.1781847821389344,0.27999142,0.078395195
5742,0,0,-0.0046687126,-0.12874389,0.0637470162543194,0.06841573,0.0046807122
5743,0,0,-0.065294504,-0.05800605,0.1258527636933455,0.19114727,0.03653728
5744,0,0,-0.031377554,-0.09762406,0.0901829551793276,0.12156051,0.014776956
5745,0,0,-0.05055499,-0.07523656,0.2161022006136908,0.26665717,0.07110605
5746,0,0,0.01366353,-0.14764547,0.2976917603709048,0.28402823,0.08067203
5747,0,0,0.050364256,-0.14301348,0.3047978558478332,0.2544336,0.064736456
5748,0,0,0.05339098,-0.14434528,0.4948849539365771,0.441494,0.19491695
5749,1,0,0.5090015,-0.034374237,0.4995525343749878,0.0094489455,8.928257e-05
5750,1,0,0.5136173,-0.021835566,0.3710454803375507,0.1425718,0.02032672
5751,1,0,0.38597822,-0.13997626,0.3419494357233619,0.04402879,0.0019385342
5752,1,0,0.35692692,-0.14560628,0.3259523900484744,0.030974537,0.000959422
5753,1,0,0.34093332,-0.1462338,0.3151481548423915,0.025785178,0.0006648754
5754,1,0,0.3301227,-0.14565778,0.3409218982883755,0.010799199,0.00011662271
5755,1,0,0.35590005,-0.1456995,0.2844592473322609,0.071440816,0.00510379
5756,1,0,0.29938078,-0.14517784,0.3641859682831914,0.06480518,0.004199711
5757,1,0,0.37913394,-0.14182019,0.2219843310615039,0.15714961,0.024696
5758,1,0,0.25756145,-0.14827657,0.1586943642419944,0.09886707,0.009774698
5759,1,0,0.21737719,-0.11738396,0.0972610578567949,0.12011613,0.0144278845
5760,1,0,0.17843032,-0.07975745,0.188476494855875,0.010046169,0.000100925514
5761,1,0,0.23627973,-0.13463855,0.1822587602929961,0.05402097,0.0029182653
5762,1,0,0.23233199,-0.13108587,0.0999213758701573,0.13241062,0.01753257
5763,1,0,0.18011522,-0.08144665,0.0020394091258348,0.17807582,0.031710997
5764,1,0,0.11819053,-0.015711784,-0.1862530134979416,0.30444354,0.09268587
5765,1,0,-0.00038027763,0.14851761,-0.0997581793336168,0.0993779,0.009875967
5766,1,0,0.053988695,0.06840205,-0.183800921238157,0.23778962,0.0565439
5767,1,0,0.0011584759,0.14643526,-0.166217343976037,0.16737582,0.028014664
5768,1,0,0.0121974945,0.1310904,-0.1170010624966106,0.12919855,0.016692266
5769,1,0,0.04313588,0.085152626,-0.0593634007178818,0.102499284,0.010506103
5770,1,0,0.07943869,0.02895546,-0.0004221950099778,0.07986088,0.0063777603
5771,1,0,0.116635084,-0.013967276,0.0321110233704584,0.084524065,0.0071443175
5772,1,0,0.13719654,-0.03667593,-0.0129450970436959,0.15014164,0.022542512
5773,1,1,0.10872674,-0.0050292015,-0.0067679832886731,0.11549472,0.013339031
5774,1,1,0.11262727,-0.009450674,0.1471080614922542,0.034480795,0.0011889252
5775,1,1,0.21002722,-0.11050367,-0.2847463817868516,0.4947736,0.24480091
5776,1,1,-0.062063456,0.21670198,0.3620004479114733,0.4240639,0.17983018
5777,1,1,0.37695265,-0.14234138,-0.2516608068708263,0.6286135,0.3951549
5778,1,1,-0.041371584,0.19758248,0.1963363289762907,0.23770791,0.05650505
5779,1,1,0.24127007,-0.13909507,-0.1392877764294766,0.38055784,0.14482427
5780,1,1,0.029118776,0.10639548,-0.0351285675961339,0.06424734,0.004127721
5781,1,1,0.0947237,0.011053324,0.0426181265034815,0.052105576,0.002714991
5782,1,1,0.1438415,-0.04384446,-0.0163137401603945,0.16015525,0.025649704
5783,1,1,0.10659981,-0.0026071072,0.2122782459187377,0.10567844,0.011167932
5784,1,1,0.25139546,-0.14715004,-0.1842205010460063,0.43561596,0.18976127
5785,1,1,0.00089526176,0.14679217,0.092272347590534,0.09137709,0.008349772
5786,1,1,0.17527008,-0.076575756,-0.2707726308612801,0.44604272,0.1989541
5787,1,1,-0.0533278,0.20915008,0.3040841472519249,0.35741195,0.1277433
5788,1,1,0.31904602,-0.14422774,-0.3188434410855247,0.6378895,0.40690303
5789,1,1,-0.08335686,0.2317307,0.4039884404941172,0.4873453,0.23750545
5790,1,1,0.41880608,-0.12676072,-0.3270742188772839,0.7458803,0.5563374
5791,1,1,-0.08849192,0.23460817,0.4362207848660802,0.5247127,0.2753234
5792,1,1,0.45085597,-0.10705447,-0.2825519386691764,0.7334079,0.53788716
5793,1,1,-0.060692072,0.21556807,0.2622456985602017,0.32293776,0.104288794
5794,1,1,0.28315258,-0.14833498,-0.1950135782340547,0.47816616,0.22864288
5795,1,1,-0.0058772564,0.15583158,0.1352462537227978,0.1411235,0.019915843
5796,1,1,0.20250463,-0.10335755,-0.1010586076979231,0.30356324,0.092150636
5797,1,1,0.053169966,0.06967163,-0.0118862857420105,0.06505625,0.004232316
5798,1,1,0.109395266,-0.0057890415,0.0041652341888474,0.10523003,0.01107336
5799,1,1,0.11953354,-0.017214775,0.0683568783345398,0.05117666,0.0026190504
5800,1,1,0.16012716,-0.06104946,-0.0524416738330177,0.21256883,0.04518551
5801,1,1,0.08380318,0.023809195,0.2351973093437482,0.15139413,0.022920182
5802,1,1,0.2659576,-0.14911747,-0.3513818934750139,0.6173395,0.38110805
5803,1,1,-0.103645325,0.2413559,0.3090082674753622,0.4126536,0.17028299
5804,1,1,0.32397628,-0.14496899,-0.4475673721863633,0.7715436,0.5952796
5805,1,1,-0.1634357,0.24226856,0.4770108787839722,0.64044654,0.41017178
5806,1,1,0.49131227,-0.07632184,-0.4986534720493627,0.98996574,0.98003215
5807,1,1,-0.19507384,0.22691584,0.2901587990010537,0.48523265,0.23545073
5808,1,1,0.30509377,-0.14400291,-0.3943332474541536,0.699427,0.48919815
5809,1,1,-0.13037968,0.24680996,0.4872285109284506,0.6176082,0.38143986
5810,1,1,0.50142694,-0.05489421,-0.5471936973187441,1.0486207,1.0996053
5811,1,1,-0.22505474,0.20350695,0.4657747636090303,0.6908295,0.47724542
5812,1,1,0.4801798,-0.08657694,-0.2874527410169367,0.7676325,0.5892596
5813,1,1,-0.06375456,0.21807337,0.1334352101229106,0.19718976,0.0388838
5814,1,1,0.20135641,-0.10225701,-0.2558725319643753,0.45722893,0.2090583
5815,1,1,-0.0440073,0.20025063,0.3050237315493471,0.34903103,0.12182266
5816,1,1,0.31998682,-0.14438152,-0.2479975182251284,0.56798434,0.3226062
5817,1,1,-0.039078712,0.1952095,0.2205237873044274,0.2596025,0.06739345
5818,1,1,0.25663376,-0.14813447,-0.1389163603371441,0.39555013,0.15645991
5819,1,1,0.029352665,0.10604715,0.1137238415341506,0.08437118,0.007118496
5820,1,1,0.18886113,-0.090121746,-0.0352991811136638,0.22416031,0.050247848
5821,1,1,0.09461641,0.011177778,0.0109434918029491,0.08367292,0.0070011574
5822,1,1,0.12381601,-0.021986485,0.0047418153015499,0.119074196,0.014178664
5823,1,1,0.119897604,-0.017621994,-0.1451267841131436,0.2650244,0.07023793
5824,1,1,0.025448322,0.11185503,0.0012529341680296,0.024195388,0.0005854168
5825,1,1,0.11769366,-0.015155077,-0.0949102231894278,0.2126039,0.04520042
5826,1,1,0.05704117,0.06366277,0.008728509804436,0.048312657,0.0023341128
5827,1,1,0.122416735,-0.020431042,-0.1150261049122542,0.23744284,0.056379102
5828,1,1,0.044378996,0.083245516,0.1116583209181478,0.067279324,0.0045265076
5829,1,1,0.18755198,-0.08883262,-0.045106129202447,0.2326581,0.054129794
5830,1,1,0.08842945,0.018384457,-0.0884204187840218,0.17684987,0.031275876
5831,1,1,0.06112814,0.057305574,0.0009414428830174,0.060186695,0.0036224383
5832,1,1,0.11749649,-0.014933825,-0.0468475399635961,0.16434403,0.02700896
5833,1,1,0.08733082,0.019668818,0.0948304907758492,0.0074996725,5.6245088e-05
5834,1,1,0.17689061,-0.07820964,-0.0914357100770164,0.2683263,0.07199901
5835,1,1,0.059229136,0.060260773,0.2251295741810364,0.16590044,0.027522955
5836,1,1,0.25955987,-0.14854908,-0.0563232960607131,0.31588316,0.09978217
5837,1,1,0.08135557,0.026691914,0.2820437898365204,0.20068821,0.04027576
5838,1,1,0.29695845,-0.14563012,-0.3649704107514568,0.6619289,0.43814987
5839,1,1,-0.11210942,0.2439766,0.260571607566181,0.37268102,0.13889115
5840,1,1,0.28208828,-0.14848113,-0.1030895544572634,0.38517785,0.14836198
5841,1,1,0.05189109,0.07165265,0.0609253575268762,0.009034269,8.161801e-05
5842,1,1,0.15542364,-0.0561347,-0.1982214327735509,0.3536451,0.12506485
5843,1,1,-0.007889271,0.15845919,0.1408417515723954,0.14873102,0.022120917
5844,1,1,0.20605302,-0.10674071,-0.2272315404175313,0.43328458,0.18773553
5845,1,1,-0.026074648,0.18085432,0.1916179337762988,0.21769258,0.047390062
5846,1,1,0.23827386,-0.13642454,-0.0422954222799507,0.2805693,0.078719124
5847,1,1,0.09020233,0.016312122,-0.1137296535590248,0.20393199,0.041588254
5848,1,1,0.045194864,0.08199096,0.2385556014989056,0.19336073,0.037388373
5849,1,1,0.26809216,-0.14920235,-0.2342646758300821,0.5023568,0.25236237
5850,1,1,-0.030480146,0.18588257,0.1378730260916043,0.16835317,0.028342789
5851,1,1,0.20417023,-0.10494876,-0.1025435014861013,0.30671373,0.09407331
5852,1,1,0.052235126,0.071120024,0.0687983837434562,0.016563259,0.00027434155
5853,1,1,0.16040683,-0.061339855,-0.2586201260344456,0.41902694,0.17558357
5854,1,1,-0.045726776,0.2019558,0.1027304888535587,0.14845726,0.022039557
5855,1,1,0.18189526,-0.08322382,-0.1853617072689086,0.36725697,0.13487768
5856,1,1,0.00017905235,0.1477623,0.1614522031057172,0.16127315,0.026009029
5857,1,1,0.21912694,-0.11900735,-0.4104512775217013,0.62957823,0.39636874
5858,1,1,-0.14039779,0.24673176,0.3502327089534063,0.4906305,0.24071829
5859,1,1,0.36520267,-0.1445899,-0.4363548966683068,0.80155754,0.6424945
5860,1,1,-0.15648103,0.2442348,0.3572261354794626,0.51370716,0.26389503
5861,1,1,0.37218642,-0.14336729,-0.3119301095617159,0.68411654,0.46801543
5862,1,1,-0.079042196,0.22908497,0.3057921564888404,0.38483435,0.14809747
5863,1,1,0.3207562,-0.14450407,-0.2961085428768553,0.61686474,0.3805221
5864,1,1,-0.06916261,0.22225666,0.2075926950967392,0.2767553,0.076593496
5865,1,1,0.24841905,-0.14541006,-0.0872264423914055,0.3356455,0.1126579
5866,1,1,0.06188035,0.056135416,0.0841408537856653,0.022260502,0.00049552997
5867,1,1,0.17012024,-0.07134652,-0.146687164974951,0.3168074,0.10036692
5868,1,1,0.024467945,0.11330438,0.1620451234758015,0.13757718,0.01892748
5869,1,1,0.21950316,-0.1193552,-0.1467177906447085,0.36622095,0.13411778
5870,1,1,0.02444911,0.11333203,0.0841698156448811,0.059720702,0.0035665622
5871,1,1,0.17013812,-0.07136512,-0.2401860663318471,0.4103242,0.16836594
5872,1,1,-0.03418827,0.18998575,0.0853958634134466,0.119584136,0.014300366
5873,1,1,0.17091489,-0.072156906,-0.0904404025372493,0.26135528,0.06830658
5874,1,1,0.0598557,0.059284925,0.1215602178308841,0.061704516,0.0038074474
5875,1,1,0.1938281,-0.09498191,-0.1387513449450534,0.33257943,0.11060908
5876,1,1,0.029456854,0.10589099,0.202863429456753,0.17340657,0.03006984
5877,1,1,0.24541545,-0.142766,-0.1835679446754072,0.4289834,0.18402675
5878,1,1,0.0013048649,0.1462369,0.1826468057786368,0.18134195,0.032884903
5879,1,1,0.23257852,-0.13130808,-0.0523308492859087,0.28490937,0.081173345
5880,1,1,0.083872795,0.023726463,0.0656086719259083,0.018264122,0.00033357815
5881,1,1,0.15838742,-0.059237003,-0.1320325646680604,0.29042,0.084343776
5882,1,1,0.033680916,0.099546194,0.2090973690715172,0.17541645,0.030770933
5883,1,1,0.24937463,-0.14624858,-0.2812370244236679,0.53061163,0.2815487
5884,1,1,-0.059870005,0.21487927,0.3675624923547036,0.4274325,0.18269855
5885,1,1,0.38250327,-0.14095211,-0.3932255661821697,0.7757288,0.6017552
5886,1,1,-0.12969089,0.24677277,0.2814626622911018,0.41115355,0.16904725
5887,1,1,0.29637623,-0.14573574,-0.1585867301402785,0.45496297,0.2069913
5888,1,1,0.0169909,0.12422538,0.115591304502876,0.0986004,0.009722039
5889,1,1,0.19004464,-0.09128451,-0.1696549710719819,0.3596996,0.1293838
5890,1,1,0.010039091,0.13414478,0.0835814807698671,0.07354239,0.0054084826
5891,1,1,0.16976643,-0.07098484,-0.14765573583509,0.31742215,0.100756824
5892,1,1,0.023859262,0.11420226,0.1081606154629426,0.08430135,0.007106718
5893,1,1,0.18533587,-0.086642504,-0.0994085480155235,0.2847444,0.08107938
5894,1,1,0.054208517,0.06805992,-0.1318369029513659,0.18604542,0.034612898
5895,1,1,0.03380418,0.09935951,0.1000764237896274,0.066272244,0.00439201
5896,1,1,0.18021369,-0.08154464,-0.1483366393183529,0.32855034,0.10794532
5897,1,1,0.023431301,0.11483288,0.0278503507479199,0.0044190492,1.9527995e-05
5898,1,1,0.13450241,-0.033745527,0.0288073241290502,0.105695084,0.011171451
5899,1,1,0.135108,-0.03440547,-0.1213216603986255,0.25642967,0.06575618
5900,1,1,0.04041767,0.089313984,0.1365014528681176,0.096083775,0.009232092
5901,1,1,0.20330024,-0.10411811,0.0109782893639978,0.19232196,0.036987733
5902,1,1,0.123838186,-0.022010803,0.0155289797012083,0.10830921,0.011730885
5903,1,1,0.12671399,-0.025196552,-0.0434633535743591,0.17017734,0.028960327
5904,1,1,0.08946586,0.01717329,0.1220912159083984,0.032625362,0.0010644143
5905,1,1,0.19416451,-0.095309496,-0.0883402179697783,0.28250474,0.07980893
5906,1,1,0.061178446,0.057227135,0.0148828655608022,0.04629558,0.0021432806
5907,1,1,0.12630558,-0.024745464,-0.1746016083573702,0.3009072,0.09054514
5908,1,1,0.006932974,0.13849425,0.0415838038823959,0.03465083,0.0012006799
5909,1,1,0.14318728,-0.043143034,-0.0707512655012299,0.21393855,0.045769703
5910,1,1,0.07226062,0.039982557,0.0711190349044206,0.0011415854,1.3032172e-06
5911,1,1,0.16187572,-0.06286597,-0.0997732683067771,0.26164898,0.06846019
5912,1,1,0.05397892,0.06841612,0.0484961011031233,0.005482819,3.0061303e-05
5913,1,1,0.14755964,-0.047817945,-0.0907957303225401,0.23835537,0.05681328
5914,1,1,0.059632063,0.05963373,0.0475188591043065,0.012113202,0.00014672967
5915,1,1,0.14694118,-0.047159433,0.0050719597827839,0.14186923,0.02012688
5916,1,1,0.1201067,-0.017855167,0.0356540912859011,0.08445261,0.007132243
5917,1,1,0.13943672,-0.039102077,-0.0042983247311174,0.14373505,0.020659765
5918,1,1,0.11418724,-0.011211872,-0.0362238915694543,0.15041113,0.022623507
5919,1,1,0.09403324,0.011855125,0.0434049620133589,0.05062828,0.0025632225
5920,1,1,0.14433932,-0.04437828,-0.0120834075439009,0.15642273,0.024468072
5921,1,1,0.10927057,-0.0056478977,-0.085696505680922,0.19496708,0.03801216
5922,1,1,0.0628438,0.054635286,0.0936270732872595,0.030783273,0.0009476099
5923,1,1,0.17612791,-0.077441454,0.0029794134782155,0.1731485,0.029980402
5924,1,1,0.11878419,-0.016376495,-0.1263966069312863,0.2451808,0.060113624
5925,1,1,0.037225008,0.0941782,0.2085598561217083,0.17133485,0.02935563
5926,1,1,0.24903345,-0.14594913,-0.1979925927853707,0.44702604,0.19983229
5927,1,1,-0.007745981,0.15827227,0.2040848580995446,0.21183084,0.044872306
5928,1,1,0.24619102,-0.14345026,-0.155725633924455,0.40191665,0.16153699
5929,1,1,0.018788576,0.1216228,0.2126580550826875,0.19386947,0.03758537
5930,1,1,0.25163627,-0.14720178,-0.1465639330204395,0.3982002,0.1585634
5931,1,1,0.024544954,0.113190174,0.2909626152064839,0.26641765,0.070978366
5932,1,1,0.30589962,-0.1438253,-0.4074028534705798,0.7133025,0.50880045
5933,1,1,-0.13850355,0.24683428,0.3609624303090948,0.49946597,0.24946626
5934,1,1,0.37591672,-0.14257717,-0.2058238602017912,0.58174056,0.3384221
5935,1,1,-0.0126571655,0.16457129,0.2696686319500148,0.2823258,0.07970786
5936,1,1,0.28787327,-0.14753199,-0.2539037724972717,0.541777,0.29352233
5937,1,1,-0.042775393,0.19901228,0.2848059038479396,0.3275813,0.1073095
5938,1,1,0.29972816,-0.14510965,-0.1780882804135788,0.47781643,0.22830854
5939,1,1,0.004744053,0.14152741,0.1131095334815199,0.10836548,0.011743078
5940,1,1,0.18847132,-0.089738846,-0.1954364616926276,0.3839078,0.1473852
5941,1,1,-0.0061421394,0.1561799,0.1532947636233879,0.1594369,0.025420124
5942,1,1,0.21395183,-0.11418891,-0.1517469092299688,0.36569875,0.13373558
5943,1,1,0.021288157,0.117978096,0.2129290510365686,0.1916409,0.036726233
5944,1,1,0.25180864,-0.1472385,-0.1520048603912878,0.4038135,0.16306536
5945,1,1,0.021126032,0.11821556,-0.0343900258173937,0.055516057,0.0030820325
5946,1,1,0.09519005,0.010513306,-0.0515674768546827,0.14675753,0.021537771
5947,1,1,0.0843544,0.023160934,0.28225097603563,0.19789657,0.039163053
5948,1,1,0.2971666,-0.14559245,-0.2842680098033776,0.5814346,0.3380662
5949,1,1,-0.061764717,0.21645665,0.0169623750719232,0.0787271,0.006197956
5950,1,1,0.12761998,-0.02619648,-0.0691089882158224,0.19672897,0.03870229
5951,1,1,0.073295355,0.038374662,0.0272410801313536,0.046054274,0.0021209961
5952,1,1,0.13411713,-0.033325672,-0.0280270495157965,0.16214418,0.026290737
5953,1,1,0.099205256,0.005872011,0.102070036641058,0.002864778,8.206954e-06
5954,1,1,0.18147635,-0.082807064,-0.1066147431826469,0.2880911,0.08299648
5955,1,1,0.049672365,0.075086355,0.1157098047578664,0.06603744,0.004360943
5956,1,1,0.19011974,-0.091358185,-0.1916267165185989,0.38174647,0.14573036
5957,1,1,-0.0037522316,0.1530273,0.3617356709224242,0.3654879,0.13358141
5958,1,1,0.376688,-0.1424017,-0.3595406174323323,0.7362286,0.54203254
5959,1,1,-0.10872841,0.24302936,0.1928169644626618,0.30154538,0.09092962
5960,1,1,0.2390356,-0.13710475,-0.0117263840668786,0.250762,0.062881574
5961,1,1,0.10949588,-0.005903244,0.0565206614265894,0.052975215,0.0028063734
5962,1,1,0.15263653,-0.0532012,0.0236978876220712,0.12893865,0.016625173
5963,1,1,0.13187742,-0.030877113,0.0956033388495396,0.036274083,0.0013158091
5964,1,1,0.17738008,-0.07870197,-0.215267564509245,0.39264765,0.15417218
5965,1,1,-0.018577576,0.1719296,0.1962309389819627,0.21480851,0.046142694
5966,1,1,0.24120307,-0.13903522,-0.1452632986506814,0.38646638,0.14935626
5967,1,1,0.02536273,0.111980915,0.129950418514456,0.10458769,0.010938585
5968,1,1,0.19914699,-0.10013366,-0.4127580303046145,0.611905,0.3744277
5969,1,1,-0.14183068,0.24662685,0.3901840986755158,0.5320148,0.28303975
5970,1,1,0.4050579,-0.1331675,-0.4586689154766166,0.86372685,0.7460241
5971,1,1,-0.1703186,0.23980927,0.5366459526060949,0.70696455,0.49979886
5972,1,1,0.5502374,0.071439505,-0.6370334645400937,1.1872709,1.4096122
5973,1,1,-0.2803297,0.14209127,0.5735902823140511,0.85392,0.7291793
5974,1,1,0.5866022,0.15838027,-0.5031132643583511,1.0897155,1.1874799
5975,1,1,-0.19783163,0.22510362,0.4065034803426575,0.60433507,0.36522087
5976,1,1,0.421309,-0.12546039,-0.195938989470696,0.617248,0.3809951
5977,1,1,-0.006457567,0.15659285,0.4085140033176695,0.41497156,0.1722014
5978,1,1,0.42330933,-0.12439227,-0.3064471457972986,0.7297565,0.5325445
5979,1,1,-0.075618744,0.22683954,0.4831933098224472,0.558812,0.31227088
5980,1,1,0.4974332,-0.065680265,-0.4652617628082574,0.96269494,0.92678154
5981,1,1,-0.1744039,0.23811269,0.5338554440062824,0.70825934,0.5016313
5982,1,1,0.5474863,0.06469655,-0.391444937234267,0.9389312,0.88159186
5983,1,1,-0.12858367,0.24670196,0.298072448503734,0.42665613,0.18203545
5984,1,1,0.3130238,-0.14309454,-0.1766069176843054,0.48963073,0.23973826
5985,1,1,0.0056741238,0.1402421,0.0825864713595696,0.07691235,0.0059155095
5986,1,1,0.16913605,-0.07034111,-0.3230058976945904,0.49214193,0.24220368
5987,1,1,-0.085953474,0.2332232,0.2740069341913074,0.3599604,0.1295715
5988,1,1,0.2906325,-0.14694548,-0.2552657632404838,0.54589826,0.2980049
5989,1,1,-0.04362774,0.19987082,0.2599491986224929,0.30357695,0.092158966
5990,1,1,0.2816925,-0.14853215,-0.120249778884661,0.40194228,0.1615576
5991,1,1,0.041092157,0.088284016,0.067758392123677,0.026666231,0.0007110879
5992,1,1,0.15974832,-0.06065488,-0.0717313236428545,0.23147964,0.053582825
5993,1,1,0.071642876,0.04094243,-0.0795405562695164,0.15118343,0.02285643
5994,1,1,0.066721916,0.048597574,0.2033080114661181,0.1365861,0.018655762
5995,1,1,0.24569798,-0.14301538,-0.0908848309650505,0.3365828,0.113287985
5996,1,1,0.059576035,0.059720755,0.1950511991558179,0.13547516,0.018353518
5997,1,1,0.2404542,-0.13836884,-0.2646882277880031,0.50514245,0.25516888
5998,1,1,-0.0495224,0.20561862,0.4211871908886277,0.4707096,0.22156753
5999,1,1,0.4359157,-0.11706114,-0.438950268068238,0.874866,0.7653905
6000,1,1,-0.15809083,0.24382591,0.4689105801338402,0.6270014,0.39313075
6001,1,1,0.48328757,-0.08386016,-0.4078636559855386,0.8911512,0.7941505
6002,1,1,-0.13878965,0.2468214,0.3150803023376007,0.45386997,0.20599794
6003,1,1,0.33005524,-0.14565134,-0.3449046913995914,0.6749599,0.45557088
6004,1,1,-0.09960914,0.23981571,0.2613747810274338,0.3609839,0.13030939
6005,1,1,0.28259897,-0.14841247,-0.3118191255199543,0.5944181,0.35333288
6006,1,1,-0.078973055,0.22904038,0.38354559833641,0.46251866,0.21392351
6007,1,1,0.39844227,-0.1358037,-0.3042377480880676,0.70268,0.49375919
6008,1,1,-0.07423973,0.22589803,0.1646541334855973,0.23889387,0.057070278
6009,1,1,0.22115874,-0.120885134,-0.2265308648669366,0.4476896,0.20042597
6010,1,1,-0.02563572,0.18034434,0.0523228138886757,0.07795853,0.0060775327
6011,1,1,0.1499803,-0.05039096,-0.066626016909836,0.21660632,0.0469183
6012,1,1,0.074860096,0.035945892,0.0878714347122833,0.013011336,0.00016929487
6013,1,1,0.17248297,-0.07375145,-0.193109273088095,0.36559224,0.1336577
6014,1,1,-0.004682541,0.15425968,0.3124624241044071,0.31714496,0.10058092
6015,1,1,0.32743478,-0.1453886,-0.3789314608448633,0.70636624,0.49895325
6016,1,1,-0.12079954,0.2458055,0.3471222904003253,0.46792182,0.21895084
6017,1,1,0.36209583,-0.1450262,-0.240171805549918,0.6022676,0.3627263
6018,1,1,-0.034179688,0.18997622,0.1367166113467219,0.17089629,0.029205542
6019,1,1,0.20343709,-0.10424852,-0.0920630542230247,0.29550016,0.08732034
6020,1,1,0.058833838,0.060874224,-0.0111813712096955,0.07001521,0.004902129
6021,1,1,0.10984063,-0.006294012,0.1210531016493088,0.011212468,0.00012571944
6022,1,1,0.19350624,-0.09466839,-0.0985559538045355,0.2920622,0.08530033
6023,1,1,0.054745436,0.067227125,0.232808535684279,0.1780631,0.031706467
6024,1,1,0.26443982,-0.14902425,-0.2830557567995693,0.5474956,0.29975143
6025,1,1,-0.06100726,0.21583104,0.3104797629497247,0.37148702,0.1380026
6026,1,1,0.32545018,-0.14515805,-0.2826818310094454,0.608132,0.36982453
6027,1,1,-0.060773134,0.21563601,0.3760135246014511,0.43678665,0.19078258
6028,1,1,0.3909328,-0.13844347,-0.4596213738361627,0.85055417,0.7234424
6029,1,1,-0.17090845,0.23957515,0.3868174672794491,0.5577259,0.3110582
6030,1,1,0.4017036,-0.13454127,-0.428537787311043,0.8302414,0.6893008
6031,1,1,-0.15162921,0.24529171,0.473822824810358,0.62545204,0.39119026
6032,1,1,0.4881544,-0.07937813,-0.5006269928844769,0.9887814,0.97768867
6033,1,1,-0.19629431,0.22612286,0.3518506967153865,0.548145,0.30046293
6034,1,1,0.36681867,-0.1443367,-0.2616409576612435,0.62845963,0.3949615
6035,1,1,-0.04761648,0.20379758,0.0375611418840642,0.08517762,0.0072552273
6036,1,1,0.14064312,-0.04040456,-0.0191981978368547,0.15984131,0.025549246
6037,1,1,0.10477853,-0.0005271435,0.1057275856091721,0.00094905496,9.007053e-07
6038,1,1,0.18379402,-0.08511448,-0.0657819787201412,0.249576,0.06228818
6039,1,1,0.075392246,0.03512001,0.1097967172442602,0.03440447,0.0011836677
6040,1,1,0.18637228,-0.08766842,-0.1472622678336046,0.33363456,0.11131202
6041,1,1,0.024106741,0.11383772,-0.0178934650216766,0.042000204,0.0017640172
6042,1,1,0.105602264,-0.0014686584,0.2297562225276128,0.12415396,0.015414205
6043,1,1,0.2625003,-0.14886737,-0.0782143759153553,0.34071466,0.11608648
6044,1,1,0.067557335,0.04729724,0.2744802676075957,0.20692292,0.042817093
6045,1,1,0.29093313,-0.14687562,-0.1475704461740199,0.43850356,0.19228537
6046,1,1,0.023912668,0.11412287,0.0095331853855582,0.014379483,0.00020676952
6047,1,1,0.12292552,-0.020996332,0.0257202041142545,0.09720532,0.009448874
6048,1,1,0.13315582,-0.032275677,-0.1000408297966997,0.23319665,0.054380674
6049,1,1,0.053810596,0.068677664,0.130678925509688,0.076868325,0.0059087393
6050,1,1,0.1996088,-0.10057759,-0.0348133694710326,0.23442218,0.054953758
6051,1,1,0.09492302,0.010823011,0.1394539790877376,0.044530958,0.0019830063
6052,1,1,0.20517278,-0.10590339,-0.081761233102517,0.28693402,0.08233113
6053,1,1,0.065322876,0.050776005,0.0056667354712423,0.05965614,0.003558855
6054,1,1,0.12048197,-0.018274546,0.0414404392971348,0.079041526,0.006247563
6055,1,1,0.14309692,-0.043045998,-0.1659393043730501,0.30903623,0.09550339
6056,1,1,0.012372017,0.13084269,0.1636804195725609,0.1513084,0.022894233
6057,1,1,0.220541,-0.12031531,-0.3317419565591328,0.5522829,0.30501643
6058,1,1,-0.09140277,0.23610759,0.2266045132895429,0.3180073,0.10112864
6059,1,1,0.26049733,-0.14866066,-0.2145278707803775,0.4750252,0.22564895
6060,1,1,-0.01811409,0.17136312,0.1026126928937145,0.12072679,0.014574957
6061,1,1,0.18182063,-0.08314943,-0.1707116712452179,0.3525323,0.12427902
6062,1,1,0.009375572,0.13507819,0.0224283621680156,0.0130527895,0.00017037531
6063,1,1,0.1310749,-0.02999711,-0.0038696475264052,0.13494456,0.018210033
6064,1,1,0.114457846,-0.011517048,-0.0206209400701977,0.13507879,0.018246278
6065,1,1,0.103880644,0.00050091743,0.1690402479036388,0.065159604,0.004245774
6066,1,1,0.22394228,-0.1234467,-0.2612542671598992,0.48519656,0.2354157
6067,1,1,-0.047374725,0.20356274,0.1214070483261098,0.16878177,0.028487287
6068,1,1,0.19373083,-0.09488702,-0.0862674300920054,0.27999824,0.07839902
6069,1,1,0.062484026,0.055194855,0.037920847127093,0.024563178,0.00060334976
6070,1,1,0.14087057,-0.040650606,-0.0768174949014794,0.21768807,0.047388095
6071,1,1,0.06843758,0.045927286,0.2622895817676838,0.193852,0.0375786
6072,1,1,0.2831807,-0.14833045,-0.2302704437045437,0.51345116,0.2636321
6073,1,1,-0.02797842,0.18304753,0.3206432055378188,0.34862164,0.121537045
6074,1,1,0.33562207,-0.14605212,-0.347496149267585,0.6831182,0.46665052
6075,1,1,-0.101224184,0.2404542,0.2865859756035349,0.38781017,0.15039673
6076,1,1,0.30151248,-0.14475632,-0.3526258868928984,0.6541383,0.42789695
6077,1,1,-0.10442066,0.24163032,0.2144811007554214,0.31890178,0.10169835
6078,1,1,0.2527945,-0.14744377,-0.3470805410788036,0.59987503,0.35985005
6079,1,1,-0.1009655,0.24035406,0.4049113837347335,0.5058769,0.25591144
6080,1,1,0.41972446,-0.12628865,-0.2562804732903418,0.67600495,0.4569827
6081,1,1,-0.04426241,0.20050573,0.3234863224223843,0.36774874,0.13523914
6082,1,1,0.33846617,-0.14617419,-0.119346094623574,0.45781225,0.20959206
6083,1,1,0.041660547,0.08741331,0.1584981994160457,0.11683765,0.013651037
6084,1,1,0.21725297,-0.117268085,-0.3434455259884594,0.5606985,0.31438282
6085,1,1,-0.09869957,0.23944235,0.236591554891218,0.33529112,0.112420134
6086,1,1,0.2668438,-0.14915848,-0.2149234372119877,0.48176724,0.23209967
6087,1,1,-0.018361807,0.17166638,0.1832316548640209,0.20159346,0.040639922
6088,1,1,0.2329495,-0.13164377,-0.3347224078921744,0.5676719,0.32225138
6089,1,1,-0.09326172,0.2370143,0.3061834564448471,0.39944518,0.15955645
6090,1,1,0.32114792,-0.14456439,-0.364229153419354,0.68537706,0.4697417
6091,1,1,-0.111647844,0.24385524,0.2307944683900062,0.34244233,0.11726675
6092,1,1,0.26315975,-0.14892578,-0.2858198403684224,0.5489796,0.30137858
6093,1,1,-0.062734365,0.21725059,0.1171176923628833,0.17985207,0.032346766
6094,1,1,0.1910119,-0.09223199,-0.1135585088685915,0.3045704,0.09276313
6095,1,1,0.045302153,0.08182597,0.0780724312244447,0.032770276,0.001073891
6096,1,1,0.16627741,-0.06741047,-0.170208402824961,0.3364858,0.113222696
6097,1,1,0.009691715,0.1346333,0.0121704673232159,0.0024787523,6.144213e-06
6098,1,1,0.12459183,-0.022847414,0.0582681882255404,0.06632364,0.004398825
6099,1,1,0.15374231,-0.054366827,0.1298672308313708,0.023875087,0.0005700198
6100,1,1,0.19909406,-0.1000824,-0.0153238906721333,0.21441795,0.045975056
6101,1,1,0.1072247,-0.0033192635,-0.0466618819057207,0.15388659,0.023681082
6102,1,1,0.08744788,0.019531965,0.0349785185572146,0.05246936,0.002753034
6103,1,1,0.13900948,-0.0386405,-0.1329040144128823,0.27191347,0.07393693
6104,1,1,0.03313327,0.10037184,0.2000649428999383,0.16693167,0.027866183
6105,1,1,0.24363828,-0.1411953,-0.2781948303591877,0.5218331,0.2723098
6106,1,1,-0.057969093,0.21325898,0.2325785053880285,0.2905476,0.08441792
6107,1,1,0.26429367,-0.14901352,-0.0945079175939449,0.3588016,0.1287386
6108,1,1,0.057294846,0.06326771,0.1168169194161277,0.059522077,0.0035428777
6109,1,1,0.19082141,-0.092045784,-0.0925811540096832,0.28340256,0.08031701
6110,1,1,0.058507442,0.061382294,0.050500177809857,0.008007266,6.4116306e-05
6111,1,1,0.14882684,-0.04916644,-0.0533978922667048,0.20222473,0.040894844
6112,1,1,0.0831995,0.024518967,-0.0333406717900963,0.11654017,0.013581611
6113,1,1,0.095852375,0.009746075,-0.0036199924220565,0.099472366,0.009894752
6114,1,1,0.11461544,-0.011695147,-0.1901469738314887,0.30476242,0.09288014
6115,1,1,-0.0028238297,0.15179324,0.2575880407327044,0.26041186,0.067814335
6116,1,1,0.28019094,-0.14871025,-0.2694922391367371,0.5496832,0.30215162
6117,1,1,-0.05252695,0.20841861,0.3088014416992433,0.3613284,0.13055821
6118,1,1,0.32376957,-0.14494133,-0.1861394999139256,0.50990903,0.26000723
6119,1,1,-0.0003092289,0.14842176,0.1798740925719113,0.18018332,0.032466028
6120,1,1,0.23081827,-0.12971616,-0.1291918330871291,0.3600101,0.12960726
6121,1,1,0.035467625,0.096844435,0.2593723531029659,0.22390473,0.05013333
6122,1,1,0.2813251,-0.14857864,-0.2620180448548819,0.5433432,0.2952218
6123,1,1,-0.047852278,0.20402455,0.0837031369087468,0.13155541,0.017306825
6124,1,1,0.16984296,-0.07106304,-0.1622753923591888,0.33211833,0.11030259
6125,1,1,0.01467371,0.12755823,0.1841248924900869,0.16945118,0.028713701
6126,1,1,0.23351693,-0.13215518,-0.075289630932541,0.30880657,0.09536149
6127,1,1,0.06940007,0.04442954,0.0017813581381433,0.06761871,0.0045722905
6128,1,1,0.11802769,-0.015528917,-0.022784712614011,0.1408124,0.019828131
6129,1,1,0.10251427,0.0020666122,0.0779481093479264,0.024566159,0.00060349616
6130,1,1,0.16619897,-0.06732988,-0.0731313832586724,0.23933035,0.057279017
6131,1,1,0.07076025,0.042314053,-0.0154915991627251,0.08625185,0.007439381
6132,1,1,0.10711861,-0.003198862,0.1065826468854496,0.0005359575,2.8725046e-07
6133,1,1,0.18433595,-0.085651636,-0.0516768563569307,0.2360128,0.05570204
6134,1,1,0.0842855,0.023242474,-0.0303561412653037,0.11464164,0.013142705
6135,1,1,0.09773588,0.0075674057,0.0600123997999584,0.03772348,0.001423061
6136,1,1,0.15484571,-0.05552721,-0.2546266998176874,0.4094724,0.16766766
6137,1,1,-0.043227673,0.19946885,0.1762381540136961,0.21946582,0.048165247
6138,1,1,0.22851086,-0.12762094,-0.1762221907710768,0.40473306,0.16380885
6139,1,1,0.0059154034,0.13990736,0.0741830310827711,0.06826763,0.004660469
6140,1,1,0.1638155,-0.064873695,0.0360090411217104,0.12780645,0.016334489
6141,1,1,0.13966155,-0.039344788,-0.1103519589182133,0.2500135,0.06250675
6142,1,1,0.04731989,0.07871771,0.1127213106332489,0.06540142,0.0042773457
6143,1,1,0.18822551,-0.08949685,8.303315058766358e-05,0.18814248,0.035397593
6144,1,1,0.1169548,-0.014326096,0.0854422193118975,0.03151258,0.0009930427
6145,1,1,0.17094469,-0.07218695,-0.0620259569850882,0.23297065,0.054275326
6146,1,1,0.07775998,0.031450987,-0.0432239163477894,0.1209839,0.014637103
6147,1,1,0.089617014,0.016996622,-0.0201303629497049,0.10974738,0.0120444875
6148,1,1,0.10419011,0.00014615059,-0.1615318427509686,0.26572195,0.070608154
6149,1,1,0.015140772,0.12688828,0.2426409949542924,0.22750023,0.051756356
6150,1,1,0.270689,-0.1492374,-0.0365524754176402,0.3072415,0.094397336
6151,1,1,0.09382582,0.012096643,-0.0244876923900996,0.118313506,0.013998086
6152,1,1,0.101439476,0.0033006668,-0.0098654720063149,0.111304946,0.012388791
6153,1,1,0.11067104,-0.007237196,0.1493523680194477,0.03868133,0.0014962452
6154,1,1,0.21145058,-0.111843586,-0.1012022266091277,0.3126528,0.097751774
6155,1,1,0.053079844,0.06981158,0.102214031946227,0.049134187,0.0024141683
6156,1,1,0.18156767,-0.0828979,-0.1930888216797002,0.3746565,0.1403675
6157,1,1,-0.0046691895,0.1542418,0.1752162727417925,0.17988546,0.03235878
6158,1,1,0.22786188,-0.12703037,-0.1870038963313152,0.4148658,0.17211363
6159,1,1,-0.00085163116,0.14915228,0.2128507037715481,0.21370234,0.045668688
6160,1,1,0.2517588,-0.14722872,-0.2169899173532083,0.46874875,0.21972539
6161,1,1,-0.019656897,0.17324233,0.2166044140957028,0.23626131,0.055819407
6162,1,1,0.25414348,-0.14770508,-0.1610160782756375,0.41515955,0.17235745
6163,1,1,0.015464544,0.12642312,0.2064650178260509,0.19100048,0.036481183
6164,1,1,0.24770284,-0.14478064,-0.2307251530602685,0.478428,0.22889335
6165,1,1,-0.028263807,0.18337321,0.1343402459641263,0.16260405,0.026440077
6166,1,1,0.20193052,-0.10280681,-0.1660228037025626,0.36795333,0.13538966
6167,1,1,0.01232028,0.13091707,0.0768901583071448,0.064569876,0.004169269
6168,1,1,0.16552901,-0.066640615,-0.0758471064942805,0.24137612,0.05826243
6169,1,1,0.06904936,0.044976234,0.0400510898613069,0.028998267,0.0008408995
6170,1,1,0.14221787,-0.04210043,-0.1336098926374864,0.27582777,0.076080956
6171,1,1,0.032688856,0.1010406,0.0093676362211261,0.023321219,0.0005438792
6172,1,1,0.12282038,-0.020879507,-0.1336592454130363,0.25647962,0.065781794
6173,1,1,0.0326581,0.10108757,0.1015195883494159,0.068861485,0.004741904
6174,1,1,0.18112779,-0.08245826,-0.1694646563426212,0.35059243,0.12291505
6175,1,1,0.0101583,0.13397574,0.30640020396492,0.2962419,0.08775927
6176,1,1,0.32136488,-0.14459729,-0.2845935629986766,0.60595846,0.36718565
6177,1,1,-0.061968327,0.21662402,0.4266400848886738,0.48860842,0.2387382
6178,1,1,0.4413364,-0.11359334,-0.4725645596664711,0.913901,0.835215
6179,1,1,-0.17892718,0.2360313,0.2797742092733082,0.4587014,0.21040697
6180,1,1,0.29468298,-0.14603162,0.0168717700718721,0.2778112,0.07717906
6181,1,1,0.12756276,-0.026133299,0.0120777058002339,0.11548506,0.013336798
6182,1,1,0.12453318,-0.02278161,0.0039693310538972,0.12056384,0.01453564
6183,1,1,0.1194098,-0.017076492,-0.0508403067444653,0.1702501,0.028985098
6184,1,1,0.08481264,0.022622347,-0.0496158496615364,0.13442849,0.018071018
6185,1,1,0.08558512,0.021716118,0.0094562936712834,0.076128826,0.005795598
6186,1,1,0.12287688,-0.020942688,-0.1230038947921192,0.24588078,0.06045736
6187,1,1,0.039359093,0.09092975,0.1478627405788475,0.108503655,0.011773043
6188,1,1,0.21050596,-0.11095381,-0.2459781989092389,0.45648414,0.20837776
6189,1,1,-0.037814617,0.19387913,0.3436182350073915,0.38143286,0.14549103
6190,1,1,0.35859466,-0.14543986,-0.4528299965982789,0.8114246,0.6584099
6191,1,1,-0.16669893,0.24116564,0.459540852593209,0.6262398,0.39217627
6192,1,1,0.47399974,-0.09164119,-0.4345076950728082,0.90850747,0.8253858
6193,1,1,-0.15533471,0.24450755,0.5196690945450664,0.6750038,0.45563015
6194,1,1,0.5334904,0.030004025,-0.4832714360220711,1.0167619,1.0338048
6195,1,1,-0.18555689,0.2326026,0.2848112840371941,0.47036818,0.22124623
6196,1,1,0.29973364,-0.14510965,-0.271421687483059,0.5711553,0.3262184
6197,1,1,-0.053733826,0.2095182,0.2365807280932279,0.29031456,0.08428254
6198,1,1,0.26683712,-0.14915824,-0.3336895133231863,0.60052663,0.36063224
6199,1,1,-0.092617035,0.23670435,0.2112151226563101,0.30383217,0.09231399
6200,1,1,0.25072002,-0.14700031,-0.1521138210113162,0.40283385,0.1622751
6201,1,1,0.021057606,0.1183157,0.0888942567197075,0.06783665,0.004601811
6202,1,1,0.17313075,-0.07440925,-0.1700610051006044,0.34319174,0.11778057
6203,1,1,0.009784222,0.13450384,0.1173922821305919,0.10760806,0.011579494
6204,1,1,0.19118595,-0.0924027,-0.1282859886084804,0.31947196,0.10206233
6205,1,1,0.03603697,0.0959816,0.0087492152656483,0.027287753,0.0007446215
6206,1,1,0.12242985,-0.020445108,0.2617494700900091,0.13931963,0.019409958
6207,1,1,0.28283715,-0.14837956,-0.2355939847186676,0.5184311,0.26877084
6208,1,1,-0.03131318,0.18681431,0.0296100953434903,0.06092328,0.003711646
6209,1,1,0.13561535,-0.034957647,-0.0665779956040513,0.20219335,0.04088215
6210,1,1,0.07489061,0.035898685,0.0129466392095878,0.061943974,0.003837056
6211,1,1,0.12508225,-0.02339077,-0.0567774428384928,0.1818597,0.033072952
6212,1,1,0.081068754,0.027029753,0.129082232032021,0.04801348,0.0023052942
6213,1,1,0.19859648,-0.0996027,-0.0438800614361478,0.24247654,0.05879487
6214,1,1,0.08920312,0.017479658,-0.0048526646803748,0.09405579,0.008846491
6215,1,1,0.11383724,-0.010817051,0.0858628185698751,0.027974427,0.00078256853
6216,1,1,0.17121053,-0.07245755,0.0236651639362555,0.14754537,0.021769635
6217,1,1,0.13185668,-0.030853987,0.1545638699006959,0.022707194,0.0005156167
6218,1,1,0.21475673,-0.1149416,-0.1024179133942388,0.31717464,0.10059975
6219,1,1,0.052313805,0.07099819,0.1510750325278591,0.09876123,0.00975378
6220,1,1,0.21254349,-0.1128695,-0.1508841402395502,0.36342764,0.13207965
6221,1,1,0.02183032,0.1171844,0.172075866788576,0.15024555,0.022573724
6222,1,1,0.22586846,-0.12521076,-0.1781597071185494,0.40402818,0.16323876
6223,1,1,0.00469923,0.1415894,0.10778131836725,0.10308209,0.010625917
6224,1,1,0.18509555,-0.08640528,-0.0589715734381379,0.24406712,0.05956876
6225,1,1,0.07968569,0.028663397,-0.0054592944233728,0.08514498,0.007249668
6226,1,1,0.11345363,-0.01038456,0.1470944805546312,0.033640847,0.0011317065
6227,1,1,0.21001863,-0.11049461,-0.07624269063963,0.28626132,0.081945546
6228,1,1,0.068799496,0.04536414,0.1091574307047604,0.040357932,0.0016287627
6229,1,1,0.1859672,-0.087267876,-0.1202131542361506,0.30618036,0.09374641
6230,1,1,0.041114807,0.088248014,0.263459359945569,0.22234455,0.0494371
6231,1,1,0.28392434,-0.14822125,-0.2939806812973486,0.57790506,0.33397424
6232,1,1,-0.067833185,0.22125769,0.1564785299963391,0.22431171,0.05031574
6233,1,1,0.215971,-0.11607528,-0.1802853075099042,0.3962563,0.15701905
6234,1,1,0.0033650398,0.1434238,0.2267711777164329,0.22340614,0.049910303
6235,1,1,0.2606032,-0.14867353,-0.1530736546969264,0.41367686,0.17112854
6236,1,1,0.020454407,0.11919665,0.170595498654293,0.15014109,0.022542346
6237,1,1,0.22492933,-0.12435198,-0.2703835668119385,0.4953129,0.24533486
6238,1,1,-0.05308485,0.20892811,0.2512509881242124,0.30433583,0.0926203
6239,1,1,0.2761619,-0.14905906,-0.3829114273925253,0.65907335,0.43437767
6240,1,1,-0.12327576,0.24616647,0.4143467715490807,0.5376226,0.28903803
6241,1,1,0.42911243,-0.121144295,-0.4632011883115061,0.8923136,0.7962236
6242,1,1,-0.1731267,0.23866177,0.3227110439414797,0.49583775,0.24585508
6243,1,1,0.33769107,-0.14614606,-0.2746040380054189,0.61229515,0.37490535
6244,1,1,-0.055723667,0.2112987,0.3625896879040557,0.41831335,0.17498606
6245,1,1,0.3775406,-0.14220381,-0.4544741055361716,0.8320147,0.6922484
6246,1,1,-0.16771841,0.24079776,0.5677960200800052,0.7355144,0.5409814
6247,1,1,0.5809057,0.1450181,-0.6088243046094641,1.1897299,1.4154572
6248,1,1,-0.2630043,0.16351342,0.5585320321903637,0.82153636,0.674922
6249,1,1,0.5717933,0.123449564,-0.6116954069218314,1.1834887,1.4006456
6250,1,1,-0.26476908,0.16141343,0.5021391772046937,0.7669082,0.58814824
6251,1,1,0.5161743,-0.014874935,-0.3612077235024249,0.87738204,0.76979923
6252,1,1,-0.10976601,0.24333453,0.3177409742047916,0.42750698,0.18276222
6253,1,1,0.3327179,-0.14586973,-0.3125035390606574,0.6452215,0.41631076
6254,1,1,-0.07940006,0.22931218,0.3019485305195712,0.38134858,0.14542674
6255,1,1,0.3169067,-0.1438539,-0.2247428538316129,0.5416496,0.29338425
6256,1,1,-0.024515629,0.1790359,0.0055786922751255,0.030094322,0.0009056682
6257,1,1,0.12042618,-0.01821208,-0.0758113396276303,0.19623752,0.038509164
6258,1,1,0.06907153,0.04494071,-0.0126971131307738,0.08176865,0.0066861114
6259,1,1,0.10888338,-0.005206585,-0.2280437517757363,0.33692712,0.113519885
6260,1,1,-0.026583672,0.18144321,0.1886279695876784,0.21521164,0.046316054
6261,1,1,0.23637581,-0.13472462,-0.2246437148414544,0.46101952,0.21253899
6262,1,1,-0.024453402,0.17896342,0.2127601772278722,0.23721358,0.056270283
6263,1,1,0.25170135,-0.14721584,-0.1541655045251411,0.40586686,0.16472791
6264,1,1,0.019768238,0.12019706,0.0663351097780973,0.046566874,0.0021684738
6265,1,1,0.15884781,-0.059716225,0.0413066857144603,0.11754112,0.013815915
6266,1,1,0.14301181,-0.042953968,-0.126567923376256,0.26957974,0.07267324
6267,1,1,0.037117958,0.09434128,0.0419349850287527,0.0048170276,2.3203755e-05
6268,1,1,0.14340901,-0.043381214,-0.014541995804798,0.15795101,0.024948522
6269,1,1,0.107718706,-0.003881693,0.2181231591104038,0.11040445,0.0121891415
6270,1,1,0.25510836,-0.14788008,-0.2861734156672844,0.54128176,0.29298595
6271,1,1,-0.06295538,0.21742964,0.3357443903260559,0.39869976,0.1589615
6272,1,1,0.35072494,-0.14605975,-0.296720428579615,0.6474453,0.41918543
6273,1,1,-0.06954479,0.22254038,0.3057485423109316,0.37529334,0.14084509
6274,1,1,0.32071233,-0.14449668,-0.3901934636654203,0.7109058,0.50538707
6275,1,1,-0.12780547,0.24664354,0.4165418768550739,0.54434735,0.29631403
6276,1,1,0.43129635,-0.11986637,-0.2314194655373964,0.6627158,0.43919224
6277,1,1,-0.028698206,0.18386889,0.1994267458162006,0.22812495,0.05204099
6278,1,1,0.24323225,-0.14083672,-0.0836902180636487,0.32692248,0.1068783
6279,1,1,0.06410742,0.052667618,0.001396922790156,0.062710494,0.003932606
6280,1,1,0.11778474,-0.015256405,0.0380102868975926,0.079774454,0.0063639637
6281,1,1,0.14092708,-0.040710926,0.040995953300392,0.09993112,0.009986229
6282,1,1,0.14281535,-0.042742968,-0.0714746097771579,0.21428996,0.04592019
6283,1,1,0.07180405,0.040691376,0.0277624716082556,0.044041574,0.0019396603
6284,1,1,0.1344471,-0.03368497,-0.0944616640698101,0.22890876,0.05239922
6285,1,1,0.057323694,0.063222885,0.1192666382407976,0.061942942,0.0038369282
6286,1,1,0.19237399,-0.09356427,0.0599146076574537,0.13245939,0.01754549
6287,1,1,0.1547842,-0.055462837,-0.1244582473341648,0.27924246,0.077976346
6288,1,1,0.03844452,0.09232378,0.0902755697127712,0.05183105,0.002686458
6289,1,1,0.17400551,-0.07529616,0.0834845801862247,0.090520926,0.008194038
6290,1,1,0.16970468,-0.0709219,-0.1436068660061118,0.31331155,0.09816413
6291,1,1,0.026404142,0.11043882,0.1462202814773903,0.11981614,0.014355907
6292,1,1,0.20946407,-0.10997176,-0.0790496327632328,0.28851372,0.08324017
6293,1,1,0.06703138,0.048116207,-0.1581937519934948,0.22522514,0.05072636
6294,1,1,0.017237663,0.12386823,0.2867545109310701,0.26951686,0.07263934
6295,1,1,0.30168152,-0.14472198,-0.1735009812387153,0.4751825,0.22579841
6296,1,1,0.007623911,0.13753104,0.25808854247241,0.25046462,0.062732525
6297,1,1,0.28050923,-0.14867401,-0.3434733695606495,0.6239826,0.3893543
6298,1,1,-0.09871721,0.23945022,0.2276085339727402,0.32632574,0.10648849
6299,1,1,0.26113534,-0.14873171,-0.1541767013351824,0.41531205,0.1724841
6300,1,1,0.019761562,0.12020731,0.0662238184928445,0.046462253,0.002158741
6301,1,1,0.158777,-0.05964303,-0.1596659322355917,0.31844294,0.1014059
6302,1,1,0.01631236,0.12520385,0.1591970428992875,0.14288469,0.020416034
6303,1,1,0.21769571,-0.11767936,-0.1291898181954507,0.34688553,0.120329574
6304,1,1,0.03546858,0.09684229,0.1663180294821424,0.13084945,0.01712158
6305,1,1,0.2222147,-0.1218586,-0.3036029237402191,0.52581763,0.2764842
6306,1,1,-0.073843,0.22562408,0.2737658947192543,0.3476089,0.120831944
6307,1,1,0.29047894,-0.14697957,-0.2707687199485722,0.5612477,0.31499898
6308,1,1,-0.053325415,0.20914769,0.1298378737395147,0.18316329,0.033548787
6309,1,1,0.19907546,-0.10006428,-0.162208632866609,0.36128408,0.13052619
6310,1,1,0.014715672,0.12749863,0.2526526862122393,0.237937,0.05661402
6311,1,1,0.27705312,-0.14899755,-0.0610719737540046,0.33812508,0.11432857
6312,1,1,0.07836151,0.030519485,0.1841033632067112,0.10574186,0.011181341
6313,1,1,0.23350334,-0.13214254,-0.1767836462798993,0.410287,0.16833542
6314,1,1,0.005563259,0.1403966,0.0906324671869263,0.08506921,0.0072367704
6315,1,1,0.17423129,-0.075525045,-0.1990256452265302,0.37325692,0.13932073
6316,1,1,-0.008393526,0.15911317,0.1808392470551934,0.18923277,0.03580904
6317,1,1,0.231431,-0.13027072,-0.0724642743355081,0.3038953,0.09235235
6318,1,1,0.07118058,0.041660547,0.0629632677862459,0.008217312,6.7524226e-05
6319,1,1,0.15671349,-0.057486534,-0.0704557602487834,0.22716925,0.051605865
6320,1,1,0.07244611,0.039693832,0.0429598557499608,0.029486254,0.00086943916
6321,1,1,0.14405727,-0.044076443,-0.0047806384018538,0.14883791,0.022152724
6322,1,1,0.11388278,-0.010868549,-0.1863473770694566,0.30023015,0.09013814
6323,1,1,-0.00043964386,0.14859772,0.3040324174320727,0.30447206,0.09270324
6324,1,1,0.31899357,-0.14421868,-0.2536406050731261,0.57263416,0.3279099
6325,1,1,-0.042610884,0.19884586,0.2413068354104024,0.28391773,0.08060928
6326,1,1,0.26984096,-0.14923477,-0.2015757866449985,0.47141674,0.22223374
6327,1,1,-0.009992838,0.16117573,0.0102660416115165,0.02025888,0.0004104222
6328,1,1,0.12338853,-0.021511555,-0.0018545688846436,0.1252431,0.015685834
6329,1,1,0.115730524,-0.012949705,0.0956732521625762,0.020057268,0.000402294
6330,1,1,0.17742419,-0.078747034,-0.2178298782354657,0.39525408,0.15622579
6331,1,1,-0.020183563,0.17387938,0.3863552734124305,0.40653884,0.16527383
6332,1,1,0.40124273,-0.13472366,-0.2926395681802369,0.6938823,0.48147264
6333,1,1,-0.06699562,0.22061777,0.0920400412030342,0.15903565,0.025292339
6334,1,1,0.17512321,-0.07642698,-0.0096079158407289,0.18473113,0.03412559
6335,1,1,0.11083388,-0.0074207783,-0.0182730131385278,0.1291069,0.01666859
6336,1,1,0.105362415,-0.0011944771,-0.2111713198341611,0.31653374,0.10019361
6337,1,1,-0.01600933,0.16877103,0.1842622468617505,0.20027158,0.040108703
6338,1,1,0.2336042,-0.13223338,-0.0875229869693199,0.32112718,0.10312267
6339,1,1,0.06169343,0.05642557,0.0487598359010821,0.012933593,0.00016727783
6340,1,1,0.14772606,-0.047996283,0.0853414642977177,0.062384598,0.003891838
6341,1,1,0.17088056,-0.072122335,-0.0444515351633199,0.21533209,0.04636791
6342,1,1,0.08884239,0.017901182,-0.0532512944496827,0.14209369,0.020190617
6343,1,1,0.083292484,0.02441001,0.0695885780721234,0.013703905,0.00018779702
6344,1,1,0.16090679,-0.061859846,0.0097545078749314,0.15115228,0.022847014
6345,1,1,0.123064995,-0.021151543,-0.1484666218206296,0.2715316,0.07372942
6346,1,1,0.023349047,0.11495304,0.2576751826718708,0.23432612,0.054908734
6347,1,1,0.2802465,-0.14870381,-0.4582568624672549,0.73850334,0.54538715
6348,1,1,-0.17006278,0.23990989,0.4560484374384264,0.6261112,0.39201525
6349,1,1,0.470536,-0.094278574,-0.4791867652910464,0.94972277,0.9019733
6350,1,1,-0.18302822,0.23396254,0.3400298681539779,0.52305806,0.27358973
6351,1,1,0.35500884,-0.14577508,-0.3770106701945321,0.73201954,0.5358526
6352,1,1,-0.11960411,0.24560595,0.3959672366108959,0.51557136,0.26581383
6353,1,1,0.41081882,-0.13063526,-0.2999928588402758,0.7108117,0.50525326
6354,1,1,-0.071588755,0.22403145,0.1034645145478201,0.17505327,0.030643648
6355,1,1,0.18235993,-0.083687305,-0.0918121677379844,0.2741721,0.07517034
6356,1,1,0.058991432,0.060628653,0.0071654075280669,0.051826026,0.002685937
6357,1,1,0.12142897,-0.019330978,0.0263436214044534,0.095085345,0.009041223
6358,1,1,0.13355017,-0.032706022,0.0163692038469758,0.117180966,0.013731379
6359,1,1,0.12724495,-0.025782824,-0.0578917456515593,0.18513669,0.034275595
6360,1,1,0.08036637,0.027858734,0.1847037278361187,0.10433735,0.010886283
6361,1,1,0.23388433,-0.13248587,0.1050203734015036,0.12886396,0.016605921
6362,1,1,0.18334603,-0.084668875,-0.1182693986267273,0.30161542,0.09097186
6363,1,1,0.042338133,0.08637619,0.0264430037838905,0.015895128,0.0002526551
6364,1,1,0.13361287,-0.032774687,-0.07011881093816,0.20373169,0.0415066
6365,1,1,0.072659016,0.039363623,0.0187510386768501,0.053907976,0.0029060699
6366,1,1,0.12875032,-0.027442694,0.005312197924157,0.12343813,0.015236971
6367,1,1,0.12025833,-0.018024445,0.0028294534675219,0.11742888,0.013789541
6368,1,1,0.1186893,-0.0162704,0.1054405413545853,0.0132487565,0.00017552955
6369,1,1,0.18361211,-0.084932804,-0.1060935296657246,0.28970563,0.08392935
6370,1,1,0.050000668,0.074579,0.0215603963402357,0.02844027,0.000808849
6371,1,1,0.13052607,-0.029395103,-0.047582770516287,0.17810884,0.031722758
6372,1,1,0.08686733,0.020212412,-0.064877187537363,0.15174451,0.023026397
6373,1,1,0.07596254,0.034235954,-0.1467498393345612,0.22271238,0.049600806
6374,1,1,0.024428606,0.113362074,0.0137026201687611,0.010725986,0.00011504678
6375,1,1,0.12556005,-0.02392006,0.1066871268480702,0.018872917,0.000356187
6376,1,1,0.18440223,-0.08571768,-0.1090458581767528,0.2934481,0.086111784
6377,1,1,0.048141956,0.0774498,0.2397971524558642,0.19165519,0.036731713
6378,1,1,0.26888108,-0.14922166,-0.3352869340019668,0.60416806,0.36501905
6379,1,1,-0.093613386,0.23718214,0.2896656897007506,0.3832791,0.14690286
6380,1,1,0.30459976,-0.14411068,-0.2437476177369317,0.54834735,0.3006848
6381,1,1,-0.036418676,0.1923945,0.319344986424495,0.35576367,0.1265678
6382,1,1,0.33432293,-0.14597774,-0.1899814333463361,0.5243044,0.2748951
6383,1,1,-0.0027198792,0.15165424,0.0388269630996989,0.041546844,0.0017261403
6384,1,1,0.14144325,-0.04126692,-0.1347355499556739,0.2761788,0.07627473
6385,1,1,0.03198099,0.10210562,0.073452827544262,0.04147184,0.0017199134
6386,1,1,0.1633532,-0.064395666,-0.1388131325493726,0.30216634,0.091304496
6387,1,1,0.029417753,0.10594988,0.070339665159341,0.04092191,0.0016746029
6388,1,1,0.1613822,-0.06235385,-0.0409798342574792,0.20236203,0.04095039
6389,1,1,0.09103227,0.01534462,-0.036406680847425,0.12743895,0.016240686
6390,1,1,0.09391785,0.0119895935,-0.1315440850617273,0.22546193,0.050833084
6391,1,1,0.033988237,0.099081516,-0.0098032653905546,0.043791503,0.0019176957
6392,1,1,0.110710144,-0.0072808266,-0.0367567437908098,0.14746688,0.02174648
6393,1,1,0.09369683,0.012245417,0.0206750046556187,0.07302183,0.0053321877
6394,1,1,0.12996626,-0.028780222,0.0121543907915069,0.117811866,0.013879635
6395,1,1,0.124581575,-0.022835016,0.0814957202731485,0.04308586,0.0018563912
6396,1,1,0.16844559,-0.069634676,-0.0855881408558421,0.25403374,0.064533144
6397,1,1,0.062912464,0.054528713,0.0301705333854047,0.03274193,0.001072034
6398,1,1,0.13596988,-0.035342693,-0.0192705119607685,0.15524039,0.024099577
6399,1,1,0.10473275,-0.00047445297,0.0227329179590083,0.08199984,0.0067239734
6400,1,1,0.13126755,-0.03020835,-0.021310294156835,0.15257785,0.02328
6401,1,1,0.103444576,0.0009987354,-0.0277789628659217,0.13122354,0.017219618
6402,1,1,0.099362135,0.0056915283,0.2117262161038304,0.11236408,0.012625687
6403,1,1,0.2510445,-0.14707327,-0.2924448309285976,0.54348934,0.29538065
6404,1,1,-0.06687403,0.22052431,0.2816037526689694,0.34847778,0.12143677
6405,1,1,0.2965176,-0.14570999,-0.1062761630633999,0.40279377,0.16224281
6406,1,1,0.049885273,0.07475686,-0.0765759547927018,0.12646124,0.015992444
6407,1,1,0.068589926,0.045690536,0.0591928883774848,0.009397037,8.830431e-05
6408,1,1,0.1543274,-0.054982185,-0.0745071272512896,0.22883451,0.052365232
6409,1,1,0.06989336,0.043662548,0.218437409211273,0.14854404,0.022065332
6410,1,1,0.2553079,-0.14791465,-0.0475847159217006,0.30289263,0.091743946
6411,1,1,0.08686614,0.020213604,0.1364795535910388,0.049613416,0.0024614912
6412,1,1,0.20328641,-0.104104996,-0.2727024815528138,0.4759889,0.22656542
6413,1,1,-0.05453515,0.21023941,0.2165588500606272,0.271094,0.07349195
6414,1,1,0.25411463,-0.14769983,-0.0866234107382575,0.34073803,0.116102405
6415,1,1,0.06226015,0.055544138,0.1344496141915887,0.072189465,0.005211319
6416,1,1,0.20199943,-0.1028738,-0.1259718709309529,0.32797128,0.10756516
6417,1,1,0.037492275,0.093771935,-0.0293679977100471,0.06686027,0.004470296
6418,1,1,0.09835911,0.006848097,0.0216533273355463,0.07670578,0.005883777
6419,1,1,0.13058496,-0.029459476,-0.3608071421638494,0.4913921,0.2414662
6420,1,1,-0.10951686,0.24326205,0.3218751854876833,0.43139204,0.1860991
6421,1,1,0.33685493,-0.14611101,-0.3553759127610885,0.6922308,0.4791835
6422,1,1,-0.10613346,0.2422123,0.2559949332172984,0.3621284,0.13113698
6423,1,1,0.27917838,-0.14881492,-0.2115324180368429,0.4907108,0.24079709
6424,1,1,-0.016236305,0.16905165,0.1331867637953872,0.14942306,0.022327252
6425,1,1,0.20119858,-0.10210538,-0.1504325360058711,0.3516311,0.123644434
6426,1,1,0.022114038,0.11676812,0.0767971019852784,0.054683067,0.002990238
6427,1,1,0.16547036,-0.06657982,0.0669644223782679,0.09850594,0.009703419
6428,1,1,0.15924573,-0.06013179,-0.1519163554945537,0.31116208,0.096821845
6429,1,1,0.021181822,0.11813426,0.1271413677946,0.10595955,0.011227426
6430,1,1,0.197366,-0.09841466,-0.1540691414446904,0.35143512,0.12350665
6431,1,1,0.019828558,0.120108366,0.2000665713631071,0.18023801,0.03248574
6432,1,1,0.24363923,-0.14119625,-0.2017631152743715,0.44540232,0.19838323
6433,1,1,-0.01011014,0.16132689,0.3016304998210066,0.31174064,0.09718222
6434,1,1,0.31658792,-0.14379501,-0.3070717873419375,0.62365973,0.38895145
6435,1,1,-0.07600927,0.22710109,0.1616742008976572,0.23768348,0.056493435
6436,1,1,0.21926785,-0.119137764,-0.1758713025649312,0.39513916,0.15613495
6437,1,1,0.006136179,0.13960266,0.0635982703039124,0.05746209,0.0033018917
6438,1,1,0.1571157,-0.05790806,0.0132055349447255,0.14391017,0.020710137
6439,1,1,0.12524581,-0.023571253,-0.1357061101829177,0.26095194,0.068095915
6440,1,1,0.03137064,0.103022814,-0.0684592078314723,0.099829845,0.009965998
6441,1,1,0.07370496,0.037739515,-0.0353687361513057,0.1090737,0.011897071
6442,1,1,0.09457278,0.011229038,0.0731516258389208,0.021421157,0.00045886595
6443,1,1,0.16316247,-0.06419754,-0.1157102294646987,0.2788727,0.07776998
6444,1,1,0.043948412,0.08390641,0.1351673686990477,0.09121896,0.0083209
6445,1,1,0.20245457,-0.103309155,-0.036915490808405,0.23937006,0.057298027
6446,1,1,0.09359646,0.012361288,0.0271169519970109,0.066479504,0.0044195247
6447,1,1,0.13403869,-0.03324008,-0.0818551615034657,0.21589385,0.046610154
6448,1,1,0.06526327,0.050868034,-0.0882218607373106,0.15348513,0.023557687
6449,1,1,0.061252832,0.057111025,0.0859641693893915,0.02471134,0.00061065034
6450,1,1,0.1712749,-0.072523594,-0.0638776136862362,0.23515251,0.055296704
6451,1,1,0.07659292,0.03325939,-0.0811498219843964,0.15774274,0.024882771
6452,1,1,0.06570792,0.05017543,0.0037784818808366,0.061929442,0.0038352557
6453,1,1,0.11928964,-0.016942024,-0.0204546292760574,0.13974427,0.01952846
6454,1,1,0.10398507,0.00038075447,-0.0508797674816117,0.15486485,0.02398312
6455,1,1,0.084788084,0.022650957,-0.0856501582903974,0.17043824,0.029049195
6456,1,1,0.062873125,0.054589033,-0.0553667433545248,0.118239865,0.013980665
6457,1,1,0.081958294,0.025980711,0.0240524532412158,0.057905838,0.003353086
6458,1,1,0.13210177,-0.031122684,0.0521691958520054,0.07993258,0.006389217
6459,1,1,0.14988351,-0.050287962,-0.2004241042588077,0.3503076,0.12271542
6460,1,1,-0.00927043,0.16024613,0.0364278554228123,0.045698285,0.0020883332
6461,1,1,0.13992643,-0.03963089,0.0057129595412104,0.13421348,0.018013258
6462,1,1,0.12051129,-0.018306732,-0.0101881676554986,0.13069946,0.017082348
6463,1,1,0.11046767,-0.00700593,-0.0590682681261003,0.16953593,0.028742433
6464,1,1,0.079624414,0.02873516,0.0834256859995212,0.0038012713,1.44496635e-05
6465,1,1,0.169667,-0.07088423,-0.128492711964737,0.29815972,0.08889922
6466,1,1,0.03590703,0.09617877,0.0038690720409388,0.03203796,0.0010264307
6467,1,1,0.11934662,-0.017005682,-0.0008923587007303,0.120238975,0.014457411
6468,1,1,0.11633825,-0.01363349,0.1668708298580705,0.05053258,0.0025535417
6469,1,1,0.22256541,-0.12218046,-0.1009445598138194,0.32350996,0.10465869
6470,1,1,0.05324173,0.06956029,0.2121894723752988,0.15894774,0.025264382
6471,1,1,0.25133872,-0.14713717,-0.2327769355151838,0.48411566,0.23436797
6472,1,1,-0.029548645,0.18483305,0.117930323754436,0.14747897,0.021750046
6473,1,1,0.19152713,-0.092736244,-0.1389811830751832,0.3305083,0.109235734
6474,1,1,0.029311657,0.10610795,0.1633556119335422,0.13404396,0.017967783
6475,1,1,0.22033477,-0.12012482,-0.1951925392225009,0.4155273,0.17266294
6476,1,1,-0.0059890747,0.15597868,0.1607366205758169,0.1667257,0.027797457
6477,1,1,0.21867299,-0.11858678,-0.2500222878931111,0.46869528,0.21967527
6478,1,1,-0.040345907,0.19652748,0.2174819515425037,0.25782788,0.06647521
6479,1,1,0.2547009,-0.14780688,-0.0159322474021319,0.27063316,0.07324231
6480,1,1,0.10684013,-0.0028817654,-0.0509896598024162,0.15782979,0.024910243
6481,1,1,0.084718704,0.022733212,-0.0346616030123385,0.11938031,0.014251659
6482,1,1,0.09501886,0.01071167,0.0609355550483501,0.034083307,0.0011616718
6483,1,1,0.15543008,-0.056141138,-0.137431862168778,0.29286194,0.08576812
6484,1,1,0.030285835,0.10464978,0.0956403281065729,0.065354496,0.00427121
6485,1,1,0.17740369,-0.07872605,-0.129023688675343,0.30642736,0.09389773
6486,1,1,0.035573006,0.096684456,0.0622537263974449,0.02668072,0.0007118608
6487,1,1,0.15626454,-0.057015896,-0.1029528729297242,0.2592174,0.067193665
6488,1,1,0.051977396,0.07151866,-0.1087643855955153,0.16074178,0.025837919
6489,1,1,0.04831958,0.07717633,0.0486666249054521,0.00034704804,1.2044235e-07
6490,1,1,0.14766765,-0.0479331,-0.194074463293588,0.3417421,0.116787665
6491,1,1,-0.005288124,0.15505719,0.240936034493163,0.24622416,0.06062634
6492,1,1,0.26960492,-0.14923191,-0.21795443799135,0.48755938,0.23771414
6493,1,1,-0.020261288,0.17397332,0.3034202070779348,0.3236815,0.104769714
6494,1,1,0.3183806,-0.14411497,-0.2340200210744427,0.5524006,0.3051464
6495,1,1,-0.030327082,0.18571043,0.0851926868148065,0.11551977,0.013344817
6496,1,1,0.17078638,-0.07202554,-0.1197599654941168,0.29054636,0.08441719
6497,1,1,0.041400194,0.08781242,0.1016218070117793,0.060221612,0.0036266425
6498,1,1,0.18119264,-0.082523346,-0.1748347614023222,0.3560274,0.1267555
6499,1,1,0.0067868233,0.13869834,-0.0203427594047824,0.027129583,0.0007360143
6500,1,1,0.10405564,0.00029921532,0.1217886740765066,0.01773303,0.00031446034
6501,1,1,0.19397283,-0.095122576,-0.1204903126285477,0.31446314,0.09888706
6502,1,1,0.04094076,0.08851504,-0.0516757241032825,0.09261648,0.008577813
6503,1,1,0.08428645,0.023241997,0.0684607127487377,0.015825741,0.0002504541
6504,1,1,0.16019297,-0.061118126,-0.206495140185634,0.3666881,0.13446017
6505,1,1,-0.0130774975,0.16510296,0.2807116224472352,0.29378912,0.08631205
6506,1,1,0.29562283,-0.14586806,-0.0905212927055947,0.3861441,0.14910726
6507,1,1,0.05980444,0.05936432,0.0337202080871614,0.026084233,0.0006803872
6508,1,1,0.13821387,-0.03777957,0.015702966589755,0.12251091,0.015008923
6509,1,1,0.12682414,-0.025317907,-0.1544017652119773,0.28122592,0.07908802
6510,1,1,0.019619942,0.12041354,0.1717147988907603,0.15209486,0.023132846
6511,1,1,0.22563934,-0.12500167,-0.0890297086012932,0.31466904,0.09901661
6512,1,1,0.060744524,0.057902813,0.20884238589126,0.14809786,0.021932976
6513,1,1,0.24921274,-0.14610624,-0.2349640011560123,0.48417675,0.23442712
6514,1,1,-0.030918121,0.18637347,0.2868100650902732,0.3177282,0.1009512
6515,1,1,0.30173755,-0.14471126,-0.2586260819391426,0.56036365,0.31400743
6516,1,1,-0.045730352,0.20195961,0.240399252027426,0.2861296,0.081870146
6517,1,1,0.26926446,-0.14922738,-0.1778155130918746,0.44707996,0.19988048
6518,1,1,0.0049152374,0.14129114,0.1746338860931291,0.16971865,0.028804421
6519,1,1,0.22749233,-0.12669349,-0.2548835394037438,0.48237586,0.23268647
6520,1,1,-0.043388367,0.19963074,0.1881468359917373,0.2315352,0.053608548
6521,1,1,0.23606992,-0.13445139,-0.2238839697767152,0.4599539,0.2115576
6522,1,1,-0.02397728,0.17840362,0.3242912484869031,0.34826854,0.121290974
6523,1,1,0.33927155,-0.14619732,-0.4513882285624486,0.7906598,0.6251429
6524,1,1,-0.1658051,0.24147868,0.3790544427604869,0.5448595,0.2968719
6525,1,1,0.393965,-0.13742352,-0.5115967489310167,0.90556175,0.8200421
6526,1,1,-0.20307612,0.22146058,0.3544272551510481,0.55750334,0.31080997
6527,1,1,0.36939192,-0.14389634,-0.3438665304757098,0.71325845,0.5087376
6528,1,1,-0.09896231,0.23955178,0.3158443834607318,0.4148067,0.17206459
6529,1,1,0.33081937,-0.14571905,-0.2716735200282358,0.6024929,0.36299774
6530,1,1,-0.05389142,0.20965981,0.3409033361617575,0.39479476,0.1558629
6531,1,1,0.3558812,-0.14570141,-0.2843147331725442,0.64019597,0.40985087
6532,1,1,-0.061793804,0.21648121,0.4948234174165313,0.55661726,0.30982277
6533,1,1,0.5089407,-0.034540415,-0.5463604406671343,1.0553012,1.1136606
6534,1,1,-0.22454095,0.20397377,0.470163763884913,0.6947047,0.48261464
6535,1,1,0.48452902,-0.082741976,-0.5432168401556985,1.0277458,1.0562615
6536,1,1,-0.22260141,0.20571613,0.610555290834951,0.8331567,0.6941501
6537,1,1,0.62287354,0.2414422,-0.6774539138222173,1.3003275,1.6908517
6538,1,1,-0.30510378,0.10013819,0.5976094583096199,0.90271324,0.8148912
6539,1,1,0.6101835,0.21276617,-0.4765804917491234,1.086764,1.1810559
6540,1,1,-0.1814146,0.23479676,0.4743620707377363,0.6557767,0.43004304
6541,1,1,0.48868823,-0.07886815,-0.2538925767304771,0.7425808,0.55142623
6542,1,1,-0.042768,0.19900465,0.2655854857389745,0.30835348,0.09508187
6543,1,1,0.2852764,-0.14800477,-0.2192193650791334,0.5044958,0.254516
6544,1,1,-0.021054745,0.17492795,0.2260613631887729,0.2471161,0.06106637
6545,1,1,0.2601521,-0.14862132,-0.2732262475868929,0.53337836,0.28449246
6546,1,1,-0.054862022,0.21053243,0.2148452060634809,0.26970723,0.07274199
6547,1,1,0.253026,-0.14748883,-0.1651568809159043,0.4181829,0.17487694
6548,1,0,0.012863636,0.13014436,-0.0913901743927865,0.10425381,0.010868858
6549,1,0,0.059257507,0.06021571,-0.1303846146007146,0.18964212,0.03596413
6550,1,0,0.03471756,0.09798002,0.0149529389773541,0.01976462,0.00039064023
6551,1,0,0.12635016,-0.024793863,0.2092018237730215,0.08285166,0.0068643983
6552,1,0,0.24944115,-0.14630699,0.1811971059901815,0.06824404,0.004657249
6553,1,0,0.23165798,-0.13047647,0.1149367705847148,0.11672121,0.013623841
6554,1,0,0.1896298,-0.090877295,0.2425888374736429,0.05295904,0.00280466
6555,1,0,0.27065587,-0.1492374,0.2249942253666401,0.045661643,0.0020849856
6556,1,0,0.25947404,-0.14853883,0.1367442862534953,0.12272975,0.015062591
6557,1,0,0.2034545,-0.10426521,-0.0579066753576551,0.26136118,0.068309665
6558,1,0,0.080357075,0.027870178,-0.0932462932736757,0.17360337,0.030138131
6559,1,0,0.05808878,0.062033415,-0.0761796857885022,0.13426846,0.01802802
6560,1,0,0.06883907,0.045302153,-0.2089236170061594,0.2777627,0.077152126
6561,1,0,-0.014600515,0.1670165,-0.0980529465649882,0.08345243,0.0069643087
6562,1,0,0.055062294,0.066735744,-0.0141465013938555,0.06920879,0.004789857
6563,1,0,0.10796809,-0.004165888,0.0157324667290583,0.092235625,0.00850741
6564,1,0,0.12684298,-0.025337934,-0.0742116459282131,0.20105463,0.040422965
6565,1,0,0.07007933,0.043373108,-0.0810127468419774,0.15109208,0.022828817
6566,1,0,0.06579447,0.050041914,-0.1050925489556591,0.17088702,0.029202376
6567,1,0,0.05063057,0.07360387,-0.1413198732345608,0.19195044,0.036844973
6568,1,0,0.027841806,0.1083014,-0.1853069101087276,0.21314871,0.045432374
6569,1,0,0.00021362305,0.14771533,-0.1595393141585139,0.15975294,0.025521
6570,1,0,0.016392231,0.12508917,-0.1313847153482985,0.14777695,0.021838026
6571,1,0,0.034088135,0.09893036,-0.169655976243372,0.20374411,0.041511662
6572,1,0,0.010038376,0.13414502,-0.3688586360645463,0.378897,0.14356294
6573,1,0,-0.11453009,0.24457431,-0.5153823939442295,0.40085232,0.16068259
6574,1,0,-0.20541525,0.21975303,-0.4676034698247475,0.26218823,0.06874266
6575,1,0,-0.1758542,0.237468,-0.511878198900011,0.336024,0.11291212
6576,1,0,-0.20324945,0.22133493,-0.4960715711785459,0.29282212,0.0857448
6577,1,0,-0.19347668,0.2279315,-0.3719514527143075,0.17847478,0.031853247
6578,1,0,-0.116455555,0.24500084,-0.4108138402748373,0.29435828,0.086646795
6579,1,0,-0.14062285,0.24671674,-0.3466475253399808,0.20602468,0.042446166
6580,1,0,-0.10069537,0.24024868,-0.488972684967492,0.38827732,0.15075928
6581,1,0,-0.18908477,0.23059797,-0.5840363909870989,0.39495164,0.1559868
6582,1,0,-0.2477572,0.18082142,-0.5890436003891142,0.34128642,0.116476424
6583,1,0,-0.25083923,0.17744923,-0.6422535047142914,0.39141428,0.15320514
6584,1,0,-0.28353262,0.13794589,-0.7121152393325789,0.4285826,0.18368305
6585,1,0,-0.3262992,0.04136777,-0.693792751502484,0.36749357,0.13505152
6586,1,0,-0.31510067,0.072641134,-0.5616325973605347,0.2465319,0.06077798
6587,1,0,-0.23395753,0.19508123,-0.3701457605593004,0.13618824,0.018547237
6588,1,0,-0.11533165,0.2447567,-0.3294074893576213,0.21407583,0.04582846
6589,1,0,-0.089946985,0.23536944,-0.3892915392298692,0.29934454,0.08960716
6590,1,0,-0.12724447,0.24659753,-0.3703290898982341,0.24308461,0.059090126
6591,1,0,-0.115445614,0.24478221,-0.4727860120109186,0.3573404,0.12769216
6592,1,0,-0.17906451,0.2359643,-0.4885518642284654,0.30948734,0.095782414
6593,1,0,-0.18882442,0.23075008,-0.5580577834432154,0.36923337,0.13633329
6594,1,0,-0.2317543,0.19722533,-0.5786313038288808,0.34687698,0.120323636
6595,1,0,-0.24442959,0.18438792,-0.7269902632165524,0.4825607,0.23286483
6596,1,0,-0.33538103,0.015767813,-0.6810109578698254,0.34562993,0.11946005
6597,1,0,-0.30728102,0.09419155,-0.6599854757747807,0.35270447,0.12440044
6598,1,0,-0.2944045,0.124272585,-0.5923218239188706,0.2979173,0.08875472
6599,1,0,-0.2528565,0.17520618,-0.526087411038914,0.2732309,0.07465513
6600,1,0,-0.21202826,0.21465778,-0.4864390398656302,0.27441078,0.07530128
6601,1,0,-0.18751693,0.23150373,-0.537000927557922,0.34948403,0.12213908
6602,1,0,-0.21876597,0.20907044,-0.4301293740466412,0.2113634,0.04467449
6603,1,0,-0.15261722,0.24509811,-0.5802605377710237,0.4276433,0.18287879
6604,1,0,-0.24543262,0.183321,-0.5964029998937486,0.3509704,0.12318021
6605,1,0,-0.25536704,0.17237687,-0.5780899081119908,0.32272285,0.10415004
6606,1,0,-0.24409556,0.18474054,-0.4030727471724482,0.15897718,0.025273744
6607,1,0,-0.13581228,0.24690962,-0.4405635958463492,0.3047513,0.09287336
6608,1,0,-0.15909195,0.2435584,-0.5442922337098541,0.38520026,0.14837924
6609,1,0,-0.22326541,0.20512342,-0.50273254166185,0.2794671,0.078101866
6610,1,0,-0.19759631,0.22526145,-0.4886835706784516,0.29108727,0.0847318
6611,1,0,-0.18890595,0.23070192,-0.4696331507437405,0.2807272,0.078807764
6612,1,0,-0.17711163,0.23689198,-0.5088588445530764,0.33174723,0.11005623
6613,1,0,-0.20138383,0.22266412,-0.5472337142060906,0.34584987,0.119612135
6614,1,0,-0.22507906,0.20348501,-0.4401594652109146,0.21508041,0.046259582
6615,1,0,-0.15884113,0.24362636,-0.4791972014730876,0.32035607,0.102628015
6616,1,0,-0.18303418,0.2339592,-0.4961765461223177,0.31314236,0.098058134
6617,1,0,-0.19354177,0.22789049,-0.7140738810586931,0.52053213,0.27095369
6618,1,0,-0.3274951,0.038005352,-0.7475042609283316,0.42000914,0.17640768
6619,1,0,-0.34789228,-0.019665956,-0.6769039717882577,0.32901168,0.10824869
6620,1,0,-0.3047669,0.101055145,-0.859325221472528,0.55455834,0.30753496
6621,1,0,-0.42116523,-0.20821404,-0.8915912162974089,0.47042596,0.22130059
6622,1,0,-0.4435072,-0.25951076,-0.9199843659824868,0.47647715,0.22703047
6623,1,0,-0.46314716,-0.3031311,-0.6836080734488355,0.22046089,0.048603006
6624,1,0,-0.30887008,0.08983421,-0.7719705619984611,0.4631005,0.21446207
6625,1,0,-0.36279202,-0.06186056,-0.7736585816022354,0.41086656,0.16881134
6626,1,0,-0.36381888,-0.064762115,-0.6921891130583777,0.3283702,0.107827
6627,1,0,-0.31412005,0.07535863,-0.7426876882205518,0.42856765,0.18367022
6628,1,0,-0.34495616,-0.011342764,-0.6649505528952706,0.3199944,0.102396406
6629,1,0,-0.29744697,0.12045002,-0.6721918790389969,0.3747449,0.14043373
6630,1,0,-0.30188203,0.108888626,-0.5529016088190182,0.2510196,0.06301084
6631,1,0,-0.22857499,0.20025086,-0.8217621126808412,0.5931871,0.35187092
6632,1,0,-0.39512682,-0.14641976,-0.8929249426208266,0.49779814,0.24780299
6633,1,0,-0.4444301,-0.26159263,-0.8589832501719483,0.41455317,0.17185433
6634,1,0,-0.420928,-0.2076602,-0.7127825293274004,0.2918545,0.08517905
6635,1,0,-0.3267069,0.040222645,-0.6862421134748211,0.35953522,0.12926558
6636,1,0,-0.3104818,0.08540416,-0.81425600512563,0.5037742,0.25378847
6637,1,0,-0.38991952,-0.13383865,-0.7791086675701502,0.38918912,0.15146817
6638,1,0,-0.36713433,-0.07411742,-0.7579937356914521,0.39085943,0.15277109
6639,1,0,-0.35428262,-0.037781477,-0.7341445834680149,0.37986195,0.1442951
6640,1,0,-0.33974648,0.0034179688,-0.8624466883054382,0.5227002,0.2732155
6641,1,0,-0.42332745,-0.21325254,-0.7736563944502981,0.35032892,0.12273035
6642,1,0,-0.36381793,-0.0647583,-0.7749268938942362,0.41110897,0.16901058
6643,1,0,-0.36459088,-0.06694102,-0.7089411182507086,0.34435022,0.11857707
6644,1,0,-0.3243599,0.04681015,-0.8003587891251005,0.47599888,0.22657493
6645,1,0,-0.38027692,-0.110370874,-0.8498397537988671,0.46956283,0.22048925
6646,0,0,-0.85443616,-0.19280696,-0.7835852212726429,0.07085091,0.0050198515
6647,0,0,-0.79005456,-0.08178568,-0.6173019959508315,0.17275256,0.029843446
6648,0,0,-0.6226311,0.15725732,-0.6361397840479062,0.013508737,0.00018248598
6649,0,0,-0.6415951,0.14279509,-0.5963152451708105,0.04527986,0.0020502657
6650,0,0,-0.6016793,0.17243767,-0.4495757283468862,0.1521036,0.023135506
6651,0,0,-0.46109247,0.24186158,-0.5871210671419189,0.1260286,0.015883207
6652,0,0,-0.59256124,0.1787517,-0.6587740064874454,0.06621277,0.004384131
6653,0,0,-0.6645684,0.12517047,-0.6285131038546337,0.036055326,0.0012999866
6654,0,0,-0.6338997,0.14874005,-0.5607132667105246,0.0731864,0.005356249
6655,0,0,-0.566587,0.19563627,-0.6499236854951982,0.08333671,0.0069450075
6656,0,0,-0.6555617,0.13176036,-0.4266350881299248,0.2289266,0.052407388
6657,0,0,-0.44014978,0.24550939,-0.404100502037712,0.036049277,0.0012995503
6658,0,0,-0.41923857,0.24689913,-0.4019816857398526,0.017256886,0.0002978001
6659,0,0,-0.41727495,0.24691486,-0.6093562461521098,0.19208127,0.036895216
6660,0,0,-0.61467576,0.16312599,-0.5695462797436059,0.045129478,0.0020366698
6661,0,0,-0.5752392,0.19020343,-0.4673679343903774,0.107871234,0.011636203
6662,0,0,-0.47754002,0.23753381,-0.3676961552954596,0.10984385,0.012065671
6663,0,0,-0.38589215,0.24440265,-0.4513234691146546,0.06543133,0.0042812587
6664,0,0,-0.4627006,0.24149323,-0.2726402448872829,0.19006035,0.036122937
6665,0,0,-0.3029101,0.21020412,-0.2774825374509921,0.02542755,0.0006465603
6666,0,0,-0.30699086,0.21287465,-0.3202805906833021,0.01328972,0.00017661665
6667,0,0,-0.34374595,0.23225474,-0.1366897288075801,0.20705622,0.04287228
6668,0,0,-0.19494939,0.10395098,-0.0899953507130595,0.104954034,0.011015349
6669,0,0,-0.16082644,0.05884862,-0.1223337711072054,0.038492672,0.0014816858
6670,0,0,-0.18429804,0.09028602,-0.0434916869544803,0.14080635,0.019826427
6671,0,0,-0.12988806,0.017193794,0.1586610693888492,0.28854913,0.083260596
6672,0,0,-0.014438629,-0.11736369,-0.004886961156219,0.009551669,9.1234375e-05
6673,0,0,-0.10572648,-0.010792732,0.0695551353266923,0.17528161,0.030723644
6674,0,0,-0.062016964,-0.061837435,0.061592129238273,0.123609096,0.015279208
6675,0,0,-0.06651592,-0.056577444,0.1508301344110099,0.21734606,0.047239307
6676,0,0,-0.018422127,-0.112724066,-0.0169708509103334,0.0014512762,2.1062028e-06
6677,0,0,-0.1131773,-0.0021336079,-0.1500050666679588,0.036827773,0.0013562848
6678,0,0,-0.20495677,0.1163733,-0.1862555293582559,0.01870124,0.0003497364
6679,0,0,-0.232826,0.14851952,-0.322347955206633,0.089521974,0.0080141835
6680,0,0,-0.34555268,0.2329917,-0.4703747014601749,0.12482202,0.015580537
6681,0,0,-0.48033643,0.23667741,-0.3165224675840927,0.16381395,0.02683501
6682,0,0,-0.34046936,0.23086476,-0.2220319722850381,0.118437394,0.014027417
6683,0,0,-0.26122618,0.17703176,-0.0290408618553494,0.23218532,0.05391002
6684,0,0,-0.12072134,0.0066096783,-0.0389047161663387,0.08181663,0.0066939606
6685,0,0,-0.12696242,0.013820648,0.0309403723356078,0.15790279,0.024933292
6686,0,0,-0.0842247,-0.035871744,-0.1824312337023967,0.098206535,0.009644523
6687,0,0,-0.2298429,0.14526558,-0.1969801323607205,0.032862768,0.0010799615
6688,0,0,-0.24124646,0.15744615,-0.1976997298971357,0.043546736,0.0018963183
6689,0,0,-0.24181437,0.15803409,-0.0564484822951678,0.18536589,0.034360513
6690,0,0,-0.13823223,0.026785374,-0.1599491829873263,0.021716952,0.00047162603
6691,0,0,-0.21251106,0.12545967,-0.1041664568536999,0.10834461,0.011738554
6692,0,0,-0.17102242,0.072702646,-0.0015355037209188,0.16948691,0.028725812
6693,0,0,-0.10367799,-0.013177156,-0.0208963264411057,0.08278166,0.006852803
6694,0,0,-0.11561966,0.00069999695,-0.0370886544576269,0.078531004,0.0061671184
6695,0,0,-0.125808,0.012488842,-0.1346362409530836,0.008828238,7.793778e-05
6696,0,0,-0.19341707,0.10201192,-0.1175912112571428,0.07582586,0.0057495614
6697,0,0,-0.18081045,0.08572292,-0.1096721037407424,0.071138345,0.005060664
6698,0,0,-0.17502165,0.078057766,0.0214971979377298,0.19651884,0.038619652
6699,0,0,-0.08980727,-0.02935028,0.0674319814024118,0.15723926,0.024724184
6700,0,0,-0.06321287,-0.060439825,0.049544367014457,0.112757236,0.012714194
6701,0,0,-0.07340193,-0.04852462,0.1538243757818294,0.2272263,0.051631793
6702,0,0,-0.016894102,-0.11450291,-0.035944190924924,0.019050088,0.00036290585
6703,0,0,-0.12508225,0.011649609,-0.0192838232369494,0.10579843,0.011193308
6704,0,0,-0.11461496,-0.00046515465,-0.3636679155135565,0.24905294,0.06202737
6705,0,0,-0.38225436,0.24376154,-0.3447710974823663,0.037483275,0.0014049959
6706,0,0,-0.36533046,0.23978186,-0.3548643293716464,0.010466129,0.00010953985
6707,0,0,-0.37434053,0.24210715,-0.1903699094100877,0.18397063,0.033845194
6708,0,0,-0.23604703,0.15197968,-0.1165618570277073,0.11948517,0.014276706
6709,0,0,-0.18005538,0.084728956,-0.1279849720090768,0.05207041,0.0027113275
6710,0,0,-0.1884737,0.09569383,-0.0103493214550614,0.17812438,0.031728297
6711,0,0,-0.10908222,-0.0068905354,-0.0600268269467161,0.049055394,0.0024064316
6712,0,0,-0.14055777,0.029500723,-0.1609179592244563,0.020360187,0.0004145372
6713,0,0,-0.21325064,0.12633538,-0.1113809840435737,0.10186965,0.010377426
6714,0,0,-0.17626715,0.07971597,-0.1492596038570091,0.02700755,0.00072940777
6715,0,0,-0.20439291,0.115685225,-0.1566509263591244,0.04774198,0.0022792965
6716,0,0,-0.20999789,0.12246609,-0.1197814244577375,0.090216465,0.0081390105
6717,0,0,-0.18241906,0.08783221,-0.1712078011897744,0.011211261,0.00012569237
6718,0,0,-0.22114635,0.13551545,-0.2291750826550247,0.008028731,6.446052e-05
6719,0,0,-0.26700306,0.18226075,-0.3234422673945389,0.05643922,0.0031853856
6720,0,0,-0.34651017,0.23337531,-0.3581295570022877,0.011619389,0.0001350102
6721,0,0,-0.37726998,0.24276137,-0.2603001625017458,0.116969824,0.01368194
6722,0,0,-0.29258347,0.2029841,-0.2657628383890533,0.02682063,0.00071934616
6723,0,0,-0.29714227,0.20625353,-0.3484088936175769,0.05126664,0.0026282684
6724,0,0,-0.3685701,0.24067283,-0.3821546104926172,0.013584524,0.0001845393
6725,0,0,-0.39903522,0.24610305,-0.3589072593234448,0.040127963,0.0016102534
6726,0,0,-0.3779688,0.24291015,-0.3018804625208346,0.07608834,0.0057894355
6727,0,0,-0.32779264,0.22487116,-0.4636717853039522,0.13587913,0.018463138
6728,0,0,-0.47410846,0.23853803,-0.4654144609461701,0.008693993,7.5585514e-05
6729,0,0,-0.47572565,0.23807144,-0.4137970979625849,0.06192854,0.0038351442
6730,0,0,-0.42826223,0.24657297,-0.204452661573566,0.22380957,0.050090723
6731,0,0,-0.24716043,0.16348052,-0.2508377799819263,0.0036773384,1.3522817e-05
6732,0,0,-0.2847364,0.19705391,-0.3599235334419846,0.07518715,0.005653107
6733,0,0,-0.37888265,0.24310064,-0.3951287422985881,0.01624611,0.0002639361
6734,0,0,-0.41094232,0.24683237,-0.3714447435495041,0.039497584,0.0015600591
6735,0,0,-0.38928676,0.2449336,-0.6687560976235711,0.27946937,0.07810313
6736,0,0,-0.674762,0.1145699,-0.6491897062537748,0.0255723,0.0006539425
6737,0,0,-0.65481615,0.13235712,-0.6035089391742736,0.0513072,0.002632429
6738,0,0,-0.6088393,0.16735101,-0.3746087784267389,0.23423049,0.054863922
6739,0,0,-0.39215922,0.24533248,-0.4901302518241439,0.09797102,0.009598321
6740,0,0,-0.4988351,0.2301755,-0.4335968227718982,0.06523827,0.0042560315
6741,0,0,-0.4464736,0.24463749,-0.3152343285357388,0.13123927,0.017223746
6742,0,0,-0.33934832,0.23037553,-0.2858766998745228,0.053471625,0.0028592146
6743,0,0,-0.31410146,0.21727896,-0.1733818806783547,0.14071958,0.019802
6744,0,0,-0.22282457,0.13742685,-0.1609905846308859,0.061833993,0.0038234426
6745,0,0,-0.21330595,0.12640095,-0.0765954029853506,0.13671055,0.018689776
6746,0,0,-0.15144515,0.04570937,-0.0611732221051224,0.09027193,0.008149021
6747,0,0,-0.14130473,0.030618906,-0.1776222627721444,0.036317527,0.0013189628
6748,0,0,-0.22610593,0.14112377,-0.1790649184693982,0.047041014,0.002212857
6749,0,0,-0.22722507,0.14237237,-0.2500853798967228,0.022860318,0.00052259414
6750,0,0,-0.28411508,0.19656825,-0.415248222111527,0.13113314,0.0171959
6751,0,0,-0.42961693,0.24648786,-0.599197884727646,0.16958094,0.028757693
6752,0,0,-0.6045456,0.17041445,-0.656362828859399,0.05181724,0.0026850263
6753,0,0,-0.6621113,0.12691402,-0.6688234108821907,0.0067121387,4.5052806e-05
6754,0,0,-0.6748309,0.11445904,-0.683234335898073,0.00840342,7.0617476e-05
6755,0,0,-0.68961143,0.09046173,-0.6542067340407707,0.035404682,0.0012534915
6756,0,0,-0.65991664,0.12842631,-0.7497687947826095,0.089852154,0.00807341
6757,0,0,-0.7566712,-0.02357912,-0.780465504262505,0.023794293,0.0005661684
6758,0,0,-0.78704953,-0.07644367,-0.8426636563166325,0.055614114,0.0030929297
6759,0,0,-0.8474152,-0.18105936,-0.8652093731727573,0.017794192,0.00031663326
6760,0,0,-0.8695078,-0.21769857,-0.7383860661518069,0.1311217,0.017192898
6761,0,0,-0.7453885,-0.003908634,-0.7196758018100193,0.025712729,0.0006611444
6762,0,0,-0.7269118,0.028372288,-0.6838875179569515,0.043024242,0.0018510853
6763,0,0,-0.69028306,0.089365005,-0.7464984030958899,0.056215346,0.0031601652
6764,0,0,-0.7534263,-0.017927647,-0.8551865566970931,0.10176027,0.010355152
6765,0,0,-0.8596742,-0.201509,-0.8668271125172566,0.007152915,5.1164192e-05
6766,0,0,-0.87109685,-0.22029638,-0.8845679788391436,0.013471127,0.00018147125
6767,0,0,-0.8885524,-0.24849677,-0.8199304749917977,0.06862193,0.00470897
6768,0,0,-0.8252461,-0.14335632,-0.999279387923754,0.17403328,0.030287584
6769,0,0,-1.0024276,-0.41689062,-1.0101191325886592,0.0076915026,5.915921e-05
6770,0,0,-1.0132437,-0.43150377,-0.9789068281484066,0.034336865,0.0011790203
6771,0,0,-0.9821143,-0.38881612,-1.101173224512902,0.11905897,0.014175038
6772,0,0,-1.1033574,-0.5455713,-1.1627464322467052,0.059388995,0.0035270527
6773,0,0,-1.1618986,-0.61437535,-1.2028613189920012,0.040962696,0.0016779425
6774,0,0,-1.1999918,-0.655879,-1.188097298289413,0.0118944645,0.00014147829
6775,0,0,-1.1859814,-0.6408961,-1.2205695436819135,0.0345881,0.0011963366
6776,0,0,-1.216776,-0.67341614,-1.2141057630971286,0.002670288,7.1304385e-06
6777,0,0,-1.2106527,-0.66706896,-1.284045728475576,0.07339299,0.0053865304
6778,0,0,-1.2766838,-0.73258114,-1.2890980552644062,0.012414217,0.00015411279
6779,0,0,-1.2814304,-0.73705363,-1.482517455412136,0.20108712,0.04043603
6780,0,0,-1.4592232,-0.88576436,-1.6073133244512685,0.14809012,0.021930685
6781,0,0,-1.5682201,-0.96246624,-1.5038482146653418,0.06437194,0.004143747
6782,0,0,-1.4782275,-0.89980817,-1.5636664808967593,0.08543897,0.007299817
6783,0,0,-1.5307207,-0.9370856,-1.6819155684604834,0.15119481,0.022859871
6784,0,0,-1.6306047,-1.0026445,-1.7954946579722737,0.16488993,0.02718869
6785,0,0,-1.7210813,-1.057029,-1.898817280708736,0.17773604,0.0315901
6786,0,0,-1.7983304,-1.1004641,-1.8198404668308277,0.021510005,0.00046268033
6787,0,0,-1.7397276,-1.0677423,-1.7065884854361135,0.03313911,0.0010982006
6788,0,0,-1.6507347,-1.0151155,-1.662171142658999,0.011436462,0.00013079267
6789,0,0,-1.6143123,-0.99238133,-1.3979974027853916,0.21631491,0.046792142
6790,0,0,-1.382617,-0.8258202,-1.5334977131330234,0.1508807,0.022764985
6791,0,0,-1.5043986,-0.9186621,-1.609030573396612,0.10463202,0.01094786
6792,0,0,-1.5696809,-0.9634347,-1.4679414374786852,0.101739526,0.010350931
6793,0,0,-1.4461559,-0.8759272,-1.4242519562664495,0.021903992,0.00047978485
6794,0,0,-1.4066211,-0.84521127,-1.324677879826249,0.08194327,0.0067147003
6795,0,0,-1.3147409,-0.7676234,-1.1659706412359014,0.14877021,0.022132576
6796,0,0,-1.164963,-0.6178055,-1.174426409809144,0.009463429,8.9556495e-05
6797,0,0,-1.1729977,-0.62672114,-1.1093593355650129,0.06363833,0.004049837
6798,0,0,-1.1111387,-0.5550909,-1.1138862595335248,0.0027475357,7.5489525e-06
6799,0,0,-1.1154423,-0.5603051,-1.1149325175715414,0.0005097389,2.5983377e-07
6800,0,0,-1.1164373,-0.5615053,-1.135108339932953,0.018671036,0.00034860757
6801,0,0,-1.1356218,-0.58428144,-1.3314928351308717,0.195871,0.038365446
6802,0,0,-1.3210963,-0.773298,-1.207787432522489,0.11330891,0.0128389085
6803,0,0,-1.2046636,-0.66080475,-1.1360363188782376,0.06862736,0.004709714
6804,0,0,-1.1365042,-0.58531237,-1.27250904309556,0.13600492,0.01849734
6805,0,0,-1.2658324,-0.7222409,-1.3482252796640124,0.08239281,0.0067885756
6806,0,0,-1.3366625,-0.7869935,-1.4837801472617913,0.14711761,0.021643592
6807,0,0,-1.4603521,-0.88660717,-1.570870682605279,0.110518575,0.012214355
6808,0,0,-1.5369585,-0.9413769,-1.672299754131519,0.13534129,0.018317264
6809,0,0,-1.6226901,-0.9976783,-1.6190139468368228,0.003676176,1.3514271e-05
6810,0,0,-1.5781505,-0.9690256,-1.5374234995244718,0.04072702,0.00165869
6811,0,0,-1.5078417,-0.9211023,-1.3726808712158292,0.1351608,0.018268444
6812,0,0,-1.3593113,-0.80641985,-1.2756559954222062,0.08365536,0.0069982186
6813,0,0,-1.2687942,-0.7250793,-1.1801707072867655,0.08862352,0.007854129
6814,0,0,-1.1784543,-0.63271284,-1.1240761494229312,0.054378152,0.0029569834
6815,0,0,-1.1251314,-0.57191324,-1.126878624342189,0.0017472506,3.0528845e-06
6816,0,0,-1.1277963,-0.57507443,-1.10782998139394,0.019966364,0.00039865568
6817,0,0,-1.109685,-0.55332136,-1.0596177036799292,0.050067186,0.0025067232
6818,0,0,-1.0626657,-0.49540687,-1.0601873078771669,0.0024783611,6.142274e-06
6819,0,0,-1.0632343,-0.49611592,-1.190599180207376,0.12736487,0.016221812
6820,0,0,-1.1883565,-0.6434581,-1.0775789578163066,0.11077762,0.01227168
6821,0,0,-1.0805943,-0.5174706,-1.2293591980832133,0.14876485,0.022130981
6822,0,0,-1.225098,-0.68194795,-1.3665764641282347,0.14147842,0.020016143
6823,0,0,-1.35367,-0.80163527,-1.4257902169672036,0.07212019,0.0052013216
6824,0,0,-1.408022,-0.8463247,-1.2485287440943864,0.15949333,0.02543812
6825,0,0,-1.2432204,-0.7001705,-1.1978471360055931,0.04537332,0.0020587381
6826,0,0,-1.195235,-0.6508279,-1.204744302644146,0.009509325,9.042726e-05
6827,0,0,-1.2017782,-0.6577661,-1.1079292817931974,0.09384894,0.008807625
6828,0,0,-1.1097792,-0.5534363,-1.1400463927232416,0.03026712,0.00091609854
6829,0,0,-1.1403178,-0.58975077,-1.141494016065201,0.0011762381,1.383536e-06
6830,0,0,-1.141694,-0.59134674,-1.206020586842285,0.064326644,0.004137917
6831,0,0,-1.202988,-0.65904164,-1.265564924566952,0.06257689,0.0039158673
6832,0,0,-1.2592919,-0.7159312,-1.2685729853135486,0.009281039,8.613769e-05
6833,0,0,-1.262126,-0.7186723,-1.2222200946481674,0.039905906,0.0015924813
6834,0,0,-1.2183394,-0.6750264,-1.2032191500366445,0.015120268,0.0002286225
6835,0,0,-1.2003313,-0.6562381,-1.3095002753325244,0.10916889,0.011917846
6836,0,0,-1.3005573,-0.75477886,-1.1728479893742558,0.12770927,0.016309658
6837,0,0,-1.1714981,-0.6250658,-1.2337646150849728,0.06226659,0.003877128
6838,0,0,-1.229266,-0.68618226,-1.0793973140613349,0.14986873,0.022460636
6839,0,0,-1.0824084,-0.51967144,-1.1038210031720066,0.021412611,0.0004584999
6840,0,0,-1.1058743,-0.54866314,-1.0312760470024336,0.07459831,0.005564908
6841,0,0,-1.0343654,-0.45938158,-1.1017736316720108,0.067408204,0.004543866
6842,0,0,-1.1039281,-0.54627395,-1.1843464446065135,0.08041835,0.006467111
6843,0,0,-1.1824201,-0.63703585,-1.3362935625434422,0.15387344,0.023677036
6844,0,0,-1.3255677,-0.77726173,-1.3466482736414596,0.021080494,0.00044438723
6845,0,0,-1.3351978,-0.78571653,-1.3927042620437269,0.057506442,0.003306991
6846,0,0,-1.377757,-0.82182217,-1.2445448305633384,0.13321209,0.017745461
6847,0,0,-1.2394571,-0.69642615,-1.2597936925473974,0.020336509,0.00041357358
6848,0,0,-1.2538514,-0.71063685,-1.2778673355241503,0.024015903,0.00057676365
6849,0,0,-1.270875,-0.72706604,-1.2034339544333483,0.06744099,0.0045482866
6850,0,0,-1.2005353,-0.65645385,-1.1323828055389489,0.06815255,0.0046447697
6851,0,0,-1.1330304,-0.5812452,-1.144002747738564,0.010972381,0.00012039314
6852,0,0,-1.1440794,-0.5941036,-1.210914209883364,0.06683481,0.0044668913
6853,0,0,-1.2076277,-0.66391206,-1.2484768064433436,0.04084921,0.0016686579
6854,0,0,-1.2431713,-0.7001209,-1.319235694062334,0.07606435,0.005785785
6855,0,0,-1.3096595,-0.7630513,-1.2668979947856864,0.042761445,0.0018285412
6856,0,0,-1.2605479,-0.7171471,-1.2863659285664344,0.02581811,0.0006665748
6857,0,0,-1.2788643,-0.73463964,-1.2752223771982631,0.0036418438,1.3263027e-05
6858,0,0,-1.2683864,-0.72468853,-1.1215352899867557,0.14685106,0.021565234
6859,0,0,-1.1227151,-0.56903553,-1.1297390528039415,0.0070239305,4.9335602e-05
6860,0,0,-1.1305164,-0.5782876,-1.2534241314224208,0.12290776,0.015106317
6861,0,0,-1.2478418,-0.7047405,-1.3142207573310831,0.06637895,0.0044061653
6862,0,0,-1.3049726,-0.7588048,-1.3220909716547085,0.017118335,0.0002930374
6863,0,0,-1.3123263,-0.76545453,-1.3120570585826423,0.00026929379,7.251914e-08
6864,0,0,-1.3029491,-0.75696254,-1.3111583166180427,0.0082092285,6.739143e-05
6865,0,0,-1.3021086,-0.75619626,-1.187993512786219,0.11411512,0.013022261
6866,0,0,-1.1858829,-0.6407895,-1.0715574160744086,0.11432552,0.013070325
6867,0,0,-1.0745847,-0.510139,-1.0284690902723337,0.046115637,0.002126652
6868,0,0,-1.0315626,-0.4557314,-1.020775976698565,0.010786533,0.0001163493
6869,0,0,-1.0238817,-0.44565296,-1.0705079477246922,0.04662633,0.0021740147
6870,0,0,-1.0735369,-0.50885487,-1.1664648271387057,0.09292793,0.008635601
6871,0,0,-1.1654327,-0.6183295,-1.164985900241087,0.00044679642,1.9962704e-07
6872,0,0,-1.1640271,-0.61676025,-1.1527509761379062,0.011276126,0.00012715101
6873,0,0,-1.1523969,-0.60363674,-1.120344080498211,0.032052875,0.0010273868
6874,0,0,-1.1215826,-0.5676825,-1.049821757504802,0.07176089,0.0051496257
6875,0,0,-1.0528846,-0.48312473,-0.933119243773779,0.11976534,0.014343737
6876,0,0,-0.93657446,-0.32280493,-0.9631740800842948,0.026599646,0.0007075411
6877,0,0,-0.9664457,-0.36658835,-0.9386050345952291,0.027840674,0.0007751031
6878,0,0,-0.94201994,-0.330925,-1.0106665876643386,0.06864667,0.004712365
6879,0,0,-1.0137901,-0.43223667,-1.1259756505314915,0.11218548,0.012585581
6880,0,0,-1.1269379,-0.5740571,-1.0931964773662712,0.033741355,0.001138479
6881,0,0,-1.095777,-0.5361819,-1.2512203724178828,0.15544331,0.024162622
6882,0,0,-1.245762,-0.702687,-1.159547248749527,0.08621478,0.0074329884
6883,0,0,-1.1588577,-0.61095667,-1.2664306644605126,0.10757291,0.011571932
6884,0,0,-1.2601074,-0.71672106,-1.1981246392853502,0.06198275,0.0038418614
6885,0,0,-1.1954983,-0.65110874,-1.1886360511943426,0.0068622828,4.7090925e-05
6886,0,0,-1.1864929,-0.64144826,-1.227167417473202,0.040674448,0.0016544107
6887,0,0,-1.2230235,-0.679831,-1.0346134045935966,0.18841016,0.035498388
6888,0,0,-1.0376978,-0.46370173,-1.013480347490658,0.024217486,0.00058648665
6889,0,0,-1.0165989,-0.43598962,-1.089854333633293,0.07325542,0.0053663566
6890,0,0,-1.0926014,-0.5322144,-1.1346864416468248,0.04208505,0.0017711516
6891,0,0,-1.1352205,-0.583812,-0.9772721637765076,0.15794837,0.02494769
6892,0,0,-0.98048544,-0.3865285,-0.9399828706475328,0.04050255,0.0016404564
6893,0,0,-0.943388,-0.33295536,-0.9791266900337184,0.035738707,0.0012772551
6894,0,0,-0.9823332,-0.38912296,-1.1825351192995577,0.20020199,0.040080838
6895,0,0,-1.1806997,-0.635164,-1.3102222746877916,0.12952256,0.016776094
6896,0,0,-1.3012327,-0.7553966,-1.1728537418240783,0.12837899,0.016481165
6897,0,0,-1.1715034,-0.62507105,-1.0721093465183902,0.09939408,0.009879184
6898,0,0,-1.0751355,-0.5108144,-0.8435578574310831,0.23157763,0.053628203
6899,0,0,-0.84828925,-0.18252707,-0.8003168339189464,0.04797244,0.0023013551
6900,0,0,-0.80621433,-0.110299826,-0.8727325632805867,0.06651825,0.004424677
6901,0,0,-0.8769014,-0.22974253,-0.9901496782930712,0.11324829,0.012825175
6902,0,0,-0.99332166,-0.40440774,-0.9136095154986514,0.07971215,0.0063540274
6903,0,0,-0.917238,-0.29346585,-0.9197526400719878,0.0025146604,6.3235166e-06
6904,0,0,-0.9233215,-0.30278063,-0.7999015865746357,0.12341988,0.015232467
6905,0,0,-0.8058126,-0.109595776,-0.911804132976714,0.10599154,0.011234207
6906,0,0,-0.9154515,-0.29071498,-0.7281255494961889,0.18732595,0.035091013
6907,0,0,-0.735245,0.013809204,-0.7082296034490718,0.027015388,0.00072983117
6908,0,0,-0.7154162,0.04802966,-0.7222165177115794,0.0068003535,4.6244808e-05
6909,0,0,-0.7294152,0.023997307,-0.8134617259155652,0.08404654,0.0070638214
6910,0,0,-0.81895876,-0.13250351,-0.8348603770984888,0.015901625,0.00025286168
6911,0,0,-0.83979297,-0.16819859,-0.760475955482633,0.07931703,0.0062911916
6912,0,0,-0.7673118,-0.042063236,-0.9089488071501566,0.14163697,0.020061031
6913,0,0,-0.9126265,-0.28635263,-0.8275129564919945,0.085113525,0.007244312
6914,0,0,-0.83262753,-0.15601015,-0.8597956213525979,0.027168095,0.0007381054
6915,0,0,-0.86419415,-0.20897412,-0.8251780690598922,0.039016068,0.0015222536
6916,0,0,-0.83035326,-0.15212154,-0.6936056251906386,0.13674766,0.018699922
6917,0,0,-0.7002933,0.07295823,-0.798527472558713,0.09823418,0.009649954
6918,0,0,-0.8044827,-0.10726285,-0.9202889030368956,0.11580622,0.013411081
6919,0,0,-0.9238529,-0.30359054,-0.9819152097457118,0.058062315,0.0033712324
6920,0,0,-0.98511195,-0.39301157,-0.9266153759647572,0.058496594,0.0034218517
6921,0,0,-0.9301233,-0.31310344,-0.7919079608275101,0.13821536,0.019103486
6922,0,0,-0.7980838,-0.0960021,-0.7885598608664046,0.009523928,9.070521e-05
6923,0,0,-0.7948518,-0.09029055,-0.8217018674776981,0.026850104,0.0007209281
6924,0,0,-0.8269696,-0.14631915,-0.7610133301709507,0.065956295,0.004350233
6925,0,0,-0.7678466,-0.042990685,-0.8284061074244051,0.06055951,0.0036674545
6926,0,0,-0.83349824,-0.15749502,-0.780324140539312,0.05317408,0.0028274825
6927,0,0,-0.7869134,-0.076201916,-0.8513861828477922,0.064472795,0.0041567413
6928,0,0,-0.8559506,-0.19532871,-0.8330753087155869,0.022875309,0.00052327977
6929,0,0,-0.83805084,-0.1652441,-0.9033922262493004,0.06534141,0.0042695003
6930,0,0,-0.9071317,-0.27781916,-1.0353634679910662,0.12823176,0.016443385
6931,0,0,-1.0384467,-0.4646697,-1.0619045633712818,0.023457885,0.00055027235
6932,0,0,-1.0649488,-0.49824905,-1.0399512087133314,0.024997592,0.0006248796
6933,0,0,-1.0430284,-0.47056842,-0.990788686058365,0.052239656,0.0027289817
6934,0,0,-0.9939587,-0.40528727,-1.1405289201444142,0.1465702,0.021482825
6935,0,0,-1.1407765,-0.5902829,-1.1070451862994175,0.03373134,0.0011378034
6936,0,0,-1.108939,-0.55241203,-1.2827474759569997,0.17380846,0.03020938
6937,0,0,-1.2754637,-0.7314265,-1.0183006215498571,0.25716305,0.066132836
6938,0,0,-1.0214105,-0.44238544,-0.9735636071577294,0.047846854,0.0022893215
6939,0,0,-0.97679067,-0.38132048,-0.8292929154464206,0.14749777,0.021755593
6940,0,0,-0.8343625,-0.1589694,-0.9086306940502262,0.07426816,0.00551576
6941,0,0,-0.91231155,-0.28586507,-0.9745216796652004,0.062210143,0.0038701019
6942,0,0,-0.9777453,-0.38266778,-1.083198764069611,0.10545349,0.011120439
6943,0,0,-1.0862012,-0.5242541,-0.8909359806583828,0.19526523,0.03812851
6944,0,0,-0.89483166,-0.25848746,-0.9195209679451568,0.024689317,0.0006095624
6945,0,0,-0.9230919,-0.30243087,-0.6803522434048923,0.24273962,0.05892252
6946,0,0,-0.6866493,0.09529424,-0.7500261094170715,0.063376784,0.004016617
6947,0,0,-0.7569263,-0.024023533,-0.7915656880868118,0.034639418,0.0011998893
6948,0,0,-0.79775333,-0.09541798,-0.7322598540733471,0.065493464,0.004289394
6949,0,0,-0.7393286,0.0066730976,-0.5941705398823856,0.14515811,0.021070877
6950,0,0,-0.5995488,0.17392898,-0.5806844312095105,0.018864393,0.00035586534
6951,0,0,-0.5862007,0.18304205,-0.706929015988544,0.120728314,0.014575326
6952,0,0,-0.7140689,0.050255537,-0.5994103658024836,0.114658535,0.013146579
6953,0,0,-0.6047573,0.17026448,-0.5308746875527812,0.07388264,0.0054586446
6954,0,0,-0.5376382,0.212255,-0.5215743913667601,0.01606381,0.00025804597
6955,0,0,-0.52870584,0.21685362,-0.6657172327882104,0.13701141,0.018772125
6956,0,0,-0.67165494,0.11957264,-0.7028635299672459,0.031208575,0.0009739751
6957,0,0,-0.7098594,0.057204723,-0.675784227504741,0.03407514,0.0011611152
6958,0,0,-0.6819608,0.10292077,-0.7035578085568615,0.021596968,0.00046642905
6959,0,0,-0.7105777,0.056019545,-0.8126323351307865,0.102054596,0.010415141
6960,0,0,-0.8181536,-0.13110876,-0.8403834056230863,0.02222979,0.0004941636
6961,0,0,-0.8451865,-0.17730999,-0.9408706755917144,0.09568423,0.009155472
6962,0,0,-0.94427013,-0.3342619,-1.253410138940818,0.30913997,0.09556752
6963,0,0,-1.2478288,-0.7047272,-1.2651944967755182,0.017365694,0.00030156734
6964,0,0,-1.2589425,-0.71559286,-1.1547858817763137,0.10415661,0.0108486
6965,0,0,-1.1543318,-0.60583663,-1.2025008924385985,0.048169136,0.0023202656
6966,0,0,-1.1996503,-0.6555176,-1.2778623347893436,0.07821202,0.0061171204
6967,0,0,-1.27087,-0.72706056,-1.3640492463986595,0.093179226,0.008682368
6968,0,0,-1.3513318,-0.7996416,-1.2545218837680592,0.09680998,0.009372173
6969,0,0,-1.2488785,-0.70576,-1.276353802734677,0.027475357,0.00075489527
6970,0,0,-1.2694508,-0.7257073,-1.21103340173177,0.05841744,0.0034125973
6971,0,0,-1.2077407,-0.6640301,-1.1762061846810286,0.031534433,0.0009944205
6972,0,0,-1.1746886,-0.6285825,-1.1562600807683612,0.018428445,0.0003396076
6973,0,0,-1.155733,-0.6074259,-1.2240740111931387,0.06834102,0.0046704947
6974,0,0,-1.2200952,-0.6768315,-1.2153823117492215,0.00471282,2.2210674e-05
6975,0,0,-1.2118622,-0.66832757,-1.1800986846764738,0.031763554,0.0010089233
6976,0,0,-1.178386,-0.632638,-1.2649023413169451,0.08651638,0.0074850842
6977,0,0,-1.2586676,-0.7153251,-1.218363067918211,0.04030454,0.001624456
6978,0,0,-1.2146863,-0.67125535,-1.2186341316600775,0.003947854,1.5585552e-05
6979,0,0,-1.2149433,-0.6715219,-1.2080950658382734,0.006848216,4.689806e-05
6980,0,0,-1.2049552,-0.66111135,-1.2423216508504462,0.03736639,0.0013962471
6981,0,0,-1.2373568,-0.6943276,-1.3081062157676864,0.0707494,0.005005478
6982,0,0,-1.2992523,-0.7535851,-1.1646892897630892,0.13456297,0.018107193
6983,0,0,-1.1637452,-0.6164446,-1.1906323138644928,0.026887178,0.00072292035
6984,0,0,-1.188388,-0.64349294,-1.1278688557423506,0.0605191,0.0036625613
6985,0,0,-1.1287378,-0.5761881,-1.138606986391108,0.009869218,9.740146e-05
6986,0,0,-1.1389486,-0.5881605,-1.0475136132797045,0.091434956,0.008360351
6987,0,0,-1.0505795,-0.48020458,-1.0560011180128617,0.0054215193,2.9392872e-05
6988,0,0,-1.0590546,-0.4908936,-1.0754813337913205,0.016426682,0.0002698359
6989,0,0,-1.0785007,-0.5149245,-1.1412009943593455,0.06270027,0.003931324
6990,0,0,-1.1414154,-0.5910239,-0.971594043095784,0.16982132,0.02883928
6991,0,0,-0.9748292,-0.37854385,-1.111168667196964,0.13633943,0.018588439
6992,0,0,-1.112859,-0.557179,-1.1106494971218843,0.0022095442,4.8820857e-06
6993,0,0,-1.1123654,-0.5565808,-1.1547335999164163,0.042368293,0.0017950722
6994,0,0,-1.1542817,-0.6057801,-1.2543209050464224,0.100039124,0.010007827
6995,0,0,-1.2486885,-0.7055733,-1.3894649355353998,0.14077652,0.019818027
6996,0,0,-1.3747791,-0.81936073,-1.375771009151706,0.0009919405,9.839459e-07
6997,0,0,-1.3621638,-0.80882597,-1.2356651917625363,0.12649858,0.016001891
6998,0,0,-1.2310638,-0.6880002,-1.1740171377684712,0.05704665,0.0032543205
6999,0,0,-1.1726089,-0.62629175,-1.3095109430267111,0.1369021,0.018742183
7000,0,0,-1.3005672,-0.75478816,-1.3503309410140036,0.0497638,0.0024764356
7001,0,0,-1.3386177,-0.7886932,-1.4505778249295307,0.11196017,0.01253508
7002,0,0,-1.4305081,-0.8639443,-1.426375299908212,0.004132867,1.7080589e-05
7003,0,0,-1.4085547,-0.84674764,-1.681442187693571,0.27288747,0.07446757
7004,0,0,-1.6302159,-1.0024014,-1.613708658486246,0.016507268,0.0002724899
7005,0,0,-1.5736543,-0.966064,-1.64770832100738,0.074054,0.005483995
7006,0,0,-1.6022767,-0.98469806,-1.7145700001784974,0.11229336,0.012609799
7007,0,0,-1.6571915,-1.019068,-1.755782399843418,0.09859085,0.009720156
7008,0,0,-1.6900908,-1.0388677,-1.7622851443966252,0.07219434,0.0052120225
7009,0,0,-1.6952136,-1.0419016,-1.6595077396314584,0.035705805,0.0012749045
7010,0,0,-1.6121024,-0.9909775,-1.5953483297718225,0.016754031,0.00028069757
7011,0,0,-1.558011,-0.95565295,-1.6978268464176067,0.1398158,0.01954846
7012,0,0,-1.6436158,-1.0107312,-1.5386188928607023,0.10499692,0.011024353
7013,0,0,-1.5088891,-0.9218428,-1.7491951599896756,0.24030614,0.05774704
7014,0,0,-1.684882,-1.0357699,-1.630480823451368,0.05440128,0.0029594991
7015,0,0,-1.5878308,-0.9753585,-1.575614018807724,0.012216806,0.00014925037
7016,0,0,-1.5410554,-0.94418,-1.6646176368455723,0.12356222,0.015267622
7017,0,0,-1.6163398,-0.9936671,-1.685154891944712,0.06881511,0.0047355196
7018,0,0,-1.633262,-1.0043042,-1.7141699305419793,0.08090794,0.006546095
7019,0,0,-1.6568687,-1.0188711,-1.640250930540624,0.016617775,0.00027615044
7020,0,0,-1.596038,-0.98068094,-1.817475355451927,0.22143734,0.049034495
7021,0,0,-1.7379279,-1.0667148,-1.9255446254451072,0.1876167,0.03520003
7022,0,0,-1.817501,-1.1108819,-1.8633762880987408,0.04587531,0.002104544
7023,0,0,-1.7723919,-1.0861504,-1.7813786539308445,0.0089867115,8.076098e-05
7024,0,0,-1.7101464,-1.0506725,-1.739847771402999,0.029701352,0.00088217034
7025,0,0,-1.6774584,-1.0313311,-1.7147453308314158,0.037286878,0.0013903113
7026,0,0,-1.6573328,-1.0191538,-1.547007389798488,0.11032534,0.01217168
7027,0,0,-1.5162251,-0.9270046,-1.5970404414354074,0.080815315,0.006531115
7028,0,0,-1.5594581,-0.95662284,-1.759865955406421,0.20040786,0.040163312
7029,0,0,-1.6933101,-1.0407758,-1.5829888950373845,0.11032128,0.012170785
7030,0,0,-1.5474088,-0.9485023,-1.7125592223772923,0.1651504,0.027274655
7031,0,0,-1.6555673,-1.0180764,-1.790261119499978,0.13469386,0.018142436
7032,0,0,-1.7170378,-1.0546846,-1.8379661672363297,0.12092841,0.014623679
7033,0,0,-1.7534337,-1.0755198,-1.7033212653167171,0.050112486,0.0025112613
7034,0,0,-1.6480839,-1.0134859,-1.5960824922760075,0.052001476,0.0027041535
7035,0,0,-1.558639,-0.9560745,-1.6616998251985382,0.10306072,0.010621512
7036,0,0,-1.6139216,-0.99213314,-1.836370718897993,0.22244906,0.049483586
7037,0,0,-1.7522331,-1.0748422,-1.7960785476380416,0.043845415,0.0019224205
7038,0,0,-1.7215316,-1.0572894,-1.7883877100958974,0.06685603,0.004469728
7039,0,0,-1.7155873,-1.0538428,-1.688365309564936,0.027221918,0.0007410328
7040,0,0,-1.6358918,-1.0059421,-1.6985415981371628,0.062649846,0.003925003
7041,0,0,-1.6441976,-1.0110903,-1.7713787650309896,0.12718117,0.01617505
7042,0,0,-1.702346,-1.0461044,-1.8546798892202487,0.15233397,0.02320564
7043,0,0,-1.7659373,-1.0825477,-1.723386938288303,0.042550445,0.0018105403
7044,0,0,-1.664292,-1.0233891,-1.7254428296952138,0.06115091,0.0037394336
7045,0,0,-1.6659429,-1.02439,-1.6720070212529734,0.0060640574,3.677279e-05
7046,0,0,-1.6224487,-0.9975264,-1.7665706721943015,0.144122,0.020771151
7047,0,0,-1.6985794,-1.0438883,-1.615666675671999,0.0829128,0.006874533
7048,0,0,-1.5753155,-0.96715975,-1.366344602258564,0.2089709,0.04366884
7049,0,0,-1.3534557,-0.80145264,-1.4345274597360729,0.08107185,0.0065726456
7050,0,0,-1.4159672,-0.8526058,-1.3474296611930667,0.06853759,0.0046974015
7051,0,0,-1.3359238,-0.7863498,-1.3347730093645618,0.0011507273,1.3241732e-06
7052,0,0,-1.324152,-0.77600956,-1.2487827593651326,0.07536924,0.005680522
7053,0,0,-1.2434604,-0.70040774,-1.4878785859929382,0.24441814,0.05974023
7054,0,0,-1.4640131,-0.889333,-1.5448305442844126,0.08081746,0.006531462
7055,0,0,-1.5143238,-0.92567086,-1.538995658337624,0.024671793,0.00060869736
7056,0,0,-1.5092189,-0.9220755,-1.3496775141200743,0.15954137,0.025453448
7057,0,0,-1.3380109,-0.7881663,-1.2107209138094517,0.12729001,0.016202746
7058,0,0,-1.2074443,-0.66372037,-1.3333879917190885,0.12594366,0.015861806
7059,0,0,-1.322862,-0.7748661,-1.4317112116397812,0.10884917,0.011848141
7060,0,0,-1.4134086,-0.85058975,-1.3016216211789369,0.11178696,0.012496325
7061,0,0,-1.2931786,-0.7479975,-1.3433774636356148,0.050198913,0.0025199307
7062,0,0,-1.3321581,-0.78305936,-1.2515740836064109,0.08058405,0.006493789
7063,0,0,-1.2460958,-0.703017,-1.0829510053855578,0.16314483,0.026616234
7064,0,0,-1.0859542,-0.5239563,-1.091051523114393,0.005097389,2.5983376e-05
7065,0,0,-1.093739,-0.53363824,-1.0969842910273016,0.0032452345,1.0531547e-05
7066,0,0,-1.0993762,-0.5406542,-1.0615358691142325,0.037840366,0.0014318933
7067,0,0,-1.0645807,-0.49779177,-1.0657272976759296,0.0011466742,1.3148616e-06
7068,0,0,-1.0687649,-0.5029783,-1.216228564060407,0.14746368,0.021745536
7069,0,0,-1.212664,-0.6691599,-1.4204782912789982,0.20781434,0.0431868
7070,0,0,-1.4031819,-0.8424678,-1.367259226248669,0.035922647,0.0012904365
7071,0,0,-1.3543015,-0.80217195,-1.3964303269731944,0.04212892,0.001774846
7072,0,0,-1.3811786,-0.8246393,-1.4891114350352963,0.107932806,0.01164949
7073,0,0,-1.4651128,-0.89014983,-1.4361223072081313,0.028990507,0.00084044953
7074,0,0,-1.4174153,-0.85374355,-1.2780872485202757,0.139328,0.019412292
7075,0,0,-1.2710816,-0.72726274,-1.4123212096854618,0.14123964,0.019948637
7076,0,0,-1.3957348,-0.8364892,-1.5273196106307732,0.13158488,0.017314581
7077,0,0,-1.4989693,-0.91479635,-1.460126894300804,0.03884244,0.0015087351
7078,0,0,-1.4391245,-0.8705697,-1.5386656354446795,0.09954119,0.009908448
7079,0,0,-1.5089297,-0.9218719,-1.5941040878700967,0.08517432,0.0072546653
7080,0,0,-1.5569464,-0.95493865,-1.599219800462921,0.042273402,0.0017870405
7081,0,0,-1.5613202,-0.9578695,-1.641685500088207,0.0803653,0.0064585814
7082,0,0,-1.5972397,-0.98145676,-1.4825576011803958,0.11468208,0.013151979
7083,0,0,-1.459259,-0.8857908,-1.6514159832312665,0.19215691,0.03692428
7084,0,0,-1.6053705,-0.9866812,-1.5325409176220666,0.072829604,0.005304151
7085,0,0,-1.5035588,-0.91806555,-1.3886811668158707,0.11487758,0.013196859
7086,0,0,-1.374058,-0.818763,-1.3709056632289984,0.0031523705,9.937439e-06
7087,0,0,-1.3576716,-0.8050325,-1.4236037157291015,0.065932155,0.004347049
7088,0,0,-1.4060307,-0.8447406,-1.3780429382228967,0.027987719,0.00078331237
7089,0,0,-1.3642597,-0.8105881,-1.370244012550089,0.0059843063,3.581192e-05
7090,0,0,-1.3570602,-0.80451465,-1.4642963901943664,0.10723615,0.011499591
7091,0,0,-1.4428784,-0.873435,-1.548404320195644,0.10552597,0.011135731
7092,0,0,-1.5174443,-0.92785907,-1.6994194851492628,0.18197525,0.03311499
7093,0,0,-1.6449121,-1.0115316,-1.8264005107717065,0.1814884,0.032938037
7094,0,0,-1.7447056,-1.0705764,-1.791601335368765,0.046895742,0.0021992107
7095,0,0,-1.7180746,-1.0552864,-1.8358333035203096,0.11775875,0.013867123
7096,0,0,-1.7518287,-1.0746138,-1.989994645872561,0.23816597,0.056723032
7097,0,0,-1.8623366,-1.1347591,-1.9211217500460385,0.05878508,0.0034556857
7098,0,0,-1.8143518,-1.1091793,-1.835852131241291,0.021500349,0.00046226502
7099,0,0,-1.7518429,-1.0746217,-1.799265764602611,0.047422886,0.00224893
7100,0,0,-1.7239873,-1.0587087,-1.8973104194441068,0.17332304,0.030040875
7101,0,0,-1.7972397,-1.0998672,-1.9572181812653904,0.15997851,0.025593122
7102,0,0,-1.8397816,-1.1228294,-1.927342386511131,0.08756077,0.007666889
7103,0,0,-1.8187786,-1.1115714,-1.9116304265139932,0.09285176,0.008621449
7104,0,0,-1.8075631,-1.105498,-1.9180470200735,0.110484004,0.0122067155
7105,0,0,-1.8121573,-1.1079916,-1.9112285552999035,0.099071264,0.0098151155
7106,0,0,-1.8072747,-1.1053407,-1.8457900325006935,0.03851533,0.0014834306
7107,0,0,-1.7593029,-1.0788269,-1.9628818273841055,0.20357895,0.041444387
7108,0,0,-1.8437157,-1.1249217,-1.8802743925653929,0.036558747,0.001336542
7109,0,0,-1.7848326,-1.093048,-1.8355967537832567,0.050764203,0.0025770043
7110,0,0,-1.7516506,-1.074513,-1.902786462624027,0.15113592,0.022842066
7111,0,0,-1.8011988,-1.1020312,-1.9093345348954,0.1081357,0.01169333
7112,0,0,-1.8059139,-1.1046011,-1.962076800559545,0.15616286,0.024386838
7113,0,0,-1.8431573,-1.1246248,-1.905447988127266,0.06229067,0.0038801273
7114,0,0,-1.8031178,-1.1030786,-1.929052605358489,0.12593484,0.015859583
7115,0,0,-1.8199921,-1.1122262,-1.91146652716881,0.091474414,0.008367568
7116,0,0,-1.8074454,-1.1054333,-1.8199732620973688,0.012527823,0.00015694636
7117,0,0,-1.7398282,-1.0677996,-1.7679155964059885,0.028087378,0.00078890077
7118,0,0,-1.699634,-1.0445089,-1.7488163827178544,0.049182415,0.00241891
7119,0,0,-1.684582,-1.0355911,-1.7136728139753847,0.029090762,0.00084627245
7120,0,0,-1.6564668,-1.018626,-1.7400089375260246,0.08354211,0.006979284
7121,0,0,-1.6775867,-1.0314081,-1.655638038763828,0.021948695,0.00048174523
7122,0,0,-1.6088864,-0.9889281,-1.602132453540282,0.0067539215,4.5615456e-05
7123,0,0,-1.5638062,-0.9595282,-1.6525038710097613,0.08869767,0.007867277
7124,0,0,-1.6062769,-0.98726153,-1.5578366353424735,0.048440218,0.0023464547
7125,0,0,-1.525659,-0.93358326,-1.372941178870619,0.15271783,0.023322735
7126,0,0,-1.3595518,-0.8066232,-1.30870492819978,0.050846815,0.0025853985
7127,0,0,-1.2998126,-0.7540984,-1.4297602744361209,0.12994766,0.016886394
7128,0,0,-1.4116349,-0.8491883,-1.324939473745487,0.08669543,0.007516098
7129,0,0,-1.3149849,-0.76784205,-1.2767100059350305,0.038274884,0.0014649668
7130,0,0,-1.2697861,-0.7260268,-1.093978427406049,0.17580771,0.030908352
7131,0,0,-1.0965202,-0.5371072,-1.1115649439441275,0.015044808,0.00022634627
7132,0,0,-1.1132357,-0.5576358,-1.2172290482567616,0.1039933,0.010814605
7133,0,0,-1.2136121,-0.6701431,-1.3359386143214271,0.12232649,0.014963771
7134,0,0,-1.3252375,-0.77696896,-1.4149303576944736,0.08969283,0.0080448035
7135,0,0,-1.3981187,-0.83840895,-1.4561644433184604,0.058045745,0.0033693085
7136,0,0,-1.4355521,-0.86783123,-1.3498773282524978,0.08567476,0.007340165
7137,0,0,-1.3381965,-0.7883282,-1.4803722433202704,0.14217567,0.020213922
7138,0,0,-1.457304,-0.88432884,-1.4252783470523744,0.032025695,0.0010256452
7139,0,0,-1.407556,-0.84595466,-1.445172821711148,0.03761673,0.0014150183
7140,0,0,-1.4256195,-0.86015415,-1.378545555397371,0.04707396,0.0022159577
7141,0,0,-1.3647233,-0.810977,-1.4554452972261978,0.090721965,0.008230475
7142,0,0,-1.4349035,-0.86733246,-1.3895795908868736,0.045323968,0.002054262
7143,0,0,-1.3748845,-0.819448,-1.3635393786757055,0.011345148,0.00012871239
7144,0,0,-1.3508602,-0.7992389,-1.3984643693133525,0.047604084,0.0022661488
7145,0,0,-1.3830457,-0.8261719,-1.6890824335975403,0.3060367,0.09365847
7146,0,0,-1.6364788,-1.0063069,-1.670895389513421,0.034416556,0.0011844994
7147,0,0,-1.6215311,-0.99694777,-1.8419004407873745,0.22036934,0.048562646
7148,0,0,-1.7563884,-1.0771871,-2.006454884419556,0.25006652,0.06253327
7149,0,0,-1.873471,-1.1405902,-1.9994399447828897,0.12596893,0.015868172
7150,0,0,-1.8687418,-1.1381173,-1.926786192921418,0.058044434,0.0033691563
7151,0,0,-1.8183831,-1.1113583,-1.8727943184220603,0.054411173,0.0029605757
7152,0,0,-1.7793422,-1.0900106,-1.886021123075993,0.10667896,0.011380401
7153,0,0,-1.7890334,-1.095363,-1.8976215351736192,0.1085881,0.0117913755
7154,0,0,-1.7974652,-1.099991,-1.924818447436781,0.12735319,0.016218835
7155,0,0,-1.8169844,-1.110603,-1.9649375874262027,0.14795315,0.021890135
7156,0,0,-1.8451396,-1.1256775,-2.0507726874346632,0.20563304,0.04228495
7157,0,0,-1.9028103,-1.1557847,-1.8336291008485293,0.069181204,0.004786039
7158,0,0,-1.7501677,-1.0736742,-1.8369904041358385,0.08682263,0.0075381687
7159,0,0,-1.7526995,-1.0751057,-1.8095216654071096,0.05682218,0.0032287603
7160,0,0,-1.7318574,-1.0632391,-1.7696290554045515,0.037771583,0.0014266925
7161,0,0,-1.7009766,-1.0452995,-1.7123156653246194,0.011339068,0.00012857447
7162,0,0,-1.6553706,-1.0179555,-1.726872318756738,0.07150173,0.0051124976
7163,0,0,-1.6670893,-1.0250845,-1.9186098705791597,0.2515205,0.06326257
7164,0,0,-1.8125597,-1.1082094,-1.8598148260656369,0.04725516,0.00223305
7165,0,0,-1.7697527,-1.0846791,-1.776894057854061,0.0071413517,5.0998904e-05
7166,0,0,-1.7066537,-1.0486307,-1.7782993898337536,0.07164562,0.0051330947
7167,0,0,-1.7077494,-1.0492723,-1.759369543902103,0.051620126,0.0026646373
7168,0,0,-1.6929189,-1.0405438,-1.930557042370083,0.23763812,0.056471873
7169,0,0,-1.8210586,-1.1128012,-1.9935496466381668,0.17249107,0.02975317
7170,0,0,-1.8647528,-1.136027,-2.0847957164966147,0.22004294,0.048418898
7171,0,0,-1.9247029,-1.1669728,-2.21656176569541,0.2918589,0.08518162
7172,0,0,-2.004386,-1.2067804,-2.1133479120439613,0.10896206,0.01187273
7173,0,0,-1.9426545,-1.1760598,-2.010523037015976,0.06786859,0.0046061454
7174,0,0,-1.8762034,-1.142015,-1.9731998032155968,0.09699643,0.009408306
7175,0,0,-1.850843,-1.1286999,-2.0181773467044133,0.16733432,0.028000774
7176,0,0,-1.8813223,-1.1446795,-2.164353884721603,0.28303158,0.08010688
7177,0,0,-1.9737751,-1.1916409,-2.310419895020772,0.33664465,0.11332962
7178,0,0,-2.0563307,-1.2321188,-2.3530583067414166,0.29672766,0.0880473
7179,0,0,-2.0786543,-1.2429004,-2.395130488379235,0.3164761,0.10015713
7180,0,0,-2.099925,-1.2531267,-2.4299409420258598,0.3300159,0.10891049
7181,0,0,-2.1169686,-1.2612942,-2.279196418892536,0.16222787,0.026317881
7182,0,0,-2.0394835,-1.2239431,-2.260994137251389,0.22151065,0.04906697
7183,0,0,-2.0294647,-1.2190622,-2.260955593656178,0.23149085,0.053588014
7184,0,0,-2.0294433,-1.2190521,-2.3628704110125023,0.3334272,0.11117369
7185,0,0,-2.0836816,-1.2453208,-2.3948376372618245,0.31115603,0.096818075
7186,0,0,-2.0997791,-1.253057,-2.321459538090103,0.2216804,0.0491422
7187,0,0,-2.0621858,-1.2349517,-2.2178321177612013,0.15564632,0.024225779
7188,0,0,-2.0051155,-1.2071385,-2.22842555103282,0.22331,0.049867354
7189,0,0,-2.011169,-1.210112,-2.23330857498363,0.2221396,0.049346
7190,0,0,-2.0139425,-1.2114724,-2.299612499817826,0.28567004,0.08160737
7191,0,0,-2.0505476,-1.2293164,-2.2301717268963763,0.17962408,0.03226481
7192,0,0,-2.0121622,-1.2105994,-2.2377489344114188,0.22558665,0.05088934
7193,0,0,-2.0164552,-1.2127032,-2.1633457581074858,0.14689064,0.02157686
7194,0,0,-1.9731715,-1.1913409,-1.965892223331092,0.007279277,5.298787e-05
7195,0,0,-1.8458003,-1.1260285,-2.036081010084298,0.1902808,0.036206782
7196,0,0,-1.8931873,-1.150827,-2.0511950612831638,0.15800786,0.024966484
7197,0,0,-1.9030852,-1.1559265,-2.2166504824500293,0.31356525,0.09832317
7198,0,0,-2.0044372,-1.2068056,-2.200223744007277,0.19578648,0.038332343
7199,0,0,-1.9949405,-1.2021264,-2.1143714856418323,0.11943102,0.014263769
7200,0,0,-1.9432911,-1.1763798,-2.171514453473617,0.22822344,0.05208594
7201,0,0,-1.9780476,-1.193764,-2.339353985493394,0.36130643,0.13054234
7202,0,0,-2.0715642,-1.2394818,-2.2122858956361133,0.1407218,0.019802624
7203,0,0,-2.001926,-1.2055693,-2.0046183547532026,0.002692461,7.2493463e-06
7204,0,0,-1.8722353,-1.1399441,-2.062674997359432,0.1904397,0.03626728
7205,0,0,-1.910531,-1.159745,-1.9942271049341245,0.08369601,0.007005022
7206,0,0,-1.8652117,-1.1362683,-2.109749506333443,0.24453783,0.05979875
7207,0,0,-1.9404131,-1.1749291,-2.426715480836976,0.48630226,0.23648989
7208,0,0,-2.1154099,-1.2605487,-2.357041012381887,0.24163127,0.05838567
7209,0,0,-2.0807,-1.2438858,-2.36673266493925,0.28603268,0.08181469
7210,0,0,-2.085649,-1.2462677,-2.274100025053171,0.18845105,0.0355138
7211,0,0,-2.036693,-1.2225853,-2.2869840147225218,0.25029087,0.06264552
7212,0,0,-2.0437257,-1.2260048,-2.4974102655229435,0.45368457,0.2058297
7213,0,0,-2.148613,-1.2764162,-2.386549876263731,0.23793697,0.056614004
7214,0,0,-2.0956466,-1.2510728,-2.463760627313385,0.368114,0.13550791
7215,0,0,-2.1330566,-1.2689881,-2.475638672633546,0.342582,0.11736242
7216,0,0,-2.1385987,-1.2716359,-2.4412872082561656,0.3026886,0.091620386
7217,0,0,-2.1224172,-1.2639016,-2.527558104536697,0.40514088,0.16413914
7218,0,0,-2.162177,-1.2828875,-2.545048838215485,0.38287187,0.14659086
7219,0,0,-2.1698873,-1.2865648,-2.7668972954115447,0.5970099,0.35642081
7220,0,0,-2.2463794,-1.3288038,-2.856739435841116,0.61036015,0.37253952
7221,0,0,-2.2724514,-1.3438718,-2.8438055623046194,0.57135415,0.32644558
7222,0,0,-2.2688262,-1.3417671,-2.818987462080412,0.5501611,0.30267727
7223,0,0,-2.261751,-1.3376685,-2.9089271573062283,0.64717627,0.41883713
7224,0,0,-2.2866616,-1.3521574,-2.8688013019663083,0.58213973,0.33888668
7225,0,0,-2.2757947,-1.3458157,-2.850755201587825,0.5749605,0.33057955
7226,0,0,-2.2707794,-1.3429005,-2.898849786712994,0.62807035,0.39447236
7227,0,0,-2.283969,-1.3505825,-2.9525148375158885,0.66854596,0.4469537
7228,0,0,-2.2980347,-1.3588318,-3.0325703043912178,0.7345357,0.5395427
7229,0,0,-2.3178132,-1.370544,-2.895314810825122,0.57750154,0.333508
7230,0,0,-2.2830188,-1.3500274,-2.962724478949431,0.6797056,0.46199974
7231,0,0,-2.300636,-1.360364,-3.020705823641861,0.7200699,0.5185006
7232,0,0,-2.3149695,-1.3688514,-2.9347453946613,0.6197758,0.384122
7233,0,0,-2.2934518,-1.3561373,-2.9818644078163605,0.68841267,0.473912
7234,0,0,-2.305449,-1.3632057,-3.091278433766889,0.7858293,0.6175277
7235,0,0,-2.331457,-1.3787123,-2.864700922979897,0.53324413,0.2843493
7236,0,0,-2.2746625,-1.3451567,-2.873470035606537,0.5988076,0.35857052
7237,0,0,-2.2770793,-1.3465644,-2.768240607019342,0.49116135,0.24123947
7238,0,0,-2.246785,-1.329037,-2.7677668810011107,0.520982,0.27142227
7239,0,0,-2.2466419,-1.3289546,-2.6902610290708675,0.44361925,0.19679804
7240,0,0,-2.2224145,-1.3150755,-2.571663550010342,0.34924912,0.12197495
7241,0,0,-2.1814003,-1.2920554,-2.298316964725201,0.11691666,0.013669505
7242,0,0,-2.049851,-1.2289791,-2.485100844021423,0.4352498,0.1894424
7243,0,0,-2.1429737,-1.2737248,-2.437152311294338,0.29417872,0.08654112
7244,0,0,-2.1204376,-1.2629545,-2.316194691063833,0.19575715,0.03832086
7245,0,0,-2.0594,-1.2336049,-2.3159016122473304,0.25650144,0.065792985
7246,0,0,-2.0592444,-1.2335292,-2.327674147595897,0.26842976,0.072054535
7247,0,0,-2.0654583,-1.2365338,-2.241517629072645,0.17605925,0.030996857
7248,0,0,-2.0185807,-1.2137442,-2.289483959047038,0.27090335,0.07338862
7249,0,0,-2.0450819,-1.226664,-2.401747055476608,0.35666513,0.12721002
7250,0,0,-2.1032023,-1.2546991,-2.3444771170757024,0.24127483,0.058213547
7251,0,0,-2.074224,-1.2407651,-2.2438849797513383,0.16966105,0.028784871
7252,0,0,-2.0199127,-1.2143959,-2.146793161127696,0.1268804,0.016098637
7253,0,0,-1.963197,-1.1863683,-2.080344351077261,0.117147446,0.013723524
7254,0,0,-1.9218695,-1.1655324,-2.0171197919066937,0.09525037,0.0090726325
7255,0,0,-1.880617,-1.144313,-2.042679616077787,0.16206253,0.026264261
7256,0,0,-1.8975221,-1.1530634,-1.895872561609525,0.0016494989,2.7208469e-06
7257,0,0,-1.7961977,-1.0992967,-1.9033010796183163,0.10710347,0.011471152
7258,0,0,-1.8015703,-1.1022333,-1.8540253658322543,0.052455068,0.002751534
7259,0,0,-1.7654499,-1.0822749,-1.709840737694819,0.055609107,0.0030923728
7260,0,0,-1.653369,-1.0167308,-1.4515789115911075,0.2017901,0.04071924
7261,0,0,-1.4314126,-0.86464286,-1.3881129739049285,0.043299556,0.0018748515
7262,0,0,-1.3735355,-0.8183296,-1.309516827345364,0.06401873,0.004098397
7263,0,0,-1.3005723,-0.75479317,-1.2419615576925551,0.058610678,0.0034352115
7264,0,0,-1.2370163,-0.6939869,-1.3290879816814756,0.09207165,0.00847719
7265,0,0,-1.3188543,-0.7713022,-1.4780622575136408,0.15920794,0.025347168
7266,0,0,-1.455236,-0.8827777,-1.4457859703251918,0.009449959,8.930172e-05
7267,0,0,-1.4261744,-0.86058545,-1.6009081426742289,0.17473376,0.030531887
7268,0,0,-1.5627617,-0.9588318,-1.6980286707493364,0.13526702,0.018297166
7269,0,0,-1.6437805,-1.0108321,-1.6593033979124572,0.015522957,0.0002409622
7270,0,0,-1.6119328,-0.9908693,-1.524591229861755,0.08734155,0.0076285456
7271,0,0,-1.4965675,-0.9130783,-1.406992422671341,0.08957505,0.00802369
7272,0,0,-1.3908606,-0.8325453,-1.2135040552694265,0.17735648,0.031455323
7273,0,0,-1.2100824,-0.6664753,-1.2796397907556103,0.06955743,0.0048382357
7274,0,0,-1.272542,-0.72865295,-1.1531788003019825,0.11936319,0.014247571
7275,0,0,-1.1528039,-0.60410047,-1.162178825166544,0.009374976,8.789018e-05
7276,0,0,-1.1613592,-0.6137705,-1.159791001871466,0.0015681982,2.4592457e-06
7277,0,0,-1.1590898,-0.61121774,-1.1952868808738095,0.036197066,0.0013102276
7278,0,0,-1.192806,-0.64823437,-0.9042750106076088,0.288531,0.08325014
7279,0,0,-0.9080045,-0.27917886,-0.6784932347668646,0.22951126,0.05267542
7280,0,0,-0.6847408,0.09840298,-0.778851582926134,0.09411079,0.00885684
7281,0,0,-0.78549576,-0.073676825,-0.8240463830073588,0.038550615,0.00148615
7282,0,0,-0.8292513,-0.15023398,-0.9088454357920868,0.079594135,0.0063352264
7283,0,0,-0.912524,-0.28619456,-0.7683226982913465,0.14420128,0.020794008
7284,0,0,-0.7751262,-0.055585623,-0.8937002465387813,0.11857402,0.014059799
7285,0,0,-0.89755917,-0.26280117,-1.1017462199536634,0.20418704,0.041692346
7286,0,0,-1.1039021,-0.54624104,-1.1158921966946025,0.01199007,0.00014376179
7287,0,0,-1.1173496,-0.5626044,-1.1654372709667913,0.048087597,0.002312417
7288,0,0,-1.1644561,-0.61723876,-1.029285021504576,0.13517106,0.018271213
7289,0,0,-1.0323777,-0.45679474,-1.0012531402222264,0.031124592,0.0009687402
7290,0,0,-1.0043967,-0.41956878,-1.0086322903471945,0.0042356253,1.7940522e-05
7291,0,0,-1.0117598,-0.42951345,-0.9896252915893672,0.022134483,0.00048993534
7292,0,0,-0.9927983,-0.40368605,-0.998624560950646,0.005826235,3.3945013e-05
7293,0,0,-1.0017743,-0.41600084,-1.0524585798066677,0.050684214,0.0025688894
7294,0,0,-1.0555174,-0.4864478,-0.8854084277664893,0.17010903,0.028937083
7295,0,0,-0.8893812,-0.24981928,-0.9288744212766212,0.039493263,0.0015597178
7296,0,0,-0.9323633,-0.31648278,-0.8698768751361006,0.06248641,0.0039045515
7297,0,0,-0.87409353,-0.22518206,-0.9444030098598222,0.07030946,0.00494342
7298,0,0,-0.94777894,-0.3394451,-0.7844563777011411,0.16332257,0.026674261
7299,0,0,-0.79089403,-0.083277464,-0.7966237340795299,0.0057296753,3.282918e-05
7300,0,0,-0.8026414,-0.1040287,-0.7741181688628633,0.028523207,0.0008135733
7301,0,0,-0.78090596,-0.06555176,-0.8443593845141284,0.063453436,0.0040263385
7302,0,0,-0.8490734,-0.18384218,-0.7261849215960123,0.122888505,0.015101585
7303,0,0,-0.73332953,0.017156601,-0.7475485308777974,0.014218986,0.00020217957
7304,0,0,-0.75446796,-0.01974225,-0.8303022757319178,0.075834334,0.005750846
7305,0,0,-0.83534646,-0.16064644,-0.6305087539064913,0.20483768,0.041958474
7306,0,0,-0.635911,0.14719605,-0.705597049853194,0.069686055,0.0048561464
7307,0,0,-0.7126889,0.052534103,-0.5888846624649471,0.12380427,0.015327497
7308,0,0,-0.5943074,0.17755723,-0.5839137501897791,0.010393679,0.000108028566
7309,0,0,-0.5893898,0.1809032,-0.4677354536557985,0.12165436,0.014799784
7310,0,0,-0.47788143,0.23743105,-0.4682905112678361,0.009590924,9.198582e-05
7311,0,0,-0.4783976,0.23727465,-0.4626803159309518,0.015717298,0.00024703346
7312,0,0,-0.47318983,0.23879743,-0.3094280316062803,0.1637618,0.026817925
7313,0,0,-0.3343091,0.22807646,-0.4845690903491779,0.15026,0.022578068
7314,0,0,-0.49360633,0.23215699,-0.565493936371189,0.07188761,0.005167829
7315,0,0,-0.571265,0.19272304,-0.6692430918705243,0.097978115,0.009599711
7316,0,0,-0.6752603,0.11376667,-0.7956497843331602,0.12038946,0.014493623
7317,0,0,-0.80169964,-0.10237265,-0.7512617975423304,0.050437868,0.0025439784
7318,0,0,-0.75815296,-0.026157856,-0.8844727228244804,0.12631977,0.015956683
7319,0,0,-0.88845897,-0.24834728,-0.9568087300056928,0.06834978,0.0046716924
7320,0,0,-0.96011186,-0.35745955,-0.943047694599874,0.017064154,0.00029118537
7321,0,0,-0.9464321,-0.3374591,-0.9063870985182034,0.040045023,0.0016036038
7322,0,0,-0.9100926,-0.28242517,-0.989620510089896,0.079527915,0.0063246894
7323,0,0,-0.99279404,-0.4036796,-0.9440584006290664,0.04873562,0.0023751606
7324,0,0,-0.9474366,-0.33894014,-0.8207988551113634,0.1266377,0.016037107
7325,0,0,-0.82609105,-0.14480925,-0.8193043589729907,0.006786704,4.605935e-05
7326,0,0,-0.8246374,-0.142308,-0.7872058192524349,0.037431598,0.0014011245
7327,0,0,-0.793545,-0.08797765,-0.6390760699964795,0.15446895,0.023860658
7328,0,0,-0.64456415,0.1404748,-0.6553173008067592,0.010753155,0.00011563034
7329,0,0,-0.6610472,0.12765312,-0.6936016736479127,0.032554448,0.001059792
7330,0,0,-0.70028925,0.072965145,-0.4898582270757941,0.21043101,0.04428121
7331,0,0,-0.4985788,0.23027563,-0.4277063807632846,0.070872396,0.0050228965
7332,0,0,-0.4411211,0.24538946,-0.5938369067930105,0.1527158,0.023322117
7333,0,0,-0.5992179,0.17416048,-0.6269691205877495,0.027751207,0.0007701295
7334,0,0,-0.6323445,0.14992905,-0.5001568218809753,0.13218766,0.017473578
7335,0,0,-0.50830364,0.22631311,-0.5686018367024048,0.060298204,0.0036358736
7336,0,0,-0.5743122,0.19079447,-0.5736304949390822,0.0006816983,4.647126e-07
7337,0,0,-0.5792515,0.18761706,-0.6744811626554932,0.095229626,0.009068682
7338,0,0,-0.68062496,0.10508895,-0.6662911338828992,0.014333844,0.00020545909
7339,0,0,-0.67224145,0.11863017,-0.6874054254327606,0.015163958,0.00022994562
7340,0,0,-0.69390297,0.08344364,-0.5783197445476622,0.11558324,0.013359485
7341,0,0,-0.58386874,0.18459105,-0.5714451207604392,0.0124236345,0.0001543467
7342,0,0,-0.5771036,0.1890068,-0.5323699587273274,0.044733644,0.0020010988
7343,0,0,-0.53907824,0.21148849,-0.482697084484327,0.056381166,0.0031788358
7344,0,0,-0.4918499,0.23279786,-0.5042796054551171,0.012429714,0.0001544978
7345,0,0,-0.5122123,0.22461796,-0.3841563413595446,0.12805593,0.016398322
7346,0,0,-0.40086532,0.24626493,-0.441055684642833,0.04019037,0.0016152657
7347,0,0,-0.45327973,0.243474,-0.3877490486660981,0.06553069,0.004294271
7348,0,0,-0.40415645,0.24650931,-0.1648918659066423,0.23926458,0.057247538
7349,0,0,-0.21629119,0.12990618,-0.239719484434552,0.023428291,0.0005488848
7350,0,0,-0.27559447,0.18966746,-0.2650952916650926,0.010499179,0.000110232766
7351,0,0,-0.2965839,0.20585966,-0.3645726820750168,0.06798878,0.004622475
7352,0,0,-0.3830707,0.2439127,-0.5415134120646665,0.15844268,0.025104081
7353,0,0,-0.5479095,0.20664763,-0.5488853138796665,0.00097578764,9.5216154e-07
7354,0,0,-0.5550597,0.20255208,-0.5548062226701584,0.00025343895,6.42313e-08
7355,0,0,-0.56082153,0.19914246,-0.5379164612758731,0.022905052,0.0005246414
7356,0,0,-0.54443026,0.20858407,-0.4564882300823734,0.087942034,0.0077338014
7357,0,0,-0.46746182,0.2403326,-0.3841600603389752,0.08330175,0.006939182
7358,0,0,-0.4008689,0.24626541,-0.3857933070219843,0.015075594,0.00022727354
7359,0,0,-0.40236378,0.2463839,-0.2879392884789582,0.1144245,0.013092966
7360,0,0,-0.3158567,0.21831703,-0.3942342676059862,0.078377575,0.006143044
7361,0,0,-0.4101181,0.24680638,-0.2856915495609069,0.12442654,0.015481965
7362,0,0,-0.31394482,0.21718502,-0.3203259437045074,0.0063811243,4.0718747e-05
7363,0,0,-0.34378576,0.23227048,-0.1967873327426481,0.14699844,0.02160854
7364,0,0,-0.24109435,0.15728784,-0.1963255577236702,0.044768795,0.002004245
7365,0,0,-0.24073005,0.15690947,-0.3227172199076307,0.08198717,0.0067218966
7366,0,0,-0.34587574,0.23312187,-0.3160197031827128,0.029856026,0.0008913823
7367,0,0,-0.3400314,0.23067498,-0.3119727798829728,0.028058618,0.0007872861
7368,0,0,-0.3365147,0.22910118,-0.3436685897177924,0.0071538687,5.1177838e-05
7369,0,0,-0.36435008,0.23950076,-0.387631671555888,0.023281604,0.0005420331
7370,0,0,-0.40404868,0.24650264,-0.3417000113552708,0.062348664,0.0038873558
7371,0,0,-0.362602,0.23898435,-0.3039279018640761,0.058674097,0.0034426497
7372,0,0,-0.32955623,0.22576404,-0.3074977645699004,0.022058457,0.00048657553
7373,0,0,-0.3326385,0.22727966,-0.298672469366132,0.033966035,0.0011536916
7374,0,0,-0.32503414,0.22343516,-0.4112718722538657,0.08623773,0.007436946
7375,0,0,-0.42590618,0.24669719,-0.2640286831046041,0.16187751,0.026204329
7376,0,0,-0.29569292,0.20522785,-0.2682623685826284,0.027430564,0.0007524358
7377,0,0,-0.29923463,0.20771074,-0.3030196076514668,0.0037849844,1.4326107e-05
7378,0,0,-0.32877326,0.22537017,-0.3729766538634487,0.0442034,0.0019539406
7379,0,0,-0.3906772,0.24513173,-0.3836317916778937,0.007045418,4.9637914e-05
7380,0,0,-0.40038538,0.24622464,-0.4183762823197936,0.017990917,0.0003236731
7381,0,0,-0.4325428,0.24627566,-0.4051998577267901,0.027342945,0.00074763666
7382,0,0,-0.420259,0.24688339,-0.3906716079305008,0.029587388,0.00087541353
7383,0,0,-0.40683985,0.24666667,-0.430335968262292,0.023496121,0.0005520677
7384,0,0,-0.4435079,0.24507213,-0.4581069849869936,0.014599085,0.00021313327
7385,0,0,-0.46895695,0.23994613,-0.6131119711395034,0.14415503,0.020780671
7386,0,0,-0.61843276,0.16036987,-0.5068740405999308,0.111558735,0.012445351
7387,0,0,-0.51467633,0.22352028,-0.4490236891078085,0.06565264,0.004310269
7388,0,0,-0.4605856,0.24197507,-0.4380310019817131,0.022554606,0.0005087103
7389,0,0,-0.45051575,0.24397421,-0.5061483971816876,0.05563265,0.003094992
7390,0,0,-0.51398706,0.22382998,-0.7510747698535645,0.23708773,0.05621059
7391,0,0,-0.757967,-0.025833845,-0.8347936293471645,0.07682663,0.0059023313
7392,0,0,-0.8397279,-0.16808796,-0.8838367206479298,0.044108868,0.0019455922
7393,0,0,-0.8878319,-0.24734521,-0.8225500425545484,0.06528187,0.0042617223
7394,0,0,-0.8277948,-0.14773631,-0.7213667671567157,0.10642803,0.011326925
7395,0,0,-0.7285781,0.025460243,-0.7295695977393204,0.0009915233,9.831184e-07
7396,0,0,-0.73667073,0.011317015,-0.6332514212861318,0.103419304,0.010695552
7397,0,0,-0.63867784,0.1450603,-0.6647147364021606,0.026036918,0.0006779211
7398,0,0,-0.6706302,0.120636225,-0.7560436710858891,0.085413456,0.0072954586
7399,0,0,-0.7629037,-0.034415007,-0.7370160846841793,0.025887609,0.00067016826
7400,0,0,-0.7440326,-0.0015428066,-0.6931046056879033,0.050927997,0.0025936607
7401,0,0,-0.69977665,0.07380819,-0.6159867409203614,0.083789885,0.007020745
7402,0,0,-0.62131214,0.15823841,-0.6498502425388013,0.028538108,0.0008144236
7403,0,0,-0.65548706,0.1318202,-0.739901589100866,0.08441454,0.007125815
7404,0,0,-0.74688864,-0.0065276623,-0.5896999615140097,0.15718865,0.024708273
7405,0,0,-0.59511495,0.17700243,-0.7238441936198847,0.12872922,0.016571213
7406,0,0,-0.7310202,0.021192074,-0.5081110944136378,0.2229091,0.049688462
7407,0,0,-0.51585317,0.22298813,-0.4787359096493326,0.037117243,0.0013776898
7408,0,0,-0.48814034,0.23410892,-0.3989002748746193,0.089240074,0.007963791
7409,0,0,-0.41442394,0.24690413,-0.3264367186379875,0.087987214,0.0077417498
7410,0,0,-0.3491342,0.2343955,-0.429113062082501,0.07997885,0.006396617
7411,0,0,-0.44239736,0.2452228,-0.330177591982411,0.11221975,0.012593272
7412,0,0,-0.35242105,0.23561645,-0.3243221933623204,0.028098851,0.0007895455
7413,0,0,-0.34728098,0.23367906,-0.4674198809867338,0.12013891,0.014433359
7414,0,0,-0.47758842,0.23751926,-0.6056382033002969,0.12804979,0.01639675
7415,0,0,-0.61096287,0.16582227,-0.6982538814916626,0.087291,0.007619719
7416,0,0,-0.70509267,0.06506157,-0.7159835279427473,0.0108908415,0.00011861043
7417,0,0,-0.7232764,0.034724236,-0.7646555267214019,0.041379154,0.0017122343
7418,0,0,-0.77147245,-0.0492692,-0.8609782322385464,0.08950579,0.008011287
7419,0,0,-0.8653543,-0.21088433,-0.806444539616995,0.058909774,0.0034703615
7420,0,0,-0.8121505,-0.12067437,-0.6442713987009561,0.1678791,0.028183393
7421,0,0,-0.6498256,0.13632917,-0.6915735947902033,0.041748047,0.0017428994
7422,0,0,-0.6981976,0.07640123,-0.6920405412166191,0.0061570406,3.790915e-05
7423,0,0,-0.698679,0.07561064,-0.546915427285191,0.15176356,0.023032177
7424,0,0,-0.5531466,0.20366287,-0.541341552389607,0.0118050575,0.00013935938
7425,0,0,-0.5477433,0.2067411,-0.6680752108014083,0.12033188,0.014479762
7426,0,0,-0.6740656,0.115692854,-0.4616985174675525,0.21236706,0.04509977
7427,0,0,-0.47228026,0.23905134,-0.3623320239029564,0.10994825,0.012088617
7428,0,0,-0.3810506,0.24353313,-0.4597245836724446,0.07867399,0.0061895964
7429,0,0,-0.47045302,0.23954964,-0.2754438198810947,0.1950092,0.03802859
7430,0,0,-0.30527067,0.21176147,-0.367342339463518,0.06207168,0.0038528936
7431,0,0,-0.38557196,0.244349,-0.305623485062453,0.079948485,0.0063917604
7432,0,0,-0.3310194,0.22649074,-0.3758387576434847,0.044819355,0.0020087746
7433,0,0,-0.3932774,0.24547577,-0.5124675632556515,0.11919016,0.014206293
7434,0,0,-0.52000165,0.22107244,-0.4841304318781376,0.035871208,0.0012867436
7435,0,0,-0.49319482,0.23230863,-0.4850885878673274,0.008106232,6.571099e-05
7436,0,0,-0.4940939,0.23197675,-0.5908285951860104,0.0967347,0.009357602
7437,0,0,-0.5962336,0.17623138,-0.4617186829416453,0.13451493,0.018094266
7438,0,0,-0.47229838,0.23904634,-0.4462454726535658,0.026052922,0.00067875476
7439,0,0,-0.45803428,0.24252772,-0.4269706752530111,0.031063616,0.00096494827
7440,0,0,-0.440454,0.2454722,-0.4987754138506854,0.058321416,0.0034013877
7441,0,0,-0.5069957,0.22686744,-0.3091708367325201,0.19782484,0.039134666
7442,0,0,-0.33408618,0.2279706,-0.2925119631652548,0.04157421,0.0017284149
7443,0,0,-0.31975722,0.2205565,-0.2657471340817614,0.054010093,0.0029170902
7444,0,0,-0.29712915,0.20624518,-0.3692638943110302,0.07213473,0.00520342
7445,0,0,-0.38731074,0.24463248,-0.415842735601363,0.028531998,0.00081407494
7446,0,0,-0.43017316,0.24645114,-0.3593660638105658,0.0708071,0.005013645
7447,0,0,-0.378381,0.24299645,-0.3948260631551008,0.01644504,0.00027043937
7448,0,0,-0.4106636,0.24682426,-0.3683687577501482,0.04229486,0.0017888552
7449,0,0,-0.3865006,0.24450207,-0.3425572387753877,0.043943346,0.0019310176
7450,0,0,-0.36336255,0.23921108,-0.4588543544011139,0.0954918,0.009118684
7451,0,0,-0.46964836,0.23976398,-0.4588624288547827,0.010785937,0.00011633644
7452,0,0,-0.46965575,0.23976207,-0.4166394831524567,0.053016275,0.0028107255
7453,0,0,-0.43091798,0.24639869,-0.3554143202517994,0.07550365,0.0057008006
7454,0,0,-0.37483358,0.24222016,-0.3100656808082425,0.0647679,0.0041948804
7455,0,0,-0.33486152,0.2283361,-0.313151660717871,0.02170986,0.000471318
7456,0,0,-0.337538,0.22956705,-0.3565776450439148,0.01903963,0.00036250753
7457,0,0,-0.37587714,0.2424562,-0.4841943733685592,0.108317226,0.011732621
7458,0,0,-0.49325466,0.23228621,-0.5310390296467293,0.037784398,0.0014276607
7459,0,0,-0.5377965,0.2121706,-0.6168988769640831,0.0791024,0.0062571894
7460,0,0,-0.6222265,0.15755844,-0.671939660484191,0.049713194,0.0024714016
7461,0,0,-0.6780207,0.10930681,-0.750566853545469,0.072546124,0.00526294
7462,0,0,-0.75746346,-0.024956942,-0.8080211427068389,0.050557673,0.0025560784
7463,0,0,-0.813679,-0.12333655,-0.9455979936936738,0.13191903,0.01740263
7464,0,0,-0.94896555,-0.34119344,-0.8072628520982406,0.14170271,0.02007966
7465,0,0,-0.8129437,-0.122056484,-0.9161070651375752,0.10316336,0.010642679
7466,0,0,-0.9197111,-0.29726148,-0.9712378933861436,0.051526785,0.0026550095
7467,0,0,-0.97447395,-0.37804103,-0.9272689740096752,0.04720497,0.0022283094
7468,0,0,-0.93077135,-0.31408238,-0.8871268219880348,0.043644547,0.0019048465
7469,0,0,-0.8910749,-0.25251985,-0.9030818294652168,0.012006938,0.00014416657
7470,0,0,-0.9068253,-0.27734137,-0.8526637559806374,0.05416155,0.0029334733
7471,0,0,-0.85720205,-0.19740891,-0.7052009947214861,0.15200108,0.023104329
7472,0,0,-0.7122791,0.053210497,-0.5871584058436885,0.1251207,0.01565519
7473,0,0,-0.5925982,0.17872667,-0.6261266324642332,0.033528447,0.0011241568
7474,0,0,-0.6314962,0.15057564,-0.7217832224325189,0.09028703,0.008151747
7475,0,0,-0.7289884,0.024743557,-0.760552758802644,0.031564355,0.0009963085
7476,0,0,-0.7673886,-0.042195797,-0.6212068534912976,0.1461817,0.02136909
7477,0,0,-0.6265497,0.15432143,-0.6506596750165348,0.02410996,0.00058129017
7478,0,0,-0.6563096,0.13116145,-0.7071373425067309,0.05082774,0.0025834593
7479,0,0,-0.7142844,0.049899578,-0.5914454242781733,0.122838974,0.015089413
7480,0,0,-0.59684515,0.17580914,-0.6551931487597793,0.058348,0.003404489
7481,0,0,-0.6609206,0.1277399,-0.6409382797181635,0.019982338,0.00039929384
7482,0,0,-0.64644885,0.13899517,-0.6312933435001802,0.015155494,0.000229689
7483,0,0,-0.6367023,0.14658666,-0.6669290982927181,0.030226827,0.00091366103
7484,0,0,-0.6728935,0.117580175,-0.5834084295659583,0.08948511,0.008007585
7485,0,0,-0.58888984,0.18123937,-0.4460074393119337,0.1428824,0.020415382
7486,0,0,-0.45781565,0.24257326,-0.4826918069256658,0.024876148,0.0006188227
7487,0,0,-0.49184513,0.23279881,-0.5782453798414076,0.08640027,0.007465007
7488,0,0,-0.5837953,0.18463945,-0.6407383623870739,0.05694306,0.003242512
7489,0,0,-0.64624596,0.13915443,-0.6540715481607817,0.007825613,6.124022e-05
7490,0,1,-0.6597791,0.12851954,0.570751773265449,1.2305309,1.5142062
7491,0,1,0.14951038,0.15184712,-0.5562261868041354,0.7057366,0.49806413
7492,0,1,-0.56220603,0.19830847,0.4540826176768449,1.0162886,1.0328426
7493,0,1,0.11121225,-0.095701694,-0.4272223402858102,0.5384346,0.28991184
7494,0,1,-0.44068193,0.24544406,0.4123413739232444,0.8530233,0.72764874
7495,0,1,0.0961051,-0.12228513,-0.4390074541055973,0.53511256,0.28634545
7496,0,1,-0.4514079,0.24381638,0.4224027238397161,0.87381065,0.76354504
7497,0,1,0.09981823,-0.11630392,-0.1789339740696376,0.2787522,0.07770279
7498,0,1,-0.22712374,0.14225888,0.2034910481059619,0.43061477,0.18542908
7499,0,1,0.00765872,-0.1431179,-0.1404837555619864,0.14814247,0.021946192
7500,0,1,-0.19778824,0.107518196,0.0282844240801791,0.22607267,0.051108852
7501,0,1,-0.08578873,-0.034044504,0.1835248912556228,0.26931363,0.07252983
7502,0,1,-0.0020360947,-0.13181138,-0.1200866271535634,0.11805053,0.013935927
7503,0,1,-0.18264341,0.08812618,0.0723876045874218,0.25503102,0.06504082
7504,0,1,-0.06042695,-0.06369805,-0.0127167839793806,0.047710165,0.00227626
7505,0,1,-0.110542774,-0.0051927567,0.0086647966963777,0.11920757,0.014210444
7506,0,1,-0.09749055,-0.020385504,-0.2623254024231887,0.16483486,0.02717053
7507,0,1,-0.29427147,0.20420933,0.2381338791733931,0.5324054,0.2834555
7508,0,1,0.023935795,-0.14919543,-0.2071495174627471,0.23108532,0.053400423
7509,0,1,-0.2493043,0.16561985,0.1724125352755385,0.4217168,0.17784506
7510,0,1,-0.007533312,-0.12540627,-0.2810640213529649,0.27353072,0.07481906
7511,0,1,-0.31001902,0.2147882,0.3314954441879654,0.6415144,0.41154075
7512,0,1,0.06452894,-0.14621592,-0.2052429204068158,0.26977187,0.07277686
7513,0,1,-0.24778795,0.16410995,0.2324430354647009,0.480231,0.2306218
7514,0,1,0.021308422,-0.14900756,-0.2750058785732414,0.2963143,0.087802164
7515,0,1,-0.3049016,0.21151996,0.2405726195868287,0.54547423,0.29754212
7516,0,1,0.025055885,-0.14922929,-0.2300218536368428,0.25507772,0.06506465
7517,0,1,-0.2676897,0.18286896,0.3925792352407193,0.6602689,0.43595502
7518,0,1,0.08867526,-0.13214517,-0.2510554771286464,0.33973074,0.115416974
7519,0,1,-0.28491592,0.19719434,0.0795596784782404,0.3644756,0.13284247
7520,0,1,-0.056423664,-0.06837821,0.0213167194963936,0.077740386,0.006043568
7521,0,1,-0.08991456,-0.029225826,0.1316289592649657,0.22154352,0.04908153
7522,0,1,-0.028347015,-0.10115743,0.0017992080770459,0.030146223,0.00090879475
7523,0,1,-0.10164714,-0.015542269,0.0931418457558743,0.19478899,0.037942752
7524,0,1,-0.048933506,-0.07713151,-0.0563951618229863,0.007461656,5.5676308e-05
7525,0,1,-0.13819766,0.026745558,-0.0235923140634035,0.114605345,0.013134385
7526,0,1,-0.11730337,0.0026509762,0.1105862680764038,0.22788964,0.051933687
7527,1,1,0.18687272,-0.088161945,-0.1966061537452375,0.38347888,0.14705606
7528,1,1,-0.0068757534,0.15713978,0.1528209136591223,0.15969667,0.025503026
7529,1,1,0.21365118,-0.113907814,-0.0349864359043348,0.24863762,0.061820664
7530,1,1,0.09481382,0.010949612,-0.0549538472664035,0.14976767,0.022430355
7531,1,1,0.082218885,0.02567339,-0.0068523759851575,0.08907126,0.007933689
7532,1,1,0.1125741,-0.009390831,0.0529270042699607,0.059647094,0.0035577759
7533,1,1,0.15036249,-0.05079627,-0.0853350589139751,0.23569755,0.055553336
7534,1,1,0.06307125,0.054280996,0.1320316632368841,0.06896041,0.0047555384
7535,1,1,0.2004664,-0.10140276,-0.2040265105259355,0.4044929,0.16361451
7536,1,1,-0.0115299225,0.16314101,0.1803574109739467,0.19188733,0.03682075
7537,1,1,0.23112512,-0.12999368,-0.2410302051232151,0.47215533,0.22293065
7538,1,1,-0.034717083,0.19056058,0.1585766858971644,0.19329377,0.03736248
7539,1,1,0.2173028,-0.117313385,-0.041515225569638,0.25881803,0.06698677
7540,1,1,0.090694666,0.015738249,0.1540777566708517,0.06338309,0.004017416
7541,1,1,0.21444845,-0.11465359,-0.2300570870176166,0.44450554,0.19758518
7542,1,1,-0.027844667,0.18289518,0.1841490204693934,0.2119937,0.044941325
7543,1,1,0.23353195,-0.13216877,-0.1113908791916005,0.34492284,0.118971765
7544,1,1,0.046665907,0.07972622,0.1309679981613971,0.0843021,0.007106844
7545,1,1,0.19979191,-0.1007545,-0.1999425109280994,0.39973444,0.15978763
7546,1,1,-0.008968592,0.15985751,0.0422736824992076,0.051242273,0.0026257706
7547,1,1,0.14362335,-0.04361081,-0.1422612735745856,0.28588462,0.081730016
7548,1,1,0.027249813,0.10918164,0.2462810334517913,0.21903121,0.047974672
7549,1,1,0.2730024,-0.14920306,-0.1565528257505155,0.4295552,0.18451768
7550,1,1,0.018268585,0.12237692,0.0923397033269903,0.07407112,0.0054865303
7551,1,1,0.175313,-0.07661867,-0.0738274761765263,0.24914047,0.062070973
7552,1,1,0.07032132,0.042996645,0.071496511679804,0.0011751875,1.3810658e-06
7553,1,1,0.1621151,-0.06311369,-0.1887092789298043,0.35082436,0.12307773
7554,1,1,-0.0019218922,0.1505878,0.3220788884444849,0.32400078,0.104976505
7555,1,1,0.33705807,-0.14612126,-0.2901125517991429,0.6271706,0.393343
7556,1,1,-0.06541681,0.21939206,0.3355859128620917,0.40100273,0.1608032
7557,1,1,0.3505664,-0.14606762,-0.2126623344988254,0.5632287,0.3172266
7558,1,1,-0.01694417,0.16992617,0.3723325020931072,0.38927668,0.15153633
7559,1,1,0.38726187,-0.13959432,-0.2095792218775716,0.5968411,0.3562193
7560,1,1,-0.015011787,0.1675291,0.2460344844921769,0.2610463,0.06814516
7561,1,1,0.27284598,-0.14920783,-0.2586677235044639,0.5315137,0.2825068
7562,1,1,-0.0457561,0.20198464,0.347874831082442,0.39363092,0.1549453
7563,1,1,0.36284733,-0.14492726,-0.3201433856751068,0.6829907,0.46647626
7564,1,1,-0.08416796,0.2322042,0.373019218746204,0.45718718,0.20902011
7565,1,1,0.3879466,-0.13938594,-0.4630370802810017,0.8509837,0.72417325
7566,1,1,-0.17302513,0.2387054,0.2622312068523689,0.43525633,0.18944807
7567,1,1,0.28314352,-0.14833593,-0.1452309444061024,0.42837447,0.18350469
7568,1,1,0.025383472,0.11195159,0.1795816684922542,0.1541982,0.023777084
7569,1,1,0.23063278,-0.12954855,-0.1186209708244594,0.34925374,0.12197818
7570,1,1,0.04211712,0.086714506,-0.0102695244062438,0.05238664,0.0027443601
7571,1,1,0.110415936,-0.006947279,-0.0446293177485395,0.15504526,0.024039032
7572,1,1,0.0887301,0.018032074,-0.0223258006929722,0.111055896,0.012333412
7573,1,1,0.102804184,0.0017340183,-0.0316995007457623,0.13450369,0.018091243
7574,1,1,0.09688783,0.008547068,0.0393982605581797,0.057489567,0.0033050503
7575,1,1,0.14180517,-0.041656494,0.0325197179995688,0.10928546,0.011943311
7576,1,1,0.13745475,-0.03695631,0.0555117039146342,0.08194304,0.006714662
7577,1,1,0.15199804,-0.05252695,-0.0703153177858202,0.22231336,0.04942323
7578,1,1,0.07253504,0.039556026,0.0597520019875918,0.012783036,0.000163406
7579,1,1,0.1546812,-0.05535412,-0.1034661697613059,0.25814736,0.06664006
7580,1,1,0.0516541,0.072019815,0.0343899059676999,0.017264195,0.00029805242
7581,1,1,0.13863707,-0.03823781,-0.1370473121552282,0.27568436,0.07600187
7582,1,1,0.030527592,0.1042881,0.1351135736757025,0.104585975,0.010938226
7583,1,1,0.20242023,-0.10327649,-0.1378014633095308,0.3402217,0.115750805
7584,1,1,0.030053377,0.10499883,0.1486680379692537,0.11861466,0.014069437
7585,1,1,0.2110169,-0.11143565,-0.172515584662801,0.38353246,0.14709716
7586,1,1,0.008242846,0.1366663,0.1317077512095896,0.12346491,0.015243584
7587,1,1,0.20026088,-0.10120559,-0.0880255829179739,0.28828645,0.08310907
7588,1,1,0.06137657,0.05691862,0.173857465009664,0.112480894,0.012651951
7589,1,1,0.22699952,-0.1262443,-0.0914172727226296,0.3184168,0.10138926
7590,1,1,0.05924058,0.060242653,0.1543580766808605,0.095117494,0.009047338
7591,1,1,0.21462631,-0.11481929,-0.2054659267568048,0.42009223,0.17647748
7592,1,1,-0.012432814,0.16428709,0.1856831898286066,0.198116,0.039249953
7593,1,1,0.23450613,-0.13304543,-0.1488258881194806,0.383332,0.14694344
7594,1,1,0.023123741,0.11528516,0.1569986268424061,0.13387488,0.017922483
7595,1,1,0.2163012,-0.11638212,-0.2631816526522286,0.47948286,0.22990382
7596,1,1,-0.04857993,0.20472288,0.1613506028500175,0.20993054,0.044070832
7597,1,1,0.21906233,-0.11894703,-0.1143071417377195,0.33336946,0.1111352
7598,1,1,0.044831038,0.082550526,0.105991176428529,0.06116014,0.0037405626
7599,1,1,0.18396091,-0.08527994,-0.1152146422804398,0.29917556,0.089506015
7600,1,1,0.0442605,0.08342695,0.3696107669399402,0.32535025,0.10585279
7601,1,1,0.38454652,-0.14038777,-0.4016434361230772,0.7861899,0.61809456
7602,1,1,-0.13492393,0.24691606,0.3998788885075197,0.5348028,0.28601402
7603,1,1,0.4147141,-0.12879825,-0.4478342591825552,0.86254835,0.74398965
7604,1,1,-0.1636014,0.2422154,0.3913067911365195,0.55490816,0.30792305
7605,1,1,0.40617657,-0.13269305,-0.403147435304394,0.809324,0.6550054
7606,1,1,-0.13585877,0.24690866,0.1623245283766685,0.29818332,0.08891329
7607,1,1,0.21968055,-0.119518995,-0.0008561206190296,0.22053666,0.04863642
7608,1,1,0.11636138,-0.013659239,0.1448716217216357,0.028510243,0.00081283395
7609,1,1,0.20860863,-0.10916424,-0.1265677995386123,0.3351764,0.11234322
7610,1,1,0.037117958,0.09434128,0.1774774709123243,0.1403595,0.019700792
7611,1,1,0.22929716,-0.12833571,-0.1479005120283014,0.37719768,0.14227809
7612,1,1,0.023705244,0.114429235,0.1126155075646488,0.08891027,0.007905035
7613,1,1,0.18815875,-0.08943057,-0.1632247130120481,0.35138345,0.12347033
7614,1,1,0.014077425,0.12841153,0.2471121084875966,0.23303469,0.054305166
7615,1,1,0.27353096,-0.14918709,-0.2869019353782818,0.5604329,0.31408504
7616,1,1,-0.06341052,0.21779752,0.2431468581441911,0.30655736,0.093977414
7617,1,1,0.2710104,-0.1492362,-0.1593829591022593,0.43039334,0.18523842
7618,1,1,0.016490698,0.12494731,-0.0105186610863841,0.027009359,0.00072950544
7619,1,1,0.11025882,-0.0067694187,0.1450997105954297,0.034840897,0.001213888
7620,1,1,0.20875359,-0.10930014,-0.1006042888256311,0.30935788,0.0957023
7621,1,1,0.05345583,0.069227934,0.1669487782099614,0.11349295,0.012880649
7622,1,1,0.222615,-0.12222719,-0.3263525252258334,0.54896754,0.30136535
7623,1,1,-0.088041544,0.23436761,0.1640600595418671,0.2521016,0.06355522
7624,1,1,0.22078156,-0.12053728,-0.2105303880197238,0.43131196,0.18603002
7625,1,1,-0.015607595,0.16827202,0.2276812205870335,0.24328882,0.059189446
7626,1,1,0.26118135,-0.14873672,-0.3621791254695012,0.6233605,0.38857833
7627,1,1,-0.11037135,0.2435062,0.1693276681033562,0.27969903,0.07823154
7628,1,1,0.22412467,-0.12361336,-0.1316251680993345,0.35574985,0.12655795
7629,1,1,0.033937216,0.099158525,0.1194296010730742,0.08549239,0.0073089483
7630,1,1,0.1924777,-0.093664646,-0.1221039073491043,0.3145816,0.098961584
7631,1,1,0.039925575,0.09006572,0.0565045961946695,0.01657902,0.00027486394
7632,1,1,0.15262628,-0.05319023,0.1649275855617649,0.012301311,0.00015132225
7633,1,1,0.22133207,-0.12104511,-0.2337285176410515,0.4550606,0.20708016
7634,1,1,-0.030144691,0.18550515,0.0548000760686377,0.08494477,0.007215614
7635,1,1,0.15154791,-0.052051306,-0.281255503737841,0.43280342,0.1873188
7636,1,1,-0.059882164,0.21488976,0.2205737773561438,0.28045595,0.07865554
7637,1,1,0.25666523,-0.14813948,0.0135896364085743,0.2430756,0.059085745
7638,1,1,0.12548828,-0.023840189,-0.2004178342560516,0.3259061,0.106214784
7639,1,1,-0.009266615,0.16024137,0.1645007403683545,0.17376736,0.030195095
7640,1,1,0.22106147,-0.12079549,0.0917589918623318,0.12930247,0.016719129
7641,1,1,0.17494512,-0.076247215,0.064495608948313,0.11044951,0.012199094
7642,1,1,0.15768313,-0.058501005,-0.0598095280501596,0.21749267,0.047303062
7643,1,1,0.079157114,0.029289722,-0.0299228223097611,0.109079935,0.011898432
7644,1,1,0.09800887,0.0072522163,-0.0002828920016062,0.09829176,0.00966127
7645,1,1,0.11672354,-0.014066458,-0.0819936398825134,0.19871718,0.039488517
7646,1,1,0.06517649,0.051003933,0.1529762948107218,0.0877998,0.007708805
7647,1,1,0.21374989,-0.113999605,-0.269724221371737,0.4834741,0.23374721
7648,1,1,-0.052672148,0.2085514,0.255297336606378,0.30796948,0.0948452
7649,1,1,0.27873492,-0.1488576,-0.18257388630649,0.4613088,0.21280582
7650,1,1,0.0019285679,0.14538741,0.1174701117967287,0.11554155,0.013349849
7651,1,1,0.19123578,-0.092451096,-0.1451117241117949,0.33634752,0.11312965
7652,1,1,0.025457859,0.11184025,0.204554886997788,0.17909703,0.032075744
7653,1,1,0.24648929,-0.14371324,-0.1420704420411063,0.38855973,0.15097867
7654,1,1,0.0273695,0.10900307,0.1301250467582182,0.10275555,0.010558702
7655,1,1,0.19925737,-0.100239515,0.0153418475071323,0.18391553,0.03382492
7656,1,1,0.12659574,-0.025065422,0.1066580237596066,0.019937709,0.00039751225
7657,1,1,0.18438363,-0.08569932,-0.3284773651369974,0.512861,0.26302642
7658,1,1,-0.08936715,0.23506951,0.3227535715844749,0.41212073,0.1698435
7659,1,1,0.33773327,-0.14614797,-0.1708396355015984,0.50857294,0.25864643
7660,1,1,0.009294987,0.13519073,0.2124744501919533,0.20317946,0.041281894
7661,1,1,0.25151992,-0.1471777,-0.2865270102238706,0.53804696,0.2894945
7662,1,1,-0.06317663,0.21760821,0.2169557649851112,0.2801324,0.07847417
7663,1,1,0.25436664,-0.14774632,-0.1697676217079817,0.42413425,0.17988987
7664,1,1,0.009968281,0.1342442,0.2910032284075106,0.28103495,0.07898064
7665,1,1,0.3059404,-0.14381552,-0.3023476546111392,0.60828805,0.37001434
7666,1,1,-0.07305932,0.22507644,0.2270039662887546,0.30006328,0.09003797
7667,1,1,0.260751,-0.14868975,-0.2571303479062261,0.5178814,0.26820114
7668,1,1,-0.04479456,0.20103502,0.0091298212600254,0.05392438,0.002907839
7669,1,1,0.12267041,-0.020713806,-0.0376565771247943,0.16032699,0.025704743
7670,1,1,0.09312916,0.012904644,0.009862964455289,0.08326619,0.0069332584
7671,1,1,0.12313366,-0.021228075,0.0631292595650014,0.0600044,0.0036005278
7672,1,1,0.15681815,-0.057596207,-0.16482059152787,0.32163876,0.10345149
7673,1,1,0.013074636,0.12984228,-0.0315679222515252,0.04464256,0.0019929581
7674,1,1,0.096971035,0.008451939,0.1117591118313163,0.014788076,0.0002186872
7675,1,1,0.18761611,-0.08889651,-0.002771891002427,0.190388,0.03624759
7676,1,1,0.115151405,-0.012298346,-0.2197218015178994,0.3348732,0.11214006
7677,1,1,-0.021369219,0.17530513,0.0149883984679299,0.03635762,0.0013218764
7678,1,1,0.12637305,-0.024818897,-0.1714983677305497,0.2978714,0.08872738
7679,1,1,0.008881569,0.13577127,0.258116378694071,0.2492348,0.062117983
7680,1,1,0.28052688,-0.14867258,-0.0272857635058572,0.30781263,0.094748616
7681,1,1,0.09967351,0.005331993,0.1646800717939172,0.06500657,0.004225854
7682,1,1,0.22117496,-0.12090039,0.0617730661887114,0.1594019,0.025408965
7683,1,1,0.15596032,-0.05669737,-0.1264831986973846,0.28244352,0.07977434
7684,1,1,0.037171125,0.094260454,0.13523723722176,0.09806611,0.009616961
7685,1,1,0.20249891,-0.10335159,-0.1917918748554559,0.3942908,0.15546525
7686,1,1,-0.0038557053,0.15316534,0.2886548520480727,0.29251057,0.08556243
7687,1,1,0.30358672,-0.14432645,-0.2283543189373462,0.53194106,0.28296128
7688,1,1,-0.026778221,0.18166804,0.0551312509870123,0.08190947,0.006709161
7689,1,1,0.15175724,-0.05227208,-0.1202915335557461,0.27204877,0.074010536
7690,1,1,0.04106593,0.08832407,0.1694049409758218,0.12833901,0.016470902
7691,1,1,0.2241733,-0.123658895,-0.1496952206807975,0.37386853,0.13977768
7692,1,1,0.022577763,0.1160872,-0.024234024503567,0.04681179,0.0021913436
7693,1,1,0.101599455,0.0031166077,0.1960970764668568,0.09449762,0.0089298
7694,1,1,0.24111843,-0.13895988,-0.1135595827396382,0.354678,0.12579648
7695,1,1,0.045301676,0.08182669,0.1778677684077645,0.1325661,0.01757377
7696,1,1,0.22954464,-0.12856078,-0.151524585366531,0.38106924,0.14521377
7697,1,1,0.02142787,0.11777377,0.2530982607217922,0.23167038,0.053671166
7698,1,1,0.2773366,-0.1489768,-0.3534868674560547,0.6308235,0.39793828
7699,1,1,-0.104957104,0.24181628,0.4033244905166295,0.5082816,0.25835016
7700,1,1,0.4181447,-0.12709737,-0.4143742658120874,0.83251894,0.69308776
7701,1,1,-0.1428349,0.24654031,0.3248183307877785,0.46765324,0.21869956
7702,1,1,0.3397987,-0.14621139,-0.5027691396477958,0.8425678,0.7099205
7703,1,1,-0.19761848,0.22524643,0.432222238333185,0.62984073,0.39669934
7704,1,1,0.44688344,-0.109853506,-0.5403627293596651,0.98724616,0.974655
7705,1,1,-0.22084093,0.20727158,0.5419369660717641,0.7627779,0.58183014
7706,1,1,0.55545187,0.08415437,-0.6203640929162124,1.1758159,1.3825431
7707,1,1,-0.2700956,0.15495753,0.6468826258997091,0.91697824,0.8408491
7708,1,1,0.6584039,0.31972528,-0.8191556753945011,1.4775596,2.1831822
7709,1,1,-0.39331865,-0.14205909,0.7369003949903963,1.130219,1.2773949
7710,1,1,0.74592805,0.50078917,-0.7974949469331456,1.5434229,2.3821545
7711,1,1,-0.37831044,-0.10550904,0.5820193329174952,0.9603298,0.9222333
7712,1,1,0.59488297,0.1776464,-0.5825409424418031,1.177424,1.3863271
7713,1,1,-0.24683666,0.18181586,0.5926999238154598,0.8395366,0.7048217
7714,1,1,0.6053672,0.20177555,-0.4662988599346227,1.071666,1.148468
7715,1,1,-0.17504597,0.23783016,0.4658244869962815,0.64087045,0.41071492
7716,1,1,0.48022914,-0.086535454,-0.3501800537846007,0.83040917,0.68957937
7717,1,1,-0.10289669,0.24108434,0.3079244823281586,0.41082117,0.16877404
7718,1,1,0.32289124,-0.14481974,-0.4283431956946004,0.7512344,0.56435317
7719,1,1,-0.15150833,0.24531436,0.3674416685229964,0.51895,0.26930907
7720,1,1,0.38238263,-0.14098406,-0.3297390138392879,0.7121216,0.50711715
7721,1,1,-0.090153694,0.23547626,0.2314419699003833,0.32159567,0.103423774
7722,1,1,0.26357102,-0.14895916,-0.2232406568384282,0.4868117,0.23698562
7723,1,1,-0.023574114,0.17792821,0.2978852196260231,0.32145932,0.103336096
7724,1,1,0.31283593,-0.14305449,-0.3233385999634648,0.63617456,0.40471807
7725,1,1,-0.086161375,0.23333931,0.4339480941677576,0.5201095,0.27051386
7726,1,1,0.44859838,-0.10865712,-0.0834043791125185,0.53200275,0.28302693
7727,1,1,0.064287424,0.052387,0.0760346487657401,0.011747226,0.00013799733
7728,1,1,0.16498756,-0.06608248,-0.1587947892157344,0.32378235,0.10483501
7729,1,1,0.016860008,0.124414206,0.1776564336759327,0.16079642,0.02585549
7730,1,1,0.22941065,-0.12843871,-0.2620481915247739,0.49145883,0.24153179
7731,1,1,-0.047871113,0.20404243,0.073933570720984,0.121804684,0.014836381
7732,1,1,0.16365767,-0.064709425,-0.0753603979451882,0.23901805,0.05712963
7733,1,1,0.069355726,0.044498682,0.0573188386723577,0.012036886,0.00014488662
7734,1,1,0.15314174,-0.053733826,-0.10787928011155,0.26102102,0.06813197
7735,1,1,0.048876286,0.07631612,0.1500163918400696,0.10114011,0.010229322
7736,1,1,0.2118721,-0.11223936,-0.130249175263966,0.34212127,0.11704697
7737,1,1,0.034802437,0.09785104,-0.1793088925388906,0.21411133,0.04584366
7738,1,1,0.0039782524,0.1425829,0.1341693399884223,0.13019109,0.016949719
7739,1,1,0.2018218,-0.10270357,-0.1939581419105112,0.39577997,0.15664178
7740,1,1,-0.0052149296,0.15496206,0.2407304458070296,0.24594538,0.06048913
7741,1,1,0.26947474,-0.14923072,-0.2412098366024091,0.5106846,0.26079878
7742,1,1,-0.03482914,0.19068289,0.272487070400115,0.3073162,0.094443254
7743,1,1,0.2896657,-0.14716029,-0.1100396689400926,0.39970535,0.15976436
7744,1,1,0.047516584,0.07841468,-0.0210619455756617,0.06857853,0.004703014
7745,1,1,0.103601694,0.0008199215,-0.0283285180303529,0.13193022,0.017405583
7746,1,1,0.099015236,0.0060915947,-0.1425467152627737,0.24156195,0.058352176
7747,1,1,0.027070284,0.10944843,0.1820082809612042,0.154938,0.024005784
7748,1,1,0.23217297,-0.13094163,-0.2232210278504798,0.455394,0.20738369
7749,1,1,-0.023561954,0.17791414,0.2187619967885719,0.24232395,0.058720898
7750,1,1,0.25551414,-0.14795089,-0.165590814736281,0.42110497,0.17732939
7751,1,1,0.012591124,0.13053155,0.284379501539505,0.2717884,0.07386893
7752,1,1,0.29930067,-0.14519286,-0.3636540864127524,0.66295475,0.439509
7753,1,1,-0.11128926,0.24375963,0.2619787010481569,0.37326798,0.13932899
7754,1,1,0.28298283,-0.14835906,-0.1680733844473665,0.4510562,0.20345171
7755,1,1,0.011031866,0.13274217,0.1296346906975691,0.11860283,0.014066631
7756,1,1,0.19894648,-0.09994006,-0.3200763845665131,0.5190228,0.26938468
7757,1,1,-0.084126234,0.23218012,0.1896420563443195,0.2737683,0.074949086
7758,1,1,0.23701978,-0.1353023,-0.1246034380311216,0.36162323,0.13077135
7759,1,1,0.038353443,0.09246302,0.0444187525695736,0.006065309,3.6787973e-05
7760,1,1,0.14498019,-0.045064926,0.1072601443855241,0.037720047,0.001422802
7761,1,1,0.1847651,-0.08607769,-0.1743559464625605,0.35912102,0.12896791
7762,1,1,0.0070872307,0.13827944,0.1425520932935704,0.13546486,0.01835073
7763,1,1,0.20713782,-0.10777116,0.0856251623467132,0.12151266,0.014765326
7764,1,1,0.17106009,-0.072304964,0.0034164456215242,0.16764364,0.02810439
7765,1,1,0.11906052,-0.016685486,0.0584034084597515,0.060657106,0.0036792846
7766,1,1,0.1538279,-0.054456234,0.0081365404493367,0.14569137,0.021225974
7767,1,1,0.122042656,-0.020014286,0.1194506204029033,0.0025920346,6.7186434e-06
7768,1,1,0.19249082,-0.093678236,-0.034030933338053,0.22652175,0.0513121
7769,1,1,0.095416784,0.01025033,0.0442871237124773,0.05112966,0.0026142423
7770,1,1,0.14489698,-0.044975758,-0.0920849387112947,0.23698193,0.056160435
7771,1,1,0.058820248,0.06089616,0.2838261929509751,0.22500595,0.05062768
7772,1,1,0.29874563,-0.14529872,-0.2710640729619573,0.5698097,0.32468307
7773,1,1,-0.05351019,0.20931602,0.2858004322894616,0.33931062,0.11513169
7774,1,1,0.30072546,-0.14491439,-0.2072771066395358,0.5080026,0.25806662
7775,1,1,-0.0135679245,0.16572118,0.15111836693942,0.16468629,0.027121576
7776,1,1,0.21257138,-0.11289573,-0.0104497123707765,0.22302109,0.049738407
7777,1,1,0.11030245,-0.0068187714,-0.0001434844863279,0.11044593,0.012198304
7778,1,1,0.11681175,-0.014164686,0.0541496364588236,0.06266212,0.0039265407
7779,1,1,0.1511364,-0.051616192,0.0136894495974795,0.13744695,0.018891666
7780,1,1,0.12555099,-0.02391076,0.0838847442117387,0.04166624,0.0017360755
7781,1,1,0.16995811,-0.0711813,-0.1356385268344553,0.30559665,0.09338931
7782,1,1,0.031413317,0.10295844,0.0137407150621857,0.017672602,0.00031232086
7783,1,1,0.12558413,-0.023946524,-0.1155646585589793,0.24114878,0.058152735
7784,1,1,0.044040203,0.08376551,-0.0441042748477507,0.08814448,0.0077694496
7785,1,1,0.08906174,0.01764512,0.0857716964114931,0.0032900423,1.08243785e-05
7786,1,1,0.17115283,-0.072399855,-0.2427395938080456,0.41389242,0.17130694
7787,1,1,-0.035787106,0.19171715,0.1597948872856811,0.19558199,0.038252313
7788,1,1,0.21807504,-0.11803174,-0.0377829492103689,0.25585797,0.065463305
7789,1,1,0.093049765,0.012998104,0.0835604374259868,0.009489328,9.004734e-05
7790,1,1,0.16975284,-0.07097125,-0.2084686346904165,0.37822145,0.14305146
7791,1,1,-0.014315128,0.16665888,0.1520132359239241,0.16632837,0.027665127
7792,1,1,0.21313858,-0.1134274,-0.0849040743272389,0.29804265,0.08882942
7793,1,1,0.06334305,0.05385852,0.2635818512354668,0.2002388,0.040095575
7794,1,1,0.2840023,-0.14820933,0.0302940216789742,0.25370827,0.06436789
7795,1,1,0.13604808,-0.035428047,0.0460226404252899,0.09002544,0.0081045795
7796,1,1,0.1459949,-0.046149492,-0.1867741347426483,0.33276904,0.11073523
7797,1,1,-0.0007069111,0.14895773,0.2459675591584122,0.24667446,0.060848292
7798,1,1,0.2728033,-0.14920855,-0.2194363454881878,0.49223965,0.24229987
7799,1,1,-0.021190643,0.17509103,0.2162112898321395,0.23740193,0.05635968
7800,1,1,0.2538941,-0.14765859,-0.3200079071807056,0.573902,0.32936352
7801,1,1,-0.08408356,0.23215532,0.2499131939616004,0.33399677,0.11155385
7802,1,1,0.27531147,-0.14910913,-0.2915528551727906,0.5668643,0.32133514
7803,1,1,-0.066316605,0.22009397,0.1061432472226595,0.17245984,0.029742397
7804,1,1,0.18405771,-0.08537555,-0.094819390006041,0.2788771,0.07777244
7805,1,1,0.05709791,0.06357312,0.0781642524824755,0.021066338,0.0004437906
7806,1,1,0.16633582,-0.06747055,0.0727764628234468,0.09355936,0.008753355
7807,1,1,0.16292453,-0.063952684,0.0829864520878094,0.07993808,0.006390096
7808,1,1,0.16938901,-0.070599794,-0.0088464633123286,0.17823547,0.031767882
7809,1,1,0.11131477,-0.007965803,0.1260697676283366,0.014754996,0.0002177099
7810,1,1,0.1966865,-0.09775758,-0.072095942556106,0.26878244,0.072243996
7811,1,1,0.07141256,0.04129982,-0.0013872279686757,0.072799794,0.00529981
7812,1,1,0.11602616,-0.013282299,-0.0670610669848854,0.18308723,0.033520933
7813,1,1,0.074585915,0.036370993,0.0629336420896682,0.011652276,0.00013577554
7814,1,1,0.15669513,-0.057466984,-0.228452844926124,0.385148,0.14833897
7815,1,1,-0.026839733,0.1817398,0.2062747248114114,0.23311445,0.054342348
7816,1,1,0.24758196,-0.1446743,-0.2808131814841581,0.5283952,0.27920145
7817,1,1,-0.05960536,0.21465635,0.2471641056547411,0.30676946,0.0941075
7818,1,1,0.2735641,-0.14918542,-0.4161736608212938,0.6897378,0.47573823
7819,1,1,-0.14395237,0.24642944,0.4040447179390787,0.5479971,0.30030084
7820,1,1,0.41886115,-0.12673211,-0.3497723286582603,0.7686335,0.5907974
7821,1,1,-0.102642775,0.24099088,0.4514049690969179,0.5540477,0.30696887
7822,1,1,0.4659295,-0.09756446,-0.2129789446521539,0.67890847,0.4609167
7823,1,1,-0.017143011,0.17017126,0.202091469417228,0.21923448,0.04806376
7824,1,1,0.24492502,-0.14233351,-0.2789315853753313,0.52385664,0.27442577
7825,1,1,-0.058429003,0.21365523,0.2051896699584174,0.26361868,0.069494806
7826,1,1,0.24689269,-0.14406848,-0.2322646464894022,0.47915733,0.22959174
7827,1,1,-0.029227495,0.18446994,0.0723149477568867,0.10154244,0.010310868
7828,1,1,0.16263247,-0.06365013,-0.064559133243673,0.2271916,0.05161602
7829,1,1,0.076162815,0.03392458,-0.0083397368480087,0.08450255,0.0071406807
7830,1,1,0.11163473,-0.008327961,0.0482768728568987,0.06335786,0.004014218
7831,1,1,0.14742088,-0.04767108,0.0065017381692222,0.14091915,0.019858206
7832,1,1,0.121010065,-0.018863201,0.0334943826037354,0.08751568,0.0076589948
7833,1,1,0.13807106,-0.037625313,-0.0928462789135462,0.23091733,0.053322814
7834,1,1,0.058340788,0.061641693,0.0515112228812295,0.0068295635,4.6642937e-05
7835,1,1,0.14946675,-0.04984665,0.0133480913530403,0.13611867,0.018528292
7836,1,1,0.1253357,-0.02367115,-0.01903390672891,0.1443696,0.020842582
7837,1,1,0.10488224,-0.0006456375,-0.073481714262745,0.17836395,0.0318137
7838,1,1,0.070539474,0.042657137,0.1507360011323966,0.08019653,0.006431483
7839,1,1,0.21232843,-0.1126678,-0.1981918877163915,0.41052032,0.16852693
7840,1,1,-0.007870674,0.15843487,0.2660226088826554,0.2738933,0.07501754
7841,1,1,0.28555417,-0.14795732,-0.2541699699079882,0.5397241,0.2913021
7842,1,1,-0.042942047,0.1991806,0.4318185823282001,0.47476062,0.22539765
7843,1,1,0.44648266,-0.11013007,-0.5345775881093346,0.98106027,0.96247923
7844,1,1,-0.21727014,0.21034455,0.4711182872091197,0.68838847,0.47387868
7845,1,1,0.4854753,-0.081879854,-0.4036369819496408,0.8891123,0.79052067
7846,1,1,-0.13616323,0.24690413,0.3065683220457127,0.44273156,0.19601123
7847,1,1,0.3215332,-0.14462256,-0.3035274499488105,0.6250607,0.39070085
7848,1,1,-0.07379651,0.22559094,0.0266409436184908,0.100437455,0.010087682
7849,1,1,0.13373804,-0.032911062,0.0019615372530199,0.1317765,0.017365046
7850,1,1,0.118141174,-0.015656471,0.0045622098097566,0.11357897,0.012900182
7851,1,1,0.11978459,-0.017495155,-0.0197820396395997,0.13956663,0.019478844
7852,1,1,0.10440993,-0.00010585785,-0.0323587246415417,0.13676865,0.018705664
7853,1,1,0.09647155,0.009028673,-0.0626564636926358,0.15912801,0.025321724
7854,1,1,0.07736254,0.032066584,0.0590458367158475,0.018316701,0.00033550154
7855,1,1,0.15423441,-0.05488515,0.1535945413855399,0.00063987076,4.094346e-07
7856,1,1,0.21414208,-0.11436653,-0.0217193467059035,0.23586144,0.055630617
7857,1,1,0.103186846,0.0012953281,0.0915743827644663,0.01161246,0.00013484922
7858,1,1,0.17482781,-0.076128244,-0.0227217870928755,0.1975496,0.039025843
7859,1,1,0.10255408,0.0020208359,-0.0853651014691467,0.18791918,0.03531362
7860,1,1,0.063052654,0.054310083,0.1356403821185972,0.07258773,0.0052689784
7861,1,1,0.20275426,-0.10359573,-0.2529599785702117,0.45571423,0.20767546
7862,1,1,-0.042185068,0.19841266,0.4159919484253911,0.45817703,0.20992619
7863,1,1,0.43074942,-0.12018895,-0.2712091288303995,0.70195854,0.4927458
7864,1,1,-0.053600788,0.20939755,0.3995155236286427,0.4531163,0.20531438
7865,1,1,0.41435218,-0.128973,-0.3787467938370974,0.793099,0.629006
7866,1,1,-0.12068486,0.24578667,0.4516614508827437,0.5723463,0.32758033
7867,1,1,0.46618438,-0.09739041,-0.3760306063385972,0.84221494,0.709326
7868,1,1,-0.118994236,0.24549794,0.4077300449401937,0.5267243,0.27743846
7869,1,1,0.42252946,-0.12481165,-0.2518888625423954,0.67441833,0.4548401
7870,1,1,-0.041514397,0.19772887,0.249539210538364,0.2910536,0.08471219
7871,1,1,0.275074,-0.14912176,-0.0849299742680771,0.36000398,0.12960286
7872,1,1,0.063327074,0.053883076,0.0913954510669903,0.028068379,0.0007878339
7873,1,1,0.1747148,-0.07601404,-0.1233059853363638,0.29802078,0.08881638
7874,1,1,0.03916955,0.09121919,0.2557065709833379,0.21653703,0.046888284
7875,1,1,0.27899504,-0.14883208,-0.2461699403048625,0.52516496,0.27579823
7876,1,1,-0.03793502,0.19400716,0.1776889202457785,0.21562394,0.046493687
7877,1,1,0.22943139,-0.12845826,-0.0661765723911642,0.29560795,0.08738406
7878,1,1,0.075143576,0.035505056,0.1066333231652496,0.031489745,0.000991604
7879,1,1,0.1843679,-0.08568382,-0.1158257953308607,0.3001937,0.090116255
7880,1,1,0.043875456,0.08401799,0.2701267357168833,0.22625127,0.05118964
7881,1,1,0.28816462,-0.14747429,-0.246428873321105,0.53459346,0.28579018
7882,1,1,-0.038097143,0.19417763,0.1548223535894717,0.1929195,0.03721793
7883,1,1,0.21492076,-0.1150949,-0.1005456696116455,0.31546643,0.099519074
7884,1,1,0.053492785,0.06917071,0.3291546729080097,0.2756619,0.07598948
7885,1,1,0.34413576,-0.1462493,-0.1506665106268112,0.49480227,0.24482928
7886,1,1,0.021967173,0.11698437,0.1279120734028311,0.1059449,0.011224322
7887,1,1,0.19785428,-0.09888649,0.0183046806046123,0.1795496,0.03223806
7888,1,1,0.12846828,-0.027131796,-0.0395114720922991,0.16797975,0.028217195
7889,1,1,0.091959,0.014266491,-0.1680045246998593,0.2599635,0.06758103
7890,1,1,0.011074781,0.13268137,0.2026788737581975,0.1916041,0.03671213
7891,1,1,0.24529815,-0.14266276,-0.2091249412477753,0.45442307,0.20650032
7892,1,1,-0.014726877,0.1671741,0.1476840421609249,0.16241091,0.026377305
7893,1,1,0.21039248,-0.110847,-0.1569890225601229,0.3673815,0.13496917
7894,1,1,0.017994165,0.122773886,0.0842672963984001,0.06627313,0.004392128
7895,1,1,0.17020035,-0.0714283,-0.1856232521486212,0.3558236,0.12661044
7896,1,1,1.50203705e-05,0.14798403,0.1381569202449997,0.1381419,0.019083185
7897,1,1,0.20435023,-0.10512018,-0.3111288785368509,0.5154791,0.2657187
7898,1,1,-0.078541756,0.2287643,0.4173590197516676,0.49590078,0.24591759
7899,1,1,0.43210936,-0.119383335,-0.3935674683087882,0.8256768,0.6817422
7900,1,1,-0.12990332,0.24678397,0.4223597388409592,0.552263,0.30499443
7901,1,1,0.4370818,-0.11633134,-0.3602674114369271,0.7973492,0.6357658
7902,1,1,-0.10918069,0.24316406,0.3715541978186887,0.48073488,0.23110603
7903,1,1,0.3864851,-0.13982582,-0.2327662399152994,0.6192514,0.38347226
7904,1,1,-0.029541492,0.18482542,0.1045450182069305,0.13408652,0.017979195
7905,1,1,0.1830442,-0.08436918,0.072367884421423,0.11067631,0.012249246
7906,1,1,0.16266608,-0.0636847,-0.101007561299006,0.26367363,0.06952378
7907,1,1,0.053201914,0.06962228,0.0884333658326426,0.03523145,0.001241255
7908,1,1,0.17283797,-0.07411313,-0.0698785370138939,0.2427165,0.0589113
7909,1,1,0.072809935,0.039128304,0.0533250525747552,0.019484881,0.0003796606
7910,1,1,0.1506145,-0.051062822,0.1111283353527881,0.039486162,0.001559157
7911,1,1,0.18721628,-0.08850169,-0.1180638006475569,0.3052801,0.09319593
7912,1,1,0.042467356,0.086178064,0.1159947561484915,0.0735274,0.005406279
7913,1,1,0.19029999,-0.091534376,0.0309282108702237,0.15937178,0.025399365
7914,1,1,0.13644862,-0.035863638,-0.0146491476486692,0.15109777,0.022830537
7915,1,1,0.10765076,-0.0038046837,0.1348529266257601,0.027202174,0.00073995825
7916,1,1,0.20225525,-0.1031189,0.0159021085194428,0.18635315,0.034727495
7917,1,1,0.12695003,-0.025456905,-0.0207162521025234,0.14766628,0.02180533
7918,1,1,0.103820324,0.0005698204,0.0731261831224512,0.030694142,0.00094213034
7919,1,1,0.16314602,-0.064181805,-0.2071487443245137,0.37029475,0.1371182
7920,1,1,-0.013488054,0.16561961,0.2175604180455508,0.23104848,0.0533834
7921,1,1,0.25475097,-0.14781594,-0.2431749242437955,0.49792588,0.24793018
7922,1,1,-0.036059618,0.19201016,0.0523929526851563,0.08845257,0.0078238575
7923,1,1,0.15002441,-0.050438643,-0.1623537423750907,0.31237817,0.09758012
7924,1,1,0.014624357,0.12762904,0.1657865118973291,0.15116215,0.022849996
7925,1,1,0.22187734,-0.12154746,-0.2673558479514097,0.4892332,0.23934913
7926,1,1,-0.05119133,0.20718503,0.1531404206265434,0.20433176,0.041751467
7927,1,1,0.2138536,-0.11409736,-0.184944000198989,0.3987976,0.15903953
7928,1,1,0.0004413128,0.14740777,0.1510568463889812,0.15061553,0.022685038
7929,1,1,0.21253204,-0.112858534,-0.0651310879680875,0.27766314,0.07709682
7930,1,1,0.075802326,0.03448367,0.1783083668566472,0.10250604,0.010507489
7931,1,1,0.22982478,-0.12881494,-0.3453555244250421,0.5751803,0.33083236
7932,1,1,-0.09989023,0.23992944,0.3413221989699835,0.44121245,0.19466843
7933,1,1,0.35630012,-0.1456635,-0.3087450612096618,0.66504514,0.44228503
7934,1,1,-0.077053785,0.22779632,0.2603619855206034,0.33741578,0.11384941
7935,1,1,0.28195524,-0.14849854,-0.3415377842565776,0.623493,0.38874355
7936,1,1,-0.097510576,0.23894048,0.3264579515266357,0.42396852,0.17974931
7937,1,1,0.34143925,-0.14624166,-0.3394063093441772,0.68084556,0.4635507
7938,1,1,-0.09618187,0.2383604,0.3185542080413825,0.4147361,0.17200603
7939,1,1,0.33353162,-0.14592624,-0.3033708362596874,0.63690245,0.40564474
7940,1,1,-0.07369828,0.225523,0.2146493568515062,0.28834763,0.08314436
7941,1,1,0.25290155,-0.14746499,-0.2687334117971578,0.52163494,0.272103
7942,1,1,-0.052052736,0.2079823,0.0844119798390399,0.13646472,0.018622618
7943,1,1,0.17029214,-0.07152152,-0.0848386468320079,0.25513077,0.06509171
7944,1,1,0.063384056,0.053793907,0.0930411639297381,0.02965711,0.0008795442
7945,1,1,0.17575717,-0.0770669,-0.0478416365660874,0.22359881,0.04999643
7946,1,1,0.08670378,0.0204041,-0.0889063923114923,0.17561017,0.030838931
7947,1,1,0.06082177,0.057781935,-0.0171537224455304,0.0779755,0.006080178
7948,1,1,0.10606885,-0.0020017624,0.1280388169167827,0.021969974,0.00048267975
7949,1,1,0.19793487,-0.09896374,-0.0247468200823361,0.22268169,0.049587134
7950,1,1,0.10127568,0.003488779,-0.0937819651092173,0.19505765,0.038047485
7951,1,1,0.057751656,0.0625577,0.325117428225198,0.26736578,0.07148446
7952,1,1,0.3400979,-0.14621878,-0.2279200341367957,0.56801796,0.3226444
7953,1,1,-0.026505709,0.18135428,0.1831101026934303,0.20961581,0.04393879
7954,1,1,0.23287249,-0.13157415,-0.2182475831359274,0.45112008,0.20350933
7955,1,1,-0.020445108,0.17419529,0.3509873455323369,0.37143245,0.13796207
7956,1,1,0.36595654,-0.1444745,-0.270864742130803,0.63682127,0.40554133
7957,1,1,-0.053385496,0.20920181,0.1366625206336098,0.19004802,0.03611825
7958,1,1,0.20340252,-0.10421586,-0.1081654046711459,0.31156793,0.097074576
7959,1,1,0.04869628,0.076594114,0.1582211003783888,0.109524816,0.011995685
7960,1,1,0.21707678,-0.11710429,-0.2057772334230398,0.422854,0.17880552
7961,1,1,-0.012627602,0.16453409,0.149976340356682,0.16260394,0.026440043
7962,1,1,0.21184683,-0.11221528,-0.1739405628188493,0.3857874,0.14883192
7963,1,1,0.0073480606,0.13791609,0.1467524908101904,0.13940443,0.019433595
7964,1,1,0.20980167,-0.11029053,-0.0430269514048431,0.25282863,0.063922316
7965,1,1,0.08974099,0.016851425,0.172090825305434,0.08234984,0.0067814956
7966,1,1,0.22587848,-0.12521982,-0.1827674803810492,0.40864596,0.16699152
7967,1,1,0.0018069744,0.14555311,0.1575054957561068,0.15569852,0.02424203
7968,1,1,0.21662283,-0.116681576,-0.0959839114907925,0.31260675,0.097722985
7969,1,1,0.056365013,0.06471276,0.1087712453067242,0.05240623,0.0027464128
7970,1,1,0.18572283,-0.087026596,-0.2751407952587033,0.46086362,0.21239528
7971,1,1,-0.056059122,0.2115953,0.2864171657537273,0.34247628,0.117290005
7972,1,1,0.30134368,-0.14479065,-0.351794863014756,0.6531385,0.42658994
7973,1,1,-0.103903055,0.24144793,0.1915985196658343,0.2955016,0.08732119
7974,1,1,0.2382617,-0.13641334,-0.1945403271629207,0.43280202,0.1873176
7975,1,1,-0.00557971,0.155442,0.2712359145277054,0.27681562,0.07662689
7976,1,1,0.28886962,-0.14733005,-0.2140924656570662,0.5029621,0.25297087
7977,1,1,-0.017840862,0.17102885,0.1470294545695551,0.16487032,0.027182223
7978,1,1,0.20997763,-0.11045551,-0.139350362297407,0.34932798,0.12203004
7979,1,1,0.029079437,0.10645461,0.0911838121738863,0.062104374,0.0038569532
7980,1,1,0.17458034,-0.07587838,-0.1717177474391409,0.3462981,0.11992237
7981,1,1,0.008743763,0.13596535,0.1199973806388716,0.11125362,0.012377367
7982,1,1,0.192837,-0.09401631,-0.1481087312356783,0.34094572,0.11624398
7983,1,1,0.02357459,0.11462188,-0.0037718145020337,0.027346406,0.00074782595
7984,1,1,0.114519596,-0.011586666,0.1226207088911888,0.008101113,6.562803e-05
7985,1,1,0.19450021,-0.095635176,-0.0494944351039978,0.24399464,0.059533384
7986,1,1,0.08566189,0.021625996,0.2505506676944011,0.16488877,0.027188307
7987,1,1,0.27571702,-0.149086,-0.1618219359679602,0.43753895,0.19144033
7988,1,1,0.014958382,0.12715006,0.2204732111177265,0.20551483,0.042236347
7989,1,1,0.25660133,-0.14812922,-0.2038307709042071,0.4604321,0.21199773
7990,1,1,-0.011407137,0.16298461,0.1739445347119752,0.18535167,0.03435524
7991,1,1,0.2270546,-0.12629485,-0.3023587374055707,0.52941334,0.28027847
7992,1,1,-0.073065996,0.22508144,0.3748868842675952,0.44795287,0.20066176
7993,1,1,0.38980937,-0.13880491,-0.3567266850808157,0.746536,0.557316
7994,1,1,-0.10697508,0.24248576,0.2478140907284194,0.35478917,0.12587535
7995,1,1,0.27397728,-0.14917135,-0.1919153893452119,0.46589267,0.21705598
7996,1,1,-0.0039331913,0.15326786,-0.0008252383021098,0.003107953,9.659371e-06
7997,1,1,0.11638093,-0.013680935,0.0110884051898327,0.10529253,0.011086517
7998,1,1,0.12390804,-0.022088528,-0.0983098166188605,0.22221786,0.049380776
7999,1,1,0.054900408,0.06698704,0.0654407451982179,0.010540336,0.00011109869
8000,1,1,0.15828109,-0.05912566,0.0459980195488594,0.112283066,0.012607487
8001,1,1,0.1459794,-0.04613304,0.1608320269612657,0.014852628,0.00022060056
8002,1,1,0.21873379,-0.11864185,-0.126727958174392,0.34546173,0.1193438
8003,1,1,0.03701663,0.09449458,0.0092969916054586,0.02771964,0.0007683784
8004,1,1,0.12277579,-0.020829916,-0.0008692526727527,0.123645045,0.015288097
8005,1,1,0.116353035,-0.0136499405,0.1842760941879304,0.067923054,0.004613541
8006,1,1,0.23361278,-0.13224125,-0.2127809546649826,0.44639373,0.19926736
8007,1,1,-0.017018557,0.1700182,0.1188172019412463,0.13583577,0.018451355
8008,1,1,0.19208932,-0.09328675,-0.1744213268289405,0.36651063,0.13433003
8009,1,1,0.007046461,0.13833714,0.1189709847011584,0.11192452,0.012527099
8010,1,1,0.1921866,-0.09338093,-0.0373737220585828,0.22956032,0.052697938
8011,1,1,0.093307495,0.012696981,0.1623240222422772,0.06901653,0.0047632814
8012,1,1,0.21968055,-0.11951852,-0.0559015131332887,0.27558208,0.07594548
8013,1,1,0.08162117,0.02637887,0.0970566897407145,0.015435517,0.00023825518
8014,1,1,0.17830062,-0.07962823,-0.0331744354976453,0.21147506,0.0447217
8015,1,1,0.09595728,0.009624243,0.0404975382728634,0.05545974,0.003075783
8016,1,1,0.14249992,-0.04240465,-0.1043220630273764,0.24682198,0.06092109
8017,1,1,0.051115274,0.07285309,0.0509428179259274,0.00017245486,2.974068e-08
8018,1,1,0.14910698,-0.04946518,-0.2181231768893998,0.36723018,0.134858
8019,1,1,-0.020367384,0.17410159,0.1266345231301584,0.1470019,0.021609562
8020,1,1,0.19704485,-0.09810352,-0.1565853747435985,0.35363024,0.12505434
8021,1,1,0.018248081,0.12240648,0.1497140367394758,0.13146596,0.017283298
8022,1,1,0.21168017,-0.11205912,-0.1821616234668135,0.3938418,0.15511137
8023,1,1,0.0021874905,0.14503479,-0.0584964209510876,0.06068391,0.003682537
8024,1,1,0.07998514,0.028309345,0.0289648112723881,0.05102033,0.0026030743
8025,1,1,0.13520718,-0.034512997,-0.1482035625197717,0.28341073,0.08032164
8026,1,1,0.023514986,0.11470938,0.0660455122202994,0.04253053,0.0018088459
8027,1,1,0.15866399,-0.05952549,-0.2339027713458694,0.39256674,0.15410864
8028,1,1,-0.030253649,0.18562794,0.3197187390736173,0.3499724,0.122480676
8029,1,1,0.33469677,-0.14599991,-0.4101059802096065,0.7448027,0.5547311
8030,1,1,-0.14018297,0.24674559,0.2994323065827,0.43961528,0.1932616
8031,1,1,0.31438637,-0.14337182,-0.2484384208504115,0.5628248,0.31677175
8032,1,1,-0.0393548,0.19549704,0.1662539711071744,0.20560877,0.042274967
8033,1,1,0.22217417,-0.12182093,-0.0731917171675076,0.29536587,0.087240994
8034,1,1,0.0707221,0.04237342,0.0654578062458237,0.005264297,2.7712824e-05
8035,1,1,0.1582923,-0.059137583,0.0150779470723998,0.14321434,0.02051035
8036,1,1,0.12642908,-0.024881601,0.0123465089239584,0.114082575,0.013014833
8037,1,1,0.12470317,-0.022969961,-0.0440368737615726,0.16874003,0.028473198
8038,1,1,0.08910394,0.017595053,0.0020576921019981,0.08704624,0.0075770486
8039,1,1,0.11820221,-0.01572442,-0.0752260843576388,0.1934283,0.037414506
8040,1,1,0.069440365,0.044367075,0.1670259929679658,0.09758563,0.009522956
8041,1,1,0.22266412,-0.1222713,-0.2861802830186009,0.5088444,0.2589226
8042,1,1,-0.062959194,0.2174325,0.2067577008740317,0.2697169,0.0727472
8043,1,1,0.24788833,-0.14494443,-0.2729979903928541,0.5208863,0.27132255
8044,1,1,-0.054719448,0.21040487,0.2687144976396505,0.32343394,0.10460951
8045,1,1,0.2872665,-0.14764953,-0.2704553698557022,0.55772185,0.31105366
8046,1,1,-0.053129435,0.20896935,0.3076522482405934,0.36078167,0.13016342
8047,1,1,0.32261872,-0.14478111,-0.3593170551981481,0.6819358,0.46503642
8048,1,1,-0.10858846,0.24298668,0.2738515138445385,0.38243997,0.14626034
8049,1,1,0.29053354,-0.14696741,-0.1548341206595518,0.44536766,0.19835235
8050,1,1,0.019348621,0.12080884,0.1058219149560328,0.08647329,0.0074776304
8051,1,1,0.18385386,-0.08517337,-0.0791638195742971,0.26301768,0.069178306
8052,1,1,0.06695914,0.048227787,0.0103822387328125,0.056576904,0.0032009461
8053,1,1,0.123461485,-0.021592617,-0.2007321108446471,0.3241936,0.10510149
8054,1,1,-0.009463787,0.16049552,-0.0291711353988706,0.019707348,0.0003883796
8055,1,1,0.0984838,0.006704569,-0.0782046692296876,0.17668846,0.031218812
8056,1,1,0.067563534,0.04728818,0.0594446702922222,0.008118864,6.5915956e-05
8057,1,1,0.15448666,-0.055149555,-0.0234621495577598,0.1779488,0.031665776
8058,1,1,0.10208678,0.0025570393,0.1054466882721891,0.0033599064,1.1288971e-05
8059,1,1,0.18361592,-0.084937334,-0.0230327308193505,0.20664865,0.042703662
8060,1,1,0.102357864,0.002245903,0.1372999153982097,0.034942046,0.0012209465
8061,1,1,0.20380712,-0.10460186,-0.0266987881126827,0.2305059,0.05313297
8062,1,1,0.10004401,0.0049057007,-0.1234921345132638,0.22353615,0.04996841
8063,1,1,0.039052248,0.09139776,0.1026416742235594,0.063589424,0.004043615
8064,1,1,0.18183899,-0.08316827,0.1208993477192854,0.06093964,0.0037136397
8065,1,1,0.1934092,-0.0945735,-0.1309468032710725,0.32435602,0.105206825
8066,1,1,0.034363747,0.09851456,0.0795669221217192,0.04520318,0.0020433273
8067,1,1,0.16722417,-0.06838298,-0.0612246626550785,0.22844884,0.052188873
8068,1,1,0.07826519,0.030669212,0.0980539473599004,0.019788757,0.0003915949
8069,1,1,0.17893219,-0.080261946,-0.0403947489827567,0.21932694,0.04810431
8070,1,1,0.091401815,0.014915466,0.045055018754919,0.046346795,0.0021480254
8071,1,1,0.14538288,-0.04549551,-0.0664651610113353,0.21184805,0.044879597
8072,1,1,0.07496214,0.03578806,0.0680043664137213,0.0069577694,4.8410555e-05
8073,1,1,0.159904,-0.060817003,0.0052971078801244,0.1546069,0.023903292
8074,1,1,0.120248795,-0.018013954,-0.0981744952473886,0.21842329,0.047708735
8075,1,1,0.054985285,0.066854715,0.259988299431376,0.20500302,0.04202624
8076,1,1,0.2817173,-0.14852858,-0.3110959667227644,0.59281325,0.35142756
8077,1,1,-0.07852125,0.22875214,0.2701461083159473,0.34866735,0.121568926
8078,1,1,0.28817654,-0.14747143,-0.1488111325345418,0.43698767,0.19095822
8079,1,1,0.023133278,0.11527133,0.0227049445315539,0.00042833388,1.8346991e-07
8080,1,1,0.13124967,-0.03018856,-0.0796245158187676,0.21087418,0.044467922
8081,1,1,0.06666875,0.048679113,0.1945188522989234,0.1278501,0.016345648
8082,1,1,0.24011564,-0.13806772,-0.2215643527164377,0.46168,0.21314842
8083,1,1,-0.02252388,0.17668366,0.1407281811665255,0.16325206,0.026651233
8084,1,1,0.20598102,-0.106673,-0.1723764253110888,0.37835744,0.14315435
8085,1,1,0.008330107,0.13654423,0.1450303424871877,0.13670024,0.018686956
8086,1,1,0.20870948,-0.10925889,-0.0954666742424779,0.30417615,0.09252313
8087,1,1,0.056690693,0.06420565,0.0413223991421056,0.015368294,0.00023618445
8088,1,1,0.14302182,-0.042965174,-0.0361007362434122,0.17912257,0.032084893
8089,1,1,0.09411073,0.011765003,0.1451809442383287,0.051070213,0.0026081668
8090,1,1,0.20880485,-0.10934901,-0.0573194097555691,0.26612425,0.07082211
8091,1,1,0.08072734,0.027432919,-0.0790373108776822,0.15976465,0.025524743
8092,1,1,0.067038774,0.048104048,0.0046267694629889,0.062412005,0.0038952583
8093,1,1,0.1198256,-0.017541409,0.0100495811758394,0.10977602,0.012050775
8094,1,1,0.1232512,-0.021358967,-0.1362583571421312,0.25950956,0.06734522
8095,1,1,0.03102374,0.10354447,0.01825560614594,0.0127681345,0.00016302525
8096,1,1,0.12843752,-0.02709794,-0.066827866753329,0.19526538,0.03812857
8097,1,1,0.07473278,0.036143064,-0.113484292344927,0.18821707,0.035425667
8098,1,1,0.045348644,0.08175373,0.0405786336192748,0.0047700107,2.2753002e-05
8099,1,1,0.14255166,-0.042459965,-0.1823649207577862,0.3249166,0.1055708
8100,1,1,0.0020599365,0.14520884,0.235868711175057,0.23380877,0.05466654
8101,1,1,0.26638436,-0.14913797,-0.1798726698950705,0.44625705,0.19914536
8102,1,1,0.0036239624,0.14306855,0.1225955423884475,0.11897158,0.014154237
8103,1,1,0.19448447,-0.09562063,0.0386619545463542,0.15582252,0.024280656
8104,1,1,0.14133906,-0.04115486,0.0659215235682864,0.07541754,0.0056878054
8105,1,1,0.15858579,-0.059442997,-0.0231151185850917,0.1817009,0.033015218
8106,1,1,0.10230589,0.0023055077,-0.0020217238625228,0.10432761,0.0108842505
8107,1,1,0.11562538,-0.0128314495,0.0632596060651073,0.052365772,0.002742174
8108,1,1,0.15690112,-0.057682753,-0.0806552171654821,0.23755634,0.056433015
8109,1,1,0.066019535,0.049690723,0.191255169671288,0.12523563,0.015683964
8110,1,1,0.23804379,-0.13621831,-0.2014015642789157,0.43944535,0.19311221
8111,1,1,-0.009884119,0.16103578,0.1851282021731846,0.19501232,0.038029805
8112,1,1,0.23415399,-0.13272834,-0.2595017525761207,0.49365574,0.24369599
8113,1,1,-0.046278,0.202497,0.1951379340953059,0.24141593,0.058281653
8114,1,1,0.24050903,-0.1384182,-0.1688366687309619,0.4093457,0.16756389
8115,1,1,0.010552645,0.13341904,0.2601460426845281,0.2495934,0.062296867
8116,1,1,0.28181767,-0.14851665,-0.1755590174461039,0.4573767,0.20919344
8117,1,1,0.0063319206,0.13933015,0.1339745218144972,0.1276426,0.016292633
8118,1,1,0.2016983,-0.10258508,-0.3670312434782246,0.5687295,0.32345328
8119,1,1,-0.11339259,0.24430203,0.3236817021272737,0.4370743,0.19103394
8120,1,1,0.3386619,-0.14618063,-0.3835396848028884,0.7222016,0.52157515
8121,1,1,-0.123666525,0.24621725,0.3134322435493266,0.43709877,0.19105534
8122,1,1,0.32840514,-0.14549112,-0.1912779632185599,0.5196831,0.27007055
8123,1,1,-0.0035336018,0.15273714,0.2704963262513922,0.27402994,0.075092405
8124,1,1,0.28839946,-0.14742613,-0.3021519622401984,0.5905514,0.34875092
8125,1,1,-0.07293725,0.2249906,0.2738338728360645,0.34677112,0.12025021
8126,1,1,0.29052234,-0.14697051,-0.3013313806253399,0.59185374,0.35029083
8127,1,1,-0.07242489,0.22462893,0.134502500796851,0.20692739,0.042818945
8128,1,1,0.2020328,-0.10290599,-0.2150199108619439,0.41705272,0.17393297
8129,1,1,-0.018422127,0.17173958,0.2684374341734137,0.28685957,0.082288414
8130,1,1,0.28708982,-0.14768195,-0.334004429617317,0.6210942,0.38575804
8131,1,1,-0.09281397,0.23679972,0.3476712491793097,0.4404852,0.19402722
8132,1,1,0.36264396,-0.14495444,-0.2457415370068014,0.6083855,0.37013292
8133,1,1,-0.037667036,0.19372272,0.371432014891532,0.40909904,0.16736202
8134,1,1,0.38636398,-0.1398623,-0.4213752067062755,0.8077392,0.65244263
8135,1,1,-0.14718246,0.24603152,0.3862547328418961,0.5334372,0.28455523
8136,1,1,0.40114212,-0.134763,-0.3868757533410312,0.78801787,0.62097216
8137,1,1,-0.12574172,0.24645543,0.3509080679727905,0.4766498,0.22719502
8138,1,1,0.36587715,-0.14448643,-0.5345335273289087,0.90041065,0.81073934
8139,1,1,-0.21724296,0.21036744,0.6298307558573231,0.84707373,0.7175339
8140,1,1,0.6417403,0.28336668,-0.6674390896415452,1.3091794,1.7139508
8141,1,1,-0.2989707,0.11674118,0.5101041399646089,0.8090748,0.65460205
8142,1,1,0.524045,0.0062093735,-0.4692239246654601,0.9932689,0.9865831
8143,1,1,-0.17685795,0.23700905,0.649650513251093,0.82650846,0.68311626
8144,1,1,0.66110706,0.3255651,-0.4444821713032527,1.1055893,1.2223276
8145,1,1,-0.16152263,0.24286199,0.3035372385744863,0.46505988,0.21628068
8146,1,1,0.31849813,-0.14413404,-0.4185472614024133,0.7370454,0.54323596
8147,1,1,-0.14542627,0.24626279,0.5422722039083223,0.6876985,0.4729292
8148,1,1,0.55578256,0.084956646,-0.4855930464070179,1.0413756,1.0844632
8149,1,1,-0.1869936,0.23180056,0.4571631483065483,0.64415675,0.4149379
8150,1,1,0.47164154,-0.093453646,-0.4967440933977469,0.96838564,0.9377707
8151,1,1,-0.19389248,0.22766948,0.5768051020349798,0.7706976,0.59397477
8152,1,1,0.589761,0.1657517,-0.5585916181178172,1.1483526,1.3187138
8153,1,1,-0.23208356,0.19690728,0.4729893347564724,0.7050729,0.49712777
8154,1,1,0.48732877,-0.08015728,-0.3424480097641291,0.82977676,0.6885295
8155,1,1,-0.098077774,0.23918247,0.3432877690328966,0.44136554,0.19480354
8156,1,1,0.35826445,-0.1454742,-0.4304471276496326,0.78871155,0.6220659
8157,1,1,-0.15281439,0.24505758,0.2448855655623631,0.39769995,0.15816525
8158,1,1,0.2721157,-0.14922333,-0.3752748737760667,0.6473906,0.4191146
8159,1,1,-0.118523836,0.24541092,0.4512948672499486,0.56981874,0.32469338
8160,1,1,0.46582055,-0.097640514,-0.5181232174652659,0.98394376,0.9681453
8161,1,1,-0.20710897,0.21848536,0.3765664536811357,0.5836754,0.34067696
8162,1,1,0.3914845,-0.13826156,-0.2204151524600384,0.6118996,0.37442115
8163,1,1,-0.021803379,0.17582583,0.3023513057034876,0.32415468,0.10507625
8164,1,1,0.31730962,-0.14392662,-0.3131612784383151,0.6304709,0.3974935
8165,1,1,-0.07981038,0.22957087,0.2754408909600006,0.35525128,0.12620348
8166,1,1,0.29154468,-0.14673209,-0.3593634163669423,0.6509081,0.42368138
8167,1,1,-0.10861778,0.24299574,0.4885931060159962,0.5972109,0.35666084
8168,1,1,0.50277734,-0.051242113,-0.3640391362624222,0.86681646,0.7513708
8169,1,1,-0.11152911,0.24382353,0.1623264440148561,0.27385557,0.074996874
8170,1,1,0.21968174,-0.1195209,-0.1721091076901024,0.39179087,0.15350008
8171,1,1,0.00849843,0.13630867,0.1496109647111461,0.14111254,0.019912748
8172,1,1,0.21161509,-0.111997604,0.0761972485329769,0.13541783,0.01833799
8173,1,1,0.16509032,-0.066188574,-0.1149319304998366,0.28002226,0.078412466
8174,1,1,0.044437885,0.08315396,-0.0434936475218443,0.08793153,0.0077319536
8175,1,1,0.08944678,0.017195463,0.1262772206760187,0.03683044,0.0013564813
8176,1,1,0.19681787,-0.09788442,-0.1282690709474119,0.32508695,0.10568152
8177,1,1,0.03604746,0.095965385,0.1568126802276714,0.120765224,0.01458424
8178,1,1,0.21618366,-0.11627221,0.0049551528624416,0.2112285,0.04461748
8179,1,1,0.12003255,-0.017772675,-0.1079067835671527,0.22793934,0.05195634
8180,1,1,0.048859358,0.07634282,-0.0742760452530455,0.1231354,0.015162327
8181,1,1,0.070039034,0.043435574,0.0131547463495951,0.05688429,0.0032358223
8182,1,1,0.12521386,-0.023535967,-0.0824438192939966,0.20765768,0.04312171
8183,1,1,0.06489301,0.051445246,0.0066768222298452,0.058216184,0.003389124
8184,1,1,0.12112069,-0.018986702,-0.1197094043432134,0.2408301,0.057999134
8185,1,1,0.041432142,0.08776307,0.0185005526523442,0.022931589,0.0005258578
8186,1,1,0.12859201,-0.027268171,0.0811373792295957,0.047454633,0.0022519422
8187,1,1,0.16821814,-0.06940246,-0.0911224855854739,0.2593406,0.06725755
8188,1,1,0.059426308,0.05995369,0.0626856726335551,0.0032593682,1.0623481e-05
8189,1,1,0.15653777,-0.057302713,-0.0004120803051028,0.15694985,0.024633255
8190,1,1,0.116642,-0.013974667,-0.0987787423875907,0.21542074,0.046406094
8191,1,1,0.054605484,0.0674448,0.0079854008517297,0.046620082,0.0021734321
8192,1,1,0.12194705,-0.019908667,-0.0092999691788535,0.13124701,0.017225778
8193,1,1,0.111028194,-0.007641077,-0.0219170606153573,0.13294525,0.01767444
8194,1,1,0.10306215,0.0014386177,0.0692437826066498,0.03381837,0.0011436823
8195,1,1,0.16068888,-0.061633587,0.1391058735732078,0.021583006,0.00046582613
8196,1,1,0.20495224,-0.10569382,0.0061144137824706,0.19883783,0.039536484
8197,1,1,0.12076473,-0.01859045,0.1224598356813948,0.001695104,2.8733773e-06
8198,1,1,0.19439793,-0.09553647,-0.2456326650213576,0.44003057,0.19362691
8199,1,1,-0.03759837,0.19365096,0.1268104012306237,0.16440877,0.027030244
8200,1,1,0.19715619,-0.098211765,-0.1464439385795124,0.34360012,0.11806104
8201,1,1,0.024620533,0.113078356,0.1848507385449203,0.1602302,0.02567372
8202,1,1,0.23397756,-0.13257003,-0.1599333552471313,0.3939109,0.1551658
8203,1,1,0.016144753,0.12544513,0.0521969395663619,0.036052186,0.0012997601
8204,1,1,0.14990044,-0.050307035,-0.0336483782691288,0.18354881,0.033690166
8205,1,1,0.0956583,0.009970427,0.0304342909495654,0.06522401,0.004254171
8206,1,1,0.13613605,-0.03552389,-0.0261240595143412,0.16226012,0.026328346
8207,1,1,0.100406885,0.0044887066,-0.0623564530627764,0.16276334,0.026491906
8208,1,1,0.0775516,0.031773567,-0.0092076748117757,0.08675928,0.007527172
8209,1,1,0.11108661,-0.0077073574,-0.1490876929202058,0.2601743,0.06769067
8210,1,1,0.022959232,0.115526915,0.2751282295597068,0.25216898,0.06358919
8211,1,1,0.2913456,-0.1467793,-0.2305067126918181,0.5218523,0.27232984
8212,1,0,-0.02812624,0.18321681,-0.1242144911231326,0.09608825,0.009232952
8213,1,0,0.03859806,0.092089176,-0.0671268323723079,0.10572489,0.011177753
8214,1,0,0.07454467,0.036435366,-0.1370695083230608,0.21161418,0.04478056
8215,1,0,0.030513763,0.10430884,-0.0731843668604472,0.10369813,0.010753302
8216,1,0,0.07072687,0.042366028,0.0374935387423223,0.033233333,0.0011044544
8217,1,0,0.1406002,-0.040358067,-0.1052741161405443,0.24587432,0.06045418
8218,1,0,0.05051613,0.073780775,-0.1193998256644355,0.16991594,0.028871428
8219,1,0,0.04162693,0.087465286,-0.1198690571727771,0.16149598,0.026080953
8220,1,0,0.04133153,0.08791685,-0.0647524322549046,0.10608396,0.011253807
8221,1,0,0.07604122,0.03411436,-0.0235666489930777,0.09960787,0.009921728
8222,1,0,0.10202098,0.0026323795,-0.1466063839708145,0.24862736,0.061815567
8223,1,0,0.024518967,0.11322904,-0.1896230118046147,0.21414198,0.04585679
8224,1,0,-0.002494812,0.15135455,-0.1681555564907704,0.16566074,0.02744348
8225,1,0,0.010980368,0.13281536,-0.2544185296436247,0.2653989,0.07043657
8226,1,0,-0.043097258,0.199337,-0.1801880407837885,0.13709079,0.018793885
8227,1,0,0.0034263134,0.14334059,-0.1031964376116834,0.10662275,0.011368411
8228,1,0,0.051824093,0.07175732,-0.1510973745426596,0.20292147,0.04117712
8229,1,0,0.02169633,0.11738038,-0.1623295925010772,0.18402593,0.03386554
8230,1,0,0.014639616,0.12760758,-0.0543660026155876,0.06900562,0.004761776
8231,1,0,0.082589865,0.025237083,-0.2715986161379384,0.35418847,0.12544948
8232,1,0,-0.053844452,0.20961761,-0.2423737448892704,0.1885293,0.035543296
8233,1,0,-0.035558224,0.19147038,-0.2102603297636878,0.17470211,0.030520827
8234,1,0,-0.015438557,0.16806126,-0.2842661871984937,0.26882762,0.072268285
8235,1,0,-0.061763525,0.21645617,-0.2025878637009648,0.14082433,0.019831493
8236,1,0,-0.010627508,0.16198969,-0.2750772997184478,0.2644498,0.0699337
8237,1,0,-0.056019545,0.21156049,-0.4196578804425721,0.36363834,0.13223284
8238,1,0,-0.14611626,0.24617624,-0.529969634779087,0.38385338,0.14734341
8239,1,0,-0.21442533,0.21271491,-0.3752654941454865,0.16084018,0.025869565
8240,1,0,-0.118518114,0.24540997,-0.6290247893525751,0.5105067,0.26061708
8241,1,0,-0.275414,0.14834428,-0.6475649752472417,0.37215096,0.13849634
8242,1,0,-0.28679037,0.13367414,-0.5576645120678076,0.27087414,0.0733728
8243,1,0,-0.2315116,0.1974585,-0.6417189641156997,0.4102074,0.1682701
8244,1,0,-0.28320456,0.13837218,-0.4577655286680455,0.17456096,0.03047153
8245,1,0,-0.16975808,0.24002886,-0.4086719636101366,0.2389139,0.057079848
8246,1,0,-0.139292,0.24679685,-0.2261625670700584,0.086870566,0.007546495
8247,1,0,-0.02540493,0.1800754,-0.2150475912710034,0.18964267,0.03596434
8248,1,0,-0.018440008,0.17176104,-0.3238420482125632,0.30540204,0.093270406
8249,1,0,-0.08647537,0.23351336,-0.2544398531221032,0.16796449,0.028212069
8250,1,0,-0.04311061,0.19935083,-0.3796361652699276,0.33652556,0.11324945
8251,1,0,-0.12123823,0.24587488,-0.4037505632995346,0.28251234,0.07981322
8252,1,0,-0.13623357,0.24690366,-0.2244812695972116,0.0882477,0.007787657
8253,1,0,-0.024351358,0.17884398,-0.2026249022544495,0.17827354,0.031781457
8254,1,0,-0.010650635,0.1620202,-0.2439166800932235,0.23326604,0.054413047
8255,1,0,-0.03652382,0.19250774,-0.1790988286617754,0.14257501,0.020327633
8256,1,0,0.004110098,0.14240098,-0.2367367144531624,0.24084681,0.05800719
8257,1,0,-0.032028675,0.18761039,0.0688905330624263,0.10091921,0.010184687
8258,1,0,0.160465,-0.06140113,0.1375107767183085,0.022954226,0.00052689645
8259,1,0,0.20394039,-0.10473013,0.1853833486892169,0.018557042,0.0003443638
8260,1,0,0.2343154,-0.13287425,0.2181774860305592,0.016137913,0.00026043222
8261,1,0,0.25514293,-0.14788556,0.3934231490508462,0.13828021,0.019121418
8262,1,0,0.40828466,-0.1317761,0.2917322785773408,0.11655238,0.013584458
8263,1,0,0.30667138,-0.14365172,0.2683578710401408,0.038313508,0.0014679249
8264,1,0,0.28703952,-0.14769149,0.1513662493538472,0.13567327,0.018407237
8265,1,0,0.21272802,-0.11304283,0.0118117771379164,0.20091625,0.04036734
8266,1,0,0.12436485,-0.022595882,0.0144787703264488,0.10988608,0.01207495
8267,1,0,0.12605023,-0.024463415,0.1060422832172349,0.020007953,0.00040031818
8268,1,1,0.18399358,-0.08531141,-0.05299107642618,0.23698466,0.056161728
8269,1,1,0.083456755,0.02421689,0.1911622742996219,0.10770552,0.011600479
8270,1,1,0.2379849,-0.1361661,0.0160736690935334,0.22191122,0.04924459
8271,1,1,0.1270585,-0.025576591,0.1102905033325019,0.016768001,0.00028116585
8272,1,1,0.18668532,-0.08797741,-0.2379329375988153,0.42461824,0.18030065
8273,1,1,-0.032777548,0.18843865,0.156029342702638,0.18880689,0.03564804
8274,1,1,0.2156868,-0.1158092,-0.1253844682574949,0.34107125,0.116329595
8275,1,1,0.0378623,0.093209505,0.2616238908565731,0.22376159,0.05006925
8276,1,1,0.28275752,-0.1483903,-0.1564439555307797,0.43920147,0.19289793
8277,1,1,0.01833725,0.122277975,0.1691680233797363,0.15083078,0.022749923
8278,1,1,0.2240231,-0.12352109,-0.1999925861059361,0.4240157,0.17978932
8279,1,1,-0.009000301,0.15989733,0.3908121494183327,0.39981246,0.15985
8280,1,1,0.40568376,-0.13290358,-0.5455238253935346,0.9512076,0.9047959
8281,1,1,-0.22402477,0.2044406,0.5536818257678551,0.7777066,0.6048276
8282,1,1,0.5670197,0.112054825,-0.5684392884298646,1.135459,1.2892671
8283,1,1,-0.23815203,0.19089651,0.4224433857711434,0.6605954,0.43638632
8284,1,1,0.43716502,-0.116279125,-0.3708816400488648,0.8080467,0.65293944
8285,1,1,-0.11578941,0.24485755,0.3085163663285812,0.42430577,0.18003538
8286,1,1,0.32348394,-0.14490223,-0.4520216667449643,0.7755056,0.60140896
8287,1,1,-0.16619754,0.24134326,0.5189134089570806,0.6851109,0.46937698
8288,1,1,0.5327444,0.028136253,-0.4596972913265733,0.9924417,0.9849405
8289,1,1,-0.1709559,0.23955631,0.3880182142402448,0.55897415,0.3124521
8290,1,1,0.40289998,-0.13406038,-0.4542128269895493,0.85711277,0.73464227
8291,1,1,-0.16755652,0.24085712,0.2831537396762127,0.45071027,0.20313974
8292,1,1,0.29807186,-0.14542532,-0.3138553121213161,0.61192715,0.37445483
8293,1,1,-0.080243826,0.22984266,0.2819438349264689,0.36218765,0.1311799
8294,1,1,0.2968588,-0.14564848,-0.2908933373003113,0.5877521,0.34545255
8295,1,1,-0.06590462,0.21977353,0.1604962520051605,0.22640087,0.051257353
8296,1,1,0.2185204,-0.11844444,-0.0522383848784637,0.27075878,0.073310316
8297,1,1,0.08393121,0.02365923,-0.0058756461239584,0.089806855,0.008065271
8298,1,1,0.11319089,-0.010087967,0.0916191718988943,0.021571718,0.00046533902
8299,1,1,0.17485642,-0.07615733,-0.02180944789986,0.19666587,0.038677465
8300,1,1,0.103129864,0.001360178,-0.039434280677141,0.14256415,0.020324536
8301,1,1,0.092007875,0.014209747,0.0842836885284152,0.0077241883,5.9663085e-05
8302,1,1,0.1702106,-0.07143879,0.070833345115969,0.09937725,0.009875839
8303,1,1,0.16169477,-0.062678576,-0.0791690069286334,0.24086377,0.058015354
8304,1,1,0.06695604,0.04823351,0.0111726740072155,0.05578337,0.003111784
8305,1,1,0.12396121,-0.022147179,0.0441099001889386,0.079851314,0.0063762325
8306,1,1,0.14478469,-0.044855118,0.0559952582194234,0.08878943,0.007883564
8307,1,1,0.15230393,-0.05284977,-0.0812503622280171,0.2335543,0.05454761
8308,1,1,0.0656445,0.05027485,-0.0810753464822111,0.14671984,0.021526713
8309,1,1,0.06575513,0.050102472,-0.0176305279800019,0.08338566,0.0069531687
8310,1,1,0.10576844,-0.0016582012,0.188775939514513,0.0830075,0.006890245
8311,1,1,0.23646998,-0.13480926,-0.260467074075033,0.49693707,0.24694645
8312,1,1,-0.046882153,0.20308518,0.1969261571597349,0.24380831,0.059442494
8313,1,1,0.24164486,-0.13942862,-0.2889738535396637,0.5306187,0.28155622
8314,1,1,-0.06470537,0.2188313,0.2973891604163743,0.36209452,0.13111244
8315,1,1,0.31233907,-0.14294982,-0.1028782204407998,0.41521728,0.17240539
8316,1,1,0.052024126,0.07144666,0.0772804352770122,0.025256306,0.000637881
8317,1,1,0.16577649,-0.06689453,0.0707411990227209,0.09503529,0.0090317065
8318,1,1,0.16163659,-0.06261754,-0.0922030967780949,0.25383967,0.06443458
8319,1,1,0.0587461,0.061012506,0.0163998186012759,0.04234628,0.0017932075
8320,1,1,0.1272645,-0.025803566,0.1099183731708288,0.017346129,0.00030088818
8321,1,1,0.18644977,-0.08774495,-0.1975235874860872,0.38397336,0.14743555
8322,1,1,-0.007451296,0.1578896,0.1520945067548531,0.15954581,0.025454866
8323,1,1,0.21319032,-0.11347604,-0.0850562161363037,0.29824653,0.08895099
8324,1,1,0.063247204,0.054006815,0.042247299487268,0.020999905,0.000440996
8325,1,1,0.14360666,-0.04359317,-0.0382053783715741,0.18181205,0.033055622
8326,1,1,0.092782974,0.013307333,0.1921027671616753,0.099319786,0.00986442
8327,1,1,0.23858213,-0.13669991,-0.0814692382694688,0.32005137,0.102432884
8328,1,1,0.0655067,0.050489426,0.0810689996763072,0.015562303,0.00024218528
8329,1,1,0.16817498,-0.06935763,0.0239304051884894,0.14424458,0.020806499
8330,1,1,0.13202453,-0.031037807,-0.0068923732124352,0.1389169,0.019297903
8331,1,1,0.11254883,-0.009362221,-0.0905786676263229,0.2031275,0.041260783
8332,1,1,0.059768915,0.059421062,0.3332999924701929,0.27353108,0.07481925
8333,1,1,0.34828115,-0.1461649,-0.3142839029082602,0.66256505,0.43899244
8334,1,1,-0.080510855,0.23000884,0.281712180014054,0.36222303,0.13120553
8335,1,1,0.29662633,-0.1456902,-0.2177383977944704,0.5143647,0.26457107
8336,1,1,-0.020125628,0.17380953,0.3229132385130855,0.34303886,0.117675655
8337,1,1,0.33789325,-0.14615417,-0.1402115928684124,0.47810483,0.22858423
8338,1,1,0.028538704,0.10726309,0.1580752061068233,0.12953651,0.016779708
8339,1,1,0.21698451,-0.11701846,-0.1270467383081235,0.34403124,0.118357494
8340,1,1,0.036816597,0.09479809,0.0704932426229629,0.033676647,0.0011341166
8341,1,1,0.16147947,-0.06245494,-0.1606518257510329,0.3221313,0.10376858
8342,1,1,0.015693665,0.12609506,0.0492027905572762,0.033509128,0.0011228616
8343,1,1,0.14800644,-0.048294067,-0.1633405699821417,0.311347,0.096936956
8344,1,1,0.0140042305,0.12851596,0.1911122821995374,0.17710805,0.03136726
8345,1,1,0.23795295,-0.13613772,-0.2408827870389873,0.47883573,0.22928366
8346,1,1,-0.03462434,0.19045997,0.2919959056558667,0.32662025,0.10668079
8347,1,1,0.30693555,-0.14359236,-0.1751308734388748,0.48206642,0.23238803
8348,1,1,0.006600857,0.13895655,0.1636544103325041,0.15705356,0.024665821
8349,1,1,0.22052455,-0.120299816,-0.022468739161491,0.2429933,0.059045743
8350,1,1,0.10271406,0.0018377304,-0.1744490159319625,0.2771631,0.076819375
8351,1,1,0.007028818,0.13836074,0.1318007282071129,0.12477191,0.015568029
8352,1,1,0.20031977,-0.10126209,-0.0791911271611716,0.2795109,0.07812633
8353,1,1,0.06694174,0.048255205,0.0589785385062073,0.007963199,6.341254e-05
8354,1,1,0.15419173,-0.05483985,-0.0981300560272195,0.25232178,0.063666284
8355,1,1,0.05501342,0.066811085,0.1285531195989326,0.073539704,0.005408088
8356,1,1,0.19826102,-0.09927893,-0.0349601956391398,0.23322122,0.054392137
8357,1,1,0.09483051,0.010930061,-0.0854363897847596,0.1802669,0.032496154
8358,1,1,0.06300783,0.05437994,0.1485902107367294,0.085582376,0.007324343
8359,1,1,0.21096754,-0.111388445,-0.0277205818410455,0.23868813,0.056972023
8360,1,1,0.09939909,0.0056483746,0.0845006278682429,0.014898464,0.00022196423
8361,1,1,0.17034817,-0.0715785,-0.158862339278397,0.32921052,0.108379565
8362,1,1,0.016817808,0.12447548,0.3210897091835929,0.3042719,0.09258139
8363,1,1,0.33606863,-0.14607477,-0.1931037967219016,0.5291724,0.28002346
8364,1,1,-0.0046789646,0.15425444,0.1951248568261179,0.19980381,0.039921563
8365,1,1,0.24050093,-0.1384108,-0.2353608659668364,0.4758618,0.22644444
8366,1,1,-0.031166553,0.1866517,0.2287836070882343,0.25995016,0.067574084
8367,1,1,0.26188183,-0.14880848,-0.2875619475914401,0.5494438,0.30188847
8368,1,1,-0.06382322,0.21812868,0.2784133718855557,0.3422366,0.1171259
8369,1,1,0.29343462,-0.14626122,-0.2769705324370273,0.5704051,0.325362
8370,1,1,-0.057203293,0.21259737,0.2741768862793181,0.3313802,0.109812826
8371,1,1,0.2907405,-0.14691997,-0.3274164968250068,0.618157,0.3821181
8372,1,1,-0.08870506,0.23472142,0.169801819859193,0.2585069,0.066825815
8373,1,1,0.22442532,-0.123889446,-0.1157868385843055,0.34021217,0.115744315
8374,1,1,0.043900013,0.0839808,0.0254617165199464,0.018438296,0.00033997078
8375,1,1,0.13299227,-0.032096863,-0.2684499099350268,0.40144217,0.16115582
8376,1,1,-0.051875114,0.2078197,0.4210796147662021,0.47295472,0.22368617
8377,1,1,0.43580937,-0.11712718,-0.2589740885498384,0.69478345,0.48272404
8378,1,1,-0.04594803,0.20217323,0.1581076599663013,0.20405568,0.04163872
8379,1,1,0.21700454,-0.1170373,-0.1688113737565775,0.38581592,0.14885393
8380,1,1,0.010568619,0.13339782,0.0677981066161463,0.05722949,0.0032752145
8381,1,1,0.15977359,-0.06068158,-0.1989174837093981,0.35869107,0.12865928
8382,1,1,-0.008325815,0.15902472,0.2419109373609784,0.25023675,0.062618434
8383,1,1,0.2702248,-0.14923716,-0.3616159334488817,0.6318407,0.39922267
8384,1,1,-0.11002064,0.24340677,0.4036100606374142,0.5136307,0.26381648
8385,1,1,0.4184289,-0.12695384,-0.3336136063857684,0.75204253,0.565568
8386,1,1,-0.09256983,0.23668194,0.2857524314913751,0.37832227,0.14312774
8387,1,1,0.30067706,-0.1449244,-0.2525832591274413,0.5532603,0.306097
8388,1,1,-0.041949272,0.19817305,0.0708542421322762,0.11280351,0.012724632
8389,1,1,0.16170835,-0.06269145,0.0283440803718444,0.13336428,0.01778603
8390,1,1,0.13481474,-0.03408575,-0.0616348426569253,0.19644958,0.038592435
8391,1,1,0.078006506,0.031069517,0.2239837990496158,0.14597729,0.021309368
8392,1,1,0.25883222,-0.14845443,-0.2065446983867045,0.4653769,0.21657567
8393,1,1,-0.01310873,0.1651423,0.1880334200707225,0.20114215,0.040458165
8394,1,1,0.23599815,-0.13438654,-0.204922335576303,0.44092047,0.19441086
8395,1,1,-0.012091398,0.16385484,0.2088657294370017,0.22095713,0.048822053
8396,1,1,0.24922776,-0.14611936,-0.3062729579416818,0.55550075,0.30858108
8397,1,1,-0.0755105,0.22676659,0.3113405965194835,0.3868511,0.14965378
8398,1,1,0.32631135,-0.14526153,-0.3014999285817938,0.6278113,0.39414704
8399,1,1,-0.07253027,0.2247026,0.1891895485370249,0.26171982,0.06849726
8400,1,1,0.23673224,-0.13504505,-0.2098058235891065,0.44653806,0.19939624
8401,1,1,-0.015153885,0.16770649,0.2139075818461862,0.22906147,0.052469157
8402,1,1,0.2524302,-0.14736938,-0.2066368200465937,0.45906702,0.21074253
8403,1,1,-0.013166904,0.16521549,0.1679223231134408,0.18108922,0.032793306
8404,1,1,0.22323275,-0.12279463,-0.1533230278272466,0.37655577,0.14179425
8405,1,1,0.020298004,0.11942577,0.1542923372042159,0.13399433,0.01795448
8406,1,1,0.21458483,-0.1147809,-0.1338372279410853,0.34842205,0.12139793
8407,1,1,0.03254628,0.10125518,0.336807970598628,0.30426168,0.09257517
8408,1,1,0.35178804,-0.14600062,-0.4177512042889706,0.76953924,0.5921906
8409,1,1,-0.14493203,0.24632096,0.2794095943905157,0.42434162,0.18006581
8410,1,1,0.29431725,-0.14609337,-0.1760220254406372,0.47033927,0.22121903
8411,1,1,0.006041527,0.13973308,0.1826951073919116,0.17665358,0.031206487
8412,1,1,0.23260903,-0.13133597,-0.1360861718120727,0.3686952,0.13593616
8413,1,1,0.03113246,0.103381634,0.1172745006318116,0.08614204,0.0074204514
8414,1,1,0.19111133,-0.09232974,0.0811933957381985,0.10991793,0.012081952
8415,1,1,0.1682539,-0.06943846,0.0768965563721155,0.09135734,0.008346164
8416,1,1,0.16553307,-0.06664443,-0.0554833275886426,0.22101639,0.048848245
8417,1,1,0.08188486,0.026067257,-0.1634128226373512,0.24529769,0.060170956
8418,1,1,0.013959408,0.12858105,0.1079987065633094,0.0940393,0.008843389
8419,1,1,0.18523312,-0.08654213,-0.1647698509160204,0.35000297,0.12250208
8420,1,1,0.013106823,0.12979698,0.2446163492092363,0.23150952,0.053596657
8421,1,1,0.27194452,-0.14922571,-0.1759688061025852,0.44791335,0.20062637
8422,1,1,0.0060744286,0.1396873,0.151628979914896,0.14555456,0.02118613
8423,1,1,0.21289515,-0.11319947,-0.1385306526699898,0.35142583,0.12350011
8424,1,1,0.029594898,0.1056838,0.31090209293605,0.2813072,0.079133734
8425,1,1,0.32587266,-0.14520907,-0.2835806510074392,0.6094533,0.37143335
8426,1,1,-0.061335087,0.21610355,0.2161293317174717,0.27746442,0.07698651
8427,1,1,0.2538414,-0.14764881,-0.2406168302869669,0.49445823,0.24448894
8428,1,1,-0.03445816,0.190279,0.4367517213417988,0.47120988,0.22203876
8429,1,1,0.4513831,-0.106675625,-0.5894184837952969,1.0408015,1.0832678
8430,1,1,-0.25107002,0.17719436,0.5225447286240885,0.77361476,0.5984798
8431,1,1,0.53632855,0.03709197,-0.4645422655352762,1.0008708,1.0017424
8432,1,1,-0.17395782,0.23830628,0.351031714151504,0.52498955,0.27561402
8433,1,1,0.3660009,-0.14446688,-0.1606018898424737,0.52660275,0.27731046
8434,1,1,0.015725136,0.12605023,0.0212153159824914,0.00549018,3.0142077e-05
8435,1,1,0.13030839,-0.029155254,-0.15472735130977,0.28503573,0.08124537
8436,1,1,0.019415379,0.12071085,0.1638234075117104,0.14440803,0.02085368
8437,1,1,0.2206316,-0.12039852,-0.1675412346335245,0.38817284,0.15067814
8438,1,1,0.011366367,0.13226938,0.0753389015096153,0.06397253,0.004092485
8439,1,1,0.1645472,-0.06562805,0.0708370931668991,0.09371011,0.008781585
8440,1,1,0.16169715,-0.06268048,0.0368964696856939,0.12480068,0.015575211
8441,1,1,0.14022255,-0.039951086,0.039693093702561,0.100529455,0.0101061715
8442,1,1,0.14199162,-0.041857243,0.0091208175618473,0.1328708,0.017654648
8443,1,1,0.12266445,-0.020706892,0.108169378714495,0.014495075,0.00021010719
8444,1,1,0.18534112,-0.086648226,-0.0041325713782196,0.18947369,0.03590028
8445,1,1,0.114292145,-0.011329889,0.0546586162371065,0.059633527,0.0035561575
8446,1,1,0.15145826,-0.05195594,0.0334228148141644,0.11803545,0.013932368
8447,1,1,0.138026,-0.037575006,0.0511723057630528,0.0868537,0.007543565
8448,1,1,0.14925218,-0.049619675,-0.081549499656599,0.23080167,0.053269412
8449,1,1,0.06545639,0.050568104,-0.1221369054542531,0.1875933,0.035191245
8450,1,1,0.03990507,0.09009671,0.1642457954329974,0.12434073,0.015460617
8451,1,1,0.22089958,-0.120646,-0.1975235033774156,0.4184231,0.17507789
8452,1,1,-0.007451296,0.1578896,-0.0576276961816408,0.0501764,0.002517671
8453,1,1,0.08053303,0.027662277,0.0668314484193488,0.01370158,0.00018773331
8454,1,1,0.15916157,-0.06004381,-0.1023597282223343,0.26152128,0.06839338
8455,1,1,0.052350998,0.07094002,-0.0335025293114816,0.08585353,0.007370829
8456,1,1,0.09575009,0.009863853,-0.0541265292102335,0.14987662,0.022463003
8457,1,1,0.082740545,0.025059462,0.1725071266552604,0.08976658,0.008058039
8458,1,1,0.2261424,-0.12546134,-0.3235639848690388,0.5497064,0.30217713
8459,1,1,-0.08630204,0.23341727,0.2563838294164515,0.34268588,0.11743361
8460,1,1,0.27942538,-0.14878988,-0.1659953837007237,0.44542077,0.19839966
8461,1,1,0.012337208,0.13089275,0.175161220412868,0.16282402,0.026511662
8462,1,1,0.22782731,-0.12699819,-0.0965859742087693,0.3244133,0.10524399
8463,1,1,0.055985928,0.06530142,0.0791147045349949,0.023128778,0.00053494034
8464,1,1,0.16693759,-0.06808853,-0.0919939532332883,0.25893155,0.06704555
8465,1,1,0.058877707,0.06080699,-0.045436576525168,0.10431428,0.01088147
8466,1,1,0.08822107,0.018627405,0.1091480461696727,0.020926975,0.00043793826
8467,1,1,0.18596148,-0.08726239,-0.0058831580220388,0.19184464,0.036804367
8468,1,1,0.11318612,-0.010082483,0.1575767992680123,0.04439068,0.0019705324
8469,1,1,0.21666837,-0.116724014,-0.0325647901292751,0.24923316,0.062117167
8470,1,1,0.09634209,0.009179354,-0.1708096091136126,0.2671517,0.071370035
8471,1,1,0.009314299,0.1351645,0.0492532824564579,0.039938983,0.0015951223
8472,1,1,0.14803863,-0.048328638,-0.0656763483428974,0.21371497,0.04567409
8473,1,1,0.075459,0.035017252,0.096162310343586,0.020703308,0.00042862698
8474,1,1,0.17773414,-0.07905865,-0.0652884033451086,0.24302253,0.05905995
8475,1,1,0.075703144,0.03463769,-0.0324440785870905,0.10814722,0.011695821
8476,1,1,0.096417904,0.0090909,-0.09445685814222,0.19087476,0.03643317
8477,1,1,0.057326794,0.06321907,0.1449013754191175,0.087574586,0.007669308
8478,1,1,0.2086277,-0.10918164,-0.2603582255107524,0.46898592,0.21994779
8479,1,1,-0.046814203,0.20301914,0.2194499897884263,0.2662642,0.070896626
8480,1,1,0.25595164,-0.14802337,-0.1378155050063712,0.39376715,0.15505257
8481,1,1,0.030044317,0.10501099,0.2792803011591926,0.24923599,0.06211858
8482,1,1,0.2941873,-0.14611602,-0.2231766674221083,0.51736397,0.26766548
8483,1,1,-0.02353406,0.177881,0.0574260245403608,0.08096008,0.0065545347
8484,1,1,0.15320945,-0.053805113,-0.009991245450124,0.16320069,0.026634466
8485,1,1,0.11059189,-0.007146597,-0.066741281610529,0.17733318,0.031447057
8486,1,1,0.07478809,0.036058426,0.0257504587353505,0.049037635,0.0024046898
8487,1,1,0.13317537,-0.03229642,-0.0391182807626115,0.17229366,0.029685106
8488,1,1,0.092206955,0.013977766,-0.0304825050299877,0.122689456,0.015052702
8489,1,1,0.09765601,0.0076594353,-0.0502162268303676,0.14787224,0.021866199
8490,1,1,0.08520651,0.022160053,0.1290298472017674,0.04382333,0.0019204844
8491,1,1,0.1985631,-0.09957099,-0.0629566246331276,0.26151973,0.06839257
8492,1,1,0.07717347,0.032360315,0.0423418601717475,0.03483161,0.001213241
8493,1,1,0.14366674,-0.043656826,-0.1782278625773616,0.3218946,0.103616126
8494,1,1,0.0046565533,0.14164758,0.1598732879076156,0.15521674,0.024092237
8495,1,1,0.21812534,-0.11807823,-0.2846385712727866,0.5027639,0.25277156
8496,1,1,-0.06199622,0.21664739,0.5539089190118145,0.61590517,0.37933916
8497,1,1,0.56724334,0.11258936,-0.6318425253063324,1.199086,1.4378071
8498,1,1,-0.27714348,0.14615941,0.4527527539496603,0.7298962,0.53274846
8499,1,1,0.46726704,-0.09663677,-0.6070876914078571,1.0743546,1.1542379
8500,1,1,-0.26193714,0.16477466,0.4564495640979982,0.7183867,0.5160795
8501,1,1,0.47093368,-0.093984604,-0.3379226009077798,0.80885625,0.6542484
8502,1,1,-0.095257044,0.2379446,0.1819321450692435,0.2771892,0.07683385
8503,1,1,0.23212504,-0.13089824,-0.036760602745864,0.26888564,0.07229949
8504,1,1,0.09369469,0.012247801,0.0138497081036255,0.07984498,0.006375221
8505,1,1,0.12565303,-0.024022818,-0.1465764104012046,0.27222943,0.07410886
8506,1,1,0.024537802,0.11320138,0.3620724885114255,0.3375347,0.113929674
8507,1,1,0.3770244,-0.14232516,-0.2682445022294857,0.6452689,0.41637197
8508,1,1,-0.051746607,0.20770049,0.4720993108142446,0.5238459,0.27441454
8509,1,1,0.4864471,-0.08098173,-0.5195696613270204,1.0060167,1.0120697
8510,1,1,-0.20800257,0.21780634,0.4418639922100338,0.6498666,0.42232656
8511,1,1,0.45646024,-0.10350871,-0.2712745420647096,0.7277348,0.52959794
8512,1,1,-0.053642035,0.20943451,0.2035262792033876,0.2571683,0.06613553
8513,1,1,0.24583602,-0.1431377,-0.1698477496997328,0.41568378,0.172793
8514,1,1,0.0099179745,0.13431525,0.1610641279729829,0.15114616,0.022845162
8515,1,1,0.21888089,-0.118778706,-0.1923546441391677,0.41123554,0.16911466
8516,1,1,-0.0042083263,0.15363336,0.2361650840467066,0.24037342,0.05777938
8517,1,1,0.26657295,-0.14914727,-0.1721148166336372,0.43868777,0.19244696
8518,1,1,0.008494616,0.13631415,0.0468154181538342,0.038320802,0.0014684838
8519,1,1,0.1464963,-0.04668498,0.0068953977286985,0.1396009,0.019488413
8520,1,1,0.1212585,-0.01914072,0.0756134516616686,0.045645043,0.0020834699
8521,1,1,0.16472101,-0.06580806,-0.1939755593939756,0.35869658,0.12866324
8522,1,1,-0.00522542,0.15497589,0.1125193082165489,0.11774473,0.0138638215
8523,1,1,0.18809748,-0.08937049,-0.0580286123772819,0.24612609,0.06057805
8524,1,0,0.080280066,0.027961254,-0.1220355709089813,0.20231563,0.040931612
8525,1,0,0.03996849,0.089999676,-0.1021482707559804,0.14211676,0.020197172
8526,1,0,0.052483797,0.0707345,-0.0111418081097269,0.063625604,0.0040482176
8527,1,0,0.10986543,-0.0063226223,-0.0989245838664234,0.20879,0.043593265
8528,1,0,0.054512978,0.06758785,-0.1557021099685367,0.21021509,0.044190384
8529,1,0,0.01880312,0.121601105,-0.1519536252124638,0.17075674,0.029157866
8530,1,0,0.021158218,0.118168116,-0.2230177778621254,0.244176,0.05962192
8531,1,0,-0.023434639,0.1777637,0.0235633466582476,0.046997987,0.0022088108
8532,1,0,0.13179278,-0.030782938,0.0268728135503035,0.10491997,0.0110082
8533,1,0,0.13388467,-0.033071995,0.0051621956275846,0.12872247,0.016569475
8534,1,0,0.1201632,-0.017918348,-0.1693867052629714,0.2895499,0.08383914
8535,1,0,0.010207415,0.13390684,-0.1026915856280212,0.112899,0.012746184
8536,1,0,0.052141666,0.07126427,0.1318349965094958,0.07969333,0.006351027
8537,1,0,0.2003417,-0.101282835,0.2963086515701629,0.095966965,0.009209658
8538,1,0,0.3112564,-0.14271331,0.3190354696226132,0.007779062,6.05138e-05
8539,1,0,0.334013,-0.1459589,0.4596365866635703,0.12562361,0.015781293
8540,1,0,0.47409463,-0.0915668,0.5830429370041603,0.10894829,0.01186973
8541,1,0,0.5958886,0.17997313,0.4292714742946808,0.16661716,0.027761277
8542,1,0,0.4439516,-0.11185527,0.2487670938098252,0.19518451,0.038096994
8543,1,0,0.27458286,-0.14914536,0.2767682627722414,0.0021854043,4.775992e-06
8544,1,0,0.29238868,-0.14652681,0.3824056402755649,0.09001696,0.008103053
8545,1,0,0.3973062,-0.13622808,0.2579257690815555,0.13938043,0.019426903
8546,1,0,0.28040576,-0.14868498,0.2331387959679478,0.04726696,0.0022341656
8547,1,0,0.2646494,-0.14903831,0.2182694740798494,0.046379924,0.0021510974
8548,1,0,0.25520182,-0.14789581,0.2704416441806105,0.015239835,0.00023225257
8549,1,0,0.28836465,-0.14743328,0.2187450914711215,0.06961955,0.004846882
8550,1,0,0.25550365,-0.14794827,0.0495374672681832,0.20596619,0.04242207
8551,1,0,0.14821815,-0.04851985,0.1277461332977973,0.02047202,0.0004191036
8552,1,0,0.19774914,-0.09878516,0.304693514518124,0.10694438,0.011437101
8553,1,0,0.31965542,-0.14432812,0.3577346818268982,0.03807926,0.0014500301
8554,1,0,0.3726945,-0.14326501,0.5182297422210302,0.14553523,0.021180503
8555,1,0,0.5320697,0.026444197,0.5371641893902681,0.005094528,2.5954218e-05
8556,1,0,0.55074835,0.07268906,0.6855618087224999,0.13481349,0.018174676
8557,1,0,0.69610476,0.39984417,0.714867616851119,0.018762827,0.0003520437
8558,1,0,0.72457623,0.45853162,0.5330870595408599,0.19148916,0.0366681
8559,1,0,0.5467286,0.06283426,0.476424477403115,0.070304126,0.00494267
8560,1,0,0.49073124,-0.07689309,0.4054395777236501,0.085291654,0.0072746663
8561,1,0,0.42024994,-0.12601566,0.3497601962933321,0.070489734,0.0049688024
8562,1,0,0.3647306,-0.14465976,0.3355783812821995,0.029152215,0.00084985164
8563,1,0,0.350559,-0.14606857,0.476366809037446,0.12580782,0.015827607
8564,1,0,0.4906745,-0.07694864,0.5014618512770692,0.010787368,0.00011636731
8565,1,0,0.51550484,-0.016697884,0.3430798042907255,0.17242503,0.02973039
8566,1,0,0.35805726,-0.14549518,0.3414236614988102,0.0166336,0.00027667664
8567,1,0,0.35640168,-0.14565563,0.5328340924032782,0.17643243,0.031128403
8568,1,0,0.546479,0.06222105,0.5659135999857754,0.01943463,0.00037770488
8569,1,0,0.5790551,0.14065766,0.4720284997432946,0.10702658,0.011454688
8570,1,0,0.48637676,-0.081046104,0.4261953563026965,0.06018141,0.003621802
8571,1,0,0.44089508,-0.113883495,0.3405418548822991,0.10035321,0.010070767
8572,1,0,0.3555205,-0.1457324,0.3111276042218538,0.044392884,0.0019707282
8573,1,0,0.3260982,-0.14523625,0.2139071347606846,0.112191066,0.012586836
8574,1,0,0.25242996,-0.14736938,0.4127987553120431,0.1603688,0.025718153
8575,1,0,0.4275732,-0.122027636,0.4212598895815063,0.006313324,3.985806e-05
8576,1,0,0.43598866,-0.11701512,0.2017068914293891,0.23428178,0.05488795
8577,1,0,0.24468112,-0.14211774,0.0665776556136537,0.17810346,0.031720843
8578,1,0,0.15900111,-0.05987692,0.0319822999290537,0.12701881,0.016133778
8579,1,0,0.13711524,-0.03658724,-0.132780440358327,0.26989567,0.07284367
8580,1,0,0.033210754,0.100254536,-0.0220605611409738,0.055271316,0.0030549185
8581,1,0,0.102971554,0.001541853,0.0050703488620524,0.0979012,0.009584646
8582,1,0,0.12010574,-0.017853975,-0.2259426920073184,0.3460484,0.11974951
8583,1,0,-0.025267124,0.17991519,-0.0421468118166799,0.016879689,0.0002849239
8584,1,0,0.09029579,0.01620388,-0.0698701274134632,0.16016592,0.025653122
8585,1,0,0.07281542,0.03911996,0.1840792802623654,0.11126386,0.012379645
8586,1,0,0.23348808,-0.13212848,0.3109128958067693,0.077424824,0.0059946035
8587,1,0,0.32588315,-0.14521098,0.2659130450879403,0.05997011,0.003596414
8588,1,0,0.2854848,-0.1479702,0.2758595616515102,0.009625226,9.264498e-05
8589,1,0,0.29181075,-0.14666796,0.3640216473595554,0.07221091,0.005214415
8590,1,0,0.37896967,-0.14186049,0.3601354785693385,0.018834203,0.0003547272
8591,1,0,0.37509108,-0.14276004,0.3326155353409787,0.04247555,0.0018041724
8592,1,0,0.34759736,-0.1461873,0.3047895678449039,0.042807788,0.0018325067
8593,1,0,0.31975222,-0.14434338,0.3309235906876915,0.011171371,0.00012479952
8594,1,0,0.34590507,-0.14622808,0.1938895859316241,0.15201548,0.023108706
8595,1,0,0.23971629,-0.137712,0.1937050786650833,0.04601121,0.0021170315
8596,1,0,0.23959947,-0.13760781,0.1017543167827139,0.13784516,0.019001288
8597,1,0,0.18127656,-0.08260703,0.0999449474059219,0.08133161,0.006614831
8598,1,0,0.18013,-0.08146119,0.2505167214653268,0.07038671,0.0049542887
8599,1,0,0.27569532,-0.1490879,0.1523225650239248,0.12337276,0.015220839
8600,1,0,0.21333504,-0.11361098,0.0087336159394042,0.20460142,0.041861743
8601,1,0,0.12242031,-0.020434618,-0.1371012344760624,0.25952154,0.06735143
8602,1,0,0.030493498,0.104338884,-0.3291507410831595,0.35964423,0.12934397
8603,1,0,-0.08978701,0.23528719,-0.1799718802451182,0.09018487,0.00813331
8604,1,0,0.003562212,0.1431539,-0.2434711319665878,0.24703334,0.061025474
8605,1,0,-0.036245108,0.19220924,-0.3908104940650192,0.35456538,0.12571661
8606,1,0,-0.12818885,0.24667263,-0.441863186436402,0.31367433,0.098391585
8607,1,0,-0.1598978,0.2433343,-0.5964505431915414,0.43655276,0.19057831
8608,1,0,-0.2553959,0.17234349,-0.6281684669571455,0.37277257,0.1389594
8609,1,0,-0.27488828,0.14900565,-0.7126671391411508,0.4377789,0.19165036
8610,1,0,-0.32663608,0.040420532,-0.8919748104154146,0.56533873,0.31960788
8611,1,0,-0.44377255,-0.26011014,-0.9209881950194436,0.47721565,0.22773477
8612,1,0,-0.4638412,-0.30464554,-1.0691136652822046,0.6052724,0.3663547
8613,1,0,-0.565953,-0.5071449,-1.2086996372651564,0.64274657,0.41312316
8614,1,0,-0.6615536,-0.6617129,-1.1889326585023812,0.52737904,0.27812865
8615,1,0,-0.6480572,-0.6417525,-1.2332712868518343,0.585214,0.34247544
8616,1,0,-0.6783104,-0.68570924,-1.467968019702785,0.7896576,0.6235591
8617,0,0,-1.4461803,-0.8759446,-1.5017884129088943,0.055608034,0.0030922533
8618,0,0,-1.4763983,-0.89847064,-1.6253958448814048,0.14899755,0.022200268
8619,0,0,-1.5835444,-0.9725616,-1.6720645178304123,0.08852017,0.00783582
8620,0,0,-1.6224961,-0.9975562,-1.815328305456583,0.19283223,0.03718427
8621,0,0,-1.7362921,-1.0657797,-1.820897316748234,0.08460522,0.007158043
8622,0,0,-1.7405308,-1.0682003,-1.8170792443110453,0.07654834,0.005859648
8623,0,0,-1.7376262,-1.0665429,-1.7547718850734568,0.017145634,0.00029397276
8624,0,0,-1.6892928,-1.0383947,-1.7552089760800718,0.06591618,0.004344943
8625,0,0,-1.6896384,-1.0385993,-1.750213632381092,0.060575247,0.0036693604
8626,0,0,-1.6856886,-1.0362511,-1.700870120921429,0.015181541,0.0002304792
8627,0,0,-1.6460925,-1.012259,-1.625836056117851,0.02025652,0.00041032658
8628,0,0,-1.5839163,-0.9728048,-1.3588796984529086,0.22503662,0.05064148
8629,0,0,-1.3465453,-0.7955415,-1.2234943959777584,0.12305093,0.015141531
8630,0,0,-1.2195461,-0.6762674,-1.2557243104671625,0.03617823,0.0013088644
8631,0,0,-1.2500125,-0.7068763,-1.2862218916596055,0.036209345,0.0013111166
8632,0,0,-1.2787286,-0.7345121,-1.396902640868255,0.118174076,0.013965112
8633,0,0,-1.3816125,-0.82499504,-1.3793157425786038,0.0022968054,5.275315e-06
8634,0,0,-1.3654333,-0.81157255,-1.368754370232351,0.0033210516,1.1029384e-05
8635,0,0,-1.3556837,-0.8033471,-1.507332435481574,0.15164876,0.022997346
8636,0,0,-1.4813176,-0.90206385,-1.4264857199622836,0.054831862,0.0030065333
8637,0,0,-1.4086555,-0.84682727,-1.4093753673409,0.0007197857,5.1809144e-07
8638,0,0,-1.3930413,-0.83431244,-1.3752497952313656,0.01779151,0.00031653783
8639,0,0,-1.3616827,-0.80842066,-1.396074769450051,0.03439212,0.0011828179
8640,0,0,-1.3808523,-0.82437134,-1.29274536831002,0.08810699,0.007762842
8641,0,0,-1.2848544,-0.74026203,-1.2873743480153823,0.0025199652,6.3502243e-06
8642,0,0,-1.2798116,-0.73553157,-1.3128111467252348,0.032999516,0.001088968
8643,0,0,-1.3036544,-0.757606,-1.409509904428493,0.105855465,0.01120538
8644,0,0,-1.3931643,-0.8344126,-1.434475694954338,0.041311383,0.0017066303
8645,0,0,-1.4159203,-0.85256886,-1.4956031518879105,0.079682946,0.0063493717
8646,0,0,-1.4708984,-0.89442897,-1.6769140638232458,0.2060157,0.04244247
8647,0,0,-1.6264931,-1.0000694,-1.795779219979858,0.16928613,0.028657794
8648,0,0,-1.7213008,-1.0571561,-1.77046017173417,0.04915929,0.0024166356
8649,0,0,-1.7016277,-1.0456822,-1.6710243412372543,0.030603409,0.00093656866
8650,0,0,-1.6216376,-0.997015,-1.5218687240625113,0.09976888,0.0099538285
8651,0,0,-1.4941686,-0.9113579,-1.544354762255553,0.050186157,0.0025186504
8652,0,0,-1.513908,-0.9253783,-1.4838817644712998,0.030026317,0.0009015797
8653,0,0,-1.4604428,-0.8866749,-1.1816701970643742,0.2787726,0.07771416
8654,0,0,-1.1798786,-0.6342683,-1.1972713285872931,0.017392755,0.00030250792
8655,0,0,-1.1946889,-0.6502452,-1.2248885136943812,0.030199647,0.0009120187
8656,0,0,-1.2208661,-0.6776228,-1.2815425598991588,0.060676455,0.0036816322
8657,0,0,-1.2743311,-0.73035264,-1.437503962209762,0.16317284,0.026625376
8658,0,0,-1.418669,-0.85472775,-1.4574234207312269,0.038754463,0.0015019084
8659,0,0,-1.4366881,-0.86870265,-1.477556996536035,0.04086888,0.0016702652
8660,0,0,-1.4547833,-0.88243866,-1.4396096968579848,0.015173674,0.00023024037
8661,0,0,-1.4205793,-0.8562236,-1.4336284371098793,0.013049126,0.00017027969
8662,0,0,-1.4151508,-0.85196304,-1.5862567507621057,0.17110598,0.029277258
8663,0,0,-1.5502175,-0.9504044,-1.5182536701448353,0.031963825,0.0010216861
8664,0,0,-1.4909792,-0.9090631,-1.570486593611924,0.07950735,0.006321419
8665,0,0,-1.5366263,-0.941149,-1.47235131253497,0.06427503,0.004131279
8666,0,0,-1.450116,-0.87892365,-1.470159192630757,0.020043135,0.00040172724
8667,0,0,-1.4481484,-0.87743616,-1.4733808133215074,0.025232434,0.00063667574
8668,0,0,-1.4510399,-0.879621,-1.4065755315452515,0.04446435,0.0019770784
8669,0,0,-1.3904791,-0.8322358,-1.3034231386677289,0.08705592,0.0075787334
8670,0,0,-1.2948667,-0.74955535,-1.26852729493617,0.026339412,0.0006937646
8671,0,0,-1.262083,-0.71863055,-1.4638818683248211,0.2017988,0.040722754
8672,0,0,-1.4425054,-0.8731508,-1.3289936391364594,0.11351168,0.012884902
8673,0,0,-1.3187666,-0.7712238,-1.2900115370069614,0.028755069,0.00082685397
8674,0,0,-1.2822886,-0.7378595,-1.119368651465274,0.16291988,0.026542887
8675,0,0,-1.1206552,-0.5665724,-1.0588657379193305,0.061789393,0.0038179292
8676,0,0,-1.0619152,-0.4944706,-1.1903306066846235,0.12841547,0.016490532
8677,0,0,-1.1881016,-0.64318395,-1.380014107557189,0.19191241,0.036830373
8678,0,0,-1.3660771,-0.81211233,-1.5264193035242783,0.16034222,0.025709627
8679,0,0,-1.4981772,-0.91422987,-1.6044920864421368,0.1063149,0.011302858
8680,0,0,-1.5658181,-0.96086884,-1.6176988195188513,0.051880717,0.0026916089
8681,0,0,-1.5770373,-0.9682934,-1.6871077416686124,0.11007035,0.012115481
8682,0,0,-1.6348622,-1.005301,-1.758654916797674,0.12379277,0.015324649
8683,0,0,-1.692356,-1.0402112,-1.7077722945303906,0.0154162645,0.00023766121
8684,0,0,-1.651694,-1.0157044,-1.6948340941014166,0.043140054,0.0018610642
8685,0,0,-1.6411768,-1.0092223,-1.781690356072348,0.14051354,0.019744055
8686,0,0,-1.710389,-1.0508144,-1.9688410798919145,0.25845206,0.066797465
8687,0,0,-1.8478384,-1.127109,-2.0025905561051167,0.15475225,0.02394826
8688,0,0,-1.8708689,-1.1392306,-2.026226014306945,0.15535712,0.024135835
8689,0,0,-1.8866749,-1.1474581,-2.088152062494819,0.20147729,0.0405931
8690,0,0,-1.9268329,-1.1680552,-1.9566912129172136,0.02985835,0.0008915211
8691,0,0,-1.839415,-1.1226337,-2.1493008261367987,0.30988586,0.096029244
8692,0,0,-1.9647162,-1.1871268,-2.04909629434584,0.08438015,0.0071200095
8693,0,0,-1.9017173,-1.155223,-2.009351207017756,0.10763395,0.011585067
8694,0,0,-1.8754171,-1.141605,-2.085222427549989,0.20980537,0.044018295
8695,0,0,-1.9249743,-1.1671104,-2.0692401310976294,0.14426577,0.020812612
8696,0,0,-1.9147614,-1.161907,-2.1659460400898367,0.25118458,0.06309369
8697,0,0,-1.9747273,-1.1921147,-2.158371457660082,0.18364418,0.033725183
8698,0,0,-1.9701878,-1.1898551,-2.136395256718524,0.16620743,0.02762491
8699,0,0,-1.9568659,-1.1832005,-2.2524745947512472,0.29560864,0.08738447
8700,0,0,-2.0247245,-1.2167486,-2.332580314357787,0.30785584,0.09477522
8701,0,0,-2.0680304,-1.2377762,-2.460482582071505,0.39245224,0.15401876
8702,0,0,-2.1315172,-1.268253,-2.4874150180985404,0.3558979,0.12666331
8703,0,0,-2.1440384,-1.2742325,-2.429969017573481,0.28593063,0.08175632
8704,0,0,-2.1169822,-1.2613009,-2.35009256955775,0.23311043,0.05434047
8705,0,0,-2.077127,-1.2421639,-2.345367458023635,0.26824045,0.07195294
8706,0,0,-2.0746856,-1.2409874,-2.5872444772668453,0.51255894,0.26271665
8707,0,0,-2.1874776,-1.2952113,-2.593234371789539,0.4057567,0.1646385
8708,0,0,-2.1895993,-1.2964138,-2.4335950307342182,0.24399567,0.059533887
8709,0,0,-2.118729,-1.2621377,-2.491847720325227,0.37311864,0.13921753
8710,0,0,-2.146072,-1.2752036,-2.507745810368701,0.36167383,0.13080797
8711,0,0,-2.1533022,-1.2786541,-2.497717175013669,0.34441495,0.118621655
8712,0,0,-2.1487527,-1.2764832,-2.339940007090376,0.19118738,0.036552615
8713,0,0,-2.0718691,-1.2396293,-2.351501884048615,0.2796328,0.07819451
8714,0,0,-2.0778532,-1.2425141,-2.4590801921380567,0.38122702,0.14533404
8715,0,0,-2.1308575,-1.2679372,-2.393339770091547,0.2624824,0.06889702
8716,0,0,-2.0990343,-1.2526994,-2.538781808713604,0.43974757,0.19337793
8717,0,0,-2.1671379,-1.2852535,-2.484296686988792,0.31715894,0.10058979
8718,0,0,-2.1426034,-1.273548,-2.395606646731947,0.25300336,0.0640107
8719,0,0,-2.1001613,-1.2532402,-2.2295411443741404,0.12937975,0.016739119
8720,0,0,-2.0118036,-1.2104234,-2.3454932454597355,0.3336897,0.11134881
8721,0,0,-2.0747507,-1.2410187,-2.2444535074050225,0.16970277,0.028799029
8722,0,0,-2.0202322,-1.2145522,-2.268936277288074,0.2487042,0.061853778
8723,0,0,-2.0338542,-1.2212029,-2.2275792572741158,0.19372511,0.037529416
8724,0,0,-2.0106874,-1.209876,-2.2242048457067893,0.21351743,0.045589693
8725,0,0,-2.008763,-1.208931,-2.235006132189517,0.22624302,0.051185902
8726,0,0,-2.014904,-1.2119435,-2.1158271990676814,0.10092306,0.010185464
8727,0,0,-1.9441949,-1.1768361,-2.2326902136925653,0.28849518,0.08322947
8728,0,0,-2.0135918,-1.2113003,-2.295004117680366,0.28141236,0.07919292
8729,0,0,-2.0480661,-1.2281127,-2.2631791577196045,0.21511292,0.04627357
8730,0,0,-2.030675,-1.2196534,-2.145716725160276,0.11504173,0.0132346
8731,0,0,-1.9625443,-1.1860416,-2.062561447031943,0.10001719,0.010003438
8732,0,0,-1.910458,-1.1597072,-2.0719500992962354,0.16149223,0.02607974
8733,0,0,-1.9165016,-1.1627958,-2.0318176000907298,0.11531603,0.013297788
8734,0,0,-1.8903756,-1.149374,-2.068864933817537,0.17848921,0.031858396
8735,0,0,-1.9145198,-1.1617845,-2.0314595558300588,0.11693978,0.013674913
8736,0,0,-1.8901392,-1.149252,-2.220411659828543,0.33027256,0.109079964
8737,0,0,-2.006594,-1.2078652,-2.3174582733933278,0.31086445,0.096636705
8738,0,0,-2.0600696,-1.2339284,-2.5728081677299923,0.5127387,0.26290098
8739,0,0,-2.1818895,-1.2922884,-2.67511036706088,0.4932208,0.24326676
8740,0,0,-2.2174776,-1.3122594,-2.6906042736485785,0.47312665,0.22384882
8741,0,0,-2.2225251,-1.3151395,-2.7457552611668823,0.5232301,0.2737697
8742,0,0,-2.2399318,-1.3251003,-2.6204355631798726,0.38050365,0.14478303
8743,0,0,-2.1990905,-1.3017985,-2.509069532861197,0.30997896,0.09608696
8744,0,0,-2.1539001,-1.278939,-2.34805714627615,0.19415689,0.037696894
8745,0,0,-2.076076,-1.2416577,-2.3782497377543588,0.3021736,0.09130889
8746,0,0,-2.0914795,-1.2490708,-2.452727121928904,0.36124754,0.13049978
8747,0,0,-2.127858,-1.2665036,-2.5221595847803204,0.39430165,0.1554738
8748,0,0,-2.1597733,-1.2817414,-2.441547670148905,0.28177428,0.07939675
8749,0,0,-2.1225414,-1.2639614,-2.5225199009342214,0.3999784,0.15998273
8750,0,0,-2.159934,-1.2818176,-2.3464684760094805,0.1865344,0.034795083
8751,0,0,-2.075255,-1.2412618,-2.035661709063715,0.03959322,0.001567623
8752,0,0,-1.8929111,-1.1506847,-2.035022301578989,0.14211118,0.020195588
8753,0,0,-1.8924903,-1.1504672,-1.9500331676837568,0.05754292,0.0033111877
8754,0,0,-1.834769,-1.1201558,-2.089135779379126,0.25436687,0.0647025
8755,0,0,-1.927456,-1.1683713,-2.1259467502642453,0.19849074,0.039398573
8756,0,0,-1.950454,-1.1799839,-2.1106991910536843,0.16024518,0.025678517
8757,0,0,-1.9410051,-1.1752278,-2.196654797611309,0.2556497,0.06535676
8758,0,0,-1.9928612,-1.2011006,-2.1807532226546984,0.18789208,0.035303432
8759,0,0,-1.9835249,-1.1964818,-2.207462095249914,0.22393715,0.05014785
8760,0,0,-1.9991401,-1.2041975,-2.2718056224601377,0.27266538,0.07434641
8761,0,0,-2.0354333,-1.2219719,-2.19635908100266,0.16092587,0.025897134
8762,0,0,-1.9926883,-1.2010149,-2.238885922763974,0.24619758,0.06061325
8763,0,0,-2.017097,-1.2130175,-2.0730233181561544,0.055926323,0.0031277535
8764,0,0,-1.9171896,-1.163147,-1.855214937969473,0.061974645,0.0038408565
8765,0,0,-1.7663356,-1.0827701,-1.8961223457259115,0.12978673,0.016844595
8766,0,1,-1.7963789,-1.0993958,1.8329207661176483,3.6292996,13.171816
8767,0,1,0.34792066,1.7713964,-1.6688952060762932,2.016816,4.0675464
8768,0,1,-1.6198788,-0.99590516,1.483067214518616,3.102946,9.628274
8769,0,1,0.317801,1.4929707,-1.3870153180776306,1.7048163,2.9063988
8770,0,1,-1.3725257,-0.8174913,1.117338651022124,2.4898643,6.1994243
8771,0,1,0.27095795,1.0640786,-0.9188295734889542,1.1897875,1.4155943
8772,0,1,-0.9224074,-0.30138612,0.9953706352449888,1.917778,3.6778724
8773,0,1,0.2503612,0.89773273,-0.8611902728926499,1.1115515,1.2355468
8774,0,1,-0.8655617,-0.21122599,0.8643017948369591,1.7298635,2.9924278
8775,0,1,0.2246058,0.7055583,-0.9787426289233578,1.2033484,1.4480474
8776,0,1,-0.98195076,-0.38858652,0.9639352061829628,1.9458859,3.7864718
8777,0,1,0.24454951,0.85301065,-0.8143140628743608,1.0588636,1.1211922
8778,0,1,-0.81978726,-0.13393712,0.7377943084242067,1.5575815,2.4260602
8779,0,1,0.19553614,0.50230765,-0.7398437326368024,0.93537986,0.8749355
8780,0,1,-0.7468314,-0.0064282417,0.6517548376354818,1.3985863,1.9560436
8781,0,1,0.17301798,0.32999492,-0.5968888595074247,0.7699068,0.5927565
8782,0,1,-0.6022494,0.17203736,0.7112697005959139,1.313519,1.7253321
8783,0,1,0.1888473,0.45141482,-0.6957255494675034,0.88457286,0.78246915
8784,0,1,-0.70248127,0.069360256,0.5359502558756168,1.2384315,1.5337125
8785,0,1,0.13866138,0.069760084,-0.268616147669229,0.40727752,0.16587499
8786,0,1,-0.29953122,0.20791507,0.3585737731890841,0.658105,0.43310222
8787,0,1,0.07545829,-0.14309287,-0.3545500461835562,0.43000832,0.18490715
8788,0,1,-0.37405944,0.24204135,0.3684063421952119,0.7424658,0.55125546
8789,0,1,0.07933736,-0.14072347,-0.282926658596073,0.362264,0.13123521
8790,0,1,-0.3115976,0.21576357,0.253952555536197,0.56555015,0.31984696
8791,0,1,0.031143665,-0.14893246,-0.3113894889242261,0.34253314,0.11732895
8792,0,1,-0.3360088,0.22886896,0.3897534729496676,0.72576225,0.52673084
8793,0,1,0.087598324,-0.13334775,-0.2646041427145542,0.35220248,0.12404659
8794,0,1,-0.29617357,0.20556927,0.3221881909289679,0.6183618,0.38237128
8795,0,1,0.060687304,-0.1461246,-0.3642450399104051,0.42493233,0.18056749
8796,0,1,-0.38277483,0.24385738,0.3335073502391878,0.7162822,0.51306015
8797,0,1,0.06535363,-0.14615798,-0.2958622984964445,0.36121592,0.13047694
8798,0,1,-0.32262373,0.2221415,0.3347252670162821,0.657349,0.4321077
8799,0,1,0.06585169,-0.14610887,-0.0908344841751387,0.15668617,0.024550557
8800,0,1,-0.1614263,0.059670925,0.1042808023925134,0.2657071,0.070600264
8801,0,1,-0.042879105,-0.08420253,-0.0356806692539253,0.0071984343,5.1817457e-05
8802,0,1,-0.124914885,0.011458397,0.0474260954546998,0.17234099,0.029701417
8803,0,1,-0.07462263,-0.047096968,-0.0014844255808386,0.07313821,0.0053491974
8804,0,1,-0.10364652,-0.013212919,-0.1622342501506688,0.05858773,0.003432522
8805,0,1,-0.21425676,0.12752151,0.1727231230382915,0.38697988,0.14975342
8806,0,1,-0.0073788166,-0.12558651,-0.2853106175519442,0.2779318,0.07724609
8807,0,1,-0.31362104,0.21699142,0.4454885429312418,0.7591096,0.5762474
8808,0,1,0.1081655,-0.101379156,-0.4277710141975364,0.5359365,0.2872279
8809,0,1,-0.44117975,0.24538183,0.4193858479826575,0.8605656,0.74057317
8810,0,1,0.09870982,-0.11816478,-0.4148379097528281,0.5135477,0.26373127
8811,0,1,-0.4292338,0.24651337,0.3349898051586524,0.7642236,0.58403766
8812,0,1,0.06595993,-0.14609647,-0.3305170957591494,0.396477,0.15719402
8813,0,1,-0.35271955,0.2357235,0.3668501723986912,0.7195697,0.51778054
8814,0,1,0.07872629,-0.14114141,-0.3060385649314252,0.38476485,0.14804399
8815,0,1,-0.33137798,0.22666717,0.2296108721162895,0.56098884,0.31470847
8816,0,1,0.019994259,-0.1488595,-0.2367133230321805,0.25670758,0.06589878
8817,0,1,-0.27313685,0.18759418,0.1457736726123917,0.41891053,0.17548603
8818,0,1,-0.021013975,-0.10970402,-0.2013324155016245,0.18031844,0.03251474
8819,0,1,-0.24468637,0.16097999,0.2681562845333785,0.51284266,0.26300758
8820,0,1,0.037498236,-0.14771652,-0.2825296603890299,0.3200279,0.10241785
8821,0,1,-0.31126094,0.2155571,0.1161547250835153,0.42741567,0.18268415
8822,0,1,-0.036512136,-0.0916338,-0.0695195877489283,0.03300745,0.0010894918
8823,0,1,-0.14677143,0.03877616,-0.0261468392123251,0.120624594,0.014550293
8824,0,1,-0.1189034,0.004504442,-0.0816200000767168,0.0372834,0.0013900518
8825,0,1,-0.1548655,0.050637007,0.0500381913464322,0.20490369,0.041985523
8826,0,1,-0.07311773,-0.048856735,0.0515716770799601,0.124689415,0.015547451
8827,0,1,-0.0722363,-0.04988742,-0.1701867253871389,0.09795043,0.009594287
8828,0,1,-0.22036004,0.1346147,0.2177971422420199,0.4381572,0.19198173
8829,1,1,0.2549014,-0.1478436,-0.2696627243732816,0.52456415,0.27516755
8830,0,1,-0.30040908,0.2085166,0.1499275343315265,0.45033664,0.20280309
8831,1,1,0.21181583,-0.112185955,-0.1660888473047168,0.37790468,0.14281195
8832,1,1,0.012278318,0.13097572,0.2054134370954616,0.19313511,0.03730117
8833,1,1,0.24703503,-0.14419365,-0.334426609252433,0.58146167,0.33809766
8834,1,1,-0.09307718,0.2369268,0.4614116207492871,0.5544888,0.3074578
8835,1,1,0.47585464,-0.09016752,-0.507974931983409,0.98382956,0.9679206
8836,1,1,-0.20083714,0.22304654,0.5602730036827559,0.7611101,0.5792886
8837,1,1,0.5735066,0.12752247,-0.6938905583261392,1.2673972,1.6062956
8838,1,1,-0.31516075,0.07247472,0.5073244491333369,0.8224852,0.6764819
8839,1,1,0.5212989,-0.00090384483,-0.403906203855592,0.9252051,0.8560045
8840,1,1,-0.13633037,0.24690199,0.2645035189761602,0.40083387,0.16066779
8841,1,1,0.28458858,-0.14811754,-0.0574562696031688,0.34204483,0.116994664
8842,1,1,0.08064103,0.0275352,0.1508927697343054,0.07025173,0.004935306
8843,1,1,0.21242785,-0.11276126,-0.0302814773976534,0.24270934,0.05890782
8844,1,1,0.09778261,0.0075132847,-0.058416332936626,0.15619895,0.02439811
8845,1,1,0.080035925,0.02824974,0.0608417554927487,0.01919417,0.0003684162
8846,1,1,0.15537071,-0.056078672,0.0048548770554184,0.15051584,0.022655018
8847,1,1,0.11996913,-0.017701387,0.0180537411350663,0.10191539,0.010386746
8848,1,1,0.12830949,-0.026956558,0.0080071160144523,0.12030237,0.014472661
8849,1,1,0.12196064,-0.01992321,-0.0918869996998736,0.21384764,0.04573081
8850,1,1,0.058944702,0.060702562,0.2006527372321782,0.14170803,0.020081166
8851,1,1,0.24401093,-0.14152598,-0.063523155595881,0.3075341,0.09457722
8852,1,1,0.07681632,0.03291297,0.2125577604125395,0.13574144,0.018425738
8853,1,1,0.2515731,-0.14718866,-0.001035918438891,0.252609,0.06381132
8854,1,1,0.11624789,-0.013531208,0.107614549557407,0.008633345,7.4534655e-05
8855,1,1,0.18498945,-0.086300135,-0.0601819760490425,0.24517143,0.06010903
8856,1,1,0.07892251,0.029652119,0.0933874701574852,0.0144649595,0.00020923505
8857,1,1,0.17597651,-0.07728839,-0.1292723335717198,0.30524886,0.093176864
8858,1,1,0.03541684,0.09692097,0.212246247870711,0.17682941,0.03126864
8859,1,1,0.25137496,-0.14714599,-0.1115571325556863,0.3629321,0.1317197
8860,1,1,0.04656148,0.079886675,-0.0513599663814257,0.097921446,0.009588609
8861,1,1,0.084485054,0.023007393,-0.0126112981231711,0.097096354,0.009427702
8862,1,1,0.108937025,-0.0052683353,-0.0352219494250634,0.14415897,0.02078181
8863,1,1,0.09466505,0.011121035,-0.0794433155632501,0.17410836,0.030313719
8864,1,1,0.06678295,0.048502207,-0.0005673035260893,0.06735025,0.0045360564
8865,1,1,0.11654401,-0.013864517,0.0541043201806035,0.062439688,0.0038987147
8866,1,1,0.15110755,-0.051585436,0.051792568510375,0.09931498,0.009863465
8867,1,1,0.14964485,-0.050035477,-0.0810663248004042,0.23071118,0.05322765
8868,1,1,0.065760136,0.05009365,-0.1716272985006877,0.23738743,0.056352794
8869,1,1,0.008800507,0.13588524,0.2116276183274674,0.20282711,0.041138835
8870,1,1,0.25098205,-0.14705944,-0.0506673043713248,0.30164936,0.09099234
8871,1,1,0.08492184,0.022494078,-0.2298878309825389,0.31480968,0.099105135
8872,1,1,-0.027739048,0.18277311,0.0476526287146237,0.07539168,0.0056839054
8873,1,1,0.14702582,-0.047250032,0.0506912543108892,0.09633457,0.009280349
8874,1,1,0.14894795,-0.049295664,-0.077012507844921,0.22596046,0.051058132
8875,1,1,0.06831455,0.04611945,0.1509354270862819,0.082620874,0.006826209
8876,1,1,0.21245503,-0.11278653,-0.1010526269067222,0.31350768,0.09828706
8877,1,1,0.053173304,0.06966591,0.0526566046776668,0.00051669776,2.6697657e-07
8878,1,1,0.15019155,-0.050615788,-0.0841944349784808,0.23438598,0.05493679
8879,1,1,0.06379032,0.05316186,0.1815817666132768,0.117791444,0.013874824
8880,1,1,0.2319026,-0.13069749,-0.2284847454067318,0.46038735,0.21195652
8881,1,1,-0.026859522,0.1817627,0.3025538611936942,0.32941338,0.10851318
8882,1,1,0.317513,-0.14396262,-0.2863941345532845,0.6039071,0.3647038
8883,1,1,-0.063093424,0.21754098,0.3089860602572973,0.3720795,0.13844314
8884,1,1,0.32395434,-0.14496565,-0.3021051928090745,0.62605953,0.39195055
8885,1,1,-0.072907925,0.22496963,0.1829694675347921,0.25587738,0.06547323
8886,1,1,0.23278332,-0.13149309,-0.2085108279469736,0.44129413,0.19474052
8887,1,1,-0.014341831,0.16669226,0.1370014350298745,0.15134327,0.022904785
8888,1,1,0.20361757,-0.1044209,-0.0739269002509792,0.27754447,0.077030934
8889,1,1,0.070259094,0.04309392,-0.0096870397768049,0.07994613,0.0063913837
8890,1,1,0.110784054,-0.007364273,-0.0229084648265271,0.13369252,0.01787369
8891,1,1,0.102436066,0.0021555424,-0.0869577623791184,0.18939382,0.03587002
8892,1,1,0.06204915,0.055871964,0.0771703286716292,0.015121177,0.00022865
8893,1,1,0.16570663,-0.066823006,0.0363057501119876,0.12940088,0.016744588
8894,1,1,0.13984919,-0.03954768,0.0392485955489045,0.100600585,0.0101204775
8895,1,1,0.14171004,-0.041554213,0.08336183349458,0.05834821,0.0034045135
8896,1,1,0.16962695,-0.07084322,-0.060989295038679,0.23061624,0.05318385
8897,1,1,0.07841349,0.030439377,0.1408814587391371,0.062467977,0.003902248
8898,1,1,0.20607805,-0.10676551,-0.0226278648043933,0.22870591,0.052306395
8899,1,1,0.10261345,0.0019521713,0.0109808387582894,0.09163261,0.008396535
8900,1,1,0.12384009,-0.022012949,-0.0865474700170527,0.21038756,0.044262923
8901,1,1,0.062307596,0.055468798,-0.0275766749995916,0.08988427,0.008079182
8902,1,1,0.09948993,0.005543947,0.0596958498210078,0.039794076,0.0015835685
8903,1,1,0.15464544,-0.055317163,-0.0529907209160862,0.20763616,0.043112777
8904,1,1,0.08345699,0.024216413,0.2377147024939048,0.15425771,0.023795443
8905,1,1,0.26755762,-0.14918566,-0.3209013439880936,0.58845896,0.34628394
8906,1,1,-0.08464074,0.23247766,0.3605886787450321,0.4452294,0.19822922
8907,1,1,0.37554312,-0.14266014,-0.3199928584120948,0.695536,0.48377034
8908,1,1,-0.08407402,0.23215055,0.3308051631750732,0.41487917,0.17212473
8909,1,1,0.3457861,-0.14622998,-0.4199143745989135,0.76570046,0.5862972
8910,1,1,-0.14627528,0.24615526,0.3655764997350959,0.5118518,0.26199225
8911,1,1,0.3805213,-0.14147162,-0.4562699527447167,0.8367913,0.70021963
8912,1,1,-0.16883135,0.24038363,0.3236316387219133,0.492463,0.2425198
8913,1,1,0.3386116,-0.14617872,-0.4692284280519301,0.80784,0.6526055
8914,1,1,-0.17686081,0.2370081,0.3145992842984157,0.49146008,0.24153301
8915,1,1,0.3295734,-0.14560628,-0.4397598694957829,0.76933324,0.59187365
8916,1,1,-0.15859318,0.24369287,0.4254149290510813,0.5840081,0.34106547
8917,1,1,0.44011927,-0.114388704,-0.2818890018446485,0.7220082,0.5212959
8918,1,1,-0.06027794,0.2152226,0.1990732304579285,0.25935116,0.06726303
8919,1,1,0.2430079,-0.14063764,-0.1873389856152791,0.4303469,0.18519846
8920,1,1,-0.0010619164,0.14943457,0.2887628435942773,0.28982475,0.08399839
8921,1,1,0.30369496,-0.1443038,-0.2849825800624046,0.5886775,0.34654123
8922,1,1,-0.062211514,0.21682358,0.4674707036908159,0.5296822,0.28056327
8923,1,1,0.48186064,-0.08512163,-0.3504775724036979,0.8323382,0.69278693
8924,1,1,-0.10308218,0.24115276,0.3947412225080744,0.49782342,0.24782816
8925,1,1,0.40959764,-0.13118982,-0.4215981731474181,0.83119583,0.6908865
8926,1,1,-0.14732099,0.2460115,0.4311471910236006,0.5784682,0.33462545
8927,1,1,0.44581556,-0.11058831,-0.5014697737832483,0.94728535,0.89734954
8928,1,1,-0.19681549,0.22577977,0.5455065171237607,0.742322,0.551042
8929,1,1,0.558969,0.09268069,-0.3360533781947947,0.8950224,0.8010651
8930,1,1,-0.094091415,0.23740768,0.3712269929633671,0.4653184,0.21652122
8931,1,1,0.38615894,-0.1399231,-0.3325834240096199,0.7187424,0.5165906
8932,1,1,-0.09192777,0.23636746,0.2946631646444531,0.38659093,0.14945255
8933,1,1,0.30960774,-0.14296937,-0.249225925167893,0.55883366,0.31229505
8934,1,1,-0.03984785,0.19601035,0.1538897767844802,0.19373763,0.037534267
8935,1,1,0.214329,-0.11454153,-0.3227495614763707,0.53707856,0.28845337
8936,1,1,-0.08579397,0.23313308,0.3396714677105916,0.42546543,0.18102084
8937,1,1,0.3546505,-0.14580345,-0.3408586590910403,0.6955092,0.48373303
8938,1,1,-0.097087145,0.23875856,0.2994378861332487,0.39652503,0.15723209
8939,1,1,0.31439185,-0.14337349,-0.261820929554831,0.57621276,0.33202115
8940,1,1,-0.047728777,0.20390606,0.2920235396373938,0.33975232,0.11543164
8941,1,1,0.30696273,-0.14358664,-0.2063545902097039,0.51331735,0.2634947
8942,1,1,-0.012989521,0.16499138,0.1331509301279934,0.14614046,0.021357033
8943,1,1,0.20117593,-0.10208392,0.0691793104812008,0.13199662,0.017423106
8944,1,1,0.16064787,-0.06159091,0.0211914808024387,0.13945639,0.019448085
8945,1,1,0.13029313,-0.029139042,-0.1857519193567527,0.31604505,0.09988447
8946,1,1,-6.580353e-05,0.1480937,0.3303626362904834,0.33042845,0.10918296
8947,1,1,0.34534383,-0.14623785,-0.2280832213172083,0.5734271,0.32881862
8948,1,1,-0.026608229,0.18147206,0.4091576768182143,0.4357659,0.18989192
8949,1,1,0.4239502,-0.124043465,-0.4240720609327031,0.8480222,0.71914166
8950,1,1,-0.14885712,0.24577856,0.4379485505522424,0.5868057,0.34434092
8951,1,1,0.4525721,-0.10581541,-0.4304430637012899,0.88301516,0.7797158
8952,1,1,-0.15281177,0.24505806,0.2360746268996036,0.3888864,0.15123263
8953,1,1,0.2665155,-0.14914513,-0.1021111245363051,0.36862662,0.13588558
8954,1,1,0.052507162,0.07069802,0.3032185161867575,0.25071135,0.06285618
8955,1,1,0.31817865,-0.14407992,-0.2145354071766863,0.53271407,0.28378427
8956,1,1,-0.018118382,0.17136884,0.0833469421927688,0.10146532,0.010295211
8957,1,1,0.16961718,-0.070833445,-0.152936328184551,0.32255352,0.10404077
8958,1,1,0.020540953,0.11907053,0.1049090777462775,0.084368125,0.0071179806
8959,1,1,0.18327546,-0.08459854,-0.0317101113328379,0.21498558,0.046218798
8960,1,1,0.09688115,0.008555412,0.0339651285518907,0.062916026,0.0039584264
8961,1,1,0.1383686,-0.0379467,-0.0429878427004388,0.18135644,0.03289016
8962,1,1,0.08976531,0.016823053,0.082809006640439,0.0069563016,4.839013e-05
8963,1,1,0.16927743,-0.07048535,0.1066084808969782,0.06266895,0.003927397
8964,1,1,0.18435216,-0.085668325,0.0232294659557146,0.1611227,0.025960524
8965,1,1,0.1315813,-0.030552387,-0.0051644096726097,0.13674572,0.018699393
8966,1,1,0.11364031,-0.010594606,0.0833183789738956,0.030321926,0.00091941917
8967,1,1,0.16959953,-0.07081485,0.0544961869227869,0.11510335,0.013248781
8968,1,1,0.1513555,-0.051847458,-0.0246729556522522,0.17602846,0.030986018
8969,1,1,0.10132289,0.003434658,-0.0260022294015382,0.12732512,0.016211685
8970,1,1,0.10048342,0.0043997765,-0.2194940523446904,0.31997746,0.10238557
8971,1,1,-0.021226406,0.17513442,0.1758105284575775,0.19703694,0.038823556
8972,1,1,0.22823882,-0.1273737,-0.1299316390320202,0.35817045,0.12828606
8973,1,1,0.03500223,0.09754896,-0.1191430929839802,0.15414533,0.023760783
8974,1,1,0.0417881,0.087218046,0.1888389998046138,0.1470509,0.021623967
8975,1,1,0.2365098,-0.13484502,-0.2198621234348987,0.4563719,0.20827532
8976,1,1,-0.021457195,0.17541099,0.0724940173840216,0.09395121,0.0088268295
8977,1,1,0.16274595,-0.06376743,0.0135632378365371,0.1491827,0.02225548
8978,1,1,0.12547159,-0.023822546,0.1689879046811424,0.043516308,0.001893669
8979,1,1,0.2239089,-0.12341595,-0.0589414666194136,0.28285035,0.08000432
8980,1,1,0.07970476,0.028640985,0.0414383265646929,0.038266435,0.0014643201
8981,1,1,0.14309525,-0.043043375,0.2210906696128409,0.07799542,0.0060832854
8982,1,1,0.25699377,-0.14819074,-0.1957606545891659,0.45275444,0.20498659
8983,1,1,-0.0063455105,0.15644622,0.1795419780297074,0.18588749,0.034554157
8984,1,1,0.23060775,-0.12952518,0.0544738407630496,0.1761339,0.03102315
8985,1,1,0.15134144,-0.051832914,0.0204695070634395,0.13087194,0.017127464
8986,1,1,0.12983656,-0.02863717,-0.027735480428864,0.15757205,0.02482895
8987,1,1,0.09938979,0.005660057,-0.0005488508881281,0.099938646,0.009987733
8988,1,1,0.116555214,-0.013877153,-0.0699809294762885,0.18653613,0.034795728
8989,1,1,0.07274628,0.039228678,0.1749554744343386,0.102209195,0.01044672
8990,1,1,0.22769642,-0.12687945,-0.2125350189016934,0.44023144,0.19380373
8991,1,1,-0.0168643,0.16982746,0.0582203701679886,0.07508467,0.0056377077
8992,1,1,0.1537118,-0.054334402,-0.0630702814426933,0.21678208,0.04699447
8993,1,1,0.07710147,0.03247118,0.0299836083047573,0.04711786,0.0022200926
8994,1,1,0.13585114,-0.035214424,0.019830556874882,0.11602059,0.013460778
8995,1,1,0.12943292,-0.02819395,-0.0197202280190471,0.14915314,0.02224666
8996,1,1,0.104448795,-0.0001502037,0.1654087810441535,0.06095998,0.003716119
8997,1,1,0.22163749,-0.12132692,-0.2466366915940514,0.46827418,0.2192807
8998,1,1,-0.03822708,0.19431543,0.111698583625555,0.14992566,0.022477705
8999,1,1,0.18757749,-0.08885789,-0.001330264127374,0.18890776,0.03568614
