,state,label,pred,predbase,target,mae,mse
0,1,0,1.5652113,1.5441704,1.5369331295408704,0.028278112,0.00079965167
1,1,0,1.5459318,1.5227618,1.4046454601451344,0.14128637,0.01996184
2,1,0,1.4115176,1.3735509,1.3558511868449767,0.055666447,0.0030987533
3,1,0,1.3618202,1.3184447,1.3364910098083906,0.025329232,0.00064157
4,1,0,1.3420877,1.2965789,1.5046712774348223,0.16258359,0.026433423
5,1,0,1.5132003,1.4864144,1.3892210537313052,0.12397921,0.015370845
6,1,0,1.3958144,1.356133,1.587012424126686,0.19119799,0.036556672
7,1,0,1.5966687,1.5791025,1.4562319337521088,0.14043677,0.019722486
8,1,0,1.4639945,1.4317832,1.6395278508693232,0.1755333,0.030811938
9,1,0,1.6497712,1.6380525,1.5283034088381844,0.12146783,0.014754433
10,1,0,1.5371804,1.5130434,1.3764372781212375,0.16074312,0.025838349
11,1,0,1.3827939,1.3416958,1.379872296873955,0.0029215813,8.535637e-06
12,1,0,1.3862929,1.3455744,1.395629752754989,0.009336829,8.717638e-05
13,1,0,1.4023395,1.3633695,1.4255210424927882,0.023181558,0.0005373846
14,1,0,1.4327621,1.397121,1.5311597927043468,0.09839761,0.00968209
15,1,0,1.5400772,1.5162597,1.3948112646032116,0.14526594,0.021102192
16,1,0,1.4015069,1.3624463,1.4417905809205345,0.04028368,0.0016227749
17,1,0,1.4493113,1.4154863,1.4222625177677224,0.027048707,0.0007316326
18,1,0,1.4294472,1.3934426,1.503783074440419,0.07433593,0.0055258307
19,1,0,1.5122991,1.4854131,1.435842086823348,0.07645702,0.0058456766
20,1,0,1.4432611,1.4087715,1.5237092034993212,0.08044803,0.006471886
21,1,0,1.5325193,1.5078673,1.5033207624948024,0.029198527,0.000852554
22,1,0,1.5118299,1.4848924,1.472687435468258,0.03914237,0.0015321252
23,1,0,1.4807191,1.4503493,1.2401389022473386,0.2405802,0.057878833
24,1,0,1.2454791,1.1878052,1.260256224535421,0.014777064,0.00021836163
25,1,0,1.2654276,1.210504,1.148015251946536,0.11741233,0.013785655
26,1,0,1.153995,1.0839982,1.283841793170771,0.12984681,0.016860195
27,1,0,1.2887998,1.2371264,1.4522192427710974,0.16341949,0.026705928
28,1,0,1.4599147,1.4272552,1.4248848158601146,0.03502989,0.001227093
29,1,0,1.4321146,1.3964019,1.4669009732965397,0.034786344,0.0012100897
30,1,0,1.4748387,1.4438219,1.6074065923218774,0.13256788,0.017574243
31,1,0,1.6173038,1.6020122,1.7381508612647374,0.12084699,0.014603994
32,1,0,1.7491803,1.748292,1.7232793178279224,0.02590096,0.0006708597
33,1,0,1.7342186,1.7317142,1.7457218717894976,0.01150322,0.00013232406
34,1,0,1.7567925,1.7567253,1.5749815370909794,0.18181098,0.03305523
35,1,0,1.5844889,1.565577,1.6138959495826453,0.029407024,0.00086477306
36,1,0,1.6238661,1.6092987,1.631623764430548,0.0077576637,6.0181348e-05
37,1,0,1.6417856,1.6291895,1.621013712735227,0.020771861,0.00043147022
38,1,0,1.6310625,1.6172867,1.55941059014866,0.071651936,0.005134
39,1,0,1.5687156,1.5480623,1.476750439819329,0.09196508,0.008457576
40,1,0,1.4848466,1.4549322,1.687028371198092,0.20218182,0.040877488
41,1,0,1.6977043,1.6912327,1.747521858885032,0.049817562,0.0024817896
42,1,0,1.7586017,1.7587295,1.6035184215219354,0.1550833,0.02405083
43,1,0,1.6133714,1.5976458,1.713095734784566,0.09972441,0.009944959
44,1,0,1.7239671,1.7203522,1.5957624401717738,0.12820458,0.016436415
45,1,0,1.6055245,1.5889344,1.5806442743311364,0.02488029,0.0006190288
46,1,0,1.5902219,1.5719442,1.7321786685039524,0.1419568,0.020151734
47,1,0,1.7431722,1.7416368,1.5839765703635167,0.15919554,0.02534322
48,1,0,1.5935955,1.5756893,1.645606458970129,0.052011013,0.0027051454
49,1,0,1.655911,1.644865,1.5159465639692011,0.13996446,0.01959005
50,1,0,1.5246444,1.4991217,1.6278668419761844,0.10322249,0.0106548825
51,1,0,1.637989,1.6249752,1.5724728955620244,0.065516114,0.0042923614
52,1,0,1.5819473,1.5627556,1.4539387770407075,0.1280086,0.016386203
53,1,0,1.4616632,1.4291964,1.5446766424398768,0.083013415,0.0068912273
54,1,0,1.5537829,1.5314798,1.3926418835946976,0.16114104,0.025966434
55,1,0,1.3992968,1.3599958,1.475415749232886,0.076118946,0.005794094
56,1,0,1.4834905,1.4534268,1.405842827146326,0.077647686,0.006029163
57,1,0,1.4127364,1.3749022,1.4056312220604616,0.0071052313,5.0484312e-05
58,1,0,1.4125214,1.3746638,1.4831272700703797,0.070605874,0.0049851895
59,1,0,1.4913249,1.4621243,1.47580631480707,0.015518546,0.00024082528
60,1,0,1.4838877,1.4538674,1.2682812280831084,0.21560645,0.046486143
61,1,0,1.2733817,1.2195606,1.3956811731174097,0.12229943,0.014957151
62,1,0,1.4023919,1.3634281,1.367294909066357,0.035097003,0.0012317996
63,1,0,1.3734808,1.3313689,1.4286190903573872,0.05513835,0.0030402376
64,1,0,1.4359145,1.4006176,1.4229039002752957,0.013010621,0.00016927626
65,1,0,1.4300995,1.3941665,1.5452480753252025,0.115148544,0.013259187
66,1,0,1.5543618,1.5321236,1.7110341721626845,0.15667236,0.024546228
67,1,0,1.7218904,1.718051,1.5572443561221507,0.16464615,0.027108354
68,1,0,1.5665207,1.5456252,1.5616817730495005,0.0048389435,2.3415374e-05
69,1,0,1.5710168,1.5506177,1.491910490226179,0.07910633,0.0062578116
70,1,0,1.5002451,1.4720287,1.498763702651384,0.0014814138,2.194587e-06
71,1,0,1.5072036,1.4797559,1.3775342449573018,0.12966931,0.01681413
72,1,0,1.3839121,1.3429346,1.3507153448644271,0.033196688,0.00110202
73,1,0,1.3565874,1.312644,1.4299324388494845,0.073345065,0.0053794985
74,1,0,1.4372501,1.4021006,1.4800870408389577,0.042836905,0.0018350004
75,1,0,1.4882364,1.4586954,1.436055871618295,0.05218053,0.0027228075
76,1,0,1.4434791,1.4090133,1.3973736147416962,0.046105504,0.0021257175
77,1,0,1.4041147,1.3653388,1.3233162060006296,0.08079851,0.0065283985
78,1,0,1.3286543,1.2816997,1.2721210316371097,0.056533217,0.0031960048
79,1,0,1.2771864,1.2238946,1.1184973607444797,0.15868902,0.025182206
80,1,0,1.1246419,1.0508013,1.158543031148183,0.033901095,0.0011492843
81,1,0,1.1644602,1.0958467,1.062907340875049,0.101552844,0.01031298
82,1,0,1.0693159,0.98839426,1.079563108050222,0.0102472305,0.00010500573
83,1,0,1.0858984,1.0070763,1.1967762606011667,0.11087787,0.012293902
84,1,0,1.2024436,1.1389108,1.2690300651135051,0.066586494,0.0044337614
85,1,0,1.2741237,1.2204051,1.2516331407155872,0.022490501,0.00050582265
86,1,0,1.2568779,1.2007732,1.2282324916715257,0.028645396,0.00082055875
87,1,0,1.2336669,1.1743746,1.0859322407201133,0.14773464,0.021825524
88,1,0,1.092238,1.0142226,1.2270939563300511,0.13485599,0.018186137
89,1,0,1.2325377,1.1730909,1.2367445353887274,0.0042067766,1.769697e-05
90,1,0,1.2421122,1.1839757,1.2122887580740795,0.029823422,0.0008894365
91,1,0,1.2178435,1.1563959,1.2274372110604763,0.009593725,9.203956e-05
92,1,0,1.2328782,1.1734776,1.2261405362433335,0.006737709,4.5396722e-05
93,1,0,1.2315917,1.1720157,1.1993883752480952,0.032203317,0.0010370536
94,1,0,1.2050376,1.1418538,1.2183730195249605,0.013335466,0.00017783466
95,1,0,1.2238836,1.1632566,1.12408880033516,0.099794865,0.009959015
96,1,0,1.1302032,1.057087,1.1968722611836795,0.06666899,0.0044447538
97,1,0,1.2025385,1.1390176,1.2275255610902769,0.024987102,0.0006243552
98,1,0,1.2329655,1.1735778,1.1028461827655192,0.13011932,0.016931038
99,1,0,1.1090703,1.0332155,1.1333208288944765,0.024250507,0.00058808713
100,1,0,1.1393852,1.0674682,1.0806242175828236,0.058761,0.0034528552
101,1,0,1.0869541,1.0082669,1.1306922904382284,0.043738127,0.0019130238
102,1,0,1.1367707,1.0645123,1.231275403611718,0.094504714,0.008931141
103,1,0,1.2366862,1.1778059,1.2018422733463692,0.03484392,0.0012140989
104,1,0,1.2074733,1.1446195,1.1474608784406892,0.06001234,0.003601481
105,1,0,1.1534443,1.0833735,1.03008103337169,0.12336326,0.015218493
106,1,0,1.0366211,0.95162106,0.9830620601811976,0.053559005,0.0028685671
107,1,0,0.98976564,0.89906573,0.9930614337801766,0.0032957792,1.0862161e-05
108,1,0,0.999733,0.9102292,1.0295583360088272,0.02982533,0.0008895503
109,1,0,1.0360999,0.95103645,1.0524167065868562,0.016316772,0.00026623704
110,1,0,1.0588689,0.9766364,0.9858068981091326,0.073062,0.005338056
111,1,0,0.99250174,0.9021287,0.8531788110659062,0.13932294,0.01941088
112,1,0,0.86022735,0.7547312,0.9924122227129248,0.13218486,0.017472837
113,1,0,0.99908495,0.90950465,1.0693735906728563,0.07028866,0.0049404954
114,1,0,1.0757542,0.99564505,0.9000176969758953,0.17573649,0.030883312
115,1,0,0.9069538,0.8066242,0.865893465064798,0.04106033,0.0016859506
116,1,0,0.87291265,0.7687988,0.940604575376121,0.06769192,0.0045821965
117,1,0,0.9474344,0.8517387,0.9204111575077696,0.027023256,0.0007302564
118,1,0,0.92729497,0.8292763,0.8607213391222586,0.06657362,0.004432047
119,1,0,0.8677521,0.7630751,0.7803662361326751,0.08738583,0.007636284
120,1,0,0.7875798,0.67445993,0.7099113586043626,0.07766843,0.006032385
121,1,0,0.71729565,0.5972967,0.6782511712827941,0.0390445,0.001524473
122,1,0,0.6857214,0.562799,0.8283494324515179,0.14262801,0.02034275
123,1,0,0.8354547,0.72730184,0.8419381998199493,0.0064834952,4.203571e-05
124,1,0,0.84901285,0.7423067,0.9383557324501028,0.08934289,0.0079821525
125,1,0,0.9451909,0.8492353,0.9263464961145412,0.018844426,0.00035511237
126,1,0,0.9332161,0.8358755,0.9749859616399248,0.041769862,0.0017447214
127,1,0,0.9817147,0.89005256,0.989144718550087,0.007430017,5.5205153e-05
128,1,0,0.9958286,0.90585613,1.0625735222608037,0.06674492,0.0044548847
129,1,0,1.0689836,0.9880209,0.9854680542026428,0.083515525,0.006974843
130,1,0,0.99216366,0.9017508,0.8508517795767077,0.14131188,0.019969048
131,1,0,0.85790586,0.75215864,0.8929759092795684,0.03507006,0.0012299092
132,1,0,0.89992976,0.7988117,0.944153409877598,0.044223666,0.0019557327
133,1,0,0.9509735,0.8556886,0.906263753076161,0.044709742,0.001998961
134,1,0,0.91318464,0.81355834,0.9913901220495398,0.078205466,0.006116095
135,1,0,0.9980664,0.90836287,1.1544698187614215,0.15640342,0.024462031
136,1,0,1.1604114,1.0912623,1.0611934038246127,0.09921801,0.009844214
137,1,0,1.0676088,0.98647356,1.0534219332858217,0.014186859,0.00020126697
138,1,0,1.0598702,0.9777627,1.044092632860917,0.015777588,0.00024893228
139,1,0,1.0505786,0.96730995,1.0508866756128783,0.0003080368,9.488667e-08
140,1,0,1.0573454,0.9749212,1.044241331755002,0.013104081,0.00017171694
141,1,0,1.0507269,0.96747637,1.011594253399846,0.039132595,0.00153136
142,1,0,1.0182018,0.9309397,1.0712071437434418,0.053005338,0.0028095657
143,1,0,1.0775795,0.99770164,1.031578858899667,0.0460006,0.0021160552
144,1,0,1.0381136,0.9532976,0.9839543102699664,0.054159284,0.002933228
145,1,0,0.99065495,0.90006113,0.9932164844524992,0.0025615096,6.5613317e-06
146,1,0,0.999887,0.91040325,0.98781485451712,0.012072146,0.0001457367
147,1,0,0.994503,0.9043703,0.9578621572120468,0.036640882,0.0013425542
148,1,0,0.964643,0.87095976,0.9921730506297082,0.027530074,0.00075790496
149,1,0,0.998847,0.9092374,1.076869975996774,0.07802296,0.0060875816
150,1,0,1.0832171,1.004055,1.1479260270972378,0.06470883,0.0041872323
151,1,0,1.1539068,1.0838981,1.177183499453199,0.023276687,0.0005418041
152,1,0,1.1829829,1.1168356,1.3050020303617136,0.12201905,0.014888649
153,1,0,1.3099761,1.2610178,1.2025609542523896,0.1074152,0.011538025
154,1,0,1.2081871,1.1454296,1.235573343777332,0.027386189,0.0007500033
155,1,0,1.2409501,1.1826544,1.2258470864194444,0.0151029825,0.00022810008
156,1,0,1.2313004,1.1716843,1.2955913291823191,0.064291,0.0041333325
157,1,0,1.3004375,1.2503915,1.3569920228013088,0.056554556,0.0031984178
158,1,0,1.3629832,1.3197331,1.3929593051694007,0.02997613,0.00089856837
159,1,0,1.3996205,1.3603544,1.3651507526440434,0.034469724,0.0011881619
160,1,0,1.3712964,1.328948,1.3411473455598624,0.030149102,0.0009089684
161,1,0,1.3468337,1.3018374,1.143182301789794,0.20365143,0.041473903
162,1,0,1.1491904,1.0785608,1.2541062240256085,0.10491586,0.011007337
163,1,0,1.2593298,1.2035637,1.2875966443796236,0.028266907,0.000799018
164,1,0,1.2925196,1.2413654,1.359961813714749,0.0674423,0.0045484635
165,1,0,1.3660088,1.3230872,1.4459627763531029,0.07995403,0.0063926466
166,1,0,1.4535542,1.4201956,1.2653578399589305,0.1881963,0.035417847
167,1,0,1.2704849,1.2162609,1.2309747404694416,0.03951013,0.0015610504
168,1,0,1.2363877,1.1774673,1.2164487240562374,0.019939065,0.0003975663
169,1,0,1.2219734,1.1610861,1.2340093422865013,0.012035966,0.00014486448
170,1,0,1.2393985,1.1808901,1.314570490735861,0.07517207,0.00565084
171,1,0,1.319736,1.2718229,1.361781161988413,0.042045116,0.0017677918
172,1,0,1.3678632,1.3251429,1.273714210630898,0.09414899,0.008864033
173,1,0,1.2787657,1.2256932,1.3088812942595518,0.030115604,0.00090694963
174,1,0,1.3139329,1.2653985,1.3041157229642295,0.009817123,9.637591e-05
175,1,0,1.309072,1.2600164,1.4037480570676617,0.09467602,0.008963549
176,1,0,1.410604,1.3725367,1.4193832672850717,0.008779287,7.7075885e-05
177,1,0,1.4265175,1.3901911,1.440303533494903,0.0137860775,0.00019005593
178,1,0,1.4477992,1.4138079,1.5253533529152468,0.07755411,0.0060146395
179,1,0,1.5341873,1.5097198,1.569560539747806,0.03537321,0.001251264
180,1,0,1.5789981,1.5594802,1.7048524548724235,0.12585437,0.015839323
181,1,0,1.7156649,1.7111487,1.768728428121714,0.05306351,0.0028157362
182,1,0,1.7799087,1.782321,1.7021996269569457,0.07770908,0.0060387007
183,1,0,1.7129927,1.7081857,1.7934434823913032,0.08045077,0.006472327
184,1,0,1.8047104,1.8097663,1.6535237759585484,0.15118659,0.022857383
185,1,0,1.6639042,1.6537371,1.7130845228842009,0.04918039,0.0024187106
186,1,0,1.7239556,1.7203393,1.5930174511233877,0.13093817,0.017144805
187,1,0,1.6027455,1.5858498,1.608658395032308,0.0059129,3.4962388e-05
188,1,0,1.6185699,1.6034174,1.6514727213971292,0.032902837,0.0010825967
189,1,0,1.6618347,1.6514397,1.4328357428490768,0.22899902,0.05244055
190,1,0,1.4402032,1.4053793,1.523086556859385,0.08288336,0.006869651
191,1,0,1.5318885,1.5071659,1.6014033472407465,0.06951487,0.004832317
192,1,0,1.6112313,1.5952702,1.6834387895157543,0.07220745,0.005213916
193,1,0,1.6940856,1.6872191,1.6872047995663144,0.00688076,4.734486e-05
194,1,0,1.6978827,1.6914301,1.6106655555199887,0.08721709,0.007606821
195,1,0,1.6205993,1.6056719,1.5540408039251925,0.06655848,0.0044300314
196,1,0,1.5632744,1.5420203,1.677579513506132,0.11430514,0.013065665
197,1,0,1.6881771,1.6806664,1.6256579348263167,0.06251919,0.0039086496
198,1,0,1.635757,1.6224976,1.5602745562503348,0.07548237,0.005697588
199,1,0,1.569591,1.5490346,1.4669928365831058,0.10259819,0.010526389
200,1,0,1.4749322,1.4439259,1.7107280146525663,0.23579586,0.055599686
201,1,0,1.7215834,1.7177091,1.6809414374761595,0.040641904,0.0016517644
202,1,0,1.6915674,1.6844268,1.8687626079864,0.17719519,0.031398136
203,1,0,1.8800964,1.8930421,1.8450567574279089,0.035039663,0.001227778
204,1,0,1.8564034,1.8668947,2.075609803019422,0.21920633,0.048051417
205,1,0,2.0853758,2.118269,2.149490137328665,0.06411433,0.0041106474
206,1,0,2.1579943,2.1972165,2.0680554282062213,0.08993888,0.008089002
207,1,0,2.0779276,2.1101475,1.9839063404613408,0.0940212,0.008839986
208,1,0,1.9947062,2.0191164,1.952460790430784,0.042245388,0.0017846728
209,1,0,1.9634876,1.984849,1.889970358353461,0.07351732,0.005404797
210,1,0,1.9012661,1.9163814,1.964586432579116,0.06332028,0.004009458
211,1,0,1.9755325,1.9980788,2.025417123710119,0.049884558,0.002488469
212,1,0,2.035819,2.0641499,1.918816025030026,0.11700308,0.013689722
213,1,0,1.9300175,1.9480453,1.799046727240572,0.13097072,0.017153328
214,1,0,1.8103299,1.8159814,1.948084742486144,0.1377548,0.018976385
215,1,0,1.9591389,1.9800706,2.076179380591037,0.117040396,0.013698454
216,1,0,2.0859375,2.1188822,1.8804176761193312,0.2055198,0.042238384
217,1,0,1.8917332,1.9058743,1.7834991201501669,0.10823405,0.011714609
218,1,0,1.794735,1.7987304,1.793286368874465,0.0014486313,2.0985326e-06
219,1,0,1.8045535,1.8095922,1.88501848425114,0.08046496,0.0064746095
220,1,0,1.8963251,1.9109359,1.872952381248989,0.02337277,0.00054628635
221,1,0,1.8842807,1.8976564,1.7874712434130715,0.09680939,0.009372057
222,1,0,1.7987204,1.8031397,1.876293162878256,0.07757282,0.006017543
223,1,0,1.8876166,1.9013348,1.7155479501003987,0.17206872,0.029607642
224,1,0,1.7264357,1.7230883,1.6795817929285666,0.0468539,0.002195288
225,1,0,1.690196,1.6829057,1.5533993234684351,0.13679671,0.01871334
226,1,0,1.5626245,1.5412984,1.6652085252378197,0.10258412,0.010523503
227,1,0,1.6756973,1.666822,1.4903536646673907,0.18534362,0.034352258
228,1,0,1.4986639,1.4702735,1.650385188045686,0.15172124,0.023019334
229,1,0,1.6607356,1.6502204,1.7981524280456882,0.13741684,0.018883388
230,1,0,1.8094325,1.8149881,1.7203585052743589,0.089074016,0.00793418
231,1,0,1.7312775,1.728456,1.630761299761725,0.1005162,0.010103506
232,1,0,1.6409144,1.628222,1.409213558423732,0.2317009,0.053685308
233,1,0,1.4161677,1.3787093,1.434194730636703,0.018026948,0.00032497084
234,1,0,1.4415855,1.4069128,1.3037143433326874,0.13787115,0.019008452
235,1,0,1.3086629,1.259563,1.2990197601846316,0.009643078,9.298895e-05
236,1,0,1.3038735,1.2542629,1.3112952151305,0.007421732,5.5082106e-05
237,1,0,1.3163953,1.2681231,1.2906617200305628,0.02573359,0.0006622177
238,1,0,1.2955556,1.2448254,1.264476019927799,0.03107953,0.0009659372
239,1,0,1.2696104,1.2152667,1.1291125825757349,0.1404978,0.019739633
240,1,0,1.1351991,1.0627351,1.0989430354490015,0.036256075,0.001314503
241,1,0,1.1051865,1.0288315,1.1506159601368906,0.04542947,0.0020638367
242,1,0,1.1565804,1.0869255,1.083053647029391,0.07352686,0.005406199
243,1,0,1.0893726,1.010994,1.1203470794285546,0.030974388,0.0009594127
244,1,0,1.1264815,1.0528808,1.001377541629918,0.12510395,0.015650999
245,1,0,1.0080204,0.91952014,1.07994390164998,0.071923494,0.005172989
246,1,0,1.086277,1.007504,0.9751557614196672,0.11112124,0.012347929
247,1,0,0.981884,0.8902428,0.9380156515886052,0.043868363,0.0019244333
248,1,0,0.9448528,0.84885645,1.0709942204230516,0.12614143,0.01591166
249,1,0,1.0773678,0.9974637,1.1107884936932737,0.033420682,0.001116942
250,1,0,1.1169729,1.0421386,1.0472703624915858,0.069702506,0.0048584393
251,1,0,1.0537438,0.97087,1.0499506835842864,0.0037931204,1.4387762e-05
252,1,0,1.0564132,0.97387266,1.104700183275407,0.048287034,0.0023316375
253,1,0,1.1109147,1.0352974,1.0410263004078089,0.06988835,0.004884382
254,1,0,1.0475249,0.9638758,0.9934771801272642,0.054047763,0.0029211608
255,1,0,1.0001469,0.91069484,0.9090554932517824,0.091091394,0.008297642
256,1,0,0.9159689,0.8166585,0.7787715845499403,0.13719732,0.018823104
257,1,0,0.7859895,0.67270803,0.8401999637826338,0.054210424,0.0029387702
258,1,0,0.8472781,0.7403867,0.7813239014366169,0.06595421,0.0043499577
259,1,0,0.78853536,0.6755121,0.8447365511875886,0.05620122,0.003158577
260,1,0,0.8518038,0.7453983,1.033777785802814,0.18197405,0.033114556
261,1,0,1.0403037,0.9557586,0.8802218383070262,0.16008186,0.025626203
262,1,0,0.8872068,0.78466964,0.941082791996188,0.053875983,0.0029026214
263,1,0,0.9479108,0.8522706,0.965866844071544,0.017956078,0.00032242073
264,1,0,0.9726238,0.8798821,1.007789336364333,0.03516555,0.0012366158
265,1,0,1.01441,0.92668605,0.9645784294711768,0.04983157,0.0024831854
266,1,0,0.97133875,0.8784456,0.9181060596682232,0.05323267,0.002833717
267,1,0,0.92499685,0.82671404,1.1113232478868125,0.18632638,0.034717523
268,1,0,1.1175051,1.0427394,0.925367416705916,0.19213766,0.036916878
269,1,0,0.9322386,0.8347864,0.8053814796525165,0.1268571,0.016092725
270,1,0,0.8125386,0.7019806,0.7179013309438296,0.094637275,0.0089562135
271,1,0,0.72526526,0.6060214,0.837210098278943,0.111944854,0.01253165
272,1,0,0.84429574,0.73708415,0.7802980527054642,0.063997686,0.004095704
273,1,0,0.78751135,0.6743858,0.7577886282778366,0.02972275,0.0008834419
274,1,0,0.76505446,0.6496756,0.7635826280732494,0.0014718175,2.1662468e-06
275,1,0,0.7708354,0.6560316,0.7858184615962345,0.014983058,0.00022449203
276,1,0,0.79302025,0.6804533,0.67707528096388,0.11594498,0.013443239
277,1,0,0.68454885,0.5615208,0.629890728808562,0.054658115,0.0029875096
278,1,0,0.63751006,0.5103283,0.6669930846968097,0.02948302,0.00086924847
279,1,0,0.6744962,0.55055976,0.5594921203606256,0.11500406,0.0132259345
280,1,0,0.5673795,0.4344597,0.8069671069820532,0.2395876,0.05740222
281,1,0,0.81412077,0.7037275,0.7500023497914481,0.064118445,0.004111175
282,1,0,0.75728655,0.6411412,0.8433628447655543,0.08607632,0.0074091326
283,1,0,0.85043406,0.74388075,0.7927715160255708,0.057662547,0.0033249692
284,1,0,0.79995704,0.6881001,0.7252391976160952,0.07471782,0.0055827526
285,1,0,0.7325847,0.6140392,0.6290389375987657,0.103545785,0.010721729
286,1,0,0.6366608,0.50940704,0.8378824308687274,0.20122164,0.04049015
287,1,0,0.84496593,0.7378268,0.9443391655442688,0.09937322,0.009875037
288,1,0,0.9511585,0.8558955,1.037900858439594,0.08674228,0.0075242235
289,1,0,1.0444117,0.9603753,0.9859339527679976,0.0584777,0.0034196414
290,1,0,0.9926281,0.9022708,0.9751285029929728,0.017499566,0.0003062348
291,1,0,0.98185635,0.8902118,0.8272139115976551,0.15464246,0.02391429
292,1,0,0.8343222,0.7260492,0.8167216307916365,0.017600596,0.00030978097
293,1,0,0.82385325,0.71447635,1.0744075562275666,0.25055432,0.06277747
294,1,0,1.0807652,1.0012932,1.1930949318059647,0.11232972,0.012617966
295,1,0,1.1987872,1.1347609,1.0381976330899811,0.16058958,0.025789011
296,1,0,1.0447068,0.96070814,1.2069419309481852,0.16223514,0.026320241
297,1,0,1.2125363,1.1503682,1.2491908700208891,0.03665459,0.0013435591
298,1,0,1.2544565,1.1980171,1.0184592182682732,0.23599732,0.055694737
299,1,0,1.0250425,0.93861747,1.2373030303244232,0.21226048,0.045054514
300,1,0,1.2426658,1.1846066,1.3805471548247108,0.1378814,0.01901128
301,1,0,1.38698,1.3463364,1.269417493349096,0.11756253,0.013820949
302,1,0,1.274507,1.2208443,1.3208215790953184,0.046314478,0.0021450308
303,1,0,1.3261108,1.278882,1.182219085406118,0.14389181,0.020704854
304,1,0,1.1879859,1.122508,1.322535281095265,0.13454938,0.018103536
305,1,0,1.3278584,1.2808175,1.4963007567649504,0.16844225,0.02837279
306,1,0,1.5047026,1.4769788,1.5669490311837078,0.06224644,0.0038746195
307,1,0,1.5763531,1.5565434,1.570300265971334,0.0060528517,3.6637015e-05
308,1,0,1.5797472,1.5603127,1.5949329096667024,0.015185714,0.0002306059
309,1,0,1.6046848,1.5880027,1.614191837717112,0.00950706,9.0384194e-05
310,1,0,1.624166,1.6096306,1.568366707182418,0.055799246,0.0031135557
311,1,0,1.5777884,1.5581379,1.5386412818719584,0.03914702,0.0015324891
312,1,0,1.5476646,1.5246849,1.4474770798794512,0.10018754,0.010037543
313,1,0,1.4550939,1.4219041,1.547302303762963,0.092208385,0.0085023865
314,1,0,1.5564442,1.5344362,1.5712215324831873,0.014777422,0.0002183722
315,1,0,1.5806804,1.5613484,1.542964954712842,0.037715435,0.001422454
316,1,0,1.5520482,1.5295534,1.6846331905854286,0.13258493,0.017578764
317,1,0,1.6952901,1.6885552,1.6955664351385598,0.00027632713,7.6356685e-08
318,1,0,1.7063103,1.7007747,1.6372796692002916,0.06903064,0.0047652298
319,1,0,1.6475005,1.6355319,1.6675392911337528,0.020038724,0.00040155047
320,1,0,1.67805,1.6694303,1.5828695099475962,0.09518051,0.0090593295
321,1,0,1.5924749,1.5744457,1.6604358314630605,0.06796086,0.0046186782
322,1,0,1.6708817,1.661479,1.84691181945788,0.17603004,0.030986575
323,1,0,1.8582582,1.8689427,1.8769105993936197,0.01865232,0.00034790905
324,1,0,1.8882332,1.9020147,1.9495432372245567,0.061310053,0.0037589227
325,1,0,1.960588,1.9816637,1.9555531101033796,0.0050349236,2.5350455e-05
326,1,0,1.9665608,1.9882255,1.9553915987623076,0.011169195,0.00012475092
327,1,0,1.9663997,1.988049,1.8965476713216824,0.069851995,0.004879301
328,1,0,1.907826,1.9236097,1.9917032193611035,0.083877325,0.007035406
329,1,0,2.002437,2.0275936,1.9885558227572775,0.013881326,0.00019269121
330,1,0,1.9993167,2.0241737,2.13904566537181,0.13972902,0.0195242
331,1,0,2.1477523,2.18611,2.223040911161249,0.075288534,0.0056683635
332,1,0,2.2298818,2.2748919,2.1330397664228378,0.09684205,0.009378383
333,1,0,2.1418595,2.1797152,2.22116434473887,0.079304695,0.006289235
334,1,0,2.228053,2.2729216,2.256626893359812,0.028573751,0.00081645924
335,1,0,2.2625666,2.3100333,2.296334287882807,0.0337677,0.0011402576
336,1,0,2.3010898,2.3513012,2.2150786987708977,0.08601117,0.0073979218
337,1,0,2.2221198,2.266529,2.2031653418834662,0.018954515,0.00035927366
338,1,0,2.210497,2.253996,2.280832699701684,0.070335865,0.004947134
339,1,0,2.286066,2.335228,2.228172963331066,0.057893038,0.0033516039
340,1,0,2.2348814,2.2802749,2.2826898133799944,0.04780841,0.002285644
341,1,0,2.2878666,2.3371553,2.4020844451346828,0.11421776,0.013045697
342,1,0,2.4030304,2.459641,2.243174100890608,0.15985632,0.025554042
343,1,0,2.2494855,2.2959838,2.251030031645715,0.0015444756,2.3854047e-06
344,1,0,2.2571263,2.304192,2.338899784486927,0.08177352,0.0066869087
345,1,0,2.3422384,2.3951893,2.386819799875321,0.044581413,0.0019875024
346,1,0,2.3883762,2.4441485,2.3872416396331397,0.001134634,1.2873943e-06
347,1,0,2.388782,2.4445782,2.4460615138107467,0.057279587,0.0032809512
348,1,0,2.4451318,2.503983,2.495161945572212,0.05003023,0.002503024
349,1,0,2.4934597,2.552971,2.4325152785121955,0.06094432,0.00371421
350,1,0,2.4321823,2.4903712,2.4207492909855657,0.011433125,0.00013071633
351,1,0,2.4209208,2.4785132,2.360882208510949,0.060038567,0.0036046295
352,1,0,2.363429,2.4177089,2.334626834038976,0.028802156,0.00082956423
353,1,0,2.3381147,2.3908005,2.355344836313012,0.017230034,0.00029687406
354,1,0,2.3580942,2.4120455,2.394219358620925,0.036125183,0.0013050288
355,1,0,2.3954835,2.451665,2.491287940993678,0.09580445,0.009178493
356,1,0,2.4893456,2.5491266,2.4943913117675085,0.0050456524,2.5458608e-05
357,1,0,2.492641,2.552207,2.438738092409427,0.053902864,0.0029055187
358,1,0,2.4381332,2.4966302,2.454693450600215,0.016560316,0.00027424406
359,1,0,2.4533749,2.5126352,2.463981929721991,0.010607004,0.00011250854
360,1,0,2.4622378,2.5219278,2.3896655911481486,0.07257223,0.005266729
361,1,0,2.3911104,2.447041,2.3646293126672853,0.026481152,0.0007012514
362,1,0,2.3670368,2.4215379,2.419764839208121,0.052727938,0.0027802354
363,1,0,2.4199781,2.4775195,2.502233312040364,0.082255125,0.006765906
364,1,0,2.5009637,2.5599794,2.606189681536064,0.10522604,0.011072519
365,1,0,2.6105661,2.6616073,2.655878054320145,0.045311928,0.0020531707
366,1,0,2.662466,2.709217,2.5142990132718777,0.14816713,0.021953499
367,1,0,2.5137534,2.5719113,2.7099907481627405,0.19623733,0.03850909
368,1,0,2.7186131,2.7603264,2.796876351313045,0.07826328,0.0061251414
369,1,0,2.807922,2.840712,2.787597950274697,0.020323992,0.00041306464
370,1,0,2.7984338,2.8322287,2.7537613435243853,0.04467249,0.0019956313
371,1,0,2.7637358,2.801085,2.648263399592541,0.11547232,0.013333856
372,1,0,2.6545343,2.7019625,2.592300133265702,0.062234163,0.0038730912
373,1,0,2.5960016,2.6481843,2.5869709575557693,0.0090305805,8.1551385e-05
374,1,0,2.5904064,2.6430206,2.534751992721731,0.055654526,0.0030974261
375,1,0,2.5353928,2.5920558,2.3333190035535707,0.20207381,0.040833827
376,1,0,2.3368526,2.3894567,2.347484745802133,0.010632277,0.0001130453
377,1,0,2.3505192,2.403997,2.305951345357095,0.044567823,0.0019862908
378,1,0,2.3104005,2.3612494,2.2933712660467687,0.017029285,0.00028999656
379,1,0,2.2982192,2.3482332,2.1626395059849317,0.13557959,0.018381825
380,1,0,2.170877,2.2111726,2.1836145126407085,0.012737513,0.00016224422
381,1,0,2.191399,2.2333722,2.355216888757743,0.16381788,0.026836298
382,1,0,2.3579712,2.4119163,2.2373681563082517,0.120603085,0.0145451045
383,1,0,2.2438354,2.289908,2.318420631701344,0.0745852,0.005562952
384,1,0,2.3224607,2.3741207,2.4765360099323304,0.15407538,0.023739224
385,1,0,2.4742022,2.5344539,2.3949215149932503,0.079280615,0.006285416
386,1,0,2.3961568,2.4523768,2.478438060329934,0.08228135,0.0067702206
387,1,0,2.4760137,2.5363488,2.5578605967596477,0.08184695,0.0066989237
388,1,0,2.5597801,2.6146932,2.501337653749038,0.058442354,0.0034155087
389,1,0,2.5000134,2.5590925,2.430810712552527,0.06920266,0.0047890083
390,1,0,2.430552,2.488656,2.418109168248844,0.012442827,0.00015482395
391,1,0,2.4183922,2.4758492,2.419448141312929,0.0010559559,1.1150428e-06
392,1,0,2.4196754,2.4772,2.3794752509264803,0.040199995,0.0016160395
393,1,0,2.3813171,2.4366765,2.3325044959457206,0.048812628,0.0023826726
394,1,0,2.3360662,2.3886185,2.3282057877122893,0.007860422,6.178624e-05
395,1,0,2.331915,2.3841982,2.2225432098421742,0.10937166,0.0119621605
396,1,0,2.2293968,2.2743692,2.2128292771736,0.016567469,0.00027448102
397,1,0,2.2199264,2.264164,2.115508126211003,0.10441828,0.010903177
398,1,0,2.1246424,2.1610136,1.9944440796141396,0.13019824,0.016951581
399,1,0,2.0051541,2.0305715,2.206188158712588,0.20103407,0.0404147
400,1,0,2.2134476,2.2571788,2.195429078178695,0.018018484,0.00032466577
401,1,0,2.2029433,2.245844,1.986555332563216,0.21638799,0.046823762
402,1,0,1.9973335,2.0219984,1.974827720847665,0.02250576,0.00050650927
403,1,0,1.9857001,2.0092382,2.033917795675093,0.048217773,0.0023249537
404,1,0,2.0442247,2.0733418,1.9910467253382216,0.053178072,0.0028279074
405,1,0,2.0017862,2.0268793,1.9001368660322624,0.1016494,0.010332601
406,1,0,1.9114046,1.9275522,1.9527333782754384,0.041328788,0.0017080687
407,1,0,1.963758,1.985147,1.9185170364044724,0.045241,0.0020467478
408,1,0,1.929719,1.9477172,2.0625269880352826,0.13280797,0.017637957
409,1,0,2.072476,2.104199,1.981459429036701,0.09101653,0.008284009
410,1,0,1.992279,2.0164557,2.158680741542218,0.16640162,0.0276895
411,1,0,2.1669998,2.206974,2.312730560067171,0.14573073,0.021237446
412,1,0,2.316958,2.3682508,2.229054300987601,0.08790374,0.007727067
413,1,0,2.2357407,2.2811985,2.233376744874184,0.0023639202,5.5881187e-06
414,1,0,2.2399502,2.285729,2.256189296459643,0.016239166,0.0002637105
415,1,0,2.2621417,2.309577,2.1212897852003505,0.14085197,0.01983928
416,1,0,2.130323,2.1671858,2.0963484845657097,0.03397441,0.0011542605
417,1,0,2.1058002,2.1405187,2.0331942222631114,0.07260585,0.0052716094
418,1,0,2.043509,2.0725594,2.1599788174456163,0.11646986,0.013565228
419,1,0,2.168272,2.2083511,2.11863076099094,0.04964137,0.0024642658
420,1,0,2.1277108,2.1643481,2.181128403604088,0.053417683,0.0028534487
421,1,0,2.1889687,2.2307458,2.081723401328079,0.10724521,0.011501535
422,1,0,2.0913997,2.124836,2.0493046801669093,0.042094946,0.0017719845
423,1,0,2.0594258,2.089953,2.064478809938494,0.0050530434,2.5533247e-05
424,1,0,2.074401,2.1063004,2.263341847191205,0.188941,0.0356987
425,1,0,2.2690897,2.3170333,2.423659697880848,0.1545701,0.023891916
426,1,0,2.423708,2.4814487,2.3735171586094137,0.050190687,0.002519105
427,1,0,2.375589,2.4306064,2.178750429583898,0.19683838,0.038745347
428,1,0,2.1866426,2.2282314,2.308784100212844,0.12214136,0.014918512
429,1,0,2.3131409,2.3641768,2.177480280781294,0.13566065,0.018403811
430,1,0,2.185401,2.2268887,2.1326009539175748,0.05279994,0.0027878336
431,1,0,2.141429,2.1792464,2.1722702253405086,0.03084135,0.0009511889
432,1,0,2.180304,2.221376,2.2899789598746163,0.10967493,0.012028591
433,1,0,2.2949333,2.344716,2.153502662178194,0.14143062,0.020002618
434,1,0,2.1619267,2.201477,2.30974194290147,0.14781523,0.021849342
435,1,0,2.3140678,2.3651652,2.3114692132801307,0.002598524,6.7523274e-06
436,1,0,2.3157387,2.366949,2.26339663192556,0.052341938,0.0027396784
437,1,0,2.269143,2.3170905,2.366916900203457,0.09777379,0.009559714
438,1,0,2.369238,2.4238734,2.410129484660207,0.040891647,0.0016721268
439,1,0,2.4107456,2.4677854,2.369668683454147,0.0410769,0.0016873116
440,1,0,2.3718858,2.426682,2.3610105626254945,0.010875225,0.000118270524
441,1,0,2.3635516,2.4178405,2.3536336777339426,0.0099179745,9.836622e-05
442,1,0,2.3564458,2.410295,2.41935825025149,0.062912464,0.003957978
443,1,0,2.4195886,2.4771094,2.3945134462305515,0.025075197,0.0006287655
444,1,0,2.3957653,2.4519634,2.470942793423482,0.07517743,0.0056516463
445,1,0,2.468874,2.5288782,2.5009914730166973,0.032117605,0.0010315406
446,1,0,2.4996457,2.5587506,2.273972476462144,0.2256732,0.05092839
447,1,0,2.2794108,2.3280983,2.1858269130601014,0.09358382,0.008757932
448,1,0,2.1935616,2.2357106,2.181706799318635,0.011854649,0.00014053269
449,1,0,2.1895332,2.2313576,2.211688979899308,0.022155762,0.0004908778
450,1,0,2.218814,2.262967,2.2787330569130817,0.05991912,0.003590301
451,1,0,2.28403,2.333047,2.2465827467152075,0.037447214,0.0014022938
452,1,0,2.2528024,2.2995467,2.219481228560553,0.033321142,0.0011102986
453,1,0,2.2264118,2.2711544,1.879109005748868,0.3473028,0.12061923
454,1,0,1.8904271,1.9044342,1.9651390730714824,0.07471192,0.0055818707
455,1,0,1.9760823,1.9986815,1.9640238814856468,0.0120584965,0.00014540734
456,1,0,1.9749751,1.9974661,1.768617117317968,0.20635796,0.042583607
457,1,0,1.7797961,1.782196,1.8435359624854717,0.063739896,0.004062774
458,1,0,1.8548822,1.8652148,1.8392735861716285,0.015608668,0.00024363052
459,1,0,1.8506188,1.8605065,1.838184105396324,0.012434721,0.00015462229
460,1,0,1.8495283,1.8593035,1.910064283431833,0.060536027,0.0036646107
461,1,0,1.9212995,1.9384489,1.859401485631166,0.061897993,0.0038313617
462,1,0,1.8707442,1.8827243,1.7526714504211651,0.11807275,0.013941173
463,1,0,1.7637777,1.7644615,1.7295973929232915,0.034180284,0.0011682918
464,1,0,1.7405753,1.7387595,1.8311551639947996,0.09057987,0.0082047125
465,1,0,1.842495,1.8515334,1.8621939346960787,0.019698977,0.00038804972
466,1,0,1.8735347,1.8858032,1.7945351893429806,0.07899952,0.006240924
467,1,0,1.8058052,1.8109775,1.8823589206943356,0.0765537,0.0058604693
468,1,0,1.8936715,1.9080105,1.948250178956992,0.054578662,0.0029788304
469,1,0,1.9593024,1.9802504,2.081263267906812,0.12196088,0.0148744555
470,1,0,2.0909472,2.124341,1.976068496650862,0.114878654,0.013197105
471,1,0,1.9869304,2.0105882,2.03965021510718,0.05271983,0.0027793807
472,1,0,2.0498896,2.079534,2.14965450490315,0.099764824,0.00995302
473,1,0,2.158155,2.19739,2.1931509558018534,0.034996033,0.0012247222
474,1,0,2.2007184,2.243442,2.2894452109452232,0.08872676,0.007872438
475,1,0,2.2944155,2.3441634,2.442247224132967,0.14783168,0.021854205
476,1,0,2.4414878,2.500155,2.4036514111589367,0.037836313,0.0014315866
477,1,0,2.4045339,2.461228,2.346268637727596,0.05826521,0.0033948347
478,1,0,2.3493462,2.402751,2.481410535484198,0.13206434,0.017440991
479,1,0,2.4788504,2.539308,2.5325630790954787,0.053712606,0.002885044
480,1,0,2.5330782,2.5899043,2.695258707919045,0.16218042,0.02630249
481,1,0,2.7033658,2.7464895,2.6845106550294786,0.018855095,0.0003555146
482,1,0,2.692224,2.7363582,2.739198780435393,0.04697466,0.0022066187
483,1,0,2.7487535,2.7875824,2.710219369453665,0.038534164,0.0014848819
484,1,0,2.7188497,2.76054,2.844696369586301,0.12584662,0.015837373
485,1,0,2.8566165,2.8840451,2.7731433825806584,0.083473206,0.006967776
486,1,0,2.7836308,2.818964,2.793913730179192,0.010282993,0.00010573995
487,1,0,2.8048935,2.8380055,2.679118860900369,0.12577462,0.015819255
488,1,0,2.6866288,2.7312632,2.632766200140252,0.05386257,0.0029011767
489,1,0,2.6383662,2.687152,2.624067843461204,0.014298439,0.00020444536
490,1,0,2.6292772,2.678811,2.6730069681451902,0.043729782,0.0019122938
491,1,0,2.680282,2.7254791,2.578826685443256,0.10145545,0.010293208
492,1,0,2.581849,2.635117,2.68282634130555,0.10097718,0.0101963915
493,1,0,2.6904764,2.7347674,2.734176609458552,0.04370022,0.0019097091
494,1,0,2.743579,2.7829127,2.7753431365965557,0.03176427,0.0010089688
495,1,0,2.7858863,2.8209858,2.877911920254603,0.09202552,0.008468696
496,1,0,2.8902435,2.913755,2.913345713014892,0.023102283,0.00053371553
497,1,0,2.9259357,2.945088,2.9278481181906044,0.0019123554,3.6571032e-06
498,1,0,2.9404907,2.9578047,2.963125480049213,0.022634745,0.00051233167
499,1,0,2.975759,2.988472,3.0246887827571496,0.04892969,0.0023941146
500,1,0,3.036849,3.04108,2.99455100873724,0.04229808,0.0017891275
501,1,0,3.0070176,3.0154724,2.926668432659105,0.08034921,0.006455995
502,1,0,2.9393077,2.9567719,2.9981036488242485,0.05879593,0.0034569614
503,1,0,3.0105405,3.018505,2.979294018735733,0.031246424,0.000976339
504,1,0,2.9918609,3.0024018,2.945671621618415,0.04618931,0.002133452
505,1,0,2.9583335,2.9733458,2.770398548620062,0.18793488,0.03531952
506,1,0,2.780817,2.8164382,2.901025255339954,0.12020826,0.014450027
507,1,0,2.913547,2.9342356,2.832293272570675,0.08125377,0.0066021746
508,1,0,2.844018,2.872869,2.738409185055367,0.1056087,0.011153198
509,1,0,2.7479396,2.7868495,2.7414503189347594,0.006489277,4.2110714e-05
510,1,0,2.751071,2.7896738,2.757732774663052,0.006661892,4.4380806e-05
511,1,0,2.767817,2.804757,2.7481409418513096,0.01967597,0.0003871438
512,1,0,2.7579565,2.7958798,2.657862874187057,0.1000936,0.01001873
513,1,0,2.6645327,2.7111063,2.620004387654691,0.044528246,0.0019827646
514,1,0,2.6250286,2.6749082,2.6018487844066507,0.02317977,0.0005373017
515,1,0,2.606017,2.6574168,2.55077791753088,0.0552392,0.0030513692
516,1,0,2.5523133,2.6077685,2.662374842032579,0.11006141,0.012113513
517,1,0,2.669228,2.7153945,2.407507777749165,0.26172018,0.06849746
518,1,0,2.4082317,2.4651322,2.295992653773704,0.11223912,0.0125976205
519,1,0,2.3007588,2.3509474,2.482052506120024,0.18129373,0.032867417
520,1,0,2.4795318,2.5399475,2.4936148059874577,0.014083147,0.00019833504
521,1,0,2.491816,2.5514364,2.4902018664562333,0.0016140938,2.6052987e-06
522,1,0,2.4881926,2.5480485,2.6509093788289246,0.16271687,0.026476778
523,1,0,2.657291,2.704485,2.651159487097219,0.0061314106,3.7594196e-05
524,1,0,2.6575518,2.7047238,2.80644066962514,0.14888883,0.022167882
525,1,0,2.817686,2.8494315,2.895717619155642,0.07803154,0.0060889213
526,1,0,2.9082031,2.9295473,2.981140601558544,0.07293749,0.005319877
527,1,0,2.9936972,3.0039868,2.9660870959379992,0.027610064,0.0007623156
528,1,0,2.978712,2.9910297,2.954014297963913,0.02469778,0.0006099804
529,1,0,2.9666686,2.9805875,3.0624605564674536,0.095792055,0.009176117
530,1,0,3.0740376,3.0727744,2.9837768285981565,0.090260744,0.008147002
531,1,0,2.9963174,3.0062494,2.95643896703834,0.03987837,0.0015902843
532,1,0,2.9690895,2.982688,2.983001565611915,0.0139119625,0.0001935427
533,1,0,2.9955473,3.0055852,3.033705793714151,0.038158417,0.0014560648
534,1,0,3.0457473,3.0486865,3.195418676173853,0.14967132,0.022401502
535,1,0,3.2031164,3.1807356,3.3018775412275656,0.09876108,0.009753752
536,1,0,3.304367,3.2630386,3.303194957044503,0.0011720657,1.3737381e-06
537,1,0,3.3056078,3.2640343,3.3431702611169247,0.03756237,0.0014109317
538,1,0,3.3431234,3.293951,3.494808540341657,0.151685,0.02300834
539,1,0,3.4817848,3.4025636,3.700804662489191,0.21901989,0.047969714
540,1,0,3.6633554,3.5376139,3.6184725467879058,0.044882774,0.0020144635
541,1,0,3.5917287,3.4853697,3.611040692088353,0.019311905,0.00037294967
542,1,0,3.5852013,3.4805408,3.4735506633863555,0.111650705,0.01246588
543,1,0,3.462604,3.3878045,3.451972716912485,0.010631323,0.000113025024
544,1,0,3.443048,3.3726687,3.445765930183317,0.0027179718,7.3873707e-06
545,1,0,3.4374075,3.3682861,3.4581423628824117,0.020734787,0.0004299314
546,1,0,3.448648,3.3770132,3.427938327567657,0.020709753,0.00042889387
547,1,0,3.4211683,3.3556237,3.448968638037195,0.027800322,0.00077285786
548,1,0,3.4403186,3.3705482,3.466352540098646,0.026033878,0.00067776284
549,1,0,3.4560895,3.3827744,3.464984166859183,0.008894682,7.9115365e-05
550,1,0,3.4548502,3.381815,3.5612106752066324,0.106360435,0.0113125425
551,1,0,3.5411696,3.4476733,3.631836308005677,0.09066677,0.008220463
552,1,0,3.6034398,3.494007,3.458994670496249,0.14444518,0.02086441
553,1,0,3.449421,3.3776116,3.4330745446713027,0.016346455,0.00026720657
554,1,0,3.4258523,3.3592815,3.464030162505197,0.038177967,0.0014575572
555,1,0,3.4539857,3.3811479,3.421320509776821,0.032665253,0.0010670187
556,1,0,3.4151244,3.350896,3.3059763322081523,0.109148026,0.011913291
557,1,0,3.308227,3.2661328,3.4279932486026383,0.119766235,0.014343951
558,1,0,3.4212184,3.3556628,3.491259491712372,0.07004118,0.004905767
559,1,0,3.4785876,3.4001102,3.50206335273397,0.023475647,0.000551106
560,1,0,3.4883127,3.407565,3.552494457950426,0.064181805,0.004119304
561,1,0,3.533421,3.4418368,3.541839511707981,0.00841856,7.0872156e-05
562,1,0,3.523929,3.43467,3.5249769116850733,0.0010478497,1.0979888e-06
563,1,0,3.5088654,3.4232445,3.588952472010544,0.080087185,0.006413957
564,1,0,3.5657396,3.4660764,3.5815301470491883,0.015790462,0.00024933871
565,1,0,3.5591807,3.4611778,3.709671499770784,0.15049076,0.022647468
566,1,0,3.6709938,3.5431023,3.837986454030285,0.16699266,0.02788655
567,1,0,3.7798824,3.6195455,3.730789108611542,0.049093246,0.0024101469
568,1,0,3.6891255,3.556067,3.710600171606733,0.0214746,0.00046115843
569,1,0,3.6717925,3.5436769,3.800055911537009,0.12826347,0.016451519
570,1,0,3.7480164,3.59753,3.822514021028696,0.0744977,0.005549907
571,1,0,3.7669163,3.6106234,3.845897344160886,0.07898116,0.0062380238
572,1,0,3.7864943,3.6240764,3.717407913161344,0.06908631,0.0047729188
573,1,0,3.6776457,3.5478697,3.7907413914485457,0.11309576,0.012790651
574,1,0,3.7401495,3.5920486,3.6054358587774353,0.13471365,0.018147767
575,1,0,3.5802708,3.4768867,3.4239429305621267,0.15632772,0.024438357
576,1,0,3.4175205,3.3527708,3.3881747224417667,0.02934575,0.0008611731
577,1,0,3.3847384,3.3269954,3.341912437302178,0.042825937,0.0018340609
578,1,0,3.341947,3.2930188,3.403724652384119,0.06177759,0.0038164707
579,1,0,3.3990192,3.3382545,3.424645234096608,0.025625944,0.000656689
580,1,0,3.4181619,3.3532734,3.420135105762846,0.0019731522,3.8933294e-06
581,1,0,3.4140415,3.3500476,3.425451131198728,0.011409521,0.00013017717
582,1,0,3.4188976,3.3538485,3.34096231039633,0.07793522,0.006073898
583,1,0,3.3410587,3.2923136,3.254185687297483,0.086873055,0.007546928
584,1,0,3.2592435,3.2266302,3.1137675008642938,0.1454761,0.021163296
585,1,0,3.1241865,3.1151075,2.9429260598683613,0.18126035,0.032855313
586,1,0,2.9555874,2.9709582,2.8279783329365444,0.12760901,0.01628406
587,1,0,2.8396297,2.8689718,2.6765185588432563,0.16311121,0.026605267
588,1,0,2.68393,2.7288046,2.708678088287297,0.024748087,0.0006124678
589,1,0,2.717256,2.7590957,2.7958044735852536,0.07854843,0.006169856
590,1,0,2.8068256,2.8397326,2.729999594174109,0.076826096,0.005902249
591,1,0,2.739273,2.7790236,2.7771266364498683,0.03785348,0.0014328859
592,1,0,2.7877135,2.8226256,2.7083243588898385,0.079389095,0.0063026287
593,1,0,2.7168894,2.7587633,2.9373672152980563,0.22047782,0.048610467
594,1,0,2.9500256,2.966117,2.81452598272385,0.13549948,0.018360108
595,1,0,2.825932,2.8567824,3.001102249253566,0.17517018,0.030684592
596,1,0,3.0135136,3.0210638,3.0334266618939307,0.019913197,0.0003965354
597,1,0,3.0454726,3.048452,3.2693934125505684,0.22392082,0.050140534
598,1,0,3.2736745,3.2383213,3.309053229339755,0.035378695,0.001251652
599,1,0,3.311123,3.2684522,3.106607107074805,0.2045157,0.04182667
600,1,0,3.1172137,3.1092486,3.150922008027408,0.033708334,0.0011362517
601,1,0,3.1602392,3.145237,3.0965411546856125,0.06369805,0.004057442
602,1,0,3.1073966,3.1009865,3.0550217716860755,0.05237484,0.0027431238
603,1,0,3.0667315,3.0665674,3.1600586949484843,0.093327284,0.008709982
604,1,0,3.1690698,3.1525793,3.2576878553044417,0.08861804,0.007853157
605,1,0,3.2625704,3.229329,3.202881300867008,0.059689045,0.0035627822
606,1,0,3.2102761,3.186627,3.142436963494618,0.067839146,0.0046021496
607,1,0,3.1520252,3.1383958,3.229910852799922,0.07788563,0.006066171
608,1,0,3.2361288,3.20781,3.197752405131576,0.03837633,0.0014727428
609,1,0,3.2053566,3.1825805,3.3076901587565746,0.102333546,0.010472154
610,1,0,3.3098407,3.267425,3.283398139098713,0.026442528,0.0006992073
611,1,0,3.2869282,3.2490215,2.971664616492563,0.3152635,0.09939108
612,1,0,2.9842677,2.9958386,3.113788242268035,0.12952042,0.01677554
613,1,0,3.124207,3.1151228,3.158376849444517,0.034169912,0.0011675829
614,1,0,3.1674447,3.151229,3.224941456010344,0.057496786,0.0033058804
615,1,0,3.2313852,3.2039337,3.273713510235944,0.042328358,0.0017916899
616,1,0,3.2777658,3.2416291,3.317725275750233,0.03995943,0.001596756
617,1,0,3.3192754,3.27497,3.347629602507507,0.028354168,0.00080395886
618,1,0,3.3472924,3.2972565,3.3585150468890075,0.011222601,0.00012594677
619,1,0,3.3573813,3.305295,3.3529693498965227,0.004411936,1.9465178e-05
620,1,0,3.3522477,3.3012052,3.4002564132571025,0.04800868,0.0023048334
621,1,0,3.3958368,3.3357491,3.521595809330153,0.12575889,0.015815297
622,1,0,3.5058393,3.4209414,3.481380124875772,0.024459124,0.00059824873
623,1,0,3.469678,3.3932586,3.429595483471213,0.040082455,0.0016066032
624,1,0,3.42268,3.3568044,3.4668671588015667,0.044187307,0.0019525181
625,1,0,3.4565554,3.3831334,3.3836573179479754,0.07289815,0.00531414
626,1,0,3.3805819,3.3237085,3.267169104371716,0.11341286,0.0128624765
627,1,0,3.271566,3.2366157,3.353081157557608,0.08151531,0.0066447463
628,1,0,3.3523521,3.3012872,3.265411856203832,0.08694029,0.0075586135
629,1,0,3.2698998,3.2352686,3.227925270746882,0.041974545,0.0017618624
630,1,0,3.2342348,3.206263,2.9834393756337083,0.25079536,0.062898315
631,1,0,2.9959822,3.0059605,3.104825445391917,0.10884333,0.01184687
632,1,0,3.1154766,3.1077895,3.1541793720896423,0.038702726,0.001497901
633,1,0,3.1633878,3.1478572,3.178531623940485,0.015143871,0.00022933685
634,1,0,3.1868815,3.1673393,3.167510588681751,0.019371033,0.0003752369
635,1,0,3.176262,3.1585464,3.279443916764692,0.10318208,0.010646541
636,1,0,3.2831893,3.2460065,3.1987374664835824,0.084451914,0.0071321256
637,1,0,3.2063017,3.1833582,3.2258604774400266,0.019558907,0.00038255082
638,1,0,3.2322621,3.2046509,3.3687426808174217,0.13648057,0.018626945
639,1,0,3.3668323,3.3128114,3.3097503808346835,0.057081938,0.0032583475
640,1,0,3.311778,3.2689762,3.2214628027092087,0.09031534,0.008156861
641,1,0,3.2280622,3.2012148,3.307233074103092,0.07917094,0.006268038
642,1,0,3.30941,3.2670813,3.269049517557376,0.04036069,0.0016289853
643,1,0,3.2733483,3.238058,3.3141528749782903,0.040804625,0.0016650173
644,1,0,3.315919,3.2722878,3.318372931218748,0.0024540424,6.022324e-06
645,1,0,3.3198833,3.2754564,3.280011245261934,0.03987217,0.0015897899
646,1,0,3.2837262,3.246439,3.3758022128681744,0.09207606,0.008478002
647,1,0,3.3733459,3.3179784,3.4377998519034656,0.06445408,0.0041543283
648,1,0,3.4301577,3.3626418,3.290351879376987,0.1398058,0.01954566
649,1,0,3.2934976,3.2543092,3.272876991182072,0.020620584,0.0004252085
650,1,0,3.2769737,3.2409892,3.3351574047028296,0.05818367,0.0033853394
651,1,0,3.3356261,3.2879972,3.3369697628898067,0.0013437271,1.8056026e-06
652,1,0,3.3373227,3.2893476,3.425465630025418,0.08814287,0.007769166
653,1,0,3.4189105,3.353858,3.599075098948847,0.18016458,0.032459274
654,1,0,3.5746703,3.4727254,3.4924854548209017,0.08218479,0.00675434
655,1,0,3.4796925,3.4009576,3.4738189827178085,0.0058734417,3.4497316e-05
656,1,0,3.4628453,3.3879924,3.394149049889555,0.06869626,0.0047191763
657,1,0,3.3902297,3.3313313,3.422516103334615,0.032286406,0.001042412
658,1,0,3.4162164,3.3517504,3.586862441837751,0.17064595,0.029120041
659,1,0,3.5638943,3.4646988,3.4121143388311688,0.15177989,0.023037136
660,1,0,3.406705,3.3442945,3.4527695981000464,0.046064615,0.0021219489
661,1,0,3.4437723,3.3732305,3.539324266758208,0.09555197,0.009130179
662,1,0,3.521686,3.4329715,3.548414592207093,0.02672863,0.00071441964
663,1,0,3.52979,3.4390974,3.590255266899109,0.060465336,0.003656057
664,1,0,3.5668898,3.4669347,3.5376123758035765,0.029277325,0.00085716177
665,1,0,3.5201578,3.4318137,3.664673643476797,0.14451575,0.020884803
666,1,0,3.6320772,3.5149708,3.710491957680907,0.07841468,0.0061488617
667,1,0,3.6716995,3.5436087,3.6322460946008985,0.039453506,0.0015565791
668,1,0,3.6037989,3.4942703,3.548527103385464,0.055271864,0.003054979
669,1,1,3.5298896,3.4391732,-3.0611558186208714,6.5910454,43.44188
670,1,1,-2.9397337,0.4320488,2.715599014598371,5.6553326,31.982786
671,1,1,2.72441,2.7655773,-2.580552724700259,5.304963,28.142633
672,0,1,2.4238033,-1.5557833,2.295152071500119,0.12865114,0.016551116
673,0,1,-1.9088725,2.3500767,-2.0550764598392006,0.14620388,0.021375572
674,0,1,2.028648,-1.9227741,1.899624258435633,0.12902367,0.016647108
675,0,1,-1.6603264,1.9269891,-1.7233176383184932,0.06299126,0.003967899
676,0,1,1.7270555,-1.6336458,1.519459076479047,0.20759642,0.043096274
677,0,1,-1.3895414,1.5030799,-1.3578524718491571,0.03168893,0.0010041882
678,0,1,1.360126,-1.2276127,1.2558102397598805,0.10431576,0.010881777
679,0,1,-1.1824027,1.2054868,-1.1293564204166555,0.053046346,0.0028139148
680,0,1,1.1198368,-0.97173,1.0770172036039036,0.04281962,0.0018335198
681,0,1,-1.0327766,1.00422,-1.1287389436494182,0.095962405,0.0092087835
682,0,1,1.1191807,-0.9710381,0.9176981923152948,0.20148247,0.04059519
683,0,1,-0.8932693,0.8262603,-0.6119686727953475,0.2813006,0.07913003
684,0,1,0.571867,-0.39866304,0.3862551589601417,0.18561184,0.034451757
685,0,1,-0.38827896,0.25060105,-0.4046367855637127,0.01635784,0.0002675789
686,0,1,0.35831928,-0.17558241,0.399848148221229,0.04152885,0.0017246455
687,0,1,-0.4018929,0.26487255,-0.2115217364830268,0.19037117,0.03624118
688,0,1,0.16530824,-0.07233548,0.2417597677442846,0.076451525,0.0058448357
689,0,1,-0.25950336,0.1006577,-0.1318387399369611,0.12766463,0.016298257
690,0,1,0.08761096,-0.04062891,0.2880842730899142,0.20047331,0.040189546
691,0,1,-0.30044985,0.14837027,-0.0515565935084647,0.24889326,0.061947856
692,0,1,0.010573626,-0.01281929,0.0536952237691989,0.0431216,0.0018594722
693,0,1,-0.0884428,0.017778635,-0.108858914156388,0.02041611,0.00041681758
694,0,1,0.065429926,-0.032256365,0.040045387273853,0.025384538,0.00064437476
695,0,1,-0.075731516,0.01416707,0.0403200325185846,0.11605155,0.013467962
696,0,1,-0.075987816,0.014240742,0.0386086016460573,0.11459642,0.013132339
697,0,1,-0.0743916,0.013780594,0.0517969073548183,0.12618852,0.015923541
698,0,1,-0.08667779,0.017282486,-0.010073792001283,0.076603994,0.005868172
699,0,1,-0.028724909,6.4373016e-06,-0.0708703527231064,0.042145446,0.0017762387
700,0,1,0.02899003,-0.019143581,-0.0297968668496433,0.0587869,0.0034558994
701,0,1,-0.010084152,-0.005964279,0.1355439489762426,0.1456281,0.021207541
702,0,1,-0.16383362,0.037331104,-0.1650000893833731,0.0011664778,1.3606705e-06
703,0,1,0.11979985,-0.05331397,0.031477312130526,0.088322535,0.00780087
704,0,1,-0.06773281,0.011847496,-0.0803788966167591,0.0126460865,0.00015992351
705,0,1,0.03808379,-0.022341967,0.0383647743921597,0.00028098375,7.8951864e-08
706,0,1,-0.07416415,0.013715029,-0.0886044060431809,0.014440253,0.00020852091
707,0,1,0.045965195,-0.025152445,0.0787181505897351,0.032752953,0.001072756
708,0,1,-0.111643076,0.024132967,-0.0692211676788572,0.042421907,0.0017996182
709,0,1,0.027414322,-0.018594742,-0.0699174265473741,0.09733175,0.009473469
710,0,1,0.028079033,-0.018826962,-0.0608397472470469,0.088918775,0.007906549
711,0,1,0.019416094,-0.015830994,-0.1383529749784653,0.15776907,0.024891078
712,0,1,0.09391737,-0.043064356,0.245255316318175,0.15133795,0.022903176
713,0,1,-0.26261044,0.10424614,-0.3177414128582656,0.05513099,0.003039426
714,0,1,0.27068758,-0.121343136,0.4515487202708335,0.18086115,0.032710753
715,0,1,-0.45336628,0.3194003,-0.4814606258744622,0.028094351,0.00078929256
716,0,1,0.43676686,-0.25762367,0.3881068027889967,0.04866007,0.0023678024
717,0,1,-0.3901353,0.25254345,-0.4128624135726442,0.022727132,0.0005165225
718,0,1,0.36667728,-0.1843288,0.5192244086373852,0.15254712,0.023270624
719,0,1,-0.5199876,0.39135098,-0.5118607848167351,0.008126795,6.60448e-05
720,0,1,0.46804214,-0.29029822,0.567228465405027,0.0991863,0.009837923
721,0,1,-0.56670547,0.4427669,-0.6780567162383937,0.11135125,0.012399102
722,0,1,0.6410289,-0.4707899,0.5220636035432782,0.11896527,0.0141527355
723,0,1,-0.5227637,0.39438438,-0.5340837308559951,0.011319995,0.00012814229
724,0,1,0.49098253,-0.31425476,0.4379196097254443,0.053062916,0.0028156731
725,0,1,-0.4398446,0.30498767,-0.3621824233370065,0.0776622,0.0060314173
726,0,1,0.31535268,-0.14423394,0.2635118764788204,0.051840812,0.0026874698
727,0,1,-0.27878976,0.1230185,-0.1744917493902891,0.10429801,0.010878075
728,0,1,0.12905145,-0.05707693,0.142755831719366,0.013704389,0.00018781029
729,0,1,-0.17040706,0.038886547,-0.2232420476607912,0.052834988,0.0027915358
730,0,1,0.17683649,-0.07735753,0.3917182296140926,0.21488175,0.046174165
731,0,1,-0.39375424,0.25633335,-0.4270577797088348,0.03330353,0.0011091251
732,0,1,0.38112402,-0.19944453,0.314018086888943,0.06710592,0.0045032045
733,0,1,-0.32316327,0.17523146,-0.3375210649285995,0.014357805,0.00020614658
734,0,1,0.2905259,-0.1313541,0.4014046743028516,0.110878766,0.012294101
735,0,1,-0.40344906,0.26650763,-0.2997045455522991,0.10374451,0.0107629225
736,0,1,0.25265384,-0.11246109,0.2819829081368898,0.029329062,0.00086019386
737,0,1,-0.29508352,0.14206624,-0.2137416498053617,0.08134188,0.006616501
738,0,1,0.16748977,-0.073278904,0.2211094740924677,0.053619713,0.0028750736
739,0,1,-0.24109769,0.07950139,-0.0612362357222617,0.17986146,0.03235014
740,0,1,0.019793987,-0.015960693,0.1120870630898549,0.092293076,0.008518012
741,0,1,-0.14237404,0.03208685,-0.1322305572203137,0.010143489,0.000102890364
742,0,1,0.08798957,-0.040774345,0.2871983262040962,0.19920877,0.03968413
743,0,1,-0.2996707,0.14745522,-0.1793219974570137,0.12034869,0.014483808
744,0,1,0.13376641,-0.059015512,0.2227307850537752,0.08896437,0.00791466
745,0,1,-0.24254608,0.08115935,-0.0651917065490734,0.17735437,0.03145457
746,0,1,0.0235672,-0.017261267,0.0094582889516203,0.014108911,0.00019906137
747,0,1,-0.047106028,0.00569582,-0.0900792885025429,0.042973258,0.0018467009
748,0,1,0.047379494,-0.025661469,0.2880688801563225,0.2406894,0.057931386
749,0,1,-0.30043602,0.14835477,-0.2204980339045863,0.07993798,0.006390081
750,0,1,0.17413592,-0.07617307,0.0754985609897471,0.098637365,0.0097293295
751,0,1,-0.10866594,0.02333498,-0.007579628523846,0.10108632,0.010218443
752,0,1,-0.03107667,0.0007452965,0.0924879696151643,0.12356464,0.01526822
753,0,1,-0.12435341,0.027486801,-0.065834946100566,0.058518462,0.0034244105
754,0,1,0.02418089,-0.01747322,-0.0180750634900133,0.042255953,0.0017855655
755,0,1,-0.021172285,-0.002388239,-0.0590937550567156,0.03792147,0.0014380378
756,0,1,0.017751455,-0.015260696,0.0546745898531222,0.036923133,0.0013633177
757,0,1,-0.0893538,0.018033504,-0.0796072052773677,0.009746596,9.499614e-05
758,0,1,0.037344933,-0.022080183,0.080682066770819,0.043337137,0.0018781074
759,0,1,-0.113458395,0.024617672,-0.1388185574737193,0.025360167,0.0006431381
760,0,1,0.09436846,-0.04324031,-0.0018299747284218,0.09619843,0.009254138
761,0,1,-0.036493063,0.0024342537,-0.2014224690294153,0.1649294,0.027201708
762,0,1,0.15539432,-0.06808257,0.0550660906029505,0.10032822,0.010065752
763,0,1,-0.08971691,0.01813531,-0.2153779487935736,0.12566103,0.015790695
764,0,1,0.16909862,-0.07397771,0.1415136709706455,0.02758494,0.0007609289
765,0,1,-0.16927552,0.03862095,-0.0682511844199726,0.10102434,0.010205917
766,0,1,0.026487589,-0.018273115,0.1543889088140018,0.12790132,0.016358746
767,0,1,-0.18098664,0.041341066,-0.1241605457709771,0.0568261,0.0032292057
768,0,1,0.080188274,-0.03779435,0.0482981610799844,0.031890113,0.0010169793
769,0,1,-0.083421946,0.016362906,-0.1882085441640759,0.104786605,0.010980233
770,0,1,0.14245176,-0.06262183,0.3400926043440608,0.19764084,0.0390619
771,0,1,-0.3458488,0.20234466,-0.3092843220303636,0.03656447,0.0013369605
772,0,1,0.2622249,-0.11715007,0.2680214071818585,0.005796492,3.359932e-05
773,0,1,-0.28277493,0.12766361,-0.1288542925256095,0.15392064,0.023691563
774,0,1,0.084724426,-0.039522648,0.1314276078632748,0.046703175,0.0021811866
775,0,1,-0.16007566,0.036430836,-0.2381606944835552,0.078085035,0.0060972725
776,0,1,0.1915474,-0.0838871,0.0966595416946272,0.09488785,0.009003704
777,0,1,-0.12819576,0.028483152,-0.0168194402336707,0.11137632,0.012404685
778,0,1,-0.022358894,-0.002010107,0.0572188000750877,0.0795777,0.0063326103
779,0,1,-0.0917182,0.018693924,-0.0283954931613208,0.06332271,0.0040097656
780,0,1,-0.011410713,-0.0055322647,0.1104840165787193,0.12189473,0.014858326
781,0,1,-0.14090347,0.031718254,-0.1594872786810488,0.018583804,0.00034535778
782,0,1,0.114433765,-0.05115533,0.0224217619203588,0.092012,0.008466208
783,0,1,-0.059262276,0.009350538,0.0580542371861345,0.117316514,0.013763164
784,0,1,-0.09249425,0.018909216,-0.0709939123267364,0.021500334,0.00046226438
785,0,1,0.029107332,-0.019185781,0.0547199868132701,0.025612656,0.00065600814
786,0,1,-0.089396,0.018045425,0.0635316655801681,0.15292767,0.023386871
787,0,1,-0.097579,0.020317316,-0.0646837034298175,0.032895297,0.0010821006
788,0,1,0.023082733,-0.017093182,0.1107422852203514,0.08765955,0.0076841973
789,0,1,-0.14113998,0.031777143,-0.0320582389752015,0.109081745,0.011898827
790,0,1,-0.007941723,-0.0066633224,0.0671678338758292,0.07510956,0.0056414455
791,0,1,-0.100951195,0.021241188,-0.1028609682927217,0.0019097701,3.6472218e-06
792,0,1,0.059657097,-0.030125856,-0.0313841942094561,0.09104129,0.008288517
793,0,1,-0.008580685,-0.006454706,0.0100819905801237,0.018662676,0.0003482955
794,0,1,-0.047691584,0.00587368,-0.0614920864272972,0.013800502,0.00019045385
795,0,1,0.020038128,-0.016044855,-0.2203693476287096,0.24040748,0.057795756
796,0,1,0.17400837,-0.076117516,0.139414327387239,0.034594044,0.0011967479
797,0,1,-0.16736221,0.038169146,-0.1526138773846339,0.014748335,0.00021751338
798,0,1,0.10775232,-0.048491716,0.1663117175319581,0.058559388,0.003429202
799,0,1,-0.19180036,0.043787956,-0.2124303119712984,0.020629957,0.00042559515
800,0,1,0.16620088,-0.072721004,0.1670937136488399,0.0008928329,7.9715056e-07
801,0,1,-0.19250798,0.043946028,-0.3560944348865575,0.16358647,0.026760532
802,0,1,0.3092146,-0.14101315,0.3980359225666379,0.08882132,0.007889227
803,0,1,-0.40007973,0.26296806,-0.3254808768175721,0.07459885,0.005564988
804,0,1,0.27844214,-0.12522745,0.1416090925901243,0.13683306,0.018723285
805,0,1,-0.1693623,0.038641214,-0.0663994483907375,0.10296286,0.01060135
806,0,1,0.024720669,-0.017659903,0.0499150891099042,0.025194421,0.00063475885
807,0,1,-0.08492708,0.016788721,0.1918335524048133,0.27676064,0.076596454
808,0,1,-0.21484232,0.05033493,-0.2192458113296611,0.004403487,1.9390696e-05
809,0,1,0.1729033,-0.075633764,0.1925954167231425,0.019692123,0.0003877797
810,0,1,-0.21552777,0.050528526,-0.2830695039864972,0.06754172,0.004561884
811,0,1,0.23607183,-0.104474545,0.3280910390473308,0.0920192,0.008467534
812,0,1,-0.33542585,0.18985176,-0.4603263158242696,0.12490046,0.015600125
813,0,1,0.41510034,-0.23497677,0.3554930618902889,0.059607267,0.0035530264
814,0,1,-0.35917497,0.21840739,-0.4348124300568572,0.07563746,0.005721025
815,0,1,0.38902926,-0.2077136,0.3902306641447599,0.0012013912,1.4433408e-06
816,0,1,-0.3922634,0.25477147,-0.4154708699971543,0.023207456,0.000538586
817,0,1,0.3693292,-0.18710423,0.3899462012706483,0.020616978,0.00042505978
818,0,1,-0.3919785,0.25447345,-0.2077370343395839,0.18424147,0.03394492
819,0,1,0.16159105,-0.07073355,0.1638698055883103,0.0022787452,5.1926795e-06
820,0,1,-0.1895876,0.043292522,-0.1742441236955554,0.015343472,0.00023542215
821,0,1,0.1288104,-0.056978464,0.0554356634658721,0.07337474,0.0053838524
822,0,1,-0.09006119,0.01823163,-0.2388857127857648,0.14882453,0.02214874
823,0,1,0.19226336,-0.08420825,0.2083950481094905,0.016131684,0.00026023123
824,0,1,-0.22971845,0.066509485,-0.2602909766627248,0.030572534,0.0009346798
825,0,1,0.21344352,-0.093856096,0.1381401396653108,0.075303376,0.0056705982
826,0,1,-0.16620088,0.037893534,-0.3289486066029474,0.16274774,0.026486827
827,0,1,0.28192043,-0.12698102,0.4560008610160588,0.17408043,0.030303996
828,0,1,-0.45777583,0.3241136,-0.3184853285183942,0.13929051,0.019401846
829,0,1,0.27143264,-0.12171507,0.1924634947473791,0.07896915,0.0062361266
830,0,1,-0.21540928,0.05049491,-0.1978656358673665,0.017543644,0.00030777944
831,0,1,0.15190744,-0.0666008,0.0447140506479688,0.107193395,0.011490424
832,0,1,-0.080084085,0.015414,-0.0659421688818504,0.014141917,0.00019999382
833,0,1,0.02428317,-0.017508507,-0.1306498270996496,0.15493299,0.024004232
834,0,1,0.08646083,-0.040188074,0.2470592577871566,0.16059843,0.025791856
835,0,1,-0.26421213,0.10609889,-0.1879690884399152,0.07624304,0.0058130017
836,0,1,0.14221787,-0.062524796,0.1648697636051674,0.022651896,0.0005131084
837,0,1,-0.19049406,0.043495655,-0.0503733930893703,0.14012067,0.019633802
838,0,1,0.009447813,-0.012439489,0.2028060500534509,0.19335824,0.03738741
839,0,1,-0.2247045,0.060807705,-0.179717655828433,0.044986844,0.002023816
840,0,1,0.13415313,-0.059174538,0.0544300468246654,0.07972308,0.00635577
841,0,1,-0.08912659,0.017969847,0.1048414065940828,0.193968,0.037623584
842,0,1,-0.13572145,0.030409575,-0.0694142651879423,0.06630718,0.004396642
843,0,1,0.027598381,-0.018659115,0.1439316652414199,0.11633329,0.013533435
844,0,1,-0.17147803,0.03913784,-0.2605893674299508,0.08911133,0.007940829
845,0,1,0.2137394,-0.09399247,0.1682428227951882,0.045496568,0.0020699378
846,0,1,-0.19354844,0.04418707,0.0211744396109141,0.21472289,0.046105918
847,0,1,-0.058094025,0.009003162,-0.0952218524795793,0.03712783,0.0013784758
848,0,1,0.052315235,-0.027445555,0.1824453550472315,0.13013013,0.01693385
849,0,1,-0.20638275,0.047922134,-0.2664155369572509,0.060032785,0.0036039352
850,0,1,0.21951842,-0.09667468,0.1547552085786914,0.06476322,0.0041942745
851,0,1,-0.18131948,0.04141879,-0.1294232909370087,0.051896185,0.002693214
852,0,1,0.08527446,-0.039732933,0.0777961383120859,0.007478319,5.592526e-05
853,0,1,-0.11079073,0.023905754,0.0171771627171746,0.1279679,0.016375782
854,0,1,-0.05434823,0.007883072,-0.0140556288234026,0.040292602,0.0016234937
855,0,1,-0.02496767,-0.0011804104,0.0930455829243679,0.118013255,0.013927128
856,0,1,-0.1248672,0.027620316,-0.0099422948370189,0.11492491,0.013207735
857,0,1,-0.028848886,4.6253204e-05,0.0308394496286772,0.059688337,0.0035626977
858,0,1,-0.067136526,0.011672974,-0.1591719981517303,0.09203547,0.008470528
859,0,1,0.1141274,-0.051032305,0.2201866283109677,0.10605922,0.011248559
860,0,1,-0.24027276,0.078557014,-0.2421168760722434,0.001844123,3.4007896e-06
861,0,1,0.19545531,-0.08564377,0.0419992288929815,0.15345609,0.023548773
862,0,1,-0.07755351,0.014689922,0.0274429852227315,0.104996495,0.011024264
863,0,1,-0.06396127,0.010740757,0.133035879419356,0.19699715,0.038807876
864,0,1,-0.16154432,0.03678322,0.0109833167865258,0.17252764,0.029765787
865,0,1,-0.04853797,0.006130457,-0.1609777343005318,0.11243977,0.012642701
866,0,1,0.11588383,-0.05173707,0.2398861439818387,0.12400232,0.015376576
867,0,1,-0.2578373,0.098735094,-0.3388200239956438,0.080982715,0.0065582
868,0,1,0.29183125,-0.13202167,0.2795934493735976,0.012237817,0.00014976416
869,0,1,-0.2929802,0.13959932,-0.2565018815743194,0.03647831,0.0013306672
870,0,1,0.20968843,-0.0921247,0.3351016727542704,0.12541324,0.015728481
871,0,1,-0.34151816,0.19714618,-0.2307887710368636,0.1107294,0.0122609995
872,0,1,0.18427324,-0.08064127,0.3776247106839787,0.19335148,0.037384793
873,0,1,-0.37961745,0.24155378,-0.2093672472182022,0.1702502,0.028985133
874,0,1,0.1631918,-0.07142186,0.1784113185750908,0.0152195245,0.00023163392
875,0,1,-0.2027421,0.046871662,-0.06766440041301,0.1350777,0.018245986
876,0,1,0.025928259,-0.018078327,0.1555608585388044,0.12963259,0.01680461
877,0,1,-0.18205094,0.041585207,-0.196563074483675,0.014512137,0.00021060211
878,0,1,0.15063071,-0.066060305,0.037500746496963,0.113129966,0.012798389
879,0,1,-0.07335758,0.013482332,-0.2374372327158753,0.16407965,0.026922133
880,0,1,0.19083357,-0.08356643,0.2062989163232274,0.015465349,0.00023917702
881,0,1,-0.22783875,0.06437087,-0.0635947394485709,0.16424403,0.0269761
882,0,1,0.022043467,-0.016734838,-0.0243749181634029,0.046418384,0.0021546662
883,0,1,-0.015216827,-0.0043001175,0.1523203903420338,0.16753721,0.028068718
884,0,1,-0.1791079,0.040909767,-0.3438067999194416,0.1646989,0.027125727
885,0,1,0.29684448,-0.13459492,0.144356400901374,0.15248808,0.023252616
886,0,1,-0.17186451,0.03922844,-0.184728435461754,0.012863919,0.00016548042
887,0,1,0.13904905,-0.061203003,0.1373466745458054,0.0017023832,2.8981085e-06
888,0,0,-0.16547775,0.03772235,-0.0174924965369429,0.14798525,0.021899635
889,0,0,-0.021722794,-0.0022125244,0.0348368291379976,0.056559622,0.0031989908
890,0,0,-0.07087064,0.012761354,-0.0714856082539006,0.0006149709,3.7818924e-07
891,0,0,0.02957797,-0.01934886,-0.0753839029755347,0.10496187,0.011016995
892,0,0,0.033304214,-0.020654917,-0.162826319371105,0.19613053,0.038467184
893,0,0,0.11768341,-0.052460194,-0.0694361892723596,0.1871196,0.035013746
894,0,0,0.027619362,-0.018666506,0.0420653330377764,0.014445972,0.00020868609
895,0,0,-0.07761526,0.014707565,0.1932124939195096,0.27082777,0.07334768
896,0,0,-0.21608281,0.051032305,0.1457238501428031,0.36180666,0.13090406
897,0,0,-0.1731093,0.039519787,0.2235422666610773,0.39665157,0.15733247
898,0,0,-0.24327087,0.081989765,0.1703631948888695,0.41363406,0.17109314
899,0,0,-0.19546747,0.044751167,0.0485637101097142,0.24403119,0.05955122
900,1,0,0.048481703,0.016432762,-0.0453327161464356,0.09381442,0.008801145
901,1,0,-0.047370434,-0.010829449,0.0782819941557293,0.12565243,0.015788535
902,1,0,0.07888317,0.024024963,0.1222856526627347,0.043402478,0.0018837751
903,1,0,0.12394762,0.03440094,0.1075339882306258,0.016413629,0.00026940723
904,1,0,0.10883403,0.031036139,0.1458205991431449,0.036986575,0.0013680067
905,1,0,0.14807177,0.03954029,0.006394234711216,0.14167753,0.020072522
906,1,0,0.005393982,0.0048179626,-0.0872620599248263,0.09265604,0.008585142
907,1,0,-0.09006047,-0.024691343,0.0137982378068066,0.10385871,0.010786631
908,1,0,0.012954712,0.0069293976,0.0711944334571947,0.05823972,0.0033918652
909,1,0,0.07163048,0.022257805,0.1674844038108811,0.095853925,0.009187975
910,1,0,0.17029023,0.04402542,0.2439917454837106,0.073701516,0.0054319133
911,1,0,0.2488389,0.102948904,0.3086069670767353,0.05976805,0.00357222
912,1,0,0.31525588,0.16961765,0.1725720204367777,0.14268386,0.020358685
913,1,0,0.17551017,0.045336723,0.1373603486402079,0.03814982,0.0014554086
914,1,0,0.13939857,0.03772521,0.0006715801309327,0.138727,0.01924518
915,1,0,-0.00044894218,0.003164053,0.0163868212282549,0.016835764,0.00028344296
916,1,0,0.015598536,0.007661104,0.1566041136941067,0.14100558,0.019882573
917,1,0,0.15912986,0.041801453,0.166253445756531,0.0071235895,5.0745526e-05
918,1,0,0.16902757,0.043776512,0.064807924598548,0.104219645,0.010861735
919,1,0,0.0650959,0.020642757,0.1904635010989275,0.1253676,0.015717035
920,1,0,0.19386959,0.04998541,0.1934630370164978,0.00040654838,1.6528159e-07
921,1,0,0.19694853,0.051286936,0.175551896160961,0.021396637,0.00045781606
922,1,0,0.17856717,0.046121597,0.1253364719304359,0.053230703,0.0028335077
923,1,0,0.12707353,0.03508377,0.0450738252466202,0.081999704,0.0067239515
924,1,0,0.04491377,0.015509605,0.1959681504207031,0.15105438,0.022817427
925,1,0,0.19951987,0.053838015,0.07622791542562,0.123291954,0.015200906
926,1,0,0.07678151,0.023516893,-0.0531997081767543,0.12998122,0.016895117
927,1,0,-0.05538559,-0.013348818,0.0188009848903281,0.07418658,0.0055036484
928,1,0,0.01806426,0.008339167,0.1963515250312291,0.17828727,0.03178635
929,1,0,0.1999135,0.054228783,0.1835279033023091,0.0163856,0.0002684879
930,1,0,0.18675208,0.04820156,0.2106055650158622,0.02385348,0.00056898856
931,1,0,0.2145474,0.06876683,0.1213991517743289,0.09314825,0.008676596
932,1,0,0.123039246,0.0342021,0.170691370650136,0.047652125,0.002270725
933,1,0,0.17358041,0.04483819,0.1712259583792335,0.002354443,5.543402e-06
934,1,0,0.17412877,0.04498005,0.0601483954087962,0.113980375,0.012991526
935,1,0,0.0603292,0.019448996,0.0860000834944063,0.025670886,0.00065899437
936,1,0,0.08678293,0.025919199,-0.011239430976806,0.098022364,0.009608384
937,1,0,-0.012604713,-0.00033974648,0.0475594820217319,0.060164195,0.0036197302
938,1,0,0.047455072,0.01616788,0.0218821486045777,0.025572924,0.0006539744
939,1,0,0.021211863,0.009200096,0.0786267252480326,0.05741486,0.003296466
940,1,0,0.07923627,0.02411151,0.2695149233267688,0.19027865,0.036205966
941,1,0,0.27506614,0.1292026,0.1910097348025958,0.08405641,0.0070654796
942,1,0,0.19443035,0.050124884,0.2332567671195455,0.03882642,0.001507491
943,1,0,0.23781037,0.09193778,0.2851655289936698,0.047355145,0.0022425097
944,1,0,0.29115415,0.1453538,0.501576967780025,0.21042281,0.04427776
945,1,0,0.50974584,0.37252784,0.5167277716098369,0.0069819093,4.8747057e-05
946,1,0,0.52481675,0.38868594,0.6808847974347083,0.15606803,0.02435723
947,1,0,0.6883478,0.56566477,0.7000264765518107,0.011678636,0.00013639055
948,1,0,0.70743656,0.5865145,0.6421202822725149,0.06531626,0.0042662136
949,1,0,0.64969945,0.52357244,0.670088646036501,0.0203892,0.00041571943
950,1,0,0.6775818,0.5539241,0.7795065202894,0.10192472,0.010388648
951,1,0,0.7867222,0.6735158,0.8082275692021983,0.021505415,0.0004624829
952,1,0,0.8153784,0.7051153,0.7938658818605004,0.021512568,0.00046279057
953,1,0,0.8010495,0.6893039,0.7739129209033964,0.027136564,0.0007363931
954,1,0,0.78114176,0.6673713,0.966049613677796,0.18490785,0.034190916
955,1,0,0.9728055,0.8800862,1.0279727176434936,0.0551672,0.0030434197
956,1,0,1.0345206,0.9492612,0.8661380206591551,0.16838259,0.028352695
957,1,0,0.87315655,0.76907015,0.6549875743481022,0.21816897,0.047597703
958,1,0,0.6625266,0.53752446,0.7982903021853027,0.1357637,0.018431783
959,1,0,0.8054638,0.6941726,0.9613082641510649,0.15584445,0.024287492
960,1,0,0.9680791,0.8747997,0.6982890874424164,0.26979,0.072786644
961,1,0,0.705704,0.5846205,0.7275487430077061,0.021844745,0.00047719287
962,1,0,0.73488855,0.61656404,0.7524588142748669,0.017570257,0.00030871393
963,1,0,0.7597382,0.6438329,0.8124014197942269,0.052663207,0.0027734134
964,1,0,0.8195429,0.7097144,0.80034163007151,0.019201279,0.0003686891
965,1,0,0.80751014,0.6964302,0.8694886335014962,0.06197852,0.0038413368
966,1,0,0.8764992,0.77277946,0.915768094688084,0.03926891,0.0015420474
967,1,0,0.9226651,0.82411575,1.0009652665298732,0.07830012,0.0061309086
968,1,0,1.0076098,0.9190595,1.1026662800627496,0.095056415,0.009035722
969,1,0,1.108892,1.0330133,1.060274114002569,0.04861784,0.0023636944
970,1,0,1.0666943,0.98544264,0.9711502437915508,0.09554404,0.009128664
971,1,0,0.97789097,0.88577414,1.0533503162308828,0.07545936,0.005694115
972,1,0,1.0597992,0.9776826,1.1359579410067293,0.07615876,0.005800157
973,1,0,1.1420074,1.0704341,1.1332838231425568,0.008723497,7.609941e-05
974,1,0,1.1393485,1.0674257,1.333514262140152,0.1941657,0.03770032
975,1,0,1.3390532,1.2932162,1.2269507632293437,0.11210239,0.0125669455
976,1,0,1.2323952,1.1729288,1.2984496749484786,0.06605446,0.0043631922
977,1,0,1.3032923,1.2536187,1.2860025316148849,0.017289758,0.00029893572
978,1,0,1.2909398,1.2395654,1.2274592105635205,0.063480616,0.0040297885
979,1,0,1.2329001,1.1735024,1.267066365130462,0.034166217,0.0011673304
980,1,0,1.2721777,1.2181902,1.2451076346094188,0.027070045,0.00073278736
981,1,0,1.2504072,1.1934109,1.2986593937286082,0.048252225,0.002328277
982,1,0,1.3035064,1.2538557,1.3160005001037631,0.012494087,0.00015610222
983,1,0,1.3211942,1.273438,1.4948772588631312,0.17368305,0.0301658
984,1,0,1.5032578,1.4753747,1.5294650223350872,0.026207328,0.00068682403
985,1,0,1.5383582,1.5143514,1.5466187338869433,0.0082604885,6.823567e-05
986,1,0,1.5557518,1.5336671,1.453767753528472,0.101984024,0.010400741
987,1,0,1.4614897,1.4290032,1.398839359427701,0.06265032,0.003925063
988,1,0,1.4056067,1.3669939,1.381512557559661,0.024094224,0.0005805316
989,1,0,1.3879633,1.3474269,1.3112645033833217,0.07669878,0.005882703
990,1,0,1.3163638,1.2680893,1.3736765442544043,0.057312727,0.0032847486
991,1,0,1.3799815,1.3385768,1.377963532952022,0.0020179749,4.0722225e-06
992,1,0,1.3843484,1.3434196,1.3722810847291442,0.012067318,0.00014562016
993,1,0,1.378561,1.3370008,1.3140533737315052,0.0645076,0.0041612308
994,1,0,1.3192081,1.2712388,1.2183810554554015,0.1008271,0.010166104
995,1,0,1.2238913,1.1632638,1.248859965533566,0.024968743,0.00062343816
996,1,0,1.254128,1.1976442,1.4459864247161964,0.19185841,0.03680965
997,1,0,1.453578,1.4202223,1.3721813408068493,0.0813967,0.0066254227
998,1,0,1.3784599,1.3368888,1.3003781955558584,0.07808173,0.006096756
999,1,0,1.3052597,1.2557964,1.494310246907609,0.18905056,0.03574011
1000,1,1,1.5026817,1.4747338,-1.44081753529603,2.9434993,8.664188
1001,1,1,-1.4392761,-1.3203337,1.3912430417049024,2.8305192,8.011839
1002,1,1,1.3978724,1.3584151,-1.2290393048228776,2.6269116,6.900665
1003,0,1,1.225277,-1.083378,1.0845579648400243,0.14071894,0.01980182
1004,0,1,-1.0392358,1.0126815,-1.0316575590994033,0.0075782537,5.742993e-05
1005,0,1,1.0159793,-0.8624575,0.8819434105688813,0.13403589,0.017965619
1006,0,1,-0.8611734,0.7865777,-0.6678404506799263,0.19333297,0.037377637
1007,0,1,0.6303091,-0.45961165,0.5980197667013352,0.032289326,0.0010426006
1008,0,1,-0.596431,0.475904,-0.6186618003819615,0.022230804,0.00049420865
1009,0,1,0.57885003,-0.40594745,0.5233590349585007,0.05549097,0.003079248
1010,0,1,-0.5240295,0.3957677,-0.4576678823122431,0.066361606,0.0044038626
1011,0,1,0.41237926,-0.23213243,0.5542457566482772,0.1418665,0.020126104
1012,0,1,-0.5541153,0.4288323,-0.6268051719058829,0.07268989,0.0052838204
1013,0,1,0.58735394,-0.41481686,0.6490631820525539,0.061709225,0.0038080285
1014,0,1,-0.64528275,0.5310974,-0.4402568420236279,0.20502591,0.042035624
1015,0,1,0.39458394,-0.2135241,0.4120136407645662,0.01742971,0.00030379478
1016,0,1,-0.4140489,0.27766776,-0.4431707112332952,0.029121786,0.00084807846
1017,0,1,0.39755964,-0.21663594,0.2841773001293592,0.11338234,0.012855555
1018,0,1,-0.29701447,0.14433336,-0.2613064567253431,0.03570801,0.001275062
1019,0,1,0.21445012,-0.09432101,0.1198256661039187,0.09462445,0.008953787
1020,0,1,-0.14946675,0.033848524,-0.3299895120349907,0.18052277,0.03258847
1021,0,1,0.28296494,-0.12750936,0.1981884618733227,0.084776476,0.007187051
1022,0,1,-0.22055769,0.056100607,-0.1832465983103852,0.037311092,0.0013921176
1023,0,1,0.13760066,-0.060600996,0.2875958215946013,0.14999515,0.022498544
1024,0,1,-0.30002022,0.14786506,-0.3701943281867201,0.0701741,0.004924404
1025,0,1,0.32343936,-0.14851403,0.3540940822644782,0.030654728,0.0009397124
1026,0,1,-0.35796738,0.2169466,-0.40912858445009,0.0511612,0.0026174684
1027,0,1,0.36288166,-0.1803577,0.2851263670194557,0.0777553,0.0060458872
1028,0,1,-0.29784942,0.1453135,-0.3676045948174864,0.06975517,0.0048657833
1029,0,1,0.32082415,-0.14712548,0.3031313198205776,0.017692834,0.00031303638
1030,0,1,-0.3136468,0.16394186,-0.3300407765433033,0.01639399,0.00026876287
1031,0,1,0.28301573,-0.12753558,0.1482552969372221,0.13476042,0.018160371
1032,0,1,-0.17541194,0.04005575,-0.023539484694913,0.15187246,0.023065243
1033,0,1,-0.01600647,-0.004045248,0.1772703098691677,0.19327678,0.037355915
1034,0,1,-0.20171142,0.046572447,-0.1953449016539767,0.006366521,4.053259e-05
1035,0,1,0.14943838,-0.06555605,0.0131551254840247,0.13628325,0.018573124
1036,0,1,-0.05057621,0.006747484,0.2013442229545394,0.25192043,0.063463904
1037,0,1,-0.22339249,0.05931735,-0.2098756298080037,0.013516858,0.00018270545
1038,0,1,0.16369152,-0.07163668,0.1747722924732415,0.011080772,0.0001227835
1039,0,1,-0.19945478,0.045916796,-0.1127342412676895,0.08672054,0.007520452
1040,0,1,0.069163084,-0.0336442,0.2153062637236291,0.14614318,0.02135783
1041,0,1,-0.23590827,0.073568106,-0.163495222116802,0.07241304,0.005243649
1042,0,1,0.118334055,-0.052722454,0.0440713893525823,0.07426266,0.005514943
1043,0,1,-0.07948542,0.015242815,-0.0994267679314626,0.019941352,0.00039765754
1044,0,1,0.056355238,-0.02891612,0.0823988145917424,0.026043579,0.000678268
1045,0,1,-0.115044355,0.025039673,-0.2799880047442418,0.16494364,0.027206402
1046,0,1,0.23300505,-0.10301638,0.2405068644906549,0.007501811,5.6277164e-05
1047,0,1,-0.25838947,0.09937239,-0.2559771061433795,0.0024123788,5.8195715e-06
1048,0,1,0.20916843,-0.09188533,0.3297956494179765,0.120627224,0.014550927
1049,0,1,-0.33690834,0.19162464,-0.2340818508582569,0.10282649,0.0105732875
1050,0,1,0.1875217,-0.08208585,0.2903644027537502,0.10284272,0.010576624
1051,0,1,-0.3024528,0.15072775,-0.2818304291532691,0.020622373,0.00042528225
1052,0,1,0.23483801,-0.10388708,0.3634477316091864,0.12860972,0.016540458
1053,0,1,-0.3660376,0.22671843,-0.3734852496180743,0.00744763,5.5467193e-05
1054,0,1,0.32676387,-0.15028524,0.2175640972725387,0.10919978,0.011924591
1055,0,1,-0.23792815,0.07587552,-0.0718671007038764,0.16606104,0.02757627
1056,0,1,0.029942274,-0.019476652,-0.0628923999850621,0.092834674,0.008618277
1057,0,1,0.021373749,-0.01650381,-0.0254806770939031,0.046854425,0.002195337
1058,0,1,-0.01417017,-0.0046379566,0.0816469099524095,0.09581708,0.009180913
1059,0,1,-0.11435032,0.024855375,0.0189583331739537,0.13330865,0.017771196
1060,0,1,-0.056018114,0.0083835125,-0.0023022513424795,0.053715862,0.0028853938
1061,0,1,-0.036048412,0.0022957325,0.1633744243400445,0.19942284,0.039769467
1062,0,1,-0.18913913,0.04319167,-0.050632563786781,0.13850656,0.019184068
1063,0,1,0.009694815,-0.012522221,0.0959942974982861,0.08629949,0.0074476013
1064,0,1,-0.12758327,0.028324366,-0.1898224376748718,0.06223917,0.0038737142
1065,0,1,0.14403129,-0.06328249,0.2380062909073999,0.09397501,0.008831302
1066,0,1,-0.25616527,0.09680724,-0.2915472205266733,0.035381943,0.001251882
1067,0,1,0.24451661,-0.10851979,0.2361314123611189,0.008385196,7.0311515e-05
1068,0,1,-0.25449634,0.09488416,-0.0377360533684023,0.21676028,0.04698502
1069,0,1,-0.002557993,-0.008432627,0.1472704080892803,0.1498284,0.02244855
1070,0,1,-0.17451644,0.03984785,-0.3042765689321003,0.12976012,0.016837688
1071,0,1,0.2572198,-0.11469078,0.4072484751508352,0.15002868,0.022508604
1072,0,1,-0.40929103,0.27265358,-0.4238224269323374,0.014531404,0.00021116169
1073,0,1,0.3778286,-0.19599676,0.1986303917590866,0.1791982,0.032112
1074,0,1,-0.22095442,0.05655074,-0.1894629809249624,0.031491444,0.000991711
1075,0,1,0.14367914,-0.063135386,0.3152847769707381,0.17160565,0.029448498
1076,0,1,-0.32426882,0.17654586,-0.1936109975219575,0.13065782,0.017071467
1077,0,1,0.14773965,-0.0648396,0.380310111121851,0.23257047,0.054089025
1078,0,1,-0.38231373,0.2443676,-0.2958182239318963,0.08649552,0.007481475
1079,0,1,0.24877524,-0.11057758,0.1750108320762207,0.07376441,0.005441189
1080,0,1,-0.19967008,0.04597926,-0.1988206870249431,0.000849396,7.2147355e-07
1081,0,1,0.15284348,-0.06699777,-0.0992422090780333,0.2520857,0.063547194
1082,0,1,0.05617833,-0.02885127,-0.1651835421211793,0.22136188,0.04900108
1083,0,1,0.11997867,-0.053385973,0.1174527787448767,0.0025258884,6.380112e-06
1084,0,1,-0.14729357,0.033311367,-0.0401241919156554,0.107169375,0.011485275
1085,0,1,-0.00029182434,-0.009182215,0.1105102793745533,0.11080211,0.012277107
1086,0,1,-0.14092755,0.031723976,-0.1069216466238769,0.03400591,0.0011564019
1087,0,1,0.06356406,-0.03156495,-0.0302185824770662,0.09378265,0.008795185
1088,0,1,-0.009684563,-0.006093979,0.1844866621171625,0.19417122,0.037702464
1089,0,1,-0.20822358,0.048449516,-0.2335045261905355,0.025280938,0.0006391258
1090,0,1,0.18695211,-0.08183241,0.3594066965947489,0.1724546,0.029740587
1091,0,1,-0.36255336,0.22249484,-0.3294784941816213,0.033074856,0.001093946
1092,0,1,0.28245187,-0.12724972,0.2845897102846724,0.0021378398,4.570359e-06
1093,0,1,-0.2973776,0.14475942,-0.1451922845489939,0.1521853,0.023160368
1094,0,1,0.10054779,-0.045651436,0.0746435467086437,0.025904246,0.00067102996
1095,0,1,-0.10787463,0.023121595,-0.0130972624446545,0.09477737,0.00898275
1096,0,1,-0.025872707,-0.0008940697,0.0908576114107515,0.11673032,0.013625967
1097,0,1,-0.12285042,0.027094841,-0.1344009163481656,0.011550501,0.00013341407
1098,0,1,0.090090275,-0.0415833,0.3182022056226397,0.22811192,0.05203505
1099,0,1,-0.3268137,0.17957473,-0.1619711878970617,0.16484252,0.027173055
1100,0,1,0.11685133,-0.052125454,0.1213036620675445,0.004452333,1.9823268e-05
1101,0,1,-0.15082002,0.03418088,0.1535392501201307,0.30435926,0.09263456
1102,0,1,-0.18021536,0.041164875,-0.2667736013598976,0.08655825,0.007492331
1103,0,1,0.21987414,-0.09684086,0.2446122610391579,0.024738118,0.0006119745
1104,0,1,-0.2620387,0.10358572,-0.1299141463523656,0.13212456,0.017456898
1105,0,1,0.085749626,-0.039915085,0.2284613884863171,0.14271176,0.020366646
1106,0,1,-0.24766111,0.08702445,-0.3764640154295113,0.1288029,0.016590185
1107,0,1,0.32977414,-0.15189576,0.2729070976072107,0.056867033,0.0032338595
1108,0,1,-0.28708696,0.13270116,-0.519037071851169,0.2319501,0.05380085
1109,0,1,0.4754429,-0.298028,0.5904785144235447,0.11503565,0.013233202
1110,0,1,-0.58916855,0.467777,-0.3690226841023434,0.22014585,0.048464198
1111,0,1,0.32225585,-0.14788485,0.3598236067229687,0.037567765,0.0014113369
1112,0,1,-0.36291313,0.22293067,-0.2683145490110377,0.09459859,0.008948893
1113,0,1,0.22140312,-0.097554445,0.3233293070776368,0.10192618,0.010388946
1114,0,1,-0.33128214,0.18490076,-0.3537538456042859,0.022471696,0.0005049771
1115,0,1,0.30685663,-0.13978219,0.455304167701188,0.14844754,0.022036674
1116,0,1,-0.45708656,0.32337594,-0.4074820120026681,0.049604565,0.002460613
1117,0,1,0.36120915,-0.17860627,0.3347140560852177,0.026495099,0.00070199027
1118,0,1,-0.34118176,0.19674206,-0.2060362609738324,0.1351455,0.018264307
1119,0,1,0.15992165,-0.07001662,0.1620867700188739,0.0021651238,4.6877612e-06
1120,0,1,-0.18797159,0.042930365,-0.3028741426230836,0.114902556,0.013202597
1121,0,1,0.2558186,-0.11400485,0.4139605321289732,0.15814194,0.025008874
1122,0,1,-0.41599154,0.27971673,-0.5439137678749155,0.12792224,0.0163641
1123,0,1,0.50115013,-0.32486987,0.4295979116539206,0.07155222,0.0051197195
1124,0,1,-0.43157244,0.2962017,-0.3580939052931957,0.07347852,0.005399093
1125,0,1,0.31122994,-0.14206791,0.1969229772462699,0.11430697,0.013066084
1126,0,1,-0.21942043,0.054811716,-0.2887754801457269,0.06935504,0.004810122
1127,0,1,0.24175406,-0.107191324,0.2523117289767573,0.010557681,0.00011146464
1128,0,1,-0.2688725,0.111495495,-0.3141365877949376,0.045264095,0.0020488384
1129,0,1,0.2670784,-0.11954975,0.184792207655601,0.082286194,0.006771018
1130,0,1,-0.20849895,0.048528194,-0.0759351984716594,0.13256375,0.01757315
1131,0,1,0.03383112,-0.020840406,0.0664629678078942,0.03263185,0.0010648378
1132,0,1,-0.10029745,0.021063566,-0.1378205201744573,0.037523076,0.0014079813
1133,0,1,0.09340167,-0.042864323,-0.0335812090147236,0.12698288,0.016124653
1134,0,1,-0.00649786,-0.0071365833,-0.1168944998454746,0.11039664,0.012187418
1135,0,1,0.07317424,-0.03514576,0.0053948485734931,0.06777939,0.004594046
1136,0,1,-0.043288708,0.0045301914,-0.0626986435820682,0.019409932,0.00037674548
1137,0,1,0.021188736,-0.01644063,0.0943813690107635,0.07319263,0.0053571616
1138,0,1,-0.12609816,0.027939796,-0.0665446813450243,0.059553474,0.0035466163
1139,0,1,0.024858713,-0.017707825,0.0189247364677997,0.005933976,3.521207e-05
1140,0,1,-0.055986404,0.008373976,0.2052676158943742,0.261254,0.06825366
1141,0,1,-0.22691321,0.06331849,-0.2378971275409558,0.010983914,0.00012064637
1142,0,1,0.19128704,-0.0837698,0.2271786774963304,0.035891637,0.0012882096
1143,0,1,-0.24651718,0.08571243,-0.1172459996327734,0.12927118,0.016711038
1144,0,1,0.07351327,-0.035273075,-0.0405380589717165,0.11405133,0.013007705
1145,0,1,0.000101327896,-0.009312868,0.0879518448667018,0.08785052,0.0077177137
1146,0,1,-0.12017083,0.026392937,-0.302355950814325,0.18218511,0.033191416
1147,0,1,0.25530148,-0.113752365,0.3197134122770468,0.06441194,0.0041488977
1148,0,1,-0.3281312,0.18114448,-0.2495139790453771,0.078617215,0.0061806664
1149,0,1,0.20276928,-0.088958025,-0.0402431606176221,0.24301244,0.05905505
1150,0,1,-0.00017881393,-0.009219646,-0.0647877142101562,0.0646089,0.0041743102
1151,0,1,0.023181915,-0.017127752,0.0186803769767851,0.0045015384,2.0263848e-05
1152,0,1,-0.055757046,0.008306026,0.0935794489320867,0.14933649,0.022301387
1153,0,1,-0.12535882,0.027748108,-0.0186225692157724,0.10673625,0.011392627
1154,0,1,-0.020655632,-0.0025529861,-0.0754278193860242,0.05477219,0.0029999928
1155,0,1,0.033346176,-0.020669937,0.0885669184988562,0.055220746,0.0030493308
1156,0,1,-0.12073803,0.026541948,-0.1112946176329625,0.00944341,8.9177986e-05
1157,0,1,0.0677762,-0.03312707,0.1190183665582673,0.051242165,0.0026257595
1158,0,1,-0.14872742,0.033665657,-0.182112921527803,0.0333855,0.0011145916
1159,0,1,0.13649297,-0.06014228,0.1012818861832474,0.03521108,0.00123982
1160,0,1,-0.13244915,0.029576063,-0.1012208022765674,0.031228349,0.00097520975
1161,0,1,0.05807972,-0.029546976,0.1249155866743989,0.066835865,0.004467033
1162,0,1,-0.15412474,0.034989357,-0.078601943177258,0.075522795,0.005703693
1163,0,1,0.036382914,-0.02173996,0.220044592647238,0.18366168,0.033731613
1164,0,1,-0.24014568,0.078412056,0.0294947371380467,0.26964042,0.072705954
1165,0,1,-0.06588006,0.011304855,-0.0310092231243155,0.034870837,0.0012159753
1166,0,1,-0.0089354515,-0.0063388348,-0.2257441245355589,0.21680868,0.047006004
1167,0,1,0.17930126,-0.0784421,0.3981244386387796,0.21882316,0.047883578
1168,0,1,-0.40016818,0.26306129,-0.3795676652459967,0.020600528,0.00042438172
1169,0,1,0.33291268,-0.1535809,0.4669146693164285,0.134002,0.017956536
1170,0,1,-0.46856928,0.33568096,-0.4531020907924028,0.015467197,0.00023923417
1171,0,1,0.40770793,-0.22724867,0.3581325466498777,0.04957539,0.002457719
1172,0,1,-0.361454,0.22116399,-0.2434152079221729,0.1180388,0.013933159
1173,0,1,0.19673848,-0.08622289,0.2033240309602879,0.0065855533,4.3369513e-05
1174,0,1,-0.22516966,0.061336517,-0.1276827803346174,0.09748688,0.009503692
1175,0,1,0.08359194,-0.039089918,-0.0443249334305906,0.12791687,0.016362727
1176,0,1,0.0036976337,-0.010509491,-0.0695843212678783,0.07328196,0.0053702453
1177,0,1,0.027760983,-0.018716097,0.2845774570686452,0.25681648,0.0659547
1178,0,1,-0.29736638,0.1447463,-0.2344870982991289,0.06287928,0.003953804
1179,0,1,0.18792129,-0.08226466,0.3446053202091432,0.15668404,0.024549888
1180,0,1,-0.34975934,0.20704746,-0.3042666335564834,0.04549271,0.0020695867
1181,0,1,0.25721025,-0.114685774,0.1312809436537376,0.12592931,0.015858192
1182,0,1,-0.15994239,0.036398172,-0.1054498245136694,0.054492563,0.0029694394
1183,0,1,0.062148094,-0.031042337,0.028777823577994,0.03337027,0.001113575
1184,0,1,-0.06520939,0.011107683,0.1606480559773939,0.22585745,0.05101159
1185,0,1,-0.18666792,0.042635202,-0.1808672783691212,0.0058006346,3.364736e-05
1186,0,1,0.13527608,-0.059638977,-0.061370236217741,0.19664632,0.038669776
1187,0,1,0.019922256,-0.016004324,-0.0456237575821845,0.06554601,0.00429628
1188,0,1,0.0049316883,-0.010921955,0.2177578742782824,0.21282619,0.04529499
1189,0,1,-0.23810172,0.076073885,-0.2813967546958849,0.043295026,0.0018744592
1190,0,1,0.23440671,-0.103681564,0.2460341166532824,0.011627406,0.00013519656
1191,0,1,-0.2633021,0.10504508,-0.1971110347394198,0.06619105,0.004381255
1192,0,1,0.1511674,-0.06628752,0.1108695449428545,0.04029785,0.0016239168
1193,0,1,-0.14125657,0.031806946,-0.2020717980716582,0.06081523,0.0036984922
1194,0,1,0.15603113,-0.068353415,0.1317494784682051,0.02428165,0.00058959855
1195,0,1,-0.16037011,0.036501646,-0.0378796176358742,0.122490495,0.015003921
1196,0,1,-0.002421379,-0.008477449,0.0768113335415847,0.079232715,0.0062778234
1197,0,1,-0.10988021,0.023660898,-0.0849661589261581,0.024914049,0.0006207098
1198,0,1,0.04247713,-0.023904324,0.0912730411138649,0.04879591,0.0023810407
1199,0,1,-0.12323403,0.027195454,-0.1419860838752189,0.018752053,0.0003516395
1200,0,1,0.09743786,-0.044434547,0.244336070196983,0.14689821,0.021579085
1201,0,1,-0.26179385,0.10330224,-0.2940438127816898,0.032249957,0.0010400597
1202,0,1,0.2470057,-0.109721184,0.2892326538231029,0.04222694,0.0017831145
1203,0,1,-0.3014586,0.14955807,-0.2441759342661114,0.057282656,0.0032813028
1204,0,1,0.19749022,-0.08656263,0.217467440306931,0.019977227,0.0003990896
1205,0,1,-0.23784137,0.07577658,-0.2543835818969207,0.016542226,0.00027364524
1206,0,1,0.20758986,-0.091160774,0.306687327591896,0.09909746,0.009820307
1207,0,1,-0.31675792,0.16762757,-0.1678849166225111,0.148873,0.022163171
1208,0,1,0.12260938,-0.054451227,0.0672307974080514,0.05537858,0.003066787
1209,0,1,-0.10100865,0.021258116,-0.1605863783743388,0.05957772,0.0035495046
1210,0,1,0.11550307,-0.051584005,0.1099719734737645,0.0055311024,3.0593095e-05
1211,0,1,-0.14043307,0.0316,-0.1265877858813437,0.01384528,0.00019169177
1212,0,1,0.08253312,-0.038686514,0.1211368897209883,0.038603768,0.0014902509
1213,0,1,-0.15066719,0.03414321,-0.1044572560517007,0.04620993,0.0021353578
1214,0,1,0.061192513,-0.030690193,0.1385149258204494,0.07732241,0.0059787547
1215,0,1,-0.16654277,0.037974834,-0.1483581172459103,0.018184647,0.0003306814
1216,0,1,0.103619814,-0.04685831,0.1319589216132324,0.028339103,0.0008031048
1217,0,1,-0.16056108,0.0365479,-0.1790005466975373,0.018439457,0.00034001356
1218,0,1,0.13345289,-0.058885813,0.1042487540143981,0.029204138,0.00085288164
1219,0,1,-0.1351769,0.030271292,-0.0404390442222606,0.09473786,0.008975262
1220,0,1,7.1525574e-06,-0.009281874,0.0848249958919971,0.08481784,0.0071940664
1221,0,1,-0.117284775,0.025633335,0.0106595279098891,0.1279443,0.016369745
1222,0,1,-0.048234224,0.006038189,0.0208144189033832,0.06904864,0.004767715
1223,0,1,-0.05775714,0.00890255,-0.1093471759791886,0.05159004,0.0026615323
1224,0,1,0.06589985,-0.03243041,-0.0694494456261773,0.1353493,0.018319434
1225,0,1,0.027632236,-0.018671274,-0.2379224088867069,0.26555467,0.07051928
1226,0,1,0.19131255,-0.083781004,0.2506760482875587,0.059363484,0.0035240233
1227,0,0,-0.26742172,0.10981417,0.3574474507280913,0.62486917,0.39046147
1228,0,0,-0.36086226,0.22044826,0.5609852937492792,0.9218475,0.84980285
1229,1,0,0.5688665,0.43606186,0.5933471223655484,0.02448064,0.00059930177
1230,1,0,0.60109663,0.47086763,0.5682683473509305,0.03282827,0.0010776954
1231,1,0,0.57611847,0.44388342,0.532421173747478,0.043697298,0.0019094538
1232,1,0,0.54043293,0.4054551,0.4987568536783704,0.041676074,0.0017368952
1233,1,0,0.5069411,0.36952353,0.4251385441681874,0.08180255,0.0066916565
1234,1,0,0.4337833,0.29149652,0.434716169454385,0.0009328723,8.7025074e-07
1235,1,0,0.4432938,0.30160403,0.5555506916072019,0.112256885,0.012601608
1236,1,0,0.5634556,0.43023157,0.4932811090041307,0.070174485,0.0049244585
1237,1,0,0.5014951,0.36369395,0.3838855763577329,0.11760956,0.0138320085
1238,1,0,0.39269352,0.2481165,0.3572326151826588,0.03546092,0.0012574767
1239,1,0,0.3652711,0.22022367,0.4975585211852209,0.13228744,0.017499968
1240,1,0,0.50574875,0.3682475,0.6103248211270969,0.10457605,0.01093615
1241,1,0,0.61801195,0.48917937,0.4178370486607936,0.2001749,0.04006999
1242,1,0,0.42653465,0.28380036,0.302163134941773,0.12437153,0.015468277
1243,1,0,0.30863023,0.16293955,0.3932347933003663,0.08460456,0.0071579316
1244,1,0,0.40211964,0.2579255,0.4647732904697585,0.06265366,0.0039254813
1245,1,0,0.47315454,0.3334098,0.5006412693289812,0.027486742,0.00075552094
1246,1,0,0.50881505,0.37153053,0.6480865895571788,0.13927156,0.019396566
1247,1,0,0.6556473,0.5300381,0.7225750003022693,0.06692773,0.004479321
1248,1,0,0.7299273,0.6111276,0.6023414535553728,0.12758583,0.016278144
1249,1,0,0.6100576,0.4805646,0.6570233588731047,0.046965778,0.0022057842
1250,1,0,0.66455626,0.5397332,0.5364761520952039,0.12808013,0.016404519
1251,1,0,0.5444684,0.40979433,0.5887395392322574,0.04427111,0.0019599313
1252,1,0,0.5965071,0.465904,0.568110322042946,0.028396726,0.000806374
1253,1,0,0.57596135,0.44371414,0.6355169877911515,0.05955565,0.0035468754
1254,1,0,0.6431174,0.5164194,0.5160257842885323,0.12709165,0.016152287
1255,1,0,0.5241189,0.38793707,0.5287519969566166,0.004633069,2.1465328e-05
1256,1,0,0.53678083,0.40153217,0.4642434636589776,0.07253736,0.005261669
1257,1,0,0.47262812,0.33284807,0.5617880204423571,0.089159906,0.007949489
1258,1,0,0.5696657,0.43692493,0.3550439947439305,0.21462166,0.04606246
1259,1,0,0.36301923,0.21793818,0.5930663828524434,0.23004717,0.052921697
1260,1,0,0.6008172,0.47056508,0.683108795402902,0.0822916,0.006771908
1261,1,0,0.6905658,0.5680852,0.4768921423098073,0.21367368,0.045656443
1262,1,0,0.48519945,0.34627032,0.5313294098744925,0.046129942,0.0021279715
1263,1,0,0.5393462,0.4042871,0.3381243085034349,0.20122191,0.04049026
1264,1,0,0.34561396,0.20029402,0.5210008071339578,0.17538685,0.030760545
1265,1,0,0.52906823,0.39324832,0.488294399721715,0.04077384,0.0016625059
1266,1,0,0.49653625,0.35838842,0.5102608079327973,0.0137245655,0.0001883637
1267,1,0,0.51838326,0.3817854,0.4463387294298675,0.07204452,0.005190413
1268,1,0,0.45483756,0.31388736,0.5239116515906272,0.069074094,0.0047712303
1269,1,0,0.531965,0.39635873,0.4902000114829503,0.041765004,0.0017443156
1270,1,0,0.4984312,0.36041546,0.6171809336420861,0.11874974,0.014101501
1271,1,0,0.62484384,0.4965849,0.7758813912646989,0.15103757,0.022812348
1272,1,0,0.7831056,0.66953325,0.6994841787924719,0.08362144,0.0069925454
1273,1,0,0.7068958,0.58592343,0.7870796669995705,0.08018386,0.006429452
1274,1,0,0.79427814,0.68183994,0.8414431393724904,0.047164977,0.002224535
1275,1,0,0.8485186,0.7417598,0.9373390502455176,0.08882046,0.007889073
1276,1,0,0.9441776,0.84810305,0.8840496475317439,0.060127974,0.0036153733
1277,1,0,0.8910258,0.78891206,0.9677644798243644,0.076738715,0.0058888304
1278,1,0,0.9745159,0.88199806,0.998154070018566,0.02363813,0.0005587612
1279,1,0,1.0048075,0.91591835,1.0559621588418255,0.051154733,0.0026168067
1280,1,0,1.0624003,0.9806094,0.9230436122615252,0.13935673,0.0194203
1281,1,0,0.92992115,0.83220196,0.7827800731926526,0.1471411,0.021650502
1282,1,0,0.7899883,0.6771133,0.6358812428313119,0.15410703,0.023748977
1283,1,0,0.6434808,0.51681304,0.6227392583611819,0.020741522,0.00043021076
1284,1,0,0.63038325,0.5025935,0.6312625880260492,0.0008793473,7.732517e-07
1285,1,0,0.63887763,0.5118134,0.5875690830528879,0.051308572,0.0026325695
1286,1,0,0.5953412,0.46464324,0.5755983222080734,0.019742906,0.00038978233
1287,1,0,0.58341813,0.45176268,0.6047080460764684,0.021289945,0.00045326175
1288,1,0,0.6124158,0.48311758,0.4225637187305002,0.18985206,0.036043804
1289,1,0,0.43122625,0.28878212,0.7182625145919039,0.28703624,0.0823898
1290,1,0,0.72562504,0.6064162,0.8155955312306808,0.08997047,0.008094685
1291,1,0,0.82272935,0.71323466,0.7963038420080069,0.02642548,0.000698306
1292,1,0,0.8034818,0.6919868,0.9069846473345762,0.10350281,0.010712831
1293,1,0,0.9139035,0.81435966,0.9023964680811564,0.011507034,0.00013241183
1294,1,0,0.9093268,0.8092654,0.8642455521978087,0.045081258,0.0020323198
1295,1,0,0.87126875,0.7669754,0.880969576057308,0.009700835,9.4106195e-05
1296,1,0,0.8879528,0.7854984,0.8033913259570933,0.08456147,0.0071506416
1297,1,0,0.8105526,0.6997893,0.79883080460039,0.01172179,0.00013740036
1298,1,0,0.8060026,0.6947675,0.7731184436143632,0.03288418,0.0010813694
1299,1,0,0.7803488,0.6664982,0.7564756724438402,0.02387309,0.0005699245
1300,1,0,0.7637458,0.64823675,0.8282928261773974,0.06454706,0.004166323
1301,1,0,0.8353987,0.7272394,0.9318764254631025,0.09647775,0.009307955
1302,1,0,0.93873024,0.8420253,0.9947305873173932,0.056000352,0.0031360395
1303,1,0,1.0013962,0.91209483,1.0346577756855564,0.033261538,0.0011063298
1304,1,0,1.0411806,0.95674515,0.9576406548313874,0.08353996,0.0069789253
1305,1,0,0.96442175,0.87071157,0.9397606657720918,0.024661064,0.0006081681
1306,1,0,0.9465928,0.8507993,0.6751599987057015,0.27143282,0.073675774
1307,1,0,0.6826389,0.55943704,0.7312988720394564,0.04865998,0.0023677936
1308,1,0,0.7386291,0.62066483,0.7303789158249971,0.008250177,6.806542e-05
1309,1,0,0.7377112,0.61965823,0.567569100640037,0.17014211,0.028948339
1310,1,0,0.5754223,0.44313192,0.5840756072149249,0.008653343,7.488034e-05
1311,1,0,0.5918617,0.4608822,0.6211988055102844,0.029337108,0.0008606659
1312,1,0,0.6288476,0.50092745,0.6077086929896711,0.021138906,0.00044685337
1313,1,0,0.6154051,0.48635602,0.5895714943076689,0.025833607,0.0006673752
1314,1,0,0.5973358,0.46679974,0.6326454773798873,0.035309672,0.0012467729
1315,1,0,0.6402557,0.5133107,0.7855048971379515,0.14524919,0.021097327
1316,1,0,0.79270744,0.6801083,0.7915126187028796,0.0011948347,1.42763e-06
1317,1,0,0.7987013,0.6867151,0.7081350393968684,0.09056622,0.00820224
1318,1,0,0.7155242,0.59535885,0.7696902954483185,0.05416608,0.0029339641
1319,1,0,0.7769284,0.66273355,0.6713313015965907,0.10559714,0.011150756
1320,1,0,0.6788213,0.5552745,0.6581983509156242,0.020622969,0.00042530685
1321,1,0,0.6657274,0.5410094,0.6400505272533055,0.025676847,0.0006593004
1322,1,0,0.6476369,0.52132964,0.8144604670476281,0.16682357,0.027830102
1323,1,0,0.8215971,0.7119837,1.0307776456276998,0.2091806,0.043756522
1324,1,0,1.0373154,0.9524007,0.9162571623271728,0.121058226,0.014655094
1325,1,0,0.9231527,0.8246596,0.9910609967625388,0.06790829,0.0046115355
1326,1,0,0.99773836,0.907995,1.0379967472069356,0.040258408,0.0016207393
1327,1,0,1.0445065,0.9604831,1.0560569101804351,0.011550307,0.0001334096
1328,1,0,1.0624943,0.9807153,1.1530026860291316,0.09050846,0.008191781
1329,1,0,1.1589532,1.0896106,1.051078355153625,0.10787487,0.011636987
1330,1,0,1.0575361,0.9751363,0.936803483314979,0.120732665,0.014576376
1331,1,0,0.94364357,0.8475075,1.029030698566059,0.08538711,0.007290959
1332,1,0,1.0355749,0.9504452,0.7815652354857736,0.25400966,0.06452091
1333,1,0,0.78877664,0.6757777,0.6557174621707835,0.1330592,0.017704751
1334,1,0,0.663254,0.53831697,0.6438761936321371,0.019377828,0.0003755002
1335,1,0,0.6514497,0.52547383,0.5692020363743402,0.082247615,0.0067646704
1336,1,0,0.57704806,0.44488692,0.7118065987153872,0.13475853,0.018159863
1337,1,0,0.71918607,0.5993664,0.7834324107127917,0.06424636,0.004127594
1338,1,0,0.7906399,0.67783046,0.7348687362728312,0.055771112,0.003110417
1339,1,1,0.7421906,0.6245706,-0.7054430859874246,1.4476337,2.0956435
1340,1,1,-0.71703887,-0.5008011,0.4510000331505783,1.1680388,1.3643148
1341,1,1,0.4594679,0.31881857,-0.3314263586399009,0.79089427,0.62551373
1342,1,1,-0.33832526,-0.1282394,0.3407909679567806,0.67911625,0.46119887
1343,1,1,0.34835768,0.20307136,-0.4252983391280716,0.773656,0.59854364
1344,1,1,-0.43427014,-0.19756985,0.4505175936435117,0.88478774,0.7828494
1345,1,1,0.45898962,0.31830883,-0.4962263091197272,0.95521593,0.9124375
1346,1,1,-0.5064013,-0.2734797,0.5148929329808465,1.0212942,1.043042
1347,0,1,-0.5157504,0.38672686,-0.4251013654614062,0.09064904,0.008217248
1348,0,1,0.37913108,-0.19736028,0.3339067611667112,0.04522431,0.0020452382
1349,0,1,-0.34048057,0.19590235,-0.3229384632467238,0.017542094,0.00030772507
1350,0,1,0.2758937,-0.12394667,0.1779699507895937,0.09792374,0.009589059
1351,0,1,-0.20234346,0.046755552,-0.1027468970258227,0.09959657,0.009919477
1352,0,1,0.059547424,-0.030085802,0.1275201184640888,0.06797269,0.0046202866
1353,0,1,-0.1565063,0.035568714,-0.0010291599106597,0.15547714,0.02417314
1354,0,1,-0.037246466,0.0026683807,-0.1125195656842428,0.0752731,0.005666039
1355,0,1,0.0689559,-0.03356743,0.0638272957823331,0.0051285997,2.6302534e-05
1356,0,1,-0.097853184,0.020392656,0.0414661454345148,0.13931933,0.019409876
1357,0,1,-0.077056885,0.014547825,-0.0602150102317309,0.016841874,0.0002836487
1358,0,1,0.018820524,-0.015626907,-0.0158664864502307,0.034687012,0.0012031888
1359,0,1,-0.02325821,-0.0017235279,0.0767221072802653,0.09998032,0.009996064
1360,0,1,-0.10979748,0.023638725,-0.0780631524027719,0.031734325,0.0010070674
1361,0,1,0.03586769,-0.021557808,0.1594655756623657,0.12359789,0.015276439
1362,0,1,-0.18559527,0.04239154,-0.0079903975505395,0.17760488,0.031543493
1363,0,1,-0.030689478,0.0006239414,0.1216643755298214,0.15235385,0.023211697
1364,0,1,-0.15114999,0.034261227,-0.1733231475586056,0.022173166,0.0004916493
1365,0,1,0.12791133,-0.056610823,0.2164582504796568,0.08854692,0.007840556
1366,0,1,-0.23693919,0.07474542,0.0568836265328296,0.29382282,0.08633185
1367,0,1,-0.091406584,0.018606663,-0.1316143223152344,0.040207744,0.0016166626
1368,0,1,0.08739352,-0.040545225,0.0412982370145948,0.046095286,0.0021247754
1369,0,1,-0.07689977,0.014503002,-0.0991129281762708,0.022213161,0.00049342454
1370,0,1,0.05605364,-0.028805494,0.2377809312266707,0.18172729,0.033024807
1371,0,1,-0.25596476,0.096575975,-0.263504370335442,0.0075396,5.684557e-05
1372,0,1,0.2166295,-0.09533167,0.1549677619550951,0.06166175,0.0038021714
1373,0,1,-0.1815126,0.041462183,-0.0590332919761054,0.122479305,0.01500118
1374,0,1,0.017693996,-0.015240669,-0.075233880694796,0.09292788,0.008635591
1375,0,1,0.033160925,-0.020604134,0.0165747103978408,0.016586214,0.0002751025
1376,0,1,-0.053783655,0.0077137947,0.0084990364226973,0.062282693,0.0038791338
1377,0,1,-0.046204805,0.005421877,-0.1057014997536271,0.059496693,0.0035398565
1378,0,1,0.062390327,-0.031131744,0.0780279080097439,0.015637584,0.00024453402
1379,0,1,-0.111005306,0.02396226,-0.141260667561005,0.030255362,0.00091538695
1380,0,1,0.09673524,-0.044160604,0.0839381299679873,0.01279711,0.00016376602
1381,0,1,-0.116466284,0.025416136,-0.0529487669154309,0.06351752,0.004034475
1382,0,1,0.011898518,-0.0132677555,0.0935255411463873,0.081627026,0.0066629713
1383,0,1,-0.12530923,0.027735233,-0.0694461326098765,0.055863097,0.0031206857
1384,0,1,0.027629375,-0.01867032,-0.0707403732576721,0.09836975,0.009676607
1385,0,1,0.028865576,-0.019100904,0.1202486685948458,0.09138309,0.00835087
1386,0,1,-0.1498537,0.033943415,-0.1445348882710955,0.0053188205,2.828985e-05
1387,0,1,0.09990978,-0.045401335,0.042816691295318,0.05709309,0.003259621
1388,0,1,-0.078315735,0.014908791,0.1253559143303753,0.20367165,0.04148214
1389,0,1,-0.15452719,0.0350883,-0.3126865629890987,0.15815938,0.025014387
1390,0,1,0.26562786,-0.11883068,0.4148925884863041,0.14926472,0.022279957
1391,0,1,-0.41692162,0.280699,-0.4232440038632816,0.006322384,3.997254e-05
1392,0,1,0.37723947,-0.19538116,0.3044873852773606,0.07275209,0.0052928664
1393,0,1,-0.3148334,0.16534734,-0.3033025714912138,0.011530817,0.00013295973
1394,0,1,0.25624657,-0.11421394,0.3551877394355478,0.09894118,0.009789357
1395,0,1,-0.35891175,0.21808863,-0.1446168885454493,0.21429487,0.04592229
1396,0,1,0.099989414,-0.045432568,-0.1009867652676637,0.20097618,0.040391423
1397,0,1,0.05785513,-0.029464722,0.0498083230848163,0.008046806,6.475108e-05
1398,0,1,-0.08482766,0.016760588,0.0380685415157548,0.1228962,0.015103476
1399,0,1,-0.07388735,0.013635397,-0.0087934739124939,0.065093875,0.0042372127
1400,0,1,-0.02993226,0.00038599968,-0.0729268969007321,0.042994633,0.0018485385
1401,0,1,0.030955076,-0.019830704,0.2044359323428568,0.17348085,0.030095607
1402,0,1,-0.22616744,0.06246972,-0.225055215539359,0.0011122227,1.2370392e-06
1403,0,1,0.17862296,-0.07814264,0.1750502226112731,0.0035727322,1.2764415e-05
1404,0,1,-0.19970632,0.045989513,-0.08374857259798,0.115957744,0.013446199
1405,0,1,0.041310787,-0.023488045,-0.1683789880465029,0.20968978,0.043969803
1406,0,1,0.1230917,-0.05464697,0.1328209847565711,0.009729281,9.465891e-05
1407,0,1,-0.16134787,0.03673625,-0.1441405496461016,0.01720731,0.00029609152
1408,0,1,0.09952736,-0.045250654,0.0894768641056904,0.010050498,0.00010101251
1409,0,1,-0.12157798,0.02676177,-0.2200354748263344,0.0984575,0.00969388
1410,0,1,0.17368007,-0.07597351,0.1860653963959988,0.012385324,0.00015339623
1411,0,1,-0.20964742,0.048856974,0.0880900400204769,0.29773745,0.08864759
1412,0,1,-0.12029815,0.026426792,-0.1963591990721278,0.076061055,0.005785284
1413,0,1,0.15043163,-0.065975904,0.1618278634040795,0.011396229,0.00012987404
1414,0,1,-0.18773723,0.042876244,-0.0366401921515886,0.15109703,0.022830313
1415,0,1,-0.0035972595,-0.008089066,-0.1267395535595064,0.12314229,0.015164023
1416,0,1,0.082680225,-0.03874159,0.0464521545218219,0.036228072,0.0013124732
1417,0,1,-0.08170295,0.01587534,-0.0943429244038518,0.012639977,0.00015976901
1418,0,1,0.05147147,-0.027139187,0.0656810460703081,0.014209576,0.00020191204
1419,0,1,-0.09957242,0.020864725,0.0131528160722811,0.112725236,0.012706979
1420,0,1,-0.050573826,0.0067470074,0.0926204485985082,0.14319427,0.0205046
1421,0,1,-0.12447548,0.02751851,-0.1870905640114055,0.06261508,0.0039206482
1422,0,1,0.14135814,-0.062165022,0.3346461587575717,0.19328803,0.037360262
1423,0,1,-0.34112215,0.19667196,-0.1373951699075508,0.20372698,0.04150468
1424,0,1,0.092989445,-0.042704582,-0.0806036554619726,0.1735931,0.030134566
1425,0,1,0.038298845,-0.022418022,0.0954752252036343,0.05717638,0.0032691385
1426,0,1,-0.12710524,0.028200626,0.080092969202322,0.2071982,0.042931095
1427,0,1,-0.11291385,0.024472952,-0.1764223073480271,0.063508466,0.0040333252
1428,0,1,0.13093543,-0.057849884,0.3150474610772336,0.18411204,0.033897243
1429,0,1,-0.3240614,0.17629933,-0.4250577792114036,0.100996375,0.010200268
1430,0,1,0.3790865,-0.19731355,0.4313147370210788,0.052228242,0.0027277893
1431,0,1,-0.4332795,0.2980132,-0.3813595295125234,0.051919997,0.002695686
1432,0,1,0.33472562,-0.15455604,0.2984020360083801,0.036323577,0.0013194022
1433,0,1,-0.30950427,0.1590445,-0.1931971626109141,0.11630711,0.013527344
1434,0,1,0.14733434,-0.06466913,0.014423181035422,0.13291116,0.017665377
1435,0,1,-0.05176568,0.0071065426,-0.1046196782609736,0.052854,0.0027935454
1436,0,1,0.061349154,-0.03074789,0.2721286108897396,0.21077946,0.04442798
1437,0,1,-0.28640032,0.13189745,-0.3749358992171752,0.08853558,0.007838548
1438,0,1,0.3282299,-0.15106916,0.326368273951291,0.0018616319,3.4656732e-06
1439,0,1,-0.33392715,0.18806005,-0.3564867723804226,0.022559613,0.0005089361
1440,0,1,0.3096094,-0.14121985,0.1867007062046326,0.12290871,0.015106551
1441,0,1,-0.21021962,0.049020767,-0.1943236407342863,0.015895978,0.0002526821
1442,0,1,0.1484375,-0.06513381,0.252265687212621,0.10382819,0.0107802935
1443,0,1,-0.26883173,0.111448765,-0.3447273902293357,0.07589567,0.0057601524
1444,0,1,0.29777026,-0.13507247,0.266545332488457,0.031224936,0.00097499666
1445,0,1,-0.28147054,0.1261437,-0.3746285201398165,0.09315798,0.008678408
1446,0,1,0.32791924,-0.15090251,0.3095875191613766,0.018331736,0.00033605256
1447,0,1,-0.3192935,0.17063475,-0.2903490421966497,0.028944463,0.00083778193
1448,0,1,0.24332213,-0.107945204,0.2435781503932723,0.00025601685,6.5544626e-08
1449,0,1,-0.26112008,0.10252452,-0.238861896374757,0.022258177,0.0004954265
1450,0,1,0.19224024,-0.08419728,0.3066589673429725,0.114418715,0.013091642
1451,0,1,-0.31673288,0.16759825,-0.1305247554503075,0.18620813,0.034673467
1452,0,1,0.08633971,-0.040141344,0.0720803417495723,0.014259368,0.00020332958
1453,0,1,-0.10550165,0.02248025,-0.0502035115495123,0.05529814,0.003057884
1454,0,1,0.009286404,-0.01238513,0.0685633323247363,0.05927693,0.0035137546
1455,0,1,-0.10224414,0.02159524,-0.1578921461711311,0.055648014,0.0030967013
1456,0,1,0.112882614,-0.050534725,0.308979636955677,0.19609702,0.03845404
1457,0,1,-0.31876206,0.17000437,-0.4961254586478469,0.1773634,0.031457774
1458,0,1,0.45183802,-0.27337146,0.556250244105216,0.1044122,0.010901907
1459,0,1,-0.55606174,0.43098164,-0.4800235226349221,0.07603821,0.00578181
1460,0,1,0.43529177,-0.25608206,0.3097993205860478,0.12549245,0.015748356
1461,0,1,-0.31947827,0.17085385,-0.2161954769147187,0.103282794,0.010667335
1462,0,1,0.16990209,-0.07432675,0.0617460976967643,0.10815599,0.011697718
1463,0,1,-0.09592247,0.019860268,0.1203827869644387,0.21630526,0.046787962
1464,0,1,-0.14997697,0.033973694,-0.0602094783789777,0.089767486,0.0080582015
1465,0,1,0.018815279,-0.015624762,0.2050500758309494,0.1862348,0.034683403
1466,0,1,-0.22671843,0.063096285,-0.1422577692876041,0.08446066,0.007133603
1467,0,1,0.09770107,-0.044537067,0.0562865007219737,0.041414574,0.001715167
1468,0,1,-0.090851545,0.018452406,-0.0884844855662518,0.002367057,5.6029585e-06
1469,0,1,0.04584956,-0.025111675,0.1337830478515518,0.08793348,0.007732297
1470,0,1,-0.16222668,0.03694725,-0.0434070599604896,0.11881962,0.014118101
1471,0,1,0.0028259754,-0.010218859,-0.0037474232662941,0.0065733986,4.320957e-05
1472,0,1,-0.03468752,0.0018737316,-0.061203166398613,0.026515648,0.00070307957
1473,0,1,0.019762278,-0.015949965,-0.0252163112299323,0.04497859,0.0020230734
1474,0,1,-0.014420271,-0.0045571327,-0.2446132162686591,0.23019294,0.05298879
1475,0,1,0.1979227,-0.0867579,0.2123719298138033,0.014449224,0.00020878007
1476,0,1,-0.23328137,0.07057047,-0.3935323751747197,0.16025099,0.02568038
1477,0,1,0.34705377,-0.16378903,0.3462976716175814,0.0007560849,5.7166443e-07
1478,0,1,-0.35122418,0.20881057,-0.255909582474489,0.09531459,0.009084871
1479,0,1,0.2091012,-0.09185457,0.4497878761754847,0.24068668,0.057930082
1480,0,1,-0.45162153,0.3175366,-0.2957980220382104,0.1558235,0.024280963
1481,0,1,0.24875546,-0.11056852,0.2540795368765707,0.0053240955,2.8345992e-05
1482,0,1,-0.2704394,0.1133132,-0.2063423141070703,0.06409708,0.004108435
1483,0,1,0.16022134,-0.07014537,0.115507243262376,0.044714093,0.00199935
1484,0,1,-0.14550996,0.032868862,-0.2124950088843964,0.066985056,0.0044869976
1485,0,1,0.16626477,-0.072747946,-0.0005053494693414,0.16677012,0.027812272
1486,0,1,-0.0377388,0.002821207,-0.1472147456073345,0.10947594,0.011984982
1487,0,1,0.102509975,-0.04642129,0.3538544296039299,0.25134444,0.06317403
1488,0,1,-0.3577602,0.21669626,-0.3518764220877659,0.005883783,3.4618904e-05
1489,0,1,0.30496526,-0.13879776,0.1784708377418478,0.12649442,0.016000839
1490,0,1,-0.20279527,0.04688692,-0.2420876093782569,0.039292336,0.0015438877
1491,0,1,0.19542646,-0.085630655,0.3258817830498928,0.13045532,0.01701859
1492,0,1,-0.33350372,0.18755412,-0.3468796511553695,0.013375938,0.00017891571
1493,0,1,0.29993606,-0.1361897,0.2038881562047212,0.09604789,0.009225198
1494,0,1,-0.22567558,0.061911106,-0.1127596096827674,0.11291597,0.0127500165
1495,0,1,0.06918764,-0.033653498,0.159106727398492,0.08991909,0.008085443
1496,0,1,-0.1852696,0.042318344,-0.1922489686364432,0.006979376,4.8711692e-05
1497,0,1,0.14640594,-0.06427908,0.2608935498428968,0.11448762,0.013107414
1498,0,1,-0.27647376,0.120322704,-0.072764994717049,0.20370877,0.04149726
1499,0,1,0.030800343,-0.01977706,-0.0053776397910056,0.03617798,0.0013088464
1500,0,1,-0.03315139,0.0013942719,0.0769669661215584,0.11011835,0.012126052
1501,0,1,-0.110023975,0.02369976,-0.1888983701507061,0.078874394,0.00622117
1502,0,1,0.1431272,-0.06290364,0.0828344520280319,0.06029275,0.0036352158
1503,0,1,-0.115446806,0.025146008,-0.0768740813226669,0.03857272,0.0014878549
1504,0,1,0.034730196,-0.02115655,0.0363659149469519,0.0016357191,2.675577e-06
1505,0,1,-0.072298765,0.013175726,-0.0531142245786138,0.019184541,0.0003680466
1506,0,1,0.012056589,-0.013320923,0.0684531039174469,0.056396514,0.0031805667
1507,0,1,-0.102142096,0.021567583,0.0563235537220516,0.15846565,0.025111364
1508,0,1,-0.090886354,0.018462181,0.0054344338069953,0.096320786,0.009277694
1509,0,1,-0.04332614,0.0045416355,0.0372637365227617,0.080589876,0.006494728
1510,0,1,-0.073137045,0.013418436,0.0171313111084181,0.09026836,0.008148377
1511,0,1,-0.054305553,0.007870436,0.0430835895490009,0.09738915,0.009484646
1512,0,1,-0.07856417,0.014979601,-0.0818954138687915,0.003331244,1.1097187e-05
1513,0,1,0.03953576,-0.02285695,0.1185759928092031,0.07904023,0.006247358
1514,0,1,-0.14832258,0.033565283,-0.2475348419634224,0.09921226,0.009843072
1515,0,1,0.20081186,-0.08806729,0.1635681427096442,0.037243724,0.001387095
1516,0,1,-0.18931484,0.04323125,0.0677839218923574,0.25709876,0.06609978
1517,0,1,-0.10152221,0.021398306,-0.1316021384626573,0.030079931,0.00090480223
1518,0,1,0.08738232,-0.04054141,0.0277711312170723,0.059611186,0.0035534936
1519,0,1,-0.06426811,0.010831118,-0.1118756839287158,0.04760757,0.0022664808
1520,0,1,0.06833625,-0.0333364,0.0235635667731308,0.04477268,0.002004593
1521,0,1,-0.060331345,0.009668112,-0.0369250594977317,0.023406286,0.00054785423
1522,0,1,-0.0033273697,-0.0081784725,0.026085291975713,0.02941266,0.0008651046
1523,0,1,-0.06269097,0.010365725,-0.1784463204390864,0.11575535,0.013399301
1524,0,1,0.13291144,-0.05866313,0.2630592372969942,0.13014778,0.016938446
1525,0,1,-0.27838922,0.12255192,-0.1275644738214167,0.15082474,0.022748102
1526,0,1,0.08347726,-0.039046288,0.0432613612204511,0.0402159,0.0016173185
1527,0,1,-0.07873011,0.015026808,-0.0985415335388015,0.01981143,0.00039249272
1528,0,1,0.0555048,-0.028605938,0.1412899753232319,0.08578518,0.0073590972
1529,0,1,-0.16907215,0.038573027,-0.1770713385372757,0.007999182,6.398691e-05
1530,0,1,0.13156915,-0.058110476,0.1630295755181006,0.031460434,0.0009897589
1531,0,1,-0.18882632,0.043121815,-0.1510588800222541,0.03776744,0.0014263795
1532,0,1,0.106241465,-0.047893524,0.0716336279245535,0.034607835,0.0011977023
1533,0,1,-0.10508871,0.022368193,0.1298298847160262,0.2349186,0.055186745
1534,0,1,-0.15861654,0.036079884,-0.1466456201857933,0.011970922,0.00014330298
1535,0,1,0.1019578,-0.04620433,0.1259299156341784,0.023972124,0.0005746627
1536,0,1,-0.15505219,0.035215616,-0.0100876976546651,0.14496449,0.021014702
1537,0,1,-0.028711557,2.3841858e-06,0.0325616111651974,0.06127317,0.003754401
1538,0,1,-0.06874585,0.012142658,-0.2764874672285344,0.20774162,0.04315658
1539,0,1,0.2295239,-0.10136843,0.15095291222935,0.07857099,0.0061734007
1540,0,1,-0.1778655,0.04062438,-0.145340766152703,0.032524735,0.0010578583
1541,0,1,0.10069132,-0.045707703,0.1384312514398016,0.037739933,0.0014243025
1542,0,1,-0.16646624,0.037956715,-0.1794202942171998,0.012954056,0.00016780758
1543,0,1,0.13386226,-0.05905485,0.1512102052320161,0.017347947,0.00030095124
1544,0,1,-0.17809868,0.040677547,-0.0413585012239496,0.13674018,0.018697876
1545,0,1,0.00088071823,-0.009571314,0.2009419118586479,0.20006119,0.040024478
1546,0,1,-0.22303128,0.05890727,0.0265603030376708,0.24959159,0.062295962
1547,0,1,-0.063135624,0.010496616,-0.0174164081814103,0.045719214,0.0020902464
1548,0,1,-0.02179432,-0.0021898746,-0.0301399700835847,0.0083456505,6.964988e-05
1549,0,1,-0.009759188,-0.00606966,0.0174722832018883,0.027231472,0.000741553
1550,0,1,-0.054625034,0.007966042,0.1200967844600326,0.17472182,0.030527715
1551,0,1,-0.14971471,0.033909798,-0.0634031136264798,0.08631159,0.007449691
1552,0,1,0.0218606,-0.016671658,0.1894680687184986,0.16760747,0.028092265
1553,0,1,-0.212713,0.049731016,-0.1791061683534178,0.033606842,0.0011294199
1554,0,1,0.13355541,-0.058928967,0.1996351914382299,0.06607978,0.0043665376
1555,0,1,-0.22185755,0.05757451,-0.1357625518513314,0.08609499,0.0074123475
1556,0,1,0.09140825,-0.0420928,0.1289320254568604,0.037523776,0.0014080338
1557,0,1,-0.15779686,0.035881758,0.0029791459190238,0.160776,0.025848923
1558,0,1,-0.041017294,0.003832817,-0.1393405630743776,0.09832327,0.009667465
1559,0,1,0.094873905,-0.04343605,0.1225716433606622,0.027697735,0.0007671645
1560,0,1,-0.15198016,0.03446579,-0.088755954044283,0.06322421,0.0039973008
1561,0,1,0.046110153,-0.025205135,0.0119963634489761,0.03411379,0.0011637508
1562,0,1,-0.04948902,0.0064194202,-0.0464774881019303,0.0030115321,9.069326e-06
1563,0,1,0.0057430267,-0.011193991,0.1917415323962101,0.1859985,0.03459544
1564,0,1,-0.21475959,0.050311565,-0.3095730604844786,0.094813466,0.008989593
1565,0,1,0.26251388,-0.117292166,0.3770174654411149,0.11450359,0.013111073
1566,0,1,-0.37900758,0.24091864,-0.3347172404062233,0.044290334,0.0019616338
1567,0,1,0.28770995,-0.1299181,0.3331884555853679,0.045478493,0.0020682933
1568,0,1,-0.3398564,0.1951549,-0.3543032347855912,0.014446855,0.0002087116
1569,0,1,0.30741024,-0.14007068,0.368596011162781,0.061185777,0.0037436993
1570,0,1,-0.37054253,0.23210216,-0.2373679648736093,0.13317457,0.017735466
1571,0,1,0.19076514,-0.08353567,0.326535503666701,0.13577035,0.018433588
1572,0,1,-0.3340726,0.18823385,-0.257483931789551,0.07658866,0.005865823
1573,0,0,0.21066141,-0.09257245,-0.4294214511721241,0.64008284,0.40970603
1574,0,0,0.38353205,-0.20196486,-0.6380752154829294,1.0216073,1.0436814
1575,0,0,0.5991342,-0.42710304,-0.6084746375654739,1.2076088,1.4583191
1576,1,0,-0.6198344,-0.39486217,-0.5319479446073676,0.08788645,0.0077240285
1577,1,0,-0.5425997,-0.31194997,-0.8176509123524176,0.27505124,0.07565318
1578,1,0,-0.8280413,-0.62442803,-0.8152728487528416,0.012768447,0.00016303326
1579,1,0,-0.8257022,-0.6217978,-0.6487895432071373,0.17691267,0.03129809
1580,1,0,-0.66034126,-0.43879437,-0.7166188925963444,0.056277633,0.003167172
1581,1,0,-0.72819066,-0.5130682,-0.8614743448027586,0.13328367,0.017764539
1582,1,0,-0.87111044,-0.67296386,-0.8570617584647198,0.014048696,0.00019736585
1583,1,0,-0.8667774,-0.6680715,-0.9498462935492972,0.08306885,0.0069004335
1584,1,0,-0.9577007,-0.7711916,-1.0282954237532853,0.07059467,0.004983607
1585,1,0,-1.0342419,-0.8587022,-1.1228223048147083,0.08858037,0.007846482
1586,1,0,-1.1260078,-0.9644153,-1.2638134137181891,0.13780558,0.018990379
1587,1,0,-1.2618157,-1.122332,-1.1722592073158562,0.089556456,0.008020359
1588,1,0,-1.1737802,-1.0197732,-1.2497151686536077,0.075935006,0.005766125
1589,1,0,-1.2482979,-1.1065391,-1.085165561122942,0.16313231,0.026612151
1590,1,0,-1.0895152,-0.922276,-1.1596514305340735,0.07013619,0.004919085
1591,1,0,-1.161612,-1.0056529,-1.10981097493097,0.051801085,0.0026833524
1592,1,0,-1.113409,-0.9498515,-1.1448648991387165,0.031455874,0.000989472
1593,1,0,-1.1473284,-0.98909354,-1.1191830166946477,0.028145313,0.00079215865
1594,1,0,-1.1224849,-0.9603412,-1.1219601832828383,0.0005247593,2.7537232e-07
1595,1,0,-1.1251736,-0.96344995,-1.1093532945584377,0.015820265,0.00025028078
1596,1,0,-1.1129646,-0.9493394,-0.966439667572068,0.14652497,0.021469565
1597,1,0,-0.97391725,-0.78968024,-1.011421205770871,0.037503958,0.0014065468
1598,1,0,-1.0178053,-0.83985853,-1.1279557179030557,0.11015034,0.012133096
1599,1,0,-1.130976,-0.9701617,-1.138837765425727,0.007861853,6.180873e-05
1600,1,0,-1.1415014,-0.9823451,-0.979708919991498,0.16179252,0.026176818
1601,1,0,-0.98687553,-0.8044739,-0.8672221333946823,0.119653404,0.014316937
1602,1,0,-0.87675357,-0.6793392,-0.8404405518879194,0.036312997,0.0013186338
1603,1,0,-0.85044885,-0.649652,-0.7237038005576641,0.12674505,0.016064307
1604,1,0,-0.73525524,-0.5208497,-0.8452872291868352,0.11003196,0.012107032
1605,1,0,-0.85521173,-0.6550214,-0.6816585108876372,0.17355323,0.030120723
1606,1,0,-0.6932683,-0.47473264,-0.6460115671880575,0.04725671,0.0022331965
1607,1,0,-0.65755415,-0.43576193,-0.6014613891091671,0.05609274,0.0031463953
1608,1,0,-0.6127751,-0.38723683,-0.6125474669408293,0.00022763014,5.181548e-08
1609,1,0,-0.6239326,-0.39929318,-0.7515258179204998,0.12759322,0.016280029
1610,1,0,-0.7629111,-0.5514507,-0.7463567935213438,0.016554296,0.00027404472
1611,1,0,-0.75781274,-0.54576063,-0.7378345174859793,0.019978225,0.0003991295
1612,1,0,-0.74933195,-0.53638315,-0.6983897417109715,0.050942183,0.002595106
1613,1,0,-0.7099948,-0.49306536,-0.7371808462894176,0.027186036,0.00073908054
1614,1,0,-0.74868107,-0.5356643,-0.6447135918323461,0.10396749,0.010809238
1615,1,0,-0.6562519,-0.43434548,-0.7750538881142144,0.11880195,0.014113904
1616,1,0,-0.7861042,-0.5773783,-0.7786306427586958,0.007473588,5.5854518e-05
1617,1,0,-0.789628,-0.5813234,-0.7577596318093183,0.0318684,0.0010155948
1618,1,0,-0.7690582,-0.55831647,-0.863774383985429,0.09471613,0.008971145
1619,1,0,-0.87336874,-0.6755147,-0.7821934151166845,0.09117532,0.008312939
1620,1,0,-0.79313755,-0.58525515,-0.7994021395849837,0.0062645674,3.9244806e-05
1621,1,0,-0.81008387,-0.6042547,-0.97251764818769,0.1624338,0.026384741
1622,1,0,-0.97985363,-0.79645586,-0.9660485211659277,0.013805091,0.00019058055
1623,1,0,-0.9735358,-0.78924394,-0.8417626920530337,0.13177305,0.017364139
1624,1,0,-0.8517487,-0.65111685,-0.9878792556401188,0.13613057,0.018531533
1625,1,0,-0.9948499,-0.8135865,-0.830665830319512,0.1641841,0.026956417
1626,1,0,-0.84084034,-0.638829,-0.9110937476994754,0.07025343,0.0049355444
1627,1,0,-0.919775,-0.7280648,-0.8306234454770833,0.08915156,0.007948001
1628,1,0,-0.84079933,-0.6387818,-0.8074316166227029,0.033367693,0.001113403
1629,1,0,-0.8179865,-0.61312795,-0.8251399743933554,0.007153511,5.117272e-05
1630,1,0,-0.83540726,-0.6327133,-0.7469797020474829,0.08842754,0.007819431
1631,1,0,-0.7584274,-0.54644656,-0.8028161581347724,0.04438877,0.001970363
1632,1,0,-0.8134446,-0.60802674,-0.620405084364779,0.19303954,0.03726426
1633,1,0,-0.6318352,-0.40784526,-0.6018969201946174,0.02993828,0.00089630065
1634,1,0,-0.61321354,-0.3877101,-0.5539289366018436,0.059284627,0.003514667
1635,1,0,-0.56482935,-0.3356974,-0.6604418607948679,0.095612526,0.009141755
1636,1,0,-0.67202425,-0.4515226,-0.7525875221010208,0.08056325,0.006490437
1637,1,0,-0.7639587,-0.55261946,-0.6518584081660843,0.1121003,0.012566478
1638,1,0,-0.66341877,-0.4421456,-0.6211695784686664,0.042249203,0.0017849951
1639,1,0,-0.6326039,-0.4086783,-0.7032186418482365,0.070614755,0.0049864436
1640,1,0,-0.7148173,-0.49836087,-0.6920230058263028,0.022794306,0.0005195804
1641,1,0,-0.70363283,-0.48608637,-0.82373798139795,0.12010515,0.014425246
1642,1,0,-0.8340285,-0.63116145,-0.893152626980497,0.05912417,0.0034956676
1643,1,0,-0.90219164,-0.7081251,-1.0172954415764115,0.11510384,0.013248894
1644,1,0,-1.0235293,-0.8464172,-1.1292837919578702,0.105754495,0.011184013
1645,1,0,-1.132261,-0.9716487,-1.030627644616279,0.10163343,0.010329354
1646,1,0,-1.0365121,-0.8613076,-1.0054817509942686,0.031030416,0.0009628867
1647,1,0,-1.0120173,-0.8332281,-1.0572649935000815,0.045247793,0.0020473627
1648,1,0,-1.0624216,-0.89107513,-1.1083655554100305,0.045943975,0.002110849
1649,1,0,-1.1120082,-0.9482341,-1.1673223614451214,0.055314183,0.003059659
1650,1,0,-1.169017,-1.0142431,-1.1953328165838577,0.026315808,0.00069252175
1651,1,0,-1.1960227,-1.0456183,-1.129578242669576,0.066444516,0.0044148737
1652,1,0,-1.1325455,-0.9719784,-1.2102697860438385,0.07772434,0.006041073
1653,1,0,-1.210401,-1.0623507,-1.3827395346056988,0.17233849,0.029700553
1654,1,0,-1.3806223,-1.255447,-1.5116005880948304,0.13097835,0.017155327
1655,1,0,-1.5104979,-1.3992465,-1.7352156382259305,0.22471774,0.05049806
1656,1,0,-1.7332408,-1.6467265,-1.8099235886154912,0.07668269,0.0058802343
1657,1,0,-1.8067683,-1.7285881,-1.8399627606846405,0.033194423,0.0011018697
1658,1,0,-1.8361921,-1.7613635,-1.8221797070173809,0.014012456,0.00019634892
1659,1,0,-1.8187833,-1.7419705,-1.832738285605385,0.013954997,0.00019474194
1660,1,0,-1.8291231,-1.7534884,-1.8554839960886576,0.02636087,0.00069489545
1661,1,0,-1.8513623,-1.7782648,-1.9210077946047024,0.069645405,0.0048504826
1662,1,0,-1.9151512,-1.8353772,-1.8804236422900396,0.034727573,0.0012060044
1663,1,0,-1.8756909,-1.8053734,-1.964734368047718,0.08904338,0.0079287235
1664,1,0,-1.9574827,-1.8638664,-1.9715435076008216,0.014060855,0.00019770765
1665,1,0,-1.9640576,-1.8683045,-1.9392408533054672,0.024816751,0.00061587116
1666,1,0,-1.9328262,-1.8472551,-1.9570146060353848,0.0241884,0.00058507867
1667,1,0,-1.9500234,-1.8588358,-1.923620775230873,0.026402593,0.0006970969
1668,1,0,-1.9176859,-1.8370798,-1.986469530052054,0.06878364,0.0047311895
1669,1,0,-1.9784518,-1.8780345,-1.826262973636177,0.1521889,0.02316146
1670,1,0,-1.8227829,-1.7464262,-1.9255341268944195,0.102751255,0.01055782
1671,1,0,-1.919542,-1.8383267,-1.9322372746430807,0.0126953125,0.00016117096
1672,1,0,-1.9260411,-1.8426919,-2.092699055211602,0.16665792,0.027774863
1673,1,0,-2.0802066,-1.947314,-2.111210869316174,0.03100419,0.0009612598
1674,1,0,-2.0978105,-1.9593897,-1.9083823188946545,0.18942821,0.035883047
1675,1,0,-1.9028927,-1.8271546,-1.9940741124598271,0.0911814,0.008314047
1676,1,0,-1.9857762,-1.882992,-2.0878943807493666,0.10211825,0.010428138
1677,1,0,-2.0756311,-1.9441797,-2.085420579364082,0.009789467,9.583366e-05
1678,1,0,-2.0732741,-1.9425677,-2.205636336081674,0.13236213,0.017519733
1679,1,0,-2.1869855,-2.0209665,-2.1963980682700384,0.009412527,8.859567e-05
1680,1,0,-2.1783078,-2.014945,-2.108414591807569,0.06989312,0.0048850486
1681,1,0,-2.0951533,-1.9575652,-2.1187539133076587,0.023600578,0.0005569873
1682,1,0,-2.1049724,-1.9643102,-2.2036016024050733,0.098629236,0.009727727
1683,1,0,-2.185075,-2.0196414,-2.217355997545301,0.032280922,0.0010420579
1684,1,0,-2.1979795,-2.0286064,-2.282884647937915,0.08490515,0.007208884
1685,1,0,-2.259138,-2.071298,-2.3776931239550603,0.11855507,0.014055304
1686,1,0,-2.3466601,-2.13297,-2.280236597104846,0.066423655,0.004412102
1687,1,0,-2.2566772,-2.069573,-2.4132435410112194,0.15656638,0.024513032
1688,1,0,-2.3791747,-2.1477728,-2.3970895041986093,0.017914772,0.00032093906
1689,1,0,-2.364421,-2.1455708,-2.4337280109838857,0.06930709,0.0048034727
1690,1,0,-2.3978333,-2.1318665,-2.3057486100212907,0.092084646,0.008479582
1691,1,0,-2.2803507,-2.0861816,-2.429963734873867,0.14961314,0.022384092
1692,1,0,-2.3944092,-2.134785,-2.39739710400365,0.0029878616,8.927317e-06
1693,1,0,-2.3647022,-2.1457698,-2.2068177025954743,0.1578846,0.024927545
1694,1,0,-2.1880944,-2.0217366,-2.2341991948039053,0.046104908,0.0021256625
1695,1,0,-2.21375,-2.0395834,-2.218020070906957,0.0042700768,1.8233555e-05
1696,1,0,-2.1986015,-2.0290399,-2.2214899937742305,0.022888422,0.0005238799
1697,1,0,-2.201853,-2.0313008,-2.4028880931114083,0.20103502,0.040415082
1698,1,0,-2.3697212,-2.1493347,-2.292613963713404,0.07710719,0.005945519
1699,1,0,-2.2681732,-2.077633,-2.287854006202465,0.019680738,0.00038733147
1700,1,0,-2.263755,-2.0745332,-2.308458597840896,0.044703484,0.0019984015
1701,1,0,-2.2828605,-2.087946,-2.4201777330833365,0.13731718,0.018856008
1702,1,0,-2.3854976,-2.1423812,-2.3267255753856526,0.058772087,0.0034541583
1703,1,0,-2.2997537,-2.0998325,-2.258701096188703,0.04105258,0.0016853143
1704,1,0,-2.2366295,-2.0555477,-2.2563803252533625,0.019750834,0.00039009543
1705,1,0,-2.2344656,-2.0540361,-2.4277744348401127,0.19330883,0.037368305
1706,1,0,-2.3924165,-2.1364837,-2.321351489418943,0.07106495,0.005050227
1707,1,0,-2.2947888,-2.0963364,-2.39664276868217,0.10185385,0.010374206
1708,1,0,-2.3640125,-2.1452796,-2.186459924805094,0.17755246,0.031524878
1709,1,0,-2.168961,-2.0084643,-2.1482659406597207,0.02069521,0.0004282917
1710,1,0,-2.1329303,-1.9835584,-2.1015824734664745,0.03134775,0.0009826815
1711,1,0,-2.088659,-1.9531099,-2.066421670971044,0.0222373,0.00049449754
1712,1,0,-2.055151,-1.9301739,-2.0966998788787747,0.041548967,0.0017263166
1713,1,0,-2.0840144,-1.9499245,-1.960951742312044,0.12306273,0.015144436
1714,1,0,-1.9538285,-1.8614023,-2.0712641811337584,0.11743581,0.01379117
1715,1,0,-2.059774,-1.9333324,-2.0655224021958176,0.0057485104,3.3045373e-05
1716,1,0,-2.0542922,-1.9295882,-1.9471742652492712,0.10711789,0.011474242
1717,1,0,-1.9405066,-1.8524237,-2.043124592588688,0.1026181,0.010530474
1718,1,0,-2.0328734,-1.9149781,-1.8020183363882056,0.2308551,0.05329408
1719,1,0,-1.7990113,-1.7199485,-1.8074675856452036,0.00845623,7.150783e-05
1720,1,0,-1.8043586,-1.7259045,-1.9152272017643628,0.11086857,0.01229184
1721,1,0,-1.9095407,-1.8316112,-1.7319774460268216,0.17756319,0.031528685
1722,1,0,-1.7300432,-1.6431681,-2.007611951843005,0.27756882,0.07704445
1723,1,0,-1.998801,-1.8918196,-1.9808028879081947,0.0179981,0.00032393157
1724,1,0,-1.9729899,-1.8743405,-1.854293899587302,0.118695974,0.014088734
1725,1,0,-1.8502004,-1.7769699,-1.80228832903252,0.04791212,0.0022955714
1726,1,0,-1.7992762,-1.720244,-1.8023244700939067,0.0030481815,9.291411e-06
1727,1,0,-1.7993116,-1.720283,-1.8460221179573169,0.04671049,0.00218187
1728,1,0,-1.842117,-1.7679644,-1.6203656314043182,0.22175133,0.049173653
1729,1,0,-1.619302,-1.5200213,-1.7274287891453315,0.10812676,0.011691396
1730,1,0,-1.7255491,-1.6381667,-1.5637908538156415,0.1617583,0.026165748
1731,1,0,-1.5628088,-1.4572821,-1.5875940733390923,0.02478528,0.0006143101
1732,1,0,-1.5866054,-1.4837021,-1.490049395434255,0.09655607,0.0093230745
1733,1,0,-1.4888457,-1.3752427,-1.3481240517888349,0.14072168,0.01980259
1734,1,0,-1.345579,-1.2167283,-1.468093072652497,0.12251401,0.015009683
1735,1,0,-1.4667568,-1.3507665,-1.404392873877211,0.062363982,0.0038892662
1736,1,0,-1.4025116,-1.2796508,-1.4501768124938192,0.04766524,0.002271975
1737,1,0,-1.4487112,-1.3307793,-1.4229032840025315,0.025807858,0.0006660455
1738,1,0,-1.4212043,-1.3003305,-1.4413335529481277,0.020129204,0.00040518484
1739,1,0,-1.4397966,-1.3209094,-1.431212615110361,0.008583903,7.36834e-05
1740,1,0,-1.4295893,-1.3096104,-1.5152866907997298,0.08569741,0.0073440466
1741,1,0,-1.5141987,-1.4033494,-1.423350964161459,0.09084773,0.00825331
1742,1,0,-1.4216559,-1.300831,-1.5114160290927576,0.089760184,0.00805689
1743,1,0,-1.5103135,-1.3990408,-1.5746769991905476,0.06436348,0.0041426574
1744,1,0,-1.5736972,-1.469369,-1.4825617149669268,0.0911355,0.00830568
1745,1,0,-1.4813163,-1.3668975,-1.408574049952013,0.072742224,0.005291431
1746,1,0,-1.4067358,-1.2843231,-1.332323677171062,0.07441211,0.0055371616
1747,1,0,-1.3295642,-1.199046,-1.4590041073591051,0.12943995,0.0167547
1748,1,0,-1.4576045,-1.3406283,-1.4903515352145962,0.03274703,0.001072368
1749,1,0,-1.4891496,-1.3755792,-1.659848624723516,0.170699,0.029138148
1750,1,0,-1.6585888,-1.5636867,-1.7823139566385873,0.123725176,0.015307919
1751,1,0,-1.7796519,-1.6983908,-1.6781056080360297,0.10154629,0.010311648
1752,1,0,-1.6767142,-1.583841,-1.814434218382964,0.13771999,0.018966796
1753,1,0,-1.8111919,-1.733515,-1.6822799881699169,0.12891197,0.016618297
1754,1,0,-1.6808552,-1.5884459,-1.5260699158543771,0.15478528,0.023958482
1755,1,0,-1.5250187,-1.4153502,-1.5562881542188745,0.03126943,0.0009777773
1756,1,0,-1.5553001,-1.4489472,-1.582869269248027,0.027569175,0.0007600594
1757,1,0,-1.581885,-1.4784604,-1.5283649097682317,0.053520083,0.0028643992
1758,1,0,-1.5273209,-1.4179033,-1.46339871975132,0.06392217,0.004086043
1759,1,0,-1.4620305,-1.3455303,-1.50194371221497,0.039913177,0.0015930617
1760,1,0,-1.5007999,-1.3884928,-1.5320593344789233,0.031259418,0.0009771512
1761,1,0,-1.5310258,-1.422013,-1.5821671611225947,0.05114138,0.0026154409
1762,1,0,-1.5811838,-1.4776815,-1.688411092265401,0.107227325,0.0114977
1763,1,0,-1.686934,-1.5952073,-1.738433998988699,0.051499963,0.0026522463
1764,1,0,-1.7364186,-1.6502624,-1.7237807070587812,0.012637854,0.00015971535
1765,1,0,-1.7219446,-1.6341555,-1.7132788407571675,0.008665681,7.509402e-05
1766,1,0,-1.71156,-1.6226009,-1.7123175610543675,0.00075757504,5.739199e-07
1767,1,0,-1.7106088,-1.6215429,-1.781107492078482,0.070498705,0.004970067
1768,1,0,-1.7784654,-1.6970695,-1.80935841110307,0.030892968,0.0009543755
1769,1,0,-1.8062141,-1.7279705,-1.691646217845382,0.114567876,0.013125798
1770,1,0,-1.6901407,-1.5987738,-1.7008616985002742,0.010720968,0.00011493916
1771,1,0,-1.6992698,-1.6089278,-1.6941346298606144,0.0051351786,2.6370059e-05
1772,1,0,-1.6926066,-1.6015162,-1.5788610972592447,0.11374545,0.012938027
1773,1,0,-1.57788,-1.4740127,-1.550881078627486,0.026998997,0.00072894583
1774,1,0,-1.5498863,-1.4429398,-1.3709415160121057,0.17894483,0.03202125
1775,1,0,-1.368685,-1.2422533,-1.4177925135846234,0.04910755,0.0024115515
1776,1,0,-1.4160447,-1.2946215,-1.286981987919554,0.12906277,0.0166572
1777,1,0,-1.2839985,-1.148281,-1.2060482011459468,0.07795024,0.00607624
1778,1,0,-1.2063391,-1.0576217,-1.3297530518713,0.12341392,0.015230996
1779,1,0,-1.3269572,-1.1961681,-1.279761441260025,0.047195792,0.0022274428
1780,1,0,-1.2770889,-1.1401943,-1.326034138625917,0.048945308,0.0023956432
1781,1,0,-1.3231859,-1.1920062,-1.2810340351381673,0.042151928,0.001776785
1782,1,0,-1.2783073,-1.14162,-1.3209033568230752,0.042595983,0.0018144178
1783,1,0,-1.317981,-1.1862625,-1.4849866999251953,0.16700566,0.027890889
1784,1,0,-1.4837548,-1.3696007,-1.4190427390841611,0.06471205,0.004187649
1785,1,0,-1.4173073,-1.2960185,-1.587371327034746,0.17006409,0.028921796
1786,1,0,-1.5863831,-1.4834548,-1.5608050685679062,0.025578022,0.0006542352
1787,1,0,-1.5598215,-1.4539653,-1.651943941206879,0.092122436,0.008486543
1788,1,0,-1.6507331,-1.5549531,-1.6432096506561928,0.0075234175,5.660181e-05
1789,1,0,-1.642047,-1.5452976,-1.6740198558099997,0.031972766,0.0010222577
1790,1,0,-1.6726607,-1.5793327,-1.7780553827590186,0.10539472,0.011108047
1791,1,0,-1.7754631,-1.6937268,-1.8247171854644717,0.04925406,0.0024259624
1792,1,0,-1.8212693,-1.7447394,-1.6894148795252908,0.13185441,0.017385587
1793,1,0,-1.6879292,-1.5963142,-1.5256126452196193,0.16231656,0.026346667
1794,1,0,-1.5245605,-1.4148418,-1.5960295610130708,0.07146907,0.005107828
1795,1,0,-1.5950291,-1.493057,-1.5541086346348594,0.040920496,0.001674487
1796,1,0,-1.5531183,-1.446526,-1.6187329704722184,0.06561458,0.0043052733
1797,1,0,-1.6176752,-1.5182134,-1.4674239540069594,0.15025127,0.022575444
1798,1,0,-1.4660833,-1.3500202,-1.3261482750675309,0.13993502,0.01958181
1799,1,0,-1.3233013,-1.1921337,-1.3365447647307451,0.013243437,0.00017538862
1800,1,0,-1.3338437,-1.2037702,-1.2666523570089474,0.06719136,0.0045146793
1801,1,0,-1.2645361,-1.125512,-1.2902646048418422,0.025728464,0.0006619539
1802,1,0,-1.2871381,-1.1519576,-1.125814334911694,0.16132379,0.026025364
1803,1,0,-1.1289036,-0.96776485,-1.0188210497573542,0.11008263,0.012118185
1804,1,0,-1.0250154,-0.84812117,-1.055153873293015,0.030138493,0.00090832874
1805,1,0,-1.0603697,-0.88871455,-1.1895691045779435,0.12919939,0.016692482
1806,1,0,-1.19047,-1.0391614,-1.2583363795284648,0.067866445,0.0046058544
1807,1,0,-1.2565662,-1.1161972,-1.3789817670192446,0.12241554,0.014985565
1808,1,0,-1.3768207,-1.2512453,-1.2743477163838546,0.10247302,0.01050072
1809,1,0,-1.2719067,-1.1341307,-1.3266135096480087,0.054706812,0.0029928354
1810,1,0,-1.3237734,-1.1926543,-1.2726612988687598,0.051112056,0.0026124422
1811,1,0,-1.2702918,-1.1322421,-1.3361251040209752,0.06583333,0.0043340274
1812,1,0,-1.3334181,-1.2033008,-1.2733883004275413,0.060029864,0.0036035846
1813,1,0,-1.270988,-1.1330566,-1.2330942725948495,0.037893772,0.001435938
1814,1,0,-1.2323431,-1.0879205,-1.0849125558367807,0.14743054,0.021735763
1815,1,0,-1.0892696,-0.9219923,-0.9737676119852812,0.115502,0.013340712
1816,1,0,-0.98107433,-0.79784894,-0.8923523156228552,0.08872199,0.0078715915
1817,1,0,-0.9014075,-0.70723605,-0.8578797682414248,0.043527722,0.0018946626
1818,1,0,-0.8675811,-0.6689782,-0.8450242687586442,0.022556841,0.0005088111
1819,1,0,-0.8549533,-0.6547303,-1.0019142450818577,0.14696097,0.021597527
1820,1,0,-1.0085392,-0.8292458,-1.0687311197120637,0.06019187,0.003623061
1821,1,0,-1.0735613,-0.9038944,-0.9776425818903736,0.095918715,0.0092004
1822,1,0,-0.9848583,-0.8021698,-1.095033119611717,0.110174894,0.012138507
1823,1,0,-1.099086,-0.9333148,-1.0889265939998318,0.0101594925,0.00010321529
1824,1,0,-1.0931634,-0.92648315,-1.071958849682437,0.021204472,0.00044962962
1825,1,0,-1.0766957,-0.9075036,-1.0077440706505807,0.06895161,0.004754324
1826,1,0,-1.0142224,-0.8357532,-1.2609298429383804,0.24670744,0.06086456
1827,1,0,-1.2590524,-1.1191025,-1.312304077137128,0.053251624,0.0028357354
1828,1,0,-1.3092558,-1.1766353,-1.1236054792006496,0.18565035,0.03446605
1829,1,0,-1.1267662,-0.96529126,-1.1575353450434278,0.03076911,0.0009467381
1830,1,0,-1.1595694,-1.0032818,-1.062203469635146,0.097365856,0.00948011
1831,1,0,-1.0672204,-0.8965962,-0.9075914137107008,0.15962905,0.025481433
1832,1,0,-0.91634345,-0.7241714,-0.9113766113630456,0.004966855,2.4669649e-05
1833,1,0,-0.92005205,-0.7283795,-0.9618455371400944,0.041793466,0.0017466937
1834,1,0,-0.96942925,-0.78455925,-0.8802493676920746,0.08917987,0.00795305
1835,1,0,-0.8895371,-0.69379663,-0.8338496419313088,0.055687428,0.0031010895
1836,1,0,-0.8439703,-0.6423533,-0.7687856337380508,0.07518464,0.0056527304
1837,1,0,-0.77992725,-0.57046723,-0.7381985568813509,0.041728675,0.0017412823
1838,1,0,-0.7496939,-0.5367844,-0.9251060096383644,0.17541212,0.030769411
1839,1,0,-0.9334965,-0.7436495,-1.0983713930053378,0.16487491,0.027183736
1840,1,0,-1.1023226,-0.9370506,-1.237304626336759,0.13498199,0.018220138
1841,1,0,-1.2363865,-1.0926368,-1.257588467307295,0.021201968,0.00044952345
1842,1,0,-1.2558489,-1.1153594,-1.278926975935933,0.023078084,0.00053259794
1843,1,0,-1.2762913,-1.13926,-1.1078988015528446,0.16839242,0.028356006
1844,1,0,-1.1115566,-0.9477117,-1.0401626722694552,0.07139397,0.0050970986
1845,1,0,-1.0457914,-0.87196016,-1.0534230504709825,0.0076316595,5.8242225e-05
1846,1,0,-1.058687,-0.88678026,-1.067271871094365,0.008584857,7.369977e-05
1847,1,0,-1.072144,-0.9022629,-0.952158655895032,0.1199854,0.014396497
1848,1,0,-0.9599619,-0.7737675,-0.9434084644280536,0.016553402,0.00027401512
1849,1,0,-0.95140505,-0.7640214,-0.8222502296918854,0.1291548,0.016680963
1850,1,0,-0.8325653,-0.62951565,-0.8115788659275647,0.020986438,0.00044043057
1851,1,0,-0.8220682,-0.61771226,-0.7549767415336714,0.067091465,0.0045012645
1852,1,0,-0.76631427,-0.5552511,-0.7787643163465177,0.012450039,0.00015500348
1853,1,0,-0.7897601,-0.58147097,-0.9305363884079668,0.14077628,0.01981796
1854,1,0,-0.93881154,-0.74969244,-0.8153417091506951,0.12346983,0.015244799
1855,1,0,-0.82576966,-0.62187314,-0.7845018893119713,0.041267753,0.0017030274
1856,1,0,-0.79541206,-0.5878024,-0.728608670390023,0.066803396,0.004462694
1857,1,0,-0.7401428,-0.5262394,-0.7922249050558712,0.05208206,0.0027125413
1858,1,0,-0.80301714,-0.59632754,-0.6926940786964679,0.11032307,0.01217118
1859,1,0,-0.70430326,-0.4868219,-0.5733024261888633,0.13100082,0.017161215
1860,1,0,-0.58439183,-0.35667443,-0.4004965938098843,0.18389523,0.033817455
1861,1,0,-0.4089713,-0.17118311,-0.4239713988821272,0.015000075,0.00022500225
1862,1,0,-0.43291736,-0.19615579,-0.5265883181213655,0.093670964,0.00877425
1863,1,0,-0.5371742,-0.30616808,-0.3907628470449498,0.14641139,0.021436295
1864,1,0,-0.39903235,-0.16085052,-0.1838030052627237,0.21522935,0.046323672
1865,1,0,-0.18804598,-0.060827255,-0.4529388029721892,0.26489282,0.070168205
1866,1,0,-0.46241856,-0.22707415,-0.2381501349878831,0.22426842,0.050296325
1867,1,0,-0.24299741,-0.08388209,-0.306125409636349,0.063127995,0.0039851437
1868,1,0,-0.31238055,-0.115596294,-0.3861796896757701,0.07379913,0.005446312
1869,1,0,-0.39435053,-0.15719438,-0.4880756448823518,0.093725115,0.0087843975
1870,1,0,-0.4981296,-0.26472378,-0.4544018906929978,0.043727726,0.001912114
1871,1,0,-0.46390748,-0.22863889,-0.4861764251263163,0.022268951,0.00049590616
1872,1,0,-0.49620104,-0.26268482,-0.4982328480881892,0.0020318031,4.1282237e-06
1873,1,0,-0.50843716,-0.2756362,-0.5489814491208693,0.04054427,0.0016438379
1874,1,0,-0.55982924,-0.33034754,-0.5807522469683772,0.020923018,0.0004377727
1875,1,0,-0.5919068,-0.36475182,-0.7473051802444401,0.15539837,0.024148652
1876,1,0,-0.75874853,-0.54680395,-0.7067397863692282,0.052008748,0.0027049098
1877,1,0,-0.718333,-0.5022235,-0.7246697693386639,0.0063367486,4.0154384e-05
1878,1,0,-0.73621774,-0.52191067,-0.5756178346776237,0.16059989,0.025792323
1879,1,0,-0.5867274,-0.3591838,-0.5158770434733828,0.07085031,0.0050197667
1880,1,0,-0.52632546,-0.29462337,-0.5784831104323165,0.05215764,0.0027204196
1881,1,0,-0.58961844,-0.36229038,-0.7051813535462155,0.115562916,0.013354788
1882,1,0,-0.71677685,-0.5005145,-0.5994770951249095,0.117299736,0.013759228
1883,1,0,-0.61077714,-0.3850801,-0.5114059785502452,0.099371135,0.009874622
1884,1,0,-0.52179503,-0.289809,-0.4736730455403868,0.04812199,0.002315726
1885,1,0,-0.48350143,-0.24927258,-0.4065230203143808,0.076978415,0.0059256763
1886,1,0,-0.41512203,-0.17758703,-0.50236014890275,0.08723813,0.007610492
1887,1,0,-0.51262355,-0.28007412,-0.7601321534962424,0.24750859,0.0612605
1888,1,0,-0.77139735,-0.56093,-0.7805607011302551,0.00916332,8.3966435e-05
1889,1,0,-0.79152966,-0.5834539,-0.6442112653937078,0.14731836,0.0217027
1890,1,0,-0.6557479,-0.43379736,-0.6116262470206997,0.044121623,0.0019467176
1891,1,0,-0.6230056,-0.39829087,-0.6483305280302742,0.025324881,0.0006413496
1892,1,0,-0.65988016,-0.4382937,-0.6008987626455431,0.05898142,0.0034788076
1893,1,0,-0.61220837,-0.38662505,-0.4535204676513573,0.15868789,0.025181847
1894,1,0,-0.46301055,-0.22769618,-0.4152879267414109,0.047722638,0.0022774502
1895,1,0,-0.42406344,-0.18690968,-0.5545166290464674,0.13045317,0.01701803
1896,1,0,-0.5654228,-0.33633327,-0.4784167166788466,0.08700606,0.007570055
1897,1,0,-0.4883213,-0.25435853,-0.5051862418144815,0.016864955,0.00028442673
1898,1,0,-0.51549006,-0.28311443,-0.5976815616386859,0.08219153,0.006755447
1899,1,0,-0.60896873,-0.38312936,-0.5436159102673153,0.0653528,0.004270988
1900,1,0,-0.5544038,-0.32454872,-0.4870760113413279,0.06732777,0.004533028
1901,1,0,-0.49711466,-0.26365018,-0.6526706665470248,0.15555602,0.024197677
1902,1,0,-0.6642339,-0.44303322,-0.7195125227557031,0.0552786,0.0030557236
1903,1,0,-0.73107624,-0.5162451,-0.5513250113281041,0.17975122,0.0323105
1904,1,0,-0.5621977,-0.3328817,-0.5326716962452829,0.029525995,0.0008717844
1905,1,0,-0.5433321,-0.31273127,-0.483981239892016,0.05935085,0.0035225232
1906,1,0,-0.49397254,-0.2603283,-0.4666462393231376,0.027326286,0.0007467259
1907,1,0,-0.4763596,-0.24174309,-0.4362627725410153,0.04009682,0.001607755
1908,1,0,-0.44544196,-0.20926118,-0.4418926145303943,0.0035493374,1.2597796e-05
1909,1,0,-0.4511752,-0.215271,-0.4388527731152494,0.012322426,0.00015184218
1910,1,0,-0.4480796,-0.21202588,-0.4814733469244108,0.03339377,0.0011151439
1911,1,0,-0.4914255,-0.25763774,-0.6677703605123915,0.17634487,0.031097515
1912,1,0,-0.67936635,-0.45953488,-0.5714538294762117,0.10791254,0.011645117
1913,1,0,-0.58252573,-0.354671,-0.4464683752798422,0.13605735,0.0185116
1914,1,0,-0.45583367,-0.2201581,-0.4562382033066332,0.00040453672,1.6364996e-07
1915,1,0,-0.46577525,-0.23060274,-0.3928863575771184,0.07288888,0.0053127888
1916,1,0,-0.40120077,-0.16310358,-0.4051220763581549,0.0039213,1.5376596e-05
1917,1,0,-0.413692,-0.17609763,-0.4960463779815063,0.08235437,0.0067822416
1918,1,0,-0.5062189,-0.27328634,-0.4117760285861291,0.094442874,0.008919456
1919,1,0,-0.42048144,-0.18317294,-0.3229814688861543,0.09749997,0.009506243
1920,1,0,-0.329669,-0.123968124,-0.3738778812646139,0.044208884,0.0019544254
1921,1,0,-0.381778,-0.1504972,-0.2862350503127451,0.09554294,0.009128453
1922,1,0,-0.29196,-0.105979204,-0.2056469019555891,0.0863131,0.007449951
1923,1,0,-0.21015191,-0.06985283,-0.4325433492607677,0.22239143,0.049457945
1924,1,0,-0.4416535,-0.20529342,-0.5286253204150015,0.08697182,0.007564097
1925,1,0,-0.53923726,-0.30836558,-0.5576104310632504,0.018373191,0.00033757417
1926,1,0,-0.5685487,-0.3396802,-0.5234307700868603,0.045117915,0.0020356262
1927,1,0,-0.53397727,-0.30276322,-0.6303627044334026,0.09638542,0.009290149
1928,1,0,-0.6418426,-0.41869354,-0.7591533565100992,0.11731076,0.013761815
1929,1,0,-0.7704325,-0.55985165,-0.7769177872838582,0.006485343,4.2059673e-05
1930,1,0,-0.7879405,-0.57943463,-0.5538918732686358,0.2340486,0.05477875
1931,1,0,-0.5647917,-0.3356576,-0.4864083113688529,0.07838336,0.0061439504
1932,1,0,-0.49643707,-0.26293397,-0.4477667426143603,0.04867032,0.0023688
1933,1,0,-0.45715523,-0.22154546,-0.4274576934375207,0.029697537,0.00088194374
1934,1,0,-0.436471,-0.19987059,-0.3827034938807796,0.053767502,0.0028909442
1935,1,0,-0.39079928,-0.1552906,-0.3512598579007835,0.039539427,0.0015633663
1936,1,0,-0.35863924,-0.1384747,-0.2798492042304565,0.07879004,0.0062078703
1937,1,0,-0.28539968,-0.10295081,-0.4100845335850871,0.12468487,0.015546317
1938,1,0,-0.41875577,-0.18137383,-0.3358338835129504,0.08292189,0.0068760403
1939,1,0,-0.34284186,-0.13048959,-0.204399957626058,0.1384419,0.01916616
1940,1,0,-0.20889115,-0.06932831,-0.1541720300913782,0.05471912,0.002994182
1941,1,0,-0.15801978,-0.049093246,-0.0761845617996765,0.08183522,0.006697003
1942,1,0,-0.07878947,-0.020924568,-0.0466589324107502,0.03213054,0.0010323715
1943,1,0,-0.04872179,-0.011251926,-0.0349045643574887,0.013817225,0.0001909157
1944,1,0,-0.036741972,-0.0075478554,-0.0937625414749674,0.057020567,0.0032513451
1945,1,0,-0.0966723,-0.026937723,-0.1211016939186024,0.024429396,0.0005967954
1946,1,0,-0.1244576,-0.0366745,-0.0686153245520366,0.055842273,0.0031183595
1947,1,0,-0.0710845,-0.018393755,-0.0837552600049056,0.012670763,0.00016054822
1948,1,0,-0.08649278,-0.023490429,-0.1260738741768934,0.03958109,0.0015666627
1949,1,0,-0.12950683,-0.03849721,-0.0939020077886256,0.03560482,0.0012677031
1950,1,0,-0.09681368,-0.026985407,-0.116559351483171,0.01974567,0.0003898915
1951,1,0,-0.119843006,-0.035024166,-0.1059831026618725,0.013859905,0.00019209698
1952,1,0,-0.10909653,-0.031231165,-0.1517692803486752,0.042672753,0.0018209639
1953,1,0,-0.15558338,-0.04816699,-0.160238581286281,0.0046551973,2.1670861e-05
1954,1,0,-0.1641717,-0.051448345,-0.0925489347326191,0.07162276,0.0051298197
1955,1,0,-0.095437765,-0.026516438,0.0387246195362607,0.13416238,0.017999545
1956,1,0,0.03842306,0.013812304,0.1323830653605902,0.09396,0.008828482
1957,1,0,0.13429618,0.036640406,0.1635428239546725,0.029246643,0.0008553661
1958,1,0,0.16624737,0.04322672,0.1045452979149916,0.061702073,0.0038071459
1959,1,0,0.10577297,0.030340433,0.2485515557268005,0.14277859,0.020385725
1960,1,0,0.2535236,0.10763097,0.3357272508566367,0.08220366,0.006757441
1961,1,0,0.34314823,0.19779778,0.2394335700762013,0.10371466,0.010756731
1962,1,0,0.24415588,0.09827089,0.3087720868000154,0.0646162,0.0041752537
1963,1,0,0.3154261,0.16978884,0.3133796896709429,0.002046436,4.1879007e-06
1964,1,0,0.3201642,0.17456841,0.397510581539104,0.077346385,0.0059824632
1965,1,0,0.40636158,0.2624154,0.3686485606696497,0.03771302,0.001422272
1966,1,0,0.37701583,0.23215699,0.3973997700848595,0.020383954,0.00041550558
1967,1,0,0.40625143,0.26229954,0.529783803492474,0.123532355,0.015260243
1968,1,0,0.53780794,0.40263462,0.5385816132478456,0.0007736683,5.985626e-07
1969,1,0,0.54656386,0.41204786,0.66564548665716,0.11908162,0.014180431
1970,1,0,0.6731527,0.54909587,0.7455338497030786,0.07238114,0.0052390294
1971,1,0,0.7528293,0.636245,0.7822407572682919,0.029411435,0.0008650325
1972,1,0,0.78945017,0.6765201,0.7421736969334742,0.047276497,0.002235067
1973,1,0,0.74947715,0.63256645,0.9436327517661538,0.19415563,0.03769641
1974,1,0,0.95045376,0.855109,1.1182000977200572,0.1677463,0.028138824
1975,1,0,1.1243458,1.0504675,1.1109034921760237,0.013442278,0.00018069484
1976,1,0,1.1170874,1.0422673,1.2390809470876332,0.12199354,0.014882424
1977,1,0,1.2444296,1.1866112,1.157114352512504,0.0873152,0.0076239444
1978,1,0,1.1630406,1.0942378,1.0611592424600844,0.101881385,0.010379816
1979,1,0,1.067575,0.98643494,0.9763453865370004,0.09122962,0.008322843
1980,1,0,0.9830694,0.8915696,0.7632506125517882,0.21981883,0.04832032
1981,1,0,0.7705045,0.65566707,0.7134686493670466,0.057035804,0.003253083
1982,1,0,0.7208433,0.60117984,0.7484833647214608,0.027640045,0.00076397206
1983,1,0,0.75577164,0.6394768,0.7456904324594391,0.010081232,0.00010163123
1984,1,0,0.7529857,0.6364174,0.6533091527456398,0.09967655,0.009935414
1985,1,0,0.6608534,0.5357032,0.6193769966023854,0.04147637,0.0017202892
1986,1,0,0.6270325,0.49895954,0.7440767206465768,0.11704421,0.013699347
1987,1,0,0.7513757,0.63464975,0.8604564419520311,0.10908079,0.011898619
1988,1,0,0.86748815,0.76278186,0.7440311263975179,0.123457015,0.015241634
1989,1,0,0.7513304,0.63459945,0.7213520562687412,0.029978335,0.00089870056
1990,1,0,0.7287073,0.6097903,0.7963926768438454,0.067685366,0.004581309
1991,1,0,0.8035703,0.6920841,0.7996765246671411,0.003893733,1.5161157e-05
1992,1,0,0.8068471,0.69569874,0.8228221139822529,0.015974998,0.00025520058
1993,1,0,0.8299396,0.72120357,0.8151419446871522,0.0147976875,0.00021897156
1994,1,0,0.8222773,0.71273494,0.6975181181193597,0.1247592,0.015564857
1995,1,0,0.7049351,0.5837796,0.5923659003972488,0.11256915,0.012671814
1996,1,0,0.6001198,0.4698105,0.5648181216341865,0.035301685,0.001246209
1997,1,0,0.57268286,0.44017768,0.5374916698439436,0.03519118,0.001238419
1998,1,0,0.5454788,0.41088033,0.3187781956408444,0.22670063,0.051393177
1999,1,0,0.32571554,0.18017292,0.3596920445966334,0.033976495,0.0011544023
2000,1,0,0.3678012,0.22279286,0.3203236300510688,0.047477573,0.0022541198
2001,1,0,0.32730508,0.18177819,0.4074416211542839,0.08013654,0.0064218645
2002,1,0,0.41621637,0.27285552,0.5491639870775904,0.13294762,0.01767507
2003,1,0,0.5570972,0.42338228,0.4784084610303702,0.07868874,0.0061919177
2004,1,0,0.4867072,0.3478799,0.4711054675311237,0.015601754,0.00024341473
2005,1,0,0.47944784,0.34012675,0.3574950480103234,0.1219528,0.014872486
2006,1,0,0.36554098,0.22049737,0.3985181510567916,0.032977164,0.0010874934
2007,1,0,0.40736127,0.26347446,0.3018297586614111,0.10553151,0.011136901
2008,1,0,0.30828714,0.16259384,0.2102356694290623,0.09805147,0.009614091
2009,1,0,0.2141676,0.068389416,0.4539554514431261,0.23978785,0.057498213
2010,1,0,0.46240497,0.3219478,0.4924183951558585,0.030013442,0.0009008067
2011,1,0,0.5006368,0.36277556,0.4289986110798245,0.0716382,0.005132031
2012,1,0,0.4376161,0.29556894,0.4051680581425461,0.032448053,0.0010528761
2013,1,0,0.41395974,0.27046514,0.4311761915485586,0.017216444,0.00029640595
2014,1,0,0.43977833,0.29786658,0.5944538651005646,0.15467554,0.023924524
2015,1,0,0.6021993,0.47205997,0.5047726340442034,0.09742665,0.009491953
2016,1,0,0.5129237,0.3759334,0.6412043466478328,0.12828064,0.016455922
2017,1,0,0.6487868,0.52257824,0.4945835390792412,0.15420324,0.023778638
2018,1,0,0.5027907,0.36508036,0.5515343483082411,0.048743665,0.002375945
2019,1,0,0.5594578,0.42592406,0.6424536630151056,0.08299589,0.006888318
2020,1,0,0.65003204,0.5239327,0.5855613465381366,0.06447071,0.004156472
2021,1,0,0.5933409,0.46248198,0.5612836425249537,0.032057226,0.0010276657
2022,1,0,0.5691638,0.436383,0.5458938133289011,0.023270011,0.0005414934
2023,1,0,0.5538423,0.41987872,0.5872776685165517,0.033435345,0.0011179222
2024,1,0,0.59505105,0.46432948,0.6959575625261425,0.10090649,0.01018212
2025,1,0,0.7033789,0.5820794,0.7361003585388892,0.03272146,0.001070694
2026,1,0,0.7434187,0.62591815,0.7158641340354523,0.027554572,0.00075925444
2027,1,0,0.723233,0.6037965,0.761879602371728,0.03864664,0.0014935627
2028,1,0,0.76913595,0.6541631,0.8425209038380252,0.07338494,0.0053853495
2029,1,0,0.84959435,0.74295115,0.6840633532243725,0.16553098,0.027400505
2030,1,0,0.6915176,0.56912374,0.7192835284283183,0.02776593,0.00077094685
2031,1,0,0.72664356,0.60753155,0.6196997314125237,0.106943846,0.011436986
2032,1,0,0.62735415,0.4993074,0.5795410134074435,0.047813118,0.0022860942
2033,1,0,0.5873449,0.4560027,0.4664711703435182,0.12087372,0.014610456
2034,1,0,0.47484207,0.33521008,0.4242173224732406,0.050624758,0.002562866
2035,1,0,0.43286896,0.29052448,0.2712531665726958,0.16161579,0.026119662
2036,1,0,0.27685308,0.13099527,0.5072578959326033,0.2304048,0.05308637
2037,1,0,0.51539636,0.3785832,0.3590500800967091,0.15634629,0.024444163
2038,1,0,0.36714077,0.22212267,0.3894710525546005,0.022330284,0.0004986416
2039,1,0,0.39838552,0.2539749,0.4030313204922291,0.0046457946,2.1583408e-05
2040,1,0,0.41183925,0.26821733,0.3494735077534732,0.06236574,0.0038894855
2041,1,0,0.3572886,0.21212435,0.222598362924308,0.13469024,0.018141462
2042,1,0,0.22686267,0.08102369,0.2731499532939496,0.0462873,0.0021425139
2043,1,0,0.27880263,0.13295054,0.1153356312421638,0.163467,0.026721463
2044,1,0,0.116826296,0.03282976,0.0900126784696877,0.026813619,0.00071897014
2045,1,0,0.09089112,0.02689147,0.1529330334291061,0.06204191,0.0038491983
2046,1,0,0.1553657,0.041038275,0.207194559555083,0.05182886,0.002686231
2047,1,0,0.2110455,0.06528473,0.3218449346728844,0.11079943,0.012276514
2048,1,0,0.32886958,0.18335867,0.2760582897968171,0.052811295,0.0027890329
2049,1,0,0.28179193,0.13595128,0.2005024961824335,0.081289425,0.0066079707
2050,1,0,0.20417523,0.058458567,0.0823772250479311,0.12179801,0.014834755
2051,1,0,0.08307457,0.02503395,-0.0234206357779034,0.1064952,0.011341228
2052,1,0,-0.025031567,-0.00400877,0.0094843236873778,0.03451589,0.0011913468
2053,1,0,0.008549452,0.0057034492,0.0321007412297604,0.023551289,0.0005546632
2054,1,0,0.03165245,0.01201725,0.0829245696343869,0.051272117,0.00262883
2055,1,0,0.08363533,0.025168657,0.1879688471111973,0.10433352,0.010885484
2056,1,0,0.19130921,0.049346924,0.2482381626292849,0.056928948,0.003240905
2057,1,0,0.25320148,0.10730958,0.2164316381552762,0.036769852,0.001352022
2058,1,0,0.22053003,0.07471776,0.1065196687608582,0.114010364,0.012998363
2059,1,0,0.107795,0.03080082,0.0457992342546775,0.061995767,0.0038434751
2060,1,0,0.045654774,0.015701532,0.0980301506812835,0.052375376,0.0027431801
2061,1,0,0.09910083,0.028807878,0.1661907488387255,0.067089915,0.004501057
2062,1,0,0.1689632,0.043763638,0.1172461343200677,0.051717058,0.0026746541
2063,1,0,0.118783474,0.0332644,0.1696555490840898,0.050872073,0.0025879678
2064,1,0,0.17251778,0.04456401,0.1612494904487711,0.011268288,0.00012697431
2065,1,0,0.16389489,0.04275775,0.0368100221012697,0.12708487,0.016150564
2066,1,0,0.036465883,0.013295889,-0.0211950499750979,0.057660934,0.0033247832
2067,1,0,-0.022762299,-0.003332138,-0.0938301417407347,0.07106784,0.0050506378
2068,1,0,-0.09674096,-0.026960611,-0.3104272905617677,0.21368632,0.04566184
2069,1,0,-0.31679416,-0.11771369,-0.3073115044169259,0.009482652,8.9920686e-05
2070,1,0,-0.31359696,-0.11617899,-0.2131049693222855,0.100492,0.010098642
2071,1,0,-0.21769357,-0.073007345,-0.3928036394367802,0.17511007,0.030663537
2072,1,0,-0.4011166,-0.16301608,-0.3780758192115176,0.023040801,0.00053087855
2073,1,0,-0.38606977,-0.15276957,-0.4139005618220883,0.02783078,0.0007745523
2074,1,0,-0.4226489,-0.18543315,-0.4503025022667848,0.027653605,0.00076472183
2075,1,0,-0.45973635,-0.22425628,-0.5581700299302819,0.09843367,0.009689188
2076,1,0,-0.5691135,-0.3402853,-0.401514541548885,0.16759896,0.028089412
2077,1,0,-0.41001034,-0.17226434,-0.2381669482991983,0.1718434,0.029530153
2078,1,0,-0.24301386,-0.083889246,-0.1270361894448286,0.115977675,0.013450821
2079,1,0,-0.13048458,-0.038851023,0.0100448695864252,0.14052945,0.019748528
2080,1,0,0.009121418,0.005862713,0.0805615427401829,0.07144012,0.005103691
2081,1,0,0.081216335,0.024588585,0.1676902988725279,0.08647396,0.0074777454
2082,1,0,0.17050147,0.04406643,0.1389880134250272,0.031513453,0.0009930977
2083,1,0,0.14106655,0.038076878,0.3528380781657692,0.21177152,0.044847175
2084,1,0,0.36074972,0.21563554,0.1893880113008941,0.17136171,0.029364837
2085,1,0,0.19276595,0.049710512,0.2501979073995533,0.057431966,0.0032984307
2086,1,0,0.25521517,0.10932279,0.1815082646470482,0.07370691,0.0054327087
2087,1,0,0.1846788,0.047678232,0.1496853519225931,0.03499344,0.0012245409
2088,1,0,0.15203428,0.04035735,0.1757950528273495,0.023760766,0.000564574
2089,1,0,0.1788168,0.046185732,0.204238386243392,0.02542159,0.0006462572
2090,1,0,0.2080102,0.062268496,0.2817623155242534,0.073752105,0.005439373
2091,1,0,0.2876556,0.14183879,0.3434874624220456,0.05583188,0.0031171988
2092,1,0,0.35113096,0.2058816,0.1772330317639125,0.17389794,0.030240493
2093,1,0,0.18029237,0.04656315,0.1329268388234283,0.04736553,0.0022434935
2094,1,0,0.1348536,0.03676009,0.2571969408467836,0.12234333,0.01496789
2095,1,0,0.26240706,0.11651921,0.1679091668950874,0.094497904,0.008929854
2096,1,0,0.1707263,0.044110537,0.1414225214201185,0.029303774,0.0008587112
2097,1,0,0.14356256,0.03860092,0.1922360460722827,0.048673496,0.002369109
2098,1,0,0.19568872,0.050436974,0.2850664630899415,0.08937773,0.007988378
2099,1,0,0.29105186,0.14525223,0.1969369031770069,0.09411496,0.008857626
2100,1,0,0.20051455,0.054825306,0.1054947130722712,0.09501984,0.00902877
2101,1,0,0.106745005,0.030561447,0.2177240245830272,0.11097902,0.012316343
2102,1,0,0.22185683,0.07603955,0.1826228064261137,0.039234027,0.0015393089
2103,1,0,0.18582273,0.047967434,0.2805553034726782,0.09473258,0.0089742625
2104,1,0,0.28641462,0.14059281,0.2892861804525624,0.0028715432,8.24576e-06
2105,1,0,0.2953906,0.1496129,0.3278149109304586,0.0324243,0.0010513352
2106,1,0,0.33501005,0.18956399,0.1194276890853958,0.21558237,0.046475757
2107,1,0,0.12101936,0.033758163,0.1406302115261164,0.019610852,0.00038458552
2108,1,0,0.14275098,0.03843093,0.1748718683848369,0.032120883,0.0010317512
2109,1,0,0.17786932,0.045942545,0.133698004305689,0.04417132,0.0019511054
2110,1,0,0.13564372,0.036928177,0.2355749608037434,0.09993124,0.0099862525
2111,1,0,0.24019146,0.0943141,-0.0038815526006508,0.24407302,0.05957164
2112,1,0,-0.0050964355,0.0018339157,-0.0044725928579278,0.0006238427,3.8917972e-07
2113,1,0,-0.0056996346,0.0016605854,0.0159451892709383,0.021644823,0.0004684984
2114,1,0,0.015146971,0.007536173,0.1086471047225554,0.09350014,0.008742276
2115,1,0,0.109974384,0.031294107,0.2521463759396454,0.14217198,0.020212872
2116,1,0,0.2572174,0.11132598,0.1758308881303283,0.08138652,0.006623766
2117,1,0,0.17885303,0.046195507,0.1784856573977675,0.00036737323,1.3496309e-07
2118,1,0,0.18157768,0.046890736,0.1896227389795544,0.008045062,6.4723026e-05
2119,1,0,0.19300699,0.049770594,0.290259958999175,0.097252965,0.00945814
2120,1,0,0.2963915,0.1506195,0.3889960000875372,0.09260452,0.008575597
2121,1,0,0.3979149,0.25347638,0.3383790914725879,0.0595358,0.0035445117
2122,1,0,0.34587622,0.20055962,0.3444533128013352,0.0014229119,2.0246782e-06
2123,1,0,0.3521242,0.20688891,0.3967910623211366,0.044666857,0.001995128
2124,1,0,0.40564823,0.2616601,0.3692429169318019,0.036405325,0.0013253477
2125,1,0,0.37762737,0.23277926,0.2727854991655785,0.10484189,0.010991821
2126,1,0,0.27842808,0.13257504,0.1822296147952475,0.09619847,0.009254145
2127,1,0,0.18541956,0.047865152,0.1257693508320922,0.059650213,0.003558148
2128,1,0,0.12751746,0.03518033,0.1892688924014045,0.061751425,0.0038132386
2129,1,0,0.19264364,0.049679518,0.1159446050935937,0.07669904,0.005882743
2130,1,0,0.11745,0.03296852,0.0227023544691475,0.09474765,0.008977117
2131,1,0,0.022049904,0.00942874,-0.0515425381397771,0.07359244,0.005415847
2132,1,0,-0.053697348,-0.012814999,-0.2417209060877883,0.18802355,0.035352856
2133,1,0,-0.24660182,-0.0854671,-0.3601966574205013,0.11359483,0.012903785
2134,1,0,-0.36778545,-0.14318013,-0.4836353189372055,0.11584985,0.013421188
2135,1,0,-0.4936211,-0.2599573,-0.596242413931535,0.10262132,0.010531135
2136,1,0,-0.60751915,-0.3815658,-0.5416046379036916,0.06591451,0.0043447227
2137,1,0,-0.5523696,-0.32237554,-0.5457085427856274,0.0066610575,4.4369688e-05
2138,1,0,-0.5565207,-0.32681012,-0.5579269200664352,0.0014061928,1.9773781e-06
2139,1,0,-0.5688689,-0.3400228,-0.6727709657549075,0.1039021,0.010795646
2140,1,0,-0.68437386,-0.46500516,-0.7848263126388959,0.10045248,0.010090701
2141,1,0,-0.7957313,-0.58816004,-0.8581162123647901,0.062384903,0.0038918762
2142,1,0,-0.8678129,-0.6692405,-0.9571091340752343,0.08929628,0.007973826
2143,1,0,-0.9648001,-0.77928257,-0.9160770367156784,0.0487231,0.0023739405
2144,1,0,-0.92465615,-0.7336056,-1.01471076229245,0.09005463,0.008109837
2145,1,0,-1.0210109,-0.8435309,-1.222883897906645,0.20187306,0.040752735
2146,1,0,-1.222532,-1.076482,-1.11689283857527,0.10563922,0.011159644
2147,1,0,-1.1202672,-0.95777845,-1.1818414897001048,0.06157434,0.0037913993
2148,1,0,-1.1830214,-1.0305057,-1.1451004207076545,0.03792095,0.0014379986
2149,1,0,-1.1475556,-0.98935795,-1.03309440883737,0.11446118,0.013101363
2150,1,0,-1.038913,-0.86406326,-0.9613264332421232,0.07758659,0.0060196794
2151,1,0,-0.96892166,-0.78398156,-0.9457562678171674,0.023165405,0.000536636
2152,1,0,-0.9537015,-0.76663613,-0.9756642795662755,0.021962762,0.0004823629
2153,1,0,-0.9829266,-0.7999635,-1.0470058850771178,0.064079285,0.0041061547
2154,1,0,-1.0524478,-0.8796079,-0.984536701696242,0.06791109,0.004611916
2155,1,0,-0.9915879,-0.80985856,-1.1087448982544674,0.11715698,0.0137257585
2156,1,0,-1.1123756,-0.94865847,-1.0710692315308226,0.041306376,0.0017062167
2157,1,0,-1.075832,-0.90650964,-1.170275576643757,0.09444356,0.0089195855
2158,1,0,-1.1718669,-1.0175507,-1.0540372383421697,0.11782968,0.013883834
2159,1,0,-1.0592842,-0.8874669,-1.087993265011185,0.028709054,0.00082420977
2160,1,0,-1.0922586,-0.9254396,-0.8969872989299943,0.19527125,0.03813086
2161,1,0,-0.905951,-0.7123859,-0.900486387865155,0.0054646134,2.9862e-05
2162,1,0,-0.9093809,-0.7162745,-0.9937860557289664,0.084405124,0.007124225
2163,1,0,-1.0006123,-0.82017636,-0.9851418931868184,0.015470386,0.00023933283
2164,1,0,-0.99217844,-0.8105333,-1.0167350593340163,0.024556637,0.0006030284
2165,1,0,-1.0229836,-0.8457918,-0.9086368436340488,0.11434668,0.013075164
2166,1,0,-0.91736794,-0.72533345,-0.9277380050762378,0.010370076,0.00010753847
2167,1,0,-0.9360728,-0.74657845,-0.98589885273559,0.049826026,0.0024826329
2168,1,0,-0.9929168,-0.8113773,-0.9629056802309872,0.030011117,0.00090066716
2169,1,0,-0.9704654,-0.7857413,-0.9285523392701897,0.041913092,0.0017567073
2170,1,0,-0.9368701,-0.7474847,-1.0116693844538012,0.0747993,0.0055949353
2171,1,0,-1.0180476,-0.8401351,-1.0325812347604455,0.014533639,0.00021122667
2172,1,0,-1.0384138,-0.8634896,-1.100461577390105,0.06204784,0.0038499343
2173,1,0,-1.1043489,-0.9393892,-1.0293208893296542,0.07502806,0.0056292103
2174,1,0,-1.0352402,-0.8598478,-1.1370275087914328,0.10178733,0.01036066
2175,1,0,-1.1397512,-0.9803183,-1.04113950366903,0.09861171,0.00972427
2176,1,0,-1.0467415,-0.8730521,-0.9573685780048082,0.08937293,0.007987522
2177,1,0,-0.9650543,-0.77957153,-1.0164342145809084,0.05137992,0.002639896
2178,1,0,-1.0226903,-0.84545517,-0.951575325644717,0.07111496,0.005057337
2179,1,0,-0.95939136,-0.7731178,-1.0152655137760251,0.05587411,0.003121916
2180,1,0,-1.0215516,-0.8441508,-1.0196515511839528,0.0019000769,3.6102922e-06
2181,1,0,-1.0258241,-0.8490484,-1.027413323338369,0.0015892982,2.525869e-06
2182,1,0,-1.0333831,-0.8577173,-1.057625754264968,0.02424264,0.0005877056
2183,1,0,-1.0627723,-0.89147806,-0.970087534093159,0.092684746,0.008590462
2184,1,0,-0.97748065,-0.79374695,-1.000494219098396,0.023013592,0.0005296254
2185,1,0,-1.007155,-0.8276622,-1.0960383106497789,0.0888834,0.0079002585
2186,1,0,-1.1000609,-0.9344399,-1.2074568384196294,0.10739589,0.011533877
2187,1,0,-1.2076948,-1.0592,-1.1112261469021203,0.09646857,0.009306185
2188,1,0,-1.1147797,-0.9514363,-1.1674976154981382,0.052717924,0.0027791795
2189,1,1,-1.1691861,-1.0144396,1.0253326217791303,2.1945186,4.815912
2190,1,1,1.0318909,0.9463072,-0.8507064827653168,1.8825973,3.5441728
2191,1,1,-0.8605356,-0.6610267,0.6590265912321218,1.5195622,2.3090694
2192,1,1,0.66655374,0.5419073,-0.5452969547114761,1.2118506,1.468582
2193,0,1,0.5025823,-0.32636476,0.3715594786133636,0.13102284,0.017166985
2194,0,1,-0.37352252,0.2352035,-0.3410578517567204,0.032464683,0.0010539556
2195,0,1,0.2940805,-0.13317394,0.5343358804683498,0.24025536,0.057722636
2196,0,1,-0.5347438,0.40750408,-0.476450998399716,0.058292776,0.0033980478
2197,0,1,0.4316256,-0.25225043,0.4030729586422148,0.028552651,0.0008152539
2198,0,1,-0.40511775,0.26826215,-0.544019637098041,0.13890189,0.019293735
2199,0,1,0.50126004,-0.32498455,0.4890769523456595,0.0121831,0.00014842792
2200,0,1,-0.49041843,0.35922003,-0.4247834909708587,0.065634936,0.004307945
2201,0,1,0.37880754,-0.19702148,0.2836032800414942,0.095204264,0.009063852
2202,0,1,-0.29650903,0.1437397,-0.1150178430277297,0.18149118,0.03293905
2203,0,1,0.071364164,-0.034466743,-0.0138299119032243,0.08519407,0.00725803
2204,0,1,-0.025181293,-0.0011131763,0.1275316495527199,0.15271294,0.023321243
2205,0,1,-0.15651679,0.0355711,-0.2898554154133328,0.13333863,0.01777919
2206,0,1,0.24283028,-0.10770893,0.3488483712978851,0.106018096,0.011239837
2207,0,1,-0.35343146,0.21147227,-0.3641181214926861,0.010686666,0.00011420483
2208,0,1,0.3173051,-0.14526248,0.2369203549823924,0.08038473,0.006461705
2209,0,1,-0.25519848,0.095694065,-0.1473881472860747,0.10781033,0.011623068
2210,0,1,0.10267782,-0.046488523,0.210032880543451,0.10735506,0.0115251085
2211,0,1,-0.23118615,0.06818128,-0.2303086833615277,0.0008774698,7.699532e-07
2212,0,1,0.18379998,-0.08043122,0.2561270830910955,0.07232711,0.0052312105
2213,0,1,-0.27225447,0.11541867,0.0203610200488033,0.29261547,0.085623816
2214,0,1,-0.05733204,0.008776188,0.0368739595429095,0.094206,0.00887477
2215,0,1,-0.07277274,0.013313055,-0.3068077717664965,0.23403504,0.054772403
2216,0,1,0.25974894,-0.115931034,0.2360659047264421,0.023683026,0.00056088576
2217,0,1,-0.25443816,0.09481764,-0.2644734575708027,0.010035306,0.00010070737
2218,0,1,0.21759081,-0.09577799,0.2637935969170906,0.04620278,0.0021346968
2219,0,1,-0.2790389,0.12330866,-0.2643805336125866,0.014658362,0.00021486757
2220,0,1,0.2174995,-0.09573507,0.1441809609012208,0.07331854,0.0053756083
2221,0,1,-0.17170477,0.039191484,-0.0357367975194673,0.13596797,0.01848729
2222,0,1,-0.0044546127,-0.007807255,0.0839245053094304,0.088379115,0.007810868
2223,0,1,-0.11645365,0.025412798,-0.2360104187510767,0.11955677,0.0142938215
2224,0,1,0.18942475,-0.08293629,0.2602380509737823,0.0708133,0.0050145234
2225,0,1,-0.27589393,0.11964846,-0.3352853986059818,0.05939147,0.0035273465
2226,0,1,0.28828096,-0.13020873,0.2417702093041964,0.046510756,0.0021632505
2227,0,1,-0.25951266,0.100669146,-0.3345417152276617,0.075029045,0.0056293574
2228,0,1,0.28753352,-0.12982893,0.3457348799525173,0.058201373,0.0033873997
2229,0,1,-0.3507371,0.20822477,-0.3188844128433352,0.031852692,0.001014594
2230,0,1,0.271832,-0.12191486,0.2757662224725243,0.0039342344,1.5478201e-05
2231,0,1,-0.28960848,0.1356492,-0.2867228275852818,0.0028856397,8.326916e-06
2232,0,1,0.23970914,-0.106211424,0.234239211393179,0.005469933,2.992017e-05
2233,0,1,-0.25281143,0.09294462,-0.4081631952620532,0.15535176,0.024134168
2234,0,1,0.36190128,-0.17933154,0.3625600815295851,0.00065881014,4.340308e-07
2235,0,1,-0.36527276,0.22579002,-0.3969760604676104,0.031703293,0.0010050988
2236,0,1,0.3505447,-0.16744447,0.3764090023128252,0.025864303,0.0006689622
2237,0,1,-0.37839627,0.2402811,-0.4156500677105086,0.037253797,0.0013878454
2238,0,1,0.3695116,-0.18729496,0.4612359140464956,0.09172431,0.008413348
2239,0,1,-0.46295595,0.32966018,-0.2756001638752194,0.18735579,0.035102192
2240,0,1,0.22864127,-0.10095191,0.1887731193983866,0.039868146,0.001589469
2241,0,1,-0.21208692,0.04955268,-0.3480319860789573,0.13594508,0.018481065
2242,0,1,0.30109572,-0.13678956,0.306858564874783,0.0057628453,3.3210385e-05
2243,0,1,-0.31690788,0.16780543,-0.4241035968834854,0.107195705,0.01149092
2244,0,1,0.37811494,-0.19629669,0.3567249801816334,0.021389961,0.00045753043
2245,0,1,-0.36023927,0.21969342,-0.4530579552961753,0.09281868,0.008615307
2246,0,1,0.40766335,-0.22720122,0.4592217651404517,0.051558405,0.0026582691
2247,0,1,-0.46096396,0.32752585,-0.3036194908421072,0.15734446,0.02475728
2248,0,1,0.25656366,-0.11436868,0.3672647931583497,0.110701144,0.012254743
2249,0,1,-0.36932588,0.23071027,-0.4441449896791702,0.07481912,0.0055979006
2250,0,1,0.39855433,-0.21767592,0.334272731520957,0.06428158,0.004132122
2251,0,1,-0.34079838,0.19628334,-0.2623332687372941,0.078465104,0.0061567724
2252,0,1,0.2154684,-0.09479308,0.2389801755145484,0.023511767,0.0005528032
2253,0,1,-0.2570312,0.0978055,-0.1235287885370564,0.13350242,0.017822897
2254,0,1,0.0795784,-0.037561655,0.2223327222426725,0.14275432,0.020378795
2255,0,1,-0.2421906,0.08075285,-0.035705890608114,0.2064847,0.042635933
2256,0,1,-0.0044834614,-0.0077979565,-0.1109465703271723,0.10646311,0.011334394
2257,0,1,0.06744027,-0.033002615,-0.0026112513076066,0.07005152,0.0049072155
2258,0,1,-0.035756826,0.0022056103,0.0808068866512052,0.116563715,0.0135870995
2259,0,1,-0.11357427,0.024648666,-0.0457069900689068,0.06786728,0.0046059676
2260,0,1,0.0050108433,-0.01094842,0.0201283412752557,0.015117498,0.00022853875
2261,0,1,-0.0571146,0.008710623,0.0341325027260577,0.091247104,0.008326034
2262,0,1,-0.07021356,0.012571335,-0.0034928938984877,0.066720665,0.004451647
2263,0,1,-0.03492689,0.0019478798,-0.0877733712314743,0.052846476,0.00279275
2264,0,1,0.04516816,-0.024867058,0.0647785464208534,0.019610383,0.0003845671
2265,0,1,-0.09873557,0.020634651,-0.0853463188460366,0.013389252,0.00017927207
2266,0,1,0.042841673,-0.0240345,0.0139983331190101,0.02884334,0.00083193823
2267,0,1,-0.051367044,0.006986141,-0.0347647571593503,0.016602289,0.000275636
2268,0,1,-0.0053765774,-0.007504225,0.1533077778164151,0.15868436,0.025180725
2269,0,1,-0.1800046,0.041116476,0.0755595751432229,0.25556418,0.06531305
2270,0,1,-0.10872245,0.023349762,-0.0181552202115486,0.09056723,0.008202423
2271,0,1,-0.021096468,-0.0024123192,-0.0741322258008381,0.05303576,0.0028127916
2272,0,1,0.03210759,-0.020234346,0.1325071703654718,0.10039958,0.010080077
2273,0,1,-0.16106176,0.0366683,-0.047977278391758,0.11308448,0.012788099
2274,0,1,0.0071690083,-0.011672497,0.0400637229418618,0.032894716,0.0010820624
2275,0,1,-0.07574892,0.014171839,-0.1761258285611151,0.100376904,0.010075523
2276,0,1,0.13064623,-0.057730913,0.2701785144659077,0.1395323,0.019469263
2277,0,1,-0.28467965,0.12988806,-0.2907196176015714,0.006039977,3.6481324e-05
2278,0,1,0.24369168,-0.108123064,0.3379511300563496,0.09425944,0.0088848425
2279,0,1,-0.3439908,0.2001133,-0.2754849073577108,0.06850588,0.004693056
2280,0,1,0.22852683,-0.10089779,0.308985144228564,0.08045831,0.0064735403
2281,0,1,-0.31876707,0.17001033,-0.3225593251719312,0.0037922561,1.4381207e-05
2282,0,1,0.2755134,-0.12375569,0.4397742195751388,0.1642608,0.026981613
2283,0,1,-0.44168687,0.30694747,-0.4596072932407216,0.017920434,0.00032114197
2284,0,1,0.4143641,-0.23420739,0.397718424970273,0.01664567,0.00027707833
2285,0,1,-0.39976168,0.26263356,-0.4470853377854853,0.047323674,0.0022395302
2286,0,1,0.40155792,-0.22081757,0.4348450549263276,0.033287138,0.0011080336
2287,0,1,-0.43678975,0.3017404,-0.5247363247769026,0.087946594,0.0077346032
2288,0,1,0.4813254,-0.30417085,0.5929608035342242,0.11163539,0.0124624595
2289,0,1,-0.5915606,0.47045135,-0.3691675758668129,0.22239304,0.049458664
2290,0,1,0.32240248,-0.14796281,0.3187721673893495,0.0036303103,1.3179153e-05
2291,0,1,-0.3273108,0.1801672,-0.10776165248057,0.21954915,0.04820183
2292,0,1,0.06437302,-0.031864405,0.1034998793737562,0.039126866,0.0015309117
2293,0,1,-0.13448882,0.030096054,0.0258708004298564,0.16035962,0.025715208
2294,0,1,-0.062490225,0.010306835,0.0512930583719368,0.113783285,0.0129466355
2295,0,1,-0.0862093,0.017150402,-0.0018143582121381,0.08439494,0.007122506
2296,0,1,-0.036507607,0.002439022,-0.1498728943879514,0.11336529,0.01285169
2297,0,1,0.1050899,-0.047438383,0.1365659855082328,0.03147608,0.0009907436
2298,0,1,-0.16476583,0.037553072,-0.1613996779977067,0.0033661574,1.1331016e-05
2299,0,1,0.11629486,-0.051901817,0.1262469572163311,0.009952098,9.904426e-05
2300,0,0,-0.1553421,0.03528595,0.1001713742887058,0.2555135,0.06528714
2301,0,0,-0.131428,0.02931428,0.0701893716101786,0.20161738,0.040649567
2302,0,0,-0.103750706,0.02200532,0.1414114474162286,0.24516216,0.060104486
2303,0,0,-0.16918278,0.038598776,0.1800637111429073,0.3492465,0.12197312
2304,0,0,-0.20423341,0.047302485,0.2218319185986974,0.42606533,0.18153167
2305,0,0,-0.24174333,0.0802412,0.2217821042443639,0.4635254,0.2148558
2306,0,0,-0.24169874,0.08018923,0.3829320857541347,0.6246308,0.39016366
2307,0,0,-0.3849454,0.24711704,0.2873753420109439,0.6723207,0.45201516
2308,1,0,0.29342628,0.1476376,0.1308695072830525,0.16255677,0.026424702
2309,1,0,0.13274479,0.03630829,0.1619150320977969,0.029170245,0.00085090316
2310,1,0,0.16457748,0.042894363,0.0735563489286508,0.091021135,0.008284847
2311,1,0,0.07404709,0.022850275,0.0237524784541838,0.050294608,0.0025295475
2312,1,0,0.023122787,0.0097203255,0.090356673764834,0.06723388,0.004520395
2313,1,0,0.09124303,0.026973963,0.1193461567471976,0.028103128,0.0007897858
2314,1,0,0.12093568,0.03374052,0.1069259096824613,0.014009766,0.00019627356
2315,1,0,0.10821104,0.030894756,0.0227162836034269,0.08549476,0.0073093534
2316,1,0,0.022063494,0.009432793,0.0266670233677777,0.0046035293,2.1192482e-05
2317,1,0,0.026100397,0.010527134,0.0720703970767462,0.04597,0.002113241
2318,1,0,0.072526455,0.022477627,-0.0350114405838497,0.107537895,0.011564399
2319,1,0,-0.036850214,-0.0075814724,0.0611733983170097,0.09802361,0.009608628
2320,1,0,0.061377764,0.019713402,0.0996236437233832,0.03824588,0.0014627472
2321,1,0,0.100732565,0.029185057,0.1445627831012426,0.043830216,0.0019210879
2322,1,0,0.14678216,0.03927231,0.0670023983276597,0.07977976,0.00636481
2323,1,0,0.06734085,0.021199942,0.0702910595885208,0.0029502064,8.703718e-06
2324,1,0,0.07070589,0.022031069,0.0205164762490728,0.050189413,0.0025189773
2325,1,0,0.019816399,0.008819342,0.0082778093241255,0.011538589,0.00013313904
2326,1,0,0.007316828,0.0053577423,0.0569668567324823,0.04965003,0.0024651254
2327,1,0,0.057075024,0.018628597,0.066468434027759,0.009393409,8.823613e-05
2328,1,0,0.066794395,0.021064758,0.1470994405407841,0.08030504,0.0064488994
2329,1,0,0.14938354,0.03981161,0.2099031822866401,0.060519636,0.0036626263
2330,1,0,0.21382594,0.068048954,0.1993383093073002,0.014487639,0.00020989169
2331,1,0,0.20297933,0.057271957,0.3121824706571923,0.10920313,0.011925324
2332,1,0,0.31893253,0.17332649,0.3456526983567682,0.026720166,0.0007139673
2333,1,0,0.35335827,0.20813894,0.3911356452134544,0.037777364,0.0014271293
2334,1,0,0.4000373,0.25572133,0.2679707003982581,0.13206658,0.01744158
2335,1,0,0.27347946,0.12761164,0.4292985016351096,0.15581903,0.02427957
2336,1,0,0.43791342,0.29588485,0.3564803525144744,0.08143306,0.0066313427
2337,1,0,0.36449695,0.21943831,0.3588700632937636,0.005626887,3.1661857e-05
2338,1,0,0.36695528,0.22193408,0.292836767984078,0.074118525,0.0054935557
2339,1,0,0.29904056,0.15328479,0.4806378538743336,0.18159729,0.032977577
2340,1,0,0.48892403,0.35024905,0.4759409849863196,0.012983054,0.0001685597
2341,1,0,0.48425508,0.34525967,0.5528642852651138,0.06860924,0.0047072275
2342,1,0,0.560781,0.42735004,0.4338122894328409,0.12696871,0.016121054
2343,1,0,0.44239593,0.30064964,0.5272631676016242,0.08486724,0.0072024483
2344,1,0,0.5352993,0.3999405,0.6069974653339112,0.07169819,0.00514063
2345,1,0,0.61469626,0.48558855,0.6045926263026762,0.010103643,0.0001020836
2346,1,0,0.61230016,0.4829936,0.6244663859598161,0.012166202,0.00014801648
2347,1,0,0.63210416,0.50446105,0.7776645793994623,0.14556044,0.021187842
2348,1,0,0.7848849,0.67149234,0.586726012941198,0.19815892,0.03926696
2349,1,0,0.5945015,0.46373463,0.5374555558240028,0.057045937,0.003254239
2350,1,0,0.5454428,0.41084218,0.6404678140819469,0.095025,0.009029752
2351,1,0,0.648052,0.5217812,0.8128438284267414,0.16479182,0.027156346
2352,1,0,0.8199842,0.7102022,0.8445823188332349,0.024598122,0.0006050676
2353,1,0,0.8516507,0.7452285,0.8811920977241381,0.029541373,0.00087269273
2354,1,0,0.88817525,0.7857444,0.9239563859277578,0.035781145,0.0012802903
2355,1,0,0.93083096,0.83321714,0.9146426840285636,0.016188264,0.00026205988
2356,1,0,0.92154217,0.82286525,0.9680974978503848,0.04655534,0.0021673997
2357,1,0,0.9748473,0.8823695,0.9463106900573116,0.028536618,0.00081433856
2358,1,0,0.9531245,0.8580916,0.9549912208451716,0.0018666983,3.4845625e-06
2359,1,0,0.9617801,0.8677597,0.7894651071815444,0.17231494,0.02969244
2360,1,0,0.79665756,0.6844628,0.86386662224943,0.067209065,0.0045170584
2361,1,0,0.8708904,0.7665551,0.8925000658047604,0.021609664,0.00046697757
2362,1,0,0.8994551,0.79828334,0.8599111971006463,0.039543867,0.0015637174
2363,1,0,0.8669443,0.7621789,0.831140868077981,0.035803437,0.0012818861
2364,1,0,0.83823943,0.7303834,0.7128572560066151,0.12538218,0.015720692
2365,1,0,0.7202339,0.6005137,0.6968763628117283,0.02335757,0.0005455761
2366,1,0,0.70429516,0.5830798,0.6310936077447136,0.07320154,0.005358465
2367,1,0,0.63870883,0.51163054,0.5900670094563654,0.0486418,0.0023660248
2368,1,0,0.5978296,0.4673338,0.5954395122980753,0.0023900867,5.7125144e-06
2369,1,0,0.6031816,0.4731226,0.4610615277113279,0.14212006,0.020198112
2370,1,0,0.46946597,0.32947493,0.3620978759098299,0.10736808,0.011527905
2371,1,0,0.37027645,0.22530675,0.4625004190156643,0.09222397,0.008505261
2372,1,0,0.470896,0.3310001,0.4151331784170065,0.055762827,0.0031094928
2373,1,0,0.42384982,0.28095222,0.470870032579564,0.047020197,0.002210899
2374,1,0,0.47921443,0.33987713,0.6332353797752419,0.15402097,0.023722457
2375,1,0,0.64084387,0.5139489,0.6855826689756745,0.04473883,0.0020015629
2376,1,0,0.69303226,0.57077765,0.7072362668689816,0.014204025,0.00020175433
2377,1,0,0.714628,0.5943775,0.6357577603400366,0.07887024,0.0062205144
2378,1,0,0.6433573,0.5166795,0.6886054494295437,0.04524815,0.002047395
2379,1,0,0.6960466,0.5740695,0.4955470782903517,0.2004995,0.04020005
2380,1,0,0.5037484,0.36610556,0.5270651617927582,0.023316741,0.00054367044
2381,1,0,0.5351019,0.39972854,0.4811569503606838,0.053944945,0.002910057
2382,1,0,0.4894395,0.35080028,0.4368447372948885,0.05259475,0.0027662078
2383,1,0,0.4454074,0.30385232,0.5902095300390089,0.14480215,0.020967664
2384,1,0,0.59797144,0.46748686,0.7051313900885612,0.10715997,0.0114832595
2385,1,0,0.7125282,0.5920818,0.6321798716427254,0.08034837,0.006455861
2386,1,0,0.6397922,0.51280594,0.6879509401316768,0.048158765,0.0023192666
2387,1,0,0.69539404,0.57335687,0.5702315966388078,0.12516242,0.015665632
2388,1,0,0.578074,0.44599319,0.5418866548431884,0.03618735,0.0013095244
2389,1,0,0.5498533,0.41558552,0.573377706562165,0.023524404,0.0005533976
2390,1,0,0.58120584,0.44937444,0.3156267369660486,0.2655791,0.07053226
2391,1,0,0.32247543,0.17690086,0.3564222519968818,0.033946812,0.0011523861
2392,1,0,0.36443686,0.21937752,0.4609742841995206,0.09653741,0.009319472
2393,1,0,0.46937943,0.3293829,0.40750299540943,0.061876416,0.0038286909
2394,1,0,0.41627645,0.2729211,0.515521028909506,0.099244595,0.00984949
2395,1,0,0.52361655,0.38739824,0.6108258901885,0.087209344,0.00760547
2396,1,0,0.6185117,0.48972106,0.7573180207546835,0.13880634,0.019267201
2397,1,0,0.7645855,0.64915967,0.5573392466414648,0.20724624,0.042951006
2398,1,0,0.56523657,0.43214965,0.8736819887631451,0.3084454,0.095138565
2399,1,0,0.8806827,0.7774241,0.870411003660609,0.010271728,0.0001055084
2400,1,0,0.87741923,0.7738004,0.7511449417305731,0.12627429,0.015945196
2401,1,0,0.7584274,0.6423931,0.8038577769176349,0.04543042,0.0020639233
2402,1,0,0.8110187,0.7003019,0.7756536358072732,0.035365045,0.0012506864
2403,1,0,0.78287864,0.66928315,0.8351552014241759,0.05227655,0.0027328378
2404,1,0,0.8422446,0.7348156,0.7472765478600532,0.09496808,0.009018936
2405,1,0,0.75456786,0.63815403,0.9527384969688506,0.19817066,0.03927161
2406,1,0,0.9595337,0.8652501,0.9451030433681232,0.014430642,0.00020824344
2407,1,0,0.95192003,0.8567467,0.977114334693455,0.025194287,0.0006347521
2408,1,0,0.98383665,0.8924279,0.9733946722790184,0.010441959,0.0001090345
2409,1,0,0.9801283,0.88827777,0.9726698196381024,0.0074584484,5.5628454e-05
2410,1,0,0.9794059,0.8874688,0.9145824226073324,0.06482345,0.0042020795
2411,1,0,0.92148185,0.8227985,0.8769292131966262,0.044552624,0.0019849364
2412,1,0,0.88392234,0.7810211,1.0970163955858925,0.21309412,0.045409102
2413,1,0,1.1032691,1.0266681,1.0454681295647448,0.05780101,0.0033409565
2414,1,0,1.0519485,0.9688511,1.18979093417926,0.13784242,0.019000532
2415,1,0,1.1955061,1.1310382,1.2354528349613705,0.039946795,0.0015957464
2416,1,0,1.24083,1.182518,1.1378560892808118,0.10297382,0.010603608
2417,1,0,1.1438947,1.0725679,1.0557934600500372,0.08810127,0.0077618333
2418,1,0,1.0622315,0.98041964,0.922362767139683,0.1398688,0.01956328
2419,1,0,0.9292419,0.8314457,0.987927858523968,0.05868596,0.0034440418
2420,1,0,0.99461555,0.90449715,0.9809561021186536,0.013659477,0.00018658132
2421,1,0,0.98766613,0.89671445,1.077203924744405,0.08953774,0.008017007
2422,1,0,1.0835495,1.0044293,1.1869444129972,0.103394866,0.010690498
2423,1,0,1.1926794,1.1278315,1.3201417062760652,0.12746227,0.01624663
2424,1,0,1.325417,1.2781148,1.2894176652126466,0.035999417,0.0012959581
2425,1,0,1.294323,1.2434216,1.229811685847794,0.0645113,0.0041617076
2426,1,0,1.2352343,1.1761551,1.1938920263582342,0.04134226,0.0017091823
2427,1,0,1.1995788,1.1356592,1.0855602941118012,0.11401844,0.013000205
2428,1,0,1.0918679,1.0138068,1.1680874639897518,0.07621956,0.005809421
2429,1,0,1.173945,1.1065922,1.256741825577349,0.08279693,0.006855332
2430,1,0,1.2619433,1.2065382,1.0304857508216243,0.23145759,0.053572617
2431,1,0,1.037024,0.95207405,1.1878249143177553,0.15080094,0.022740925
2432,1,0,1.1935539,1.1288228,1.185183280122207,0.008370638,7.006758e-05
2433,1,0,1.1909299,1.1258469,1.3266938921242135,0.135764,0.018431865
2434,1,0,1.332099,1.2855139,1.2683060117140506,0.063792944,0.0040695397
2435,1,0,1.273406,1.2195892,1.208280158704668,0.06512582,0.004241373
2436,1,0,1.2138653,1.151876,1.212877470591224,0.0009877682,9.756859e-07
2437,1,0,1.2184291,1.1570587,1.110730190965216,0.10769892,0.011599056
2438,1,0,1.1169147,1.0420728,1.0496806831961325,0.06723404,0.0045204163
2439,1,0,1.0561442,0.97356987,1.1749061257318716,0.1187619,0.014104389
2440,1,0,1.1807203,1.1142702,1.3246051025187424,0.14388478,0.02070283
2441,1,0,1.3299689,1.283155,1.410543816714919,0.08057487,0.0064923097
2442,1,0,1.417522,1.3802104,1.4858762329298263,0.06835425,0.0046723033
2443,1,0,1.4941163,1.4652247,1.4932723871340134,0.00084388256,7.1213776e-07
2444,1,0,1.5016274,1.4735641,1.7531486757776809,0.25152123,0.06326293
2445,1,0,1.7642565,1.7649927,1.8997056309770604,0.13544917,0.018346477
2446,1,0,1.910975,1.9270797,1.7598511449290537,0.15112388,0.022838427
2447,1,0,1.7709918,1.7724495,1.4914355664547068,0.27955627,0.07815171
2448,1,0,1.499763,1.4714937,1.502821288679815,0.0030583143,9.353286e-06
2449,1,0,1.511323,1.4843292,1.6611311235564217,0.14980817,0.022442488
2450,1,0,1.6715837,1.6622572,1.524738611725558,0.14684498,0.02156345
2451,1,0,1.5335641,1.5090275,1.394807984396332,0.13875616,0.01925327
2452,1,0,1.4015031,1.362442,1.2772463020566651,0.12425673,0.015439735
2453,1,0,1.2822652,1.2296805,1.3087080810449376,0.026442885,0.00069922616
2454,1,0,1.313757,1.265202,1.3771690129781882,0.06341207,0.0040210905
2455,1,0,1.3835402,1.3425217,1.4110306189491155,0.027490497,0.0007557274
2456,1,0,1.4180169,1.3807607,1.297776522707784,0.12024033,0.014457737
2457,1,0,1.3026052,1.2528591,1.3579675253052756,0.055362344,0.003064989
2458,1,0,1.3639774,1.3208346,1.2794231913694882,0.084554195,0.007149412
2459,1,0,1.2844224,1.2321382,1.366805536394612,0.082383156,0.0067869844
2460,1,0,1.3729825,1.3308177,1.42196388673124,0.04898143,0.0023991803
2461,1,0,1.429143,1.3931055,1.2631223778707024,0.16602063,0.027562851
2462,1,0,1.2682686,1.2137389,1.1833320291726648,0.0849365,0.007214209
2463,1,0,1.1890907,1.1237617,1.1778144759103406,0.011276245,0.0001271537
2464,1,0,1.1836104,1.1175456,1.3065411379333187,0.122930646,0.015111944
2465,1,0,1.3115463,1.2627554,1.023835127750703,0.28771114,0.0827777
2466,1,0,1.0303984,0.9446311,0.9238206004388942,0.106577754,0.011358818
2467,1,0,0.93069553,0.833066,0.980152536767284,0.049457014,0.0024459963
2468,1,0,0.9868655,0.89581776,0.862327194670963,0.1245383,0.015509789
2469,1,0,0.8693547,0.7648518,1.046973706104978,0.17761898,0.031548504
2470,1,0,1.0534482,0.9705372,0.9986029107979147,0.054845273,0.003008004
2471,1,0,1.0052552,0.91641974,0.8814318418663607,0.123823404,0.015332235
2472,1,0,0.88841367,0.78601074,1.0106635895363651,0.12224996,0.014945053
2473,1,0,1.0172749,0.92989945,1.058702045641485,0.041427135,0.0017162076
2474,1,0,1.0651283,0.98368025,1.1694706403971664,0.10434234,0.010887324
2475,1,0,1.1753201,1.1081495,0.9964923722489538,0.17882776,0.031979367
2476,1,0,1.0031519,0.9140625,0.9836480943659622,0.019503772,0.00038039713
2477,1,0,0.9903493,0.8997183,0.8042875438354189,0.18606174,0.03461897
2478,1,0,0.81144714,0.7007756,0.8308056404804538,0.019358516,0.00037475213
2479,1,0,0.83790517,0.7300124,1.0107241941241365,0.17281902,0.029866412
2480,1,0,1.0173345,0.92996764,1.0851353265059838,0.06780088,0.0045969593
2481,1,0,1.0914445,1.0133295,1.1138775772132683,0.022433043,0.0005032414
2482,1,0,1.1200457,1.0456095,1.2015469404112378,0.081501245,0.006642453
2483,1,0,1.20718,1.1442866,1.279364990022668,0.07218492,0.0052106627
2484,1,0,1.2843652,1.2320728,1.2312676907488478,0.053097486,0.002819343
2485,1,0,1.2366786,1.1777973,1.121622391130757,0.11505616,0.01323792
2486,1,0,1.1277504,1.0543146,1.0847951199948542,0.04295528,0.0018451561
2487,1,0,1.0911055,1.0129476,1.1613552444071424,0.070249796,0.0049350336
2488,1,0,1.1672559,1.0990129,1.097129964854505,0.07012594,0.004917647
2489,1,0,1.1033821,1.0267949,1.0185648717666074,0.08481729,0.007193973
2490,1,0,1.0251479,0.93873596,1.0662539921529874,0.041106105,0.0016897118
2491,1,0,1.072648,0.99214745,1.2255120195372131,0.15286398,0.023367396
2492,1,0,1.2309675,1.1713057,1.1231219161280168,0.107845664,0.011630687
2493,1,0,1.129242,1.0559993,1.2776952500064014,0.14845335,0.022038398
2494,1,0,1.2827106,1.2301869,1.1907140885096346,0.09199643,0.008463344
2495,1,0,1.1964235,1.1320786,0.9612035368116828,0.23522002,0.055328455
2496,1,0,0.9679742,0.8746824,1.032958441616635,0.0649842,0.0042229467
2497,1,0,1.0394878,0.9548421,1.0160020138480026,0.02348578,0.00055158185
2498,1,0,1.022594,0.9358697,1.0264041380230222,0.0038101673,1.4517375e-05
2499,1,0,1.0329585,0.9475069,1.0562098198228047,0.023251295,0.00054062274
2500,1,0,1.0626464,0.98088646,0.8216159418819315,0.24103045,0.05809568
2501,1,0,0.8287368,0.7198746,0.9568268588097486,0.12809008,0.016407069
2502,1,0,0.96361065,0.8698056,0.9577477924539388,0.005862832,3.43728e-05
2503,1,0,0.9645281,0.870831,1.006509125036422,0.04198098,0.0017624028
2504,1,0,1.013135,0.92525554,0.9876085582478448,0.025526404,0.00065159734
2505,1,0,0.994297,0.90413976,0.9334608151929746,0.060836196,0.0037010428
2506,1,0,0.9403105,0.84378815,0.8847443874097363,0.055566072,0.0030875884
2507,1,0,0.8917186,0.7896826,0.6703567692156338,0.22136188,0.04900108
2508,1,0,0.67784977,0.5542152,0.7182713561650091,0.040421605,0.0016339062
2509,1,0,0.7256348,0.60642576,0.7044733914154295,0.021161437,0.0004478064
2510,1,0,0.7118721,0.5913639,0.7773159756467116,0.06544387,0.0042829006
2511,1,0,0.7845371,0.6711092,0.8321114634256079,0.0475744,0.0022633236
2512,1,0,0.83920765,0.73145366,0.8836673679957658,0.0444597,0.0019766649
2513,1,0,0.8906441,0.7884884,0.7516061802751701,0.1390379,0.019331539
2514,1,0,0.7588873,0.6428983,0.8738796889474432,0.11499238,0.013223248
2515,1,0,0.8808801,0.77764225,0.7720263892054819,0.10885376,0.011849141
2516,1,0,0.7792599,0.6652994,0.7387599773294351,0.040499926,0.0016402439
2517,1,0,0.7460718,0.62882924,0.7124885370509726,0.033583283,0.0011278369
2518,1,0,0.7198663,0.6001103,0.5912327681582452,0.1286335,0.016546577
2519,1,0,0.59899044,0.46858907,0.640455082772514,0.041464627,0.0017193153
2520,1,0,0.6480396,0.5217674,0.8106309343792866,0.16259134,0.026435943
2521,1,0,0.8177762,0.70776415,0.7665839887984278,0.051192224,0.0026206437
2522,1,0,0.7738297,0.65932536,0.5136462254381278,0.26018345,0.06769543
2523,1,0,0.52175117,0.38539672,0.4478111458123681,0.07394001,0.0054671247
2524,1,0,0.45630026,0.31544566,0.3270371377261645,0.12926313,0.016708957
2525,1,0,0.33421016,0.18875623,0.5302030531154358,0.19599289,0.03841321
2526,1,0,0.5382252,0.40308285,0.5768061768867718,0.038581014,0.0014884946
2527,1,0,0.5846212,0.45306087,0.5615056693465945,0.023115516,0.00053432706
2528,1,0,0.56938434,0.43662143,0.5184777401223744,0.0509066,0.0025914817
2529,1,0,0.52655816,0.3905549,0.5030632106116739,0.023494959,0.0005520131
2530,1,0,0.5112238,0.3741114,0.361996413911636,0.14922738,0.022268811
2531,1,0,0.3701718,0.2252016,0.1828429197402648,0.18732886,0.0350921
2532,1,0,0.18604922,0.048024178,-0.0308617082192745,0.21691093,0.04705035
2533,1,0,-0.032619953,-0.006293297,-0.0287004542774416,0.003919499,1.5362473e-05
2534,1,0,-0.030415773,-0.00562644,-0.0161469830994884,0.014268789,0.00020359835
2535,1,0,-0.01761198,-0.0018079281,-0.2051125393624362,0.18750057,0.035156462
2536,1,0,-0.20961142,-0.06962776,-0.2576455754588691,0.04803416,0.0023072807
2537,1,0,-0.2626691,-0.09264588,-0.1651965448592456,0.09747255,0.0095008975
2538,1,0,-0.16919684,-0.05339122,-0.145384320700896,0.023812518,0.000567036
2539,1,0,-0.14910722,-0.045723677,-0.2257064749231987,0.076599255,0.005867446
2540,1,0,-0.23042941,-0.078425884,-0.0543963375630394,0.17603308,0.030987645
2541,1,0,-0.056604624,-0.013734579,-0.1147950793235468,0.058190458,0.0033861294
2542,1,0,-0.118050575,-0.034386158,-0.1697764409889468,0.051725864,0.002675565
2543,1,0,-0.1738379,-0.05520034,-0.0742218833689287,0.09961601,0.00992335
2544,1,0,-0.076792,-0.020264864,-0.0161099121185857,0.060682088,0.0036823158
2545,1,0,-0.017573833,-0.001796484,-0.0388597288325001,0.021285895,0.00045308933
2546,1,0,-0.040773153,-0.008785009,-0.1445272020260266,0.10375404,0.0107649015
2547,1,0,-0.14823723,-0.045397997,-0.087297572487929,0.060939655,0.0037136415
2548,1,0,-0.090096235,-0.024703026,-0.033044791382665,0.057051443,0.0032548672
2549,1,0,-0.03484559,-0.006969452,-0.0181482647735022,0.016697327,0.00027880073
2550,1,0,-0.019654274,-0.002409935,0.0187955377274406,0.03844981,0.0014783879
2551,1,0,0.018058777,0.008338213,0.2875574502876814,0.26949868,0.07262953
2552,1,0,0.2936132,0.14782572,0.2674973924572676,0.026115805,0.0006820353
2553,1,0,0.27299285,0.12712431,0.1079241564186799,0.16506869,0.027247671
2554,1,0,0.109234095,0.031126738,0.224070249971886,0.11483616,0.013187343
2555,1,0,0.22837424,0.08253026,0.2515851210043172,0.023210883,0.0005387451
2556,1,0,0.25664067,0.11074877,0.2894831820503074,0.032842517,0.0010786309
2557,1,0,0.29559302,0.14981627,0.3052781607814983,0.009685129,9.3801726e-05
2558,1,0,0.31183314,0.16616702,0.4640706776738148,0.15223753,0.023176268
2559,1,0,0.47245646,0.33266497,0.5134499949819062,0.04099351,0.001680468
2560,1,0,0.52155566,0.38518786,0.4477382372501384,0.07381743,0.0054490133
2561,1,0,0.45622802,0.31536794,0.4384253105213287,0.017802715,0.00031693667
2562,1,0,0.44697714,0.3055222,0.4744894201309524,0.027512282,0.00075692567
2563,1,0,0.4828117,0.343719,0.467798780880635,0.01501292,0.00022538776
2564,1,0,0.47616124,0.33661819,0.570681744755237,0.09452051,0.008934126
2565,1,0,0.5785215,0.4464774,0.5589878539066175,0.019533634,0.00038156286
2566,1,0,0.56687856,0.4339192,0.5662048643975819,0.0006737113,4.538869e-07
2567,1,0,0.57406425,0.44166708,0.5204897895443628,0.053574443,0.002870221
2568,1,0,0.5285597,0.39270377,0.4786614425844693,0.049898237,0.002489834
2569,1,0,0.48695898,0.34814882,0.4606248113900486,0.026334167,0.00069348834
2570,1,0,0.4690323,0.32901192,0.3941791248223416,0.07485315,0.0056029945
2571,1,0,0.40305662,0.25891733,0.5115625476935501,0.108505905,0.011773531
2572,1,0,0.51967835,0.38317418,0.627166122893644,0.1074878,0.0115536265
2573,1,0,0.63479424,0.5073812,0.6126336922626385,0.02216053,0.0004910891
2574,1,0,0.62031245,0.49167347,0.769251047583349,0.1489386,0.022182705
2575,1,0,0.7764909,0.66225195,0.8631986045112572,0.08670765,0.007518217
2576,1,0,0.87022376,0.765816,0.8396048321040737,0.030618906,0.0009375174
2577,1,0,0.84668493,0.73972964,0.8055313726058375,0.04115355,0.0016936146
2578,1,0,0.8126886,0.70214486,0.8589891467098809,0.04630053,0.002143739
2579,1,0,0.866024,0.7611582,0.8359515444180117,0.03007245,0.0009043523
2580,1,0,0.84303975,0.73569417,0.8246468507699674,0.01839292,0.00033829952
2581,1,0,0.83176064,0.72321653,0.902195201348018,0.07043457,0.0049610287
2582,1,0,0.90912676,0.80904126,0.9924000337083556,0.08327329,0.006934441
2583,1,0,0.999073,0.90949106,0.9743767771809186,0.02469623,0.00060990383
2584,1,0,0.98110723,0.8893733,0.9019063971345648,0.079200864,0.006272777
2585,1,0,0.90883803,0.80872107,0.8615762209034465,0.047261834,0.002233681
2586,1,0,0.8686049,0.76402116,0.853347658588445,0.015257239,0.00023278335
2587,1,0,0.8603959,0.7549186,0.8553293268390707,0.0050665736,2.5670168e-05
2588,1,0,0.8623729,0.7571087,0.8452556454738045,0.017117202,0.00029299862
2589,1,0,0.8523226,0.74597263,0.7018340539435717,0.1504885,0.022646787
2590,1,0,0.7092397,0.5884857,0.8143084745655345,0.10506874,0.0110394405
2591,1,0,0.82144594,0.7118161,1.0204109688688647,0.19896507,0.0395871
2592,1,0,1.0269871,0.9408002,1.0579331602789457,0.030946136,0.0009576633
2593,1,0,1.064362,0.9828181,0.9817948873327348,0.082567155,0.0068173353
2594,1,0,0.988502,0.8976507,1.0156001050816692,0.02709806,0.00073430483
2595,1,0,1.0221939,0.9354205,0.9969897952504776,0.025204122,0.0006352478
2596,1,0,1.0036473,0.9146178,0.9487287751799528,0.054918528,0.0030160446
2597,1,0,0.9555354,0.86078405,0.962650965504491,0.007115543,5.063095e-05
2598,1,0,0.9694176,0.8762965,0.946833611795395,0.022583961,0.0005100353
2599,1,0,0.9536457,0.85867333,0.9697071533623576,0.016061425,0.00025796937
2600,1,0,0.97645235,0.8841646,1.0279059090377607,0.05145359,0.002647472
2601,1,0,1.0344539,0.9491868,1.0165632585481943,0.017890573,0.00032007258
2602,1,0,1.0231533,0.9364972,0.9775631726755304,0.045590103,0.0020784575
2603,1,0,0.9842839,0.8929279,1.0795280930766755,0.09524417,0.009071452
2604,1,0,1.0858631,1.0070372,1.2645459063453752,0.1786828,0.031927545
2605,1,0,1.2696791,1.2153449,1.2030837344812482,0.066595316,0.004434936
2606,1,0,1.2087064,1.146019,1.118161872765603,0.09054446,0.008198299
2607,1,0,1.1243081,1.0504241,0.9655120107788452,0.15879607,0.025216192
2608,1,0,0.97226954,0.8794868,0.99631668114858,0.024047136,0.00057826476
2609,1,0,1.0029764,0.91386604,0.9944627432648124,0.008513689,7.24829e-05
2610,1,0,1.0011287,0.9117949,0.9198930493790604,0.08123565,0.00659923
2611,1,0,0.9267788,0.82870007,0.8302150380241988,0.09656376,0.009324559
2612,1,0,0.8373163,0.7293608,0.783312248288289,0.054004014,0.0029164334
2613,1,0,0.7905197,0.6776979,0.7295646367295023,0.060955107,0.0037155251
2614,1,0,0.7368989,0.6187687,0.8424274584476943,0.10552853,0.011136271
2615,1,0,0.8495009,0.74284744,0.8462402606947461,0.0032606125,1.0631594e-05
2616,1,0,0.85330486,0.747061,0.8729186054908236,0.019613743,0.0003846989
2617,1,0,0.8799217,0.7765777,0.6355535781880692,0.24436808,0.059715755
2618,1,0,0.6431539,0.5164585,0.6935382490531756,0.050384343,0.002538582
2619,1,0,0.70096636,0.579442,0.7336247472725428,0.0326584,0.001066571
2620,1,0,0.74094915,0.62320924,0.7810491270844588,0.04009998,0.0016080083
2621,1,0,0.78826165,0.6752107,0.7004140044514999,0.08784765,0.0077172094
2622,1,0,0.7078235,0.58693695,0.5181625650864508,0.18966097,0.035971284
2623,1,0,0.5262444,0.39021754,0.6170005201103845,0.09075612,0.008236673
2624,1,0,0.6246636,0.49639106,0.7054388527448068,0.08077526,0.006524643
2625,1,0,0.7128353,0.592417,0.5658018943931857,0.1470334,0.021618819
2626,1,0,0.57366276,0.4412341,0.6496997516837526,0.07603699,0.005781624
2627,1,0,0.6572552,0.5317879,0.742793717612793,0.085538566,0.0073168464
2628,1,0,0.7500956,0.63324547,0.66321501729557,0.086880565,0.0075482326
2629,1,0,0.6707287,0.5464561,0.6794877578893859,0.008759081,7.672151e-05
2630,1,0,0.68695474,0.5641453,0.632569148604158,0.054385602,0.0029577937
2631,1,0,0.6401794,0.5132272,0.6520153726696454,0.011835992,0.00014009072
2632,1,0,0.6595633,0.5342989,0.7249074034555725,0.065344095,0.004269851
2633,1,0,0.7322538,0.6136768,0.8107239163420026,0.07847011,0.0061575584
2634,1,0,0.81786895,0.7078655,0.605655302042118,0.21221364,0.04503463
2635,1,0,0.61335945,0.48414016,0.6215123951463508,0.008152962,6.6470784e-05
2636,1,0,0.6291597,0.5012667,0.6812095539946879,0.052049875,0.0027091894
2637,1,0,0.6886716,0.56601834,0.8739728776847175,0.1853013,0.034336574
2638,1,0,0.8809726,0.7777457,0.6400715116288334,0.24090111,0.058033347
2639,1,0,0.64765716,0.5213518,0.5856418434899111,0.062015295,0.0038458968
2640,1,0,0.5934212,0.46256924,0.4802340042556929,0.11318722,0.012811348
2641,1,0,0.4885223,0.34982014,0.6599814275648348,0.17145914,0.029398236
2642,1,0,0.66750526,0.54294515,0.66006199400318,0.007443249,5.540196e-05
2643,1,0,0.6675854,0.5430317,0.621138057138475,0.046447337,0.0021573552
2644,1,0,0.6287868,0.5008619,0.5575612002349524,0.07122558,0.0050730836
2645,1,0,0.56545734,0.4323876,0.559659840735879,0.0057975054,3.3611068e-05
2646,1,0,0.5675471,0.4346404,0.5905820710119687,0.02303499,0.00053061073
2647,1,0,0.5983424,0.46788907,0.6516768136475148,0.053334415,0.0028445597
2648,1,0,0.6592264,0.53393245,0.5705083710092249,0.08871806,0.007870894
2649,1,0,0.57834935,0.4462912,0.4805188813901373,0.097830474,0.009570802
2650,1,0,0.488806,0.35012293,0.5536230194604475,0.06481701,0.004201245
2651,1,0,0.56153584,0.4281633,0.5209679242504075,0.040567935,0.0016457574
2652,1,0,0.5290358,0.39321303,0.4986844618344923,0.03035134,0.0009212039
2653,1,0,0.5068686,0.36944628,0.4175152777484086,0.08935332,0.007984016
2654,1,0,0.42621517,0.28346157,0.4220496904534543,0.0041654706,1.7351145e-05
2655,1,0,0.43071604,0.28823996,0.3483316522377619,0.08238438,0.0067871856
2656,1,0,0.35611367,0.21093297,0.3523369963044431,0.0037766695,1.42632325e-05
2657,1,0,0.3602345,0.21511269,0.1781400718401409,0.18209442,0.03315838
2658,1,0,0.18122292,0.04679966,0.1212719320304005,0.059950985,0.0035941205
2659,1,0,0.12290883,0.03417349,0.2050364645283799,0.08212763,0.0067449478
2660,1,0,0.20882964,0.063082695,0.3173270763157823,0.10849744,0.011771695
2661,1,0,0.32422376,0.17866635,0.3510942055330268,0.02687046,0.00072202156
2662,1,0,0.35895586,0.21381521,0.1590285634054185,0.1999273,0.039970927
2663,1,0,0.16161656,0.042301893,0.1113298085348044,0.050286755,0.0025287578
2664,1,0,0.1127224,0.031913042,0.0283543038103704,0.084368095,0.0071179755
2665,1,0,0.027824402,0.0109910965,0.0815932045251726,0.053768806,0.0028910844
2666,1,0,0.08227205,0.024842262,0.1134759071005966,0.031203851,0.00097368035
2667,1,0,0.11492109,0.032405376,-0.0326391166717905,0.14756021,0.021774014
2668,1,0,-0.034431696,-0.0068438053,-0.0085454243483598,0.025886271,0.00067009905
2669,1,0,-0.009856224,0.00046014786,-0.0644491308224166,0.054592907,0.0029803854
2670,1,0,-0.066842794,-0.017016172,-0.1415109982899842,0.0746682,0.00557534
2671,1,0,-0.14517689,-0.04425502,-0.1884499797341208,0.04327309,0.0018725605
2672,1,0,-0.19275069,-0.0627203,-0.1258765254037865,0.06687416,0.0044721533
2673,1,0,-0.12930655,-0.038424253,-0.1374409061250707,0.00813435,6.616765e-05
2674,1,0,-0.14104676,-0.042721987,-0.105441209321027,0.03560555,0.0012677552
2675,1,0,-0.10854554,-0.031039238,-0.269398674375449,0.16085315,0.025873736
2676,1,0,-0.2746594,-0.09805751,-0.3508853430358125,0.07622594,0.0058103935
2677,1,0,-0.3582554,-0.13827825,-0.3327344882897165,0.025520891,0.0006513159
2678,1,0,-0.3396659,-0.12890601,-0.4242219167015233,0.08455601,0.007149719
2679,1,0,-0.4331727,-0.19642329,-0.5227774803239837,0.089604795,0.008029019
2680,1,0,-0.5333159,-0.3020594,-0.9200025184639302,0.38668662,0.14952655
2681,1,0,-0.9284997,-0.7379725,-0.8919719148864806,0.036527812,0.001334281
2682,1,0,-0.9010341,-0.7068143,-0.9908863700177748,0.08985227,0.008073431
2683,1,0,-0.9977834,-0.81694174,-1.0246089083252126,0.026825428,0.0007196036
2684,1,0,-1.0306525,-0.8545852,-0.9993062460704824,0.03134626,0.0009825882
2685,1,0,-1.0059958,-0.82633615,-1.0103804409457449,0.004384637,1.922504e-05
2686,1,0,-1.0167916,-0.8386967,-1.0127983215204668,0.003993273,1.5946227e-05
2687,1,0,-1.0191474,-0.8413961,-1.1212786178542578,0.10213125,0.010430791
2688,1,0,-1.1245137,-0.962687,-1.0803846844752647,0.044129014,0.0019473699
2689,1,0,-1.0848756,-0.9169283,-0.9630556540029028,0.12181991,0.014840092
2690,1,0,-0.9706116,-0.7859082,-0.8963985918547532,0.07421297,0.0055075646
2691,1,0,-0.90537477,-0.7117317,-0.89187251973607,0.01350224,0.00018231048
2692,1,0,-0.90093684,-0.7067032,-0.774749548703126,0.12618726,0.015923226
2693,1,0,-0.78580403,-0.5770433,-0.8242654632871456,0.038461447,0.0014792829
2694,1,0,-0.83454704,-0.6317456,-0.755752511860909,0.07879454,0.0062085795
2695,1,0,-0.7670796,-0.5561054,-0.8805412140680837,0.11346161,0.012873538
2696,1,0,-0.8898237,-0.6941204,-0.9643837780421056,0.074560106,0.0055592093
2697,1,0,-0.9719093,-0.7873888,-0.8511436985641181,0.12076557,0.014584322
2698,1,0,-0.8609648,-0.66151094,-0.7966753725475146,0.06428939,0.0041331258
2699,1,0,-0.8073995,-0.6012428,-0.6752704583544524,0.13212907,0.017458092
2700,1,0,-0.6868763,-0.46774006,-0.6753915824306245,0.011484742,0.0001318993
2701,1,0,-0.6869974,-0.4678731,-0.53225252351502,0.15474486,0.023945972
2702,1,0,-0.5429082,-0.31227827,-0.4806467831005041,0.062261403,0.0038764824
2703,1,0,-0.49058604,-0.25675106,-0.5796733931044451,0.08908737,0.007936559
2704,1,0,-0.5908184,-0.36358094,-0.5598012317567718,0.031017184,0.0009620657
2705,1,0,-0.57076144,-0.3420515,-0.6419020904330766,0.07114065,0.0050609917
2706,1,0,-0.65342975,-0.43127775,-0.6895820934459738,0.036152363,0.0013069933
2707,1,0,-0.70119214,-0.48341107,-0.8216368885858798,0.120444775,0.0145069435
2708,1,0,-0.8319621,-0.62883687,-0.742152905047277,0.08980918,0.008065688
2709,1,0,-0.7536299,-0.5411341,-0.7128807072766778,0.040749192,0.0016604967
2710,1,0,-0.7244613,-0.5089636,-0.7497558032966722,0.025294483,0.00063981087
2711,1,0,-0.7611654,-0.54950213,-0.6140435541020959,0.14712185,0.021644838
2712,1,0,-0.62543726,-0.40092063,-0.7237142857364334,0.09827703,0.009658375
2713,1,0,-0.73526525,-0.52086043,-0.666269819245735,0.068995416,0.0047603673
2714,1,0,-0.6778636,-0.45789504,-0.6000718025557794,0.07779181,0.0060515655
2715,1,0,-0.6113756,-0.3857267,-0.5449511679256189,0.06642443,0.004412205
2716,1,0,-0.5557537,-0.3259914,-0.5457611243154736,0.0099925995,9.985204e-05
2717,1,0,-0.5565729,-0.3268659,-0.5060266117894079,0.05054629,0.0025549273
2718,1,0,-0.51634145,-0.28401852,-0.4605820353198369,0.0557594,0.0031091108
2719,1,0,-0.47019362,-0.23525095,-0.3380518822690619,0.13214174,0.01746144
2720,1,0,-0.34511352,-0.13162684,-0.1957271573110315,0.14938636,0.022316284
2721,1,0,-0.20011616,-0.06571412,-0.195361758882492,0.0047543943,2.2604265e-05
2722,1,0,-0.19974637,-0.06556296,-0.1167264697749081,0.0830199,0.0068923035
2723,1,0,-0.12001324,-0.035084248,-0.0933448443653626,0.026668392,0.00071120315
2724,1,0,-0.09624696,-0.026792288,-0.0665509465299036,0.02969601,0.000881853
2725,1,0,-0.06898308,-0.01770997,-0.0619507137058286,0.0070323646,4.9454153e-05
2726,1,0,-0.06429887,-0.016194344,0.0048918370451302,0.0691907,0.0047873533
2727,1,0,0.0038597584,0.0043854713,-0.1513525477691613,0.15521231,0.024090862
2728,1,0,-0.15516019,-0.048006296,-0.076504850254091,0.07865534,0.0061866627
2729,1,0,-0.07911515,-0.021032333,-0.2067908045198412,0.12767565,0.016301073
2730,1,0,-0.21130896,-0.070334196,-0.1166895509332124,0.09461941,0.008952833
2731,1,0,-0.11997509,-0.035071373,0.0052761696330345,0.12525126,0.01568788
2732,1,0,0.0042521954,0.004496336,0.0962648652145592,0.092012666,0.00846633
2733,1,0,0.0972929,0.028388977,0.1315346692312347,0.034241766,0.0011724986
2734,1,0,0.13342595,0.036453962,0.1525708168982831,0.019144863,0.00036652578
2735,1,0,0.15499306,0.040962458,0.165538911689635,0.01054585,0.00011121495
2736,1,0,0.16829443,0.043631315,0.2437764520334386,0.075482026,0.0056975363
2737,1,0,0.24861717,0.10272813,0.4076382022051743,0.15902102,0.025287684
2738,1,0,0.4164114,0.27306294,0.5048478933148695,0.088436484,0.007821011
2739,1,0,0.51299906,0.37601447,0.4211196134549735,0.09187946,0.008441835
2740,1,0,0.42979264,0.28725958,0.416186049370701,0.013606608,0.00018513978
2741,1,0,0.4248953,0.2820611,0.3192427200893162,0.10565257,0.011162465
2742,1,0,0.32619357,0.180655,0.4378142478491309,0.111620665,0.012459173
2743,1,0,0.44637036,0.30487633,0.3380904795707442,0.108279884,0.0117245335
2744,1,0,0.34557915,0.20025802,0.3076582846580673,0.037920862,0.0014379919
2745,1,0,0.3142805,0.16863465,0.1266989336852484,0.18758157,0.035186846
2746,1,0,0.12847018,0.0353868,0.2137931560992005,0.085322976,0.0072800103
2747,1,0,0.21782064,0.07202244,0.2584078632984967,0.040587217,0.0016473222
2748,1,0,0.26365137,0.11776495,0.0667602327503931,0.19689113,0.038766116
2749,1,0,0.067092896,0.021138668,0.090619450865701,0.023526557,0.00055349886
2750,1,0,0.09151268,0.027038097,0.0587972968360603,0.032715384,0.0010702964
2751,1,0,0.058947086,0.01910162,0.0839319974839662,0.024984911,0.0006242458
2752,1,0,0.08466601,0.025414705,0.0093591879658352,0.075306825,0.005671118
2753,1,0,0.008420944,0.005666733,0.0654038937490977,0.05698295,0.0032470566
2754,1,0,0.0657053,0.020793915,0.0539135617112522,0.011791736,0.00013904503
2755,1,0,0.053952456,0.017834663,0.2282348772119493,0.17428242,0.030374361
2756,1,0,0.23265266,0.086793184,0.3131059759495573,0.08045331,0.0064727347
2757,1,0,0.31988287,0.17428446,0.3580618119805616,0.03817895,0.0014576323
2758,1,0,0.36612368,0.22108984,0.2450367802285087,0.121086895,0.014662037
2759,1,0,0.24991226,0.10402131,0.3699398724445273,0.1200276,0.014406625
2760,1,0,0.3783443,0.23350835,0.461015937195623,0.08267164,0.0068346006
2761,1,0,0.4694209,0.329427,0.457301953611505,0.012118965,0.00014686932
2762,1,0,0.4657297,0.32549167,0.303014528520257,0.1627152,0.026476236
2763,1,0,0.3095057,0.16382098,0.2884425033642102,0.021063209,0.00044365876
2764,1,0,0.29452324,0.14874125,0.3678321939086593,0.073308945,0.0053742016
2765,1,0,0.37617564,0.23130298,0.3526581946757066,0.02351746,0.0005530709
2766,1,0,0.3605647,0.21544719,0.2939319880186475,0.06663272,0.0044399193
2767,1,0,0.30016637,0.15441775,0.5117168409521002,0.21155047,0.044753604
2768,1,0,0.5198319,0.3833387,0.5844494233164985,0.064617515,0.004175423
2769,1,0,0.59223413,0.4612856,0.5569856632517576,0.03524846,0.0012424538
2770,1,0,0.56488466,0.43177056,0.5570138531315285,0.007870793,6.194939e-05
2771,1,0,0.56491303,0.43180084,0.7224246450138767,0.15751159,0.0248099
2772,1,0,0.72977734,0.61096287,0.7887930685643356,0.05901575,0.0034828589
2773,1,0,0.79598784,0.68372416,0.5232549337626842,0.2727329,0.074383244
2774,1,0,0.53131104,0.39565682,0.4629956656398946,0.06831536,0.004666988
2775,1,0,0.47138762,0.3315251,0.2726633527163442,0.19872427,0.039491337
2776,1,0,0.27830243,0.13244867,0.0334449570181165,0.24485748,0.059955183
2777,1,0,0.033026934,0.012383461,-0.0449839293192289,0.078010865,0.006085695
2778,1,0,-0.04701495,-0.0107188225,0.0140347857964142,0.061049737,0.0037270703
2779,1,0,0.01319623,0.00699687,0.0241207334542394,0.010924503,0.00011934477
2780,1,0,0.023498774,0.009822607,-0.084728603021801,0.10822738,0.011713166
2781,1,0,-0.08748317,-0.023822784,-0.1529720623527652,0.06548889,0.0042887945
2782,1,0,-0.15680313,-0.048630476,-0.2338712222147414,0.07706809,0.0059394906
2783,1,0,-0.23867631,-0.08199358,-0.2493115346814605,0.010635227,0.00011310805
2784,1,0,-0.25426197,-0.08886695,-0.1697780187132753,0.08448395,0.007137538
2785,1,0,-0.17383957,-0.05520034,-0.3210627969235813,0.14722323,0.021674681
2786,1,0,-0.32770228,-0.12300491,-0.3628616680011718,0.03515938,0.0012361819
2787,1,0,-0.3705125,-0.14459491,-0.3789576368248788,0.008445144,7.132045e-05
2788,1,0,-0.386971,-0.15324903,-0.1676264057109913,0.21934459,0.048112046
2789,1,0,-0.17165947,-0.054349422,-0.1148785071354314,0.056780964,0.0032240779
2790,1,0,-0.11813569,-0.034416914,-0.2572616820639339,0.139126,0.019356044
2791,1,0,-0.26228213,-0.092470884,-0.1448854680434808,0.11739667,0.013781978
2792,1,0,-0.14860058,-0.04553461,-0.0063631814786924,0.1422374,0.020231476
2793,1,0,-0.0076286793,0.001103878,0.2066020650996454,0.21423075,0.045894813
2794,1,0,0.2104373,0.0646801,0.3162543669781872,0.10581708,0.011197254
2795,1,0,0.32312036,0.17755175,0.4716111826933287,0.14849082,0.022049522
2796,1,0,0.4799509,0.34066343,0.3151171354287312,0.16483378,0.027170176
2797,1,0,0.32195044,0.17637181,0.3100574354231011,0.011893004,0.00014144355
2798,1,0,0.31674767,0.17112231,0.1425544011093147,0.17419326,0.030343292
2799,1,0,0.14472318,0.03884387,0.2150595202003495,0.07033634,0.004947201
2800,1,0,0.21912122,0.0733161,0.1004147772721713,0.11870644,0.01409122
2801,1,0,0.10154247,0.0293715,0.1835611596292108,0.08201869,0.0067270654
2802,1,0,0.1867857,0.048210382,0.1577892752069742,0.028996423,0.00084079255
2803,1,0,0.16034532,0.042046785,0.4415744135105992,0.2812291,0.07908981
2804,1,0,0.45010567,0.3088503,0.3333031086379732,0.11680257,0.013642841
2805,1,0,0.3406546,0.19527411,0.4828554133330951,0.1422008,0.020221068
2806,1,0,0.4911282,0.35260534,0.3286949647204213,0.16243324,0.026384557
2807,1,0,0.3359151,0.19047928,0.4052015263145501,0.069286436,0.0048006102
2808,1,0,0.41399312,0.27050042,0.4040721886358782,0.009920925,9.842475e-05
2809,1,0,0.41287208,0.26931286,0.3802469934055672,0.03262508,0.0010643958
2810,1,0,0.38894963,0.2443018,0.35001088615549,0.03893876,0.0015162271
2811,1,0,0.357841,0.21268463,0.211920148410865,0.14592087,0.0212929
2812,1,0,0.21589708,0.07010937,0.1483708247059074,0.067526266,0.004559797
2813,1,0,0.15068626,0.04008007,0.1955547170369445,0.044868454,0.0020131783
2814,1,0,0.19909573,0.053417444,0.0777440502285706,0.121351674,0.014726229
2815,1,0,0.078332186,0.023892403,-0.0088421192069976,0.087174304,0.0075993594
2816,1,0,-0.010159016,0.00037193298,-0.032479170861877,0.022320155,0.0004981893
2817,1,0,-0.034268856,-0.006793499,-0.0468654969676527,0.012596641,0.00015867536
2818,1,0,-0.048932314,-0.0113174915,0.0384321561174374,0.087364465,0.00763255
2819,1,0,0.038124084,0.01373291,-0.1625856284491118,0.20070972,0.04028439
2820,1,0,-0.1665504,-0.052366257,-0.2699011938523514,0.10335079,0.010681385
2821,1,0,-0.2751758,-0.09829068,-0.3198542852647903,0.04467848,0.0019961665
2822,1,0,-0.32646275,-0.12239957,-0.2401361174680274,0.08632663,0.007452287
2823,1,0,-0.2450018,-0.08476305,-0.2474410385440713,0.0024392456,5.949919e-06
2824,1,0,-0.25237465,-0.08802581,-0.2343383333873969,0.01803632,0.00032530888
2825,1,0,-0.23914814,-0.08219957,-0.2666455441684818,0.02749741,0.0007561076
2826,1,0,-0.27182913,-0.09678173,-0.2019979201309247,0.06983121,0.0048763976
2827,1,0,-0.20646095,-0.068323135,-0.3371871113504201,0.13072616,0.017089328
2828,1,0,-0.34422827,-0.13118291,-0.4629672249322492,0.11873895,0.014098938
2829,1,0,-0.47261906,-0.2378037,-0.550385408994436,0.07776636,0.0060476065
2830,1,0,-0.5612478,-0.3318658,-0.6153356239773458,0.054087818,0.0029254921
2831,1,0,-0.6267376,-0.40232706,-0.4778272933163787,0.14891031,0.022174282
2832,1,0,-0.4877224,-0.25372624,-0.5453266069860292,0.057604194,0.0033182432
2833,1,0,-0.55613375,-0.32639647,-0.406235298543423,0.14989844,0.022469543
2834,1,0,-0.41482902,-0.17728186,-0.3488369482624764,0.06599206,0.0043549514
2835,1,0,-0.35615873,-0.13720846,-0.1676979551637201,0.18846078,0.035517465
2836,1,0,-0.17173195,-0.054377556,-0.2349442288852592,0.063212276,0.0039957915
2837,1,0,-0.23975992,-0.082466364,-0.4735482408658003,0.23378831,0.054656975
2838,1,0,-0.48337483,-0.24913836,-0.2979565851506067,0.18541825,0.034379926
2839,1,0,-0.3039961,-0.11161232,-0.0657446393313549,0.23825145,0.056763753
2840,1,0,-0.068161726,-0.017442942,-0.1585091820886881,0.090347454,0.008162662
2841,1,0,-0.16241813,-0.050774574,-0.1759102788065374,0.013492152,0.00018203817
2842,1,0,-0.18005276,-0.05764532,-0.1058238034966989,0.07422896,0.005509938
2843,1,0,-0.10893464,-0.031175137,-0.2069864000918704,0.09805176,0.009614147
2844,1,0,-0.2115066,-0.07041645,-0.3281266558407565,0.116620064,0.0136002395
2845,1,0,-0.334944,-0.12656522,-0.2672674192967852,0.067676604,0.004580123
2846,1,0,-0.2724681,-0.097069025,-0.4432929442054254,0.17082486,0.029181132
2847,1,0,-0.45260096,-0.21676612,-0.3106838097990905,0.14191714,0.020140475
2848,1,0,-0.3170576,-0.11784053,-0.1491556816517643,0.16790193,0.02819106
2849,1,0,-0.15293288,-0.0471642,-0.2225085243729836,0.06957564,0.0048407693
2850,1,0,-0.2271986,-0.077040195,-0.2457600447390939,0.018561438,0.00034452698
2851,1,0,-0.25067854,-0.08727121,-0.2146462454566386,0.03603229,0.0012983258
2852,1,0,-0.21925235,-0.07366443,-0.1758251583993892,0.043427184,0.0018859203
2853,1,0,-0.17996669,-0.05761051,-0.3724347407721087,0.19246805,0.037043948
2854,1,0,-0.38030243,-0.149719,-0.1356744814956245,0.24462795,0.059842836
2855,1,0,-0.13925362,-0.042060137,-0.0631067383709336,0.07614688,0.0057983473
2856,1,0,-0.06547594,-0.016574621,-0.0988426997685127,0.033366762,0.0011133408
2857,1,0,-0.101837635,-0.028710604,-0.0958368254331962,0.0060008094,3.6009715e-05
2858,1,0,-0.098781586,-0.027659416,-0.0263728085317724,0.07240878,0.0052430313
2859,1,0,-0.028042555,-0.0049111843,-0.0036666170543755,0.024375938,0.00059418636
2860,1,0,-0.004876375,0.0018970966,-0.0248672868606725,0.019990912,0.00039963654
2861,1,0,-0.0265069,-0.0044505596,-0.0915676237758886,0.06506072,0.0042328974
2862,1,0,-0.09443951,-0.026175499,-0.1867639488657966,0.092324436,0.008523801
2863,1,0,-0.19104409,-0.062031984,-0.072114604744379,0.11892949,0.014144224
2864,1,0,-0.07464695,-0.019559383,0.0779086781885358,0.15255563,0.02327322
2865,1,0,0.07850146,0.023932695,0.0777545286295096,0.0007469356,5.579128e-07
2866,1,0,0.07834315,0.023894787,0.2008374146887095,0.122494265,0.015004845
2867,1,0,0.20451832,0.05880022,0.203310740026636,0.0012075752,1.4582379e-06
2868,1,0,0.20705771,0.061322212,-0.0113593188966802,0.21841703,0.047706
2869,1,0,-0.012727737,-0.0003759861,0.1275879269881454,0.14031567,0.019688487
2870,1,0,0.12938166,0.035583735,0.1396200824899214,0.010238424,0.000104825325
2871,1,0,0.14171481,0.03821349,0.1145414422914301,0.02717337,0.00073839206
2872,1,0,0.116012335,0.032648563,0.2423906014618335,0.12637827,0.015971467
2873,1,0,0.2471931,0.10130525,0.2280444974453632,0.019148603,0.000366669
2874,1,0,0.23245668,0.0865984,0.2322786749761562,0.00017800927,3.16873e-08
2875,1,0,0.23680544,0.09093571,0.0664973153661221,0.17030811,0.029004853
2876,1,0,0.0668242,0.02107215,-0.1211910827691937,0.18801528,0.035349745
2877,1,0,-0.1245482,-0.0367074,-0.0635089015390475,0.0610393,0.003725796
2878,1,0,-0.065885305,-0.016706228,-0.0091984958301742,0.05668681,0.0032133947
2879,1,0,-0.010522842,0.00026607513,0.0264325152891311,0.036955357,0.0013656984
2880,1,0,0.025860786,0.010461807,-0.1198437459717545,0.14570454,0.021229813
2881,1,0,-0.123179436,-0.03621626,-0.2078795878789452,0.08470015,0.0071741156
2882,1,0,-0.21240997,-0.07079363,-0.3529532436235634,0.14054328,0.019752415
2883,1,0,-0.3603723,-0.13936186,-0.4109035854730591,0.050531268,0.002553409
2884,1,0,-0.41959143,-0.18224502,-0.3803598262974921,0.0392316,0.0015391184
2885,1,0,-0.38840437,-0.15401196,-0.2388044888208429,0.14959988,0.022380125
2886,1,0,-0.24365783,-0.08417201,-0.2446297406320474,0.00097191334,9.446155e-07
2887,1,0,-0.2495377,-0.08676529,-0.2931443130773803,0.04360661,0.0019015364
2888,1,0,-0.29905558,-0.10928798,-0.30980904793193,0.010753483,0.00011563739
2889,1,0,-0.31615973,-0.11740875,-0.3367434614604119,0.020583749,0.0004236907
2890,1,0,-0.34377313,-0.13095546,-0.2283478398317995,0.11542529,0.013322997
2891,1,0,-0.23309779,-0.07957506,-0.1043915021572305,0.12870629,0.01656531
2892,1,0,-0.10747838,-0.030666828,0.0127531686503279,0.12023155,0.014455625
2893,1,0,0.011887312,0.00663352,-0.009436243356951,0.021323554,0.00045469397
2894,1,0,-0.010765076,0.00019574165,0.1422435876769583,0.15300867,0.023411652
2895,1,0,0.14440417,0.03877735,0.2022477655029586,0.057843596,0.0033458816
2896,1,0,0.205966,0.060238123,0.1435284866644899,0.062437505,0.003898442
2897,1,0,0.14572144,0.039052248,0.1558459387119373,0.010124505,0.00010250559
2898,1,0,0.15835261,0.041644573,0.3508992192196039,0.1925466,0.037074197
2899,1,0,0.3587551,0.21361208,0.468388475574268,0.10963336,0.012019473
2900,1,0,0.4767475,0.3372438,0.5012231508482676,0.024475634,0.00059905666
2901,1,0,0.50939345,0.37215042,0.6731397559639278,0.1637463,0.02681285
2902,1,0,0.6806245,0.55724025,0.7825119120636996,0.101887405,0.010381043
2903,1,0,0.789721,0.67681813,0.8317646228451796,0.042043626,0.0017676665
2904,1,0,0.8388622,0.7310717,0.8889934346612223,0.05013126,0.0025131435
2905,1,0,0.89595747,0.7943928,1.0676455391862034,0.17168808,0.029476797
2906,1,0,1.0740337,0.99370813,0.940692649071726,0.13334107,0.017779842
2907,1,0,0.94752216,0.85183644,0.9507637723029244,0.0032415986,1.0507962e-05
2908,1,0,0.95756483,0.86305094,0.9654266583660038,0.007861853,6.180873e-05
2909,1,0,0.9721842,0.8793905,1.2082481600849353,0.23606396,0.055726193
2910,1,0,1.2138333,1.1518397,1.397032784016567,0.1831994,0.033562023
2911,1,0,1.4037676,1.364954,1.4616955496654025,0.057927966,0.0033556493
2912,1,0,1.4695482,1.4379482,1.373915480457351,0.09563279,0.0091456305
2913,1,0,1.3802257,1.3388467,1.371724995671188,0.008500695,7.226182e-05
2914,1,0,1.3779936,1.3363724,1.1542329555654036,0.2237606,0.050068807
2915,1,0,1.1601758,1.0909953,1.185122011985284,0.024946213,0.0006223135
2916,1,0,1.1908689,1.1257772,1.066341317634096,0.12452757,0.015507117
2917,1,0,1.0727348,0.99224424,1.052136515117144,0.020598292,0.00042428964
2918,1,0,1.0585899,0.9763222,1.1173569029076256,0.05876696,0.0034535557
2919,1,0,1.123507,1.04952,0.9186142077987528,0.20489281,0.041981064
2920,1,0,0.92550325,0.8272784,0.9377921984717924,0.012288928,0.00015101775
2921,1,0,0.94462967,0.8486078,0.5918382860998093,0.35279137,0.12446175
2922,1,0,0.59959364,0.46924162,0.4193252261198195,0.1802684,0.0324967
2923,1,0,0.42801166,0.28536892,0.5348992971246411,0.10688764,0.011424967
2924,1,0,0.5428982,0.4081061,0.4760520749355215,0.0668461,0.0044684014
2925,1,0,0.484365,0.34537816,0.6417724420655424,0.15740746,0.024777109
2926,1,0,0.6493523,0.5231943,0.5354163473731743,0.11393595,0.0129814
2927,1,0,0.54341316,0.40865922,0.5523025017573548,0.0088893175,7.901996e-05
2928,1,0,0.5602219,0.4267478,0.4850879416559963,0.07513398,0.005645115
2929,1,0,0.49334812,0.35497856,0.443479632431647,0.049868494,0.0024868667
2930,1,0,0.45199776,0.31086397,0.5006156869446916,0.04861796,0.002363706
2931,1,0,0.50878954,0.37150383,0.5596262107626946,0.050836682,0.0025843682
2932,1,0,0.5675132,0.43460345,0.7070193056474952,0.1395061,0.019461952
2933,1,0,0.71441126,0.59414124,0.5925463934215602,0.121864855,0.014851043
2934,1,0,0.60029936,0.4700048,0.3618907580554382,0.2384086,0.056838658
2935,1,0,0.37006283,0.2250905,0.135208622770393,0.2348542,0.0551565
2936,1,0,0.13719273,0.03725791,-0.0900142721341881,0.227207,0.051623024
2937,1,0,-0.09285998,-0.025639057,0.0442776515370888,0.13713764,0.018806731
2938,1,0,0.04409933,0.015297174,-0.0266755354755066,0.07077487,0.005009082
2939,1,0,-0.028351068,-0.0050041676,-0.0614261000203844,0.03307503,0.0010939577
2940,1,0,-0.06376433,-0.01602292,-0.1618605022648318,0.09809616,0.009622857
2941,1,0,-0.16581559,-0.05208206,-0.1328397643647121,0.032975823,0.0010874049
2942,1,0,-0.13637614,-0.041001797,-0.1521066342840167,0.015730485,0.00024744816
2943,1,0,-0.15592551,-0.04829669,-0.1450676232601648,0.010857895,0.000117893884
2944,1,0,-0.14878583,-0.045603752,0.0616418607758695,0.21042769,0.04427981
2945,1,0,0.061856985,0.019833565,0.1134181240902427,0.05156114,0.002658551
2946,1,0,0.11486125,0.032392263,0.1646032257589684,0.04974197,0.0024742635
2947,1,0,0.1673348,0.04344201,0.0396204382847176,0.12771437,0.01631096
2948,1,0,0.03933835,0.014052868,-0.0258139523340643,0.0651523,0.0042448225
2949,1,0,-0.027472258,-0.00474,0.0922189694936901,0.11969123,0.01432599
2950,1,0,0.09315014,0.027421951,-0.1408546907274908,0.23400483,0.05475826
2951,1,0,-0.14451075,-0.044006824,-0.0048144533832443,0.1396963,0.019515056
2952,1,0,-0.006048918,0.0015609264,-0.0788023146601264,0.0727534,0.0052930573
2953,1,0,-0.08145356,-0.021807909,0.0138400852154481,0.09529365,0.009080879
2954,1,0,0.012996912,0.0069413185,-0.0252860442862337,0.038282957,0.0014655847
2955,1,0,-0.026934385,-0.004578352,-0.0366596058060055,0.0097252205,9.457991e-05
2956,1,0,-0.038530827,-0.008096218,0.0912432149081197,0.12977403,0.0168413
2957,1,0,0.0921514,0.027187824,0.0920138378919248,0.00013756752,1.8924823e-08
2958,1,0,0.092939615,0.027373314,-0.0681833155428619,0.16112293,0.0259606
2959,1,0,-0.07064462,-0.018250465,0.0283855788106577,0.0990302,0.009806979
2960,1,0,0.027855635,0.010999918,0.2541082347530303,0.22625259,0.05119023
2961,1,0,0.259233,0.11334252,0.1069355424480944,0.15229745,0.023194514
2962,1,0,0.108220816,0.030897379,-0.0374695098841821,0.14569032,0.02122567
2963,1,0,-0.03935623,-0.008349419,-0.0741682347391692,0.034812003,0.0012118756
2964,1,0,-0.076737165,-0.020246744,0.1364725376444693,0.2132097,0.045458376
2965,1,0,0.13848805,0.037533283,0.048085968810454,0.09040208,0.008172536
2966,1,0,0.047993183,0.016306639,0.1469817512927664,0.09898856,0.009798735
2967,1,0,0.14926219,0.0397861,0.1831287017772442,0.03386651,0.0011469405
2968,1,0,0.18634224,0.048098564,0.2220379502246734,0.035695717,0.0012741842
2969,1,0,0.22628713,0.08045101,0.1207755281052982,0.1055116,0.011132698
2970,1,0,0.12240052,0.034062147,0.1456040781409386,0.023203552,0.0005384048
2971,1,0,0.1478498,0.039494514,0.2494379410565721,0.101588145,0.010320151
2972,1,0,0.25443435,0.10854173,0.2279032859293264,0.026531056,0.0007038969
2973,1,0,0.23231196,0.086453676,0.1546735164837662,0.07763845,0.0060277283
2974,1,0,0.15715003,0.041401148,0.1433646052309964,0.013785422,0.00019003786
2975,1,0,0.14555335,0.0390172,0.1217674696193782,0.023785882,0.00056576816
2976,1,0,0.12341666,0.034285545,0.2257598109091705,0.10234314,0.010474118
2977,1,0,0.23010993,0.08425975,0.1086790053928825,0.121430926,0.01474547
2978,1,0,0.11000681,0.0313015,0.1942867251882876,0.08427991,0.007103103
2979,1,0,0.1977942,0.05212617,0.1667512038154366,0.031042993,0.0009636674
2980,1,0,0.16953826,0.04387641,0.1158965593552991,0.0536417,0.002877432
2981,1,0,0.117400885,0.032957792,0.0747680400956007,0.042632848,0.0018175597
2982,1,0,0.07528734,0.023153067,0.0810370297637215,0.0057496876,3.3058906e-05
2983,1,0,0.08170247,0.024705172,0.0368887059731664,0.044813763,0.0020082735
2984,1,0,0.03654623,0.013317347,0.1166039967061851,0.08005777,0.0064092465
2985,1,0,0.11812544,0.033118963,0.0477302576720397,0.07039519,0.004955482
2986,1,0,0.047629356,0.016213179,0.0846340960453213,0.03700474,0.0013693507
2987,1,0,0.08538532,0.025586843,0.1551267690364555,0.06974144,0.004863869
2988,1,0,0.15761518,0.041494608,0.2279050543010963,0.070289865,0.0049406653
2989,1,0,0.23231292,0.086455345,0.232483419913422,0.00017049909,2.9069938e-08
2990,1,0,0.2370162,0.091145754,0.1861692017060123,0.050846994,0.002585417
2991,1,0,0.18946242,0.048883438,0.06462405168508,0.124838375,0.01558462
2992,1,0,0.06490755,0.02059555,-0.1243212433027198,0.1892288,0.03580754
2993,1,0,-0.12772655,-0.037852764,-0.1301337140423024,0.0024071634,5.7944358e-06
2994,1,0,-0.13362908,-0.039996862,-0.1480520542933137,0.014422968,0.000208022
2995,1,0,-0.15181303,-0.046741724,-0.2255253773343057,0.07371235,0.0054335105
2996,1,0,-0.2302463,-0.07834649,-0.1596810859589106,0.07056522,0.0049794507
2997,1,0,-0.16360545,-0.05123067,-0.2724257882425691,0.10882035,0.011841868
2998,1,0,-0.27777123,-0.09946704,-0.127813025463237,0.14995821,0.022487463
2999,1,0,-0.13127327,-0.03913784,-0.123688974489831,0.007584296,5.752155e-05
3000,1,0,-0.12708521,-0.03762126,-0.196545491086661,0.06946029,0.0048247315
3001,1,0,-0.2009449,-0.06605339,-0.2373246383224918,0.03637974,0.0013234855
3002,1,0,-0.24216366,-0.083516836,-0.1269362679768781,0.11522739,0.013277351
3003,1,0,-0.1303823,-0.038814068,-0.2112358075432876,0.08085351,0.0065372894
3004,1,0,-0.2158041,-0.07221389,-0.1136060460273453,0.10219806,0.010444443
3005,1,0,-0.116842985,-0.03395796,0.0570004445635725,0.17384343,0.030221537
3006,1,0,0.057109594,0.01863718,0.0222595214836212,0.034850072,0.0012145275
3007,1,0,0.021597147,0.009305477,-0.0516688472775133,0.073266,0.0053679068
3008,1,0,-0.053826332,-0.012855768,0.1052321980150572,0.15905854,0.02529962
3009,1,0,0.106476545,0.030500412,0.1254095497253078,0.018932998,0.00035845843
3010,1,0,0.12714887,0.035099983,0.0435597380218117,0.08358913,0.0069871424
3011,1,0,0.043365717,0.015106916,0.1045433981508145,0.06117768,0.0037427084
3012,1,0,0.10577083,0.030340672,0.0688445025389206,0.03692632,0.0013635532
3013,1,0,0.06922531,0.021666288,0.0954617018234933,0.026236393,0.0006883483
3014,1,0,0.096470356,0.028197527,-0.0271018275870753,0.123572186,0.015270085
3015,1,0,-0.028785706,-0.005134821,-0.1141987534020283,0.085413046,0.0072953883
3016,1,0,-0.11744475,-0.03417182,-0.0578771683381149,0.059567586,0.0035482973
3017,1,0,-0.060150146,-0.014864445,-0.0997842642745356,0.039634116,0.0015708632
3018,1,0,-0.102795124,-0.029042006,-0.0181505264322723,0.0846446,0.0071647083
3019,1,0,-0.01965642,-0.002411127,-0.1336052721520646,0.11394885,0.012984341
3020,1,0,-0.13715339,-0.041286707,-0.0961010228097722,0.041052364,0.0016852965
3021,1,0,-0.09904981,-0.027751446,0.0429666546265092,0.14201647,0.020168677
3022,1,0,0.04275918,0.014949083,0.1035330821321998,0.0607739,0.003693467
3023,1,0,0.10473609,0.030103922,0.0373655338436802,0.06737056,0.0045387917
3024,1,0,0.03703332,0.013446093,-0.0762995338058845,0.11333285,0.012844335
3025,1,0,-0.0789063,-0.020962954,-0.1064245089601092,0.027518213,0.00075725204
3026,1,0,-0.109544754,-0.031388283,-0.2219696110294058,0.11242485,0.012639347
3027,1,0,-0.22665405,-0.07680774,-0.1484050927714562,0.07824896,0.0061229
3028,1,0,-0.15217113,-0.04687667,-0.2128806136241707,0.060709476,0.0036856406
3029,1,0,-0.21746683,-0.072912216,-0.3709004057015632,0.15343356,0.023541858
3030,1,0,-0.3787334,-0.14889312,-0.2435988868937073,0.1351345,0.018261334
3031,1,0,-0.24849725,-0.08630514,-0.093496064091306,0.1550012,0.02402537
3032,1,0,-0.096400976,-0.026844978,-0.0001741132072616,0.09622686,0.0092596095
3033,1,0,-0.001311779,0.002918005,-0.0575319713980757,0.056220192,0.00316071
3034,1,0,-0.059798717,-0.01475215,-0.0438825699097598,0.015916146,0.00025332373
3035,1,0,-0.045892715,-0.010369778,-0.0269645217891842,0.018928194,0.00035827653
3036,1,0,-0.028645992,-0.005093336,-0.1138657039188579,0.08521971,0.007262399
3037,1,0,-0.117106676,-0.034052134,0.0536366297277957,0.1707433,0.029153274
3038,1,0,0.053669214,0.017762661,-0.0667716645355094,0.12044088,0.014506005
3039,1,0,-0.06920791,-0.017782927,-0.0516391732829162,0.017568734,0.0003086604
3040,1,0,-0.053795815,-0.012846708,-0.0344244142730545,0.019371402,0.0003752512
3041,1,0,-0.03625202,-0.007398367,-0.1533751105731604,0.11712308,0.013717816
3042,1,0,-0.15721202,-0.048785448,-0.2439365196009038,0.086724505,0.00752114
3043,1,0,-0.24883842,-0.08645511,-0.3925878685356765,0.14374945,0.020663904
3044,1,0,-0.4008963,-0.1627872,-0.4129590206056002,0.012062699,0.0001455087
3045,1,0,-0.4216876,-0.18443131,-0.4945958300690418,0.07290822,0.005315609
3046,1,0,-0.50474715,-0.27172732,-0.4223309071241088,0.08241624,0.006792436
3047,1,0,-0.43124557,-0.19440794,-0.5007746290119304,0.06952906,0.0048342897
3048,1,0,-0.5110152,-0.27836967,-0.4482821545853217,0.062733024,0.0039354325
3049,1,0,-0.45768,-0.22209668,-0.4114868276704215,0.046193153,0.0021338074
3050,1,0,-0.42018628,-0.18286562,-0.4137444882761589,0.006441802,4.149681e-05
3051,1,0,-0.42248964,-0.18526745,-0.2523124079666203,0.17017722,0.028960288
3052,1,0,-0.25728965,-0.09022188,-0.5068583015039194,0.24956864,0.062284507
3053,1,0,-0.5171845,-0.28491402,-0.4770106499654725,0.04017386,0.001613939
3054,1,0,-0.48689246,-0.252851,-0.5765946735012575,0.08970219,0.008046483
3055,1,0,-0.5877135,-0.36024308,-0.6503617253977212,0.06264824,0.0039248015
3056,1,0,-0.6619184,-0.44051123,-0.8039993320756853,0.1420809,0.020186983
3057,1,0,-0.8146086,-0.6093347,-0.8186519063191997,0.0040433407,1.6348604e-05
3058,1,0,-0.829026,-0.6255348,-0.8195565986601561,0.00946939,8.9669345e-05
3059,1,0,-0.82991624,-0.6265354,-0.8053904868093249,0.024525762,0.00060151296
3060,1,0,-0.8159785,-0.61087203,-0.7938005921148221,0.022177935,0.0004918608
3061,1,0,-0.8045695,-0.5980675,-0.9055383656548496,0.1009689,0.010194718
3062,1,0,-0.9143317,-0.721889,-0.8275365503524017,0.08679515,0.0075333985
3063,1,0,-0.8377645,-0.6353655,-0.8789506842613117,0.041186154,0.0016962993
3064,1,0,-0.88826346,-0.69235444,-1.0809434768733386,0.19268,0.037125584
3065,1,0,-1.0854176,-0.91755295,-0.9791854881864732,0.10623217,0.011285273
3066,1,0,-0.98636436,-0.80389,-1.101148125040332,0.114783764,0.013175312
3067,1,0,-1.1050144,-0.9401572,-1.055883897507257,0.04913056,0.0024138119
3068,1,0,-1.0610793,-0.8895316,-1.1251136153205714,0.06403434,0.004100397
3069,1,0,-1.1282256,-0.96698,-1.0721481940122644,0.05607736,0.0031446705
3070,1,0,-1.0768797,-0.9077153,-0.9851324821748172,0.091747284,0.008417564
3071,1,0,-0.9921694,-0.81052256,-1.0068571521859586,0.014687777,0.00021573078
3072,1,0,-1.0133576,-0.83476424,-0.8781944119941087,0.13516325,0.018269103
3073,1,0,-0.8875215,-0.69151545,-0.921749208245846,0.03422773,0.0011715374
3074,1,0,-0.9302099,-0.7399156,-0.7525021148991309,0.17770773,0.03158004
3075,1,0,-0.76387405,-0.552526,-0.6979753213632764,0.06589872,0.0043426408
3076,1,0,-0.7095804,-0.49261022,-0.7201509426788322,0.010570526,0.00011173602
3077,1,0,-0.7317128,-0.5169468,-0.8342159362117649,0.10250312,0.01050689
3078,1,0,-0.84433055,-0.6427591,-0.7593677695238896,0.084962785,0.0072186748
3079,1,0,-0.7706437,-0.5600872,-0.8022785144661224,0.031634808,0.001000761
3080,1,0,-0.8129151,-0.60743356,-0.862881098541922,0.049966037,0.0024966048
3081,1,0,-0.87249184,-0.674525,-0.9667348532279144,0.09424299,0.008881741
3082,1,0,-0.9742062,-0.79000926,-0.9745731213243548,0.0003669262,1.3463483e-07
3083,1,0,-0.98186135,-0.7987466,-1.0398983283263914,0.058036923,0.0033682846
3084,1,0,-1.0455344,-0.8716657,-1.161787979031311,0.116253614,0.013514902
3085,1,0,-1.1636752,-1.0080442,-0.9787937177917924,0.18488145,0.03418115
3086,1,0,-0.9859822,-0.8034537,-0.9622640240939844,0.023718178,0.00056255196
3087,1,0,-0.96983767,-0.78502655,-1.085233048212502,0.11539543,0.013316104
3088,1,0,-1.0895803,-0.9223511,-1.1802635804239636,0.09068334,0.008223468
3089,1,0,-1.1815007,-1.0287383,-1.1487621068556653,0.032738566,0.0010718137
3090,1,0,-1.1510943,-0.9934578,-1.1950289431685974,0.043934584,0.0019302476
3091,1,0,-1.195729,-1.0452774,-1.258835443394876,0.06310642,0.00398242
3092,1,0,-1.2570446,-1.1167556,-1.210050535647727,0.04699397,0.0022084333
3093,1,0,-1.2101898,-1.0621053,-1.3248336338858733,0.11464381,0.013143203
3094,1,0,-1.3219681,-1.1906625,-1.26222237866182,0.05974567,0.003569545
3095,1,0,-1.2602907,-1.1205496,-1.1425326248519734,0.117758155,0.013866983
3096,1,0,-1.1450735,-0.9864819,-0.8939030323433759,0.25117052,0.06308663
3097,1,0,-0.90292764,-0.7089584,-1.0258509573890664,0.122923374,0.015110156
3098,1,0,-1.0318615,-0.8559718,-0.9106602542851872,0.12120128,0.014689749
3099,1,0,-0.9193504,-0.72758293,-1.1109448837580054,0.19159448,0.036708444
3100,1,0,-1.114507,-0.95112085,-0.9444289718158608,0.17007798,0.02892652
3101,1,0,-0.9524033,-0.7651582,-0.9913991859413316,0.038995862,0.0015206772
3102,1,0,-0.99828386,-0.817513,-1.0415240794492355,0.04324019,0.001869714
3103,1,0,-1.0471153,-0.8734815,-0.9773171939437586,0.06979811,0.0048717763
3104,1,0,-0.98454046,-0.8018067,-0.9557545323450278,0.028785944,0.0008286306
3105,1,0,-0.9634764,-0.77777314,-0.8435963769042627,0.11988002,0.014371219
3106,1,0,-0.8535502,-0.65314794,-1.0635208704903607,0.20997071,0.0440877
3107,1,0,-1.0685004,-0.8980689,-1.137284632289713,0.06878424,0.0047312714
3108,1,0,-1.1399996,-0.98060656,-1.1584386264984152,0.018439054,0.00033999872
3109,1,0,-1.1604414,-1.0042942,-1.0076249619749444,0.15281641,0.023352856
3110,1,0,-1.014106,-0.8356209,-0.8205474159693056,0.19355863,0.037464943
3111,1,0,-0.83089066,-0.6276319,-0.8696398155430569,0.03874916,0.0015014972
3112,1,0,-0.8791261,-0.68202186,-0.6039428616528792,0.2751832,0.075725794
3113,1,0,-0.6152735,-0.3899343,-0.6421476532266754,0.026874185,0.0007222218
3114,1,0,-0.6536763,-0.43154573,-0.6798218386254229,0.026145577,0.00068359124
3115,1,0,-0.6914308,-0.47272182,-0.6979459954544125,0.006515205,4.2447897e-05
3116,1,0,-0.7095511,-0.4925778,-0.6927225230742744,0.016828597,0.00028320166
3117,1,0,-0.7043309,-0.4868524,-0.7575361932094768,0.05320525,0.0028307987
3118,1,0,-0.7688377,-0.55806994,-0.8442644330084197,0.07542676,0.005689196
3119,1,0,-0.8542063,-0.65388894,-0.8095112045268347,0.04469514,0.0019976555
3120,1,0,-0.8200333,-0.61542654,-0.7136445109361347,0.10638881,0.011318578
3121,1,0,-0.72522306,-0.50980186,-0.8308423313074864,0.10561925,0.0111554265
3122,1,0,-0.84101415,-0.63902354,-0.9319741083642344,0.090959966,0.008273715
3123,1,0,-0.9402187,-0.75129247,-0.9584487738593483,0.01823008,0.00033233583
3124,1,0,-0.96610975,-0.7807758,-0.8854410857641413,0.08066869,0.006507437
3125,1,0,-0.8946302,-0.6995604,-0.9187259814944606,0.024095774,0.0005806063
3126,1,0,-0.9272499,-0.73655295,-0.7576432524840295,0.16960669,0.028766427
3127,1,0,-0.76894355,-0.5581877,-0.9084456065167266,0.13950205,0.019460822
3128,1,0,-0.9171808,-0.7251208,-1.0207170995516923,0.10353637,0.010719779
3129,1,0,-1.0268621,-0.85023785,-0.9665921680339826,0.06026995,0.003632467
3130,1,0,-0.97406673,-0.78984976,-1.0994208759588535,0.12535417,0.015713667
3131,1,0,-1.10334,-0.9382243,-1.1219539938872818,0.018613935,0.00034647857
3132,1,0,-1.1251676,-0.96344304,-1.0503481752948582,0.074819446,0.0055979495
3133,1,0,-1.0556974,-0.88334346,-0.982256883130439,0.07344055,0.0053935144
3134,1,0,-0.9893625,-0.8073151,-1.132430519801629,0.14306808,0.020468473
3135,1,0,-1.135305,-0.9751713,-1.1053416284398008,0.029963374,0.0008978038
3136,1,0,-1.1090782,-0.94484997,-1.0000067261580576,0.10907149,0.011896591
3137,1,0,-1.0066788,-0.82711744,-0.947650932792667,0.05902791,0.0034842943
3138,1,0,-0.95555425,-0.7687464,-1.0800605949876434,0.124506354,0.015501833
3139,1,0,-1.0845611,-0.9165659,-1.1095641470141444,0.025003076,0.00062515377
3140,1,0,-1.1131698,-0.9495754,-1.2137283551868645,0.10055852,0.0101120155
3141,1,0,-1.2137284,-1.0662255,-1.100610013340078,0.11311841,0.012795774
3142,1,0,-1.1044925,-0.93955445,-0.9861357103035444,0.118356824,0.014008338
3143,1,0,-0.99314785,-0.81164145,-1.0874611399449725,0.094313264,0.008894992
3144,1,0,-1.0917418,-0.9248433,-0.936099522248086,0.15564227,0.024224516
3145,1,0,-0.9442556,-0.7558844,-0.9812207055052476,0.03696513,0.001366421
3146,1,0,-0.98835135,-0.8061595,-0.7983217233483315,0.19002962,0.036111258
3147,1,0,-0.8090205,-0.6030617,-0.7409755095678325,0.06804502,0.0046301247
3148,1,0,-0.7524588,-0.5398388,-0.8226719278869812,0.07021314,0.004929885
3149,1,0,-0.8329797,-0.6299827,-0.5637525422814043,0.26922715,0.07248326
3150,1,0,-0.5747516,-0.34632874,-0.4168244260959732,0.15792719,0.024940995
3151,1,0,-0.42563057,-0.18854523,-0.4531457339693183,0.027515173,0.00075708475
3152,1,0,-0.46262908,-0.22729468,-0.4610148009822823,0.0016142726,2.605876e-06
3153,1,0,-0.47063375,-0.23571396,-0.2816494509324445,0.1889843,0.035715066
3154,1,0,-0.2872491,-0.103801966,-0.2805055307780857,0.0067435503,4.547547e-05
3155,1,0,-0.28607416,-0.103260994,-0.4239995181684253,0.13792536,0.019023404
3156,1,0,-0.4329462,-0.19618583,-0.3677396637130674,0.06520653,0.0042518913
3157,1,0,-0.37550163,-0.14719701,-0.4399683088095383,0.064466685,0.0041559534
3158,1,0,-0.44921565,-0.21321654,-0.4645764106367021,0.015360773,0.00023595334
3159,1,0,-0.47425556,-0.23952627,-0.3681554600446812,0.10610011,0.011257234
3160,1,0,-0.37592697,-0.14741993,-0.4698403589750888,0.09391338,0.008819723
3161,1,0,-0.47960663,-0.24516511,-0.4135412166918626,0.0660654,0.004364637
3162,1,0,-0.42228222,-0.18505144,-0.4771457802529801,0.054863572,0.0030100115
3163,1,0,-0.48702955,-0.25299597,-0.3578221995342905,0.12920734,0.016694538
3164,1,0,-0.36535573,-0.14192438,-0.3597401030609819,0.005615622,3.1535208e-05
3165,1,0,-0.36731791,-0.14293861,-0.5163104810571704,0.14899254,0.022198776
3166,1,0,-0.5267644,-0.29508996,-0.5824957898314733,0.055731416,0.0031059906
3167,1,0,-0.5936649,-0.36664248,-0.5974675430712528,0.0038026571,1.4460201e-05
3168,1,0,-0.60875344,-0.3828969,-0.6990222118144884,0.09026879,0.008148454
3169,1,0,-0.7106261,-0.49375772,-0.6669891538786441,0.043636978,0.0019041859
3170,1,0,-0.6785841,-0.45868063,-0.6474148131445445,0.031169295,0.000971525
3171,1,0,-0.6589618,-0.43729353,-0.4787667068876224,0.18019506,0.03247026
3172,1,0,-0.48867702,-0.25473404,-0.4992736726269258,0.010596633,0.00011228863
3173,1,0,-0.5094929,-0.27675533,-0.441913234828831,0.06757963,0.004567006
3174,1,0,-0.45119667,-0.21529317,-0.3935380911404365,0.057658583,0.0033245122
3175,1,0,-0.40186667,-0.16379523,-0.4878229913432985,0.085956305,0.0073884865
3176,1,0,-0.49787307,-0.26445246,-0.3024262014209831,0.19544688,0.03819948
3177,1,0,-0.3085842,-0.11378646,-0.0474205996840177,0.26116362,0.06820644
3178,1,0,-0.049497604,-0.011494637,-0.0853497898151798,0.035852186,0.0012853793
3179,1,0,-0.08811545,-0.024035215,-0.0056336631538873,0.08248179,0.0068032453
3180,1,0,-0.006884575,0.0013196468,0.0584782612248688,0.06536284,0.0042723008
3181,1,0,0.05862093,0.019019127,0.0558927652713676,0.0027281642,7.44288e-06
3182,1,0,0.05597639,0.018349648,-0.0747975427939979,0.13077393,0.01710182
3183,1,0,-0.077377796,-0.020457745,-0.0095584833279724,0.06781931,0.004599459
3184,1,0,-0.010889769,0.00015950203,0.0940516803306583,0.10494145,0.011012708
3185,1,0,0.095026255,0.02786088,0.156772625519419,0.061746374,0.0038126146
3186,1,0,0.15930271,0.041836023,0.0440990940062429,0.11520362,0.013271874
3187,1,0,0.043917418,0.015250206,0.1592267447359376,0.11530933,0.013296241
3188,1,0,0.16181993,0.042342663,0.1771385778178662,0.015318647,0.00023466094
3189,1,0,0.18019557,0.046537876,0.2828830447461179,0.10268748,0.010544718
3190,1,0,0.28880763,0.14299631,0.3527831469807414,0.06397551,0.004092866
3191,1,0,0.36069345,0.21557808,0.3846364579563608,0.023943007,0.0005732676
3192,1,0,0.39346576,0.24890327,0.5865784160423728,0.19311267,0.037292503
3193,1,0,0.5943539,0.46357656,0.6453566837604812,0.05100274,0.0026012796
3194,1,0,0.6529255,0.5270786,0.4788421915189489,0.17408329,0.030304993
3195,1,0,0.4871385,0.348341,0.4483626419175834,0.03877586,0.0015035674
3196,1,0,0.45684838,0.3160286,0.3752495314193509,0.08159885,0.006658372
3197,1,0,0.38380742,0.23906612,0.6332530392491509,0.24944562,0.062223118
3198,1,0,0.6408608,0.5139682,0.6505110464270603,0.00965023,9.3126946e-05
3199,1,0,0.6580639,0.5326681,0.6247224335577486,0.033341467,0.0011116534
3200,1,0,0.6323595,0.50473833,0.4880881071389464,0.1442714,0.020814238
3201,1,0,0.49633098,0.35816932,0.3276809312563418,0.16865003,0.028442834
3202,1,0,0.334872,0.18942451,0.2061730140915871,0.12869899,0.01656343
3203,1,0,0.20999599,0.06424165,-0.0459136727940387,0.25590965,0.06548975
3204,1,0,-0.047962666,-0.0110147,-0.0957382533082595,0.04777559,0.0022825068
3205,1,0,-0.098680735,-0.0276258,-0.1839515150338533,0.08527078,0.0072711054
3206,1,0,-0.18819594,-0.060887337,-0.2804582556846955,0.0922623,0.008512331
3207,1,0,-0.28602505,-0.103238344,-0.2149422571848855,0.071082786,0.0050527626
3208,1,0,-0.21955132,-0.07379103,-0.1024342741599348,0.11711705,0.013716402
3209,1,0,-0.105489254,-0.029974937,-0.0641772104703255,0.041312046,0.0017066852
3210,1,0,-0.06656599,-0.016926527,-0.0247127941870717,0.041853197,0.00175169
3211,1,0,-0.026349306,-0.0044031143,0.0458381753984524,0.07218748,0.005211033
3212,1,0,0.045695066,0.015712261,-0.1063186454091078,0.15201372,0.023108171
3213,1,0,-0.10943699,-0.031350613,-0.1179097029582929,0.008472711,7.178683e-05
3214,1,0,-0.121215105,-0.03551364,-0.1299564972664351,0.008741394,7.641196e-05
3215,1,0,-0.13344932,-0.039930582,-0.0463064368264318,0.087142885,0.0075938823
3216,1,0,-0.048362494,-0.011139393,-0.0583448720026256,0.009982377,9.9647856e-05
3217,1,0,-0.060626745,-0.015016317,-0.1631921697107912,0.10256542,0.010519666
3218,1,0,-0.16716528,-0.05260372,-0.1801568904105419,0.012991607,0.00016878186
3219,1,0,-0.18435383,-0.05935216,-0.1929947418251836,0.008640915,7.466541e-05
3220,1,0,-0.19735146,-0.06458616,-0.2675372393789104,0.07018578,0.0049260436
3221,1,0,-0.2727456,-0.09719372,-0.1807028910983628,0.092042714,0.0084718615
3222,1,0,-0.18490648,-0.05957246,-0.2156480474897533,0.030741557,0.00094504334
3223,1,0,-0.22026467,-0.074092865,-0.0675210236261234,0.15274365,0.023330623
3224,1,0,-0.06997061,-0.018030643,-0.088509477777035,0.01853887,0.0003436897
3225,1,0,-0.091329336,-0.02512002,-0.0146462043426405,0.076683134,0.005880303
3226,1,0,-0.016081572,-0.001357317,-0.0513679545754062,0.03528638,0.0012451287
3227,1,0,-0.053519726,-0.012759209,-0.0956370738658178,0.04211735,0.0017738711
3228,1,0,-0.098577976,-0.027590275,0.0332860421497556,0.13186401,0.017388117
3229,1,0,0.032864094,0.01233983,0.1985619648011192,0.16569787,0.027455784
3230,1,0,0.2021823,0.0564816,0.1934413370340539,0.008740962,7.640441e-05
3231,1,0,0.19692683,0.051265717,0.0589989425238481,0.13792789,0.019024102
3232,1,0,0.05915332,0.019153833,-0.0426287537903822,0.10178207,0.01035959
3233,1,0,-0.044614792,-0.009972572,-0.10539351860732,0.06077873,0.003694054
3234,1,0,-0.108496904,-0.031021595,-0.2237211507479175,0.11522424,0.013276626
3235,1,0,-0.2284236,-0.07756472,-0.1901260240039759,0.03829758,0.0014667045
3236,1,0,-0.19444752,-0.063406944,-0.1332853546263672,0.06116216,0.0037408096
3237,1,0,-0.13682866,-0.041167736,-0.2189898959291372,0.08216123,0.006750468
3238,1,0,-0.22364235,-0.07552433,-0.0553518323280779,0.16829053,0.0283217
3239,1,0,-0.05757785,-0.014044285,-0.1851399337004733,0.12756209,0.016272087
3240,1,0,-0.18939996,-0.06137085,-0.1933928556706599,0.0039929003,1.5943253e-05
3241,1,0,-0.1977539,-0.06475043,-0.2755681451192848,0.07781425,0.0060550575
3242,1,0,-0.28100038,-0.10093713,-0.307891806198362,0.02689144,0.00072314957
3243,1,0,-0.31419277,-0.1164639,-0.4274403704521741,0.1132476,0.01282502
3244,1,0,-0.4364531,-0.1998527,-0.3270994330571444,0.10935366,0.011958223
3245,1,0,-0.33389068,-0.12604475,-0.2037077035811463,0.13018297,0.016947605
3246,1,0,-0.20819068,-0.06903839,-0.2305632771141716,0.022372603,0.0005005334
3247,1,0,-0.23533583,-0.080542326,-0.0196007905222406,0.21573503,0.046541605
3248,1,0,-0.021135807,-0.002849102,-0.0193976043554253,0.0017382018,3.0213455e-06
3249,1,0,-0.020928621,-0.0027878284,-0.0865979447142137,0.06566932,0.00431246
3250,1,0,-0.089384794,-0.024463415,-0.090570977868619,0.0011861846,1.4070339e-06
3251,1,0,-0.093426466,-0.025831461,-0.1886084739228049,0.095182,0.009059614
3252,1,0,-0.19291139,-0.06278491,-0.3927765669342671,0.19986519,0.039946094
3253,1,0,-0.40108943,-0.16298795,-0.5334927224796613,0.13240331,0.017530637
3254,1,0,-0.544163,-0.3136177,-0.3351672995799917,0.2089957,0.043679204
3255,1,0,-0.34215832,-0.13014841,-0.5367421603925964,0.19458383,0.037862867
3256,1,0,-0.547451,-0.31712437,-0.6945476875209273,0.1470967,0.021637438
3257,1,0,-0.7061558,-0.48885274,-0.599441727045976,0.10671407,0.011387893
3258,1,0,-0.61074114,-0.3850422,-0.6707133121907396,0.059972167,0.003596661
3259,1,0,-0.6823132,-0.46275353,-0.5655318013267179,0.11678141,0.0136378985
3260,1,0,-0.5765486,-0.34825516,-0.5770258245583144,0.0004772544,2.2777175e-07
3261,1,0,-0.5881481,-0.36071062,-0.6740755492301411,0.08592743,0.0073835226
3262,1,0,-0.6856797,-0.46643233,-0.6116045334928057,0.07407516,0.0054871296
3263,1,0,-0.6229844,-0.39826703,-0.367161012068562,0.2558234,0.06544562
3264,1,0,-0.37490988,-0.14688754,-0.2465838030944387,0.12832607,0.01646758
3265,1,0,-0.25150943,-0.08764076,-0.2290498974415951,0.022459537,0.0005044308
3266,1,0,-0.23380685,-0.07988095,-0.1779818543797793,0.055824995,0.00311643
3267,1,0,-0.18215084,-0.058476686,-0.0137658582019102,0.16838498,0.028353503
3268,1,0,-0.01518321,-0.0010938644,0.0262637151913329,0.041446924,0.0017178475
3269,1,0,0.02568841,0.010415554,0.0976440496636019,0.071955636,0.0051776133
3270,1,0,0.098704815,0.028716803,-0.0235869398670747,0.12229176,0.014955274
3271,1,0,-0.02520132,-0.0040593147,-0.0440792659603386,0.018877946,0.00035637684
3272,1,0,-0.04609275,-0.0104317665,-0.0214956738882388,0.024597075,0.0006050161
3273,1,0,-0.023068666,-0.0034234524,-0.0072959159979912,0.01577275,0.00024877966
3274,1,0,-0.0085814,0.00082945824,-0.0806521696389941,0.07207077,0.005194196
3275,1,0,-0.08333564,-0.022434473,0.0280231415429552,0.11135878,0.012400777
3276,1,0,0.027485847,0.010900497,0.0305883371811179,0.0031024888,9.625437e-06
3277,1,0,0.03010726,0.011603594,0.0363811442468855,0.0062738843,3.9361625e-05
3278,1,0,0.03602743,0.013179779,0.1289201838866356,0.09289275,0.008629063
3279,1,0,0.13074684,0.035879135,0.1050256479992035,0.025721192,0.0006615797
3280,1,0,0.10626507,0.030452251,0.2132691290515636,0.10700406,0.011449869
3281,1,0,0.21728253,0.07148695,0.219314943791101,0.002032414,4.130707e-06
3282,1,0,0.22349072,0.077666044,0.3012850253712176,0.07779431,0.0060519553
3283,1,0,0.30772686,0.16203022,0.4022654210751972,0.09453857,0.008937541
3284,1,0,0.41107965,0.2674129,0.3645230580850973,0.046556592,0.0021675162
3285,1,0,0.37277126,0.22784305,0.4619644712653001,0.089193195,0.007955426
3286,1,0,0.4703629,0.33043242,0.5102982107068983,0.03993529,0.0015948275
3287,1,0,0.5184202,0.3818252,0.4298780026832802,0.08854222,0.007839725
3288,1,0,0.43848896,0.2964971,0.3923230848568995,0.046165884,0.0021312889
3289,1,0,0.40121508,0.25696826,0.5070345822805602,0.10581952,0.011197772
3290,1,0,0.5151739,0.3783443,0.4889374102710144,0.026236504,0.00068835414
3291,1,0,0.4971757,0.35907173,0.6812209368987823,0.18404526,0.033872657
3292,1,0,0.68868303,0.5660305,0.7246199564131461,0.03593695,0.0012914645
3293,1,0,0.73196673,0.6133628,0.9639840265282262,0.23201728,0.053832017
3294,1,0,0.9707465,0.87778234,0.9217902822853614,0.048956215,0.002396711
3295,1,0,0.92867184,0.8308091,0.8453698697672092,0.08330196,0.006939217
3296,1,0,0.85243654,0.746099,0.8506486539743863,0.0017879009,3.1965897e-06
3297,1,0,0.85770345,0.75193334,0.8368117405190736,0.020891726,0.0004364642
3298,1,0,0.8438976,0.73664427,0.7724612311186356,0.071436346,0.0051031513
3299,1,0,0.77969337,0.6657765,0.9534678116612878,0.17377442,0.03019755
3300,1,0,0.96026087,0.8660629,1.0978405779423306,0.13757968,0.018928168
3301,1,0,1.1040897,1.0275941,0.985843991564241,0.11824572,0.01398205
3302,1,0,0.99253845,0.90217066,0.8943548470867331,0.09818363,0.009640026
3303,1,0,0.9013052,0.80034065,0.9024808164425928,0.001175642,1.3821341e-06
3304,1,0,0.90941143,0.80935884,0.8233803256269581,0.08603108,0.0074013467
3305,1,0,0.8304968,0.7218194,0.6390152960694739,0.19148147,0.036665153
3306,1,0,0.6466048,0.5202079,0.7092339782712478,0.06262922,0.0039224196
3307,1,0,0.71661997,0.59655786,1.049226129342013,0.3326062,0.110626884
3308,1,0,1.0556912,0.9730606,1.137535671437814,0.08184445,0.006698514
3309,1,0,1.1435761,1.0722089,1.0937734455385786,0.04980266,0.002480305
3310,1,0,1.1000419,1.0230265,1.103942524136842,0.0039006472,1.5215049e-05
3311,1,0,1.1101608,1.0344472,1.247148694632204,0.13698792,0.018765692
3312,1,0,1.2524314,1.1957135,1.2370784243103263,0.015352964,0.00023571351
3313,1,0,1.2424431,1.1843519,1.2611305141511608,0.018687487,0.00034922216
3314,1,0,1.2662935,1.2114906,1.4421617547168055,0.17586827,0.03092965
3315,1,0,1.4496889,1.415905,1.3774825618961386,0.07220638,0.0052137612
3316,1,0,1.3838587,1.342876,1.4180208237704757,0.034162164,0.0011670535
3317,1,0,1.4251304,1.3886533,1.1478076352627131,0.27732277,0.07690792
3318,1,0,1.153789,1.0837646,1.12254304753599,0.031245947,0.0009763092
3319,1,0,1.1286659,1.0553489,1.1808316196226465,0.052165747,0.0027212652
3320,1,0,1.1866074,1.1209455,1.3099788978645257,0.12337148,0.015220523
3321,1,0,1.3150525,1.2666373,1.268084386436621,0.046968102,0.0022060026
3322,1,0,1.2731867,1.2193389,1.3381201084580696,0.06493342,0.0042163488
3323,1,0,1.3437481,1.2984185,1.4435298652108686,0.09978175,0.009956398
3324,1,0,1.4510798,1.417448,1.460351747162234,0.00927186,8.596739e-05
3325,1,0,1.4681826,1.4364309,1.3960886835104858,0.072093844,0.005197522
3326,1,0,1.4028068,1.3638883,1.2628828142537505,0.13992393,0.019578706
3327,1,0,1.2680316,1.2134681,1.2239113638377224,0.044120193,0.0019465914
3328,1,0,1.2293787,1.1695013,1.3792947552230772,0.14991605,0.022474824
3329,1,0,1.3857055,1.3449225,1.4935712226019766,0.10786581,0.011635033
3330,1,0,1.5019312,1.4739013,1.5470431487940144,0.045112014,0.0020350937
3331,1,0,1.5561824,1.5341439,1.425552050120253,0.13063037,0.017064294
3332,1,0,1.4327941,1.3971562,1.452897265729185,0.020103216,0.0004041393
3333,1,0,1.4606037,1.42802,1.5091755502276256,0.048571825,0.0023592222
3334,1,0,1.5177722,1.4914913,1.4935737433042076,0.024198413,0.0005855632
3335,1,0,1.5019336,1.4739046,1.3982080021270868,0.10372555,0.01075899
3336,1,0,1.4049644,1.366281,1.3538794933203602,0.051084995,0.0026096767
3337,1,0,1.3598108,1.316217,1.345048557488555,0.014762282,0.00021792499
3338,1,0,1.3508105,1.3062434,1.3868876226594211,0.03607714,0.0013015602
3339,1,0,1.3934379,1.353497,1.4083046341447916,0.014866829,0.00022102261
3340,1,0,1.4152422,1.3776827,1.419986188719704,0.004744053,2.2506038e-05
3341,1,0,1.4271302,1.3908715,1.5012381518747877,0.074107885,0.0054919785
3342,1,0,1.5097156,1.4825444,1.534621179161777,0.024905682,0.00062029297
3343,1,0,1.5435877,1.5201583,1.457215457584122,0.08637226,0.0074601667
3344,1,0,1.464994,1.4328928,1.4411217718179556,0.023872137,0.0005698789
3345,1,0,1.4486313,1.4147305,1.3873928559162914,0.061238408,0.0037501426
3346,1,0,1.3939524,1.3540673,1.3890544434709151,0.004897952,2.3989935e-05
3347,1,0,1.3956447,1.3559442,1.4788847167066206,0.08324003,0.006928903
3348,1,0,1.4870148,1.4573398,1.536497079866202,0.049482346,0.0024485025
3349,1,0,1.5454898,1.5222707,1.5333333925496722,0.012156367,0.00014777726
3350,1,0,1.5422816,1.5187082,1.580777469308765,0.0384959,0.0014819342
3351,1,0,1.5903568,1.5720935,1.7373091403013745,0.14695227,0.02159497
3352,1,0,1.7483325,1.747354,1.82410353289102,0.075770974,0.0057412405
3353,1,0,1.8354354,1.8437338,1.6612014837243696,0.17423391,0.030357456
3354,1,0,1.6716537,1.6623359,1.6680646627301194,0.003589034,1.2881165e-05
3355,1,0,1.6785803,1.6700196,1.627423604797317,0.05115664,0.0026170018
3356,1,0,1.6375413,1.6244779,1.7405168428838018,0.10297561,0.0106039755
3357,1,0,1.7515593,1.7509279,1.815623585608606,0.06406438,0.0041042455
3358,1,0,1.8269429,1.8343482,1.8617343402197053,0.03479147,0.0012104464
3359,1,0,1.873076,1.8852949,1.7712424198970609,0.10183358,0.0103700785
3360,1,0,1.7824326,1.7851148,1.7989205635291907,0.016487956,0.00027185268
3361,1,0,1.8102031,1.8158407,1.8347771407045843,0.024574041,0.0006038835
3362,1,0,1.8461194,1.8555379,1.7090620980328342,0.1370573,0.018784706
3363,1,0,1.7199049,1.7158484,1.7638991071396402,0.04399419,0.0019354887
3364,1,0,1.7750587,1.7769523,1.5782532058052046,0.1968056,0.038732443
3365,1,0,1.587801,1.5692554,1.4415673617300704,0.14623356,0.021384254
3366,1,0,1.4490838,1.4152346,1.5607474697980526,0.1116637,0.012468781
3367,1,0,1.5700703,1.5495667,1.6602518033086209,0.09018159,0.008132719
3368,1,0,1.6706963,1.6612725,1.562661528685695,0.10803473,0.011671503
3369,1,0,1.5720096,1.5517206,1.704251656042071,0.13224208,0.01748797
3370,1,0,1.7150598,1.7104788,1.613696332281071,0.10136342,0.010274543
3371,1,0,1.6236644,1.6090741,1.5600871113532775,0.063577294,0.004042072
3372,1,0,1.5694013,1.5488229,1.7467417379488066,0.17734051,0.031449657
3373,1,0,1.7578177,1.7578597,1.6915983650919766,0.06621933,0.0043849996
3374,1,0,1.702311,1.6963415,1.865069272738584,0.16275823,0.026490241
3375,1,0,1.8764076,1.8889723,1.7398070596378123,0.13660061,0.018659728
3376,1,0,1.7508454,1.7501369,1.5611938619962564,0.18965161,0.035967734
3377,1,0,1.5705223,1.5500698,1.6318252471964638,0.0613029,0.0037580456
3378,1,0,1.6419892,1.6294155,1.6360365457329782,0.005952716,3.5434827e-05
3379,1,0,1.646244,1.6341376,1.7774156371479202,0.13117158,0.017205985
3380,1,0,1.7886295,1.7919745,1.7991979010315189,0.01056838,0.000111690664
3381,1,0,1.8104806,1.8161483,1.9626203405324385,0.15213978,0.023146514
3382,1,0,1.9735799,1.9959359,2.175147494592546,0.20156765,0.040629517
3383,1,0,2.1831193,2.224421,2.179998874969346,0.0031204224,9.737036e-06
3384,1,0,2.1878633,2.2295518,2.288032919526489,0.10016966,0.01003396
3385,1,0,2.293047,2.3427,2.2525605748111865,0.040486336,0.0016391433
3386,1,0,2.2586136,2.305791,2.3636146076794,0.10500097,0.011025204
3387,1,0,2.3660593,2.4205012,2.2642559243368123,0.1018033,0.010363912
3388,1,0,2.269978,2.3179865,2.3909489855806734,0.120970964,0.014633974
3389,1,0,2.3923435,2.4483447,2.4051068316452864,0.012763262,0.00016290085
3390,1,0,2.4059305,2.4627018,2.453904180403795,0.047973633,0.0023014694
3391,1,0,2.452622,2.511846,2.610739414105922,0.15811753,0.025001153
3392,1,0,2.6153321,2.6659923,2.5634898300889746,0.051842213,0.002687615
3393,1,0,2.565711,2.6201868,2.5623994694171066,0.003311634,1.096692e-05
3394,1,0,2.5645628,2.619124,2.45273566852872,0.111827135,0.012505308
3395,1,0,2.4515066,2.510675,2.4476738122657165,0.003832817,1.4690487e-05
3396,1,0,2.4466724,2.5056005,2.452586257771895,0.0059137344,3.4972254e-05
3397,1,0,2.451364,2.5105262,2.5329274092988325,0.08156347,0.0066526
3398,1,0,2.5334644,2.5902624,2.38769644018444,0.14576793,0.021248288
3399,1,0,2.3892188,2.4450397,2.209158636616364,0.18006015,0.032421656
3400,1,0,2.2163463,2.260305,2.128932802138222,0.08741355,0.0076411287
3401,1,0,2.1378279,2.1753378,2.1957506694937217,0.05792284,0.0033550553
3402,1,0,2.2032576,2.246183,2.24711801726469,0.043860435,0.0019237378
3403,1,0,2.2533216,2.3001056,2.31189399329602,0.058572292,0.0034307134
3404,1,0,2.3161492,2.3673873,2.2062487193128253,0.109900475,0.012078114
3405,1,0,2.2135062,2.2572427,2.3031192253608004,0.08961296,0.008030483
3406,1,0,2.3076587,2.3583221,2.3849165776827026,0.07725787,0.005968779
3407,1,0,2.386548,2.4422135,2.3256858003313803,0.060862303,0.0037042198
3408,1,0,2.3294806,2.3816056,2.3402360195663108,0.0107553005,0.00011567649
3409,1,0,2.3435278,2.396562,2.2118466202009723,0.1316812,0.01733994
3410,1,0,2.218968,2.2631316,2.1262706054731617,0.09269738,0.008592805
3411,1,0,2.1352148,2.1725001,2.208424596503016,0.07320976,0.005359669
3412,1,0,2.2156296,2.259533,2.193444887899397,0.02218461,0.00049215695
3413,1,0,2.2010055,2.2437515,2.1631461288085387,0.03785944,0.0014333372
3414,1,0,2.171373,2.2117095,2.0968371712895526,0.07453561,0.005555557
3415,1,0,2.1062808,2.1410427,1.9942785634259184,0.11200225,0.012544504
3416,1,0,2.00499,2.0303922,2.065992725853204,0.06100273,0.0037213333
3417,1,0,2.0758939,2.1079288,2.170838469726711,0.09494448,0.009014454
3418,1,0,2.178903,2.21986,2.192152372269636,0.013249159,0.0001755402
3419,1,0,2.1997423,2.2423873,2.0518567617793093,0.14788556,0.02187014
3420,1,0,2.0619464,2.0927052,2.220861802682818,0.15891552,0.025254142
3421,1,0,2.2277575,2.272604,2.103757145039968,0.12400031,0.015376077
3422,1,0,2.1130896,2.1484504,2.218246483806199,0.1051569,0.011057973
3423,1,0,2.2252083,2.269858,1.975422356844764,0.2497859,0.062392995
3424,1,0,1.9862905,2.0098853,1.9841915367031449,0.002098918,4.405457e-06
3425,1,0,1.9949894,2.0194278,1.9066584706577347,0.088330865,0.0078023416
3426,1,0,1.9179053,1.9347124,1.8295318976649964,0.08837342,0.007809862
3427,1,0,1.8408699,1.8497391,1.7883648754275892,0.052505016,0.0027567768
3428,1,0,1.7996168,1.8041306,1.830353646307853,0.030736804,0.00094475114
3429,1,0,1.841692,1.8506465,1.7693916117965185,0.072300315,0.0052273357
3430,1,0,1.7805738,1.7830577,1.7212206247383306,0.059353232,0.003522806
3431,1,0,1.7321458,1.7294178,1.5997553660132708,0.13239038,0.017527213
3432,1,0,1.6095643,1.59342,1.4942761772240742,0.11528814,0.013291355
3433,1,0,1.5026474,1.4746966,1.3604675482255133,0.14217985,0.020215109
3434,1,0,1.3665247,1.323659,1.3610501998878406,0.005474448,2.9969584e-05
3435,1,1,1.3671179,1.324317,-1.1018019277370008,2.4689198,6.095565
3436,1,1,-1.1056478,-0.9408879,1.0347098193654165,2.1403575,4.58113
3437,1,1,1.0412321,0.9568033,-0.9779575809938588,2.0191898,4.0771275
3438,1,1,-0.9851656,-0.802521,0.9036057698027058,1.8887713,3.567457
3439,0,1,-0.88065267,0.81060743,-0.8951625077231218,0.014509857,0.00021053595
3440,0,1,0.8706825,-0.71035814,1.0053529685611733,0.1346705,0.018136142
3441,0,1,-0.9707372,0.92396283,-0.982041914127497,0.0113046765,0.0001277957
3442,0,1,0.9631543,-0.80707526,0.8416270324562745,0.121527255,0.014768873
3443,0,1,-0.824641,0.7419627,-0.7210937699210471,0.103547215,0.010722026
3444,0,1,0.68629265,-0.51798177,0.6770651633232467,0.009227514,8.514702e-05
3445,0,1,-0.67185473,0.56150913,-0.5995849278688312,0.0722698,0.0052229236
3446,0,1,0.5589583,-0.3851974,0.7641986704927137,0.20524037,0.04212361
3447,0,1,-0.75347996,0.6567066,-0.6251364803529547,0.12834346,0.016472045
3448,0,1,0.58561015,-0.41299844,0.471793309431721,0.11381683,0.0129542705
3449,0,1,-0.47338653,0.34085727,-0.4121398093645108,0.061246723,0.003751161
3450,0,1,0.365942,-0.18356061,0.5095559257507598,0.14361393,0.020624962
3451,0,1,-0.51052356,0.38103342,-0.506125118506318,0.004398465,1.9346497e-05
3452,0,1,0.46213198,-0.2841251,0.4940885421290284,0.031956553,0.0010212213
3453,0,1,-0.49534607,0.36455297,-0.5808782339173346,0.08553219,0.0073157554
3454,0,1,0.5394926,-0.36488867,0.5000760946982497,0.039416492,0.0015536598
3455,0,1,-0.50122666,0.37092876,-0.5073505353558332,0.0061239004,3.7502155e-05
3456,0,1,0.46339417,-0.28544307,0.5106512446509353,0.047257066,0.0022332303
3457,0,1,-0.5115969,0.38220215,-0.4362600227198725,0.0753369,0.005675649
3458,0,1,0.39050555,-0.20925856,0.4826380150720815,0.09213245,0.008488388
3459,0,1,-0.48408008,0.35237432,-0.4224412394226324,0.061638832,0.0037993456
3460,0,1,0.37642264,-0.1945262,0.4560132649805011,0.07959062,0.0063346666
3461,0,1,-0.45778823,0.32412696,-0.4535439722764454,0.004244268,1.801381e-05
3462,0,1,0.4081607,-0.22772098,0.3934292960778882,0.014731377,0.00021701348
3463,0,1,-0.39546824,0.25812984,-0.2884924956223313,0.106975734,0.011443808
3464,0,1,0.24147224,-0.10705662,0.3075244769294918,0.06605223,0.004362897
3465,0,1,-0.31748986,0.16849542,-0.0379067960406254,0.27958307,0.07816669
3466,0,1,-0.0023961067,-0.0084860325,0.0100508324100916,0.012446939,0.0001549263
3467,0,1,-0.047662735,0.0058648586,0.0830567557587338,0.13071948,0.017087582
3468,0,1,-0.11565232,0.025200844,-0.0337514740959785,0.08190085,0.0067077493
3469,0,1,-0.006336689,-0.007188797,-0.0093693895758231,0.0030327002,9.197271e-06
3470,0,1,-0.029388905,0.0002155304,0.0328163690517278,0.062205274,0.003869496
3471,0,1,-0.06898332,0.012212515,-0.1197095164044266,0.050726198,0.0025731472
3472,0,1,0.07589054,-0.036167383,0.07289717952075,0.0029933602,8.960205e-06
3473,0,1,-0.106258154,0.022685051,-0.0618938422310813,0.04436431,0.0019681922
3474,0,1,0.020421267,-0.016175985,-0.0631674521051564,0.08358872,0.006987074
3475,0,1,0.021635532,-0.016594172,0.0097918078964105,0.011843724,0.0001402738
3476,0,1,-0.04741931,0.0057907104,-0.1850178990270379,0.13759859,0.018933373
3477,0,1,0.1393323,-0.06132102,0.3856503019105441,0.24631801,0.060672563
3478,0,1,-0.3876722,0.24996638,-0.1190700722067541,0.2686021,0.072147086
3479,0,1,0.07527304,-0.035934925,-0.0010002992382407,0.07627334,0.005817622
3480,0,1,-0.037273645,0.0026767254,-0.1074887778748778,0.070215136,0.004930165
3481,0,1,0.0641098,-0.03176689,-0.133398455233602,0.19750826,0.03900951
3482,0,1,0.08911967,-0.04120946,0.2123357811530009,0.12321611,0.015182209
3483,0,1,-0.23324895,0.07053375,-0.2956546962064776,0.062405735,0.0038944758
3484,0,1,0.24861193,-0.11049843,0.2242206953056844,0.024391234,0.0005949323
3485,0,1,-0.24387646,0.08268404,-0.1487582886413494,0.095118165,0.009047465
3486,0,1,0.10400772,-0.047011614,0.1383025705465814,0.034294844,0.0011761363
3487,0,1,-0.16634893,0.037929296,-0.1190550241354206,0.04729391,0.002236714
3488,0,1,0.07525873,-0.03592968,0.1136779515595951,0.038419217,0.0014760363
3489,0,1,-0.14383292,0.032451153,-0.1361104601357703,0.007722467,5.96365e-05
3490,0,1,0.09174466,-0.042222977,0.2172415471674038,0.12549688,0.015749468
3491,0,1,-0.23763967,0.075546265,-0.0032639624110903,0.2343757,0.05493197
3492,0,1,-0.03514242,0.0020151138,0.04260438470489,0.07774681,0.006044566
3493,0,1,-0.07811785,0.014852047,-0.0124161784624199,0.06570167,0.0043167095
3494,0,1,-0.026515484,-0.00069093704,-0.1138755316200161,0.08736005,0.007631778
3495,0,1,0.070263386,-0.034054995,0.2716507410674147,0.20138735,0.040556863
3496,0,1,-0.28597856,0.13140512,-0.0660179607048787,0.2199606,0.048382666
3497,0,1,0.02435565,-0.017533302,0.0189569321821743,0.0053987186,2.9146164e-05
3498,0,1,-0.056016207,0.0083835125,-0.1128699380709341,0.056853734,0.003232347
3499,0,1,0.0692935,-0.0336926,0.1419063069814585,0.07261281,0.00527262
3500,0,1,-0.16963339,0.03870511,-0.1063542419751391,0.063279144,0.0040042503
3501,0,1,0.06301832,-0.031363964,0.1714773131892233,0.108458996,0.011763354
3502,0,1,-0.19647574,0.045046806,-0.2936835803236786,0.097207844,0.009449365
3503,0,1,0.2466464,-0.10954785,0.22769519998569,0.018951207,0.00035914825
3504,0,1,-0.24697828,0.08624077,-0.1036145704617803,0.14336371,0.020553155
3505,0,1,0.060382128,-0.030391216,0.0603926306431117,1.0501593e-05,1.1028346e-10
3506,0,1,-0.094665766,0.019512415,-0.1746173474695234,0.079951584,0.006392256
3507,0,1,0.12917376,-0.057127714,0.2695561911925552,0.14038244,0.019707229
3508,0,1,-0.28412962,0.12924576,-0.3952921642296618,0.11116254,0.012357111
3509,0,1,0.3488376,-0.16565752,0.3345457815195201,0.014291823,0.0002042562
3510,0,1,-0.34103537,0.19656801,-0.0437740445063967,0.29726133,0.088364296
3511,0,1,0.0031740665,-0.01033473,0.0915154439238254,0.08834138,0.007804199
3512,0,1,-0.12345624,0.027252913,-0.0274511918324646,0.09600505,0.00921697
3513,0,1,-0.012304783,-0.005242586,0.0293345102730269,0.04163929,0.0017338305
3514,0,1,-0.065730095,0.011260271,0.032053276876014,0.09778337,0.009561588
3515,0,1,-0.0682714,0.012004852,-0.0257643938675729,0.042507004,0.0018068454
3516,0,1,-0.0139017105,-0.004725218,0.2294628954716073,0.2433646,0.05922633
3517,0,1,-0.24855447,0.088050604,-0.1920093570723291,0.05654511,0.0031973494
3518,0,1,0.14617157,-0.064180374,0.228557152142633,0.082385585,0.0067873844
3519,0,1,-0.24774599,0.087123394,-0.1165618149224831,0.13118418,0.017209288
3520,0,1,0.07285285,-0.03502536,0.2406708313900547,0.16781798,0.028162874
3521,0,1,-0.25853515,0.09954047,-0.163671423483334,0.09486373,0.008999127
3522,0,1,0.11850619,-0.052792072,0.1029407035912761,0.015565492,0.00024228454
3523,0,1,-0.13397431,0.029965162,-0.1748551064419197,0.0408808,0.0016712397
3524,0,1,0.12940621,-0.057222843,0.2275754064183712,0.09816919,0.00963719
3525,0,1,-0.24687123,0.086117744,-0.0679285838389542,0.17894265,0.032020472
3526,0,1,0.026179552,-0.018165588,0.0484587179566831,0.022279166,0.00049636123
3527,0,1,-0.08357167,0.01640439,0.0375578845642952,0.12112956,0.01467237
3528,0,1,-0.07341099,0.013497829,0.0315604712167165,0.10497145,0.011019006
3529,0,1,-0.067810535,0.011869669,-0.109105551605841,0.041295014,0.0017052782
3530,0,1,0.06566715,-0.032343864,0.0957106270765897,0.030043475,0.0009026104
3531,0,1,-0.12732196,0.028257132,-0.1028809347192605,0.024441026,0.00059736375
3532,0,1,0.059676647,-0.030132294,0.0387000990663684,0.020976547,0.00044001554
3533,0,1,-0.07447672,0.013805866,0.1354064520494349,0.20988317,0.044050943
3534,0,1,-0.16370821,0.037301302,-0.137308626622655,0.026399583,0.00069693796
3535,0,1,0.09290552,-0.042672634,0.045063842547929,0.04784168,0.0022888263
3536,0,1,-0.08041024,0.015506506,0.1136558170281363,0.19406606,0.037661638
3537,0,1,-0.14381266,0.032446384,-0.1389008288932989,0.004911825,2.4126026e-05
3538,0,1,0.09444809,-0.043270826,0.0777587544178204,0.016689338,0.000278534
3539,0,1,-0.11075616,0.02389574,0.02401914133093,0.1347753,0.01816438
3540,0,1,-0.060757875,0.009794474,-0.0206717153069777,0.040086158,0.0016069
3541,0,1,-0.018718243,-0.0031735897,-0.0587389231483324,0.040020682,0.001601655
3542,0,1,0.017413616,-0.015145063,-0.0445294476764184,0.061943065,0.0038369433
3543,0,1,0.0038912296,-0.010574818,0.0856077772340171,0.081716545,0.0066775936
3544,0,1,-0.1180079,0.025824308,-0.2536042622921277,0.13559636,0.018386373
3545,0,1,0.20681858,-0.09080768,0.1518939056683024,0.05492468,0.0030167208
3546,0,1,-0.17872071,0.040821075,-0.1406315834430587,0.038089126,0.0014507816
3547,0,1,0.096125126,-0.0439229,-0.1627559301907628,0.25888106,0.0670194
3548,0,1,0.11761451,-0.052433014,0.006254102181237,0.11136041,0.01240114
3549,0,1,-0.04409623,0.00477767,0.0876477909862645,0.13174403,0.017356489
3550,0,1,-0.11989045,0.02631998,-0.124508875633019,0.004618421,2.1329814e-05
3551,0,1,0.080524445,-0.037921906,0.1008604056957467,0.020335957,0.00041355117
3552,0,1,-0.132061,0.029476404,-0.1480833663556242,0.016022354,0.00025671584
3553,0,1,0.10335302,-0.046753407,0.1127075757685305,0.009354554,8.750768e-05
3554,0,1,-0.14294362,0.032229662,0.0495616894239678,0.19250531,0.037058298
3555,0,1,-0.08459759,0.016695261,0.0518230055403954,0.1364206,0.018610578
3556,0,1,-0.08670211,0.017289162,0.0325383153111635,0.119240426,0.014218279
3557,0,1,-0.06872463,0.012136698,-0.0679683990689281,0.00075623393,5.7188976e-07
3558,0,1,0.02621746,-0.018179178,0.2357265748092669,0.20950912,0.04389407
3559,0,1,-0.25413585,0.09446931,-0.4623933162104765,0.20825747,0.04337117
3560,0,1,0.4172163,-0.23718977,0.5561077277044553,0.1388914,0.01929082
3561,0,1,-0.5559237,0.43082857,-0.5212776875767537,0.034646034,0.0012003477
3562,0,1,0.4777553,-0.30044293,0.439870169392607,0.03788513,0.001435283
3563,0,1,-0.4417827,0.30704856,-0.3633012800811293,0.078481436,0.006159336
3564,0,1,0.31648088,-0.14482856,0.462908946707266,0.14642808,0.021441182
3565,0,1,-0.46461034,0.33143282,-0.3910817289519173,0.07352862,0.0054064575
3566,0,1,0.34456992,-0.16118908,0.3495897907899885,0.0050198734,2.519913e-05
3567,0,1,-0.35407305,0.21224499,-0.1424487425587539,0.21162431,0.044784848
3568,0,1,0.09788704,-0.044609547,0.1883163904525937,0.09042935,0.008177468
3569,0,1,-0.21167517,0.049435377,-0.0445004095900878,0.16717476,0.0279474
3570,0,1,0.0038642883,-0.0105650425,0.0464089614799987,0.042544674,0.0018100493
3571,0,1,-0.08166337,0.015862942,0.0056443675886095,0.08730774,0.007622641
3572,0,1,-0.043523073,0.0046019554,0.0242114858957953,0.06773456,0.0045879707
3573,0,1,-0.06093812,0.009847879,0.0174463059714002,0.07838443,0.006144119
3574,0,1,-0.054600477,0.007959366,0.1116056817986339,0.16620615,0.027624484
3575,0,1,-0.14193249,0.03197646,-0.0746482024020673,0.067284286,0.0045271753
3576,0,1,0.03260064,-0.020407677,-0.0095916049783522,0.042192247,0.0017801857
3577,0,1,-0.029179811,0.00014972687,-0.0598346720958202,0.030654859,0.00093972037
3578,0,1,0.01845789,-0.015502453,0.1332718836572213,0.114814,0.0131822545
3579,0,1,-0.16175985,0.036835194,-0.1353334463047089,0.026426405,0.00069835485
3580,0,1,0.090993404,-0.04193282,0.3894038146861147,0.29841042,0.08904877
3581,0,1,-0.3914349,0.2539041,-0.2153778827592294,0.17605703,0.030996077
3582,0,1,0.16909862,-0.07397771,0.2249720658835015,0.055873454,0.0031218429
3583,0,1,-0.24454713,0.083452225,-0.2905310244087444,0.04598391,0.00211452
3584,0,1,0.24350333,-0.10803223,0.3464179609786102,0.10291463,0.010591421
3585,0,1,-0.35132837,0.20893717,-0.3610366156387337,0.0097082555,9.425022e-05
3586,0,1,0.3141966,-0.14362502,0.2370692669258285,0.07712732,0.005948624
3587,0,1,-0.2553308,0.095846415,-0.0265070947700873,0.2288237,0.05236029
3588,0,1,-0.013198137,-0.0049524307,0.0542186777393198,0.06741682,0.0045450274
3589,0,1,-0.08892989,0.017915487,-0.0552293497347573,0.03370054,0.0011357265
3590,0,1,0.014070511,-0.014003992,-0.0814319106015983,0.09550242,0.009120712
3591,0,1,0.039092064,-0.022699356,0.1805524080479728,0.14146034,0.020011028
3592,0,1,-0.20467496,0.04742956,-0.0889746526471868,0.115700305,0.013386561
3593,0,1,0.0463202,-0.025280237,0.1280472431587309,0.08172704,0.0066793095
3594,0,1,-0.15698767,0.035685778,-0.09072258879441,0.06626508,0.00439106
3595,0,1,0.047996998,-0.025883675,-0.01532078695059,0.06331778,0.0040091416
3596,0,1,-0.02377367,-0.0015597343,-0.0189825453104499,0.0047911257,2.2954886e-05
3597,0,1,-0.02031517,-0.0026621819,0.058982677032036,0.07929785,0.006288149
3598,0,1,-0.09335661,0.01914978,-0.3269914876144764,0.23363489,0.054585263
3599,0,1,0.27995706,-0.12598968,0.4851459539394804,0.2051889,0.042102486
3600,0,1,-0.48654962,0.3550408,-0.4508823994227962,0.03566721,0.00127215
3601,0,1,0.40543866,-0.22487569,0.4894360835960851,0.08399743,0.007055568
3602,0,1,-0.49077106,0.3596022,-0.1539149459846633,0.33685613,0.11347205
3603,0,1,0.10901594,-0.048993587,0.2134999826239925,0.10448404,0.010916914
3604,0,1,-0.23429179,0.071722746,-0.2080028107909219,0.026288986,0.0006911108
3605,0,1,0.16185212,-0.07084513,0.0508441400823453,0.11100798,0.012322772
3606,0,1,-0.08579159,0.017032385,-0.1755668167651003,0.089775234,0.008059593
3607,0,1,0.13010049,-0.057507038,0.2290159166226311,0.09891543,0.009784262
3608,0,1,-0.24815607,0.087593555,-0.1031090338475153,0.14504704,0.021038644
3609,0,1,0.059895992,-0.030213356,0.2976587639550723,0.23776278,0.05653114
3610,0,1,-0.30885243,0.15827489,-0.4248237061756224,0.11597127,0.013449335
3611,0,1,0.37884784,-0.19706368,0.4127818356311579,0.033933997,0.0011515162
3612,0,1,-0.4148152,0.27847624,-0.5389966348888628,0.12418145,0.015421032
3613,0,1,0.49606276,-0.3195591,0.3709418932027311,0.12512085,0.015655227
3614,0,1,-0.37290144,0.23455667,-0.50452073859684,0.13161927,0.017323634
3615,0,1,0.46047902,-0.28239822,0.3256074572580028,0.13487157,0.018190341
3616,0,1,-0.3332653,0.18726921,-0.4268303384790908,0.09356505,0.008754418
3617,0,1,0.38089252,-0.19920206,0.3194537160957318,0.0614388,0.003774726
3618,0,1,-0.32790518,0.18087482,-0.4769759534283846,0.14907077,0.022222094
3619,0,1,0.43216395,-0.25281334,0.7043632354510936,0.27219927,0.07409245
3620,0,1,-0.6976001,0.59124374,-0.5898261279764725,0.10777402,0.011615239
3621,0,1,0.54879856,-0.37459826,0.5869447567866306,0.038146198,0.0014551324
3622,0,1,-0.5857618,0.46397138,-0.4294277166188882,0.15633407,0.024440343
3623,0,1,0.38353944,-0.20197105,0.2249768931099347,0.15856254,0.02514208
3624,0,1,-0.2445519,0.08345795,-0.189653841377519,0.054898053,0.0030137962
3625,0,1,0.14386654,-0.06321311,0.0847671730106345,0.05909937,0.0034927353
3626,0,1,-0.117232084,0.025618553,-0.0103727354972296,0.10685935,0.01141892
3627,0,1,-0.028443098,-8.201599e-05,0.0814956116668499,0.10993871,0.01208652
3628,0,1,-0.11421037,0.024817944,-0.1535349527169138,0.03932458,0.0015464227
3629,0,1,0.10864711,-0.0488472,0.1897664775241394,0.08111937,0.006580353
3630,0,1,-0.21298122,0.04980707,-0.1974689515137568,0.015512273,0.0002406306
3631,0,1,0.1515193,-0.06643653,0.227987219399222,0.07646792,0.0058473423
3632,0,1,-0.2472384,0.086539745,-0.0497027214984848,0.19753568,0.039020345
3633,0,1,0.008810043,-0.012224436,0.0748676174990139,0.06605758,0.0043636034
3634,0,1,-0.10808182,0.023177624,-0.1197437199861832,0.011661902,0.00013599996
3635,0,1,0.07592368,-0.03618002,0.0948414288204824,0.018917747,0.00035788116
3636,0,1,-0.12652135,0.028049946,-0.1882634834956813,0.06174214,0.0038120921
3637,0,1,0.14250588,-0.06264424,0.149000610293438,0.0064947307,4.2181528e-05
3638,0,1,-0.17609,0.040213108,-0.1531021990626735,0.022987798,0.00052843883
3639,0,1,0.1082263,-0.04867983,0.0616210120684672,0.04660529,0.0021720529
3640,0,1,-0.09580588,0.019827843,-0.162300184241205,0.0664943,0.004421492
3641,0,1,0.11717105,-0.0522542,0.1031095744659396,0.014061473,0.00019772504
3642,0,1,-0.13412929,0.030004263,-0.069900993202749,0.0642283,0.0041252743
3643,0,1,0.028063297,-0.018821001,0.2545548990697552,0.2264916,0.051298443
3644,0,1,-0.27086115,0.113801,-0.3212481389590711,0.050386995,0.0025388494
3645,0,1,0.27419996,-0.1230979,0.1300656251645704,0.14413434,0.020774709
3646,0,1,-0.15883255,0.036131144,-0.1140073049857957,0.04482525,0.0020093028
3647,0,1,0.070390224,-0.03410244,0.0740615496828973,0.0036713257,1.3478632e-05
3648,0,1,-0.107336044,0.022976398,0.0865533136749614,0.19388935,0.03759308
3649,0,1,-0.11888051,0.026053667,0.0727390329726387,0.19161955,0.036718052
3650,0,1,-0.106111765,0.022645712,-0.2330395370179894,0.12692778,0.01611066
3651,0,1,0.18649268,-0.081628084,0.3613294436556686,0.17483675,0.03056789
3652,0,1,-0.36421204,0.224504,-0.4419327570664255,0.07772073,0.006040512
3653,0,1,0.3962953,-0.21531391,0.4548621868733811,0.05856687,0.003430078
3654,0,1,-0.4566486,0.3229084,-0.333825381146585,0.12282321,0.015085541
3655,0,1,0.28681445,-0.12946296,0.3315499887494186,0.04473555,0.0020012695
3656,0,1,-0.33843303,0.19344974,-0.2324894755191606,0.105943546,0.011224035
3657,0,1,0.18595052,-0.08138633,0.2677628927013828,0.08181238,0.006693266
3658,0,1,-0.28254676,0.12739754,-0.2542003914576654,0.02834636,0.00080351613
3659,0,0,0.2074089,-0.091077566,-0.3086630844702789,0.516072,0.26633027
3660,0,0,0.26160407,-0.11684394,-0.3419982736820208,0.60360235,0.3643358
3661,0,0,0.29502606,-0.13365936,-0.3939639314228578,0.68899,0.47470722
3662,0,0,0.34749126,-0.16424727,-0.4998450394924512,0.8473363,0.7179788
3663,0,0,0.4556656,-0.27736974,-0.4360218479657005,0.8916874,0.7951064
3664,1,0,-0.44519663,-0.20900416,-0.2885849343971323,0.15661168,0.024527218
3665,1,0,-0.29437327,-0.107100725,-0.1460180273164657,0.14835525,0.02200928
3666,1,0,-0.14974952,-0.045964956,-0.1331276006877608,0.016621917,0.00027628813
3667,1,0,-0.13666868,-0.041108847,-0.2568312293199652,0.12016255,0.014439038
3668,1,0,-0.26184797,-0.09227395,-0.2345830726359916,0.027264893,0.0007433744
3669,1,0,-0.23939562,-0.08230686,-0.2907353163731319,0.051339686,0.0026357633
3670,1,0,-0.29658175,-0.108130455,-0.2720795043687238,0.024502248,0.00060036016
3671,1,0,-0.27741528,-0.09930539,-0.1717147218938732,0.10570055,0.011172607
3672,1,0,-0.17580223,-0.055970192,-0.0906009199048751,0.08520131,0.0072592627
3673,1,0,-0.09345651,-0.025840998,0.0490859558335228,0.14254247,0.020318355
3674,1,0,0.049015522,0.016569614,0.0157053137923663,0.03331021,0.00110957
3675,1,0,0.014902353,0.0074691772,0.1674883185650659,0.15258597,0.023282478
3676,1,0,0.17029428,0.04402542,0.0799094360543208,0.09038485,0.008169421
3677,1,0,0.08054876,0.024427414,0.1943673187630201,0.113818556,0.0129546635
3678,1,0,0.19787693,0.05220771,0.2498578117832322,0.051980883,0.0027020122
3679,1,0,0.25486565,0.10897374,0.1663315681816506,0.08853407,0.007838282
3680,1,0,0.16910768,0.043792486,0.124918294207589,0.04418938,0.0019527011
3681,1,0,0.12664533,0.03499031,-0.090411317907959,0.21705665,0.047113586
3682,1,0,-0.093263626,-0.02577591,0.0126078629636499,0.10587149,0.011208773
3683,1,0,0.011739016,0.0065922737,-0.0214773135938659,0.033216327,0.0011033243
3684,1,0,-0.023049593,-0.0034167767,-0.1799208138257984,0.15687121,0.024608579
3685,1,0,-0.18411565,-0.059257507,0.065981857774354,0.2500975,0.062548764
3686,1,0,0.06629634,0.020941019,0.0354072048859901,0.030889135,0.00095413864
3687,1,0,0.035031796,0.012916088,0.0929951112812763,0.05796332,0.0033597464
3688,1,0,0.09394479,0.027608395,-6.414178013169902e-06,0.0939512,0.008826829
3689,1,0,-0.0011408329,0.0029668808,0.0563188115885342,0.057459645,0.0033016107
3690,1,0,0.05641198,0.018460989,0.1284591366722365,0.07204716,0.005190793
3691,1,0,0.1302743,0.035776615,0.1641754585400403,0.03390117,0.0011492893
3692,1,0,0.16689634,0.04335475,0.10899162706548,0.057904713,0.0033529557
3693,1,0,0.110327005,0.031373978,0.1709310892880822,0.06060408,0.0036728545
3694,1,0,0.17382574,0.044902325,0.0525188697510388,0.12130687,0.014715356
3695,1,0,0.052526236,0.017470837,0.1705428132384079,0.11801657,0.013927911
3696,1,0,0.17342782,0.044799328,0.1350747030250847,0.038353115,0.0014709615
3697,1,0,0.1370554,0.037228346,0.2432374342408847,0.10618204,0.011274626
3698,1,0,0.24806333,0.10217428,0.135656554383273,0.112406775,0.012635283
3699,1,0,0.13765168,0.037355423,0.1788581189879607,0.041206434,0.0016979702
3700,1,0,0.18195987,0.046987534,0.1212549882335705,0.06070488,0.0036850823
3701,1,0,0.122891665,0.03417039,0.2219440373544925,0.09905237,0.009811372
3702,1,0,0.22619057,0.08035469,0.1353611803706589,0.09082939,0.008249978
3703,1,0,0.13734889,0.03729081,0.1485778973868265,0.011229008,0.00012609063
3704,1,0,0.15089917,0.0401237,0.1385568319577599,0.012342334,0.0001523332
3705,1,0,0.140625,0.03798437,0.0983017859438675,0.042323217,0.0017912547
3706,1,0,0.099378586,0.028872252,0.204098215561423,0.104719624,0.010966199
3707,1,0,0.20786643,0.062125683,0.2141605217144584,0.0062940866,3.9615526e-05
3708,1,0,0.21819735,0.07239723,0.2568359514559604,0.03863859,0.0014929408
3709,1,0,0.26203656,0.11614823,0.1937684034698836,0.068268165,0.004660542
3710,1,0,0.19726205,0.051597834,0.1570263263596167,0.040235728,0.0016189138
3711,1,0,0.1595633,0.041888714,0.132697540309171,0.026865765,0.00072176935
3712,1,0,0.13461828,0.036709547,0.0141199315622908,0.12049835,0.014519853
3713,1,0,0.013283014,0.007021427,-0.0648843602934543,0.07816737,0.006110138
3714,1,0,-0.067286015,-0.017159462,-0.1387643604281989,0.07147835,0.0051091546
3715,1,0,-0.14238977,-0.043219328,-0.1916152793910757,0.04922551,0.0024231507
3716,1,0,-0.1959548,-0.06401873,-0.2578167923671208,0.061861992,0.003826906
3717,1,0,-0.26284146,-0.092724085,-0.3575406166081456,0.094699144,0.008967928
3718,1,0,-0.36506748,-0.14177561,-0.371833776463125,0.0067662895,4.578267e-05
3719,1,0,-0.3796885,-0.14939523,-0.3208948526212065,0.058793634,0.0034566915
3720,1,0,-0.3275299,-0.12292075,-0.267847293992657,0.059682608,0.0035620136
3721,1,0,-0.2730646,-0.097337484,-0.3867815871885471,0.11371696,0.012931547
3722,1,0,-0.39496565,-0.15752506,-0.3832224321030075,0.011743218,0.00013790316
3723,1,0,-0.39132905,-0.15557384,-0.4290598651735142,0.037730813,0.0014236142
3724,1,0,-0.43810344,-0.20157933,-0.5499157396586098,0.11181229,0.012501989
3725,1,0,-0.56077313,-0.33135796,-0.5487682212961169,0.012004912,0.0001441179
3726,1,0,-0.55961275,-0.330117,-0.4808783967509211,0.07873437,0.0061991005
3727,1,0,-0.4908216,-0.25699902,-0.6787918306436902,0.18797022,0.035332803
3728,1,0,-0.6904001,-0.47159362,-0.4454850693769669,0.24491507,0.05998339
3729,1,0,-0.45483255,-0.21910763,-0.5085912915995014,0.05375874,0.0028900022
3730,1,0,-0.51894116,-0.2867787,-0.6111163131568507,0.092175126,0.008496254
3731,1,0,-0.622493,-0.39773512,-0.6716288076154853,0.049135804,0.0024143273
3732,1,0,-0.68323064,-0.46375537,-0.7036550381487063,0.020424426,0.00041715716
3733,1,0,-0.7152531,-0.49883938,-0.7509391374706129,0.035686016,0.0012734918
3734,1,0,-0.7623327,-0.5508051,-0.827247289171408,0.064914584,0.004213903
3735,1,0,-0.8374798,-0.6350455,-0.7012209136050287,0.1362589,0.018566487
3736,1,0,-0.7128222,-0.4961698,-0.7462036074778835,0.033381402,0.001114318
3737,1,0,-0.7576599,-0.54559183,-0.8408557956717044,0.083195865,0.006921552
3738,1,0,-0.8508568,-0.6501124,-0.6817086032805757,0.1691482,0.028611116
3739,1,0,-0.69331837,-0.47478747,-0.6202762966631497,0.073042095,0.0053351475
3740,1,0,-0.63170576,-0.4077053,-0.6685261666913633,0.03682041,0.0013557427
3741,1,0,-0.6801233,-0.46036196,-0.6802620581669836,0.00013870001,1.9237692e-08
3742,1,0,-0.69187117,-0.47320318,-0.711618789705116,0.019747615,0.0003899683
3743,1,0,-0.7232027,-0.5075784,-0.7677522855820622,0.044549584,0.0019846654
3744,1,0,-0.7789087,-0.5693271,-0.6927317118719096,0.08617699,0.007426474
3745,1,0,-0.70434046,-0.48686194,-0.7745307808975519,0.07019031,0.0049266797
3746,1,0,-0.78558874,-0.5768018,-0.5739592370303561,0.21162951,0.04478705
3747,1,0,-0.58505416,-0.35738587,-0.5043539573392519,0.08070022,0.0065125255
3748,1,0,-0.5146456,-0.2822194,-0.6508102138716718,0.13616467,0.018540816
3749,1,0,-0.6623676,-0.44100118,-0.8005262494952619,0.13815868,0.019087821
3750,1,0,-0.8111899,-0.60549736,-0.9622571096264014,0.1510672,0.022821298
3751,1,0,-0.969831,-0.7850189,-0.8901855582904648,0.079645455,0.0063433987
3752,1,0,-0.8992827,-0.70482993,-1.02743657797606,0.12815392,0.016423427
3753,1,0,-1.0334055,-0.8577428,-0.933535338540747,0.099870205,0.009974058
3754,1,0,-0.9417467,-0.7530303,-1.0980904424964228,0.1563437,0.024443353
3755,1,0,-1.1020507,-0.93673587,-1.0516930537860365,0.05035758,0.002535886
3756,1,0,-1.0570052,-0.8848462,-0.9449979339675822,0.11200726,0.012545627
3757,1,0,-0.95296,-0.76579213,-1.0100342632808048,0.05707431,0.0032574767
3758,1,0,-1.016454,-0.83831024,-1.007274123801721,0.009179831,8.426929e-05
3759,1,0,-1.0137641,-0.83522916,-1.0316293183932372,0.017865181,0.00031916468
3760,1,0,-1.0374873,-0.8624265,-0.911297610497018,0.12618965,0.015923828
3761,1,0,-0.91997457,-0.7282915,-0.7907163311860415,0.12925822,0.016707687
3762,1,0,-0.80153227,-0.5946622,-0.747995478579444,0.053536773,0.002866186
3763,1,0,-0.759429,-0.54756427,-0.7488826822685302,0.010546267,0.00011122375
3764,1,0,-0.7603042,-0.54854083,-0.816727013708598,0.05642283,0.0031835358
3765,1,0,-0.82713246,-0.6234057,-0.8755920163488691,0.04845953,0.0023483261
3766,1,0,-0.88496757,-0.6886263,-0.7941355164593644,0.090832055,0.008250462
3767,1,0,-0.80489874,-0.598438,-0.6716219231897669,0.13327682,0.017762711
3768,1,0,-0.68322325,-0.46374726,-0.6025156223436263,0.08070761,0.006513718
3769,1,0,-0.6138365,-0.38838267,-0.6822393814739773,0.06840283,0.004678947
3770,1,0,-0.6938491,-0.47536826,-0.634113004353225,0.059736073,0.0035683985
3771,1,0,-0.64560986,-0.42278242,-0.5445703801737607,0.10103947,0.010208975
3772,1,0,-0.55536914,-0.32558012,-0.4522001319465141,0.103168994,0.010643842
3773,1,0,-0.46166706,-0.2262845,-0.5071362107811002,0.045469165,0.0020674448
3774,1,0,-0.5174668,-0.285213,-0.5161193771905239,0.0013474226,1.8155476e-06
3775,1,0,-0.5265708,-0.29488444,-0.798442107582578,0.27187133,0.07391402
3776,1,0,-0.8091388,-0.60319424,-0.8669969822843742,0.05785823,0.0033475747
3777,1,0,-0.87653255,-0.6790898,-0.9132830965412864,0.036750555,0.0013506033
3778,1,0,-0.92191887,-0.730499,-0.9476212137246128,0.025702357,0.00066061114
3779,1,0,-0.9555254,-0.76871324,-1.027614425531698,0.072089076,0.005196835
3780,1,0,-1.0335789,-0.8579416,-0.8506465152725586,0.18293238,0.033464253
3781,1,0,-0.86047673,-0.6609607,-1.0009360651002663,0.1404593,0.019728815
3782,1,0,-1.0075853,-0.82815456,-0.9309414841614316,0.076643825,0.0058742757
3783,1,0,-0.9392085,-0.7501433,-0.9008673062766692,0.038341224,0.0014700495
3784,1,0,-0.9097545,-0.7166972,-0.7222848225487306,0.18746972,0.035144895
3785,1,0,-0.7338407,-0.51929045,-0.6406839407237324,0.093156755,0.008678181
3786,1,0,-0.6522074,-0.42994833,-0.5799975457688133,0.072209835,0.0052142604
3787,1,0,-0.5911455,-0.3639326,-0.508889256105594,0.08225626,0.006766092
3788,1,0,-0.5192437,-0.28709936,-0.5041033460199524,0.015140355,0.00022923034
3789,1,0,-0.5143912,-0.28194976,-0.4244485055910161,0.089942664,0.008089683
3790,1,0,-0.4334035,-0.1966641,-0.3965233634600937,0.036880136,0.0013601443
3791,1,0,-0.40491486,-0.16696429,-0.6666502695823344,0.26173544,0.06850544
3792,1,0,-0.67824435,-0.45831013,-0.6147294112023225,0.06351495,0.0040341485
3793,1,0,-0.6261277,-0.40166736,-0.6294912424247632,0.0033635497,1.13134665e-05
3794,1,0,-0.64096713,-0.41774392,-0.7049440750538101,0.06397694,0.004093049
3795,1,0,-0.7165401,-0.5002532,-0.7686769205626178,0.05213684,0.00271825
3796,1,0,-0.7798195,-0.57034683,-0.8112702283449118,0.03145075,0.0009891496
3797,1,0,-0.82176423,-0.6173713,-0.770400404151061,0.051363826,0.0026382427
3798,1,0,-0.78151846,-0.572247,-0.8132196670008418,0.031701207,0.0010049666
3799,1,0,-0.82368255,-0.61952686,-0.6189317324422672,0.20475084,0.041922905
3800,1,0,-0.6303537,-0.40624142,-0.4526561347951738,0.17769757,0.031576425
3801,1,0,-0.46213102,-0.2267716,-0.4109999251150271,0.0511311,0.0026143894
3802,1,0,-0.41969013,-0.18234754,-0.4680489799769245,0.048358858,0.0023385792
3803,1,0,-0.47778583,-0.24324584,-0.5171396553017287,0.039353848,0.0015487253
3804,1,0,-0.5276046,-0.2959833,-0.3304393410739048,0.19716525,0.038874134
3805,1,0,-0.3373139,-0.127738,-0.3628932259760202,0.025579333,0.0006543023
3806,1,0,-0.37054396,-0.14461136,-0.5522212292486217,0.18167728,0.033006635
3807,1,0,-0.56310296,-0.33385086,-0.5987579582066127,0.03565502,0.0012712806
3808,1,0,-0.6100528,-0.38429952,-0.6821281455482615,0.07207531,0.00519485
3809,1,0,-0.693738,-0.4752469,-0.6310981351502409,0.06263983,0.0039237486
3810,1,0,-0.64258146,-0.41949534,-0.69751185866776,0.05493039,0.0030173475
3811,1,0,-0.7091174,-0.49210286,-0.7273912795903783,0.01827389,0.00033393505
3812,1,0,-0.73893,-0.52490187,-0.619993720909835,0.11893624,0.01414583
3813,1,0,-0.6314211,-0.40739775,-0.7173268904057091,0.08590579,0.0073798047
3814,1,0,-0.72889686,-0.5138447,-0.604024263723741,0.124872565,0.015593157
3815,1,0,-0.61535573,-0.390023,-0.5342078155855767,0.08114791,0.0065849833
3816,1,0,-0.54488707,-0.31438947,-0.4979504315173404,0.04693663,0.0022030473
3817,1,0,-0.50815034,-0.2753327,-0.5757093105920794,0.067558944,0.004564211
3818,1,0,-0.5868201,-0.3592825,-0.5819865659802006,0.004833579,2.3363487e-05
3819,1,0,-0.59315133,-0.3660903,-0.5304369991100049,0.06271434,0.0039330884
3820,1,0,-0.5410707,-0.31031942,-0.4637937759714829,0.077276915,0.005971722
3821,1,0,-0.47345996,-0.23868823,-0.4132064351348341,0.06025353,0.003630488
3822,1,0,-0.4219408,-0.184695,-0.191858725254483,0.23008208,0.052937765
3823,1,0,-0.19620132,-0.06411886,-0.1640526892850222,0.03214863,0.0010335344
3824,1,0,-0.16803765,-0.052941322,-0.0371132412388011,0.1309244,0.017141199
3825,1,0,-0.03899312,-0.008237362,-0.1365364708682133,0.097543344,0.009514704
3826,1,0,-0.14012837,-0.04238224,-0.123899863618655,0.016228512,0.0002633646
3827,1,0,-0.12729907,-0.03769827,-0.1841139088494796,0.056814834,0.0032279254
3828,1,0,-0.1883614,-0.060953617,-0.4652951441181194,0.27693373,0.07669229
3829,1,0,-0.47498608,-0.24029613,-0.6068952330618846,0.13190913,0.017400019
3830,1,0,-0.61824536,-0.39314437,-0.4557712941317429,0.16247407,0.026397822
3831,1,0,-0.46530032,-0.23010421,-0.3088041092570317,0.15649623,0.02449107
3832,1,0,-0.31512856,-0.11691332,-0.2290520993821596,0.08607647,0.007409158
3833,1,0,-0.23380923,-0.07988167,-0.2948200422867209,0.061010808,0.0037223187
3834,1,0,-0.30077648,-0.1100955,-0.4074694655133926,0.10669297,0.01138339
3835,1,0,-0.4160874,-0.17859268,-0.4848396492714868,0.06875226,0.0047268732
3836,1,0,-0.49484444,-0.26125002,-0.4914766249643842,0.0033678114,1.1342154e-05
3837,1,0,-0.50158143,-0.2683766,-0.5557533265728689,0.05417192,0.002934597
3838,1,0,-0.5666721,-0.3376708,-0.5740747313791599,0.0074026585,5.479935e-05
3839,1,0,-0.58517075,-0.35751104,-0.6542707453777079,0.06910002,0.004774813
3840,1,0,-0.66583824,-0.4447801,-0.7220289971587257,0.05619073,0.003157398
3841,1,0,-0.7335856,-0.51901007,-0.7803304016011863,0.046744823,0.0021850786
3842,1,0,-0.79130316,-0.583199,-0.6193305357044987,0.17197263,0.029574586
3843,1,0,-0.6307545,-0.40667605,-0.6131286599722539,0.017625809,0.00031066913
3844,1,0,-0.62451744,-0.39992523,-0.4999746648064835,0.12454277,0.015510902
3845,1,0,-0.51020384,-0.2775092,-0.1691556939557479,0.34104815,0.116313845
3846,1,0,-0.17320919,-0.05495453,-0.2282537627651555,0.055044577,0.0030299055
3847,1,0,-0.23300195,-0.07953358,-0.2340645820712277,0.0010626316,1.1291859e-06
3848,1,0,-0.23887229,-0.08207846,-0.2736435925866369,0.034771293,0.0012090428
3849,1,0,-0.27902317,-0.10003567,-0.2084270332729163,0.07059614,0.0049838154
3850,1,0,-0.21296382,-0.07102466,-0.1791326222602687,0.033831194,0.0011445497
3851,1,0,-0.18331647,-0.05893898,-0.0038616267610014,0.17945485,0.032204043
3852,1,0,-0.00507617,0.0018396378,-0.10031267182383,0.0952365,0.009069991
3853,1,0,-0.10333228,-0.029227495,-0.0175686705040445,0.08576361,0.007355397
3854,1,0,-0.01906252,-0.0022351742,0.0978255143682975,0.11688803,0.013662812
3855,1,0,0.09889126,0.028759241,0.0397811034938784,0.059110153,0.0034940103
3856,1,0,0.03950262,0.014095783,0.2158506377930584,0.17634802,0.031098623
3857,1,0,0.21993303,0.074124575,0.2073331289789641,0.0125999,0.0001587575
3858,1,0,0.2111876,0.06542587,0.3395438277179909,0.12835622,0.016475318
3859,1,0,0.34707403,0.20177221,0.5065280584695162,0.15945405,0.025425592
3860,1,0,0.51467013,0.377805,0.436786225198063,0.0778839,0.006065902
3861,1,0,0.4453497,0.30379105,0.373201786225664,0.072147906,0.00520532
3862,1,0,0.38170052,0.2369225,0.413579147895478,0.03187862,0.0010162464
3863,1,0,0.42230773,0.27931595,0.502808446494948,0.08050072,0.0064803665
3864,1,0,0.51097035,0.37384033,0.5753409907409739,0.06437063,0.0041435785
3865,1,0,0.58316183,0.45148516,0.4426373925836988,0.14052445,0.01974712
3866,1,0,0.4511609,0.30997324,0.3256081375634032,0.12555277,0.015763499
3867,1,0,0.33274007,0.18726921,0.3649447439319497,0.032204688,0.0010371419
3868,1,0,0.37320542,0.22828317,0.3568068322603146,0.016398579,0.0002689134
3869,1,0,0.36483312,0.21977901,0.4713974947915518,0.10656437,0.011355965
3870,1,0,0.47973847,0.34043646,0.4632197989358224,0.016518682,0.00027286686
3871,1,0,0.47161078,0.3317623,0.4874866932718635,0.015875906,0.00025204438
3872,1,0,0.49573278,0.35752964,0.3983176271569943,0.09741515,0.009489711
3873,1,0,0.40716243,0.26326394,0.270845887772968,0.13631654,0.018582199
3874,1,0,0.27643442,0.13057566,0.1578215230236193,0.1186129,0.01406902
3875,1,0,0.16037846,0.0420537,0.1425015816204848,0.017876878,0.0003195828
3876,1,0,0.14466858,0.038832664,0.0715359413263962,0.073132634,0.005348382
3877,1,0,0.07197976,0.022344112,-0.0757513576392812,0.14773113,0.021824485
3878,1,0,-0.0783484,-0.02077794,-0.1921103250921518,0.11376193,0.012941777
3879,1,0,-0.1964562,-0.06422186,-0.3086126001682459,0.11215642,0.012579063
3880,1,0,-0.31493187,-0.11681914,-0.2114149923942272,0.10351688,0.0107157435
3881,1,0,-0.21598482,-0.07228923,-0.2508094514344678,0.03482464,0.0012127556
3882,1,0,-0.2557733,-0.089542866,-0.0708320383592444,0.18494126,0.03420327
3883,1,0,-0.07334161,-0.019131184,-0.206594550197058,0.13325295,0.017756348
3884,1,0,-0.21111035,-0.07025194,0.0442488472618682,0.2553592,0.06520832
3885,1,0,0.044070244,0.0152897835,-0.0579085601708033,0.10197881,0.010399678
3886,1,0,-0.060182333,-0.014874697,0.1215867957856939,0.18176913,0.033040017
3887,1,0,0.12323165,0.034245014,0.1162642515275642,0.0069673955,4.85446e-05
3888,1,0,0.117777824,0.033041477,0.1273995770359213,0.009621754,9.257816e-05
3889,1,0,0.12918782,0.03554201,0.2106934459211631,0.08150563,0.006643167
3890,1,0,0.21463776,0.06885576,-0.0134874753492546,0.22812523,0.05204112
3891,1,0,-0.014898777,-0.0010106564,-0.126793723078527,0.11189495,0.01252048
3892,1,0,-0.13023806,-0.038761854,-0.0815982570289248,0.048639797,0.00236583
3893,1,0,-0.084297895,-0.022755623,-0.0811956605539876,0.0031022355,9.6238655e-06
3894,1,0,-0.08388853,-0.022618532,-0.0530927436526336,0.030795787,0.00094838045
3895,1,0,-0.055276632,-0.013314724,0.1477737219607156,0.20305036,0.04122945
3896,1,0,0.15007448,0.03995371,0.2059486673232284,0.055874184,0.0031219244
3897,1,0,0.20976543,0.06401348,0.1443344640101029,0.06543097,0.0042812116
3898,1,0,0.14654827,0.03922391,0.0869373797092873,0.05961089,0.003553458
3899,1,0,0.087743044,0.026147127,-0.0235176696365559,0.11126071,0.012378946
3900,1,0,-0.025130749,-0.0040380955,-0.1370303256274532,0.11189957,0.012521514
3901,1,0,-0.14062977,-0.04256797,-0.1488410135000579,0.00821124,6.7424466e-05
3902,1,0,-0.1526134,-0.047043562,-0.1101720816513815,0.042441323,0.001801266
3903,1,0,-0.11335349,-0.032725096,-0.2569013888982083,0.1435479,0.020605998
3904,1,0,-0.26191854,-0.092306614,-0.4146474383334597,0.15272889,0.023326112
3905,1,0,-0.42341065,-0.18622875,-0.2704102496461309,0.15300041,0.023409126
3906,1,0,-0.27569938,-0.09852767,-0.3487699129053516,0.073070526,0.0053393017
3907,1,0,-0.3560903,-0.13717437,-0.2927489502925615,0.06334135,0.0040121265
3908,1,0,-0.29864955,-0.10909724,-0.3669076810513405,0.06825814,0.004659173
3909,1,0,-0.37465072,-0.1467526,-0.2305008411607314,0.14414987,0.020779185
3910,1,0,-0.23527241,-0.08051443,-0.1307902337400603,0.104482174,0.010916525
3911,1,0,-0.13429546,-0.04023981,-0.1091765261934418,0.02511894,0.00063096115
3912,1,0,-0.11234188,-0.032369137,-0.1721478076969123,0.05980593,0.0035767492
3913,1,0,-0.1762414,-0.05614257,-0.1052786244620147,0.07096277,0.005035715
3914,1,0,-0.10837984,-0.030981302,-0.1828346349144771,0.0744548,0.005543517
3915,1,0,-0.1870656,-0.06043458,-0.1093931640566867,0.07767244,0.0060330075
3916,1,0,-0.11256194,-0.03244686,-0.2545424314089297,0.1419805,0.020158462
3917,1,0,-0.25953913,-0.09123325,-0.2094404440599335,0.050098687,0.0025098785
3918,1,0,-0.21398854,-0.071452856,-0.2853908231823152,0.07140228,0.0050982856
3919,1,0,-0.2910936,-0.10557723,-0.2569830323055986,0.034110546,0.0011635293
3920,1,0,-0.2620008,-0.092344046,-0.2836169678203926,0.02161616,0.00046725842
3921,1,0,-0.28927064,-0.10473442,-0.5118187199911817,0.22254807,0.04952764
3922,1,0,-0.52221274,-0.29025245,-0.5063767013901423,0.01583606,0.0002507808
3923,1,0,-0.51669645,-0.28439617,-0.7629191745984225,0.24622273,0.060625635
3924,1,0,-0.7741451,-0.56400037,-0.829244792712267,0.055099666,0.0030359733
3925,1,0,-0.8394437,-0.63725615,-0.7184507525917274,0.12099296,0.014639296
3926,1,0,-0.73001814,-0.51507926,-0.7054687117473697,0.024549425,0.00060267426
3927,1,0,-0.7170639,-0.500829,-0.6636764995565487,0.053387403,0.002850215
3928,1,0,-0.6752653,-0.45505857,-0.6598169082980854,0.015448391,0.00023865279
3929,1,0,-0.6713977,-0.45083976,-0.4744473313171933,0.19695035,0.03878944
3930,1,0,-0.48428845,-0.25010252,-0.222273476346448,0.26201499,0.068651855
3931,1,0,-0.2269609,-0.07693887,-0.1428729460989495,0.08408795,0.007070784
3932,1,0,-0.14655852,-0.04477048,-0.2274069954594297,0.08084847,0.0065364754
3933,1,0,-0.23214746,-0.07916498,-0.1889060988456674,0.04324135,0.0018698145
3934,1,0,-0.19321299,-0.06290722,-0.2129055352449698,0.019692555,0.00038779672
3935,1,0,-0.21749187,-0.072922945,-0.3278484988050589,0.11035663,0.012178586
3936,1,0,-0.33465838,-0.1264236,-0.4324251074184668,0.09776673,0.009558333
3937,1,0,-0.4415326,-0.20516706,-0.6154499151839166,0.1739173,0.030247224
3938,1,0,-0.62685204,-0.40245128,-0.7193049469969708,0.09245288,0.008547536
3939,1,0,-0.7308693,-0.5160167,-0.6867021290394377,0.04416716,0.0019507381
3940,1,0,-0.698313,-0.4802556,-0.6590277435278136,0.039285243,0.0015433303
3941,1,0,-0.67060685,-0.44997764,-0.6318435755601306,0.038763285,0.0015025922
3942,1,0,-0.64333034,-0.4203081,-0.5891194125682051,0.0542109,0.002938822
3943,1,0,-0.6003425,-0.3738308,-0.6821131827274964,0.08177066,0.0066864407
3944,1,0,-0.6937227,-0.47522998,-0.6369996396497908,0.05672306,0.0032175053
3945,1,0,-0.6485083,-0.42593026,-0.6398409326132457,0.00866735,7.512295e-05
3946,1,0,-0.65136147,-0.4290297,-0.7397852228452533,0.08842373,0.007818756
3947,1,0,-0.7512734,-0.5385287,-0.6170779547732415,0.13419545,0.018008418
3948,1,0,-0.62849,-0.40422344,-0.6404338291778284,0.011943877,0.0001426562
3949,1,0,-0.65195656,-0.42967582,-0.5711232966904936,0.080833256,0.0065340153
3950,1,0,-0.5821929,-0.35431218,-0.5380104023179606,0.04418248,0.0019520915
3951,1,0,-0.5487344,-0.31849432,-0.5754252826568327,0.02669084,0.000712401
3952,1,0,-0.58653307,-0.35897422,-0.4427871627331194,0.1437459,0.020662883
3953,1,0,-0.45208573,-0.21622634,-0.3190636797168644,0.13302204,0.017694863
3954,1,0,-0.32565212,-0.12200451,-0.4106151130646438,0.084962994,0.00721871
3955,1,0,-0.41929722,-0.18193865,-0.3496065133464761,0.069690704,0.004856794
3956,1,0,-0.3569467,-0.13761044,-0.3261517350712917,0.030794978,0.0009483307
3957,1,0,-0.33291936,-0.125566,-0.2218153001969733,0.111104056,0.012344112
3958,1,0,-0.22649765,-0.07674122,-0.2392756807103677,0.012778029,0.00016327802
3959,1,0,-0.244133,-0.08438015,-0.159982517188137,0.08415048,0.007081303
3960,1,0,-0.16391206,-0.05134821,-0.0413689944593982,0.12254307,0.0150168035
3961,1,0,-0.04333067,-0.00957489,0.0364646658318679,0.07979533,0.0063672946
3962,1,0,0.03611231,0.013202906,0.2298321373213379,0.19371983,0.037527375
3963,1,0,0.2342925,0.08842921,0.1717426986691483,0.062549815,0.003912479
3964,1,0,0.17465901,0.04511714,0.2484431885857132,0.07378417,0.0054441043
3965,1,0,0.25341225,0.10752082,0.4643846320612073,0.2109724,0.04450935
3966,1,0,0.47276855,0.33299756,0.4200622722135558,0.05270627,0.002777951
3967,1,0,0.42874336,0.28614545,0.3382287484587576,0.0905146,0.008192893
3968,1,0,0.34572172,0.20040226,0.3749842218706205,0.029262513,0.00085629465
3969,1,0,0.38353443,0.2387886,0.2903771171294114,0.09315732,0.008678286
3970,1,0,0.29651165,0.15074086,0.3352111029940321,0.038699448,0.0014976473
3971,1,0,0.3426175,0.19726014,0.4023522322426651,0.059734732,0.003568238
3972,1,0,0.41116524,0.26750445,0.3530650314527617,0.058100194,0.0033756325
3973,1,0,0.36098313,0.21587205,0.1334444178563578,0.22753872,0.05177387
3974,1,0,0.13538384,0.03687334,0.1630073831508753,0.027623534,0.00076305965
3975,1,0,0.16569734,0.043117523,0.23716255110513,0.07146521,0.005107276
3976,1,0,0.24182248,0.09594178,0.1422409533425708,0.099581525,0.00991648
3977,1,0,0.14440203,0.038777113,0.0073320653610386,0.13706996,0.018788172
3978,1,0,0.0063517094,0.0050866604,-0.1403347104608769,0.14668642,0.021516906
3979,1,0,-0.14398336,-0.04381132,-0.1390625246371399,0.0049208403,2.4214669e-05
3980,1,0,-0.14269209,-0.043331385,-0.2042072105148156,0.061515123,0.0037841103
3981,1,0,-0.20869565,-0.0692482,-0.0825295770183367,0.12616608,0.015917879
3982,1,0,-0.085246325,-0.023072481,-0.1234084615786579,0.038162135,0.0014563485
3983,1,0,-0.1268003,-0.037517786,-0.2778108505952099,0.15101054,0.022804184
3984,1,0,-0.2833054,-0.101989985,-0.3126181345764527,0.02931273,0.0008592361
3985,1,0,-0.3190415,-0.118797064,-0.1956612127093766,0.12338027,0.015222692
3986,1,0,-0.20004988,-0.06568694,-0.218225678556533,0.018175796,0.00033035956
3987,1,0,-0.22287035,-0.075196266,-0.3326240842848791,0.10975373,0.012045881
3988,1,0,-0.33955264,-0.12884974,-0.4671563971430634,0.12760377,0.016282722
3989,1,0,-0.47687888,-0.24228978,-0.430675187844173,0.046203703,0.002134782
3990,1,0,-0.43974972,-0.20330119,-0.5300354296211962,0.09028572,0.008151511
3991,1,0,-0.5406642,-0.30988598,-0.4877533389434623,0.052910864,0.0027995596
3992,1,0,-0.49780226,-0.26437807,-0.4002297822939891,0.097572476,0.009520388
3993,1,0,-0.4086988,-0.1709001,-0.3747699020276971,0.0339289,0.0011511703
3994,1,0,-0.38269043,-0.15097928,-0.118407315194394,0.26428312,0.069845565
3995,1,0,-0.121720314,-0.035694122,-0.2109489832184299,0.089228675,0.007961757
3996,1,0,-0.21551418,-0.072092295,-0.1696464189928743,0.04586777,0.0021038523
3997,1,0,-0.1737063,-0.05514908,-0.3320996663010072,0.15839338,0.025088463
3998,1,0,-0.339015,-0.12858295,-0.4062194690331755,0.067204475,0.0045164414
3999,1,0,-0.41481256,-0.17726517,-0.5433562095872109,0.12854362,0.016523462
4000,1,0,-0.55414104,-0.3242681,-0.3804370211723209,0.17370403,0.03017309
4001,1,0,-0.38848257,-0.15405393,-0.2695280536503701,0.11895451,0.014150175
4002,1,0,-0.27479243,-0.09811759,-0.2436930310080085,0.031099409,0.00096717326
4003,1,0,-0.24859238,-0.086346865,-0.4412754106778482,0.19268304,0.037126753
4004,1,0,-0.45054722,-0.214612,-0.4960426871491759,0.04549548,0.0020698388
4005,1,0,-0.5062151,-0.27328277,-0.5333754790984337,0.027160406,0.0007376877
4006,1,0,-0.54404473,-0.31349015,-0.66188997967752,0.11784524,0.0138875
4007,1,0,-0.673476,-0.45310616,-0.6953520432687763,0.021876037,0.000478561
4008,1,0,-0.7069588,-0.48973465,-0.7126483631273932,0.005689621,3.2371787e-05
4009,1,0,-0.72423005,-0.5087085,-0.6109132165948794,0.113316834,0.012840705
4010,1,0,-0.6222887,-0.39751506,-0.5281272592298398,0.09416145,0.008866379
4011,1,0,-0.538733,-0.30782795,-0.4241947859464874,0.11453822,0.013119005
4012,1,0,-0.43314528,-0.19639397,-0.3333789128471811,0.09976637,0.009953329
4013,1,0,-0.34032583,-0.12923455,-0.3073553409778649,0.032970488,0.0010870531
4014,1,0,-0.31364226,-0.11620045,-0.2262803759531122,0.08736189,0.007632099
4015,1,0,-0.23100924,-0.07867503,-0.2945319394690862,0.0635227,0.004035133
4016,1,0,-0.3004806,-0.109956264,-0.3957505167527539,0.09526992,0.009076358
4017,1,0,-0.40412593,-0.16614366,-0.3213697202093084,0.08275622,0.0068485923
4018,1,0,-0.328017,-0.12315965,-0.415496172011204,0.087479174,0.007652606
4019,1,0,-0.4242761,-0.18713117,-0.3483121487312548,0.075963974,0.0057705254
4020,1,0,-0.3556218,-0.13693571,-0.4291643249591303,0.073542506,0.0054085003
4021,1,0,-0.43821025,-0.20169067,-0.4644186451823668,0.0262084,0.00068688026
4022,1,0,-0.4740951,-0.23935795,-0.4483483955133951,0.025746703,0.0006628927
4023,1,0,-0.4577477,-0.22216702,-0.3935688236501007,0.064178884,0.004118929
4024,1,0,-0.40189838,-0.16382837,-0.2491645951137395,0.15273379,0.02332761
4025,1,0,-0.2541139,-0.08880091,-0.3410972041358295,0.08698329,0.0075660935
4026,1,0,-0.34823322,-0.13319468,-0.5077475635961486,0.15951437,0.025444834
4027,1,0,-0.5180862,-0.28587127,-0.5014903555921415,0.01659584,0.00027542192
4028,1,0,-0.5117414,-0.27913928,-0.5635705768721864,0.05182916,0.0026862617
4029,1,0,-0.57456875,-0.3461318,-0.5634141772728349,0.011154592,0.00012442493
4030,1,0,-0.5744102,-0.34596252,-0.5498572876495054,0.024552941,0.0006028469
4031,1,0,-0.56071424,-0.33129478,-0.671366366012836,0.11065215,0.012243898
4032,1,0,-0.68296766,-0.4634688,-0.7025312579333387,0.019563615,0.00038273504
4033,1,0,-0.7141309,-0.49760652,-0.6994184192644521,0.014712453,0.00021645628
4034,1,0,-0.7110219,-0.4941926,-0.7831672899925266,0.0721454,0.0052049593
4035,1,0,-0.79409695,-0.5863292,-0.6852542295076796,0.10884273,0.01184674
4036,1,0,-0.6968646,-0.47866988,-0.601575507812834,0.09528911,0.009080015
4037,1,0,-0.61288977,-0.3873608,-0.4235398814436539,0.18934989,0.035853382
4038,1,0,-0.4324777,-0.19569635,-0.195210302934039,0.2372674,0.05629582
4039,1,0,-0.19959378,-0.0655005,-0.1855954764750684,0.0139983,0.0001959524
4040,1,0,-0.18986034,-0.061555624,-0.4700978458851166,0.2802375,0.07853305
4041,1,0,-0.47986817,-0.24544,-0.4701257339524227,0.009742439,9.4915114e-05
4042,1,0,-0.4798963,-0.24547052,-0.5144986865909105,0.034602404,0.0011973263
4043,1,0,-0.52492857,-0.29313898,-0.488456107818767,0.03647247,0.001330241
4044,1,0,-0.4985156,-0.2651322,-0.4850877947360197,0.013427824,0.00018030645
4045,1,0,-0.49509573,-0.26151586,-0.3604060292085242,0.13468969,0.018141313
4046,1,0,-0.36799932,-0.14329147,-0.2292821015022301,0.13871722,0.019242467
4047,1,0,-0.23404169,-0.079982996,-0.1904995960850128,0.043542102,0.0018959147
4048,1,0,-0.19482541,-0.06355977,-0.1893283116584321,0.005497098,3.0218087e-05
4049,1,0,-0.19364023,-0.06308007,-0.2559784590939711,0.062338233,0.0038860552
4050,1,0,-0.26098776,-0.09188628,-0.3090026801161625,0.04801491,0.0023054315
4051,1,0,-0.31533265,-0.11701107,-0.2984823471460691,0.016850293,0.00028393237
4052,1,0,-0.3045361,-0.11186743,-0.1443393060429714,0.1601968,0.025663013
4053,1,0,-0.1480465,-0.045326233,-0.2366700829448045,0.08862358,0.007854139
4054,1,0,-0.241503,-0.083227634,-0.1575544967785114,0.08394851,0.007047352
4055,1,1,-0.16144943,-0.050403118,-0.0114142468234117,0.15003519,0.022510558
4056,1,1,-0.012783051,-0.00039219856,0.1662300350506163,0.17901309,0.032045685
4057,1,1,0.16900349,0.043771744,-0.1881555945510857,0.35715908,0.12756261
4058,1,1,-0.19245291,-0.062600136,0.2753959193993593,0.46784884,0.21888253
4059,1,1,0.28111148,0.1352675,-0.271748204136649,0.55285966,0.3056538
4060,1,1,-0.2770748,-0.09915066,0.0907003025719226,0.3677751,0.13525854
4061,1,1,0.091594934,0.02705717,0.0164016827497617,0.075193256,0.005654026
4062,1,1,0.015613794,0.0076646805,0.0890396582437915,0.07342587,0.005391358
4063,1,1,0.08989501,0.02665615,-0.11532809601447,0.20522311,0.042116527
4064,1,1,-0.1185925,-0.034579277,0.172410013282533,0.2910025,0.084682465
4065,1,1,0.17534351,0.045293093,-0.1036419429608912,0.27898544,0.07783288
4066,1,1,-0.106716156,-0.030401707,0.1662615949827586,0.27297777,0.07451686
4067,1,1,0.16903591,0.04377818,-0.1714977759606308,0.34053367,0.11596318
4068,1,1,-0.17558241,-0.055883646,0.2853048436754988,0.46088725,0.21241707
4069,1,1,0.29129672,0.14549804,-0.2881977661193713,0.5794945,0.33581385
4070,1,1,-0.29397583,-0.106915236,0.1925413904633166,0.48651722,0.236699
4071,1,1,0.19600272,0.050515175,-0.0841624114074992,0.28016514,0.0784925
4072,1,1,-0.08690691,-0.023629427,0.0388428752203116,0.12574978,0.015813008
4073,1,1,0.0385437,0.0138447285,-0.1272405044112541,0.16578421,0.027484404
4074,1,1,-0.13069153,-0.03892684,0.19486715881292,0.3255587,0.105988465
4075,1,1,0.19838977,0.05271697,-0.2872545671944464,0.48564434,0.23585042
4076,1,1,-0.29300737,-0.10646558,0.1822633217147293,0.4752707,0.22588223
4077,1,1,0.18545389,0.047874212,-0.1666965799999356,0.35215047,0.12400995
4078,1,1,-0.17071748,-0.053982735,0.1693632941460854,0.34008077,0.11565493
4079,1,1,0.17221785,0.04448557,-0.0390941615024305,0.21131201,0.044652767
4080,0,1,-0.0012693405,-0.008858204,0.202490099294089,0.20375945,0.041517913
4081,1,1,0.20621538,0.0604856,-0.1353557755249599,0.34157115,0.116670854
4082,0,1,0.09101462,-0.04194045,0.076224674374913,0.014789946,0.00021874251
4083,0,1,-0.10933757,0.023515224,-0.2628954850280132,0.15355793,0.023580037
4084,0,1,0.21602607,-0.09505105,0.2743210823431923,0.05829501,0.0033983083
4085,0,1,-0.2883339,0.13415837,-0.2502177641788354,0.038116127,0.0014528391
4086,0,1,0.20346618,-0.08927536,0.0299261072786238,0.17354007,0.030116156
4087,0,1,-0.06628299,0.011422157,-0.2276349803818096,0.161352,0.026034465
4088,0,1,0.1811645,-0.0792644,0.0960161393199734,0.085148364,0.007250244
4089,0,1,-0.12760353,0.02832961,-0.2727490392002289,0.1451455,0.021067217
4090,0,1,0.2258079,-0.09961772,0.1847158019642303,0.041092098,0.0016885605
4091,0,1,-0.20843029,0.048508406,-0.1548099644407896,0.053620324,0.002875139
4092,0,1,0.10988593,-0.04933858,0.1007189364780467,0.009166993,8.403377e-05
4093,0,1,-0.13193107,0.029443264,-0.1180514548979068,0.013879612,0.00019264364
4094,0,1,0.0742898,-0.0355649,0.289678423291329,0.21538863,0.046392262
4095,0,1,-0.30185032,0.15001822,-0.1927642728673397,0.10908605,0.0118997665
4096,0,1,0.14691067,-0.06449056,0.1152297497855223,0.03168092,0.0010036806
4097,0,1,-0.14525604,0.032806396,-0.175267861193991,0.030011818,0.0009007092
4098,0,1,0.12980914,-0.05738759,0.2411085957327805,0.111299455,0.012387569
4099,0,1,-0.25892448,0.09998965,-0.2173620365582613,0.041562453,0.0017274375
4100,0,1,0.17105007,-0.074826,0.1767682458376218,0.0057181716,3.2697488e-05
4101,0,1,-0.20125842,0.04644084,-0.2594491032304518,0.058190674,0.0033861545
4102,0,1,0.21260929,-0.0934701,0.3096830917097484,0.09707379,0.009423321
4103,0,1,-0.31937695,0.17073393,-0.2500919548392497,0.069285005,0.004800412
4104,0,1,0.20334148,-0.08921838,0.3533823568349103,0.15004086,0.02251226
4105,0,1,-0.35735202,0.21620297,-0.2633342361181872,0.094017774,0.008839342
4106,0,1,0.21646142,-0.09525299,0.3528690401133922,0.13640761,0.018607037
4107,0,1,-0.35690832,0.21566749,-0.405187394690508,0.048279077,0.0023308692
4108,0,1,0.3588786,-0.17616701,0.5093257813127483,0.15044719,0.022634357
4109,0,1,-0.510298,0.38078856,-0.481853856707219,0.028444171,0.0008090709
4110,0,1,0.43717074,-0.25804567,0.4380618569608558,0.00089111924,7.940935e-07
4111,0,1,-0.4399867,0.3051381,-0.4374777792135029,0.0025089383,6.2947715e-06
4112,0,1,0.3917482,-0.2105577,0.3395111524020873,0.052237034,0.0027287076
4113,0,1,-0.34534407,0.20173836,-0.2046371644405127,0.1407069,0.019798432
4114,0,1,0.15854812,-0.069428444,0.0878796595413837,0.07066846,0.004994031
4115,0,1,-0.12010455,0.02637577,0.0763290892555805,0.19643363,0.038586173
4116,0,1,-0.10943413,0.023541689,-0.0373462809325637,0.07208785,0.0051966575
4117,0,1,-0.0029280186,-0.008310556,0.0884604247640501,0.09138844,0.0083518475
4118,0,1,-0.1206398,0.026516438,0.0374177925710523,0.1580576,0.024982205
4119,0,1,-0.073280096,0.013459921,-0.1269029458621715,0.053622857,0.0028754107
4120,0,1,0.08283758,-0.038802147,0.0357656763915255,0.047071904,0.0022157643
4121,0,1,-0.07173848,0.013013363,-0.0638334444191532,0.007905036,6.24896e-05
4122,0,1,0.022271156,-0.016812801,-0.0389077286669996,0.061178885,0.003742856
4123,0,1,-0.0014457703,-0.00880003,0.0750011681004805,0.076446936,0.005844134
4124,0,1,-0.108205795,0.02321124,-0.0701489256178891,0.038056873,0.0014483256
4125,0,1,0.028300285,-0.018903017,0.0336265577181347,0.005326271,2.8369162e-05
4126,0,1,-0.069740534,0.012432814,-0.2393326660587154,0.16959213,0.02876149
4127,0,1,0.19270492,-0.084406376,0.187407023230457,0.0052978992,2.8067736e-05
4128,0,1,-0.2108562,0.049201965,-0.0331812693560711,0.17767493,0.031568382
4129,0,1,-0.0068774223,-0.007011652,-0.0651741681869984,0.058296748,0.0033985109
4130,0,1,0.023550272,-0.017254591,-0.0926612882279234,0.11621156,0.013505127
4131,0,1,0.0498569,-0.026555061,0.1049066231496476,0.055049725,0.0030304722
4132,0,1,-0.13578129,0.030424833,-0.0551215619632738,0.080659725,0.0065059913
4133,0,1,0.013967276,-0.013969898,0.0729875392574248,0.059020266,0.0034833918
4134,0,1,-0.10634184,0.022707462,0.1164658840131123,0.22280772,0.04964328
4135,0,1,-0.14638853,0.033087492,-0.1070806047157173,0.03930793,0.0015451133
4136,0,1,0.06371713,-0.03162217,-0.0609220393016682,0.12463917,0.0155349225
4137,0,1,0.019494772,-0.015858173,0.2858921084215771,0.26639733,0.07096753
4138,0,1,-0.29852295,0.14610457,-0.4347241687824121,0.13620123,0.018550776
4139,0,1,0.38893843,-0.20762014,0.4401073976416203,0.05116898,0.0026182644
4140,0,1,-0.4420178,0.30729938,-0.556176893505504,0.11415911,0.013032301
4141,0,1,0.5138521,-0.33812928,0.4949852459902071,0.018866867,0.00035595868
4142,0,1,-0.49622703,0.36550784,-0.5753628939568798,0.079135895,0.00626249
4143,0,1,0.5337615,-0.35890746,0.364479226293033,0.16928229,0.028656492
4144,0,1,-0.36692667,0.22779655,-0.2632267986266323,0.10369986,0.010753661
4145,0,1,0.21635461,-0.095204115,0.2813025418518715,0.06494793,0.004218234
4146,0,1,-0.2944851,0.14136434,-0.1712339710998502,0.123251125,0.01519084
4147,0,1,0.12587404,-0.05577874,0.1532113120762921,0.027337268,0.00074732624
4148,0,1,-0.17991781,0.04109621,-0.110951279116426,0.06896653,0.004756382
4149,0,1,0.0674448,-0.033004045,0.2349031212682524,0.16745833,0.02804229
4150,0,1,-0.25340223,0.09362507,-0.2942604121839887,0.04085818,0.0016693908
4151,0,1,0.24722123,-0.10982585,0.1389221803737723,0.10829905,0.0117286835
4152,0,1,-0.16691399,0.03806305,-0.2978621239154764,0.13094813,0.017147413
4153,0,1,0.2508149,-0.11156654,0.1285544187420009,0.122260496,0.014947629
4154,0,1,-0.15745139,0.035797596,-0.0854244854055741,0.07202691,0.0051878756
4155,0,1,0.042917013,-0.024061203,0.2165380661989213,0.17362106,0.030144272
4156,0,1,-0.23701024,0.07482743,-0.0419256500483977,0.19508459,0.038057998
4157,0,1,0.0014185905,-0.009750366,-0.0282226381597063,0.029641228,0.0008786024
4158,0,1,-0.011574984,-0.0054790974,0.0582098561182138,0.069784835,0.004869923
4159,0,1,-0.09263849,0.018949986,0.017773418945306,0.11041191,0.01219079
4160,0,1,-0.05490756,0.008050919,0.0622824723578276,0.11719003,0.013733504
4161,0,1,-0.09642005,0.019997358,-0.0576196326894038,0.03880042,0.0015054725
4162,0,1,0.016347408,-0.014780283,0.0352974866230892,0.018950079,0.00035910547
4163,0,1,-0.07130146,0.012886286,-0.1312686029911987,0.059967145,0.0035960586
4164,0,1,0.08705926,-0.040417194,0.0427128950528272,0.044346366,0.0019666
4165,0,1,-0.078219175,0.014880657,0.0096466036753222,0.08786578,0.007720395
4166,0,1,-0.047283173,0.005748987,-0.0400891303377792,0.007194042,5.1754243e-05
4167,0,1,-0.00032496452,-0.009171486,-0.0067042675573332,0.006379303,4.0695508e-05
4168,0,1,-0.03190136,0.0010035038,0.1346152220393137,0.16651659,0.027727773
4169,0,1,-0.1629858,0.037128687,-0.0942329406724011,0.06875286,0.004726956
4170,0,1,0.05136609,-0.02710104,-0.1027069809435734,0.15407307,0.023738513
4171,0,1,0.059509516,-0.030070543,0.0287957384338652,0.030713778,0.00094333617
4172,0,1,-0.06522608,0.011112452,0.0421945230814282,0.1074206,0.011539185
4173,0,1,-0.0777359,0.014741898,0.057394409407232,0.13513032,0.018260201
4174,0,1,-0.09188104,0.018738985,-0.0488985881706183,0.042982448,0.0018474908
4175,0,1,0.0080451965,-0.011966944,0.0124272084577023,0.0043820115,1.9202025e-05
4176,0,1,-0.04989338,0.006541252,0.0669392641573494,0.116832644,0.013649867
4177,0,1,-0.100738764,0.021184683,-0.1566079169926144,0.055869147,0.0031213616
4178,0,1,0.11163378,-0.050035715,0.095643464620716,0.01599031,0.00025568999
4179,0,1,-0.12726021,0.028240442,-0.2076711498919272,0.08041094,0.00646592
4180,0,1,0.1615262,-0.070705175,0.1058501562421776,0.05567605,0.0030998227
4181,0,1,-0.13664842,0.030644894,0.0781884565874881,0.21483687,0.04615488
4182,0,1,-0.111153364,0.024002552,-0.0320249901200901,0.07912837,0.006261299
4183,0,1,-0.007973194,-0.0066535473,0.2487965474096394,0.25676975,0.0659307
4184,0,1,-0.26575398,0.10788274,-0.2155772742001556,0.05017671,0.0025177023
4185,0,1,0.16929483,-0.07406211,0.1342717123656371,0.035023123,0.0012266191
4186,0,1,-0.1626718,0.037053585,-0.1105426950381214,0.052129112,0.0027174444
4187,0,1,0.06705165,-0.032858133,0.0729496009238444,0.005897954,3.4785862e-05
4188,0,1,-0.10630655,0.022698402,-0.0206072542512014,0.0856993,0.00734437
4189,0,1,-0.018779516,-0.003153801,-0.0388201481081642,0.020040631,0.0004016269
4190,0,1,-0.0015292168,-0.008772373,0.0682927056499913,0.069821924,0.004875101
4191,0,1,-0.10199332,0.021527052,-0.0615804696774753,0.040412854,0.0016331988
4192,0,1,0.020122528,-0.016073704,-0.0234391185014564,0.043561645,0.0018976169
4193,0,1,-0.016101599,-0.0040142536,0.1071365116208942,0.12323811,0.015187631
4194,0,1,-0.13782978,0.030943632,-0.0717325906192107,0.06609719,0.004368839
4195,0,1,0.029814005,-0.019431591,0.1492692837648657,0.11945528,0.014269563
4196,0,1,-0.17633462,0.04026985,0.0274350575499831,0.20376968,0.041522086
4197,0,1,-0.06395364,0.010738134,-0.168096830378841,0.10414319,0.010845804
4198,0,1,0.122816324,-0.054534912,0.2067420620817395,0.08392574,0.00704353
4199,0,1,-0.22823596,0.06482291,-0.1768385659533837,0.051397398,0.0026416925
4200,0,1,0.13134122,-0.058017492,0.1749977414789603,0.043656528,0.0019058924
4201,0,1,-0.19965816,0.045976162,-0.0479191497977655,0.151739,0.023024725
4202,0,1,0.0071139336,-0.011653662,0.0598382454260852,0.052724313,0.002779853
4203,0,1,-0.09415126,0.019369602,-0.2514187030262005,0.15726745,0.024733052
4204,0,1,0.20465422,-0.08981824,0.3398282551418443,0.13517404,0.01827202
4205,0,1,-0.3456192,0.2020688,-0.4218089714847322,0.07618976,0.005804879
4206,0,1,0.37577844,-0.19385266,0.1854795576984811,0.19029889,0.036213666
4207,0,1,-0.20911884,0.048706293,-0.2842758977971091,0.07515705,0.005648582
4208,0,1,0.23727226,-0.10504675,0.2980384812904408,0.06076622,0.0036925336
4209,0,1,-0.3091855,0.15866804,-0.1611688401870674,0.14801666,0.021908931
4210,0,1,0.11607003,-0.051811695,0.2285874842150819,0.11251745,0.012660176
4211,0,1,-0.24777389,0.08715439,-0.2864779976825642,0.038704097,0.0014980071
4212,0,1,0.239465,-0.106095076,0.2642422499044268,0.024777263,0.00061391277
4213,0,1,-0.27943587,0.12377095,-0.290181411816159,0.010745525,0.00011546632
4214,0,1,0.24315524,-0.10786438,0.3474710859132632,0.10431585,0.010881796
4215,0,1,-0.35223985,0.21003532,-0.3170653363903248,0.03517452,0.0012372468
4216,0,1,0.27001,-0.12100649,0.2879575485712422,0.017947555,0.0003221147
4217,0,1,-0.3003378,0.14823914,-0.2469239246832071,0.053413868,0.0028530413
4218,0,1,0.200207,-0.08779311,0.1916675883000347,0.008539408,7.2921495e-05
4219,0,1,-0.2146926,0.050292492,-0.3314269732675412,0.116734385,0.013626916
4220,0,1,0.28440714,-0.1282394,0.2991965213920955,0.014789373,0.00021872554
4221,0,1,-0.3102002,0.1598661,-0.3589623555071513,0.048762143,0.0023777466
4222,0,1,0.3121047,-0.14252758,0.1994283852278413,0.11267632,0.012695953
4223,0,1,-0.2216711,0.057364225,-0.1018158717783128,0.11985523,0.014365276
4224,0,1,0.058651686,-0.029756784,-0.1114218646606812,0.17007355,0.028925015
4225,0,1,0.06789827,-0.03317356,0.1037597112813548,0.03586144,0.0012860429
4226,0,1,-0.13472748,0.03015709,-0.0359849007796055,0.098742574,0.009750096
4227,0,1,-0.0042192936,-0.007884502,-0.088598224351843,0.08437893,0.0071198037
4228,0,1,0.045959473,-0.025150537,-0.0381878503908659,0.08414732,0.0070807715
4229,0,1,-0.002128601,-0.008574486,-0.0895883757186717,0.08745977,0.0076492117
4230,0,1,0.046908617,-0.025491714,0.0547748966752053,0.007866278,6.187833e-05
4231,0,1,-0.089446306,0.018059015,-0.061800936984333,0.027645368,0.00076426635
4232,0,1,0.020332575,-0.016145945,0.0906702088972752,0.07033763,0.0049473825
4233,0,1,-0.12267804,0.027049541,-0.1036142513045712,0.019063793,0.0003634282
4234,0,1,0.060382128,-0.030391693,0.0851580589228384,0.02477593,0.0006138467
4235,0,1,-0.11759257,0.025714159,0.0541371979607103,0.17172977,0.029491115
4236,0,1,-0.088854074,0.017893553,0.0065905315111769,0.095444605,0.009109672
4237,0,1,-0.044412374,0.0048742294,0.0730569897898409,0.11746936,0.013799051
4238,0,1,-0.106405735,0.022724867,-0.077466695242911,0.028939039,0.00083746796
4239,0,1,0.03529668,-0.021356583,0.1510619367423293,0.11576526,0.013401595
4240,0,1,-0.17796421,0.040646553,0.0261028265805838,0.20406704,0.041643355
4241,0,1,-0.062707424,0.010370731,-0.0024191215842734,0.060288303,0.0036346794
4242,0,1,-0.035937548,0.002262354,0.0674281639941094,0.10336571,0.010684471
4243,0,1,-0.101192,0.021307707,-0.1476201184853267,0.046428114,0.0021555698
4244,0,1,0.10290241,-0.0465765,0.1584315635690316,0.055529147,0.003083486
4245,0,1,-0.1846571,0.04217863,-0.1095876072591353,0.07506949,0.005635428
4246,0,1,0.06613159,-0.03251648,-0.0777054752238219,0.14383706,0.020689102
4247,0,1,0.035524845,-0.021436691,-0.0828395279476867,0.11836437,0.014010125
4248,0,0,0.040439844,-0.0231781,-0.0064674513165909,0.046907295,0.0022002943
4249,0,0,-0.032124758,0.0010735989,0.0055461228109177,0.03767088,0.0014190952
4250,0,0,-0.043431282,0.004573345,0.1198924587157419,0.16332373,0.026674641
4251,0,0,-0.14952803,0.03386259,0.152498381033483,0.3020264,0.09121994
4252,0,0,-0.17926931,0.0409472,0.1886235770935744,0.3678929,0.13534518
4253,0,0,-0.21195245,0.049514532,0.2246107058364073,0.43656313,0.19058737
4254,1,0,0.22892952,0.08308339,0.1706865328359752,0.05824299,0.003392246
4255,1,0,0.1735754,0.044836998,0.1222538616827479,0.051321536,0.0026339001
4256,1,0,0.12391496,0.03439474,0.1757955053901065,0.051880553,0.0026915919
4257,1,0,0.17881727,0.046185493,0.3129481133407892,0.13413084,0.01799108
4258,1,0,0.3197198,0.1741209,0.2100959222309164,0.109623864,0.012017392
4259,1,0,0.2140243,0.068246365,0.2072857939645076,0.0067385137,4.5407567e-05
4260,1,0,0.21113873,0.06537795,0.3514045812816584,0.14026585,0.01967451
4261,1,0,0.3592751,0.21413827,0.5102117633273902,0.15093666,0.022781877
4262,1,0,0.5183346,0.38173342,0.329754766877198,0.18857986,0.035562363
4263,1,0,0.33700538,0.19158125,0.1524505084086138,0.18455487,0.0340605
4264,1,0,0.15487075,0.040937185,0.167301956929307,0.012431204,0.00015453484
4265,1,0,0.17010331,0.04398799,-0.0113199494851512,0.18142326,0.0329144
4266,1,0,-0.012687206,-0.00036382675,-0.2120948940539548,0.19940768,0.039763425
4267,1,0,-0.21667242,-0.07257819,-0.3551183454619506,0.13844591,0.01916727
4268,1,0,-0.3625884,-0.14049888,-0.3813776820638344,0.018789262,0.00035303636
4269,1,0,-0.38944387,-0.15456676,-0.4773439314541736,0.08790004,0.0077264174
4270,1,0,-0.48723054,-0.25320864,-0.3417120971476373,0.14551845,0.02117562
4271,1,0,-0.34886312,-0.13351154,-0.3718467190731402,0.02298358,0.000528245
4272,1,0,-0.37970114,-0.14940262,-0.4689205259456375,0.08921939,0.0079601
4273,1,0,-0.4786713,-0.24417949,-0.7447232799317116,0.26605195,0.07078364
4274,1,0,-0.75618744,-0.5439627,-0.7208484427386672,0.035338998,0.0012488448
4275,1,0,-0.73240805,-0.5177121,-0.6240602238116035,0.10834783,0.011739253
4276,1,0,-0.6355097,-0.41182637,-0.6343127882675934,0.0011969209,1.4326196e-06
4277,1,0,-0.6458111,-0.42299986,-0.468532071001968,0.177279,0.03142784
4278,1,0,-0.47827697,-0.24376321,-0.310760137493411,0.16751683,0.028061887
4279,1,0,-0.31713533,-0.11787772,-0.2531049316765297,0.06403041,0.0040998934
4280,1,0,-0.25808883,-0.09058118,-0.1713050298154539,0.0867838,0.0075314273
4281,1,0,-0.17538714,-0.055807114,-0.2684137681166674,0.09302664,0.0086539555
4282,1,0,-0.27364683,-0.09760022,-0.2662241220073604,0.0074227154,5.5096705e-05
4283,1,0,-0.27139568,-0.09658623,-0.1162732399721071,0.15512244,0.024062973
4284,1,0,-0.1195519,-0.034920454,-0.2521976606820697,0.13264576,0.017594896
4285,1,0,-0.25717378,-0.09016991,-0.3588364358281546,0.101662666,0.010335297
4286,1,0,-0.36639333,-0.14246058,-0.4030518361593547,0.036658496,0.0013438453
4287,1,0,-0.4115796,-0.17389798,-0.4434011992886848,0.03182158,0.0010126128
4288,1,0,-0.45271134,-0.21688151,-0.5662494096454944,0.11353809,0.012890897
4289,1,0,-0.5772729,-0.34903216,-0.512265984894658,0.06500691,0.0042258985
4290,1,0,-0.522666,-0.29073453,-0.341960919847093,0.18070507,0.032654323
4291,1,0,-0.34911776,-0.13364053,-0.2896133860308771,0.05950436,0.0035407688
4292,1,0,-0.2954297,-0.10759282,-0.1575678521918737,0.13786185,0.01900589
4293,1,0,-0.1614635,-0.050408125,-0.1316491186711363,0.029814377,0.0008888971
4294,1,0,-0.13516736,-0.040558815,0.0485565334516149,0.1837239,0.03375447
4295,1,0,0.04847455,0.016430855,0.0259990641615623,0.022475487,0.0005051475
4296,1,0,0.025417805,0.010341883,0.1161433930105704,0.090725586,0.008231132
4297,1,0,0.117654085,0.03301382,0.2102930835525458,0.092639,0.008581984
4298,1,0,0.21422648,0.06844735,0.1650769939660961,0.049149483,0.0024156717
4299,1,0,0.16782069,0.043538332,0.1289785072569946,0.038842186,0.0015087154
4300,1,0,0.13080692,0.035891056,0.159742634578222,0.028935716,0.00083727564
4301,1,0,0.16234922,0.042449236,0.1061407870688628,0.05620844,0.0031593887
4302,1,0,0.10740733,0.030712128,0.0590689619065831,0.04833837,0.0023365978
4303,1,0,0.05922532,0.019171476,-0.0321545721515454,0.091379896,0.008350286
4304,1,0,-0.033937693,-0.006693125,0.0664989469787591,0.10043664,0.010087519
4305,1,0,0.06682563,0.021072626,0.0042107140021503,0.06261492,0.0039206278
4306,1,0,0.0031638145,0.004188776,-0.0608039425012001,0.06396776,0.0040918738
4307,1,0,-0.06313157,-0.01581955,-0.0257853917192356,0.037346177,0.0013947369
4308,1,0,-0.027443647,-0.0047314167,0.0352544340804823,0.06269808,0.0039310493
4309,1,0,0.03487587,0.012874842,0.0293584574460483,0.005517412,3.0441835e-05
4310,1,0,0.028850317,0.011266947,0.093533620188225,0.0646833,0.00418393
4311,1,0,0.09449601,0.02773714,0.0965879356498011,0.0020919219,4.376137e-06
4312,1,0,0.09762335,0.028465748,0.1249901040963732,0.027366757,0.0007489394
4313,1,0,0.12671924,0.035006523,0.112507091079065,0.014212146,0.00020198511
4314,1,0,0.113928795,0.032182932,0.0528134265335324,0.06111537,0.0037350883
4315,1,0,0.052827597,0.017548084,0.0193579410981885,0.033469655,0.0011202177
4316,1,0,0.01863265,0.008495092,0.0017169281196531,0.016915722,0.00028614164
4317,1,0,0.0006186962,0.003467083,0.0738733842591883,0.07325469,0.0053662495
4318,1,0,0.07437158,0.02292943,0.1340838698447952,0.05971229,0.0035655578
4319,1,0,0.1360395,0.037012577,0.2933568102801329,0.15731731,0.024748737
4320,1,0,0.29957557,0.15382242,0.1988068554143427,0.100768715,0.010154334
4321,1,0,0.20243406,0.05673051,0.1331074968877961,0.069326565,0.0048061726
4322,1,0,0.13503838,0.03679943,-0.1161132695796194,0.25115165,0.06307715
4323,1,0,-0.11939001,-0.034862995,-0.1766599857021611,0.057269976,0.0032798501
4324,1,0,-0.18081188,-0.057945967,-0.053378472715706,0.1274334,0.016239272
4325,1,0,-0.05556774,-0.013406515,-0.0715165720435657,0.015948832,0.00025436524
4326,1,0,-0.07403803,-0.019359589,-0.2755843705023424,0.20154634,0.040620927
4327,1,0,-0.2810173,-0.100945234,-0.2810758249228304,5.853176e-05,3.425967e-09
4328,1,0,-0.28665996,-0.10353017,-0.185279395279529,0.10138056,0.010278017
4329,1,0,-0.18954134,-0.061427116,-0.1024354461631262,0.08710589,0.0075874366
4330,1,0,-0.10549021,-0.029975414,-0.1081806698329499,0.0026904643,7.238598e-06
4331,1,0,-0.111329556,-0.032013893,-0.1258830682747538,0.014553517,0.00021180486
4332,1,0,-0.12931275,-0.038426638,-0.3331187744490425,0.20380601,0.04153689
4333,1,0,-0.34005952,-0.12910175,-0.2458797341455501,0.09417978,0.0088698305
4334,1,0,-0.25079918,-0.087325096,-0.2136510025433144,0.037148178,0.0013799871
4335,1,0,-0.2182455,-0.07324028,-0.2887939882039156,0.070548475,0.0049770875
4336,1,0,-0.2945881,-0.10720086,-0.057683051767698,0.23690504,0.056123998
4337,1,0,-0.059952497,-0.014801264,-0.1997853555779212,0.13983285,0.019553227
4338,1,0,-0.20422268,-0.06739926,0.0731227056858743,0.2773454,0.076920465
4339,1,0,0.07360315,0.022742033,0.1855409159214693,0.11193776,0.012530062
4340,1,0,0.1888175,0.04872203,0.0480930531022383,0.14072445,0.019803371
4341,1,0,0.048000574,0.016309023,0.0233809665430189,0.024619607,0.00060612505
4342,1,0,0.02274251,0.00961709,-0.1111185854495744,0.1338611,0.017918793
4343,1,0,-0.11431527,-0.033064127,-0.0800707475692399,0.034244522,0.0011726873
4344,1,0,-0.08274436,-0.022236824,-0.1476171832309072,0.064872816,0.0042084823
4345,1,0,-0.1513722,-0.046575308,-0.1700337918331667,0.018661603,0.00034825545
4346,1,0,-0.1740992,-0.055301905,-0.1363840313607363,0.03771518,0.0014224349
4347,1,0,-0.13997364,-0.042325974,-0.0394304796486997,0.100543156,0.010108926
4348,1,0,-0.041354656,-0.0089643,0.0600493678589026,0.101404026,0.010282776
4349,1,0,0.06022787,0.0194242,0.2139866489114505,0.15375878,0.023641761
4350,1,0,0.21801925,0.072220325,0.1995057991055593,0.018513441,0.0003427475
4351,1,0,0.2031517,0.05744338,0.1695439354363386,0.033607766,0.0011294819
4352,1,0,0.17240262,0.044533968,0.3174414911155101,0.14503887,0.021036275
4353,1,0,0.3243413,0.17878461,0.2947960917942596,0.029545218,0.0008729199
4354,1,0,0.30105567,0.15531158,0.412408662394323,0.11135298,0.012399486
4355,1,0,0.4211464,0.2780838,0.3186920962768891,0.102454305,0.010496885
4356,1,0,0.3256271,0.18008351,0.2384238644806107,0.08720322,0.0076044016
4357,1,0,0.24311829,0.09723592,0.1179920809246413,0.12512621,0.01565657
4358,1,0,0.11954856,0.033433437,-0.0783426126316455,0.19789118,0.03916092
4359,1,0,-0.08098531,-0.021651983,-0.1693944343530491,0.088409126,0.007816173
4360,1,0,-0.17345166,-0.055048704,-0.1177704280047486,0.055681236,0.0031004
4361,1,0,-0.121073484,-0.035463333,0.0559665511299729,0.17704004,0.031343177
4362,1,0,0.056052208,0.018368721,0.1352576291241565,0.07920542,0.006273499
4363,1,0,0.13724256,0.03726864,0.1161500181357504,0.021092534,0.000444895
4364,1,0,0.117661,0.033015013,0.1350942137185042,0.017433211,0.00030391687
4365,1,0,0.13707519,0.037232876,0.1378033363492501,0.00072814524,5.301955e-07
4366,1,0,0.13985229,0.037821054,0.0754007114178314,0.064451575,0.0041540056
4367,1,0,0.07593441,0.023310184,0.0923565527907679,0.016422145,0.00026968686
4368,1,0,0.093290806,0.027454853,0.0551989000791381,0.038091905,0.0014509932
4369,1,0,0.055267096,0.018170118,-0.019848250932152,0.075115345,0.005642315
4370,1,0,-0.02138853,-0.0029239655,-0.0657890767767237,0.044400543,0.0019714083
4371,1,0,-0.068207026,-0.017457485,-0.1862898641124752,0.118082836,0.013943556
4372,1,0,-0.1905644,-0.061838627,-0.1286693186308403,0.061895072,0.003831
4373,1,0,-0.13214207,-0.03945422,0.0588563377062771,0.1909984,0.03648039
4374,1,0,0.059007645,0.01911664,0.0644988131795405,0.0054911673,3.0152918e-05
4375,1,0,0.06477976,0.020563602,0.1804895813658418,0.11570983,0.013388764
4376,1,0,0.18363333,0.04741311,0.1717823693366678,0.011850953,0.00014044509
4377,1,0,0.17469978,0.045127153,0.0868429748620842,0.08785681,0.0077188187
4378,1,0,0.08764577,0.026124239,0.0338721250651259,0.053773645,0.002891605
4379,1,0,0.033463,0.012499094,0.1001026261055622,0.066639625,0.0044408394
4380,1,0,0.10122275,0.02929759,0.2093716838049597,0.10814893,0.0116961915
4381,1,0,0.2132802,0.06750631,0.3222557087224906,0.1089755,0.011875659
4382,1,0,0.32929254,0.18378544,0.1639965656196591,0.16529597,0.027322758
4383,1,0,0.16671228,0.043318033,0.1363734509782026,0.030338839,0.00092044513
4384,1,0,0.13838625,0.03751111,0.1250120514217898,0.0133741945,0.00017886907
4385,1,0,0.12674189,0.03501129,0.0460011508768452,0.080740735,0.006519066
4386,1,0,0.04586196,0.015755415,-0.0638864547855502,0.109748416,0.012044715
4387,1,0,-0.066269636,-0.016830921,0.1264482012922703,0.19271784,0.037140165
4388,1,0,0.12821364,0.035330772,-0.0463643681486272,0.17457801,0.030477483
4389,1,0,-0.0484221,-0.0111579895,-0.1612373920212673,0.11281529,0.012727289
4390,1,0,-0.16518354,-0.051838636,-0.085941544650141,0.079242,0.0062792944
4391,1,0,-0.088716984,-0.02423811,-0.0325488085003833,0.056168176,0.003154864
4392,1,0,-0.034339428,-0.006815672,0.0144537765214773,0.048793204,0.0023807767
4393,1,0,0.013623953,0.0071156025,-0.0332083360270871,0.04683229,0.0021932633
4394,1,0,-0.035012245,-0.0070204735,-0.0169716236960058,0.018040622,0.00032546403
4395,1,0,-0.01845336,-0.002055645,-0.0967205108578581,0.07826715,0.0061257468
4396,1,0,-0.09967947,-0.027968168,-0.1049989575173175,0.005319491,2.8296985e-05
4397,1,0,-0.10809612,-0.03088212,-0.1412889397723229,0.033192813,0.0011017629
4398,1,0,-0.14495134,-0.044170618,-0.1521070844528615,0.007155746,5.1204705e-05
4399,1,0,-0.15592623,-0.048297405,-0.2132211100742065,0.057294875,0.0032827028
4400,1,0,-0.21781111,-0.073057175,-0.1433479066726906,0.0744632,0.0055447686
4401,1,0,-0.1470406,-0.044950724,-0.1205904510973678,0.026450157,0.0006996108
4402,1,0,-0.12393856,-0.03648877,-0.2460671178158975,0.12212856,0.014915385
4403,1,0,-0.250988,-0.08740926,-0.2972905748348622,0.046302557,0.0021439267
4404,1,0,-0.30331254,-0.11128974,-0.3028136812806989,0.0004988611,2.4886236e-07
4405,1,0,-0.30898166,-0.11397576,-0.3425367059857125,0.03355506,0.0011259421
4406,1,0,-0.3497076,-0.13393807,-0.342372782765393,0.0073348284,5.3799708e-05
4407,1,0,-0.34953952,-0.13385344,-0.2214833122044464,0.12805621,0.016398394
4408,1,0,-0.2261622,-0.07659745,-0.3250203572463381,0.09885815,0.009772933
4409,1,0,-0.3317597,-0.124994755,-0.4105042780988444,0.07874459,0.0062007103
4410,1,0,-0.41918373,-0.18182015,-0.47976542058132,0.060581684,0.0036701404
4411,1,0,-0.48969126,-0.25580525,-0.5112219384216572,0.021530688,0.00046357053
4412,1,0,-0.5216086,-0.28961062,-0.4331330719800759,0.088475525,0.007827919
4413,1,0,-0.4422543,-0.20592332,-0.4343699808976087,0.007884324,6.216256e-05
4414,1,0,-0.44351435,-0.20724201,-0.3388200489282278,0.10469431,0.010960897
4415,1,0,-0.34590077,-0.13202167,-0.4545293761578128,0.1086286,0.011800173
4416,1,0,-0.46403718,-0.22877479,-0.3796795024639903,0.08435768,0.007116218
4417,1,0,-0.3877089,-0.1536417,-0.2242330897603359,0.16347581,0.02672434
4418,1,0,-0.22894096,-0.077786684,-0.0970142542144194,0.13192672,0.017404659
4419,1,0,-0.09997845,-0.028070688,-0.0701417883928274,0.029836662,0.0008902264
4420,1,0,-0.07263827,-0.018901587,0.0890065210269273,0.16164479,0.026129037
4421,1,0,0.08986068,0.026648283,0.1355664196712811,0.045705736,0.0020890143
4422,1,0,0.13755918,0.03733492,0.0609304108705854,0.07662876,0.005871967
4423,1,0,0.061128855,0.019651175,0.1359976491593157,0.0748688,0.0056053367
4424,1,0,0.1380012,0.037428856,0.1302176602102602,0.007783547,6.0583603e-05
4425,1,0,0.13207674,0.036165237,0.2789523871774828,0.14687565,0.021572456
4426,1,0,0.28476715,0.13893771,0.4130011001799323,0.12823394,0.016443944
4427,1,0,0.42173386,0.27870727,0.3364694184688748,0.085264444,0.0072700256
4428,1,0,0.3439119,0.19857025,0.3360782324110483,0.00783366,6.136623e-05
4429,1,0,0.34350944,0.19816256,0.1065628831614282,0.23694655,0.056143668
4430,1,0,0.107839584,0.030810356,0.0092348747088162,0.09860471,0.0097228885
4431,1,0,0.008294344,0.005631447,0.0651896244369023,0.05689528,0.0032370726
4432,1,0,0.06548619,0.020739555,0.169141031571351,0.10365483,0.010744324
4433,1,0,0.17198968,0.04442668,0.3061395048535602,0.13414982,0.017996173
4434,1,0,0.3127184,0.16705918,0.2268404350481705,0.085877955,0.0073750233
4435,1,0,0.23121977,0.085365295,0.1934902045596795,0.03772956,0.0014235198
4436,1,0,0.19697595,0.05131483,0.230383419882044,0.03340748,0.0011160597
4437,1,0,0.23485875,0.08899331,0.3799797355955858,0.14512098,0.021060098
4438,1,0,0.3886745,0.24402118,0.43116092360781,0.04248643,0.0018050966
4439,1,0,0.4397626,0.29785013,0.575609493130377,0.13584691,0.018454384
4440,1,0,0.58342934,0.45177388,0.646252423396585,0.06282306,0.0039467365
4441,1,0,0.65381885,0.5280504,0.6268043532051939,0.027014494,0.00072978286
4442,1,0,0.634434,0.50699043,0.5878771339283242,0.04655683,0.0021675385
4443,1,0,0.5956483,0.4649756,0.7495678070044889,0.15391952,0.023691218
4444,1,0,0.7568536,0.6406648,0.6377905580183927,0.11906302,0.014176003
4445,1,0,0.6453841,0.51888084,0.5816542357407997,0.06372982,0.0040614903
4446,1,0,0.58945036,0.4582765,0.5749185025991119,0.014531851,0.00021117469
4447,1,0,0.582741,0.4510312,0.6180249438836967,0.035283923,0.0012449552
4448,1,0,0.62568426,0.49749756,0.7333727432918962,0.10768849,0.01159681
4449,1,0,0.74069786,0.6229336,0.856040473434664,0.11534262,0.01330392
4450,1,0,0.8630829,0.75789666,0.8081024515348001,0.054980457,0.0030228507
4451,1,0,0.81525326,0.7049775,0.7500372704776486,0.065216005,0.004253127
4452,1,0,0.7573216,0.6411791,0.6915934845610581,0.06572813,0.004320187
4453,1,0,0.6990268,0.57732344,0.5729925402041758,0.12603426,0.015884634
4454,1,0,0.5808234,0.44896102,0.5506377840165975,0.03018564,0.0009111728
4455,1,0,0.5585644,0.42496228,0.627271063622103,0.06870663,0.0047206013
4456,1,0,0.63489914,0.5074942,0.5381892216799695,0.09670991,0.009352806
4457,1,0,0.5461736,0.41162753,0.6709681396982923,0.12479454,0.015573678
4458,1,0,0.67845917,0.55487967,0.5736919215062919,0.10476726,0.0109761795
4459,1,0,0.58151984,0.4497125,0.5405697486073477,0.04095012,0.0016769123
4460,1,0,0.5485425,0.4141755,0.5336697453197572,0.01487273,0.00022119809
4461,1,0,0.5416746,0.40679097,0.5660086799845887,0.024334073,0.0005921471
4462,1,0,0.5738685,0.4414568,0.5485155861564128,0.025352955,0.0006427723
4463,1,0,0.55645204,0.4226873,0.4503734095068936,0.106078625,0.011252674
4464,1,0,0.45884585,0.3181553,0.5637741832481096,0.104928315,0.011009951
4465,1,0,0.5716438,0.4390571,0.7292945673227549,0.15765071,0.024853745
4466,1,0,0.73662996,0.61847353,0.7986571897921251,0.062027216,0.0038473755
4467,1,0,0.80583024,0.69457674,0.6480338811400177,0.15779638,0.024899699
4468,1,0,0.6555946,0.5299809,0.6499582421137178,0.0056363344,3.1768264e-05
4469,1,0,0.65751266,0.5320678,0.5561739324897905,0.101338744,0.010269541
4470,1,0,0.5640762,0.4309001,0.5578291266890005,0.0062470436,3.9025555e-05
4471,1,0,0.56572366,0.43267536,0.822716868823048,0.25699323,0.06604552
4472,1,0,0.8298352,0.7210882,0.9383743599853096,0.108539164,0.01178075
4473,1,0,0.94521046,0.84925556,1.0203713114776105,0.07516086,0.005649155
4474,1,0,1.0269475,0.94075584,1.0767079376155997,0.04976046,0.0024761034
4475,1,0,1.0830555,1.0038724,1.1363725000256708,0.05331695,0.0028426973
4476,1,0,1.1424193,1.0709,1.2208359904884465,0.078416705,0.00614918
4477,1,0,1.2263279,1.1660333,1.249507564678637,0.02317965,0.0005372962
4478,1,0,1.2547698,1.1983738,1.1530697025331382,0.10170007,0.010342903
4479,1,0,1.1590195,1.0896864,1.196733290884993,0.037713766,0.0014223282
4480,1,0,1.2024012,1.1388617,1.2720264401602577,0.06962526,0.0048476765
4481,1,0,1.2770934,1.2237887,1.1555663795526168,0.121527076,0.0147688305
4482,1,0,1.1615014,1.092495,1.1202278801048018,0.041273475,0.0017034997
4483,1,0,1.1263633,1.0527468,0.9870665249811368,0.13929677,0.01940359
4484,1,0,0.99375725,0.90353584,0.981646886130242,0.0121103525,0.00014666063
4485,1,0,0.9883542,0.89748526,1.0543472994123353,0.06599307,0.0043550855
4486,1,0,1.060791,0.97879887,1.213367389089694,0.15257633,0.023279537
4487,1,0,1.218915,1.1576114,1.321018567389864,0.10210359,0.010425143
4488,1,0,1.3263116,1.2791047,1.3348197202629062,0.008508086,7.238753e-05
4489,1,0,1.3403835,1.2946911,1.396430080885827,0.056046605,0.003141222
4490,1,0,1.4031549,1.364274,1.4044257107805014,0.0012708902,1.615162e-06
4491,1,0,1.411294,1.3733025,1.2781210546490072,0.13317287,0.017735014
4492,1,0,1.2831316,1.2306681,1.208823076527381,0.074308515,0.005521755
4493,1,0,1.2144046,1.1524882,1.1808712797315004,0.033533335,0.0011244846
4494,1,0,1.1866465,1.1209898,1.2235982237954368,0.03695178,0.001365434
4495,1,0,1.2290688,1.1691475,1.296986519501567,0.067917705,0.0046128146
4496,1,0,1.3018188,1.2519674,1.2461449467047658,0.055673957,0.0030995894
4497,1,0,1.2514353,1.1945806,1.2115716147507531,0.039863706,0.001589115
4498,1,0,1.2171326,1.1555877,1.2533140835854932,0.03618157,0.0013091059
4499,1,0,1.2585444,1.2026696,1.1231152802027269,0.13542914,0.018341053
4500,1,0,1.1292348,1.0559931,1.207116157610152,0.077881336,0.0060655028
4501,1,0,1.2127099,1.1505637,1.0595594286263146,0.15315044,0.023455057
4502,1,0,1.0659823,0.98464155,1.0105268732012038,0.055455446,0.0030753065
4503,1,0,1.0171385,0.9297466,0.95298775464518,0.06415075,0.004115319
4504,1,0,0.9597826,0.8655281,0.938987515401339,0.020795107,0.00043243647
4505,1,0,0.94582224,0.8499384,0.7874358864999889,0.15838635,0.025086235
4506,1,0,0.7946336,0.6822319,0.9858915976180068,0.19125795,0.036579605
4507,1,0,0.9925866,0.9022238,1.0523829201527757,0.059796333,0.0035756014
4508,1,0,1.058835,0.9765973,0.9965461895273946,0.06228882,0.0038798973
4509,1,0,1.0032058,0.9141221,1.2388876901296606,0.23568189,0.055545952
4510,1,0,1.2442379,1.1863933,1.243322675640607,0.0009151697,8.375356e-07
4511,1,0,1.2486362,1.1913972,1.2118287768858615,0.036807418,0.001354786
4512,1,0,1.2173882,1.1558776,1.3962323053719552,0.1788441,0.03198521
4513,1,0,1.4029531,1.3640494,1.4290449073832965,0.026091814,0.0006807828
4514,1,0,1.436347,1.4010987,1.3114538352590128,0.12489319,0.015598308
4515,1,0,1.3165579,1.2683034,1.3582338779957612,0.041676044,0.0017368927
4516,1,0,1.3642483,1.321136,1.3995203428566731,0.03527212,0.0012441225
4517,1,0,1.406301,1.367764,1.3250200901182685,0.08128095,0.0066065923
4518,1,0,1.3303919,1.2836237,1.259976159204371,0.070415735,0.004958376
4519,1,0,1.2651496,1.2101874,1.24669875436425,0.018450856,0.00034043408
4520,1,0,1.2519846,1.1952052,1.3525017898455205,0.100517154,0.010103698
4521,1,0,1.358408,1.314662,1.365842492790636,0.0074344873,5.52716e-05
4522,1,0,1.3720016,1.32973,1.354416080450116,0.017585516,0.00030925038
4523,1,0,1.3603578,1.3168235,1.52346349455719,0.16310573,0.026603477
4524,1,0,1.5322714,1.5075912,1.4251848879800844,0.10708654,0.011467527
4525,1,0,1.4324203,1.3967414,1.3714910749491227,0.06092918,0.003712365
4526,1,0,1.3777561,1.3361092,1.3621521040904168,0.015604019,0.00024348541
4527,1,0,1.3682413,1.3255615,1.503086394634392,0.13484514,0.01818321
4528,1,0,1.5115919,1.4846277,1.5758821683843576,0.064290285,0.004133241
4529,1,0,1.5854001,1.5665894,1.4396595501855989,0.14574051,0.021240296
4530,1,0,1.447144,1.4130812,1.4081064752643058,0.039037585,0.001523933
4531,1,1,1.4150405,1.377459,-1.2484854663992715,2.663526,7.094371
4532,1,1,-1.2471182,-1.1051618,1.132580281706034,2.3796985,5.662965
4533,1,1,1.138649,1.0666342,-0.950984326922114,2.0896332,4.366567
4534,1,1,-0.9588134,-0.7724595,0.7836685960406657,1.742482,3.0362434
4535,0,1,-0.7714963,0.67808986,-0.7104728686523099,0.061023414,0.003723857
4536,0,1,0.675107,-0.50632024,0.6146799411959831,0.06042707,0.0036514308
4537,0,1,-0.6124344,0.49388385,-0.5591777238598641,0.05325669,0.0028362751
4538,0,1,0.5169637,-0.34137607,0.6216108899465675,0.10464716,0.010951028
4539,0,1,-0.619076,0.50137377,-0.5422878779208777,0.07678813,0.0058964165
4540,0,1,0.4994676,-0.32311416,0.6111722944999474,0.11170471,0.012477942
4541,0,1,-0.6090698,0.49009466,-0.5835517092814744,0.02551812,0.0006511744
4542,0,1,0.5422716,-0.36778855,0.4416620772835355,0.10060954,0.01012228
4543,0,1,-0.4435606,0.30894256,-0.2123676805366239,0.23119292,0.053450163
4544,0,1,0.1661396,-0.07269454,0.3452934467042454,0.17915383,0.032096095
4545,0,1,-0.3503549,0.20776486,-0.2605530363426589,0.08980188,0.008064377
4546,0,1,0.2137034,-0.093975544,0.2341367825914901,0.020433396,0.00041752367
4547,0,1,-0.25272036,0.092840195,-0.2810737292184897,0.028353363,0.0008039132
4548,0,1,0.23408532,-0.103529215,0.4171392175770658,0.18305391,0.033508733
4549,0,1,-0.419163,0.28306556,-0.2605176099987014,0.15864539,0.025168361
4550,0,1,0.21366835,-0.09395957,0.2328972574654564,0.019228905,0.0003697508
4551,0,1,-0.25161552,0.091569185,-0.2521467504346057,0.0005312264,2.8220148e-07
4552,0,1,0.20537496,-0.09014726,0.2156858427369483,0.010310888,0.000106314415
4553,0,1,-0.23624754,0.07395625,-0.2107682076613648,0.025479332,0.0006491963
4554,0,1,0.16456819,-0.07201505,0.1011469571543375,0.06342123,0.004022252
4555,0,1,-0.13232541,0.029544115,-0.1863230763516234,0.053997666,0.002915748
4556,0,1,0.14060807,-0.06185198,0.1774781696563856,0.036870092,0.0013594037
4557,0,1,-0.20189929,0.046626806,-0.0949903693838565,0.10690892,0.011429517
4558,0,1,0.052093744,-0.027364492,0.0880369937456335,0.035943247,0.001291917
4559,0,1,-0.12024951,0.02641368,-0.076157351359916,0.044092156,0.0019441182
4560,0,1,0.03404379,-0.020915508,0.0316160762601001,0.002427712,5.893786e-06
4561,0,1,-0.06786251,0.011885405,-0.1156031344727148,0.047740623,0.002279167
4562,0,1,0.07192874,-0.03467822,-0.0086690610835966,0.0805978,0.0064960057
4563,0,1,-0.030049324,0.00042295456,-0.0667514706658378,0.03670215,0.0013470477
4564,0,1,0.025056124,-0.017775774,0.1063677520360579,0.08131163,0.006611581
4565,0,1,-0.13712406,0.030765057,-0.1646261987966615,0.027502134,0.0007563674
4566,0,1,0.11943507,-0.053166628,0.2723880180673048,0.15295294,0.023394601
4567,0,1,-0.28662896,0.13216496,-0.3778687205821276,0.09123975,0.008324692
4568,0,1,0.33119488,-0.15265775,0.2039315849351517,0.1272633,0.016195945
4569,0,1,-0.22571492,0.06195593,-0.0809578150625394,0.1447571,0.02095462
4570,0,1,0.038637877,-0.022538185,-0.0351770332690959,0.07381491,0.0054486413
4571,0,1,-0.0049853325,-0.007633209,0.1604831682455176,0.1654685,0.027379824
4572,0,1,-0.18651795,0.042601347,-0.0964904316473367,0.09002752,0.008104954
4573,0,1,0.053533792,-0.027887821,-0.0361687249167643,0.08970252,0.008046541
4574,0,1,-0.004044771,-0.007942677,0.1711614537748205,0.17520623,0.030697223
4575,0,1,-0.19618964,0.04496312,-0.1851824258458507,0.01100722,0.00012115888
4576,0,1,0.13949251,-0.0613873,0.3035871668593795,0.16409466,0.026927056
4577,0,1,-0.31404543,0.16441464,-0.2868970474920647,0.027148396,0.0007370354
4578,0,1,0.23988295,-0.10629463,0.2084763810032579,0.031406567,0.0009863725
4579,0,1,-0.22979116,0.06659269,-0.1650111141391672,0.06478006,0.0041964557
4580,0,1,0.11981034,-0.0533185,0.1083429010110101,0.011467442,0.00013150222
4581,0,1,-0.13893747,0.031223297,-0.2100641192308665,0.07112664,0.0050589987
4582,0,1,0.1638763,-0.071717024,0.0248913437131879,0.13898495,0.019316817
4583,0,1,-0.061573744,0.01003623,-0.086681503966385,0.025107764,0.0006303998
4584,0,1,0.044121265,-0.024491787,0.1020665527692243,0.05794529,0.0033576565
4585,0,1,-0.1331706,0.029759884,-0.1808984702490637,0.047727868,0.0022779494
4586,0,1,0.13530636,-0.059651136,0.1470810036248142,0.011774644,0.00013864225
4587,0,1,-0.17434359,0.03980708,-0.1547882958223594,0.019555286,0.0003824092
4588,0,1,0.10986495,-0.04933119,0.0668479515129352,0.043017,0.0018504623
4589,0,1,-0.10065436,0.021161318,-0.133432351273341,0.032777995,0.001074397
4590,0,1,0.08915305,-0.041222095,0.1818747574339845,0.0927217,0.008597313
4591,0,1,-0.20586777,0.047773123,-0.0745688009425795,0.13129896,0.017239416
4592,0,1,0.032524824,-0.020380974,0.2021193617042191,0.16959454,0.028762309
4593,0,1,-0.22408819,0.06010747,-0.1169943031807889,0.107093886,0.011469101
4594,0,1,0.07327008,-0.035181284,0.0014389710360109,0.071831115,0.005159709
4595,0,1,-0.039569378,0.003386736,0.0744160884212252,0.113985464,0.012992686
4596,0,1,-0.10766387,0.023064613,0.0115612713467307,0.119225144,0.014214635
4597,0,1,-0.04908037,0.0062947273,-0.0204060561912751,0.028674316,0.0008222164
4598,0,1,-0.018969774,-0.0030927658,-0.1217314955292683,0.10276172,0.010559971
4599,0,1,0.077842236,-0.03690481,-0.0767480279566421,0.15459026,0.023898149
4600,0,1,0.03460884,-0.021113873,0.0348330131192504,0.00022417307,5.0253565e-08
4601,0,1,-0.07086778,0.012760401,0.0296271827558869,0.10049496,0.010099237
4602,0,1,-0.06600356,0.011340857,0.1602584280060206,0.22626199,0.05119449
4603,0,1,-0.1863141,0.042554855,-0.1292630660544143,0.057051033,0.0032548204
4604,0,1,0.08511925,-0.039673805,0.0242060522359621,0.060913198,0.0037104175
4605,0,1,-0.060932636,0.0098462105,0.1069730402857267,0.16790567,0.028192315
4606,0,1,-0.13768005,0.030905724,-0.0969603632270326,0.040719688,0.001658093
4607,0,1,0.053985357,-0.028051615,0.2900328167654491,0.23604745,0.055718396
4608,0,1,-0.30216146,0.15038514,-0.2288458425039921,0.073315606,0.005375178
4609,0,1,0.18235755,-0.07979226,0.1097756029387957,0.07258195,0.005268139
4610,0,1,-0.14025307,0.03155446,-0.0064674929107848,0.13378558,0.01789858
4611,0,1,-0.032124758,0.0010735989,-0.1680737014671325,0.13594894,0.018482115
4612,0,1,0.12279391,-0.05452609,0.137470395467171,0.0146764815,0.00021539911
4613,0,1,-0.16559029,0.037748814,-0.0731091130863359,0.09248117,0.008552767
4614,0,1,0.03112936,-0.0198915,0.2493976572072838,0.21826829,0.047641046
4615,0,1,-0.26628733,0.108500004,-0.3340801547785852,0.06779283,0.0045958683
4616,0,1,0.287071,-0.12959242,0.3967040430697364,0.10963306,0.012019408
4617,0,1,-0.39874697,0.26156902,-0.3211795514542639,0.07756743,0.006016706
4618,0,1,0.2741313,-0.1230638,0.309131713467075,0.035000414,0.001225029
4619,0,1,-0.3188951,0.17016172,-0.3980032978743515,0.07910821,0.0062581087
4620,0,1,0.35158682,-0.16853547,0.2914059342468551,0.060180873,0.0036217375
4621,0,1,-0.30336714,0.15180445,-0.3359942860516005,0.032627136,0.00106453
4622,0,1,0.2889924,-0.13057184,0.3047291182350187,0.0157367,0.0002476437
4623,0,1,-0.31504488,0.16559768,-0.3009731200674679,0.014071763,0.0001980145
4624,0,1,0.25392032,-0.11307812,0.0856196984904258,0.16830063,0.028325101
4625,0,1,-0.11801839,0.025826693,-0.0643341580529837,0.053684227,0.0028819963
4626,0,1,0.022748709,-0.016978502,0.1229472285062107,0.10019852,0.010039744
4627,0,1,-0.1523242,0.034549236,-0.1703408603156035,0.018016666,0.00032460026
4628,0,1,0.12500334,-0.055424213,-0.094509375786326,0.21951272,0.048185833
4629,0,1,0.051631212,-0.027197123,-0.1547609797677749,0.2063922,0.04259774
4630,0,1,0.10983801,-0.04932046,0.1626931873997508,0.05285518,0.00279367
4631,0,1,-0.18852162,0.04305291,-0.1160749634065965,0.07244666,0.0052485187
4632,0,1,0.07238364,-0.034849167,0.0569845393621077,0.015399102,0.00023713235
4633,0,1,-0.091500044,0.018632889,-0.2000125488466473,0.108512506,0.011774964
4634,0,1,0.15401196,-0.06749344,0.1034652423646487,0.05054672,0.002554971
4635,0,1,-0.1344564,0.030087948,-0.1531732932558087,0.018716902,0.0003503224
4636,0,1,0.1082952,-0.04870701,-0.0985445935029218,0.2068398,0.0427827
4637,0,1,0.05550766,-0.028606653,0.0095211082437711,0.04598655,0.002114763
4638,0,1,-0.04716468,0.0057139397,0.0026935575989726,0.049858235,0.0024858436
4639,0,1,-0.040748835,0.0037503242,0.0330584569252208,0.07380729,0.005447516
4640,0,1,-0.06921029,0.012278557,-0.0444634995905626,0.02474679,0.0006124036
4641,0,1,0.0038294792,-0.010553122,0.1577082962993552,0.15387882,0.023678692
4642,0,1,-0.18400073,0.042030096,-0.1363912159623006,0.047609508,0.0022666652
4643,0,1,0.092017174,-0.042328358,0.1474644761753785,0.055447295,0.0030744025
4644,0,1,-0.17469335,0.03988862,-0.1170415231434143,0.057651825,0.0033237329
4645,0,1,0.07331586,-0.035198927,0.2144779210774849,0.14116207,0.019926729
4646,0,1,-0.23516631,0.07272148,-0.2548384878389282,0.019672185,0.00038699486
4647,0,1,0.20804024,-0.09136748,0.4137237416196528,0.2056835,0.0423057
4648,0,1,-0.4157555,0.27946806,-0.4405744690435162,0.024818957,0.0006159806
4649,0,1,0.39490843,-0.21386361,0.3710570681714453,0.023851365,0.0005688876
4650,0,1,-0.3730178,0.23467779,-0.3518634865288232,0.021154314,0.000447505
4651,0,1,0.30495238,-0.13879085,0.4901359088528458,0.18518353,0.034292936
4652,0,1,-0.4914596,0.3603468,-0.4181223262271905,0.07333729,0.0053783576
4653,0,1,0.37202692,-0.1899271,0.3439283193440623,0.028098613,0.00078953203
4654,0,1,-0.34917283,0.20634079,-0.3682538743843784,0.019081056,0.0003640867
4655,0,1,0.32147956,-0.14747286,0.3977188072302882,0.07623926,0.0058124247
4656,0,1,-0.39976215,0.26263356,-0.30922809747238,0.09053406,0.008196416
4657,0,1,0.26216888,-0.11712241,0.4020509311146374,0.13988206,0.01956699
4658,0,1,-0.4040959,0.26718736,-0.4115300243938407,0.0074341297,5.5266286e-05
4659,0,1,0.3653226,-0.1829114,0.4660594106019391,0.10073683,0.010147909
4660,0,1,-0.46772432,0.3347733,-0.3733661202142535,0.094358206,0.008903471
4661,0,1,0.32664323,-0.15022063,0.3825959544369746,0.055952728,0.0031307077
4662,0,1,-0.3846078,0.24676442,-0.3449482556903875,0.03965953,0.0015728783
4663,0,1,0.29799223,-0.13518691,0.0863263327589551,0.2116659,0.044802453
4664,0,1,-0.1186707,0.025998116,-0.1623329747375548,0.04366228,0.0019063947
4665,0,1,0.117203,-0.052267313,-0.0800976166873299,0.19730061,0.038927533
4666,0,1,0.03781438,-0.02224636,0.1778938852141061,0.14007951,0.01962227
4667,0,1,-0.2022748,0.04673624,-0.2562275142119907,0.053952724,0.0029108964
4668,0,1,0.20941615,-0.09199977,0.0644571290398001,0.14495903,0.02101312
4669,0,1,-0.09843755,0.020553112,-0.0814895843904399,0.016947962,0.00028723342
4670,0,1,0.03914714,-0.022718906,0.1351849565529552,0.09603782,0.009223263
4671,0,1,-0.1635058,0.037252665,-0.1387253019107803,0.024780497,0.000614073
4672,0,1,0.09427786,-0.043204546,-0.1589443913982595,0.25322226,0.064121515
4673,0,1,0.11390591,-0.05094385,0.1157625004471039,0.0018565953,3.446946e-06
4674,0,1,-0.14574385,0.032927275,-0.142340253761501,0.0034035891,1.1584419e-05
4675,0,1,0.09778118,-0.044569254,0.1194843805017753,0.021703199,0.00047102882
4676,0,1,-0.14915419,0.033771038,-0.0544027193460929,0.09475146,0.00897784
4677,0,1,0.013282537,-0.013736963,0.2162022449480094,0.2029197,0.04117641
4678,0,1,-0.23671007,0.07448411,-0.077469651717986,0.15924042,0.025357513
4679,0,1,0.03529954,-0.021357298,0.153135304086899,0.11783576,0.013885266
4680,0,1,-0.17984843,0.041080713,-0.0677377857610546,0.112110645,0.012568797
4681,0,1,0.025997639,-0.018102407,0.1005144221376639,0.07451678,0.0055527505
4682,0,1,-0.1317432,0.029394627,0.0137069176630277,0.14545012,0.021155735
4683,0,1,-0.051094532,0.0069043636,-0.0360330723007433,0.01506146,0.0002268476
4684,0,1,-0.004173517,-0.007899761,-0.0577628243689143,0.053589307,0.0028718137
4685,0,1,0.016483545,-0.014827251,0.0635555941689505,0.047072046,0.0022157775
4686,0,1,-0.09760094,0.020323515,-0.0488490329603363,0.048751906,0.0023767482
4687,0,1,0.007997751,-0.011951208,-0.0028975458240578,0.010895297,0.000118707496
4688,0,1,-0.035487413,0.0021224022,-0.0223221086398224,0.013165304,0.00017332524
4689,0,1,-0.017157793,-0.0036745071,0.1464687698443953,0.16362657,0.026773654
4690,0,1,-0.17378736,0.03967738,-0.1571433300300113,0.01664403,0.00027702376
4691,0,1,0.112154245,-0.050243616,0.23666340132598,0.124509156,0.01550253
4692,0,1,-0.2549696,0.09542918,-0.3815217708650165,0.12655216,0.01601545
4693,0,1,0.3348899,-0.15464592,0.2550515340009904,0.079838365,0.0063741645
4694,0,1,-0.2713008,0.11431193,-0.3226239469367686,0.051323146,0.0026340652
4695,0,1,0.27557802,-0.123788595,0.2029064577717081,0.07267156,0.005281156
4696,0,1,-0.22479486,0.06090951,-0.3224934067242788,0.09769854,0.009545005
4697,0,1,0.2754476,-0.12372327,0.2763665403480346,0.0009189248,8.444228e-07
4698,0,1,-0.2901373,0.1362691,-0.3147053636371324,0.02456808,0.0006035906
4699,0,1,0.26764798,-0.11983228,0.4098004829358377,0.14215249,0.02020733
4700,0,1,-0.4118395,0.2753384,-0.5336312511940382,0.12179178,0.014833238
4701,0,1,0.490515,-0.31376672,0.6015504445280744,0.111035466,0.012328874
4702,0,1,-0.5998275,0.47971177,-0.7047650816036515,0.10493755,0.01101189
4703,0,1,0.66909957,-0.5000572,0.5868161848791984,0.08228338,0.0067705545
4704,0,1,-0.58563733,0.46383238,-0.5416984037089847,0.043938935,0.00193063
4705,0,1,0.49885774,-0.32247734,0.532937532787813,0.03407979,0.0011614321
4706,0,1,-0.53338003,0.406008,-0.3917926511574223,0.14158738,0.020046985
4707,0,1,0.34528995,-0.16194344,0.294646055032826,0.05064389,0.0025648037
4708,0,1,-0.30621076,0.15515733,-0.3174693812158984,0.011258632,0.0001267568
4709,0,1,0.27041435,-0.12120867,0.3377545849305594,0.067340225,0.004534706
4710,0,1,-0.34382057,0.19990826,-0.2692380335591218,0.07458255,0.0055625564
4711,0,1,0.22231984,-0.097982645,0.288658672916855,0.06633884,0.0044008414
4712,0,1,-0.30095387,0.14896417,-0.3770825078502287,0.07612863,0.0057955687
4713,0,1,0.33040023,-0.15223098,0.2942512408157753,0.036148995,0.0013067499
4714,0,1,-0.30586433,0.15474749,-0.3126246021208354,0.0067602694,4.5701243e-05
4715,0,1,0.2655661,-0.118799925,0.3353082690567537,0.06974217,0.004863971
4716,0,1,-0.34169793,0.19736171,-0.3535133700726605,0.011815429,0.00013960435
4717,0,1,0.30661416,-0.13965559,0.3767626570864322,0.0701485,0.004920812
4718,0,1,-0.378752,0.24065137,-0.5287089333270827,0.14995694,0.022487083
4719,0,1,0.48542833,-0.308455,0.3738604082719208,0.111567914,0.012447399
4720,0,1,-0.3758359,0.23761201,-0.3670489171581756,0.008786976,7.7210956e-05
4721,0,1,0.3202629,-0.14682794,0.1890550687073826,0.13120784,0.017215498
4722,0,1,-0.21234035,0.04962516,-0.2591279644976949,0.04678762,0.0021890814
4723,0,1,0.21229053,-0.09332347,0.2933149198058111,0.08102441,0.0065649548
4724,0,1,-0.30504298,0.15377879,-0.31441358701441,0.009370595,8.7808054e-05
4725,0,1,0.26735592,-0.119687796,0.3687577165279445,0.101401806,0.0102823265
4726,0,1,-0.37070513,0.23227096,-0.3338394345863009,0.03686568,0.0013590785
4727,0,1,0.28682923,-0.12946963,0.3662211667982924,0.07939193,0.006303078
4728,0,1,-0.36842704,0.2296176,-0.2699452140901228,0.098481834,0.009698671
4729,0,1,0.2230227,-0.098311424,0.1260476364170837,0.09697506,0.009404162
4730,0,1,-0.15516019,0.03524232,-0.1908489979675196,0.035688803,0.0012736906
4731,0,1,0.1450355,-0.063704014,0.2018493064427589,0.056813806,0.0032278085
4732,0,1,-0.22384572,0.05983138,-0.1951102283421111,0.028735489,0.0008257283
4733,0,1,0.14920807,-0.065458775,0.0657758017145497,0.083432265,0.006960943
4734,0,1,-0.09965992,0.020889044,-0.0240409058104185,0.07561901,0.005718235
4735,0,1,-0.015532494,-0.004198551,-0.1531587894443058,0.13762629,0.018940996
4736,0,1,0.10828161,-0.048701763,0.1211228092147158,0.012841195,0.00016489628
4737,0,1,-0.15065432,0.034140587,-0.0744195433779144,0.07623477,0.0058117406
4738,0,1,0.03238201,-0.020330906,0.0463416298555467,0.01395962,0.000194871
4739,0,1,-0.08160019,0.015845776,-0.1565832403674232,0.074983045,0.0056224572
4740,0,1,0.11160946,-0.05002618,0.0642780945662031,0.047331363,0.002240258
4741,0,1,-0.09827113,0.020507336,-0.0504785408142507,0.04779259,0.0022841317
4742,0,1,0.009548664,-0.012473106,0.2753825846088973,0.2658339,0.07066767
4743,0,1,-0.28926992,0.1352539,-0.2301269554460732,0.059142962,0.00349789
4744,0,1,0.18362069,-0.08035135,0.1143573308750562,0.06926336,0.004797413
4745,0,1,-0.14445591,0.032606363,-0.1692323837213583,0.024776474,0.00061387365
4746,0,1,0.12392235,-0.05498457,0.2062635526740632,0.08234121,0.006780075
4747,0,1,-0.2278068,0.06433463,-0.1857857714469228,0.042021036,0.0017657675
4748,0,0,0.1400826,-0.061633825,-0.1930050471954376,0.33308762,0.11094736
4749,0,0,0.14714646,-0.064590216,-0.1756930700973065,0.32283953,0.10422536
4750,0,0,0.13022399,-0.057557583,-0.1014970751277677,0.23172107,0.053694654
4751,0,0,0.058346033,-0.029644012,-0.1279052711250901,0.1862513,0.034689546
4752,0,0,0.083806515,-0.03917241,-0.1077067605557782,0.19151327,0.036677334
4753,0,0,0.064320326,-0.031845093,-0.3143823467036593,0.37870267,0.14341572
4754,0,0,0.2673242,-0.11967182,-0.2154657338694967,0.48278993,0.23308612
4755,0,0,0.16918492,-0.07401466,-0.3949893013948684,0.56417423,0.31829256
4756,0,0,0.34853053,-0.1653359,-0.4060926539588032,0.7546232,0.56945616
4757,1,0,-0.4146831,-0.17712998,-0.3348737979068614,0.07980931,0.0063695256
4758,1,0,-0.3418579,-0.12999845,-0.310344509060803,0.031513393,0.0009930939
4759,1,0,-0.31670952,-0.11767268,-0.361545054410227,0.044835538,0.0020102256
4760,1,0,-0.36916518,-0.14389539,-0.2232583710402051,0.1459068,0.021288795
4761,1,0,-0.22795582,-0.07736468,-0.0113690634347261,0.21658675,0.04690982
4762,1,0,-0.012737274,-0.00037884712,-0.0231806256997799,0.010443352,0.00010906361
4763,1,0,-0.02478695,-0.0039355755,0.039147440627818,0.063934386,0.0040876055
4764,1,0,0.038854837,0.0139250755,0.1338398394060118,0.09498501,0.009022152
4765,1,0,0.13578892,0.03695941,0.1799456430849617,0.04415673,0.0019498168
4766,1,0,0.18307543,0.04727125,0.3388580379617187,0.15578261,0.024268221
4767,1,0,0.3463688,0.2010572,0.4173109502171499,0.07094216,0.0050327904
4768,1,0,0.42601204,0.28324628,0.6135632523465349,0.1875512,0.035175454
4769,1,0,0.62123823,0.49267673,0.5505761083720908,0.07066214,0.0049931384
4770,1,0,0.5585029,0.42489648,0.6434362431194147,0.08493334,0.007213672
4771,1,0,0.65101147,0.5249975,0.6285183831483137,0.022493064,0.00050593796
4772,1,0,0.6361425,0.5088446,0.6515194733821139,0.015376985,0.00023645167
4773,1,0,0.65906954,0.533762,0.5972749239583783,0.06179464,0.0038185774
4774,1,0,0.6050103,0.47510147,0.6409156278720345,0.03590536,0.0012891949
4775,1,0,0.648499,0.52226615,0.5683327013049695,0.08016634,0.006426642
4776,1,0,0.57618284,0.44395208,0.5389221825893289,0.03726065,0.0013883562
4777,1,0,0.54690266,0.4124124,0.6120630782965093,0.06516039,0.004245877
4778,1,0,0.6197436,0.49105716,0.4672293880598155,0.15251419,0.023260579
4779,1,0,0.47559524,0.3360145,0.3692424275396493,0.106352806,0.011310919
4780,1,0,0.37762666,0.23277903,0.3960784972192783,0.01845184,0.00034047037
4781,1,0,0.4049406,0.26091146,0.4379094006825115,0.03296879,0.0010869411
4782,1,0,0.4464655,0.30497694,0.3924260422739896,0.05403945,0.002920262
4783,1,0,0.40131712,0.25707674,0.3636229963210531,0.037694126,0.0014208471
4784,1,0,0.37184525,0.2269013,0.3794713238898444,0.0076260865,5.8157195e-05
4785,1,0,0.38815117,0.24348998,0.2961076013540027,0.09204358,0.008472021
4786,1,0,0.3024037,0.1566689,0.274313747040531,0.02808994,0.0007890448
4787,1,0,0.27999878,0.13415146,0.6023687720604407,0.32237,0.10392241
4788,1,0,0.6100848,0.4805944,0.630682886191896,0.020598114,0.00042428228
4789,1,0,0.6382992,0.51118636,0.6475074196900183,0.009208202,8.479099e-05
4790,1,0,0.6550691,0.52941036,0.6301577968614862,0.024911344,0.00062057504
4791,1,0,0.63777614,0.5106175,0.6162469738034444,0.021529138,0.0004635038
4792,1,0,0.62391305,0.49557662,0.5016572712182361,0.1222558,0.014946481
4793,1,0,0.5098252,0.3726139,0.6791673855486855,0.16934216,0.028676767
4794,1,0,0.68663526,0.5637958,0.5517179403707368,0.13491732,0.018202683
4795,1,0,0.55964017,0.42612076,0.615339478224421,0.05569929,0.0031024108
4796,1,0,0.6230087,0.494596,0.5760806101227449,0.046928108,0.0022022473
4797,1,0,0.5838988,0.452281,0.4360052594400421,0.14789352,0.021872493
4798,1,0,0.44457412,0.30296516,0.2829520807214631,0.16162205,0.026121687
4799,1,0,0.28887868,0.14306736,0.316090505981887,0.027211815,0.0007404829
4800,1,0,0.3229518,0.17738247,0.3575135710689099,0.034561783,0.0011945169
4801,1,0,0.36555982,0.2205174,0.378237677142176,0.012677848,0.00016072784
4802,1,0,0.38688207,0.24219632,0.4396214181799016,0.052739352,0.0027814393
4803,1,0,0.44816566,0.30678606,0.3765953454593984,0.07157031,0.0051223086
4804,1,0,0.38519192,0.2404759,0.3950408762742969,0.009848952,9.700186e-05
4805,1,0,0.40391135,0.2598226,0.4216840380528319,0.017772675,0.00031586795
4806,1,0,0.43035293,0.28785443,0.2996324909491257,0.13072044,0.017087832
4807,1,0,0.3060279,0.16031766,0.3593032479087381,0.053275347,0.0028382626
4808,1,0,0.36740088,0.22238731,0.3511823405093275,0.016218543,0.00026304115
4809,1,0,0.3590467,0.21390748,0.4666249876631192,0.10757828,0.011573086
4810,1,0,0.4749949,0.33537364,0.4937996532929398,0.018804759,0.00035361896
4811,1,0,0.50201106,0.36424565,0.461309300659281,0.040701747,0.0016566322
4812,1,0,0.46971202,0.32973838,0.4454142948562705,0.024297714,0.00059037894
4813,1,0,0.4539199,0.31291032,0.383368531047449,0.070551366,0.0049774954
4814,1,0,0.39216137,0.24757385,0.4081809320364642,0.016019553,0.00025662608
4815,1,0,0.4169495,0.27363443,0.339548396949219,0.0774011,0.0059909304
4816,1,0,0.3470788,0.20177674,0.4131604738572036,0.06608167,0.0043667876
4817,1,0,0.42189193,0.27887535,0.4499660652954245,0.028074145,0.00078815763
4818,1,0,0.4584415,0.3177247,0.4868780058788573,0.028436512,0.0008086352
4819,1,0,0.4951284,0.3568821,0.5010503119056215,0.0059219003,3.5068904e-05
4820,1,0,0.5092213,0.37196684,0.4830182592522143,0.026203066,0.0006866007
4821,1,0,0.49129128,0.3527782,0.5603046441542134,0.06901336,0.0047628433
4822,1,0,0.5681889,0.43533206,0.6258926075844244,0.057703674,0.003329714
4823,1,0,0.6335249,0.5060036,0.7554176302727122,0.12189275,0.014857843
4824,1,0,0.7626896,0.64707613,0.7041305692772433,0.058559,0.0034291565
4825,1,0,0.71152997,0.5909908,0.7132588552590455,0.0017288923,2.9890687e-06
4826,1,0,0.72063446,0.60095143,0.7829645886590035,0.062330127,0.0038850447
4827,1,0,0.7901726,0.6773157,0.7821841339890807,0.007988453,6.381538e-05
4828,1,0,0.78939414,0.6764579,0.6664185758663814,0.12297559,0.015122995
4829,1,0,0.673923,0.5499356,0.7166256089917735,0.042702615,0.0018235133
4830,1,0,0.72399235,0.60462785,0.7145846927150736,0.0094076395,8.850368e-05
4831,1,0,0.7219572,0.6023989,0.6331468599384085,0.088810325,0.007887274
4832,1,0,0.6407554,0.5138533,0.7458637050901471,0.10510826,0.011047747
4833,1,0,0.75315905,0.63660645,0.7684907646443513,0.015331745,0.00023506241
4834,1,0,0.7757325,0.6614175,0.820426021458347,0.04469353,0.0019975116
4835,1,0,0.827549,0.7185607,0.8703367313122148,0.04278773,0.0018307898
4836,1,0,0.8773453,0.7737186,0.4019148011378779,0.47543052,0.22603418
4837,1,1,0.4107318,0.26704454,-0.3451976811429729,0.75592947,0.5714294
4838,1,1,-0.3524325,-0.1353159,0.2474381015573783,0.59987056,0.35984468
4839,1,1,0.25237942,0.10648775,-0.2651683470715436,0.5175477,0.26785564
4840,1,1,-0.27030993,-0.096098185,0.2480941863997614,0.5184041,0.26874283
4841,1,1,0.25305367,0.10716152,-0.1204723738651365,0.37352604,0.1395217
4842,1,1,-0.123818636,-0.03644538,0.1716738005524023,0.29549244,0.08731578
4843,1,1,0.17458797,0.045098305,-0.001236426393024,0.17582439,0.030914215
4844,1,1,-0.0023963451,0.0026078224,-0.0932411199240816,0.09084477,0.0082527725
4845,1,1,-0.096141815,-0.026756525,-0.0049571969985384,0.091184616,0.008314635
4846,1,1,-0.006193638,0.0015184879,0.0212985758951167,0.027492214,0.0007558218
4847,1,1,0.020615578,0.00903821,-0.0111894221461916,0.031805,0.0010115581
4848,1,1,-0.012554407,-0.00032496452,0.0908764601431015,0.10343087,0.010697944
4849,1,1,0.09177518,0.027099133,-0.1136151568603676,0.20539033,0.04218519
4850,1,1,-0.11685228,-0.03396082,-0.0129239082116927,0.10392837,0.010801107
4851,1,1,-0.014323711,-0.0008428097,0.1260224558273091,0.14034617,0.019697048
4852,1,1,0.1277771,0.035237074,0.2450930194592793,0.11731592,0.0137630245
4853,1,1,0.2499702,0.10407972,-0.1858006684316193,0.43577087,0.18989626
4854,1,1,-0.19006896,-0.061638832,0.2090322406218159,0.3991012,0.15928176
4855,1,1,0.21293187,0.06716037,-0.1236849031977067,0.33661678,0.11331086
4856,1,1,-0.12708068,-0.037619114,0.2830520652697399,0.41013274,0.16820887
4857,1,1,0.28898144,0.14317083,-0.213652163321417,0.5026336,0.25264052
4858,1,1,-0.2182467,-0.073240995,0.1439427273207703,0.3621894,0.13118117
4859,1,1,0.14614677,0.0391407,-0.063774493562446,0.20992127,0.04406694
4860,1,1,-0.06615615,-0.016793966,0.1543415690392131,0.22049771,0.04861924
4861,1,1,0.1568098,0.041332483,-0.0346490034223196,0.1914588,0.036656473
4862,1,1,-0.036480904,-0.007468462,0.0053604628106578,0.041841365,0.0017506998
4863,1,1,0.0043382645,0.0045206547,-0.0952314807236507,0.099569745,0.009914135
4864,1,1,-0.09816527,-0.027448893,0.0863673225459553,0.1845326,0.03405228
4865,1,1,0.08715963,0.026008368,0.0247723101676209,0.062387325,0.0038921784
4866,1,1,0.0241642,0.010003328,0.0406272079007585,0.016463008,0.0002710306
4867,1,1,0.040367603,0.014322996,-0.0501480813460948,0.09051569,0.00819309
4868,1,1,-0.05227661,-0.01236701,0.1074437436080977,0.15972036,0.025510594
4869,1,1,0.10874152,0.031015158,-0.0811215550784898,0.18986309,0.03604799
4870,1,1,-0.08381367,-0.022594213,0.0299951505782312,0.11380882,0.012952447
4871,1,1,0.0295012,0.011440992,0.0239481789609654,0.00555302,3.0836032e-05
4872,1,1,0.023322105,0.009774685,0.0983245714707687,0.07500247,0.0056253704
4873,1,1,0.09940171,0.028877258,-0.2666197658902618,0.36602148,0.13397172
4874,1,1,-0.27180243,-0.09676933,0.2085563610433718,0.48035878,0.23074456
4875,1,1,0.21244335,0.06667471,-0.2829255629124554,0.49536893,0.24539037
4876,1,1,-0.28856063,-0.10440612,0.1293675585385081,0.4179282,0.17466398
4877,1,1,0.1312058,0.03597808,-0.0422172506067162,0.17342305,0.030075556
4878,1,1,-0.044194937,-0.009842396,0.1621193535619371,0.2063143,0.042565588
4879,1,1,0.16478682,0.042936087,-0.112986014742086,0.27777284,0.07715775
4880,1,1,-0.11621308,-0.03373456,-0.0737517518760029,0.04246133,0.0018029644
4881,1,1,-0.07631326,-0.02010727,0.1198933888610769,0.19620664,0.038497046
4882,1,1,0.12149572,0.033863544,-0.1002932394048916,0.22178897,0.04919035
4883,1,1,-0.103312016,-0.029220581,0.1946739445484699,0.29798597,0.08879564
4884,1,1,0.1981914,0.052520275,-0.0964529631405861,0.29464436,0.0868153
4885,1,1,-0.099407434,-0.027874947,-0.0505968877918041,0.048810545,0.0023824694
4886,1,1,-0.052734375,-0.012511015,-0.0120924997547984,0.040641874,0.0016517619
4887,1,1,-0.013475418,-0.00059461594,0.1059177418517425,0.11939316,0.014254727
4888,1,1,0.10717869,0.03066063,-0.1481055835933094,0.25528425,0.06517005
4889,1,1,-0.15186763,-0.04676175,0.078550082917622,0.23041771,0.053092323
4890,1,1,0.079157114,0.024091244,0.0613823553743131,0.017774757,0.000315942
4891,1,1,0.061591625,0.019766808,-0.1609354011154486,0.22252703,0.049518276
4892,1,1,-0.16487789,-0.05172038,0.3011939651394391,0.46607184,0.21722296
4893,1,1,0.30763388,0.16193604,-0.2109428178886427,0.5185767,0.26892176
4894,1,1,-0.21550775,-0.07208943,0.1505473927298104,0.36605513,0.13399635
4895,1,1,0.15291834,0.040538788,0.0530545818105476,0.09986375,0.009972769
4896,1,1,0.05307412,0.017611027,-0.0313193746838518,0.0843935,0.007122263
4897,1,1,-0.033086777,-0.0064344406,-0.0375939815444703,0.0045072064,2.031491e-05
4898,1,1,-0.03948307,-0.008388042,0.0457578541606249,0.08524092,0.007266015
4899,1,1,0.04561305,0.015691042,-0.1938726660547218,0.23948571,0.057353407
4900,1,1,-0.19824004,-0.06494808,0.1372581962357935,0.33549824,0.11255907
4901,1,1,0.13929343,0.037703276,-0.0262487186695312,0.16554216,0.027404206
4902,1,1,-0.027915716,-0.0048732758,0.0634863255803446,0.09140204,0.008354332
4903,1,1,0.06374383,0.020304918,0.2146910855972286,0.15094726,0.022785075
4904,1,1,0.21874285,0.072939634,-0.1146901417769559,0.33343297,0.11117755
4905,1,1,-0.11794472,-0.03434944,0.1172226228412016,0.23516734,0.055303678
4906,1,1,0.11876011,0.033258915,-0.2594072510113419,0.37816736,0.14301056
4907,1,1,-0.26444578,-0.09345102,0.3036941192425941,0.5681399,0.32278296
4908,1,1,0.31020427,0.16452575,-0.3453936893005989,0.6555979,0.42980865
4909,0,1,0.29844022,-0.1354177,0.3135498682085265,0.015109658,0.00022830177
4910,0,1,-0.32275438,0.17474556,-0.2507789378516225,0.07197544,0.005180464
4911,0,1,0.20402122,-0.0895288,0.1804043025174317,0.02361691,0.00055775844
4912,0,1,-0.20454097,0.047390938,-0.3270969670357466,0.122556,0.015019974
4913,0,1,0.2800629,-0.1260438,0.2497030589865398,0.03035985,0.00092172046
4914,0,1,-0.26655865,0.108814955,-0.2236770789947804,0.042881563,0.0018388284
4915,0,1,0.1772654,-0.077545404,0.1705758313510705,0.0066895783,4.4750457e-05
4916,0,1,-0.19565964,0.04480791,-0.2071045563832698,0.011444926,0.00013098634
4917,0,1,0.16096997,-0.07046628,0.1686573248765803,0.007687345,5.9095277e-05
4918,0,1,-0.19392371,0.04429865,-0.1935251369016595,0.00039857626,1.5886303e-07
4919,0,1,0.1476562,-0.06480479,0.2410065260882801,0.09335032,0.008714283
4920,0,1,-0.25883365,0.09988475,-0.2713792477527792,0.012545615,0.00015739247
4921,0,1,0.22444701,-0.09897852,0.2399355868597243,0.01548858,0.00023989611
4922,0,1,-0.25788116,0.09878588,-0.1488000378076739,0.10908112,0.011898691
4923,0,1,0.10404801,-0.047027826,0.0475271881306071,0.056520827,0.0031946038
4924,0,1,-0.082704306,0.016159058,-0.0798389704017656,0.0028653368,8.210155e-06
4925,0,1,0.037566423,-0.022158384,0.1572898233213533,0.119723395,0.014333691
4926,0,1,-0.18362093,0.041942596,-0.1666157215942632,0.017005205,0.000289177
4927,0,1,0.121373415,-0.05395031,0.1948816846709729,0.07350826,0.0054034647
4928,0,1,-0.21758437,0.052731514,-0.2191332295462902,0.0015488565,2.3989564e-06
4929,0,1,0.17279267,-0.07558608,0.1151124985810594,0.057680175,0.0033270025
4930,0,1,-0.14514828,0.03277874,-0.062753132115179,0.082395144,0.0067889597
4931,0,1,0.021241188,-0.016458511,0.0187082875256221,0.0025329012,6.415589e-06
4932,0,1,-0.055783033,0.008312941,-0.1247112566743045,0.06892823,0.0047511007
4933,0,1,0.08071995,-0.037996054,-0.1270601897875933,0.20778014,0.043172587
4934,0,1,0.08298969,-0.03886056,0.1987773434860371,0.115787655,0.0134067815
4935,0,1,-0.22108674,0.056700468,-0.193653377075408,0.027433366,0.00075258955
4936,0,1,0.14778137,-0.06485748,0.2894298294163957,0.14164847,0.020064289
4937,0,1,-0.3016317,0.14976168,-0.3604207764831786,0.058789074,0.0034561553
4938,0,1,0.31357598,-0.14329886,0.3799652526630233,0.06638926,0.0044075344
4939,0,1,-0.38196754,0.24400687,-0.3559029427851667,0.026064605,0.0006793636
4940,0,1,0.30902147,-0.14091206,0.213773576398772,0.095247895,0.009072161
4941,0,1,-0.23453593,0.07200217,-0.235708763564435,0.0011728257,1.3755201e-06
4942,0,1,0.18912697,-0.08280301,-0.1250103910466053,0.31413734,0.09868227
4943,0,1,0.08100891,-0.038105965,0.0413232143304918,0.039685696,0.0015749545
4944,0,1,-0.07692337,0.0145094395,0.0142149172058383,0.09113829,0.008306188
4945,0,1,-0.051570415,0.0070478916,-0.1046151204035865,0.053044707,0.0028137409
4946,0,1,0.061344624,-0.03074646,0.0154906220376034,0.045854002,0.0021025895
4947,0,1,-0.052767277,0.007408619,0.169759790199464,0.22252707,0.0495183
4948,0,1,-0.19492173,0.044591427,-0.0718928937069076,0.12302884,0.015136095
4949,0,1,0.029966831,-0.019485712,0.0732902208903403,0.04332339,0.0018769162
4950,0,1,-0.10662198,0.02278328,0.0122882873503038,0.11891027,0.014139652
4951,0,1,-0.049762964,0.0065014362,0.0137919011004701,0.06355487,0.0040392214
4952,0,1,-0.051174402,0.0069286823,-0.0993108289034641,0.048136428,0.0023171157
4953,0,1,0.056243658,-0.028875113,0.0116029670569615,0.04464069,0.0019927912
4954,0,1,-0.049119473,0.0063068867,0.0099942194647337,0.059113692,0.0034944287
4955,0,1,-0.047609568,0.005849123,-0.1253500898493449,0.07774052,0.0060435883
4956,0,1,0.08133721,-0.03823042,0.1417363125206261,0.0603991,0.0036480513
4957,0,1,-0.16947865,0.038669348,-0.1398344238520845,0.029644236,0.00087878073
4958,0,1,0.09535241,-0.043622255,0.1509366706458119,0.055584267,0.0030896107
4959,0,1,-0.17785072,0.040620327,-0.1984565077569655,0.020605788,0.0004245985
4960,0,1,0.15248632,-0.066845894,0.1373481798136895,0.015138149,0.00022916356
4961,0,1,-0.16547847,0.037722826,-0.0443459587714865,0.12113251,0.014673084
4962,0,1,0.0037178993,-0.010516405,0.0397777598177881,0.03605986,0.0013003135
4963,0,1,-0.07548237,0.01409483,-0.0504145849670023,0.025067784,0.0006283938
4964,0,1,0.009487152,-0.012453079,0.0336955195466597,0.024208367,0.00058604503
4965,0,1,-0.06980538,0.012450933,-0.1122772697459071,0.042471886,0.0018038611
4966,0,1,0.06872249,-0.033480167,0.0948875393577668,0.026165053,0.00068461
4967,0,1,-0.12656403,0.028060675,-0.0909962328751543,0.03556779,0.0012650677
4968,0,1,0.04825902,-0.025978327,0.0953964875929664,0.04713747,0.002221941
4969,0,1,-0.127033,0.028182268,-0.298649859424609,0.17161685,0.029452344
4970,0,1,0.25160122,-0.11194873,0.3233820953344062,0.07178089,0.005152496
4971,0,1,-0.3313272,0.18495584,-0.2774162438069445,0.05391097,0.0029063928
4972,0,1,0.23044729,-0.10180521,0.1148940264482272,0.11555327,0.013352558
4973,0,1,-0.14494824,0.032729626,-0.0754588771247894,0.06948937,0.004828772
4974,0,1,0.033375263,-0.02067995,0.108392099422236,0.075016834,0.0056275255
4975,0,1,-0.13898253,0.031235218,-0.3091686196272749,0.17018607,0.0289633
4976,0,1,0.26210904,-0.11709261,0.3873704616622415,0.12526143,0.015690425
4977,0,1,-0.3893969,0.25177145,-0.340410216151608,0.048986703,0.0023996972
4978,0,1,0.29342937,-0.13284063,0.3318357630179798,0.038406402,0.0014750517
4979,0,1,-0.33868122,0.19374633,-0.3038052308286842,0.03487599,0.0012163346
4980,0,1,0.2567494,-0.11445999,0.2958161175465608,0.039066732,0.0015262095
4981,0,1,-0.30723667,0.15636754,-0.3156847412122774,0.008448064,7.136979e-05
4982,0,1,0.2686286,-0.12031937,0.3258109042363379,0.057182312,0.0032698167
4983,0,1,-0.33344245,0.18748093,-0.202610852194891,0.1308316,0.017116908
4984,0,1,0.15655994,-0.06857872,0.0772699936708134,0.07928995,0.0062868963
4985,0,1,-0.11030388,0.023774385,-0.0774485157533417,0.03285536,0.0010794748
4986,0,1,0.035279036,-0.021350622,0.0566342412238558,0.021355204,0.00045604474
4987,0,1,-0.09117484,0.018542767,0.0227999805894945,0.113974825,0.0129902605
4988,0,1,-0.059616327,0.009455681,0.0877493683674335,0.14736569,0.021716647
4989,0,1,-0.11998391,0.026343584,-0.2368699849136,0.11688608,0.013662356
4990,0,1,0.19027328,-0.08331537,0.1732683234403063,0.017004967,0.0002891689
4991,0,1,-0.19809508,0.045520306,-0.3412820001361818,0.14318693,0.020502497
4992,0,1,0.2943058,-0.13329029,0.2110190815845705,0.08328672,0.0069366773
4993,0,1,-0.23206949,0.06918883,-0.132159139602173,0.09991035,0.009982077
4994,0,1,0.087920666,-0.040748358,0.078016668190985,0.009903997,9.8089164e-05
4995,0,1,-0.11099458,0.02395916,-0.0682981061601903,0.04269647,0.0018229884
4996,0,1,0.02653265,-0.018288374,0.0682445558679192,0.041711904,0.001739883
4997,0,1,-0.101949215,0.021514416,-0.0011609590005736,0.10078826,0.010158273
4998,0,1,-0.03712225,0.002629757,0.0166148034901127,0.05373705,0.0028876706
4999,0,1,-0.053821087,0.0077250004,0.1389616974492002,0.19278279,0.037165202
5000,0,1,-0.16695023,0.038071156,-0.3187371091610842,0.1517869,0.02303926
5001,0,1,0.2716844,-0.121840954,0.238521125580053,0.03316328,0.0010998031
5002,0,1,-0.25662255,0.09733486,-0.1591799590688265,0.0974426,0.00949506
5003,0,1,0.114135265,-0.05103612,0.1786464706011488,0.06451121,0.004161696
5004,0,1,-0.20295405,0.04693222,-0.1770296934375856,0.025924355,0.0006720722
5005,0,1,0.1315279,-0.058094025,-0.0122027633960146,0.14373067,0.020658506
5006,0,1,-0.02671647,-0.0006275177,-0.0417840880703646,0.015067618,0.00022703312
5007,0,1,0.0012843609,-0.0097055435,-0.1189104148236812,0.12019478,0.014446785
5008,0,1,0.07511878,-0.035877228,0.1021900694909194,0.02707129,0.0007328547
5009,0,1,-0.13328409,0.029789448,-0.193921526705795,0.06063743,0.0036768978
5010,0,1,0.14804387,-0.06496763,0.1908974179001155,0.04285355,0.0018364267
5011,0,1,-0.21399927,0.050095797,-0.0371244307686429,0.17687485,0.031284712
5012,0,1,-0.0031380653,-0.008240938,0.1545156057672154,0.15765367,0.02485468
5013,0,1,-0.18110228,0.041368008,0.0963079293935438,0.2774102,0.07695642
5014,0,1,-0.12787175,0.028399229,-0.0166653156111342,0.111206435,0.012366871
5015,0,1,-0.022503614,-0.0019636154,-0.0398590081346883,0.017355394,0.0003012097
5016,0,1,-0.0005438328,-0.0090994835,-0.0074437416238177,0.0068999087,4.760874e-05
5017,0,1,-0.031204224,0.0007855892,-0.0209948019270571,0.010209423,0.000104232306
5018,0,1,-0.018412828,-0.003271103,-0.0121396419866814,0.0062731868,3.935287e-05
5019,0,1,-0.026776552,-0.0006082058,-0.108021834997213,0.08124528,0.006600796
5020,0,1,0.06462407,-0.031957626,0.127981704323751,0.06335764,0.0040141903
5021,0,1,-0.1569283,0.035670996,-0.003220002245134,0.1537083,0.02362624
5022,0,1,-0.035184145,0.00202775,-0.2134623194169855,0.17827818,0.031783108
5023,0,1,0.16721559,-0.073159695,0.2746417646984365,0.10742617,0.011540381
5024,0,1,-0.28861666,0.13448954,-0.2610131721732776,0.027603477,0.00076195196
5025,0,1,0.21415901,-0.09418678,0.280764572534256,0.06660557,0.0044363015
5026,0,1,-0.29401112,0.14080858,-0.3385690115588207,0.0445579,0.0019854063
5027,0,1,0.29157925,-0.13189244,0.3925399920294312,0.10096073,0.010193069
5028,0,1,-0.39457703,0.2571962,-0.2167982504197736,0.17777878,0.031605296
5029,0,1,0.17049503,-0.074584484,0.1752507791470088,0.0047557503,2.2617161e-05
5030,0,1,-0.19988704,0.04604268,-0.1909277739695576,0.008959264,8.02684e-05
5031,0,1,0.14511251,-0.06373596,0.2826893158402095,0.13757679,0.018927373
5032,0,1,-0.2957058,0.14279604,-0.1380742927329565,0.1576315,0.02484769
5033,0,1,0.09364724,-0.04295945,0.105185874004356,0.011538632,0.00013314003
5034,0,1,-0.13603759,0.030489683,-0.0953873885166274,0.040650196,0.0016524384
5035,0,1,0.0524745,-0.027502775,0.2968023297989313,0.24432784,0.059696093
5036,0,1,-0.3081019,0.15738821,-0.2605745918032807,0.047527313,0.0022588456
5037,0,1,0.21372461,-0.09398556,0.1391244693969953,0.074600145,0.005565182
5038,0,1,-0.16709805,0.03810692,0.0313392101134786,0.19843726,0.039377347
5039,0,1,-0.06760383,0.011809111,-0.103055776968949,0.03545195,0.0012568407
5040,0,1,0.059844494,-0.030193806,0.0058798056207232,0.05396469,0.0029121877
5041,0,1,-0.043744564,0.004669428,0.0511130392992829,0.0948576,0.008997965
5042,0,1,-0.08604145,0.017103195,0.0113271096327194,0.09736856,0.009480637
5043,0,1,-0.048861027,0.0062286854,0.1062322018200201,0.15509322,0.024053907
5044,0,1,-0.1369996,0.030733585,-0.3346648888952788,0.19766527,0.03907156
5045,0,1,0.2876575,-0.12989163,0.1913735856875074,0.09628391,0.009270592
5046,0,1,-0.21442842,0.050218105,-0.1820746886274609,0.03235373,0.0010467637
5047,0,1,0.1364553,-0.06012726,-0.0572522960211103,0.19370759,0.03752263
5048,0,0,0.015996456,-0.014660597,-0.197563859123707,0.21356031,0.045608006
5049,0,0,0.15161204,-0.06647539,-0.1125460860623208,0.26415813,0.069779515
5050,0,0,0.06898165,-0.033576965,0.0072220459585912,0.061759602,0.0038142484
5051,0,0,-0.0450058,0.0050549507,0.0917636818975999,0.13676947,0.01870589
5052,0,0,-0.123686075,0.027312756,0.1788430731644559,0.30252916,0.09152389
5053,0,0,-0.20313168,0.046983957,0.1507536545338745,0.35388532,0.12523483
5054,0,0,-0.17768407,0.04058194,0.1305878326995206,0.30827188,0.09503155
5055,0,0,-0.15930915,0.036247015,0.0964420206302536,0.25575116,0.065408655
5056,0,0,-0.12799573,0.028430462,0.0972579987744381,0.22525373,0.050739244
5057,0,0,-0.12874699,0.028624773,0.0870073718421897,0.21575436,0.046549942
5058,0,0,-0.11929965,0.026164055,0.0848847800144745,0.20418443,0.04169128
5059,1,0,0.085641384,0.025648117,0.0771143547158565,0.008527033,7.271029e-05
5060,1,0,0.07768774,0.023736715,0.200062889950384,0.122375146,0.014975676
5061,1,0,0.20372319,0.058011055,0.2611731382723512,0.057449937,0.0033004952
5062,1,0,0.26649308,0.120610476,0.2724700576651306,0.005976975,3.5724228e-05
5063,1,0,0.2781043,0.13224936,0.3198487371133054,0.04174444,0.0017425984
5064,1,0,0.3268168,0.18128443,0.3079334323466947,0.018883377,0.00035658194
5065,1,0,0.31456327,0.16892004,0.5352457336067062,0.22068244,0.04870074
5066,1,0,0.54324317,0.4084773,0.6245742673763033,0.081331074,0.0066147437
5067,1,0,0.6322117,0.5045774,0.5245867085883558,0.10762495,0.01158313
5068,1,0,0.5326359,0.39707994,0.4210378257928435,0.111598104,0.012454137
5069,1,0,0.42971158,0.2871735,0.4906974374764061,0.060985863,0.0037192756
5070,1,0,0.49892497,0.3609445,0.6297438846343235,0.1308189,0.017113585
5071,1,0,0.63736343,0.51017,0.7647968967274235,0.12743348,0.016239291
5072,1,0,0.77204657,0.6573632,0.741449785656084,0.030596793,0.0009361637
5073,1,0,0.7487552,0.6317735,0.6842597983643488,0.064495444,0.0041596624
5074,1,0,0.6917131,0.5693376,0.590232347997635,0.10148072,0.010298337
5075,1,0,0.5979941,0.46751165,0.5516285471954911,0.04636556,0.0021497651
5076,1,0,0.55955124,0.4260249,0.4693742012829354,0.09017703,0.008131897
5077,1,0,0.47772694,0.33828902,0.4710950807835434,0.006631851,4.398145e-05
5078,1,0,0.4794376,0.3401158,0.3574243147541427,0.12201327,0.014887238
5079,1,0,0.3654678,0.22042418,0.3281637845014713,0.037304014,0.0013915894
5080,1,0,0.33536887,0.1899271,0.1950084099189606,0.14036046,0.019701058
5081,1,0,0.19853497,0.052860737,0.1022436506539437,0.09629132,0.009272018
5082,1,0,0.10341525,0.029802322,-0.0256208923025922,0.12903614,0.016650327
5083,1,0,-0.0272758,-0.004681587,-0.0130366194611135,0.014239181,0.00020275427
5084,1,0,-0.014438868,-0.00087594986,0.0514107798171394,0.06584965,0.004336176
5085,1,0,0.05139351,0.017180443,0.1308124118878262,0.0794189,0.006307361
5086,1,0,0.13268614,0.036295414,0.2668811973439364,0.13419506,0.018008314
5087,1,0,0.2723596,0.12648892,0.2425244322059363,0.02983518,0.0008901379
5088,1,0,0.24733114,0.101442575,0.1610542296629789,0.08627692,0.0074437065
5089,1,0,0.16369414,0.04271841,0.1756413316828617,0.011947185,0.00014273523
5090,1,0,0.17865896,0.0461452,0.2950748102200218,0.11641586,0.013552652
5091,1,0,0.30134177,0.15560055,0.1660886883780294,0.13525309,0.018293398
5092,1,0,0.16885829,0.043742895,0.2593538375041189,0.09049556,0.008189445
5093,1,0,0.26462388,0.118738174,0.3235323733645971,0.058908492,0.0034702104
5094,1,0,0.3306055,0.18511128,0.0808316954846501,0.2497738,0.062386952
5095,1,0,0.08149266,0.024654865,0.1629900884438755,0.08149743,0.0066418312
5096,1,0,0.16568017,0.043114185,0.2490197828141451,0.08333962,0.006945492
5097,1,0,0.25400448,0.108112335,0.2166766301958254,0.03732784,0.0013933677
5098,1,0,0.22078133,0.0749681,0.2165423044079051,0.0042390227,1.7969314e-05
5099,1,0,0.22064352,0.07483196,0.0436089975860993,0.17703453,0.031341225
5100,1,0,0.043415785,0.015119553,-0.1056845062963391,0.14910029,0.022230895
5101,1,0,-0.10879278,-0.031125307,-0.1137363230866435,0.004943542,2.443861e-05
5102,1,0,-0.11697483,-0.03400469,-0.0058382020313092,0.11113663,0.012351351
5103,1,0,-0.007093191,0.0012588501,0.0321423787201098,0.03923557,0.0015394299
5104,1,0,0.031695366,0.012028694,0.0309651636908134,0.0007302016,5.331944e-07
5105,1,0,0.030492306,0.011707544,0.0143535375590242,0.016138768,0.00026045984
5106,1,0,0.013521671,0.0070869923,0.0509589272905803,0.037437256,0.0014015482
5107,1,0,0.050930977,0.017062426,0.0632278203742431,0.012296841,0.00015121228
5108,1,0,0.063479185,0.020239353,0.0532107729766941,0.0102684125,0.0001054403
5109,1,0,0.053233624,0.017652273,0.2023038545049065,0.14907023,0.022221934
5110,1,0,0.20602417,0.06029582,0.3836130577730317,0.17758888,0.03153781
5111,1,0,0.39241266,0.24783039,0.4463758526450827,0.053963184,0.0029120252
5112,1,0,0.45487475,0.31392694,0.5233198025301355,0.06844503,0.0046847216
5113,1,0,0.5313754,0.39572597,0.4472258575813166,0.08414954,0.007081145
5114,1,0,0.455719,0.314826,0.3789440121089469,0.076774985,0.0058943983
5115,1,0,0.38760877,0.2429359,0.2246042591373722,0.1630045,0.026570467
5116,1,0,0.22892308,0.083076954,0.4559959510035067,0.22707286,0.051562086
5117,1,0,0.464432,0.32410836,0.4379718479473036,0.026460141,0.00070013903
5118,1,0,0.44652724,0.30504298,0.492572124071823,0.046044886,0.0021201316
5119,1,0,0.5007894,0.36293936,0.3813065333849308,0.119482875,0.014276157
5120,1,0,0.39003968,0.24541211,0.3458154473094486,0.044224232,0.0019557828
5121,1,0,0.35352516,0.2083087,0.1707361217130136,0.18278904,0.033411834
5122,1,0,0.17362618,0.044850588,0.2593233157196217,0.085697144,0.0073440005
5123,1,0,0.26459217,0.11870694,0.1026839030028212,0.16190827,0.026214287
5124,1,0,0.10386634,0.02990508,0.0070283700987556,0.09683797,0.009377592
5125,1,0,0.00604105,0.004999876,-0.03770294016515,0.04374399,0.0019135367
5126,1,0,-0.039594173,-0.008422136,0.0108443062336776,0.05043848,0.00254404
5127,1,0,0.009937525,0.006091118,-0.1928880973919673,0.20282562,0.04113823
5128,1,0,-0.19724321,-0.06454277,-0.2209749568275465,0.023731738,0.0005631954
5129,1,0,-0.22564816,-0.07637882,-0.0901579928936944,0.13549018,0.018357588
5130,1,0,-0.093006134,-0.025688171,-0.1616093166725107,0.06860319,0.004706397
5131,1,0,-0.1655612,-0.051983833,-0.1913365138307026,0.025775313,0.00066436676
5132,1,0,-0.19567299,-0.06390381,-0.2174003427390678,0.021727353,0.0004720779
5133,1,0,-0.22203588,-0.074842215,-0.0691662745972729,0.15286961,0.023369119
5134,1,0,-0.07164526,-0.018577337,-0.0352118446806626,0.036433414,0.0013273936
5135,1,0,-0.03705454,-0.0076436996,0.1672963447035305,0.20435089,0.041759286
5136,1,0,0.17009783,0.043987513,0.1370142341185816,0.033083588,0.0010945238
5137,1,0,0.1390431,0.03764987,0.1327082702899789,0.0063348264,4.0130024e-05
5138,1,0,0.13462949,0.036711693,0.2319053748307462,0.09727588,0.009462598
5139,1,0,0.23642254,0.09055328,0.3132299693524314,0.07680744,0.0058993828
5140,1,0,0.3200102,0.17441368,0.3702854471036159,0.050275266,0.0025276025
5141,1,0,0.37870026,0.23387003,0.5011463404001208,0.12244606,0.014993038
5142,1,0,0.50931764,0.37206984,0.4701286601437671,0.03918898,0.0015357762
5143,1,0,0.478477,0.3390906,0.6367267979616775,0.1582498,0.025042998
5144,1,0,0.6443236,0.51772904,0.755289044677586,0.11096543,0.012313327
5145,1,0,0.7625613,0.64693546,0.8604044089523719,0.09784311,0.009573274
5146,1,0,0.86743665,0.76272416,0.8571942711493641,0.010242403,0.00010490681
5147,1,0,0.86423373,0.7591722,0.7472312965829961,0.11700243,0.013689568
5148,1,0,0.75452256,0.6381047,0.6142829419525708,0.1402396,0.019667145
5149,1,0,0.6219559,0.4934547,0.7774856482027444,0.1555298,0.024189517
5150,1,0,0.7847061,0.67129517,0.584607590270708,0.20009851,0.040039416
5151,1,0,0.5923915,0.46145487,0.5613092885525326,0.031082213,0.000966104
5152,1,0,0.5691893,0.4364102,0.6892697401807752,0.12008041,0.014419305
5153,1,1,0.6967094,0.5747924,-0.5128735547334617,1.2095829,1.4630909
5154,1,1,-0.5232818,-0.291389,0.5590870824800058,1.0823689,1.1715224
5155,1,1,0.5669768,0.4340253,-0.477963627344288,1.0449405,1.0919006
5156,1,1,-0.48786116,-0.25387216,0.680703235250566,1.1685643,1.3655425
5157,1,1,0.6881664,0.5654671,-0.5684034479379192,1.2565699,1.5789678
5158,1,1,-0.57944775,-0.35136533,0.3441855274744907,0.9236333,0.85309845
5159,0,1,-0.3493955,0.20660901,-0.4602863865347508,0.110890865,0.012296784
5160,0,1,0.4150586,-0.23493385,0.3807481902385055,0.03431043,0.0011772056
5161,0,1,-0.3827536,0.24482751,-0.3785035921413704,0.00425002,1.8062668e-05
5162,0,1,0.33183718,-0.1530025,0.3628623237078314,0.031025141,0.0009625594
5163,0,1,-0.36553264,0.22610712,-0.319098444645197,0.046434194,0.0021561345
5164,0,1,0.27204585,-0.12202215,0.3997598185271589,0.12771398,0.01631086
5165,0,1,-0.4018047,0.2647791,-0.2063843045230315,0.19542038,0.038189128
5166,0,1,0.16026306,-0.07016349,0.123549932925659,0.03671313,0.0013478539
5167,0,1,-0.15287566,0.03468442,-0.1076101068612169,0.045265555,0.0020489704
5168,0,1,0.06422758,-0.031810522,0.1313140875867078,0.0670865,0.0045005986
5169,0,1,-0.15997267,0.03640604,-0.2170591679736428,0.057086498,0.0032588681
5170,0,1,0.17075205,-0.074696064,0.1654304317906239,0.005321622,2.831966e-05
5171,0,1,-0.19100213,0.043609858,-0.189187373112198,0.0018147528,3.2933278e-06
5172,0,1,0.14340949,-0.063022375,0.300407847757683,0.15699837,0.024648488
5173,0,1,-0.31126142,0.16112137,-0.0260780602240031,0.28518337,0.081329554
5174,0,1,-0.013604879,-0.0048205853,0.1071757888498821,0.12078067,0.01458797
5175,0,1,-0.13786602,0.03095293,-0.1310913265466919,0.0067746937,4.5896475e-05
5176,0,1,0.0868876,-0.040351868,0.2076288129297308,0.12074122,0.014578442
5177,0,1,-0.22903085,0.065727234,-0.1371451543550086,0.091885686,0.008442979
5178,0,1,0.09274745,-0.042610884,0.2094717219922932,0.11672427,0.0136245545
5179,0,1,-0.23068309,0.06760907,-0.1994472408177539,0.031235844,0.0009756779
5180,0,1,0.15345788,-0.06725907,0.1632206506056608,0.009762764,9.531156e-05
5181,0,1,-0.18900013,0.04315996,-0.2867398371555443,0.0977397,0.009553048
5182,0,1,0.23972654,-0.10621929,0.2366395230335674,0.003087014,9.5296555e-06
5183,0,1,-0.25494838,0.09540534,-0.1506433687571129,0.104305014,0.010879536
5184,0,1,0.10583782,-0.04773426,0.1010548661176535,0.0047829524,2.2876633e-05
5185,0,1,-0.13224053,0.02952218,-0.1552686459352887,0.023028105,0.0005302936
5186,0,1,0.11033225,-0.049516916,0.3260789928632204,0.21574673,0.046546653
5187,0,1,-0.33367538,0.1877594,-0.0376100340018932,0.29606536,0.087654695
5188,0,1,-0.0026779175,-0.008393288,-0.0883838113157109,0.08570589,0.0073455
5189,0,1,0.045753956,-0.025076866,-0.0350937759081468,0.08084773,0.0065363557
5190,0,1,-0.0050640106,-0.00760746,-0.0233870301459866,0.01832302,0.00033573303
5191,0,1,-0.01615119,-0.003998518,-0.0105179604597411,0.0056332294,3.1733274e-05
5192,0,1,-0.028306007,-0.00012540817,-0.1347597791388364,0.10645378,0.011332407
5193,0,1,0.09043741,-0.041717768,0.2215450100095282,0.1311076,0.017189203
5194,0,1,-0.24148703,0.07994652,-0.209047087624453,0.032439932,0.0010523492
5195,0,1,0.16287708,-0.07128668,0.1974962693393722,0.034619182,0.0011984878
5196,0,1,-0.21993542,0.055395603,-0.3236368642283334,0.10370144,0.010753989
5197,0,1,0.2765937,-0.124298334,0.3375555173501352,0.060961843,0.0037163463
5198,0,1,-0.3436482,0.19970036,-0.2170262829899001,0.12662192,0.01603311
5199,0,1,0.1707201,-0.074682,0.1108318572259361,0.059888244,0.0035866017
5200,0,1,-0.14122176,0.0317986,-0.1092384783568345,0.031983286,0.0010229306
5201,0,1,0.065794945,-0.03239131,0.1127664428942187,0.0469715,0.0022063218
5202,0,1,-0.1429975,0.032242775,-0.1238123037076781,0.0191852,0.00036807192
5203,0,1,0.07985163,-0.03766632,0.0464396406497904,0.033411987,0.0011163609
5204,0,1,-0.0816915,0.015871525,-0.0258095203436146,0.055881985,0.0031227963
5205,0,1,-0.013859272,-0.0047388077,-0.0151600498429362,0.0013007782,1.6920241e-06
5206,0,1,-0.023925304,-0.0015118122,0.1296827685583075,0.15360807,0.02359544
5207,0,1,-0.15848231,0.036047697,-0.1097269218476597,0.048755392,0.0023770882
5208,0,1,0.06626558,-0.03256607,0.0293303078538427,0.036935277,0.0013642147
5209,0,1,-0.06572604,0.011259556,-0.0289465180518009,0.036779523,0.0013527334
5210,0,1,-0.01088953,-0.0057020187,0.1610444733333045,0.17193401,0.029561304
5211,0,1,-0.18702674,0.042715788,-0.2321399851184242,0.04511325,0.0020352055
5212,0,1,0.18560553,-0.08123326,0.1205762420061029,0.065029286,0.004228808
5213,0,1,-0.1501534,0.034017086,-0.094551821079718,0.055601574,0.003091535
5214,0,1,0.05167222,-0.027211905,0.0521018590119339,0.00042963773,1.8458859e-07
5215,0,1,-0.08696127,0.017362356,-0.0385030514950957,0.04845822,0.002348199
5216,0,1,-0.001830101,-0.008673668,0.0746144794883192,0.07644458,0.005843774
5217,0,1,-0.10784817,0.023114681,0.1894386611821854,0.2972868,0.08837945
5218,0,1,-0.2126863,0.049723387,-0.2320790575384528,0.019392759,0.0003760791
5219,0,1,0.18554616,-0.08120656,0.2267701098805412,0.041223943,0.0016994135
5220,0,1,-0.24615192,0.08529353,-0.1623611249600354,0.083790794,0.007020897
5221,0,1,0.117230415,-0.05227828,0.0781802781242788,0.03905014,0.0015249134
5222,0,1,-0.11114597,0.02399993,-0.0462560171361854,0.06488995,0.004210706
5223,0,1,0.0055332184,-0.011123419,0.0076353670710451,0.0021021487,4.419029e-06
5224,0,1,-0.045393944,0.0051743984,-0.2725156742792634,0.22712174,0.051584285
5225,0,1,0.22557592,-0.09950924,0.2133246317854569,0.012251288,0.00015009406
5226,0,1,-0.2341342,0.07154369,-0.1805557306053642,0.053578466,0.0028706521
5227,0,1,0.13497162,-0.059512854,0.252378798866868,0.11740717,0.013784444
5228,0,1,-0.26893163,0.11156392,-0.2742595710637068,0.00532794,2.8386945e-05
5229,0,1,0.22730923,-0.10032296,0.1655587046966133,0.061750516,0.0038131264
5230,0,1,-0.19111824,0.043635845,-0.1326952420105853,0.058422998,0.0034132467
5231,0,1,0.088439226,-0.040947914,0.1236714957149627,0.03523227,0.0012413127
5232,0,1,-0.15298676,0.0347116,-0.0332480323105839,0.11973873,0.014337363
5233,0,1,-0.006814003,-0.0070323944,-0.1044558475108874,0.09764185,0.009533931
5234,0,1,0.06119156,-0.03068924,0.0335435541345656,0.027648006,0.0007644122
5235,0,1,-0.069663525,0.012410641,0.174144116940734,0.24380764,0.059442166
5236,0,1,-0.19888687,0.045751095,-0.1530678904873124,0.045818985,0.0020993794
5237,0,1,0.10819292,-0.048667192,0.0621223737073219,0.046070546,0.002122495
5238,0,1,-0.096271515,0.019956112,-0.1720916681943785,0.07582015,0.0057486948
5239,0,1,0.12671065,-0.056120157,0.0902031629469473,0.036507487,0.0013327966
5240,0,1,-0.12224746,0.026937008,-0.0617898470451039,0.06045761,0.0036551226
5241,0,1,0.020321846,-0.016142368,0.0623355198271542,0.042013675,0.0017651488
5242,0,1,-0.096468925,0.020011187,0.060763030655814,0.15723196,0.024721889
5243,0,1,-0.09500909,0.01960802,0.0014433201879406,0.09645241,0.009303067
5244,0,1,-0.039573193,0.003387928,-0.0732891523219163,0.033715963,0.0011367662
5245,0,1,0.031300783,-0.019952059,-0.0282810048432833,0.059581786,0.0035499893
5246,0,1,-0.011519432,-0.0054967403,0.0771953516369539,0.088714786,0.007870313
5247,0,1,-0.11023545,0.023756266,0.0356569871861869,0.14589244,0.021284604
5248,0,1,-0.07163715,0.012983799,-0.0442919500783554,0.027345203,0.0007477601
5249,0,1,0.003666401,-0.010499239,0.0980606925171088,0.09439429,0.008910282
5250,0,1,-0.1294856,0.02881527,-0.3133903754409122,0.18390477,0.033820964
5251,0,1,0.26633167,-0.11917949,0.4091302794785205,0.1427986,0.02039144
5252,0,1,-0.41117072,0.2746334,-0.507193315089109,0.096022606,0.009220341
5253,0,1,0.46323204,-0.2852738,0.3861701986131662,0.07706183,0.005938526
5254,0,1,-0.3881936,0.2505126,-0.1138692650872981,0.27432436,0.07525385
5255,0,1,0.07025671,-0.03405261,0.0947967332984931,0.024540022,0.0006022127
5256,0,1,-0.1264801,0.028038979,-0.1363411872806721,0.009861082,9.724093e-05
5257,0,1,0.09196854,-0.04230976,0.072195232640349,0.019773304,0.00039098357
5258,0,1,-0.10560846,0.022509575,-0.0970185242203807,0.008589938,7.378704e-05
5259,0,1,0.054041147,-0.028072596,-0.0298115404645025,0.083852686,0.007031273
5260,0,1,-0.010070562,-0.005968809,-0.2170807533897085,0.2070102,0.04285322
5261,0,1,0.17077303,-0.0747056,0.348853199239886,0.17808017,0.031712547
5262,0,1,-0.35343623,0.21147704,-0.2563431130881382,0.097093105,0.009427072
5263,0,1,0.20953107,-0.09205222,0.3341475138997909,0.124616444,0.015529258
5264,0,1,-0.34068918,0.19615245,-0.2831884206470438,0.05750075,0.0033063362
5265,0,1,0.23618913,-0.10453081,0.4500847589125443,0.21389562,0.045751337
5266,0,1,-0.45191574,0.31785035,-0.4166916380147625,0.03522411,0.001240738
5267,0,1,0.3705709,-0.18840408,0.3678900571719929,0.002680838,7.186893e-06
5268,0,1,-0.36986446,0.23136377,-0.3920880760464773,0.022223622,0.0004938894
5269,0,1,0.3455894,-0.16225672,0.3590960425283698,0.013506651,0.00018242962
5270,0,1,-0.36228538,0.22217035,-0.404798924260322,0.04251355,0.0018074019
5271,0,1,0.3584838,-0.17575455,0.2904490308917782,0.06803477,0.0046287295
5272,0,1,-0.30252695,0.15081501,0.0288802158486243,0.33140716,0.10983071
5273,0,1,-0.065304995,0.011135817,0.0068222799775714,0.072127275,0.0052023437
5274,0,1,-0.04463005,0.00494051,0.079013407472023,0.12364346,0.015287705
5275,0,1,-0.11191678,0.0242064,-0.109882455203063,0.0020343289,4.138494e-06
5276,0,1,0.06641579,-0.032621384,-0.0357442440923816,0.10216003,0.010436672
5277,0,1,-0.0044469833,-0.0078098774,-0.0274973082583489,0.023050325,0.0005313175
5278,0,1,-0.012261629,-0.005256176,0.0653457048580969,0.07760733,0.006022898
5279,0,1,-0.09926176,0.020779133,-0.0065316562772004,0.092730105,0.008598872
5280,0,1,-0.0320642,0.0010550022,0.1710897168416898,0.20315392,0.041271515
5281,0,1,-0.19612479,0.044944048,-0.2100369739787448,0.013912186,0.00019354893
5282,0,1,0.16384959,-0.0717051,0.2233644493548725,0.05951485,0.0035420174
5283,0,1,-0.24311209,0.08180857,-0.1476388025635504,0.09547329,0.009115149
5284,0,1,0.10292077,-0.04658413,0.1033759286696289,0.00045515597,2.0716696e-07
5285,0,1,-0.13437462,0.030066967,-0.057980360824259,0.07639426,0.005836083
5286,0,1,0.016691208,-0.014897585,0.0731916555279328,0.05650045,0.003192301
5287,0,1,-0.10653067,0.022759676,-0.0682269247330742,0.03830374,0.0014671765
5288,0,1,0.026464462,-0.018264532,0.1186270480442233,0.09216259,0.008493942
5289,0,1,-0.14836931,0.033576965,0.0866468190630005,0.23501614,0.055232584
5290,0,1,-0.11896682,0.026076794,0.004037522975294,0.12300434,0.015130067
5291,0,1,-0.04201293,0.0041384697,-0.1112444031924275,0.06923147,0.0047929967
5292,0,1,0.06772733,-0.033109426,0.0398240361536195,0.027903292,0.0007785937
5293,0,1,-0.075525284,0.014108181,-0.0623420002867765,0.013183285,0.000173799
5294,0,1,0.020848036,-0.016323328,0.0651523373569173,0.044304304,0.0019628713
5295,0,1,-0.09908223,0.020730495,-0.1315239721812755,0.032441735,0.0010524662
5296,0,1,0.0873065,-0.040511608,-0.0327335990055051,0.120040104,0.014409627
5297,0,1,-0.007301569,-0.006872654,-0.1013626580753817,0.09406109,0.008847489
5298,0,1,0.058216095,-0.029596806,0.2732827785140506,0.21506667,0.046253674
5299,0,1,-0.2874186,0.13308811,-0.4370623442973484,0.14964375,0.02239325
5300,0,1,0.39132404,-0.2101152,0.2729199580422397,0.11840409,0.014019528
5301,0,1,-0.2870984,0.1327138,-0.0095788404091368,0.27751955,0.077017106
5302,0,1,-0.029191732,0.00015449524,-0.0402614806582044,0.011069749,0.00012253934
5303,0,1,-0.00016140938,-0.009225845,0.1931091122975163,0.19327052,0.037353493
5304,0,1,-0.21599054,0.05092621,-0.1831947379180656,0.0327958,0.0010755647
5305,0,1,0.13754988,-0.060580254,0.189709236508389,0.052159354,0.0027205981
5306,0,1,-0.21292949,0.04979229,-2.1805688839915405e-05,0.21290769,0.045329683
5307,0,1,-0.038194656,0.0029623508,0.0037442687055779,0.041938923,0.0017588732
5308,0,1,-0.04173684,0.0040540695,-0.0014615753590225,0.040275265,0.001622097
5309,0,1,-0.036839247,0.002541542,-0.0812708997363169,0.044431657,0.0019741722
5310,0,1,0.03893757,-0.022644281,0.1392376609412537,0.10030009,0.010060107
5311,0,1,-0.16720176,0.038131,-0.117558857915117,0.0496429,0.0024644174
5312,0,1,0.073815346,-0.035386324,0.1082644691267376,0.034449123,0.0011867421
5313,0,1,-0.13886619,0.031205416,-0.128525157649221,0.010341033,0.00010693697
5314,0,1,0.08440614,-0.039401054,-0.0573408687816128,0.141747,0.020092212
5315,0,1,0.016081572,-0.014689684,0.3053944257736094,0.28931284,0.083701916
5316,0,1,-0.31562662,0.16628766,-0.3922454301434217,0.07661882,0.005870444
5317,0,1,0.34574938,-0.16242433,0.3516125705239923,0.0058631897,3.4376993e-05
5318,0,1,-0.35582232,0.21435618,-0.2413396382649355,0.114482686,0.013106286
5319,0,1,0.19468713,-0.08529782,0.0835992253281259,0.1110879,0.012340522
5320,0,1,-0.116152525,0.025333405,0.1088777756122163,0.2250303,0.05063864
5321,0,1,-0.13942838,0.031347036,-0.0859731792092026,0.053455196,0.002857458
5322,0,1,0.043442488,-0.024249077,0.1864357624546606,0.14299327,0.020447075
5323,0,1,-0.20998073,0.048952818,0.0260040579485512,0.23598479,0.05568882
5324,0,1,-0.06261492,0.010343552,-0.2528822267059261,0.1902673,0.036201645
5325,0,1,0.2061038,-0.09048009,0.374392131013237,0.16828832,0.028320959
5326,0,1,-0.3763697,0.23816872,-0.4019312284198402,0.025561512,0.0006533909
5327,0,1,0.3555727,-0.17270684,0.3391049582928827,0.01646775,0.0002711868
5328,0,1,-0.34499216,0.20131493,-0.4089391829366255,0.06394702,0.004089222
5329,0,1,0.36268902,-0.18015599,0.2851014496082329,0.077587575,0.0060198316
5330,0,1,-0.29782748,0.14528775,-0.2779501692016963,0.019877315,0.00039510764
5331,0,1,0.23097754,-0.10205555,0.3247883112098693,0.09381077,0.00880046
5332,0,1,-0.33255196,0.18641782,-0.1571734106214273,0.17537855,0.030757634
5333,0,1,0.11218357,-0.050255775,0.2029300186854175,0.09074645,0.008234918
5334,0,1,-0.22481585,0.060934782,-0.1945951582441867,0.030220687,0.00091328996
5335,0,1,0.14870334,-0.06524682,0.2405341481282574,0.091830805,0.008432897
5336,0,1,-0.25841427,0.09940004,-0.2529409900682711,0.005473286,2.9956858e-05
5337,0,1,0.20616174,-0.09050655,0.1998977163504869,0.006264016,3.9237897e-05
5338,0,1,-0.22209334,0.057842493,-0.3166425314724348,0.09454918,0.008939547
5339,0,1,0.26958656,-0.12079573,0.1147051491764208,0.15488142,0.023988254
5340,0,1,-0.14477515,0.032686234,-0.1240275867566365,0.020747565,0.00043046146
5341,0,1,0.08005977,-0.037745237,0.0088923611071218,0.07116741,0.0050648004
5342,0,1,-0.046574593,0.005533457,-0.0303039174192694,0.016270675,0.00026473484
5343,0,1,-0.009603977,-0.0061216354,0.0129669091561264,0.022570886,0.00050944486
5344,0,1,-0.05039954,0.006694317,0.044509647797875,0.09490919,0.009007755
5345,0,1,-0.07989335,0.015359163,-0.0264389877619835,0.05345436,0.002857369
5346,0,1,-0.013263226,-0.0049319267,0.3107433517402747,0.3240066,0.10498027
5347,0,1,-0.32030344,0.17183375,-0.2291125768763628,0.09119086,0.008315773
5348,0,1,0.18262029,-0.07990813,0.1136973106151701,0.068922974,0.0047503766
5349,0,1,-0.14385104,0.032455683,-0.1132214736776906,0.030629568,0.0009381704
5350,0,1,0.06963277,-0.0338192,0.1694530607881397,0.099820286,0.00996409
5351,0,1,-0.19464397,0.04450941,-0.1611360144287212,0.033507958,0.0011227833
5352,0,1,0.116037846,-0.05179882,0.0866385837834595,0.02939926,0.00086431653
5353,0,1,-0.11895919,0.026074648,-0.0613402729715755,0.057618916,0.0033199396
5354,0,1,0.019892931,-0.015994787,0.0139448112590936,0.00594812,3.538013e-05
5355,0,1,-0.051316977,0.0069708824,-0.1577620646539141,0.10644509,0.011330557
5356,0,1,0.112756014,-0.05048442,0.0759984964609366,0.036757514,0.0013511148
5357,0,1,-0.10912824,0.023459435,-0.0647191450205224,0.04440909,0.001972167
5358,0,0,0.023116589,-0.017105103,-0.1058993738479188,0.12901595,0.016645117
5359,0,0,0.06258106,-0.03120184,0.0473572029075741,0.015223861,0.00023176594
5360,0,0,-0.08254576,0.016114235,-0.0870243422820458,0.0044785887,2.0057756e-05
5361,0,0,0.04445076,-0.024610043,-0.2500955609884374,0.2945463,0.086757526
5362,0,0,0.20334506,-0.089221,-0.03991461398684,0.24325967,0.059175268
5363,0,0,-0.000490427,-0.009116411,-0.1872179164069476,0.1867275,0.034867156
5364,0,0,0.14148283,-0.06221676,-0.2399051275985266,0.38138795,0.14545676
5365,0,0,0.19327044,-0.084659815,-0.4226389711115139,0.61590946,0.37934446
5366,0,0,0.37662315,-0.19473672,-0.5220557308360263,0.8986789,0.80762374
5367,1,0,-0.5325849,-0.3012817,-0.6088002973652484,0.07621539,0.005808785
5368,1,0,-0.6201625,-0.39521623,-0.472246253066467,0.14791623,0.021879211
5369,1,0,-0.4820516,-0.24774241,-0.2575572945233131,0.22449431,0.050397694
5370,1,0,-0.26257968,-0.09260583,-0.4407492032766167,0.17816952,0.031744376
5371,1,0,-0.45001101,-0.21404934,-0.4504792965626163,0.0004682839,2.192898e-07
5372,1,0,-0.45991588,-0.22444487,-0.4353091007897185,0.024606764,0.00060549285
5373,1,0,-0.4444704,-0.20824409,-0.5062507766128506,0.061780393,0.003816817
5374,1,0,-0.51656866,-0.28426027,-0.6197527548401678,0.103184104,0.01064696
5375,1,0,-0.6311796,-0.407135,-0.5313378721573856,0.099841714,0.009968367
5376,1,0,-0.5419829,-0.31129146,-0.5345970125202051,0.00738585,5.455078e-05
5377,1,0,-0.5452802,-0.31480837,-0.6216195146267389,0.076339304,0.0058276895
5378,1,0,-0.6330564,-0.40916848,-0.5249509179894258,0.10810548,0.011686795
5379,1,0,-0.5355165,-0.3044026,-0.4219268160640492,0.113589674,0.012902614
5380,1,0,-0.43083334,-0.19397783,-0.4719907523392295,0.041157424,0.0016939336
5381,1,0,-0.4817922,-0.2474699,-0.5025757451729045,0.020783544,0.00043195568
5382,1,0,-0.5128422,-0.28030634,-0.6825299556716451,0.16968775,0.028793931
5383,1,0,-0.69413996,-0.47568727,-0.684543244351842,0.009596705,9.209676e-05
5384,1,0,-0.69615364,-0.47789145,-0.7291683275391958,0.033014715,0.0010899714
5385,1,0,-0.74070144,-0.5268545,-0.5274865537359212,0.21321487,0.04546058
5386,1,0,-0.53808403,-0.30713725,-0.5542518263569804,0.01616782,0.00026139838
5387,1,0,-0.56515574,-0.3360467,-0.4869561200131014,0.078199625,0.0061151814
5388,1,0,-0.49699283,-0.26352215,-0.4498116131640022,0.04718122,0.0022260675
5389,1,0,-0.45923662,-0.2237308,-0.5418251475360232,0.08258855,0.006820869
5390,1,0,-0.55259275,-0.32261372,-0.5028016960498536,0.049791038,0.0024791474
5391,1,0,-0.51307106,-0.2805493,-0.3753507248156982,0.13772035,0.018966895
5392,1,0,-0.38328385,-0.15129256,-0.2441971515783394,0.13908671,0.019345112
5393,1,0,-0.24910116,-0.08657217,-0.1962612314654603,0.052839935,0.0027920587
5394,1,0,-0.20065665,-0.065935135,-0.2441960512182168,0.043539405,0.0018956797
5395,1,0,-0.24910021,-0.086571455,-0.1528784986888522,0.096221715,0.009258619
5396,1,0,-0.15670848,-0.048593998,-0.3329396043257646,0.17623112,0.031057406
5397,1,0,-0.33987546,-0.12901068,-0.2153303294591677,0.12454513,0.015511489
5398,1,0,-0.21994305,-0.07395697,-0.3181332270947705,0.09819019,0.009641313
5399,1,0,-0.3246982,-0.12153888,-0.3855416298240399,0.060843408,0.0037019204
5400,1,0,-0.3936987,-0.1568439,-0.5047475745378653,0.11104888,0.012331853
5401,1,0,-0.5150449,-0.28264236,-0.5042752482130917,0.010769665,0.00011598569
5402,1,0,-0.5145652,-0.28213477,-0.4596377856836895,0.05492744,0.0030170234
5403,1,0,-0.46923327,-0.23424053,-0.5141232614678239,0.044889987,0.0020151108
5404,1,0,-0.52454853,-0.29273486,-0.7309002900250814,0.20635176,0.042581048
5405,1,0,-0.7424264,-0.528759,-0.5782138015984888,0.16421258,0.026965773
5406,1,0,-0.5893462,-0.36199808,-0.4455504756009003,0.1437957,0.020677203
5407,1,0,-0.4548993,-0.21917772,-0.5009035494942311,0.046004236,0.0021163898
5408,1,0,-0.51114607,-0.27850723,-0.289936405457075,0.22120968,0.048933722
5409,1,0,-0.2957616,-0.10774779,-0.1412624576549697,0.15449913,0.02386998
5410,1,0,-0.14492488,-0.04416132,-0.1272298046553364,0.01769507,0.00031311548
5411,1,0,-0.1306808,-0.038923025,-0.1729221470435988,0.04224135,0.0017843316
5412,1,0,-0.17702556,-0.056451082,-0.2563872397858646,0.07936168,0.0062982757
5413,1,0,-0.26139998,-0.092072725,-0.3125361147164436,0.051136136,0.0026149044
5414,1,0,-0.31895757,-0.11875653,-0.3134110612811764,0.00554651,3.0763775e-05
5415,1,0,-0.3198552,-0.11918998,-0.1273438347640492,0.19251138,0.03706063
5416,1,0,-0.13079643,-0.038965225,-0.1495564727013705,0.01876004,0.00035193912
5417,1,0,-0.15333915,-0.04731679,-0.1619613450326675,0.008622199,7.434232e-05
5418,1,0,-0.16591811,-0.0521214,-0.1974702304436233,0.03155212,0.0009955363
5419,1,0,-0.20188046,-0.066437006,-0.2553924614921206,0.053512007,0.002863535
5420,1,0,-0.26039672,-0.09161973,-0.3164094256334064,0.05601272,0.0031374248
5421,1,0,-0.3229301,-0.120679855,-0.1960521036887366,0.126878,0.016098024
5422,1,0,-0.20044541,-0.06584883,-0.2683878363877445,0.06794241,0.004616171
5423,1,0,-0.27362013,-0.097587824,-0.0769531728362382,0.19666696,0.03867789
5424,1,0,-0.07957125,-0.02118349,-0.2700722757885994,0.19050103,0.036290646
5425,1,0,-0.275352,-0.09837079,-0.3241753323558733,0.048823327,0.0023837173
5426,1,0,-0.33089328,-0.12456894,-0.271507653815906,0.059385628,0.0035266527
5427,1,0,-0.2768271,-0.0990386,-0.2983797806850807,0.021552682,0.0004645181
5428,1,0,-0.30443072,-0.1118176,-0.0445747600908243,0.25985596,0.06752512
5429,1,0,-0.04659772,-0.010589123,-0.0207384782166029,0.02585924,0.0006687003
5430,1,0,-0.022295952,-0.0031940937,0.0527664979857633,0.075062454,0.005634372
5431,1,0,0.052779675,0.017535686,-0.0417760668589193,0.09455574,0.008940789
5432,1,0,-0.043745518,-0.009703159,0.079531001378184,0.12327652,0.015197099
5433,1,0,0.080161095,0.024334192,-0.0656030398958642,0.14576414,0.021247186
5434,1,0,-0.06801772,-0.017396688,0.0184983722680036,0.0865161,0.007485035
5435,1,0,0.017754793,0.008254766,0.0070024228560843,0.010752371,0.000115613475
5436,1,0,0.0060141087,0.004992485,-0.0925498952552121,0.09856401,0.009714863
5437,1,0,-0.09543824,-0.0265162,-0.0422145924906587,0.05322365,0.002832757
5438,1,0,-0.044192553,-0.0098416805,-0.0890823491484846,0.0448898,0.0020150943
5439,1,0,-0.091911554,-0.025317669,0.1181375758948721,0.21004912,0.044120632
5440,1,0,0.119696856,0.03346634,0.2098545356520307,0.09015767,0.008128406
5441,1,0,0.21377563,0.06800032,0.2623930274258841,0.048617393,0.0023636508
5442,1,0,0.26774693,0.1218667,0.1512625093166049,0.11648442,0.01356862
5443,1,0,0.15365195,0.040688515,0.1459423651655358,0.0077095926,5.9437818e-05
5444,1,0,0.14819646,0.03956628,0.2482101108608279,0.10001366,0.010002732
5445,1,0,0.25317264,0.107280254,0.3571869281792552,0.10401428,0.010818969
5446,1,0,0.36522388,0.22017622,0.3735632767231687,0.008339405,6.954568e-05
5447,1,0,0.38207293,0.23730063,0.2292650922637205,0.15280783,0.023350233
5448,1,0,0.23371029,0.087848425,0.4226218540873425,0.18891156,0.035687577
5449,1,0,0.43128467,0.28884292,0.4677926934449181,0.036508024,0.0013328358
5450,1,0,0.47615552,0.33661222,0.5337021935332409,0.057546675,0.0033116199
5451,1,0,0.5417073,0.40682554,0.6469342971205099,0.10522699,0.01107272
5452,1,0,0.6544981,0.52878904,0.7386117847197702,0.08411366,0.007075107
5453,1,0,0.745924,0.6286669,0.7399317900799924,0.0059922338,3.5906865e-05
5454,1,0,0.74724054,0.63011146,0.7247667426573217,0.022473812,0.00050507224
5455,1,0,0.73211336,0.61352277,0.771643269806416,0.03952992,0.0015626146
5456,1,0,0.7788775,0.6648791,0.901534865246739,0.12265736,0.015044828
5457,1,0,0.90846705,0.80830884,0.776724747355531,0.1317423,0.017356033
5458,1,0,0.783947,0.6704595,0.7473792719128096,0.036567748,0.0013372002
5459,1,0,0.75467086,0.6382673,0.8406262077964186,0.08595532,0.0073883175
5460,1,0,0.84770346,0.7408571,0.7313107970982347,0.11639267,0.013547254
5461,1,0,0.738641,0.62067795,0.5978012706209919,0.14083976,0.019835837
5462,1,0,0.6055343,0.47566843,0.6217444230251696,0.01621008,0.00026276667
5463,1,0,0.62939143,0.5015178,0.7889532156159227,0.15956181,0.025459971
5464,1,0,0.7961476,0.6838999,0.6462684764901816,0.1498791,0.022463745
5465,1,0,0.6538346,0.52806735,0.8029668956258402,0.14913231,0.022240447
5466,1,0,0.8101289,0.699322,0.7724890749014222,0.037639856,0.0014167588
5467,1,0,0.779721,0.66580725,0.8412894761991554,0.06156844,0.0037906726
5468,1,0,0.8483658,0.74158955,0.9226075182430722,0.07424176,0.0055118385
5469,1,0,0.9294865,0.8317182,0.8180650673134386,0.111421466,0.012414743
5470,1,0,0.82519364,0.71595764,0.7564462176828024,0.0687474,0.004726205
5471,1,0,0.76371574,0.6482034,0.458465598855184,0.30525014,0.09317765
5472,1,0,0.46688628,0.3267243,0.396185195420315,0.07070109,0.0049986443
5473,1,0,0.4050467,0.26102352,0.3313014146848494,0.07374528,0.0054383664
5474,1,0,0.3385954,0.19319057,0.3553384850288172,0.016743094,0.00028033118
5475,1,0,0.36332202,0.2182455,0.3066216189559223,0.05670041,0.0032149362
5476,1,0,0.31321454,0.16755939,0.3592912301802267,0.046076685,0.0021230609
5477,1,0,0.36738873,0.22237372,0.3173428431348704,0.050045878,0.00250459
5478,1,0,0.3242395,0.17868257,0.2147223705176384,0.10951713,0.011994001
5479,1,0,0.21877432,0.07297158,0.1740532972909787,0.044721022,0.0019999698
5480,1,0,0.17702937,0.045727015,0.2293036772065835,0.0522743,0.0027326026
5481,1,0,0.23374987,0.087887526,0.4765954822148588,0.24284562,0.058973998
5482,1,0,0.48490548,0.3459549,0.2329583031541964,0.25194716,0.063477375
5483,1,0,0.237504,0.091632366,0.1772082746615542,0.06029573,0.003635575
5484,1,0,0.1802671,0.046556473,0.0813997799418055,0.09886731,0.009774745
5485,1,0,0.082074165,0.024794102,0.0710843689900406,0.010989793,0.00012077554
5486,1,0,0.07151747,0.02222991,0.1037986774240278,0.032281213,0.0010420767
5487,1,0,0.10500789,0.030166626,0.1189854220049766,0.013977535,0.00019537148
5488,1,0,0.12056589,0.033658028,0.1589262106503266,0.038360313,0.0014715135
5489,1,0,0.16151118,0.04228115,0.1098600373309013,0.051651143,0.0026678406
5490,1,0,0.11121678,0.031574965,0.2068007543718133,0.095583975,0.009136296
5491,1,0,0.2106409,0.06488299,0.254491637008662,0.04385072,0.0019228857
5492,1,0,0.25962734,0.11373687,0.1989985469873292,0.0606288,0.0036758515
5493,1,0,0.20263076,0.05692625,0.3630617139306635,0.16043097,0.025738096
5494,1,0,0.37126827,0.22631454,0.468587985392801,0.09731972,0.009471129
5495,1,0,0.47694588,0.3374555,0.4464266648601578,0.030519217,0.00093142263
5496,1,0,0.4549253,0.31398034,0.4414714312653833,0.013453871,0.00018100665
5497,1,0,0.45000267,0.30874062,0.5293302358500216,0.07932758,0.0062928656
5498,1,0,0.5373564,0.40215015,0.5026443306211315,0.034712017,0.0012049241
5499,1,0,0.5108068,0.3736651,0.5415430369946925,0.030736268,0.00094471814
5500,1,0,0.5495112,0.41521835,0.3498405755425602,0.19967061,0.039868355
5501,1,0,0.35766602,0.21250725,0.283056454253253,0.07460955,0.0055665844
5502,1,0,0.28898597,0.14317489,0.2402162409423107,0.048769727,0.0023784863
5503,1,0,0.24495983,0.099074125,0.4774609358444395,0.23250112,0.05405677
5504,1,0,0.4857657,0.34687424,0.4689618002828339,0.01680389,0.00028237075
5505,1,0,0.47731733,0.33785248,0.6041151167651191,0.1267978,0.01607768
5506,1,0,0.6118245,0.48247862,0.686511019593413,0.07468653,0.0055780774
5507,1,0,0.6939585,0.5717883,0.5579226409143865,0.13603586,0.018505756
5508,1,0,0.5658171,0.4327755,0.416729600948436,0.14908752,0.022227088
5509,1,0,0.4254346,0.28263402,0.5328621422459872,0.10742754,0.011540676
5510,1,0,0.54087067,0.40592766,0.5922527860179305,0.051382124,0.0026401228
5511,1,0,0.60000706,0.46968865,0.4502830972317224,0.14972395,0.02241726
5512,1,0,0.4587562,0.31806087,0.4784757506922297,0.019719541,0.0003888603
5513,1,0,0.4867742,0.34795165,0.4268483362989297,0.059925884,0.0035911116
5514,1,0,0.4354806,0.29329944,0.4014040025286336,0.0340766,0.0011612148
5515,1,0,0.4102249,0.2665074,0.3469685979278019,0.06325632,0.0040013622
5516,1,0,0.35471177,0.2095108,0.3089696084863358,0.045742154,0.0020923447
5517,1,0,0.31562877,0.16999412,0.3713740431931591,0.055745274,0.0031075357
5518,1,0,0.3798201,0.23500943,0.1494014336374394,0.23041868,0.05309277
5519,1,0,0.15174341,0.04029751,0.1127305166855721,0.039012894,0.0015220059
5520,1,0,0.11415744,0.03223467,0.0215080734312804,0.09264936,0.008583904
5521,1,0,0.020829916,0.009096146,-0.0016439282356741,0.022473844,0.00050507364
5522,1,0,-0.0028123856,0.0024883747,-0.0913731115775027,0.08856072,0.007843002
5523,1,0,-0.09424162,-0.026108503,-0.1882933347691451,0.09405172,0.008845726
5524,1,0,-0.19259214,-0.0626564,-0.1400571918916191,0.052534953,0.0027599214
5525,1,0,-0.14370155,-0.04370594,-0.0640779506703106,0.0796236,0.006339918
5526,1,0,-0.06646514,-0.016893864,-0.0335742441007114,0.032890894,0.0010818109
5527,1,0,-0.03538537,-0.007133484,-0.122129668700718,0.0867443,0.0075245737
5528,1,0,-0.12550163,-0.037050962,-0.050744427724799,0.0747572,0.0055886395
5529,1,0,-0.05288458,-0.012558699,-0.1717500929724091,0.11886552,0.014129012
5530,1,0,-0.17583776,-0.05598426,-0.2572964022688988,0.08145866,0.006635513
5531,1,0,-0.2623167,-0.09248638,-0.2784683212558114,0.016151607,0.0002608744
5532,1,0,-0.28398108,-0.10229993,-0.2998321991319748,0.01585111,0.0002512577
5533,1,0,-0.30592155,-0.112523556,-0.3316318155616664,0.025710255,0.0006610172
5534,1,0,-0.33853602,-0.12834454,-0.2545817978674156,0.083954215,0.0070483102
5535,1,0,-0.25957918,-0.09125137,-0.0980193488181129,0.16155984,0.02610158
5536,1,0,-0.101000786,-0.028422594,-0.1651011489426408,0.06410037,0.0041088574
5537,1,0,-0.16910005,-0.053353548,-0.2787191771880697,0.10961914,0.012016356
5538,1,0,-0.28423834,-0.10241771,-0.0687599201720914,0.21547842,0.04643095
5539,1,0,-0.07123232,-0.018441439,-0.096526181655971,0.025293864,0.00063977955
5540,1,0,-0.099482775,-0.027900219,-0.1485173250702605,0.04903455,0.002404387
5541,1,0,-0.15228486,-0.046919107,-0.1016105129995543,0.05067435,0.0025678896
5542,1,0,-0.10465169,-0.029684544,-0.038767515679142,0.06588417,0.004340724
5543,1,0,-0.040679455,-0.008756399,-0.1913493916466078,0.15066993,0.02270143
5544,1,0,-0.19568586,-0.063908815,-0.2417442451765485,0.046058387,0.002121375
5545,1,0,-0.24662566,-0.08547759,-0.2632344156208051,0.016608745,0.0002758504
5546,1,0,-0.2683215,-0.095207214,-0.0978891972400957,0.17043231,0.029047174
5547,1,0,-0.100868225,-0.028376818,-0.088351427550724,0.012516797,0.0001566702
5548,1,0,-0.091168165,-0.025066137,-0.0217153935435083,0.06945277,0.0048236875
5549,1,0,-0.023292303,-0.0034897327,-0.0652528650836439,0.04196056,0.0017606886
5550,1,0,-0.067661285,-0.017281055,-0.110734270705862,0.043072984,0.0018552819
5551,1,0,-0.11392474,-0.032926798,-0.2264877446538897,0.112563,0.0126704285
5552,1,0,-0.23121881,-0.078765154,-0.3040347672696133,0.072815955,0.0053021633
5553,1,0,-0.31023502,-0.11457205,-0.3589621689894531,0.048727155,0.0023743357
5554,1,0,-0.36652207,-0.14252687,-0.3172621831517781,0.0492599,0.002426538
5555,1,0,-0.32380486,-0.121104956,-0.3028154644000742,0.020989388,0.00044055443
5556,1,0,-0.3089831,-0.11397624,-0.1270160594266847,0.18196703,0.033112
5557,1,0,-0.13046336,-0.03884411,-0.083414170689303,0.047049195,0.0022136266
5558,1,0,-0.08614588,-0.023374557,-0.0074035354850283,0.07874234,0.006200356
5559,1,0,-0.008690596,0.00079751015,-0.0821816542102995,0.07349106,0.0054009357
5560,1,0,-0.08489156,-0.022953987,-0.2168757209660641,0.13198416,0.017419819
5561,1,0,-0.22150564,-0.07461786,-0.1702088537316926,0.051296785,0.0026313602
5562,1,0,-0.17427611,-0.05537224,-0.162091157829435,0.012184963,0.00014847331
5563,1,0,-0.16604948,-0.05217266,-0.1732756811527478,0.007226199,5.221795e-05
5564,1,0,-0.17738366,-0.05659151,-0.2166620722976158,0.039278418,0.001542794
5565,1,0,-0.22128963,-0.07452607,-0.2467835945875869,0.025493965,0.0006499422
5566,1,0,-0.25171137,-0.08773112,-0.3527636666419731,0.101052284,0.010211565
5567,1,0,-0.36017847,-0.1392622,-0.513465612056776,0.15328711,0.023496939
5568,1,0,-0.52388215,-0.29202628,-0.6375697234695203,0.113687575,0.012924865
5569,1,0,-0.64908075,-0.4265511,-0.6427885744457469,0.0062921643,3.959133e-05
5570,1,0,-0.65431976,-0.43224454,-0.5303855811442162,0.12393421,0.015359689
5571,1,0,-0.5410187,-0.31026435,-0.6271021601027829,0.08608341,0.007410354
5572,1,0,-0.638567,-0.41514087,-0.6337024845307013,0.004864514,2.3663495e-05
5573,1,0,-0.64519715,-0.42233396,-0.5282865331539148,0.11691064,0.013668097
5574,1,0,-0.5388942,-0.3079996,-0.4595989441235018,0.07929522,0.0062877317
5575,1,0,-0.46919394,-0.23419762,-0.5054702704913021,0.03627634,0.0013159729
5576,1,0,-0.5157771,-0.2834201,-0.3664301260764167,0.14934698,0.02230452
5577,1,0,-0.37416196,-0.14649677,-0.4650703476054385,0.09090838,0.008264333
5578,1,0,-0.47475767,-0.24005556,-0.467290273756793,0.007467389,5.57619e-05
5579,1,0,-0.47701454,-0.24243355,-0.5546702052993107,0.07765567,0.0060304035
5580,1,0,-0.5655782,-0.3364997,-0.5921041401465912,0.026525915,0.00070362416
5581,1,0,-0.6033499,-0.37707138,-0.2954887053422088,0.3078612,0.09477852
5582,1,0,-0.3014629,-0.11041808,-0.2148458217662168,0.08661707,0.0075025163
5583,1,0,-0.21945333,-0.07375002,-0.0512150315003907,0.16823831,0.02830413
5584,1,0,-0.053364277,-0.012709856,-0.0520564844323447,0.001307793,1.7103224e-06
5585,1,0,-0.05422139,-0.012980223,-0.0053596458634546,0.048861746,0.00238747
5586,1,0,-0.00660491,0.0013999939,0.100080504379362,0.106685415,0.011381778
5587,1,0,0.10120034,0.029292583,-0.0155870924997092,0.11678743,0.013639305
5588,1,0,-0.017041206,-0.0016396046,-0.0596772489109986,0.042636044,0.0018178322
5589,1,0,-0.061983824,-0.015451193,0.0524340848297146,0.11441791,0.013091458
5590,1,0,0.05243969,0.017449379,-0.033503343961442,0.08594303,0.0073862043
5591,1,0,-0.03531289,-0.0071122646,-0.0242882789354914,0.011024613,0.00012154209
5592,1,0,-0.025916576,-0.004273176,-0.0687429620830077,0.042826384,0.0018340992
5593,1,0,-0.071214676,-0.01843667,-0.1301987683823049,0.058984086,0.0034791224
5594,1,0,-0.13369513,-0.040020704,-0.1950593337756885,0.061364204,0.0037655656
5595,1,0,-0.19944096,-0.06543827,-0.2150456401730318,0.01560469,0.00024350634
5596,1,0,-0.21965551,-0.073834896,-0.2523726921650273,0.03271717,0.0010704132
5597,1,0,-0.25735044,-0.0902493,-0.2265871323877522,0.030763313,0.0009463814
5598,1,0,-0.23131919,-0.07880831,-0.2213840933004482,0.009935096,9.870613e-05
5599,1,0,-0.22606206,-0.07655549,-0.0762491030494656,0.14981297,0.022443924
5600,1,0,-0.07885504,-0.020945549,0.026788583277904,0.10564362,0.011160575
5601,1,0,0.026224613,0.010559797,0.0431139938354636,0.016889382,0.00028525124
5602,1,0,0.042909622,0.014987469,0.1189760155689985,0.07606639,0.0057860957
5603,1,0,0.12055659,0.033655882,0.1459813836671655,0.025424793,0.0006464201
5604,1,0,0.14823699,0.039573908,0.0975630767702764,0.05067391,0.0025678452
5605,1,0,0.09862208,0.028697252,0.1340248803105375,0.03540279,0.0012533575
5606,1,0,0.13597918,0.036999464,0.1186159203379388,0.017363258,0.0003014827
5607,1,0,0.12018776,0.033574104,0.0542388781784413,0.06594888,0.004349255
5608,1,0,0.054285288,0.017920256,0.2638101684381633,0.20952487,0.043900672
5609,1,0,0.2692032,0.123325825,0.2369254879811122,0.032277703,0.0010418501
5610,1,0,0.2415793,0.09569955,0.3627229232022793,0.12114364,0.014675781
5611,1,0,0.37091947,0.22596073,0.2847704484117783,0.08614901,0.0074216514
5612,1,0,0.29074788,0.14494562,0.0603619200197638,0.23038596,0.05307769
5613,1,0,0.06054783,0.019505024,-0.1463340738782852,0.2068819,0.042800117
5614,1,0,-0.15006995,-0.046085835,-0.1940267230920938,0.04395677,0.0019321977
5615,1,0,-0.19839525,-0.0650115,-0.1195188975937093,0.078876354,0.0062214793
5616,1,0,-0.12284994,-0.03609824,-0.0332929846917964,0.089556955,0.0080204485
5617,1,0,-0.035098314,-0.0070466995,-0.0331212179468685,0.0019770972,3.9089136e-06
5618,1,0,-0.034923315,-0.0069937706,-0.0991909993276212,0.06426769,0.0041303355
5619,1,0,-0.10219216,-0.02883339,-0.2650472054491417,0.16285503,0.026521761
5620,1,0,-0.27018523,-0.09604311,-0.1946821448151925,0.07550308,0.0057007154
5621,1,0,-0.19905853,-0.06528258,-0.1699238787138388,0.029134661,0.00084882847
5622,1,0,-0.17398763,-0.05525875,-0.2341173644002361,0.060129732,0.0036155847
5623,1,0,-0.23892498,-0.08210182,-0.2383055724511331,0.00061941147,3.8367057e-07
5624,1,0,-0.24315405,-0.08395076,-0.3348955247879996,0.09174147,0.008416498
5625,1,0,-0.34187984,-0.13000941,-0.3427044691874692,0.00082463026,6.800151e-07
5626,1,0,-0.34987926,-0.1340251,-0.589892636190537,0.24001336,0.057606414
5627,1,0,-0.6011219,-0.37467003,-0.6625848008787982,0.06146288,0.0037776856
5628,1,0,-0.67417145,-0.45386505,-0.6666141802426107,0.007557273,5.7112375e-05
5629,1,0,-0.67820835,-0.4582708,-0.5782784889602257,0.09992987,0.009985979
5630,1,0,-0.58941174,-0.36206818,-0.6023874838168446,0.012975752,0.00016837016
5631,1,0,-0.6137073,-0.38824344,-0.6432403510712219,0.029533029,0.0008721998
5632,1,0,-0.65477324,-0.43273783,-0.5602301503092515,0.0945431,0.008938397
5633,1,0,-0.5711951,-0.34251523,-0.5220902354011634,0.04910487,0.0024112882
5634,1,0,-0.5326195,-0.30131865,-0.6270188588531984,0.09439939,0.0089112455
5635,1,0,-0.6384828,-0.41505027,-0.6727007971792589,0.034218013,0.0011708725
5636,1,0,-0.6843035,-0.46492815,-0.5313883146717249,0.15291518,0.023383053
5637,1,0,-0.5420327,-0.31134582,-0.6614420985656251,0.11940938,0.014258601
5638,1,0,-0.6730268,-0.4526162,-0.7174464952789847,0.044419706,0.0019731103
5639,1,0,-0.72901607,-0.51397634,-0.6834447207022958,0.045571327,0.002076746
5640,1,0,-0.69505477,-0.47668815,-0.5853109745693486,0.109743774,0.012043696
5641,1,0,-0.5965035,-0.3696971,-0.7073179800567337,0.11081451,0.012279856
5642,1,0,-0.71891,-0.50285816,-0.5783461345641006,0.14056385,0.019758195
5643,1,0,-0.5894799,-0.3621421,-0.6249350128713997,0.035455108,0.0012570646
5644,1,0,-0.636389,-0.4127798,-0.5896178414882223,0.04677117,0.0021875422
5645,1,0,-0.6008446,-0.374372,-0.5471837990805755,0.05366081,0.0028794825
5646,1,0,-0.55801153,-0.3284042,-0.4754513218653677,0.08256021,0.0068161883
5647,1,0,-0.48530865,-0.25117874,-0.3812674959795115,0.10404116,0.010824563
5648,1,0,-0.38933158,-0.15450692,-0.3516895157683306,0.03764206,0.0014169248
5649,1,0,-0.35907888,-0.13869953,-0.4065008149958244,0.047421932,0.0022488397
5650,1,0,-0.41509938,-0.17756367,-0.4378675788678889,0.0227682,0.0005183909
5651,1,0,-0.44707608,-0.21097398,-0.3759783901243625,0.0710977,0.005054883
5652,1,0,-0.38392496,-0.15163302,-0.4983174377946535,0.11439249,0.013085642
5653,1,0,-0.508523,-0.275728,-0.5099105069609386,0.0013875365,1.9252577e-06
5654,1,0,-0.5202787,-0.28819823,-0.5730601697097368,0.052781463,0.002785883
5655,1,0,-0.584147,-0.35641146,-0.8445976616600812,0.26045066,0.06783455
5656,1,1,-0.8545337,-0.6542578,0.6743477699589047,1.5288814,2.3374784
5657,1,1,0.68182874,0.5585542,-0.8112819944033034,1.4931107,2.2293794
5658,1,1,-0.8217757,-0.61738443,0.6764785924635839,1.4982543,2.244766
5659,1,1,0.6839535,0.56087065,-0.5333500622647049,1.2173035,1.4818279
5660,0,1,0.49022412,-0.3134625,0.5194306305097158,0.029206514,0.00085302047
5661,0,1,-0.52018976,0.39157152,-0.4847403340588312,0.035449415,0.001256661
5662,0,1,0.44013476,-0.26114368,0.4142111517627715,0.02592361,0.0006720335
5663,0,1,-0.41624188,0.27998066,-0.4811141436847195,0.064872265,0.0042084106
5664,0,1,0.43641186,-0.25725198,0.2656490595001437,0.1707628,0.029159937
5665,0,1,-0.28067875,0.12521958,-0.2979881681882577,0.017309427,0.00029961628
5666,0,1,0.2509408,-0.11162758,0.3740766472391139,0.123135835,0.0151624335
5667,0,1,-0.37605333,0.23783827,-0.1542891633799024,0.22176418,0.04917935
5668,0,1,0.10937977,-0.049138546,0.1765148775478553,0.06713511,0.004507123
5669,0,1,-0.20102882,0.046374798,-0.0583436733617217,0.14268515,0.02035905
5670,0,1,0.017036676,-0.0150158405,0.0425077824775277,0.025471106,0.00064877723
5671,0,1,-0.07802796,0.014826059,-0.0980768486890109,0.020048887,0.00040195786
5672,0,1,0.05505824,-0.028441906,0.1675958103269486,0.11253756,0.012664703
5673,0,1,-0.19296288,0.044047594,-0.2458884533238374,0.05292557,0.002801116
5674,0,1,0.19918346,-0.08732915,0.1370795932179875,0.062103868,0.0038568904
5675,0,1,-0.16523433,0.037664413,-0.0819210447694196,0.08331328,0.0069411024
5676,0,1,0.03956008,-0.022865534,-0.0374021111870339,0.07696219,0.0059231785
5677,0,1,-0.0028748512,-0.008327961,0.1130674840612235,0.11594234,0.013442625
5678,0,1,-0.14327312,0.0323112,-0.0806743359249986,0.06259878,0.0039186073
5679,0,1,0.038367033,-0.022441626,-0.0950220128019143,0.13338906,0.01779264
5680,0,1,0.052123785,-0.027375698,0.2170088713691815,0.16488509,0.027187092
5681,0,1,-0.23743105,0.07530856,-0.2370181382664706,0.00041291118,1.7049564e-07
5682,0,1,0.1904192,-0.083381414,0.2634965216053637,0.07307732,0.005340295
5683,0,1,-0.27877617,0.12300277,-0.1991928507330831,0.07958332,0.0063335043
5684,0,1,0.15320873,-0.0671525,0.2257290443749315,0.072520316,0.0052591963
5685,0,1,-0.24522305,0.08422804,-0.3687913171928412,0.12356827,0.0152691165
5686,0,1,0.32202244,-0.14776087,0.439770641447164,0.1177482,0.013864639
5687,0,1,-0.4416833,0.30694318,-0.425286268673005,0.01639703,0.00026886255
5688,0,1,0.37931967,-0.19755697,0.240908367216194,0.1384113,0.019157687
5689,0,1,-0.25874662,0.099782944,-0.288500911098223,0.029754281,0.0008853172
5690,0,1,0.24148059,-0.107059956,0.1904223318189877,0.051058263,0.0026069463
5691,0,1,-0.21357226,0.049975634,-0.3510092411184655,0.13743699,0.018888924
5692,0,1,0.3040924,-0.13834357,0.3347968424129037,0.030704439,0.00094276253
5693,0,1,-0.34125304,0.19682884,-0.2215193487101743,0.11973369,0.014336157
5694,0,1,0.17514086,-0.07661319,0.2771630231669899,0.10202217,0.0104085235
5695,0,1,-0.2908392,0.13709044,-0.2701022185341233,0.020736963,0.0004300216
5696,0,1,0.22317863,-0.09838486,0.3787325971159903,0.15555397,0.024197036
5697,0,1,-0.38073015,0.24271536,-0.5483344344563226,0.16760427,0.02809119
5698,0,1,0.5057268,-0.32964778,0.6661261855306435,0.16039938,0.02572796
5699,0,1,-0.6614938,0.54961777,-0.5122153603813167,0.1492784,0.022284042
5700,0,1,0.4684074,-0.2906797,0.4959080207168478,0.02750063,0.00075628463
5701,0,1,-0.49713373,0.36649036,-0.4429413050283926,0.054192424,0.0029368189
5702,0,1,0.3973241,-0.21639037,0.3170732823283941,0.0802508,0.006440191
5703,0,1,-0.3258295,0.17840266,-0.0854051295331808,0.24042438,0.057803884
5704,0,1,0.04289794,-0.024054527,0.0495168303709809,0.006618891,4.3809716e-05
5705,0,1,-0.08455658,0.016683578,-0.0730148975429192,0.0115416795,0.00013321037
5706,0,1,0.031039476,-0.019860268,-0.0243869079826568,0.055426385,0.0030720842
5707,0,1,-0.015205145,-0.004303217,-0.0766087454807986,0.061403602,0.0037704024
5708,0,1,0.034475803,-0.02106738,0.0632239219471828,0.028748117,0.00082645426
5709,0,1,-0.09729338,0.020239115,-0.0677479245550043,0.029545449,0.00087293354
5710,0,1,0.026006699,-0.018105984,0.2622683651319946,0.23626167,0.055819575
5711,0,1,-0.2776897,0.12173796,-0.1784091114245853,0.09928058,0.009856634
5712,0,1,0.13287568,-0.05864811,0.1683228235117919,0.035447136,0.0012564994
5713,0,1,-0.19362092,0.04420948,-0.253010661694272,0.05938974,0.0035271412
5714,0,1,0.20623064,-0.09053826,0.2468014159892475,0.04057078,0.0016459882
5715,0,1,-0.26398253,0.10583329,-0.2314809511630269,0.03250158,0.0010563526
5716,0,1,0.1849556,-0.08094382,0.3148842522714239,0.12992865,0.016881453
5717,0,1,-0.32391906,0.17612958,-0.3758286658430254,0.051909596,0.002694606
5718,0,1,0.32913232,-0.15155244,0.2789916264050482,0.05014068,0.0025140876
5719,0,1,-0.29244995,0.13897777,-0.2142021122681141,0.078247845,0.006122725
5720,0,1,0.16794252,-0.073474884,-0.0762247324262559,0.24416725,0.059617646
5721,0,1,0.03410864,-0.020937681,0.1553678095582316,0.12125917,0.014703786
5722,0,1,-0.1818757,0.041544914,-0.1380662797542267,0.04380943,0.0019192661
5723,0,1,0.09363961,-0.042957067,0.1464229116855828,0.052783296,0.0027860764
5724,0,1,-0.1737454,0.039667845,-0.0950221353521283,0.07872326,0.0061973515
5725,0,1,0.052123785,-0.027375698,0.0639069911981669,0.011783205,0.00013884391
5726,0,1,-0.09792709,0.02041316,0.0801663658247342,0.17809346,0.03171728
5727,0,1,-0.112981796,0.02449131,-0.0320086042942349,0.08097319,0.006556658
5728,0,1,-0.007988691,-0.006648302,0.040208819874699,0.04819751,0.0023230002
5729,0,1,-0.07588458,0.014210701,-0.1717248007824019,0.095840216,0.009185347
5730,0,1,0.12635326,-0.055974245,0.1391396933537718,0.012786433,0.00016349288
5731,0,1,-0.16711235,0.038110018,0.0614613572149518,0.22857371,0.05224594
5732,0,1,-0.095657825,0.019787073,-0.0743730199733998,0.021284804,0.00045304289
5733,0,1,0.032337427,-0.02031517,0.2915795615790908,0.25924215,0.067206495
5734,0,1,-0.30351973,0.15198421,-0.1834526552086273,0.120067075,0.014416102
5735,0,1,0.13780189,-0.060685396,0.2912810706630928,0.15347919,0.023555862
5736,0,1,-0.30325747,0.1516757,-0.0839191865229564,0.21933827,0.048109274
5737,0,1,0.04147458,-0.023546219,0.1123716333185846,0.07089705,0.0050263917
5738,0,1,-0.1426351,0.032152176,-0.2626742341656398,0.120039135,0.014409394
5739,0,1,0.21580648,-0.09494996,0.2816841864366832,0.065877706,0.004339872
5740,0,1,-0.29482102,0.14175749,-0.1124802359188348,0.18234079,0.033248164
5741,0,1,0.06891847,-0.033552647,0.0674516331372712,0.001466833,2.1515991e-06
5742,0,1,-0.10121369,0.021313906,-0.1531400792971577,0.05192639,0.00269635
5743,0,1,0.108263016,-0.048695564,0.2114301214282896,0.1031671,0.010643451
5744,0,1,-0.23243785,0.06960893,-0.2039663472432713,0.0284715,0.0008106263
5745,0,1,0.15788984,-0.06914687,0.3095554965284064,0.15166566,0.023002472
5746,0,1,-0.31926513,0.17060113,-0.1754571726894704,0.14380795,0.020680726
5747,0,1,0.12999368,-0.057463884,0.2809381605883745,0.15094447,0.022784233
5748,0,1,-0.29416418,0.1409874,-0.3372079532336474,0.043043762,0.0018527654
5749,0,1,0.29021168,-0.13119388,0.2577791009934342,0.032432586,0.0010518726
5750,0,1,-0.27371716,0.11711836,-0.1277542902291411,0.14596288,0.021305162
5751,0,1,0.08366084,-0.039116144,-0.0033876021502607,0.08704844,0.007577431
5752,0,1,-0.035026312,0.0019791126,-0.0672147636881654,0.032188453,0.0010360965
5753,0,1,0.02549839,-0.017929077,0.1496900491194006,0.12419166,0.015423568
5754,0,1,-0.17671704,0.04035783,-0.2663154479883696,0.08959842,0.008027877
5755,0,1,0.219419,-0.09662843,0.4362048551111641,0.21678585,0.046996105
5756,0,1,-0.4381411,0.30317664,-0.5420507266179753,0.10390961,0.010797207
5757,0,1,0.49922228,-0.32285762,0.5961829299045505,0.096960664,0.009401371
5758,0,1,-0.5946636,0.4739232,-0.5232895372864124,0.07137406,0.0050942563
5759,0,0,0.47983146,-0.30261135,-0.8361599409427551,1.3159914,1.7318333
5760,0,0,0.8079972,-0.64491224,-0.7427922971603094,1.5507896,2.4049485
5761,0,0,0.7091725,-0.5418377,-0.7040946918205964,1.4132671,1.997324
5762,1,0,-0.71569204,-0.4993217,-0.7908029495979085,0.07511091,0.005641649
5763,1,0,-0.80161715,-0.5947583,-0.7730586553881666,0.028558493,0.0008155875
5764,1,0,-0.78413796,-0.5751779,-0.8901927530340119,0.10605478,0.011247617
5765,1,0,-0.8992896,-0.70483756,-0.7287759214697584,0.17051369,0.029074918
5766,1,0,-0.74030995,-0.5264237,-0.7097087600796819,0.030601203,0.0009364337
5767,1,0,-0.7212961,-0.5054815,-0.6538479526477361,0.06744814,0.0045492514
5768,1,0,-0.66541433,-0.44431853,-0.4973689029961572,0.16804543,0.028239267
5769,1,0,-0.50756025,-0.27470803,-0.4825383125881486,0.02502194,0.0006260975
5770,1,0,-0.49250746,-0.25877976,-0.5962278698023771,0.10372043,0.010757927
5771,1,0,-0.6075046,-0.38155055,-0.6300516013069406,0.022547007,0.0005083675
5772,1,0,-0.6415303,-0.41835475,-0.7863204998183653,0.14479023,0.02096421
5773,1,0,-0.79720306,-0.5898094,-0.7802702372522843,0.016932845,0.00028672125
5774,1,0,-0.7912433,-0.583133,-0.9117273841292826,0.120484054,0.014516408
5775,1,0,-0.9203954,-0.7287686,-0.8766948903433218,0.043700457,0.0019097299
5776,1,0,-0.88605,-0.68985057,-0.947816955056684,0.061766982,0.0038151601
5777,1,0,-0.9557171,-0.76893115,-1.0929888378455508,0.13727176,0.018843537
5778,1,0,-1.0971035,-0.9310279,-1.1517554928993865,0.054651976,0.0029868383
5779,1,0,-1.1539862,-0.99680924,-0.8827907577470588,0.27119547,0.07354698
5780,1,0,-0.89203,-0.69661736,-1.031071108855778,0.13904107,0.019332418
5781,1,0,-1.0369439,-0.86180305,-1.0023426572929308,0.03460121,0.0011972438
5782,1,0,-1.0089564,-0.829725,-1.1291544748627802,0.12019801,0.014447562
5783,1,0,-1.1321356,-0.97150373,-1.10845349307948,0.023682117,0.0005608427
5784,1,0,-1.1120934,-0.9483321,-1.0014855464427543,0.11060786,0.012234099
5785,1,0,-1.0081208,-0.82876754,-0.9899522750426492,0.018168509,0.0003300947
5786,1,0,-0.9968722,-0.8158994,-0.9365011611049234,0.06037104,0.0036446627
5787,1,0,-0.94464827,-0.7563319,-1.0482761748647516,0.10362792,0.010738746
5788,1,0,-1.0536826,-0.88102746,-1.1816029375929349,0.12792039,0.016363626
5789,1,0,-1.1827917,-1.0302389,-1.2754445780308297,0.09265292,0.008584563
5790,1,0,-1.2729573,-1.1353596,-1.3333970069594492,0.060439706,0.003652958
5791,1,0,-1.3306524,-1.2002473,-1.407518421749615,0.07686603,0.005908387
5792,1,0,-1.4056691,-1.283143,-1.4150919454755706,0.009422898,8.8791014e-05
5793,1,0,-1.4133183,-1.2916045,-1.3529602953061868,0.06035793,0.0036430794
5794,1,0,-1.3504786,-1.2221392,-1.285499071428962,0.06497955,0.0042223423
5795,1,0,-1.2825797,-1.1466209,-1.305880464511083,0.023300767,0.0005429257
5796,1,0,-1.3027354,-1.1694436,-1.3531829611932815,0.050447464,0.0025449467
5797,1,0,-1.3507043,-1.2223885,-1.2741864873899549,0.07651782,0.005854977
5798,1,0,-1.2717524,-1.1339506,-1.3569779371411042,0.08522558,0.0072633997
5799,1,0,-1.3545479,-1.2266341,-1.3629530582931833,0.008405209,7.064753e-05
5800,1,0,-1.3605984,-1.2333183,-1.3863773166958089,0.02577889,0.00066455116
5801,1,0,-1.3843006,-1.2595143,-1.4970370763689165,0.11273646,0.0127095105
5802,1,0,-1.4958699,-1.383028,-1.363141332538726,0.13272858,0.017616875
5803,1,0,-1.3607892,-1.2335291,-1.446870715321643,0.086081505,0.0074100257
5804,1,0,-1.4453784,-1.3270895,-1.3443167194337255,0.1010617,0.010213467
5805,1,0,-1.3417209,-1.2124673,-1.4306747132881767,0.08895373,0.007912767
5806,1,0,-1.429046,-1.3090097,-1.2490036526350787,0.18004239,0.03241526
5807,1,0,-1.247615,-1.1057425,-1.2676102296744205,0.019995213,0.00039980852
5808,1,0,-1.265454,-1.126585,-1.192751377139301,0.072702646,0.0052856747
5809,1,0,-1.193536,-1.0427268,-1.261426512050804,0.067890525,0.0046091233
5810,1,0,-1.2595279,-1.1196585,-1.3096635085524246,0.050135612,0.0025135796
5811,1,0,-1.3065758,-1.1736796,-1.3711573416427865,0.06458151,0.0041707717
5812,1,0,-1.3689035,-1.2424952,-1.3910943961809372,0.022190928,0.0004924373
5813,1,0,-1.3890709,-1.2647877,-1.4205754133870143,0.03150451,0.0009925342
5814,1,0,-1.4188541,-1.2977306,-1.3121825534299043,0.10667157,0.011378824
5815,1,0,-1.3091321,-1.1764995,-1.4563449334141785,0.14721286,0.021671627
5816,1,0,-1.4549255,-1.3376617,-1.4511960822834578,0.0037294626,1.3908892e-05
5817,1,0,-1.4497379,-1.3319166,-1.5538471669881946,0.10410929,0.010838743
5818,1,0,-1.5528561,-1.4462358,-1.5116947215754646,0.041161418,0.0016942624
5819,1,0,-1.5105928,-1.3993512,-1.4773505880398354,0.033242226,0.0011050456
5820,1,0,-1.4760736,-1.3610883,-1.3733061959346624,0.10276747,0.010561152
5821,1,0,-1.3710786,-1.2448982,-1.2556074920549989,0.115471125,0.01333358
5822,1,0,-1.2539496,-1.1131395,-1.2171826748598993,0.036767006,0.0013518127
5823,1,0,-1.2170506,-1.0700954,-1.398234482900771,0.18118393,0.03282762
5824,1,0,-1.3962883,-1.2727684,-1.3732731228476367,0.023015141,0.00052969676
5825,1,0,-1.3710445,-1.244861,-1.623483249260576,0.25243878,0.06372534
5826,1,0,-1.6224086,-1.5234728,-1.6324382384104807,0.010029554,0.00010059196
5827,1,0,-1.6313269,-1.5333835,-1.510744020299868,0.12058294,0.014540245
5828,1,0,-1.5096383,-1.3982925,-1.4454221926863475,0.06421614,0.0041237124
5829,1,0,-1.4439186,-1.3254731,-1.6492607868026512,0.20534217,0.04216541
5830,1,0,-1.648065,-1.5519874,-1.5207746789343182,0.12729025,0.016202807
5831,1,0,-1.5197068,-1.4094577,-1.53758724737268,0.01788044,0.00031971012
5832,1,0,-1.5365674,-1.4281609,-1.5071711927661753,0.029396296,0.0008641422
5833,1,0,-1.5060506,-1.394315,-1.514516080579544,0.0084655285,7.166517e-05
5834,1,0,-1.513425,-1.4024918,-1.6398076328654274,0.12638259,0.015972558
5835,1,0,-1.6386623,-1.5415351,-1.6961234432267038,0.057461143,0.003301783
5836,1,0,-1.6945767,-1.6037081,-1.6812684331172736,0.013308287,0.00017711049
5837,1,0,-1.6798519,-1.58733,-1.716383452637093,0.036531568,0.0013345554
5838,1,0,-1.7146306,-1.6260173,-1.6934416580671436,0.021188974,0.00044897263
5839,1,0,-1.69192,-1.600752,-1.7706289464566862,0.07870889,0.006195089
5840,1,0,-1.7681558,-1.6855907,-1.6696065680414078,0.09854925,0.009711954
5841,1,0,-1.6682796,-1.5744617,-1.5277146623079465,0.14056504,0.01975853
5842,1,0,-1.5266685,-1.41718,-1.5992675151530442,0.072598934,0.0052706054
5843,1,0,-1.598261,-1.4966465,-1.7602268398962009,0.16196585,0.026232935
5844,1,0,-1.7579111,-1.674186,-1.583511744877034,0.17439938,0.030415142
5845,1,0,-1.5825272,-1.4791733,-1.6669312646117973,0.08440411,0.007124054
5846,1,0,-1.6656237,-1.571508,-1.8181172536854369,0.1524936,0.023254298
5847,1,0,-1.8148026,-1.7375364,-1.916650555522416,0.10184789,0.010372992
5848,1,0,-1.9109223,-1.8325392,-1.876967226081753,0.033955097,0.0011529486
5849,1,0,-1.8723227,-1.8016202,-1.9024273523921855,0.030104637,0.0009062892
5850,1,0,-1.8971055,-1.8232774,-1.9491120868181648,0.052006602,0.0027046867
5851,1,0,-1.9423814,-1.8536857,-1.956356774268734,0.013975382,0.0001953113
5852,1,0,-1.9493876,-1.8584076,-2.024670435162314,0.07528281,0.0056675016
5853,1,0,-2.0151846,-1.9029437,-2.1403951463600888,0.12521052,0.015677676
5854,1,0,-2.1254835,-1.9784256,-2.115678465697349,0.009804964,9.613732e-05
5855,1,0,-2.102053,-1.962304,-2.274916390327437,0.17286348,0.029881785
5856,1,0,-2.25173,-2.0661082,-2.248130061190643,0.0035998821,1.2959152e-05
5857,1,0,-2.2267675,-2.0486598,-2.299805105409208,0.073037624,0.0053344946
5858,1,0,-2.2748435,-2.082314,-2.2968565765859417,0.022013187,0.0004845804
5859,1,0,-2.272109,-2.0803938,-2.45114462641091,0.17903566,0.03205377
5860,1,0,-2.4136524,-2.1183937,-2.496757460501509,0.08310509,0.0069064554
5861,1,0,-2.454885,-1.9630545,-2.5109120571489068,0.056026936,0.0031390176
5862,1,0,-2.4676218,-1.8931658,-2.5679886591295005,0.10036683,0.010073501
5863,1,0,-2.5186954,-1.6170624,-2.570004119035964,0.05130887,0.0026326003
5864,1,0,-2.5204902,-1.6074857,-2.4653676904837054,0.055122375,0.0030384762
5865,1,0,-2.4265406,-2.1074276,-2.657097022153419,0.23055649,0.053156294
5866,1,0,-2.597498,-1.1791598,-2.643290879778909,0.045793056,0.002097004
5867,1,0,-2.5853643,-1.2454094,-2.6137353240878416,0.028371096,0.00080491905
5868,1,0,-2.5592947,-1.3897302,-2.563472988770836,0.0041782856,1.7458071e-05
5869,1,0,-2.5146713,-1.6385629,-2.517718996401645,0.0030477047,9.288504e-06
5870,1,0,-2.4737372,-1.8597484,-2.600470382917472,0.12673306,0.016061269
5871,1,0,-2.5475533,-1.4556044,-2.706657325870347,0.15910411,0.025314117
5872,1,0,-2.640823,-0.9475453,-2.6768631309626736,0.036040306,0.0012989037
5873,1,0,-2.6148205,-1.0856215,-2.7728012332200387,0.15798068,0.024957895
5874,1,0,-2.6980727,-0.6535895,-2.600087433932725,0.09798527,0.009601112
5875,1,0,-2.547214,-1.4575139,-2.5874204176691813,0.040206432,0.0016165572
5876,1,0,-2.5359774,-1.52107,-2.4735660523054546,0.06241131,0.0038951715
5877,1,0,-2.4339569,-2.0787253,-2.4508743336890864,0.016917467,0.0002862007
5878,1,0,-2.4134073,-2.1186035,-2.498657711026432,0.08525038,0.007267627
5879,1,0,-2.4565964,-1.9536381,-2.5103054579372004,0.05370903,0.00288466
5880,1,0,-2.4670763,-1.8961487,-2.431061408225006,0.036014795,0.0012970655
5881,1,0,-2.3954077,-2.1339335,-2.5013602660298604,0.1059525,0.011225932
5882,1,0,-2.45903,-1.9402688,-2.647539349189484,0.18850946,0.03553582
5883,1,0,-2.5891013,-1.2249415,-2.5630244537402245,0.026076794,0.0006799992
5884,1,0,-2.5142708,-1.6407025,-2.4771719058956725,0.037098885,0.0013763272
5885,1,0,-2.4372156,-2.0606508,-2.4542415947577885,0.017025948,0.00028988288
5886,1,0,-2.4164612,-2.1160045,-2.268011172307633,0.14845014,0.022037443
5887,1,0,-2.2453034,-2.0616107,-2.1598519816021,0.085451365,0.007301936
5888,1,0,-2.143878,-1.9911152,-2.0325383202622294,0.11133957,0.0123964995
5889,1,0,-2.0227306,-1.9080755,-1.938434946695914,0.08429563,0.0071057533
5890,1,0,-1.9320455,-1.8467296,-1.9902270965886768,0.058181643,0.0033851035
5891,1,0,-1.9820716,-1.8804848,-2.0385582325191143,0.056486607,0.0031907368
5892,1,0,-2.0285,-1.9120009,-2.0204874570599856,0.008012533,6.4200685e-05
5893,1,0,-2.01117,-1.9002154,-1.9692374587399728,0.041932464,0.0017583315
5894,1,0,-1.9618312,-1.8668021,-2.079791262714695,0.117960095,0.013914584
5895,1,0,-2.0679085,-1.9388956,-2.11687618278584,0.0489676,0.002397826
5896,1,0,-2.10319,-1.9630849,-2.165277405917155,0.062087536,0.0038548622
5897,1,0,-2.1489992,-1.9946519,-2.214691364507398,0.06569219,0.0043154634
5898,1,0,-2.195481,-2.0268698,-2.1653426098979915,0.030138493,0.00090832874
5899,1,0,-2.1490607,-1.9946945,-2.1170391733364826,0.032021523,0.0010253779
5900,1,0,-2.1033444,-1.963192,-2.075265232272302,0.028079271,0.00078844547
5901,1,0,-2.063592,-1.9359425,-2.0291757125536134,0.0344162,0.0011844747
5902,1,0,-2.0195062,-1.9058818,-2.14708965309135,0.1275835,0.01627755
5903,1,0,-2.1318176,-1.9827921,-2.093660232936386,0.038157463,0.001455992
5904,1,0,-2.0811217,-1.9479425,-2.189277962062779,0.108156204,0.0116977645
5905,1,0,-2.1716125,-2.010303,-2.208297643707698,0.03668523,0.0013458059
5906,1,0,-2.1894832,-2.0227022,-2.181330693716648,0.008152485,6.646301e-05
5907,1,0,-2.1641326,-2.0051208,-2.139609257504225,0.024523258,0.0006013902
5908,1,0,-2.1247396,-1.9779115,-2.231271962982869,0.106532335,0.011349139
5909,1,0,-2.2110121,-2.0376756,-2.3087323691733017,0.097720146,0.009549227
5910,1,0,-2.2831144,-2.0881233,-2.156616466240268,0.12649798,0.01600174
5911,1,0,-2.1408224,-1.9890056,-2.0994838309303345,0.041338682,0.0017088866
5912,1,0,-2.0866632,-1.9517404,-2.164719994839809,0.07805681,0.006092866
5913,1,0,-2.1484737,-1.9942894,-2.239907251815856,0.091433525,0.00836009
5914,1,0,-2.2190871,-2.043304,-2.176322026722457,0.04276514,0.0018288572
5915,1,0,-2.159414,-2.0018551,-2.176233045393437,0.016819,0.00028287875
5916,1,0,-2.1593304,-2.0017977,-2.2195398775939026,0.060209513,0.0036251855
5917,1,0,-2.200026,-2.0300298,-2.275742721011901,0.075716734,0.005733024
5918,1,0,-2.2524986,-2.066647,-2.4211949055597213,0.16869617,0.028458396
5919,1,0,-2.3864236,-2.141592,-2.601957543762276,0.21553397,0.04645489
5920,1,0,-2.5488715,-1.4481856,-2.589261604532757,0.040390015,0.0016313533
5921,1,0,-2.537612,-1.5117974,-2.607775847116762,0.070163965,0.004922982
5922,1,0,-2.554023,-1.4192411,-2.745242568992607,0.19121957,0.036564924
5923,1,0,-2.6743,-0.77395725,-2.863022820193338,0.18872285,0.035616312
5924,1,0,-2.7750866,-0.28039312,-3.0512125975542697,0.2761259,0.07624552
5925,1,0,-2.9316206,0.39960623,-2.959678054899663,0.028057575,0.00078722753
5926,1,0,-2.8561864,0.08489537,-3.017242840349362,0.16105652,0.025939202
5927,1,0,-2.9037828,0.28623152,-2.971928733519533,0.06814599,0.004643876
5928,1,0,-2.8663597,0.12873101,-2.814425150152859,0.05193448,0.0026971903
5929,1,0,-2.733759,-0.4774692,-2.83284228000547,0.09908342,0.009817525
5930,1,0,-2.7494636,-0.4017067,-2.9013195224218467,0.15185595,0.023060229
5931,1,0,-2.8073955,-0.13147473,-2.885492177455061,0.07809663,0.0060990835
5932,1,0,-2.7940702,-0.19234514,-2.808619221861242,0.014549017,0.00021167389
5933,1,0,-2.728797,-0.5016272,-2.7291529665085106,0.00035595894,1.2670677e-07
5934,1,0,-2.6603677,-0.8456211,-2.7238425787183966,0.06347489,0.004029062
5935,1,0,-2.6557608,-0.8694992,-2.8177279131319746,0.16196704,0.026233321
5936,1,0,-2.7365785,-0.46378446,-2.7836787903903475,0.047100306,0.0022184388
5937,1,0,-2.7074242,-0.60690737,-2.6682899236290467,0.039134264,0.0015314906
5938,1,0,-2.6073146,-1.1260015,-2.5258941932869687,0.08142042,0.006629285
5939,1,0,-2.4810724,-1.8197894,-2.370090580883002,0.11098194,0.012316992
5940,1,0,-2.3396852,-2.1280303,-2.3962567693595576,0.056571484,0.0032003329
5941,1,0,-2.36366,-2.145029,-2.441139370907892,0.07747936,0.0060030515
5942,1,0,-2.4045696,-2.1261268,-2.3603616785853143,0.04420805,0.0019543516
5943,1,0,-2.330748,-2.1217058,-2.3070361251296765,0.02371192,0.00056225515
5944,1,0,-2.281543,-2.0870206,-2.272018175346407,0.009524822,9.072224e-05
5945,1,0,-2.249034,-2.064221,-2.2089867744108056,0.04004717,0.0016037758
5946,1,0,-2.19013,-2.0231514,-2.235290884979476,0.04516101,0.0020395168
5947,1,0,-2.2147708,-2.0402951,-2.193021498450926,0.021749258,0.00047303023
5948,1,0,-2.1751332,-2.0127413,-2.1135866180951868,0.061546564,0.0037879795
5949,1,0,-2.1000671,-1.9609385,-2.010146579797419,0.08992052,0.0080857
5950,1,0,-2.0012374,-1.8934726,-2.019977532397742,0.018740177,0.00035119423
5951,1,0,-2.0106802,-1.8998823,-2.0378452745651674,0.027165174,0.0007379467
5952,1,0,-2.027817,-1.9115363,-2.1238269542880843,0.09600997,0.009217914
5953,1,0,-2.109785,-1.9676186,-2.154803189367101,0.045018196,0.002026638
5954,1,0,-2.1391094,-1.9878222,-2.0855291990883265,0.053580284,0.0028708468
5955,1,0,-2.0733778,-1.9426386,-2.092861057205115,0.019483328,0.00037960007
5956,1,0,-2.0803604,-1.9474202,-2.140013406687459,0.059653044,0.0035584855
5957,1,0,-2.125122,-1.9781764,-1.9964857119686128,0.12863636,0.016547313
5958,1,0,-1.9880978,-1.8845656,-2.0870944938835425,0.09899676,0.009800358
5959,1,0,-2.074869,-1.9436574,-2.086426803991822,0.011557817,0.00013358315
5960,1,0,-2.0742328,-1.9432237,-2.034340892181939,0.03989196,0.0015913683
5961,1,0,-2.024459,-1.9092503,-2.053121824595744,0.02866292,0.000821563
5962,1,0,-2.0424404,-1.9214994,-2.0922144036293155,0.04977393,0.0024774442
5963,1,0,-2.0797446,-1.946999,-2.06284138371834,0.016903162,0.00028571687
5964,1,0,-2.0517316,-1.927838,-2.007769788249772,0.043961763,0.0019326366
5965,1,0,-1.9989523,-1.8919224,-2.1255179603872443,0.12656558,0.016018845
5966,1,0,-2.111389,-1.9687219,-1.9522111855355968,0.15917778,0.025337566
5967,1,0,-1.9453787,-1.855706,-1.9647131044050503,0.019334435,0.0003738204
5968,1,0,-1.9574629,-1.8638533,-2.097927770719086,0.1404649,0.01973039
5969,1,0,-2.0851827,-1.9507258,-2.1089725215431296,0.023789883,0.0005659585
5970,1,0,-2.0956836,-1.9579288,-2.0479762635853374,0.04770732,0.0022759882
5971,1,0,-2.037518,-1.9181434,-2.0753721823509133,0.037854195,0.00143294
5972,1,0,-2.0636945,-1.9360121,-2.2075394338024186,0.14384484,0.020691339
5973,1,0,-2.1887715,-2.0222073,-2.191375266287983,0.0026037693,6.7796145e-06
5974,1,0,-2.1735852,-2.01167,-2.161594295889459,0.011990786,0.00014377893
5975,1,0,-2.145523,-1.9922509,-2.111695268437981,0.03382778,0.0011443188
5976,1,0,-2.0982702,-1.9597052,-2.020917274482721,0.077353,0.005983487
5977,1,0,-2.0115829,-1.9004956,-1.9254012804506253,0.08618152,0.0074272547
5978,1,0,-1.9194133,-1.8382394,-1.820629432324532,0.09878385,0.009758249
5979,1,0,-1.8172643,-1.7402788,-1.8015962549724551,0.015668035,0.00024548732
5980,1,0,-1.7985967,-1.7194874,-1.7023154951868866,0.09628129,0.009270087
5981,1,0,-1.7007097,-1.6105295,-1.61377177447845,0.086937904,0.007558199
5982,1,0,-1.6127298,-1.512719,-1.5745825782218108,0.03814721,0.0014552097
5983,1,0,-1.5736026,-1.4692638,-1.6648155500218451,0.09121299,0.008319809
5984,1,0,-1.6635224,-1.5691719,-1.5589043372140052,0.10461807,0.010944941
5985,1,0,-1.5579187,-1.4518543,-1.671392890214707,0.11347425,0.012876405
5986,1,0,-1.670053,-1.5764335,-1.8391164632192851,0.16906345,0.02858245
5987,1,0,-1.8353646,-1.7604415,-1.8621931534584275,0.026828527,0.00071976986
5988,1,0,-1.8579133,-1.7855636,-1.8499733463521724,0.007939935,6.3042564e-05
5989,1,0,-1.8459791,-1.7722667,-1.9334041343851287,0.08742499,0.0076431297
5990,1,0,-1.9271718,-1.8434521,-1.7542493726570054,0.17292249,0.029902188
5991,1,0,-1.7520201,-1.6676277,-1.714183018825443,0.037837148,0.0014316498
5992,1,0,-1.7124541,-1.6235964,-1.71806845206497,0.0056144,3.1521486e-05
5993,1,0,-1.7162968,-1.6278716,-1.7893349705694035,0.07303822,0.0053345817
5994,1,0,-1.7865541,-1.7060759,-1.840116725477496,0.05356264,0.0028689564
5995,1,0,-1.8363428,-1.7615311,-1.8992677481685527,0.06292498,0.0039595533
5996,1,0,-1.8940332,-1.8212188,-1.803421385424244,0.090611815,0.008210501
5997,1,0,-1.8003887,-1.721482,-1.847838939406706,0.047450304,0.0022515315
5998,1,0,-1.8438933,-1.7699432,-1.7830268958827975,0.060866356,0.0037047132
5999,1,0,-1.7803528,-1.6991717,-1.8215486266846084,0.04119575,0.0016970899
6000,1,0,-1.8181652,-1.741282,-1.89184063979402,0.07367551,0.0054280814
6001,1,0,-1.8868078,-1.8163851,-2.0008858135406618,0.114077926,0.013013773
6002,1,0,-1.992332,-1.8874322,-1.8707996155564195,0.12153232,0.0147701055
6003,1,0,-1.8663099,-1.7949197,-1.7746371351445465,0.09167278,0.008403898
6004,1,0,-1.7721001,-1.6899827,-1.7220466042994935,0.050053477,0.0025053506
6005,1,0,-1.7202305,-1.6322477,-1.732417930697137,0.012187481,0.00014853469
6006,1,0,-1.7304779,-1.6436516,-1.7238005286681068,0.006677389,4.4587527e-05
6007,1,0,-1.7219638,-1.6341769,-1.7428855530807827,0.020921826,0.00043772283
6008,1,0,-1.7408116,-1.6551534,-1.6772739162001176,0.06353772,0.0040370417
6009,1,0,-1.6758891,-1.5829237,-1.8230121960327468,0.1471231,0.021645207
6010,1,0,-1.8195988,-1.7428787,-1.9627018190388343,0.143103,0.02047847
6011,1,0,-1.9555193,-1.8625429,-2.0152521035531223,0.059732795,0.0035680067
6012,1,0,-2.0061426,-1.8968015,-1.9311435510675683,0.074999094,0.0056248643
6013,1,0,-1.9249812,-1.8419797,-2.059514567937835,0.13453329,0.018099206
6014,1,0,-2.0485525,-1.9256693,-2.059984606696512,0.011432171,0.00013069453
6015,1,0,-2.0490015,-1.9259751,-1.8819486192394308,0.16705287,0.02790666
6016,1,0,-1.8771763,-1.8070292,-1.8737774647991576,0.003398776,1.1551679e-05
6017,1,0,-1.8692137,-1.7981554,-1.797590804614413,0.07162285,0.0051298323
6018,1,0,-1.7946647,-1.715108,-1.6148185685022414,0.17984617,0.032344643
6019,1,0,-1.6137732,-1.513879,-1.6736666310415516,0.05989337,0.0035872157
6020,1,0,-1.6723099,-1.5789425,-1.6838287216346324,0.011518836,0.00013268358
6021,1,0,-1.682391,-1.590154,-1.5859829823433254,0.09640801,0.009294504
6022,1,0,-1.5849966,-1.4819148,-1.5779511699417448,0.007045388,4.9637496e-05
6023,1,0,-1.5769697,-1.4730022,-1.599626148107193,0.02265644,0.0005133143
6024,1,0,-1.5986189,-1.4970446,-1.5915928500017296,0.007025957,4.9364073e-05
6025,1,0,-1.5905993,-1.4881372,-1.6018947945716442,0.011295438,0.00012758691
6026,1,0,-1.6008834,-1.499559,-1.602746182650375,0.0018627644,3.469891e-06
6027,1,0,-1.6017326,-1.5005026,-1.5411609955078471,0.06057167,0.0036689274
6028,1,0,-1.5401497,-1.4321347,-1.5715432854728333,0.031393647,0.000985561
6029,1,0,-1.5705637,-1.4658898,-1.6318485726379897,0.0612849,0.0037558388
6030,1,0,-1.6307405,-1.5327309,-1.560087472046363,0.07065308,0.004991858
6031,1,0,-1.5591031,-1.4531685,-1.7459736038765978,0.18687046,0.034920566
6032,1,0,-1.7438588,-1.6585437,-1.8035582599594384,0.059699416,0.0035640204
6033,1,0,-1.8005224,-1.7216321,-1.7518111383072896,0.0487113,0.0023727908
6034,1,0,-1.749616,-1.6649522,-1.6945639645364197,0.055052042,0.0030307274
6035,1,0,-1.6930317,-1.6019895,-1.7155260451580272,0.022494435,0.0005059996
6036,1,0,-1.7137828,-1.6250741,-1.7319252572513393,0.018142462,0.00032914893
6037,1,0,-1.729991,-1.64311,-1.6946429833474863,0.03534794,0.0012494768
6038,1,0,-1.6931105,-1.6020764,-1.588060847991151,0.10504961,0.011035421
6039,1,0,-1.5870719,-1.48422,-1.5722050065180808,0.014866948,0.00022102614
6040,1,0,-1.5712254,-1.4666253,-1.6481345758908987,0.076909184,0.0059150225
6041,1,0,-1.6469456,-1.5507419,-1.6996918631433156,0.052746296,0.0027821718
6042,1,0,-1.6981115,-1.6076397,-1.6291627583123325,0.068948746,0.0047539296
6043,1,0,-1.6280656,-1.5297595,-1.4671289469159372,0.1609366,0.025900587
6044,1,0,-1.4657859,-1.3496908,-1.509032002545034,0.04324615,0.0018702295
6045,1,0,-1.5079194,-1.3963871,-1.3220145034414348,0.18590498,0.03456066
6046,1,0,-1.3191082,-1.1875067,-1.3412440988129322,0.022135854,0.00048999605
6047,1,0,-1.3386073,-1.2090296,-1.3609747496062152,0.022367477,0.00050030404
6048,1,0,-1.3585955,-1.2311054,-1.2862111753623744,0.07238436,0.005239495
6049,1,0,-1.2832606,-1.1474181,-1.202083760257398,0.08117688,0.0065896856
6050,1,0,-1.2025229,-1.0531807,-1.0833980365280589,0.11912489,0.014190739
6051,1,0,-1.0877999,-0.9202986,-1.0285417930845733,0.059258103,0.003511523
6052,1,0,-1.0344813,-0.8589778,-0.9467499939831244,0.0877313,0.0076967813
6053,1,0,-0.95467305,-0.76774263,-0.9353517128936342,0.019321322,0.0003733135
6054,1,0,-0.9435234,-0.7550523,-0.8077277893582853,0.1357956,0.018440444
6055,1,0,-0.81827927,-0.6134558,-0.9152753746560922,0.09699613,0.009408249
6056,1,0,-0.92387104,-0.73271465,-0.8995588676094406,0.024312198,0.00059108296
6057,1,0,-0.90847206,-0.71524286,-1.022569622971385,0.114097595,0.013018262
6058,1,0,-1.0286665,-0.8523071,-1.0059984136517728,0.022668123,0.0005138438
6059,1,0,-1.0125208,-0.83380556,-1.0504393523344735,0.037918568,0.0014378178
6060,1,0,-1.0557864,-0.88344574,-1.1012238918179131,0.045437574,0.002064573
6061,1,0,-1.1050881,-0.9402418,-1.1876033101948116,0.08251524,0.0068087648
6062,1,0,-1.1885751,-1.0369599,-1.1976719201902044,0.009096742,8.275071e-05
6063,1,0,-1.1982749,-1.0482388,-1.2732606321820432,0.07498574,0.0056228614
6064,1,0,-1.2708656,-1.1329137,-1.3400465747200805,0.069180965,0.004786006
6065,1,0,-1.3373934,-1.2076893,-1.4855946620687088,0.14820123,0.021963604
6066,1,0,-1.4843663,-1.3702779,-1.3521096864531066,0.13225663,0.017491816
6067,1,0,-1.3496166,-1.2211872,-1.3822114637818723,0.0325948,0.001062421
6068,1,0,-1.3800879,-1.2548554,-1.256117990326656,0.12396991,0.015368539
6069,1,0,-1.2544388,-1.1137121,-1.1918407031798657,0.06259811,0.0039185234
6070,1,0,-1.1926584,-1.0417066,-1.2590883570490965,0.06642997,0.004412941
6071,1,0,-1.2572867,-1.117039,-1.3751306687758094,0.117843986,0.013887205
6072,1,1,-1.3729242,-1.246938,1.3790325316211312,2.7519567,7.5732656
6073,1,1,1.3854375,1.3446255,-1.1123447102499386,2.4977822,6.238916
6074,1,1,-1.1158633,-0.95268774,1.1932471069904946,2.3091104,5.3319907
6075,0,1,-1.130887,1.134932,-0.9984118131406672,0.1324752,0.017549679
6076,0,1,0.9805851,-0.82533765,0.6445016201112082,0.33608347,0.1129521
6077,0,1,-0.6409385,0.5261519,-0.5003947350592619,0.14054376,0.019752549
6078,0,1,0.4562316,-0.27796102,0.4285340817368506,0.027697504,0.0007671517
6079,0,1,-0.43051386,0.29507947,-0.3557044465918548,0.0748094,0.005596447
6080,0,1,0.30882192,-0.14080715,0.2634201744643891,0.045401752,0.002061319
6081,0,1,-0.27870846,0.12292385,-0.2745074972704033,0.004200965,1.7648108e-05
6082,0,1,0.22755551,-0.100440264,0.29166317960131,0.06410766,0.0041097915
6083,0,1,-0.30359316,0.15207124,-0.3236047607664587,0.020011604,0.00040046428
6084,0,1,0.2765615,-0.12428188,0.3182906930295672,0.041729182,0.0017413247
6085,0,1,-0.32689047,0.17966652,-0.3151231671425747,0.011767298,0.0001384693
6086,0,1,0.26806593,-0.12003994,0.4094120901027795,0.14134616,0.019978736
6087,0,1,-0.41145158,0.27492929,-0.4576785671755523,0.04622698,0.0021369336
6088,0,1,0.41239,-0.23214412,0.4682870860003669,0.055897087,0.0031244843
6089,0,1,-0.4699254,0.3371365,-0.4948350699084418,0.024909675,0.0006204919
6090,0,1,0.45051074,-0.27198458,0.424627422425794,0.025883317,0.0006699461
6091,0,1,-0.42662477,0.29095817,-0.239346694803908,0.18727808,0.03507308
6092,0,1,0.1927185,-0.08441234,0.3613974420692223,0.16867894,0.028452585
6093,0,1,-0.3642707,0.22457433,-0.1605413717346957,0.20372932,0.041505635
6094,0,1,0.11545968,-0.05156684,0.0777137738411637,0.037745908,0.0014247536
6095,0,1,-0.110714674,0.023885012,-0.0316942167358393,0.079020455,0.0062442324
6096,0,1,-0.008286715,-0.0065505505,-0.1242916880745754,0.11600497,0.013457154
6097,0,1,0.0803144,-0.037842274,0.2213956444487328,0.14108124,0.019903917
6098,0,1,-0.24135351,0.07979393,-0.2601504493370559,0.01879695,0.00035332536
6099,0,1,0.21330428,-0.09379125,0.3162965748859871,0.102992296,0.010607413
6100,0,1,-0.32515168,0.17759657,-0.2659360173375966,0.059215665,0.003506495
6101,0,1,0.21904278,-0.09645367,0.3214329889729144,0.1023902,0.010483753
6102,0,1,-0.3296299,0.18293047,-0.1068327429469886,0.22279716,0.049638573
6103,0,1,0.06347871,-0.03153348,0.0511805122211068,0.012298197,0.00015124564
6104,0,1,-0.08610439,0.017120838,-0.0341311543840987,0.05197324,0.0027012175
6105,0,1,-0.0059769154,-0.007306576,0.2077645526585705,0.21374147,0.045685414
6106,0,1,-0.22915292,0.06586623,-0.2279494938786759,0.0012034178,1.4482143e-06
6107,0,1,0.18147397,-0.079401255,0.2552288896913675,0.07375491,0.0054397862
6108,0,1,-0.2714579,0.1144948,-0.2566521217409803,0.014805794,0.00021921154
6109,0,1,0.20983744,-0.0921936,0.2285409674454772,0.018703535,0.00034982222
6110,0,1,-0.2477324,0.08710694,-0.2493433470151478,0.0016109496,2.5951588e-06
6111,0,1,0.20260048,-0.08888173,0.2026758536084441,7.537007e-05,5.680648e-09
6112,0,1,-0.22458816,0.060674906,-0.052485827682625,0.17210233,0.029619213
6113,0,1,0.0114581585,-0.0131185055,-0.1217719385131688,0.13323009,0.017750258
6114,0,1,0.077881575,-0.036919832,0.1068919788063818,0.029010408,0.00084160373
6115,0,1,-0.13760519,0.03088665,-0.0561294494605024,0.08147574,0.0066382964
6116,0,1,0.01492691,-0.014296293,-0.0400048920054576,0.0549318,0.0030175028
6117,0,1,-0.00040531158,-0.009144783,0.0897188493518328,0.09012416,0.008122364
6118,0,1,-0.121800184,0.026820421,0.0678232730083707,0.18962346,0.035957057
6119,0,1,-0.101558685,0.02140832,0.0440469493850739,0.14560564,0.021201001
6120,0,1,-0.07946229,0.015236378,0.0137297555939475,0.09319205,0.008684758
6121,0,1,-0.05111599,0.006910801,0.0246482948653401,0.07576428,0.0057402267
6122,0,1,-0.06134653,0.009968996,0.0699327581871553,0.13127929,0.017234253
6123,0,1,-0.103513,0.021940947,0.0257551732651868,0.12926817,0.016710259
6124,0,1,-0.062381983,0.0102751255,-0.1547727384671038,0.09239076,0.008536053
6125,0,1,0.10985017,-0.049325466,0.1275484473315113,0.017698273,0.00031322887
6126,0,1,-0.15653229,0.03557539,-8.116368694510712e-05,0.15645112,0.024476953
6127,0,1,-0.038138628,0.002944231,-0.1435933566725933,0.10545473,0.011120699
6128,0,1,0.0989964,-0.04504347,0.1121492709919596,0.013152868,0.00017299793
6129,0,1,-0.14243102,0.032101154,-0.0866134748581792,0.055817544,0.0031155983
6130,0,1,0.044056177,-0.02446866,0.0364843883755043,0.0075717904,5.733201e-05
6131,0,1,-0.07240915,0.013208151,-0.1943066647522502,0.12189752,0.014859005
6132,0,1,0.14842081,-0.06512666,0.2627188552709074,0.114298046,0.013064044
6133,0,1,-0.2780881,0.12220192,-0.2106247146624364,0.06746338,0.004551308
6134,0,1,0.16442704,-0.07195425,0.038987033552809,0.12544,0.015735194
6135,0,1,-0.0747447,0.013882637,-0.0043750271637157,0.070369676,0.0049518915
6136,0,1,-0.034095764,0.001689434,-0.0709371444881465,0.036841378,0.001357287
6137,0,1,0.02905345,-0.019165993,0.0013580923075302,0.027695358,0.00076703285
6138,0,1,-0.039493084,0.003362894,-0.0126365880125662,0.026856497,0.00072127144
6139,0,1,-0.026307344,-0.00075650215,-0.2412300963519431,0.21492276,0.04619179
6140,0,1,0.19457936,-0.08524895,0.1048831244975381,0.089696236,0.008045414
6141,0,1,-0.13575959,0.03041935,-0.0500951173048069,0.08566447,0.007338402
6142,0,1,0.009183645,-0.012350559,0.0661571259261477,0.05697348,0.0032459775
6143,0,1,-0.10001397,0.020985603,-0.0557360055428142,0.044277966,0.0019605383
6144,0,1,0.014552355,-0.014168978,-0.0958025839335348,0.11035494,0.012178212
6145,0,1,0.052873373,-0.027647495,-0.0688441212285986,0.1217175,0.014815149
6146,0,1,0.027054548,-0.018469572,-0.0896124710312471,0.11666702,0.013611193
6147,0,1,0.046931982,-0.025500536,-0.1520133233115292,0.1989453,0.03957923
6148,0,1,0.107168674,-0.04826045,0.1250098965287192,0.01784122,0.00031830912
6149,0,1,-0.15421104,0.035010576,-0.2577458675460673,0.10353482,0.010719459
6150,0,1,0.21092105,-0.09269118,0.194794888736081,0.016126156,0.0002600529
6151,0,1,-0.21750689,0.0526433,-0.0864642079992985,0.13104267,0.017172182
6152,0,1,0.043913364,-0.024417162,0.0590151121101203,0.015101749,0.00022806284
6153,0,1,-0.09338617,0.019157887,0.003670470021952,0.09705664,0.009419992
6154,0,1,-0.041667223,0.0040328503,-0.0957216885555762,0.05405447,0.0029218856
6155,0,1,0.052795887,-0.027619123,0.0486328719555784,0.0041630156,1.73307e-05
6156,0,1,-0.08373356,0.016450644,-0.1157164531274679,0.03198289,0.0010229053
6157,0,1,0.07203817,-0.03471899,0.2921631914925049,0.22012502,0.048455026
6158,0,1,-0.3040321,0.15258837,-0.1457100680027312,0.15832202,0.025065862
6159,0,1,0.10104966,-0.045847893,0.2947017602385098,0.1936521,0.037501134
6160,0,0,-0.30625892,0.15521455,0.4258146201659061,0.73207355,0.53593165
6161,0,0,-0.4278071,0.29220963,0.507670397869814,0.9354775,0.87511814
6162,1,0,0.51580644,0.37902308,0.5256590619774486,0.009852648,9.707467e-05
6163,1,0,0.5337031,0.39822578,0.6190263211066358,0.085323215,0.007280051
6164,1,0,0.626683,0.49857998,0.6392086733126612,0.012525678,0.0001568926
6165,1,0,0.64679694,0.52041745,0.6089870095821195,0.03780991,0.0014295891
6166,1,0,0.61667895,0.487736,0.4529432876897212,0.16373566,0.026809366
6167,1,0,0.46139956,0.32087636,0.5451865082783196,0.083786964,0.0070202556
6168,1,0,0.5531378,0.41912127,0.5794409710994466,0.026303172,0.00069185684
6169,1,0,0.5872452,0.45589495,0.5481530249591882,0.039092183,0.0015281988
6170,1,0,0.5560913,0.42229986,0.6501594543026394,0.09406817,0.008848821
6171,1,0,0.6577139,0.5322859,0.6756608998631428,0.017947018,0.00032209547
6172,1,0,0.6831384,0.5599818,0.7135918868357032,0.030453503,0.00092741585
6173,1,0,0.72096705,0.60131454,0.650943074280772,0.070023954,0.004903354
6174,1,0,0.6584945,0.5331366,0.7319372518050145,0.07344276,0.0053938385
6175,1,0,0.7392657,0.62136316,0.681611178141798,0.0576545,0.0033240414
6176,1,0,0.68907213,0.5664549,0.7012348877794552,0.012162745,0.00014793237
6177,1,0,0.708642,0.58783126,0.6223295754282501,0.08631241,0.0074498327
6178,1,0,0.6299741,0.50215054,0.5932794805015367,0.036694646,0.001346497
6179,1,0,0.60102916,0.47079515,0.67061654653889,0.06958741,0.0048424075
6180,1,0,0.6781087,0.5544977,0.7442586539545242,0.06614995,0.004375816
6181,1,0,0.7515571,0.6348493,0.695493312482077,0.05606377,0.0031431464
6182,1,0,0.70291615,0.5815735,0.5153766901787136,0.18753946,0.035171047
6183,1,0,0.52347255,0.3872435,0.4364893967432381,0.086983144,0.0075660674
6184,1,0,0.445055,0.30347705,0.6577249673299104,0.21266997,0.045228515
6185,1,0,0.665256,0.54049516,0.5899894969226667,0.07526654,0.005665052
6186,1,0,0.5977521,0.46724963,0.5390634411626705,0.05868864,0.0034443566
6187,1,0,0.54704356,0.41256332,0.5692041417618237,0.02216059,0.00049109175
6188,1,0,0.5770507,0.44488955,0.5534829619813961,0.023567736,0.00055543816
6189,1,0,0.5613973,0.42801332,0.4877960404813901,0.073601276,0.0054171477
6190,1,0,0.49604058,0.35785842,0.652106243698277,0.15606564,0.024356484
6191,1,0,0.65965414,0.5343983,0.5366666758427612,0.12298745,0.015125913
6192,1,0,0.5446577,0.40999818,0.5958632939544737,0.051205575,0.002622011
6193,1,0,0.6036036,0.47357917,0.5543728506876322,0.049230754,0.002423667
6194,1,0,0.5622828,0.4289682,0.6750250259283503,0.112742245,0.012710813
6195,1,0,0.6825044,0.55929065,0.6493704386060091,0.033133984,0.0010978609
6196,1,0,0.6569264,0.5314305,0.5335667401209379,0.12335968,0.015217611
6197,1,0,0.5415726,0.40668154,0.6004369194657273,0.058864355,0.0034650124
6198,1,0,0.60816,0.47851086,0.7139096069909199,0.10574961,0.01118298
6199,1,0,0.7212837,0.6016619,0.7501169163045693,0.02883327,0.00083135744
6200,1,0,0.75740194,0.6412673,0.6483570215309666,0.10904491,0.011890792
6201,1,0,0.6559169,0.5303316,0.599063702356363,0.056853235,0.0032322903
6202,1,0,0.606792,0.47702956,0.600734551117176,0.0060574412,3.6692596e-05
6203,1,0,0.6084566,0.47883153,0.55020710680478,0.058249533,0.0033930081
6204,1,0,0.55813575,0.42450047,0.6703218177507946,0.112186074,0.012585715
6205,1,0,0.6778152,0.55417657,0.7051597962022904,0.027344584,0.0007477263
6206,1,0,0.7125566,0.59211326,0.4714091823756923,0.24114743,0.058152083
6207,1,0,0.47974992,0.34044886,0.3073789501424362,0.17237097,0.029711751
6208,1,0,0.31399322,0.16834426,0.3570655647461969,0.043072343,0.0018552267
6209,1,0,0.36509895,0.22004986,0.3300509736435209,0.03504798,0.0012283608
6210,1,0,0.33730984,0.19188976,0.371783488889764,0.034473658,0.001188433
6211,1,0,0.38024116,0.23543859,0.235319094858498,0.14492206,0.021002404
6212,1,0,0.23992896,0.09405184,0.2726269598288002,0.032698005,0.0010691596
6213,1,0,0.27826476,0.13241124,0.2768574702585518,0.0014072955,1.9804804e-06
6214,1,0,0.28261352,0.1367755,0.1880555703936304,0.09455794,0.008941204
6215,1,0,0.19139862,0.049368143,0.1004910349103043,0.09090759,0.00826419
6216,1,0,0.10162091,0.02938962,0.0305304251894242,0.07109049,0.005053858
6217,1,0,0.030047894,0.011588335,0.128201011204426,0.098153114,0.009634034
6218,1,0,0.13001013,0.035719395,0.1125266391969956,0.017483488,0.00030567235
6219,1,0,0.113948345,0.03218794,0.0864352089039659,0.027513139,0.0007569728
6220,1,0,0.08722901,0.026025057,0.0628582829497106,0.02437073,0.00059393246
6221,1,0,0.06310153,0.02014494,-0.0029667476885375,0.06606828,0.004365017
6222,1,0,-0.0041627884,0.0021018982,0.0833836660419153,0.08754645,0.0076643815
6223,1,0,0.08410478,0.025280952,0.1407773896898159,0.056672618,0.0032117856
6224,1,0,0.14290142,0.038462162,0.2002381211911825,0.057336703,0.0032874974
6225,1,0,0.20390344,0.058189154,0.1789037516267249,0.024999678,0.0006249839
6226,1,0,0.18200636,0.04700017,0.0369682599151679,0.1450381,0.02103605
6227,1,0,0.036627293,0.013338327,-0.1293465934191413,0.16597389,0.027547332
6228,1,0,-0.1328299,-0.03970456,-0.1901517933567333,0.05732189,0.0032857992
6229,1,0,-0.1944735,-0.063417196,-0.1461138581021637,0.048359647,0.0023386555
6230,1,0,-0.14984679,-0.046002388,-0.2371659010275819,0.087319106,0.007624626
6231,1,0,-0.24200344,-0.08344674,-0.2016627272227622,0.040340707,0.0016273726
6232,1,0,-0.20612192,-0.068182945,-0.231407788783168,0.02528587,0.00063937524
6233,1,0,-0.23618865,-0.08091259,-0.1651855376743216,0.07100311,0.0050414414
6234,1,0,-0.16918612,-0.053386927,-0.1456899970961163,0.023496121,0.0005520677
6235,1,0,-0.14941692,-0.045840025,-0.145358526317672,0.004058391,1.6470536e-05
6236,1,0,-0.14908099,-0.0457139,-0.1124173979615026,0.03666359,0.001344219
6237,1,0,-0.11563516,-0.033530474,-0.0424623876672787,0.07317277,0.0053542545
6238,1,0,-0.044445038,-0.009919643,0.0025766862177913,0.047021724,0.0022110424
6239,1,0,0.0014960766,0.0037162304,-0.0691479206231613,0.070644,0.0049905744
6240,1,0,-0.07162714,-0.0185709,0.0204814981355543,0.09210864,0.008484001
6241,1,0,0.019781113,0.008809328,-0.0016088140348311,0.021389926,0.00045752892
6242,1,0,-0.0027766228,0.0024991035,0.2120493927978342,0.21482602,0.04615022
6243,1,0,0.21603012,0.070240974,0.1591935846540209,0.05683653,0.0032303913
6244,1,0,0.16178584,0.04233575,0.1275664237501748,0.034219414,0.0011709683
6245,1,0,0.129359,0.035579205,0.0444054914405582,0.08495352,0.0072171
6246,1,0,0.04423046,0.015331507,-0.0300000888507336,0.07423055,0.0055101747
6247,1,0,-0.03174138,-0.00602746,-0.034925474727077,0.003184095,1.0138461e-05
6248,1,0,-0.036762953,-0.0075542927,0.0222621970707099,0.05902515,0.0034839683
6249,1,0,0.02159977,0.009306431,-0.0548663280833792,0.0764661,0.0058470643
6250,1,0,-0.05708337,-0.013886929,-0.0786992894164839,0.021615922,0.00046724812
6251,1,0,-0.08134866,-0.021772861,-0.1579852023145771,0.07663654,0.005873159
6252,1,0,-0.16188693,-0.050570726,-0.2653361591004368,0.103449225,0.010701742
6253,1,0,-0.27048254,-0.09617615,-0.4805393495651819,0.21005681,0.044123866
6254,1,0,-0.4904766,-0.2566352,-0.4555382453412622,0.034938365,0.0012206894
6255,1,0,-0.46506357,-0.22985458,-0.460743355126326,0.0043202043,1.8664165e-05
6256,1,0,-0.47035766,-0.23542356,-0.3429574387423448,0.12740022,0.016230816
6257,1,0,-0.3501382,-0.13415551,-0.2617686276269735,0.08836955,0.007809177
6258,1,0,-0.2668264,-0.09453297,-0.3283947055392251,0.06156832,0.003790658
6259,1,0,-0.33521867,-0.12669969,-0.4292595727150141,0.0940409,0.008843691
6260,1,0,-0.4383073,-0.20179176,-0.4781358609561459,0.03982857,0.0015863149
6261,1,0,-0.48803568,-0.25405645,-0.4630893221974883,0.024946362,0.000622321
6262,1,0,-0.4727435,-0.23793411,-0.3816447782363403,0.091098726,0.008298978
6263,1,0,-0.38971663,-0.15471268,-0.3236277808554879,0.066088855,0.0043677366
6264,1,0,-0.33033204,-0.12429333,-0.2553828960721551,0.074949145,0.0056173746
6265,1,0,-0.26038694,-0.09161544,-0.4315862573100371,0.17119932,0.029309208
6266,1,0,-0.44067788,-0.20427251,-0.4426529353938395,0.0019750595,3.90086e-06
6267,1,0,-0.4519496,-0.21608281,-0.3586811592652652,0.093268424,0.008698999
6268,1,0,-0.36623454,-0.14237857,-0.2822576815573443,0.083976865,0.007052114
6269,1,0,-0.28787446,-0.1040895,-0.2177953943244088,0.07007907,0.0049110767
6270,1,0,-0.22243524,-0.07501149,-0.2345779638462257,0.012142733,0.00014744596
6271,1,0,-0.23939037,-0.082304955,-0.2697529921426125,0.030362606,0.00092188787
6272,1,0,-0.27502394,-0.09822202,-0.2003340734235084,0.074689865,0.005578576
6273,1,0,-0.20477772,-0.06762767,-0.2026302718402344,0.002147451,4.611546e-06
6274,1,0,-0.20710039,-0.0685873,-0.2441819996709715,0.037081614,0.0013750461
6275,1,0,-0.24908566,-0.08656502,-0.2839445629729948,0.034858912,0.0012151437
6276,1,0,-0.28960705,-0.10488939,-0.0706114191454325,0.21899563,0.047959086
6277,1,0,-0.07311678,-0.01905775,-0.1857213296766748,0.11260454,0.012679784
6278,1,0,-0.18998814,-0.061607122,-0.0851577112147325,0.10483042,0.010989417
6279,1,0,-0.08791947,-0.02396965,-0.1672369095038539,0.079317436,0.006291256
6280,1,0,-0.17126441,-0.054194927,-0.1397979278407901,0.031466484,0.0009901397
6281,1,0,-0.14343882,-0.043608427,-0.4819705221281078,0.3385317,0.11460371
6282,1,0,-0.49193048,-0.25817132,-0.4234232859635503,0.068507195,0.0046932357
6283,1,0,-0.43235874,-0.19557142,-0.5062100605714464,0.07385135,0.0054540215
6284,1,0,-0.5165274,-0.28421545,-0.5270076550764551,0.010480225,0.00010983512
6285,1,0,-0.5375991,-0.3066206,-0.5912803358307639,0.053681254,0.0028816771
6286,1,0,-0.6025202,-0.37617636,-0.5131530061931584,0.08936721,0.007986498
6287,1,0,-0.5235653,-0.2916901,-0.6815939192746656,0.1580286,0.024973039
6288,1,0,-0.6932037,-0.4746611,-0.7233018283375281,0.03009814,0.00090589805
6289,1,0,-0.7348542,-0.5204079,-0.6791710587771642,0.055683136,0.0031006117
6290,1,0,-0.69077945,-0.47200894,-0.7876128361743793,0.09683341,0.009376708
6291,1,0,-0.7984755,-0.5912359,-0.9013126205168164,0.102837145,0.010575479
6292,1,0,-0.9101908,-0.71719193,-1.05031883706596,0.14012802,0.019635862
6293,1,0,-1.0556693,-0.88331056,-0.9015284214363404,0.15414089,0.023759414
6294,1,0,-0.91040206,-0.71743155,-0.977029509632524,0.06662744,0.004439216
6295,1,0,-0.9842596,-0.801486,-1.0177017898137035,0.03344214,0.0011183767
6296,1,0,-1.0239253,-0.8468714,-1.0657385033153075,0.041813254,0.0017483482
6297,1,0,-1.070655,-0.9005487,-0.9655825523006456,0.10507244,0.011040217
6298,1,0,-0.9730804,-0.78872514,-0.9850303910855244,0.011950016,0.00014280288
6299,1,0,-0.9920695,-0.8104086,-0.94204667895948,0.05002278,0.0025022787
6300,1,0,-0.9500735,-0.76250553,-1.2140143316253296,0.2639408,0.069664754
6301,1,0,-1.2140034,-1.0665458,-1.1540366445468435,0.059966803,0.0035960174
6302,1,0,-1.1561898,-0.99936414,-1.1040997810197668,0.05209005,0.0027133732
6303,1,0,-1.107875,-0.9434602,-1.215637221145121,0.10776222,0.011612696
6304,1,0,-1.2155641,-1.0683641,-1.334511270663438,0.11894715,0.014148424
6305,1,0,-1.331782,-1.2014941,-1.3674519340117917,0.035669923,0.0012723434
6306,1,0,-1.3651527,-1.2383505,-1.4583252825251207,0.09317255,0.008681124
6307,1,0,-1.4569203,-1.3398706,-1.3697802953826224,0.087139964,0.0075933733
6308,1,0,-1.36751,-1.2409549,-1.3112825307172593,0.056227446,0.0031615256
6309,1,0,-1.3082188,-1.175492,-1.3759019413127735,0.0676831,0.004581002
6310,1,0,-1.3737051,-1.2478008,-1.3958936577148973,0.022188544,0.0004923315
6311,1,0,-1.3939228,-1.2701521,-1.5205333692833185,0.12661052,0.016030224
6312,1,0,-1.5194644,-1.409189,-1.5350894502889918,0.01562512,0.00024414435
6313,1,0,-1.534064,-1.425383,-1.6810055466951903,0.14694154,0.021591816
6314,1,0,-1.6795913,-1.5870404,-1.7618399394768636,0.08224869,0.006764847
6315,1,0,-1.7595001,-1.675955,-1.7736446635624838,0.01414454,0.00020006801
6316,1,0,-1.7711235,-1.6888951,-1.8839053912901864,0.11278188,0.012719753
6317,1,0,-1.8790824,-1.809153,-1.8403443216411184,0.03873813,0.0015006429
6318,1,0,-1.8365649,-1.7617791,-1.798592895111526,0.037971973,0.0014418708
6319,1,0,-1.795648,-1.7162033,-1.7128336427599395,0.082814336,0.0068582143
6320,1,0,-1.7111193,-1.6221108,-1.7820524692920272,0.07093322,0.005031522
6321,1,0,-1.7793949,-1.6981043,-1.6988454504940058,0.08054936,0.0064881993
6322,1,0,-1.6972727,-1.6067073,-1.6856581096013303,0.011614561,0.00013489803
6323,1,0,-1.6842049,-1.5921719,-1.7858409733628453,0.10163605,0.010329887
6324,1,0,-1.7831196,-1.7022523,-1.9030693563757004,0.11994982,0.014387959
6325,1,0,-1.8977294,-1.8236948,-1.91292590568752,0.015196562,0.00023093549
6326,1,0,-1.907306,-1.8301135,-1.896443043194134,0.0108629465,0.000118003605
6327,1,0,-1.8912858,-1.8193821,-1.7495764828230076,0.14170933,0.020081533
6328,1,0,-1.7474124,-1.6624993,-1.768138730332158,0.020726323,0.00042958048
6329,1,0,-1.7657042,-1.682861,-1.924429835384499,0.15872574,0.02519386
6330,1,0,-1.9184711,-1.8376055,-1.8494976617985404,0.06897342,0.004757333
6331,1,0,-1.8455144,-1.7717489,-1.7815352972147511,0.06397915,0.0040933313
6332,1,0,-1.7788866,-1.6975383,-1.941900102972246,0.16301358,0.026573427
6333,1,0,-1.9354016,-1.8489867,-1.93506568013775,0.00033593178,1.1285016e-07
6334,1,0,-1.9287815,-1.8445344,-2.0418155353753,0.11303401,0.012776688
6335,1,0,-2.0316203,-1.9141259,-2.083109676632552,0.051489353,0.0026511536
6336,1,0,-2.0710719,-1.9410603,-2.1379606601783694,0.06688881,0.0044741128
6337,1,0,-2.123179,-1.9768372,-1.9919190635453663,0.13125992,0.017229166
6338,1,0,-1.9837013,-1.881588,-1.9443604274328483,0.039340973,0.0015477121
6339,1,0,-1.9377834,-1.850589,-1.843439043081819,0.09434426,0.008900839
6340,1,0,-1.8395919,-1.7651509,-1.9432217292898728,0.10362983,0.010739141
6341,1,0,-1.9366809,-1.8498479,-1.9198853268784424,0.016795635,0.00028209336
6342,1,0,-1.9140623,-1.834646,-1.9521230695235283,0.038060784,0.0014486233
6343,1,0,-1.9452941,-1.8556485,-1.9284946868268376,0.01679945,0.00028222153
6344,1,0,-1.9224129,-1.8402541,-2.0913192616742045,0.16890645,0.028529389
6345,1,0,-2.0788927,-1.9464141,-2.175627326952913,0.096734524,0.009357568
6346,1,0,-2.1587594,-2.0014024,-2.198996937928328,0.040237665,0.0016190697
6347,1,0,-2.1807504,-2.0166378,-2.154004714357085,0.026745558,0.0007153249
6348,1,0,-2.1383548,-1.9873013,-2.23569980713332,0.097345114,0.009476071
6349,1,0,-2.2151532,-2.040561,-2.292047806234721,0.07689452,0.0059127673
6350,1,0,-2.267648,-2.0772638,-2.345316861961107,0.077668905,0.006032459
6351,1,0,-2.316903,-2.1119242,-2.3333276433526917,0.016424417,0.00026976148
6352,1,0,-2.305849,-2.1041265,-2.282461346205864,0.02338767,0.00054698315
6353,1,0,-2.2587447,-2.071022,-2.275981576854048,0.017236948,0.0002971124
6354,1,0,-2.2527204,-2.066802,-2.2157970271638137,0.03692341,0.0013633381
6355,1,0,-2.1965182,-2.0275912,-2.3352842350852683,0.13876605,0.019256016
6356,1,0,-2.3076544,-2.1053998,-2.3353729034988637,0.027718544,0.00076831767
6357,1,0,-2.3077362,-2.1054568,-2.2701667104910497,0.037569523,0.0014114691
6358,1,0,-2.2473102,-2.063015,-2.186052173345357,0.061258078,0.003752552
6359,1,0,-2.168577,-2.0082,-2.306926308238636,0.1383493,0.019140527
6360,1,0,-2.2814415,-2.0869484,-2.3487359907878345,0.0672946,0.004528563
6361,1,0,-2.3200521,-2.1141472,-2.4288146420600443,0.1087625,0.011829282
6362,1,0,-2.393363,-2.1356769,-2.4875193872399577,0.0941565,0.008865447
6363,1,0,-2.4465573,-2.0089612,-2.4240819834828926,0.022475243,0.00050513656
6364,1,0,-2.389054,-2.1393485,-2.371071348916533,0.017982721,0.00032337828
6365,1,0,-2.3405855,-2.1286674,-2.3904079402771625,0.04982257,0.0024822883
6366,1,0,-2.3583086,-2.1412296,-2.213855599473366,0.14445305,0.020866683
6367,1,0,-2.1946974,-2.026326,-2.097024398057907,0.09767294,0.009540003
6368,1,0,-2.084323,-1.950137,-2.181560228960762,0.09723735,0.009455102
6369,1,0,-2.1643481,-2.0052707,-2.037334534919108,0.12701368,0.016132476
6370,1,0,-2.0273273,-1.9112033,-2.007210653466162,0.020116568,0.0004046763
6371,1,0,-1.9984146,-1.8915588,-1.8868143409701752,0.11160028,0.012454622
6372,1,0,-1.8819153,-1.8123105,-1.8236318085935448,0.058283567,0.0033969742
6373,1,0,-1.8202055,-1.7435547,-1.9667582154897116,0.1465528,0.021477723
6374,1,0,-1.9594374,-1.8651863,-2.0098122010457287,0.050374746,0.0025376151
6375,1,0,-2.0009155,-1.8932536,-2.081000510964591,0.08008504,0.0064136134
6376,1,0,-2.0690618,-1.9396836,-2.1325416316806263,0.0634799,0.0040296977
6377,1,0,-2.1180468,-1.9733024,-2.0078230632981797,0.11022377,0.01214928
6378,1,0,-1.9990038,-1.8919564,-1.945277043554127,0.053726673,0.0028865554
6379,1,0,-1.9386702,-1.8511872,-1.9716633340277232,0.032993197,0.0010885511
6380,1,0,-1.9641727,-1.8683832,-2.031619078829489,0.06744635,0.00454901
6381,1,0,-2.0218496,-1.9074755,-1.933653252364908,0.0881964,0.0077786045
6382,1,0,-1.9274135,-1.8436145,-1.8563196791765408,0.0710938,0.005054328
6383,1,0,-1.8521786,-1.7791742,-1.8643408251708085,0.012162209,0.00014791932
6384,1,0,-1.860009,-1.7878989,-1.842431333132504,0.017577648,0.00030897371
6385,1,0,-1.8386065,-1.7640535,-1.71374992695137,0.12485659,0.015589168
6386,1,0,-1.7120259,-1.6231197,-1.656519061544869,0.055506825,0.0030810076
6387,1,0,-1.6552802,-1.5600083,-1.5818818313408285,0.07339835,0.005387318
6388,1,0,-1.5808983,-1.4773649,-1.5956595011977426,0.0147612095,0.0002178933
6389,1,0,-1.5946596,-1.4926467,-1.5311372630421056,0.06352234,0.0040350873
6390,1,0,-1.5301011,-1.420988,-1.7618576735067202,0.23175657,0.053711105
6391,1,0,-1.7595177,-1.6759746,-1.761772899324433,0.0022552013,5.085933e-06
6392,1,0,-1.7594346,-1.6758814,-1.9226656664256851,0.16323113,0.026644403
6393,1,0,-1.9167597,-1.8364567,-1.9495547244756368,0.032794952,0.0010755089
6394,1,0,-1.9428096,-1.8539741,-2.015004900627291,0.07219529,0.0052121603
6395,1,0,-2.0059052,-1.8966401,-2.127534275355943,0.12162924,0.014793672
6396,1,0,-2.1133006,-1.9700366,-2.0723077341901157,0.040992737,0.0016804044
6397,1,0,-2.06077,-1.9340143,-2.0648884615121887,0.0041184425,1.6961569e-05
6398,1,0,-2.053687,-1.9291754,-2.0541399345619475,0.00045275688,2.049888e-07
6399,1,0,-2.043414,-1.9221631,-2.1770754126964937,0.13366127,0.017865336
6400,1,0,-2.1601238,-2.002347,-1.9884102801333157,0.17171359,0.029485557
6401,1,0,-1.9803218,-1.8792994,-2.0700375766305754,0.08971584,0.008048932
6402,1,0,-2.0586033,-1.9325318,-1.9694758158968717,0.08912742,0.007943697
6403,1,0,-1.962061,-1.8669571,-1.8734395216656128,0.0886215,0.00785377
6404,1,0,-1.868884,-1.7977883,-1.839847877113721,0.029036045,0.0008430919
6405,1,0,-1.8360795,-1.761238,-1.8642552118448423,0.028175712,0.0007938707
6406,1,0,-1.859926,-1.7878063,-1.7468673895498,0.11305857,0.012782239
6407,1,0,-1.7447402,-1.6595254,-1.5285056916331774,0.21623456,0.04675739
6408,1,0,-1.5274616,-1.4180602,-1.4382477838543504,0.08921385,0.007959111
6409,1,0,-1.4366852,-1.3174644,-1.5599032558612165,0.12321806,0.01518269
6410,1,0,-1.5589185,-1.4529643,-1.631870999592779,0.07295251,0.0053220685
6411,1,0,-1.6307623,-1.5327559,-1.5456259551032248,0.08513641,0.007248209
6412,1,0,-1.5446227,-1.4370987,-1.7923007934859665,0.24767816,0.06134447
6413,1,0,-1.7894685,-1.709321,-1.9180267129347928,0.12855816,0.0165272
6414,1,0,-1.9122583,-1.833435,-1.9503333763598387,0.03807509,0.0014497124
6415,1,0,-1.9435623,-1.8544825,-2.0330748659543243,0.08951259,0.008012503
6416,1,0,-2.0232449,-1.908424,-1.9950396261719103,0.028205276,0.00079553755
6417,1,0,-1.9867058,-1.883623,-2.058408512776804,0.07170272,0.0051412797
6418,1,0,-2.0474954,-1.924947,-1.946717199684382,0.10077822,0.01015625
6419,1,0,-1.9400644,-1.8521256,-1.9312274269532248,0.008836985,7.80923e-05
6420,1,0,-1.925062,-1.842034,-1.863813213835954,0.06124878,0.003751413
6421,1,0,-1.8594941,-1.787325,-1.9908906733388745,0.13139653,0.017265048
6422,1,0,-1.9827107,-1.8809173,-1.7958119400386603,0.18689883,0.03493117
6423,1,0,-1.7929173,-1.7131623,-1.7994786677307422,0.0065613985,4.305195e-05
6424,1,0,-1.7965183,-1.7171726,-1.9161396753426967,0.119621396,0.014309279
6425,1,0,-1.9104263,-1.8322059,-1.797352537157846,0.11307371,0.012785663
6426,1,0,-1.7944303,-1.7148476,-1.6956402446733438,0.09879005,0.009759474
6427,1,0,-1.6940979,-1.6031752,-1.7873459232852302,0.09324801,0.008695192
6428,1,0,-1.7845991,-1.7038999,-1.7622348535292127,0.022364259,0.0005001601
6429,1,0,-1.7598892,-1.6763879,-1.914599243418597,0.15471005,0.0239352
6430,1,0,-1.908931,-1.8312024,-1.7441635744612027,0.16476738,0.027148291
6431,1,0,-1.7420728,-1.6565559,-1.819461077174996,0.07738829,0.005988947
6432,1,0,-1.8161191,-1.7390031,-1.8373705639661857,0.02125144,0.0004516237
6433,1,0,-1.8336565,-1.7585382,-1.8680943241208592,0.034437776,0.0011859604
6434,1,0,-1.8636712,-1.7919792,-1.8460105204578483,0.017660618,0.00031189743
6435,1,0,-1.8421056,-1.7679516,-1.8503667887293247,0.008261204,6.8247486e-05
6436,1,0,-1.8463635,-1.7726952,-1.9364429705890784,0.09007943,0.008114303
6437,1,0,-1.9301163,-1.8454317,-1.9362544616811324,0.0061382055,3.7677568e-05
6438,1,0,-1.9299334,-1.845309,-1.975750907034882,0.045817494,0.0020992428
6439,1,0,-1.9681169,-1.8710473,-1.935956614483688,0.032160282,0.0010342838
6440,1,0,-1.9296453,-1.8451155,-1.9322143960341704,0.0025690794,6.600169e-06
6441,1,0,-1.9260191,-1.8426766,-2.0068093936412565,0.0807904,0.0065270886
6442,1,0,-1.998029,-1.8912953,-1.924768008099063,0.07326102,0.0053671775
6443,1,0,-1.9187993,-1.8378273,-1.9751387134725245,0.056339383,0.0031741261
6444,1,0,-1.9675266,-1.8706481,-1.906426660834328,0.061099887,0.003733196
6445,1,0,-1.9009928,-1.8258826,-1.9120980965278327,0.011105299,0.00012332767
6446,1,0,-1.9065021,-1.8295752,-1.929852057549992,0.023349881,0.00054521696
6447,1,0,-1.9237288,-1.8411384,-1.953921671534442,0.030192852,0.00091160834
6448,1,0,-1.9470335,-1.856821,-2.028351798502042,0.08131826,0.0066126594
6449,1,0,-2.0187166,-1.9053433,-2.0237393325048534,0.005022764,2.522816e-05
6450,1,0,-2.014291,-1.9023359,-1.994278815016982,0.02001226,0.00040049053
6451,1,0,-1.985973,-1.8831259,-1.9371962198540456,0.048776746,0.0023791709
6452,1,0,-1.930846,-1.8459227,-1.8715940449766737,0.059251904,0.003510788
6453,1,0,-1.8670845,-1.7957828,-1.988524312353751,0.121439815,0.014747629
6454,1,0,-1.9804312,-1.8793745,-1.7639501854673294,0.21648097,0.04686401
6455,1,0,-1.7615793,-1.6782688,-1.7519053538379403,0.009673953,9.358537e-05
6456,1,0,-1.7497091,-1.6650559,-1.7376070618806094,0.012102008,0.0001464586
6457,1,0,-1.7356019,-1.6493543,-1.663996473940181,0.071605444,0.0051273396
6458,1,0,-1.6627089,-1.5682676,-1.7211715822757323,0.05846274,0.003417892
6459,1,0,-1.7193655,-1.6312852,-1.8010881902843132,0.08172274,0.0066786055
6460,1,0,-1.7980984,-1.7189324,-1.7863082411046929,0.011790156,0.00013900778
6461,1,0,-1.7835792,-1.702764,-1.91839853916576,0.13481927,0.018176235
6462,1,0,-1.9126194,-1.8336784,-1.8021095771594584,0.11050975,0.012212406
6463,1,0,-1.7991009,-1.7200488,-1.7832636221004088,0.015837312,0.00025082045
6464,1,0,-1.7805859,-1.6994308,-1.7302163668827162,0.0503695,0.0025370866
6465,1,0,-1.7283038,-1.6412319,-1.850872385129413,0.12256861,0.015023064
6466,1,0,-1.8468577,-1.7732456,-1.9593079089068373,0.11245024,0.0126450565
6467,1,0,-1.9522398,-1.8603302,-1.95471479986992,0.0024750233,6.12574e-06
6468,1,0,-1.9478,-1.857337,-1.8040790430582727,0.14372098,0.020655721
6469,1,0,-1.8010337,-1.7222012,-1.7510072962191343,0.050026417,0.0025026423
6470,1,0,-1.7488234,-1.6640697,-1.780893538085785,0.03207016,0.0010284951
6471,1,0,-1.7782551,-1.6968354,-1.7639596889686957,0.014295459,0.00020436014
6472,1,0,-1.7615883,-1.6782796,-1.7312801602494985,0.030308127,0.0009185826
6473,1,0,-1.7293544,-1.6424009,-1.780889934815127,0.051535606,0.0026559187
6474,1,0,-1.7782521,-1.6968313,-1.7317538329272657,0.0464983,0.0021620917
6475,1,0,-1.7298219,-1.6429214,-1.800273984815231,0.070452094,0.0049634976
6476,1,0,-1.7972987,-1.7180413,-1.9012984240858128,0.103999734,0.0108159445
6477,1,0,-1.8960075,-1.8225424,-1.8617785914295828,0.03422892,0.001171619
6478,1,0,-1.8575081,-1.7851129,-2.046986352514605,0.18947828,0.03590202
6479,1,0,-2.03657,-1.9174981,-2.020002979389827,0.016566992,0.00027446522
6480,1,0,-2.0107045,-1.8999007,-2.063790448224756,0.053086042,0.0028181279
6481,1,0,-2.052638,-1.9284577,-1.9375960723363892,0.11504197,0.013234655
6482,1,0,-1.9312334,-1.8461822,-1.9068680856654503,0.024365306,0.00059366814
6483,1,0,-1.9014213,-1.826169,-1.93982040287216,0.0383991,0.0014744909
6484,1,0,-1.9333878,-1.8476318,-1.8526602970796964,0.08072746,0.0065169223
6485,1,0,-1.848604,-1.7751919,-1.6965766432139266,0.15202737,0.023112321
6486,1,0,-1.6950259,-1.6042073,-1.7882409853572534,0.09321511,0.008689056
6487,1,0,-1.7854791,-1.7048787,-1.784439569232792,0.001039505,1.0805707e-06
6488,1,0,-1.7817423,-1.7007185,-1.945758601349129,0.16401625,0.026901329
6489,1,0,-1.9391366,-1.8515,-1.9775864051923804,0.038449764,0.0014783844
6490,1,0,-1.9698876,-1.8722436,-1.8559204250344423,0.11396718,0.012988518
6491,1,0,-1.8517889,-1.7787398,-1.8406578961653264,0.011130929,0.00012389758
6492,1,0,-1.836872,-1.7621204,-1.8176605388718376,0.019211411,0.00036907833
6493,1,0,-1.8143547,-1.7370372,-1.91832565840669,0.103971004,0.01080997
6494,1,0,-1.9125487,-1.8336308,-1.7322092299803555,0.18033946,0.03252232
6495,1,0,-1.730272,-1.6434225,-1.8144713751786403,0.08419931,0.0070895236
6496,1,0,-1.8112285,-1.7335556,-1.7248889801885752,0.08633959,0.007454525
6497,1,0,-1.7230396,-1.6353745,-1.6666911793615522,0.056348443,0.003175147
6498,1,0,-1.6653852,-1.5712429,-1.6212459301566535,0.044139266,0.0019482748
6499,1,0,-1.6201793,-1.5209961,-1.7404872910770623,0.12030804,0.014474025
6500,1,0,-1.738445,-1.652518,-1.7302683718990275,0.008176684,6.685817e-05
6501,1,0,-1.7283548,-1.6412891,-1.7483860834107563,0.020031214,0.00040124953
6502,1,0,-1.7462386,-1.6611925,-1.882524998875098,0.13628638,0.018573977
6503,1,0,-1.8777379,-1.8076546,-1.863065413371924,0.014672518,0.00021528278
6504,1,0,-1.8587646,-1.7865124,-1.8063802765024648,0.052384377,0.0027441229
6505,1,0,-1.8032919,-1.7247165,-1.8261126293738408,0.022820711,0.0005207849
6506,1,0,-1.8226359,-1.7462618,-1.7545469821768758,0.06808889,0.004636097
6507,1,0,-1.7523133,-1.667955,-1.7040984582978118,0.048214793,0.0023246664
6508,1,0,-1.7024746,-1.6124936,-1.5509747691290667,0.15149987,0.02295221
6509,1,0,-1.54998,-1.4430431,-1.7199631238454869,0.16998303,0.02889423
6510,1,0,-1.7181699,-1.6299562,-1.717535921503888,0.000633955,4.0189894e-07
6511,1,0,-1.7157702,-1.6272866,-1.7151601260772602,0.00061011314,3.7223805e-07
6512,1,0,-1.7134205,-1.6246719,-1.6947225005924962,0.018697977,0.00034961433
6513,1,0,-1.6931889,-1.6021641,-1.6121304847493738,0.08105838,0.0065704617
6514,1,0,-1.6110929,-1.5109007,-1.4108774379103337,0.20021546,0.04008623
6515,1,0,-1.4090623,-1.2868965,-1.497188995620803,0.08812678,0.007766329
6516,1,0,-1.4960223,-1.3831968,-1.4463804596545602,0.049641848,0.002464313
6517,1,0,-1.4448844,-1.3265426,-1.5240518118934911,0.079167366,0.0062674717
6518,1,0,-1.5229944,-1.4131049,-1.493801836264975,0.029192567,0.00085220597
6519,1,0,-1.4926178,-1.379423,-1.4455148980186892,0.04710293,0.0022186858
6520,1,0,-1.4440124,-1.3255768,-1.5228668003758787,0.07885444,0.006218023
6521,1,0,-1.5218061,-1.411786,-1.7398417447843653,0.21803558,0.047539514
6522,1,0,-1.7378078,-1.6518095,-1.76184455259669,0.024036765,0.0005777661
6523,1,0,-1.7595052,-1.6759602,-1.8700797545454488,0.1105746,0.012226743
6524,1,0,-1.865608,-1.7941375,-1.8816799246664415,0.016071916,0.00025830648
6525,1,0,-1.8769145,-1.8067374,-1.854831683225333,0.022082806,0.0004876503
6526,1,0,-1.8507255,-1.777555,-1.846173086588477,0.0045524836,2.0725107e-05
6527,1,0,-1.8422648,-1.7681286,-1.846524396319237,0.0042595863,1.8144076e-05
6528,1,0,-1.8426083,-1.768511,-1.884229217894401,0.04162085,0.0017322951
6529,1,0,-1.8793977,-1.8095044,-1.825548508335196,0.05384922,0.0028997385
6530,1,0,-1.8220832,-1.7456467,-1.8275855956663367,0.005502343,3.027578e-05
6531,1,0,-1.8240783,-1.7478687,-1.8325447850479792,0.008466482,7.168132e-05
6532,1,0,-1.8289337,-1.7532777,-1.8731187843697936,0.044185042,0.001952318
6533,1,0,-1.8685715,-1.7974397,-1.9204751524224064,0.051903605,0.0026939842
6534,1,0,-1.9146346,-1.8350295,-1.881818863817508,0.032815695,0.0010768698
6535,1,0,-1.8770494,-1.8068881,-1.8246680242270648,0.052381396,0.0027438106
6536,1,0,-1.8212205,-1.744686,-1.830242671573927,0.009022117,8.139859e-05
6537,1,0,-1.8266802,-1.7507671,-1.7369502867461526,0.089729905,0.008051456
6538,1,0,-1.7349533,-1.6486324,-1.7130011724747718,0.021952152,0.00048189698
6539,1,0,-1.7112849,-1.6222953,-1.6533301364125057,0.05795479,0.0033587576
6540,1,0,-1.652111,-1.5564852,-1.4969073990071011,0.1552037,0.024088189
6541,1,0,-1.4957391,-1.3828833,-1.423566414747016,0.07217264,0.0052088904
6542,1,0,-1.4218733,-1.3010714,-1.2901518147038729,0.1317215,0.017350553
6543,1,0,-1.2870302,-1.1518313,-1.3020959173739466,0.01506567,0.00022697441
6544,1,0,-1.2988927,-1.1652057,-1.1794342507065632,0.11945844,0.014270318
6545,1,0,-1.1807008,-1.0278094,-1.0955726601686993,0.08512807,0.007246788
6546,1,0,-1.0996093,-0.93391824,-1.2894027786243198,0.18979347,0.03602156
6547,1,0,-1.2863139,-1.1509922,-1.3943407556428535,0.10802686,0.0116698025
6548,1,0,-1.3923535,-1.2684157,-1.3264312179824738,0.06592226,0.0043457444
6549,1,0,-1.3235883,-1.1924515,-1.2331365853730147,0.09045172,0.008181513
6550,1,0,-1.2323834,-1.0879673,-1.3713221104334306,0.13893878,0.019303985
6551,1,0,-1.36907,-1.2426792,-1.31932988706028,0.049740195,0.002474087
6552,1,0,-1.3163849,-1.1845015,-1.15503759800701,0.16134727,0.026032941
6553,1,0,-1.1571565,-1.0004857,-1.1693274508408733,0.01217103,0.00014813397
6554,1,0,-1.1709523,-1.016489,-1.1557543146532785,0.015197992,0.00023097897
6555,1,0,-1.1578487,-1.0012877,-1.1732860342582818,0.015437365,0.00023831222
6556,1,0,-1.1747712,-1.0209224,-1.0558480823621008,0.11892307,0.014142696
6557,1,0,-1.0610445,-0.88949084,-0.8909414684761625,0.17010301,0.028935036
6558,1,0,-0.9000237,-0.7056689,-0.8626548455862615,0.037368834,0.0013964297
6559,1,0,-0.8722694,-0.6742737,-0.9547554198660656,0.08248603,0.0068039456
6560,1,0,-0.96249986,-0.77665997,-1.0652949900404416,0.102795124,0.010566837
6561,1,0,-1.0702235,-0.90005255,-0.9459512763456162,0.12427217,0.015443572
6562,1,0,-0.953892,-0.76685333,-0.8671279022053704,0.0867641,0.0075280084
6563,1,0,-0.8766608,-0.679235,-0.8623632243787309,0.014297605,0.00020442149
6564,1,0,-0.8719833,-0.6739502,-0.8674654034438984,0.004517913,2.0411537e-05
6565,1,0,-0.876992,-0.6796088,-0.7889411195312994,0.08805084,0.007752951
6566,1,0,-0.79978347,-0.59270215,-0.7628590403557172,0.03692442,0.001363413
6567,1,0,-0.77408576,-0.5639348,-0.6173004951557783,0.15678525,0.024581615
6568,1,0,-0.6287136,-0.40446568,-0.4380000740238423,0.19071352,0.03637165
6569,1,0,-0.4472115,-0.21111608,-0.5410685376624458,0.09385705,0.008809146
6570,1,0,-0.55182743,-0.32179618,-0.7048220864108523,0.15299463,0.023407357
6571,1,0,-0.716418,-0.5001197,-0.5417342688436313,0.17468375,0.030514412
6572,1,0,-0.55250144,-0.32251573,-0.5739612142179529,0.021459758,0.00046052123
6573,1,0,-0.5850563,-0.35738754,-0.6089479997161105,0.023891687,0.0005708127
6574,1,0,-0.620311,-0.39537716,-0.5341815256857689,0.08612949,0.0074182884
6575,1,0,-0.54486036,-0.31436038,-0.7324388068793288,0.18757844,0.035185672
6576,1,0,-0.7439587,-0.5304506,-0.5369685606938508,0.20699012,0.04284491
6577,1,0,-0.5476804,-0.31736898,-0.624613186424857,0.07693279,0.0059186537
6578,1,0,-0.6360657,-0.4124291,-0.6814551858409335,0.045389473,0.0020602043
6579,1,0,-0.69306445,-0.47450995,-0.8343751194171425,0.14131069,0.01996871
6580,1,0,-0.84448767,-0.64293575,-0.7062459272824069,0.13824177,0.019110786
6581,1,0,-0.7178397,-0.50168157,-0.6307574083511525,0.08708233,0.007583332
6582,1,0,-0.6422396,-0.4191239,-0.6875972908966297,0.045357704,0.0020573214
6583,1,0,-0.6992078,-0.4812367,-0.7689044836822063,0.069696724,0.0048576333
6584,1,0,-0.7800443,-0.57059693,-0.7714664993240561,0.008577824,7.357906e-05
6585,1,0,-0.78256917,-0.5734222,-0.783128681997066,0.0005595088,3.130501e-07
6586,1,0,-0.7940593,-0.58628654,-0.7530197078609415,0.041039586,0.0016842476
6587,1,0,-0.764385,-0.5530963,-0.7243217599522778,0.040063202,0.0016050602
6588,1,0,-0.73587084,-0.521528,-0.6888411919981436,0.047029674,0.0022117903
6589,1,0,-0.7004521,-0.48259974,-0.7008092631055742,0.00035715103,1.2755686e-07
6590,1,0,-0.7124109,-0.49571776,-0.7731461486708255,0.060735226,0.0036887676
6591,1,0,-0.78422403,-0.5752747,-0.9181771827152804,0.13395315,0.017943447
6592,1,0,-0.92671275,-0.7359421,-0.9823460394854076,0.055633307,0.0030950648
6593,1,0,-0.98944974,-0.807415,-0.989854487689191,0.00040477514,1.6384291e-07
6594,1,0,-0.99677706,-0.8157902,-1.1416174334406033,0.14484036,0.02097873
6595,1,0,-1.1441888,-0.98545814,-1.1675135244218553,0.023324728,0.0005440429
6596,1,0,-1.1692014,-1.0144577,-1.176107175926485,0.006905794,4.768999e-05
6597,1,0,-1.177492,-1.0240822,-1.1433620654935668,0.034129977,0.0011648553
6598,1,0,-1.1458755,-0.9874108,-1.0110450600483452,0.13483036,0.018179225
6599,1,0,-1.0174394,-0.8394389,-1.1358991236104896,0.1184597,0.014032701
6600,1,0,-1.13866,-0.9790549,-1.09709807557418,0.041561842,0.0017273867
6601,1,0,-1.1010883,-0.93562555,-1.1653994973788906,0.064311266,0.004135939
6602,1,0,-1.1671615,-1.0120897,-1.153756950484821,0.013404489,0.00017968031
6603,1,0,-1.1559199,-0.99905086,-0.9269028844017924,0.22901702,0.052448794
6604,1,0,-0.9352553,-0.74564934,-1.1001723315016494,0.16491699,0.027197614
6605,1,0,-1.1040685,-0.9390657,-1.100894020448831,0.0031745434,1.0077726e-05
6606,1,0,-1.1047682,-0.9398725,-1.2144948603233994,0.10972667,0.012039942
6607,1,0,-1.2144661,-1.0670843,-1.2511059399806412,0.03663981,0.0013424756
6608,1,0,-1.2496316,-1.1080972,-1.0946165036140096,0.15501511,0.024029685
6609,1,0,-1.0986825,-0.93284917,-0.9723807496970474,0.12630177,0.015952136
6610,1,0,-0.9797206,-0.7963028,-1.1858101570837134,0.20608962,0.04247293
6611,1,0,-1.1868476,-1.0349514,-1.15706922975283,0.029778361,0.0008867508
6612,1,0,-1.1591188,-1.0027602,-1.1268206834715149,0.032298088,0.0010431665
6613,1,0,-1.1298776,-0.96889114,-1.2052807069188138,0.075403094,0.0056856265
6614,1,0,-1.2056001,-1.0567613,-1.241949691937543,0.036349535,0.0013212886
6615,1,0,-1.2408459,-1.0978409,-1.115778874442435,0.125067,0.015641753
6616,1,0,-1.1191885,-0.9565313,-1.0129190812737725,0.10626948,0.011293202
6617,1,0,-1.0192654,-0.8415313,-1.1387051866167943,0.11943972,0.014265847
6618,1,0,-1.1413734,-0.98219657,-1.3225420056647903,0.18116856,0.032822046
6619,1,0,-1.3196436,-1.188097,-1.2411788105374917,0.078464866,0.006156735
6620,1,0,-1.2401063,-1.0969768,-1.432624418007503,0.19251812,0.037063226
6621,1,0,-1.4310129,-1.3111867,-1.5152237173844574,0.08421087,0.007091471
6622,1,0,-1.5141356,-1.4032797,-1.3405566189175846,0.17357898,0.030129662
6623,1,0,-1.3379103,-1.20826,-1.2420500163021764,0.09586024,0.009189187
6624,1,0,-1.2409425,-1.0979526,-1.2116645318125046,0.02927792,0.00085719663
6625,1,0,-1.211743,-1.0639135,-1.3006945585314005,0.08895159,0.007912385
6626,1,0,-1.2974701,-1.1636369,-1.3044632039723114,0.0069930553,4.8902824e-05
6627,1,0,-1.3012966,-1.1678568,-1.060509475303975,0.24078715,0.05797845
6628,1,0,-1.0655743,-0.8947027,-1.0680416565809578,0.0024673939,6.0880325e-06
6629,1,0,-1.0728917,-0.9031241,-0.9957281247617612,0.07716358,0.0059542176
6630,1,0,-1.0025063,-0.8223436,-0.8907814895585764,0.111724794,0.01248243
6631,1,0,-0.89986706,-0.7054913,-0.8651058439498227,0.03476119,0.0012083404
6632,1,0,-0.8746753,-0.6769917,-0.9089906277732958,0.034315348,0.0011775431
6633,1,0,-0.91771436,-0.7257266,-0.7544256926586179,0.16328865,0.026663184
6634,1,0,-0.7657707,-0.55464387,-0.7704100156657425,0.0046393275,2.152336e-05
6635,1,0,-0.781528,-0.5722575,-0.7647931658674123,0.016734838,0.0002800548
6636,1,0,-0.7759919,-0.56606627,-0.8986181288139714,0.122626185,0.015037182
6637,1,0,-0.90754986,-0.71419764,-0.8576785030227243,0.049871325,0.002487149
6638,1,0,-0.8673835,-0.66875505,-1.080586890495992,0.21320343,0.0454557
6639,1,0,-1.085072,-0.9171536,-1.1889325752640132,0.1038605,0.010787003
6640,1,0,-1.1898559,-1.0384486,-1.154117138343974,0.035738826,0.0012772636
6641,1,0,-1.1562676,-0.9994545,-1.2341988940654762,0.077931285,0.0060732854
6642,1,0,-1.2334044,-1.089158,-1.2005041685096145,0.032900214,0.0010824241
6643,1,0,-1.2010018,-1.0514114,-1.0589897167424138,0.142012,0.020167409
6644,1,0,-1.0640981,-0.89300346,-0.9880279562714374,0.07607019,0.0057866736
6645,1,0,-0.9949944,-0.81375265,-1.0739867897637856,0.07899237,0.006239794
6646,1,0,-1.0786655,-0.90977216,-0.912915492552246,0.16575003,0.027473072
6647,1,0,-0.9215591,-0.73009014,-0.9354150877077712,0.013855994,0.00019198857
6648,1,0,-0.94358516,-0.7551224,-1.0373555297094217,0.093770385,0.008792885
6649,1,0,-1.0430601,-0.8688245,-1.0285303575463032,0.014529705,0.00021111233
6650,1,0,-1.0344706,-0.85896516,-1.1186561380904354,0.0841856,0.0070872153
6651,1,0,-1.121975,-0.95975184,-1.2730766678580656,0.15110171,0.022831727
6652,1,0,-1.2706897,-1.1327071,-1.2202885750797952,0.05040109,0.00254027
6653,1,0,-1.2200371,-1.0735744,-1.2550824807474712,0.035045385,0.0012281791
6654,1,0,-1.2534457,-1.1125515,-1.191400676074812,0.062045097,0.0038495942
6655,1,0,-1.1922343,-1.0412142,-1.2728698418683642,0.08063555,0.0065020914
6656,1,0,-1.2704912,-1.1324753,-1.206239686826002,0.06425154,0.0041282605
6657,1,0,-1.206523,-1.0578363,-1.202131541037098,0.004391432,1.9284673e-05
6658,1,0,-1.2025687,-1.0532343,-1.2836484403977222,0.08107984,0.0065739406
6659,1,0,-1.2808092,-1.1445478,-1.2034932640291247,0.07731593,0.0059777526
6660,1,0,-1.2038798,-1.054759,-1.223855211878223,0.019975424,0.00039901756
6661,1,0,-1.2234656,-1.07757,-1.2481413522225686,0.024675846,0.00060889736
6662,1,0,-1.2467881,-1.1047771,-1.245519978979596,0.0012681484,1.6082004e-06
6663,1,0,-1.2442731,-1.1018403,-1.3167266475581798,0.07245362,0.005249527
6664,1,0,-1.3137432,-1.1815867,-1.2080226515918924,0.10572064,0.011176853
6665,1,0,-1.2082391,-1.059834,-1.229802362131155,0.021563292,0.00046497554
6666,1,0,-1.2291808,-1.0842322,-1.356044133749878,0.12686336,0.016094312
6667,1,0,-1.3536024,-1.2255894,-1.364319923047168,0.010717511,0.00011486505
6668,1,0,-1.3619823,-1.2348472,-1.2882399975509284,0.07374239,0.00543794
6669,1,0,-1.2852014,-1.1496903,-1.2498591218809536,0.035342336,0.0012490806
6670,1,0,-1.2484361,-1.1067009,-1.190823705201944,0.05761242,0.0033191908
6671,1,0,-1.1916788,-1.0405672,-1.2568181476492335,0.06513941,0.004243143
6672,1,0,-1.2551103,-1.1144967,-1.244040858329547,0.011069417,0.00012253199
6673,1,0,-1.2428535,-1.1001836,-1.236219577201279,0.006633997,4.4009917e-05
6674,1,0,-1.2353446,-1.0914216,-1.3860795909214407,0.1507349,0.022721011
6675,1,0,-1.3840003,-1.2591815,-1.457710450990984,0.0737102,0.005433194
6676,1,0,-1.4563012,-1.3391851,-1.554465384674728,0.0981642,0.00963621
6677,1,0,-1.5534757,-1.4469221,-1.57923423688939,0.025758505,0.00066350057
6678,1,0,-1.5782526,-1.4744272,-1.5932208411616289,0.014968276,0.00022404929
6679,1,0,-1.5922251,-1.4899427,-1.4675497923686776,0.124675274,0.015543924
6680,1,0,-1.4662101,-1.3501601,-1.472543430353656,0.006333351,4.0111336e-05
6681,1,0,-1.4712365,-1.3557289,-1.4409624133058307,0.030274034,0.0009165171
6682,1,0,-1.4394221,-1.3204952,-1.5526414479401025,0.11321926,0.012818601
6683,1,0,-1.5516497,-1.4448955,-1.3954617769583162,0.15618789,0.024394657
6684,1,0,-1.3934863,-1.2696692,-1.41273402751081,0.01924777,0.00037047666
6685,1,0,-1.4109368,-1.2889707,-1.661195997277929,0.25025916,0.06262965
6686,1,0,-1.6599275,-1.5651748,-1.5540744223870704,0.10585308,0.011204875
6687,1,0,-1.5530841,-1.4464884,-1.4906293720584605,0.06245482,0.0039006046
6688,1,0,-1.4894291,-1.3758888,-1.5876957980327293,0.09826672,0.009656348
6689,1,0,-1.5867074,-1.4838145,-1.6470639062278805,0.060356498,0.003642907
6690,1,0,-1.6458807,-1.5495589,-1.619113202705997,0.026767492,0.00071649865
6691,1,0,-1.618054,-1.5186344,-1.6734723300665335,0.055418253,0.0030711829
6692,1,0,-1.6721169,-1.5787283,-1.671755639975716,0.00036120415,1.3046844e-07
6693,1,0,-1.6704133,-1.5768341,-1.768874054654024,0.09846079,0.009694528
6694,1,0,-1.7664281,-1.6836673,-1.6832027134739875,0.08322537,0.006926462
6695,1,0,-1.68177,-1.5894634,-1.6878942945989632,0.0061243773,3.7507998e-05
6696,1,0,-1.6864219,-1.5946372,-1.708971386521019,0.02254951,0.0005084804
6697,1,0,-1.7072978,-1.617859,-1.6246513037787031,0.08264649,0.006830442
6698,1,0,-1.6235723,-1.5247657,-1.6111808801120864,0.012391448,0.00015354798
6699,1,0,-1.6101462,-1.5098487,-1.5576102358581638,0.05253589,0.0027600199
6700,1,0,-1.5566239,-1.4504163,-1.5420448043232002,0.014579177,0.0002125524
6701,1,0,-1.5410348,-1.4331174,-1.3776905112148,0.16334426,0.026681349
6702,1,0,-1.375514,-1.2498009,-1.314207734526082,0.06130624,0.003758455
6703,1,0,-1.3111871,-1.1787663,-1.2201308517373357,0.09105635,0.0082912585
6704,1,0,-1.2198852,-1.0733979,-1.3705067408280545,0.15062153,0.022686847
6705,1,0,-1.368245,-1.2417678,-1.433761120803578,0.065516114,0.0042923614
6706,1,0,-1.4321594,-1.3124558,-1.2193512259163526,0.21280825,0.045287352
6707,1,0,-1.2191355,-1.0725242,-1.256465749675403,0.03733027,0.001393549
6708,1,0,-1.2547723,-1.1141013,-1.3756621074683393,0.12088978,0.01461434
6709,1,0,-1.3734621,-1.2475328,-1.3038752002453249,0.06958687,0.004842333
6710,1,0,-1.3006996,-1.1671985,-1.3570858052121375,0.056386232,0.0031794072
6711,1,0,-1.354657,-1.2267543,-1.3539128293684646,0.0007442236,5.5386874e-07
6712,1,0,-1.3514436,-1.2232056,-1.393734929186662,0.042291284,0.0017885526
6713,1,0,-1.3917403,-1.2677389,-1.4170593167437884,0.02531898,0.00064105075
6714,1,0,-1.4153043,-1.2938032,-1.3190724462928023,0.09623182,0.009260563
6715,1,0,-1.3161235,-1.1842133,-1.3720140102438363,0.05589056,0.0031237546
6716,1,0,-1.3697703,-1.2434531,-1.5063585023934238,0.13658822,0.018656341
6717,1,0,-1.5052346,-1.3934097,-1.4175189903388952,0.087715626,0.007694031
6718,1,0,-1.4157687,-1.2943165,-1.5767908568702391,0.16102207,0.025928106
6719,1,0,-1.5758102,-1.4717152,-1.726216535354983,0.15040636,0.022622073
6720,1,0,-1.7243515,-1.6368335,-1.6951064194418242,0.029245138,0.0008552781
6721,1,0,-1.6935695,-1.6025876,-1.559707094842096,0.1338625,0.017919168
6722,1,0,-1.5587224,-1.4527454,-1.6475908340590957,0.0888685,0.00789761
6723,1,0,-1.6464046,-1.550141,-1.79378736048266,0.14738274,0.02172167
6724,1,0,-1.7909288,-1.7109476,-1.6809181699288374,0.110010624,0.012102338
6725,1,0,-1.6795049,-1.5869439,-1.7825841683140216,0.10307932,0.010625346
6726,1,0,-1.7799177,-1.6986866,-1.802959227317328,0.023041487,0.0005309101
6727,1,0,-1.799935,-1.7209773,-1.969282549688795,0.16934752,0.028678585
6728,1,0,-1.961875,-1.8668319,-1.9624702735671344,0.0005953312,3.5441923e-07
6729,1,0,-1.9552958,-1.8623914,-1.932166021738918,0.02312982,0.0005349886
6730,1,0,-1.925972,-1.8426456,-1.9891550816490744,0.06318307,0.0039921002
6731,1,0,-1.9810389,-1.8797863,-1.9386281850154108,0.04241073,0.0017986702
6732,1,0,-1.9322332,-1.8468555,-2.0164719804402367,0.08423865,0.00709615
6733,1,0,-2.0073147,-1.8975974,-2.054059063925047,0.046744347,0.0021850339
6734,1,0,-2.0433369,-1.9221109,-1.929503104521028,0.113833785,0.012958131
6735,1,0,-1.9233909,-1.8409097,-1.8364315232886843,0.08695936,0.0075619305
6736,1,0,-1.8327374,-1.7575146,-1.6061255901424274,0.22661185,0.051352933
6737,1,0,-1.6051044,-1.5042483,-1.5195979732182312,0.08550644,0.007311351
6738,1,0,-1.5185257,-1.4081486,-1.547605263176947,0.029079556,0.0008456206
6739,1,0,-1.5466053,-1.4392982,-1.4265795182361511,0.12002587,0.01440621
6740,1,0,-1.424914,-1.3044366,-1.310016622040737,0.11489737,0.013201405
6741,1,0,-1.3069339,-1.1740745,-1.268881548680668,0.03805232,0.0014479791
6742,1,0,-1.2666714,-1.1280086,-1.2141809950638331,0.052490473,0.0027552499
6743,1,0,-1.2141639,-1.0667325,-1.5426153637333309,0.3284515,0.1078804
6744,1,0,-1.5416068,-1.4337516,-1.453482333929217,0.088124394,0.0077659087
6745,1,0,-1.4520417,-1.3344681,-1.4439494280005405,0.008092284,6.548507e-05
6746,1,0,-1.4424338,-1.3238295,-1.486000572697287,0.043566704,0.0018980576
6747,1,0,-1.484775,-1.3707306,-1.6054291683716375,0.120654225,0.014557442
6748,1,0,-1.6044095,-1.5034757,-1.669670306729358,0.06526089,0.0042589833
6749,1,0,-1.6683433,-1.5745322,-1.7934526978605951,0.12510943,0.01565237
6750,1,0,-1.7905997,-1.7105817,-1.792181772395112,0.0015820265,2.5028078e-06
6751,1,0,-1.7893512,-1.7091912,-1.7554517116051218,0.033899546,0.0011491792
6752,1,0,-1.7532051,-1.6689475,-1.6612040184983403,0.09200108,0.008464199
6753,1,0,-1.659935,-1.565183,-1.7551294646184057,0.09519446,0.009061985
6754,1,0,-1.7528874,-1.6685932,-1.864902771131722,0.11201537,0.012547443
6755,1,0,-1.8605576,-1.7885098,-1.9053374490623156,0.044779897,0.0020052393
6756,1,0,-1.8999338,-1.8251714,-1.7616351966216353,0.13829863,0.019126512
6757,1,0,-1.7592989,-1.6757302,-1.7766476349668447,0.017348766,0.0003009797
6758,1,0,-1.774078,-1.6921854,-1.764328935769043,0.009749055,9.504407e-05
6759,1,0,-1.7619518,-1.6786841,-1.772939317707359,0.01098752,0.0001207256
6760,1,0,-1.7704296,-1.6881224,-1.7947055399258922,0.024275899,0.0005893193
6761,1,0,-1.7918307,-1.711952,-1.972738168715589,0.18090749,0.03272752
6762,1,0,-1.9652102,-1.8690845,-1.905393561490459,0.0598166,0.0035780256
6763,1,0,-1.8999888,-1.8252094,-1.8882913912611856,0.011697412,0.00013682943
6764,1,0,-1.8833536,-1.8139125,-1.6752471277262115,0.20810652,0.04330832
6765,1,0,-1.6738781,-1.5806873,-1.773881347710086,0.10000324,0.010000649
6766,1,0,-1.7713565,-1.6891541,-1.6843833829163155,0.08697307,0.007564315
6767,1,0,-1.6829411,-1.5907662,-1.5004530814690376,0.18248796,0.033301856
6768,1,0,-1.4993021,-1.3868331,-1.4383648979080677,0.060937285,0.0037133528
6769,1,0,-1.4368031,-1.3175955,-1.3155083416168194,0.12129474,0.014712413
6770,1,0,-1.3125074,-1.1802227,-1.22239920088037,0.090108156,0.00811948
6771,1,0,-1.2220662,-1.0759399,-1.1551451977637883,0.066920996,0.0044784197
6772,1,0,-1.1572607,-1.0006058,-1.1741061870006246,0.016845584,0.0002837737
6773,1,0,-1.1755624,-1.0218415,-1.0449924903607903,0.13056993,0.017048508
6774,1,0,-1.0504892,-0.8773575,-0.8824590729427633,0.16803014,0.02823413
6775,1,0,-0.89170456,-0.69624925,-1.0542121937728064,0.16250765,0.026408738
6776,1,0,-1.0594542,-0.88766265,-1.069599939397494,0.010145783,0.00010293692
6777,1,0,-1.0744048,-0.9048662,-1.0829027967727467,0.008497953,7.221521e-05
6778,1,0,-1.0873195,-0.91974425,-1.139065222010438,0.051745772,0.002677625
6779,1,0,-1.1417214,-0.9826002,-1.1979305901163757,0.056209207,0.0031594748
6780,1,0,-1.1985241,-1.048528,-1.114509838113467,0.0840143,0.007058402
6781,1,0,-1.1179599,-0.95511055,-1.0512780067913612,0.06668186,0.0044464706
6782,1,0,-1.0566018,-0.88438296,-1.0972899710736872,0.040688157,0.0016555261
6783,1,0,-1.1012746,-0.9358406,-1.1045679378344708,0.0032932758,1.0845666e-05
6784,1,0,-1.1083286,-0.94398403,-1.0814411649631763,0.026887417,0.0007229332
6785,1,0,-1.0859003,-0.9181092,-1.0653976117179609,0.020502687,0.00042036016
6786,1,0,-1.070324,-0.90016747,-0.9803524807972566,0.08997148,0.008094868
6787,1,0,-0.9875033,-0.80519104,-0.9557669093102796,0.031736374,0.0010071974
6788,1,0,-0.96348906,-0.77778673,-1.1284403235353977,0.16495132,0.02720894
6789,1,0,-1.1314447,-0.9707048,-1.2254433447259188,0.09399867,0.00883575
6790,1,0,-1.2249919,-1.0793495,-1.2848302743203428,0.059838414,0.0035806359
6791,1,0,-1.2819401,-1.1458714,-1.237139210534757,0.044800878,0.0020071187
6792,1,0,-1.2362278,-1.0924512,-1.421280117467115,0.1850524,0.03424439
6793,1,0,-1.4195658,-1.2985177,-1.4692983188001212,0.049732566,0.002473328
6794,1,0,-1.46797,-1.3521104,-1.311851867360883,0.15611815,0.024372878
6795,1,0,-1.3087968,-1.1761293,-1.4995878733099528,0.19079113,0.036401257
6796,1,0,-1.4984326,-1.3858691,-1.5542179738355997,0.0557853,0.0031119995
6797,1,0,-1.5532279,-1.446647,-1.5444746931702302,0.0087531805,7.661817e-05
6798,1,0,-1.5434693,-1.4358186,-1.488861868610884,0.05460739,0.0029819673
6799,1,0,-1.4876516,-1.3739196,-1.397804308702395,0.08984733,0.008072542
6800,1,0,-1.3958535,-1.2722872,-1.2318316582421764,0.16402185,0.026903167
6801,1,0,-1.2311302,-1.0865053,-1.2491389656748972,0.018008709,0.0003243136
6802,1,0,-1.2477453,-1.1058944,-1.3060395029851013,0.058294177,0.003398211
6803,1,0,-1.3028972,-1.1696217,-1.2039986819630724,0.09889853,0.009780919
6804,1,0,-1.2043664,-1.0553257,-1.2551958003133687,0.05082941,0.002583629
6805,1,0,-1.2535549,-1.1126791,-1.2028169530093742,0.050737977,0.0025743423
6806,1,0,-1.2032284,-1.0540016,-1.1115991860328014,0.09162915,0.008395901
6807,1,0,-1.1151406,-0.95185304,-1.1344286902164271,0.019288182,0.00037203397
6808,1,0,-1.137238,-0.97740865,-0.9904056035304962,0.1468324,0.021559756
6809,1,0,-0.99731445,-0.8164048,-0.992371780879139,0.0049426556,2.4429844e-05
6810,1,0,-0.99923253,-0.81859875,-1.1579537318562454,0.15872121,0.025192423
6811,1,0,-1.1599733,-1.0037513,-1.1133489735075437,0.046624303,0.0021738256
6812,1,0,-1.116836,-0.95381165,-1.07540584898097,0.041430116,0.0017164545
6813,1,0,-1.0800426,-0.91135883,-1.0472463350934604,0.032796264,0.0010755949
6814,1,0,-1.0526814,-0.8798766,-0.853107855748739,0.19957358,0.03982961
6815,1,0,-0.86289454,-0.6636884,-0.7320485403143526,0.13084602,0.017120682
6816,1,0,-0.7435703,-0.5300212,-0.9065777687637048,0.16300744,0.026571425
6817,1,0,-0.91534996,-0.7230437,-0.9547638107820586,0.03941387,0.0015534532
6818,1,0,-0.9625082,-0.776669,-0.8649862248799982,0.09752196,0.009510533
6819,1,0,-0.8745587,-0.67685866,-0.7337697906434237,0.14078891,0.019821517
6820,1,0,-0.7452841,-0.5319135,-0.8030299768758264,0.057745874,0.003334586
6821,1,0,-0.8136554,-0.60826397,-0.8418217780918371,0.028166413,0.00079334684
6822,1,0,-0.85180616,-0.65118265,-0.8428607064144362,0.008945465,8.0021346e-05
6823,1,0,-0.8528271,-0.6523328,-0.8622951573654567,0.009468079,8.964451e-05
6824,1,0,-0.8719163,-0.6738739,-0.7287939243062724,0.14312238,0.020484013
6825,1,0,-0.7403276,-0.52644277,-0.7845693169381929,0.044241726,0.0019573304
6826,1,0,-0.7954781,-0.5878768,-0.8434246975467006,0.047946572,0.0022988738
6827,1,0,-0.85338163,-0.6529579,-0.754744512542477,0.098637104,0.009729278
6828,1,0,-0.76608515,-0.5549953,-0.7497512550586038,0.016333878,0.00026679557
6829,1,0,-0.76116085,-0.54949737,-0.7024530512325611,0.058707774,0.0034466027
6830,1,0,-0.71405244,-0.49752092,-0.8366724660030571,0.122620046,0.015035676
6831,1,0,-0.8467457,-0.6454787,-0.7440775558068249,0.102668166,0.010540753
6832,1,0,-0.75554514,-0.5432522,-0.6006452743424813,0.15489984,0.02399396
6833,1,0,-0.6119535,-0.38635015,-0.6405114101926999,0.028557897,0.0008155535
6834,1,0,-0.65203404,-0.4297607,-0.7114153965622099,0.059381366,0.0035261465
6835,1,0,-0.7229996,-0.50735474,-0.8060867070030708,0.08308715,0.0069034738
6836,1,0,-0.8166635,-0.6116419,-0.8116524916591614,0.005011022,2.5110343e-05
6837,1,0,-0.8221402,-0.6177943,-0.7360777434527868,0.08606249,0.0074067526
6838,1,0,-0.7475829,-0.5344517,-0.6668915931445025,0.08069134,0.006511092
6839,1,0,-0.6784866,-0.45857406,-0.5205820912430563,0.1579045,0.024933834
6840,1,0,-0.53109217,-0.2996931,-0.6258770099508495,0.094784856,0.008984169
6841,1,0,-0.63733625,-0.41380596,-0.6499992132969967,0.012662947,0.00016035023
6842,1,0,-0.6615546,-0.4401152,-0.6182001563408108,0.043354392,0.0018796033
6843,1,0,-0.6296184,-0.40544486,-0.5508847677596198,0.07873362,0.006198983
6844,1,0,-0.56175256,-0.33240557,-0.5127303625212378,0.049022198,0.002403176
6845,1,0,-0.52313685,-0.29123473,-0.4513744326128708,0.07176241,0.005149844
6846,1,0,-0.4608271,-0.2254014,-0.546080383617332,0.0852533,0.0072681247
6847,1,0,-0.55689526,-0.3272109,-0.5771006747134968,0.020205438,0.00040825974
6848,1,0,-0.58822393,-0.36079168,-0.5043995376467145,0.083824396,0.0070265294
6849,1,0,-0.5146916,-0.28226852,-0.3414328346009734,0.17325875,0.030018594
6850,1,0,-0.34857702,-0.13336754,-0.2607642879589082,0.08781272,0.0077110743
6851,1,0,-0.2658143,-0.09407234,-0.1873102313612742,0.07850407,0.0061628893
6852,1,0,-0.19159722,-0.062255383,-0.1724457271826951,0.019151494,0.0003667797
6853,1,0,-0.17654276,-0.056261778,-0.1098003782088388,0.06674238,0.0044545457
6854,1,0,-0.1129756,-0.032592297,-0.1528541533950203,0.039878562,0.0015902998
6855,1,0,-0.15668344,-0.04858446,0.0294565481143029,0.18614,0.034648098
6856,1,0,0.028951168,0.011293888,-0.0706662680822658,0.09961744,0.009923634
6857,1,0,-0.07317233,-0.01907587,-0.2268314398519919,0.1536591,0.02361112
6858,1,0,-0.23156571,-0.078914404,-0.384460911680184,0.15289521,0.023376945
6859,1,0,-0.39259458,-0.15625143,-0.3004455010405484,0.09214908,0.008491453
6860,1,0,-0.30655122,-0.11282182,-0.2346183510803943,0.07193287,0.0051743374
6861,1,0,-0.23943114,-0.08232212,-0.1588405207657439,0.08059062,0.006494848
6862,1,0,-0.16275406,-0.05090332,-0.1806877687796388,0.017933711,0.00032161802
6863,1,0,-0.1848917,-0.05956626,-0.1532393609784552,0.031652346,0.0010018711
6864,1,0,-0.15707397,-0.048732758,-0.0781647779602425,0.078909196,0.006226661
6865,1,0,-0.08080411,-0.02159214,-0.1448462336323412,0.06404212,0.0041013933
6866,1,0,-0.148561,-0.045518875,-0.2073855133011326,0.05882451,0.003460323
6867,1,0,-0.21191025,-0.070584774,-0.1719181645399206,0.03999208,0.0015993664
6868,1,0,-0.1760087,-0.056050777,-0.1954360403874915,0.019427344,0.0003774217
6869,1,0,-0.19982171,-0.06559372,-0.1554503612493136,0.04437135,0.0019688169
6870,1,0,-0.1593163,-0.04958701,-0.1424344016211955,0.016881898,0.00028499847
6871,1,0,-0.14611411,-0.0446043,-0.0262957150102849,0.1198184,0.014356448
6872,1,0,-0.0279634,-0.0048873425,-0.1856843075055851,0.15772091,0.024875885
6873,1,0,-0.18995094,-0.061591864,-0.2537676236885189,0.06381667,0.004072567
6874,1,0,-0.2587576,-0.090881824,-0.3272358390266632,0.06847826,0.0046892716
6875,1,0,-0.33403063,-0.12611389,-0.4412177242529722,0.10718709,0.011489073
6876,1,0,-0.4504881,-0.2145505,-0.4572494883564846,0.006761402,4.5716555e-05
6877,1,0,-0.46680427,-0.23168421,-0.5248294686142709,0.05802518,0.0033669216
6878,1,0,-0.5353935,-0.30427146,-0.5095102343122382,0.025883257,0.000669943
6879,1,0,-0.51987314,-0.2877679,-0.3570491020784891,0.16282403,0.026511665
6880,1,0,-0.36456466,-0.14151645,-0.3377946551528143,0.026769996,0.0007166327
6881,1,0,-0.3448503,-0.13149524,-0.3646077045599845,0.01975739,0.00039035446
6882,1,0,-0.37229824,-0.14552402,-0.3959944783014002,0.023696244,0.00056151196
6883,1,0,-0.4043753,-0.16640258,-0.4723992429984842,0.06802392,0.004627254
6884,1,0,-0.4822073,-0.24790668,-0.3969875348896372,0.08521977,0.007262409
6885,1,0,-0.4053893,-0.16745639,-0.410562653819567,0.0051733553,2.6763606e-05
6886,1,0,-0.41924357,-0.18188262,-0.3399416325455635,0.07930195,0.0062888
6887,1,0,-0.34704924,-0.1325984,-0.4497300027631694,0.10268077,0.010543341
6888,1,0,-0.4591534,-0.22364426,-0.4853180980205636,0.02616468,0.00068459054
6889,1,0,-0.4953301,-0.2617638,-0.4501398571192059,0.045190245,0.0020421583
6890,1,0,-0.4595704,-0.22408152,-0.4198396485076148,0.039730757,0.0015785331
6891,1,0,-0.42870498,-0.19175458,-0.4170934032937596,0.011611581,0.0001348288
6892,1,0,-0.425905,-0.18883109,-0.364946219707345,0.060958773,0.003715972
6893,1,0,-0.3726442,-0.14570498,-0.3158504567070719,0.05679372,0.0032255265
6894,1,0,-0.3223567,-0.12040138,-0.1487800319924987,0.17357667,0.030128859
6895,1,0,-0.15255117,-0.04701996,-0.0977581601622867,0.054793015,0.0030022745
6896,1,0,-0.10073519,-0.028331041,-0.1236067477065794,0.022871561,0.0005231083
6897,1,0,-0.12700152,-0.03759098,-0.071304056002456,0.05569747,0.0031022083
6898,1,0,-0.073821306,-0.019288778,-0.0225287002024119,0.051292606,0.0026309313
6899,1,0,-0.024121761,-0.0037374496,-0.0064367116564278,0.01768505,0.000312761
6900,1,0,-0.007704258,0.0010828972,0.1889860819692574,0.19669034,0.038687088
6901,1,0,0.19235373,0.049607277,0.1274793920513475,0.064874336,0.0042086793
6902,1,0,0.12927008,0.035559654,-0.0873784928982446,0.21664858,0.046936605
6903,1,0,-0.09017849,-0.024731398,-0.1136979543987446,0.023519464,0.00055316515
6904,1,0,-0.11693597,-0.03399062,-0.3202045692292183,0.20326859,0.04131812
6905,1,0,-0.32682276,-0.12257576,-0.4143635485568304,0.087540805,0.0076633925
6906,1,0,-0.4231212,-0.1859262,-0.2818850584392178,0.14123616,0.019947652
6907,1,0,-0.28749132,-0.10391331,0.0548400376136193,0.34233135,0.117190756
6908,1,0,0.05489993,0.018075943,0.0435706893151994,0.011329241,0.0001283517
6909,1,0,0.043376923,0.015109301,-0.0606250064985771,0.104001924,0.0108164
6910,1,0,-0.06294894,-0.015760899,0.1491214124196287,0.21207036,0.04497384
6911,1,0,0.1514566,0.04023838,-0.0183201229973297,0.16977672,0.028824136
6912,1,0,-0.019829035,-0.0024621487,0.0520063526155771,0.071835384,0.0051603224
6913,1,0,0.052001953,0.017337322,0.0804925269537921,0.028490573,0.00081171276
6914,1,0,0.081145525,0.02457118,0.0142276906086169,0.06691784,0.004477997
6915,1,0,0.013393402,0.0070512295,-0.0388022426736576,0.052195646,0.0027243854
6916,1,0,-0.040714502,-0.008766651,-0.1373574343467121,0.09664293,0.009339855
6917,1,0,-0.14096212,-0.042690754,-0.1535013934405849,0.012539268,0.00015723323
6918,1,0,-0.15733981,-0.048834085,-0.0800162575679284,0.077323556,0.005978932
6919,1,0,-0.08268857,-0.022218466,0.0613676899988582,0.14405626,0.020752206
6920,1,0,0.061576843,0.019762993,0.1361534191876972,0.07457657,0.005561665
6921,1,0,0.13816047,0.037463427,-0.1662295850823274,0.30439007,0.09265332
6922,1,0,-0.17024398,-0.05379796,-0.1795975325843839,0.009353548,8.7488865e-05
6923,1,0,-0.18378711,-0.0591259,-0.0822101404963833,0.10157697,0.010317881
6924,1,0,-0.084920645,-0.022963524,-0.054262142738743,0.030658502,0.00093994377
6925,1,0,-0.05646825,-0.013691664,-0.1107511482140166,0.054282896,0.002946633
6926,1,0,-0.11394215,-0.03293276,-0.1670556130458096,0.05311346,0.0028210396
6927,1,0,-0.17108154,-0.05412364,-0.2607919940314329,0.089710444,0.0080479635
6928,1,0,-0.26584196,-0.09408498,-0.3689459420739842,0.103103995,0.010630433
6929,1,0,-0.37673473,-0.1478436,-0.3577894530410863,0.018945277,0.0003589235
6930,1,0,-0.3653226,-0.14190769,-0.3579810936364094,0.007341504,5.3897682e-05
6931,1,0,-0.36551833,-0.1420083,-0.4804429989826189,0.11492467,0.01320768
6932,1,0,-0.49037933,-0.25653243,-0.4554189060831448,0.03496042,0.0012222308
6933,1,0,-0.46494174,-0.22972703,-0.4659679828162,0.001026243,1.0531746e-06
6934,1,0,-0.47567058,-0.24101639,-0.3016952756420301,0.17397529,0.0302674
6935,1,0,-0.30783367,-0.11343002,-0.2707733508652521,0.03706032,0.0013734674
6936,1,0,-0.2760725,-0.09869695,-0.2311484360987936,0.044924065,0.0020181716
6937,1,0,-0.23592663,-0.080798864,-0.4123092699221575,0.17638263,0.031110832
6938,1,0,-0.42102528,-0.18374014,-0.5197239775855427,0.098698676,0.009741428
6939,1,0,-0.5302229,-0.2987678,-0.3276519208893633,0.20257097,0.041035
6940,1,0,-0.33445716,-0.12632418,-0.3047220010119287,0.029735148,0.000884179
6941,1,0,-0.31094027,-0.11490798,-0.2267930553321249,0.084147215,0.007080754
6942,1,0,-0.23152709,-0.07889795,-0.1461650128262994,0.08536208,0.007286684
6943,1,0,-0.14989853,-0.04602146,-0.2181634843685151,0.06826496,0.004660105
6944,1,0,-0.22280693,-0.0751698,-0.074658827245436,0.1481481,0.02194786
6945,1,0,-0.07723689,-0.020411015,-0.0626737151183682,0.014563173,0.00021208602
6946,1,0,-0.06503487,-0.016432047,-0.1444176432374622,0.07938278,0.006301625
6947,1,0,-0.14812613,-0.045356512,-0.2758004870938211,0.12767437,0.016300745
6948,1,0,-0.28123927,-0.101046085,-0.0860840360143342,0.19515523,0.038085565
6949,1,0,-0.08886242,-0.024287462,0.0272949202666517,0.11615734,0.013492527
6950,1,0,0.026741982,0.010699749,0.0665464700476907,0.03980449,0.0015843973
6951,1,0,0.066874504,0.021084547,-0.0217120999281577,0.088586606,0.007847587
6952,1,0,-0.023288965,-0.0034890175,0.0856879680611455,0.10897693,0.011875971
6953,1,0,0.08646369,0.025843382,0.0171306448174028,0.06933305,0.0048070713
6954,1,0,0.016357422,0.007869959,-0.222172144954706,0.23852956,0.05689635
6955,1,0,-0.22685885,-0.07689452,-0.3226179092598467,0.095759064,0.009169798
6956,1,0,-0.32929683,-0.123785496,-0.3033341649751366,0.02596265,0.0006740592
6957,1,0,-0.30951595,-0.11422968,-0.4465430081617447,0.13702706,0.018776413
6958,1,0,-0.45590973,-0.22023797,-0.4262195571381002,0.029690176,0.00088150654
6959,1,0,-0.4352088,-0.19855165,-0.3389133005094953,0.096295506,0.009272824
6960,1,0,-0.34599662,-0.13206959,-0.4315557137898906,0.0855591,0.0073203593
6961,1,0,-0.4406469,-0.20424008,-0.5888290568000363,0.14818215,0.02195795
6962,1,0,-0.60004926,-0.37351537,-0.5616774951645405,0.03837174,0.0014723906
6963,1,0,-0.57265663,-0.34408236,-0.5037766763226479,0.06887996,0.004744449
6964,1,0,-0.51406,-0.2815981,-0.3942150986807871,0.11984491,0.014362804
6965,1,0,-0.4025581,-0.16451383,-0.5100146931145191,0.107456625,0.011546927
6966,1,0,-0.5203843,-0.28831053,-0.5009104006800489,0.01947391,0.00037923318
6967,1,0,-0.51115274,-0.2785163,-0.5438372008908714,0.032684445,0.001068273
6968,1,0,-0.55462766,-0.32478762,-0.485084553103607,0.06954309,0.0048362417
6969,1,0,-0.4950931,-0.26151347,-0.4813801073553159,0.013713002,0.00018804643
6970,1,0,-0.49133134,-0.2575376,-0.5117801195742082,0.020448804,0.0004181536
6971,1,0,-0.52217364,-0.29021144,-0.5138614370459282,0.008312225,6.909309e-05
6972,1,0,-0.5242834,-0.29245257,-0.4367590726052657,0.087524325,0.007660507
6973,1,0,-0.44594717,-0.20979095,-0.5953750881686664,0.14942789,0.022328695
6974,1,0,-0.6066456,-0.38062358,-0.4681059431316883,0.13853964,0.019193232
6975,1,0,-0.47784305,-0.24330688,-0.3997718794320972,0.07807118,0.0060951086
6976,1,0,-0.40823126,-0.17041326,-0.2379309585220537,0.1703003,0.029002193
6977,1,0,-0.24277616,-0.08378482,-0.243852102751628,0.0010759532,1.1576753e-06
6978,1,0,-0.24875283,-0.08641815,-0.2760069709041173,0.027254134,0.00074278784
6979,1,0,-0.2814517,-0.10114288,-0.5223867809000846,0.24093509,0.058049716
6980,1,0,-0.5329201,-0.30163836,-0.4813640144322906,0.05155611,0.0026580326
6981,1,0,-0.49131465,-0.25751996,-0.6172143532702798,0.12589973,0.015850743
6982,1,0,-0.6286266,-0.40437174,-0.5597979560986923,0.06882864,0.004737382
6983,1,0,-0.5707586,-0.3420477,-0.5200733636741264,0.050685227,0.0025689923
6984,1,0,-0.53057694,-0.2991445,-0.3644497633835613,0.16612718,0.027598238
6985,1,0,-0.37213635,-0.1454401,-0.5268914568822591,0.15475512,0.023949146
6986,1,0,-0.5374813,-0.30649495,-0.4571318277469904,0.080349475,0.006456038
6987,1,0,-0.4666841,-0.23155904,-0.4442254005718178,0.022458702,0.0005043933
6988,1,0,-0.45355034,-0.21776247,-0.3616444546001016,0.09190589,0.008446693
6989,1,0,-0.36926603,-0.14394855,-0.3600113741289816,0.009254664,8.564881e-05
6990,1,0,-0.36759567,-0.14308214,-0.4163313010669647,0.04873562,0.0023751606
6991,1,0,-0.42512774,-0.18802047,-0.4683382048222815,0.043210447,0.0018671427
6992,1,0,-0.47808003,-0.24355507,-0.4433706616415342,0.034709364,0.0012047399
6993,1,0,-0.4526801,-0.21684885,-0.3884765226387587,0.06420359,0.004122101
6994,1,0,-0.39669728,-0.1584568,-0.4618615744650829,0.0651643,0.004246386
6995,1,0,-0.4714949,-0.23662043,-0.6004388640691305,0.12894398,0.01662655
6996,1,0,-0.6117456,-0.38612652,-0.6098548833681003,0.0018907189,3.574818e-06
6997,1,0,-0.6212239,-0.39636374,-0.5395955228895812,0.08162838,0.006663193
6998,1,0,-0.5503378,-0.3202052,-0.4956034493135592,0.05473435,0.002995849
6999,1,0,-0.5057688,-0.27281046,-0.4252438424654068,0.08052492,0.006484263
7000,1,0,-0.43421435,-0.19751215,-0.5150941330421368,0.08087981,0.006541543
7001,1,0,-0.52553225,-0.29378033,-0.4727370985015064,0.052795142,0.002787327
7002,1,0,-0.48255014,-0.24826932,-0.3508777542605217,0.13167238,0.017337617
7003,1,0,-0.35824776,-0.13827467,-0.3317385621143098,0.026509196,0.0007027374
7004,1,0,-0.33864522,-0.12839818,-0.1390255990409623,0.19961962,0.039847992
7005,1,0,-0.14265442,-0.043317795,-0.2989856495448366,0.15633124,0.024439458
7006,1,0,-0.30505252,-0.11211157,-0.3901406931443048,0.08508816,0.0072399955
7007,1,0,-0.39839697,-0.16019082,-0.2813788650452213,0.1170181,0.013693237
7008,1,0,-0.28697157,-0.1036737,-0.4079482128118465,0.12097666,0.0146353515
7009,1,0,-0.41657662,-0.17910266,-0.4354571690430258,0.018880546,0.000356475
7010,1,0,-0.44462132,-0.20840144,-0.4396055976519637,0.005015731,2.5157557e-05
7011,1,0,-0.44884634,-0.21282959,-0.4508220190893843,0.0019756854,3.9033325e-06
7012,1,0,-0.46026444,-0.22481108,-0.5495024686429599,0.08923805,0.007963429
7013,1,0,-0.56035495,-0.33091116,-0.5738530799448553,0.013498127,0.00018219945
7014,1,0,-0.5849469,-0.35727048,-0.4432226318335028,0.14172423,0.020085758
7015,1,0,-0.45252967,-0.21669126,-0.2752669250544577,0.17726275,0.031422082
7016,1,0,-0.2806914,-0.10079551,-0.226925835926449,0.05376555,0.0028907345
7017,1,0,-0.23166156,-0.07895541,-0.3333029361141126,0.10164139,0.010330971
7018,1,0,-0.34024787,-0.12919569,-0.4151463290879529,0.07489845,0.005609778
7019,1,0,-0.42391896,-0.18675804,-0.5708051411232598,0.14688617,0.021575548
7020,1,0,-0.5818715,-0.3539672,-0.5500791907920939,0.031792343,0.0010107531
7021,1,0,-0.56093836,-0.33153367,-0.7840663410205466,0.22312796,0.049786087
7022,1,0,-0.79498243,-0.5873215,-0.7697367941651128,0.025245667,0.0006373437
7023,1,0,-0.78086495,-0.5715153,-0.7449779680001649,0.035887003,0.001287877
7024,1,0,-0.7564411,-0.5442431,-0.7172341703396605,0.039206922,0.0015371827
7025,1,0,-0.7288046,-0.51374316,-0.7959268811864484,0.06712228,0.0045054005
7026,1,0,-0.8066623,-0.60041666,-0.7787154100098599,0.02794689,0.00078102865
7027,1,0,-0.7897117,-0.5814171,-0.7846843938416028,0.005027294,2.5273686e-05
7028,1,0,-0.7955916,-0.58800316,-0.8150689521467704,0.019477367,0.00037936785
7029,1,0,-0.82550144,-0.621572,-0.8730959847322084,0.047594547,0.002265241
7030,1,0,-0.88251853,-0.6858568,-0.8877399640270487,0.0052214265,2.7263295e-05
7031,1,0,-0.89688444,-0.7021134,-0.8939780983444301,0.0029063225,8.44671e-06
7032,1,0,-0.90300155,-0.7090428,-0.9105121011061628,0.007510543,5.6408255e-05
7033,1,0,-0.9192047,-0.7274184,-0.8003264883116845,0.118878245,0.014132037
7034,1,0,-0.8109939,-0.6052766,-0.7470532810011217,0.063940644,0.004088406
7035,1,0,-0.7585006,-0.5465269,-0.5443381260379505,0.21416247,0.04586556
7036,1,0,-0.55513406,-0.3253286,-0.7219928518954206,0.16685879,0.027841857
7037,1,0,-0.7335496,-0.5189707,-0.7426387926336937,0.009089172,8.261305e-05
7038,1,0,-0.75411415,-0.54166937,-0.6970069559781811,0.05710721,0.0032612334
7039,1,0,-0.70861316,-0.49154854,-0.7595663812256306,0.05095321,0.0025962295
7040,1,0,-0.7708392,-0.5603061,-0.657312740119524,0.11352646,0.012888258
7041,1,0,-0.66888785,-0.44810367,-0.7941528179795401,0.12526494,0.015691306
7042,1,0,-0.80491567,-0.5984566,-0.8337274343656591,0.028811753,0.0008301171
7043,1,0,-0.8438506,-0.6422181,-0.749886107689687,0.09396452,0.00882933
7044,1,0,-0.7612941,-0.54964495,-0.9156239923252184,0.15432984,0.023817698
7045,1,0,-0.92421174,-0.73310184,-0.986985131123375,0.06277341,0.003940501
7046,1,0,-0.99397683,-0.81258917,-1.0169186646703934,0.022941828,0.00052632747
7047,1,0,-1.0231619,-0.8459966,-0.963685727475772,0.059476137,0.0035374109
7048,1,0,-0.9712267,-0.7866106,-0.9661264177384452,0.0051002502,2.6012553e-05
7049,1,0,-0.9736116,-0.7893312,-1.043920366690238,0.070308805,0.004943328
7050,1,0,-1.0494471,-0.8761599,-1.1613783268653854,0.111931324,0.012528622
7051,1,0,-1.16328,-1.0075862,-1.2074352999317388,0.04415524,0.0019496853
7052,1,0,-1.2076738,-1.0591755,-1.2554308546928743,0.04775703,0.0022807338
7053,1,0,-1.2537802,-1.1129421,-1.2378794127456554,0.01590085,0.00025283705
7054,1,0,-1.2369387,-1.0932808,-1.2754429258872153,0.038504243,0.0014825767
7055,1,0,-1.2729553,-1.1353574,-1.4157235086340365,0.14276826,0.020382777
7056,1,0,-1.413956,-1.2923106,-1.4887550805442606,0.07479906,0.0055948994
7057,1,0,-1.4875444,-1.3738004,-1.5301006330740814,0.042556167,0.0018110273
7058,1,0,-1.5290613,-1.4198344,-1.5314569929088668,0.0023956299,5.7390425e-06
7059,1,0,-1.5304217,-1.4213432,-1.3679656672448082,0.16245604,0.026391964
7060,1,0,-1.365673,-1.2389247,-1.38404764678578,0.018374681,0.0003376289
7061,1,0,-1.3819451,-1.2569088,-1.4715663656838234,0.089621186,0.008031957
7062,1,0,-1.4702533,-1.3546394,-1.3420712695764865,0.12818205,0.016430639
7063,1,0,-1.3394455,-1.2099549,-1.3427820937122916,0.003336668,1.1133354e-05
7064,1,0,-1.3401657,-1.2107502,-1.4058479147521863,0.06568217,0.004314148
7065,1,0,-1.4039816,-1.2812766,-1.4423694120327368,0.038387895,0.0014736304
7066,1,0,-1.4408407,-1.3220657,-1.420594887191608,0.02024579,0.00040989203
7067,1,0,-1.4188741,-1.2977521,-1.6127943500194653,0.19392025,0.037605066
7068,1,0,-1.6117551,-1.5116364,-1.6732767727493252,0.06152165,0.0037849133
7069,1,0,-1.6719232,-1.5785131,-1.5779030131774896,0.09402013,0.008839784
7070,1,0,-1.5769224,-1.4729495,-1.429966450718732,0.14695597,0.021596055
7071,1,0,-1.4283317,-1.3082184,-1.408270108919877,0.020061612,0.0004024683
7072,1,0,-1.4064282,-1.2839832,-1.4981218106646834,0.09169364,0.008407723
7073,1,0,-1.4969594,-1.3842366,-1.5778524855929577,0.08089304,0.006543684
7074,1,0,-1.5768718,-1.4728932,-1.5545318745525003,0.02233982,0.0004990676
7075,1,0,-1.5535415,-1.4469957,-1.685793227859376,0.13225174,0.017490523
7076,1,0,-1.6843392,-1.5923203,-1.6656205997579905,0.0187186,0.000350386
7077,1,0,-1.664322,-1.5700613,-1.6251121791713854,0.039209843,0.0015374117
7078,1,0,-1.6240313,-1.5252762,-1.6014401922688926,0.022591114,0.0005103584
7079,1,0,-1.6004297,-1.4990547,-1.5376842841085916,0.06274533,0.0039369767
7080,1,0,-1.5366646,-1.4282691,-1.790395271953323,0.25373065,0.064379245
7081,1,0,-1.7875961,-1.707236,-1.6200493227098711,0.16754675,0.028071914
7082,1,0,-1.6189868,-1.5196711,-1.4307135027224311,0.18827331,0.03544684
7083,1,0,-1.4290853,-1.3090528,-1.2913099341324832,0.1377753,0.018982034
7084,1,0,-1.2881379,-1.1531283,-1.0725372923291754,0.21560061,0.046483625
7085,1,0,-1.0772575,-0.9081514,-0.9836911487628716,0.09356636,0.008754663
7086,1,0,-0.99076223,-0.8089154,-0.9931049561316824,0.002342701,5.4882476e-06
7087,1,0,-0.99994755,-0.8194163,-0.9945953794234494,0.0053521395,2.8645398e-05
7088,1,0,-1.0014012,-0.821079,-1.0540951429914966,0.052693963,0.0027766537
7089,1,0,-1.0593407,-0.8875313,-0.9868674791802738,0.07247323,0.0052523687
7090,1,0,-0.9938624,-0.81245756,-1.093404951601463,0.09954262,0.009908733
7091,1,0,-1.0975072,-0.9314935,-1.166810914594369,0.06930363,0.0048029935
7092,1,0,-1.1685236,-1.0136704,-1.0480043746436922,0.12051916,0.014524868
7093,1,0,-1.0534186,-0.8807235,-0.9572279933534982,0.09619063,0.009252638
7094,1,0,-0.9649162,-0.7794144,-1.1878600428257615,0.22294378,0.04970393
7095,1,0,-1.1888232,-1.0372474,-1.1130605815645938,0.07576263,0.005739976
7096,1,0,-1.1165562,-0.9534888,-1.0037800283996403,0.11277616,0.012718462
7097,1,0,-1.0103579,-0.83132887,-0.9060279634439136,0.104329884,0.010884725
7098,1,0,-0.9148114,-0.7224326,-0.8239627425748641,0.090848625,0.008253473
7099,1,0,-0.8342495,-0.6314101,-0.7298033544575806,0.10444611,0.01090899
7100,1,0,-0.7413335,-0.5275531,-0.7258992440477279,0.015434265,0.00023821654
7101,1,0,-0.73744273,-0.52326226,-0.778392709880674,0.04095,0.0016769025
7102,1,0,-0.7893934,-0.5810609,-0.7041159882294918,0.08527744,0.0072722416
7103,1,0,-0.7157135,-0.49934483,-0.7318527428984445,0.016139269,0.000260476
7104,1,0,-0.74337506,-0.5298059,-0.714452584636267,0.028922498,0.0008365109
7105,1,0,-0.7260299,-0.51068854,-0.6735459478938055,0.052483916,0.0027545614
7106,1,0,-0.6851499,-0.4658525,-0.8631974083382463,0.17804748,0.031700905
7107,1,0,-0.87280226,-0.6748748,-0.8528400482656759,0.019962192,0.0003984891
7108,1,0,-0.8626318,-0.6633911,-0.9076395234759128,0.045007706,0.0020256937
7109,1,0,-0.9163904,-0.72422385,-0.8262729150453807,0.090117514,0.008121166
7110,1,0,-0.8365207,-0.6339669,-0.7750501260045191,0.06147057,0.0037786309
7111,1,0,-0.78610015,-0.5773742,-0.8283606427534074,0.042260468,0.0017859471
7112,1,0,-0.8385744,-0.6362772,-0.9358198876120238,0.097245455,0.009456678
7113,1,0,-0.9439819,-0.7555733,-1.0455135777575113,0.101531744,0.010308695
7114,1,0,-1.0509958,-0.8779402,-0.9678203283673108,0.08317548,0.0069181607
7115,1,0,-0.97526574,-0.79121923,-0.8805942228754575,0.09467155,0.008962702
7116,1,0,-0.88987565,-0.69417906,-0.8983825383211146,0.008506894,7.236725e-05
7117,1,0,-0.90731907,-0.71393585,-0.9030129944213718,0.004306078,1.8542307e-05
7118,1,0,-0.91185737,-0.7190819,-0.8973663330019241,0.014491022,0.00020998971
7119,1,0,-0.9063227,-0.7128074,-0.9234160207727996,0.0170933,0.00029218092
7120,1,0,-0.93184185,-0.7417698,-1.015401990097275,0.08356011,0.006982292
7121,1,0,-1.0216846,-0.84430313,-0.9830269035592992,0.038657725,0.0014944196
7122,1,0,-0.9901135,-0.8081744,-0.9849936783527656,0.0051198006,2.6212358e-05
7123,1,0,-0.99203324,-0.81036806,-1.0237445783573134,0.03171134,0.001005609
7124,1,0,-1.0298109,-0.85361934,-1.0567122333258152,0.026901364,0.0007236834
7125,1,0,-1.0618838,-0.89045787,-1.0088587271450145,0.053025126,0.002811664
7126,1,0,-1.0153086,-0.8369975,-1.111112670724646,0.095804095,0.009178424
7127,1,0,-1.1146694,-0.95130897,-1.0524266011126922,0.062242866,0.0038741743
7128,1,0,-1.0577185,-0.8856664,-1.1245845852874283,0.06686604,0.0044710673
7129,1,0,-1.1277134,-0.96638775,-1.109990539233849,0.017722845,0.00031409925
7130,1,0,-1.1135827,-0.95005274,-0.9386524018063808,0.17493033,0.030600622
7131,1,0,-0.946753,-0.75872636,-0.9100984470284854,0.03665459,0.0013435591
7132,1,0,-0.9187999,-0.72695756,-0.8830190930488322,0.035780787,0.0012802647
7133,1,0,-0.8922541,-0.69687104,-0.9609956706682654,0.06874156,0.004725402
7134,1,0,-0.9685991,-0.7836132,-1.070918936912868,0.10231984,0.010469349
7135,1,0,-1.0756862,-0.906342,-1.0570044521245947,0.018681765,0.00034900833
7136,1,0,-1.0621679,-0.890784,-1.0526304738654813,0.009537458,9.096311e-05
7137,1,0,-1.0579162,-0.8858938,-0.8750010506958645,0.18291509,0.03345793
7138,1,0,-0.8843882,-0.68797064,-0.8206664008785265,0.063721836,0.0040604724
7139,1,0,-0.8310077,-0.6277633,-0.773976357396859,0.057031333,0.003252573
7140,1,0,-0.7850425,-0.57619,-0.8675792204379147,0.0825367,0.0068123066
7141,1,0,-0.87710404,-0.67973566,-1.0404862798467005,0.16338229,0.026693773
7142,1,0,-1.0461066,-0.8723216,-0.9839161696923848,0.062190413,0.0038676476
7143,1,0,-0.99098134,-0.8091657,-1.0014110306345765,0.01042974,0.00010877947
7144,1,0,-1.0080488,-0.8286848,-1.0196960910366282,0.011647344,0.00013566061
7145,1,0,-1.0258675,-0.84909844,-1.091595354705931,0.06572795,0.0043201633
7146,1,0,-1.0957524,-0.92946863,-1.1340191916883744,0.038266778,0.0014643463
7147,1,0,-1.1368419,-0.97695017,-1.1283339834296515,0.008507967,7.2385505e-05
7148,1,0,-1.1313422,-0.9705856,-1.1210239895155512,0.01031816,0.000106464424
7149,1,0,-1.1242672,-0.9624026,-0.9471289674290322,0.17713827,0.031377967
7150,1,0,-0.9550438,-0.76816535,-0.8892907250953854,0.06575304,0.0043234625
7151,1,0,-0.8984053,-0.7038362,-0.814103415710552,0.08430189,0.0071068085
7152,1,0,-0.8245518,-0.6205044,-0.7842275051068617,0.04032433,0.0016260516
7153,1,0,-0.7951412,-0.5874996,-0.6228331299983174,0.17230809,0.029690078
7154,1,0,-0.6342766,-0.41049004,-0.4795350387411372,0.15474159,0.023944959
7155,1,0,-0.4894569,-0.25555778,-0.5541838584205565,0.06472695,0.004189578
7156,1,0,-0.56508684,-0.33597302,-0.673729447997871,0.10864258,0.01180321
7157,1,0,-0.68533325,-0.46605372,-0.8648268283352105,0.1794936,0.032217953
7158,1,0,-0.87440205,-0.67668223,-0.8881432184669507,0.013741195,0.00018882044
7159,1,0,-0.8972795,-0.70256114,-1.0124804480136955,0.115201,0.013271269
7160,1,0,-1.0188386,-0.8410411,-1.0933499867114231,0.07451129,0.0055519324
7161,1,0,-1.0974532,-0.931432,-1.0465400310261628,0.050913215,0.0025921555
7162,1,0,-1.0519946,-0.8790879,-1.1579912046037475,0.10599661,0.011235281
7163,1,0,-1.1600091,-1.0037932,-1.402130452825219,0.24212134,0.058622744
7164,1,0,-1.4002253,-1.2771226,-1.5303590630996655,0.13013375,0.016934792
7165,1,0,-1.5293208,-1.4201221,-1.566012239555372,0.036691427,0.0013462608
7166,1,0,-1.5650315,-1.459749,-1.4761116847271234,0.08891988,0.007906744
7167,1,0,-1.474827,-1.3597077,-1.5782990565017705,0.103471994,0.010706454
7168,1,0,-1.5773176,-1.473389,-1.6111815359101866,0.033863902,0.0011467639
7169,1,0,-1.6101472,-1.5098497,-1.630194037684393,0.02004683,0.0004018754
7170,1,0,-1.6290925,-1.5309004,-1.693857648925027,0.064765215,0.004194533
7171,1,0,-1.6923321,-1.6012105,-1.7365635158909587,0.044231415,0.0019564182
7172,1,0,-1.7345718,-1.6482078,-1.6660535763458642,0.06851828,0.0046947547
7173,1,0,-1.6647522,-1.5705385,-1.7289404206212569,0.06418812,0.004120115
7174,1,0,-1.7270434,-1.639829,-1.7601369013333945,0.033093452,0.0010951766
7175,1,0,-1.7578222,-1.6740872,-1.5677110154179377,0.19011116,0.036142252
7176,1,0,-1.5667304,-1.4616351,-1.544256549847431,0.022473812,0.00050507224
7177,1,0,-1.5432509,-1.4355762,-1.5869296027010351,0.04367864,0.0019078237
7178,1,0,-1.5859418,-1.482965,-1.5899506752025032,0.004008889,1.6071193e-05
7179,1,0,-1.5889597,-1.4863157,-1.6091140148214276,0.020154357,0.00040619812
7180,1,0,-1.608085,-1.5075588,-1.676490744686757,0.06840575,0.0046793465
7181,1,0,-1.6751122,-1.5820589,-1.9018688394060788,0.22675657,0.051418543
7182,1,0,-1.8965623,-1.8229142,-1.8856321783629348,0.010930181,0.000119468845
7183,1,0,-1.8807642,-1.8110274,-1.8137898391928264,0.0669744,0.0044855704
7184,1,0,-1.8105601,-1.7328115,-1.743130590193823,0.06742954,0.0045467434
7185,1,0,-1.7410539,-1.6554221,-1.5765067812411602,0.1645472,0.027075782
7186,1,0,-1.575526,-1.4713999,-1.5500201417196195,0.0255059,0.00065055094
7187,1,0,-1.5490241,-1.4419824,-1.6028394019186745,0.053815246,0.0028960807
7188,1,0,-1.6018252,-1.5006051,-1.6356253955622944,0.033800125,0.0011424485
7189,1,0,-1.6344999,-1.53691,-1.6380589765667082,0.0035591125,1.2667282e-05
7190,1,0,-1.6369216,-1.5396014,-1.581502075872982,0.055419564,0.0030713282
7191,1,0,-1.5805192,-1.4769431,-1.459163896241933,0.121355295,0.014727107
7192,1,0,-1.4577652,-1.3408067,-1.3717242873497757,0.08604097,0.007403049
7193,1,0,-1.369477,-1.243129,-1.294028761374684,0.075448275,0.005692442
7194,1,0,-1.2907377,-1.1561722,-1.414187185231538,0.123449445,0.015239766
7195,1,0,-1.4124048,-1.290594,-1.4108363084367717,0.0015684366,2.4599935e-06
7196,1,0,-1.4090207,-1.2868509,-1.39224108591311,0.016779542,0.00028155302
7197,1,0,-1.3902304,-1.2660693,-1.442712517792119,0.05248213,0.0027543737
7198,1,0,-1.4411865,-1.3224484,-1.5205013872430728,0.07931483,0.006290842
7199,1,0,-1.5194322,-1.4091538,-1.4739975716995153,0.045434594,0.0020643023
7200,1,0,-1.4726994,-1.3573506,-1.497751919735723,0.025052547,0.00062763016
7201,1,0,-1.4965874,-1.3838245,-1.5483353528785837,0.051747918,0.002677847
7202,1,0,-1.5473366,-1.4401104,-1.4893380386256547,0.057998538,0.0033638305
7203,1,0,-1.4881302,-1.3744496,-1.40512857224574,0.08300161,0.006889268
7204,1,0,-1.4032549,-1.280473,-1.33871526616699,0.06453955,0.0041653537
7205,1,0,-1.3360441,-1.2061998,-1.409242802888039,0.073198676,0.0053580464
7206,1,0,-1.4074105,-1.2850705,-1.4437303485755122,0.036319852,0.0013191317
7207,1,0,-1.4422129,-1.323585,-1.3935086411953244,0.048704267,0.0023721056
7208,1,0,-1.391512,-1.267486,-1.2972317335228754,0.09428036,0.008888787
7209,1,0,-1.2939539,-1.1597596,-1.35029590051966,0.056342006,0.0031744216
7210,1,0,-1.3477789,-1.2191579,-1.37979195381124,0.03201306,0.001024836
7211,1,0,-1.3776402,-1.2521508,-1.104151305860683,0.273489,0.07479623
7212,1,0,-1.107925,-0.94351745,-1.035927228699756,0.07199788,0.005183695
7213,1,0,-1.0416703,-0.8672278,-1.0282988384358007,0.013371468,0.00017879615
7214,1,0,-1.0342455,-0.8587055,-1.0861610504061865,0.051915526,0.002695222
7215,1,0,-1.0904804,-0.92338896,-1.0175010541719578,0.07297945,0.005326
7216,1,0,-1.02373,-0.846647,-0.8709829050817919,0.15274715,0.023331692
7217,1,0,-0.88044477,-0.68351173,-0.7896638570807246,0.090780914,0.008241175
7218,1,0,-0.80049586,-0.59350014,-0.8266526238410461,0.026156783,0.0006841773
7219,1,0,-0.83689475,-0.634387,-0.7448247100177947,0.09207004,0.0084768925
7220,1,0,-0.7562883,-0.5440743,-0.7206984498043605,0.035589814,0.0012666349
7221,1,0,-0.73225904,-0.51754737,-0.7339918298400225,0.0017327666,3.0024803e-06
7222,1,0,-0.74550533,-0.5321574,-0.8393442018240305,0.09383887,0.008805733
7223,1,0,-0.84937143,-0.6484375,-0.899173650084466,0.049802244,0.0024802636
7224,1,0,-0.90809417,-0.71481466,-0.7651887672081616,0.14290541,0.020421958
7225,1,0,-0.7763822,-0.5665021,-0.5493323612176622,0.22704983,0.051551625
7226,1,0,-0.56018376,-0.3307271,-0.6442422508881678,0.08405846,0.007065825
7227,1,0,-0.65577865,-0.43383145,-0.6188886305646975,0.03689003,0.0013608743
7228,1,0,-0.6303103,-0.40619445,-0.6152942763420004,0.015016019,0.00022548084
7229,1,0,-0.6266961,-0.40228176,-0.6273891653161323,0.0006930828,4.803638e-07
7230,1,0,-0.638855,-0.41545343,-0.738151316738834,0.09929633,0.009859761
7231,1,0,-0.74964714,-0.5367322,-0.8624628625302755,0.11281574,0.012727391
7232,1,0,-0.8720808,-0.6740608,-0.8330495124853634,0.039031267,0.0015234398
7233,1,0,-0.84318423,-0.64146805,-0.9017223594374726,0.05853814,0.0034267136
7234,1,0,-0.9105921,-0.7176478,-0.8796965729414099,0.030895531,0.00095453387
7235,1,0,-0.88899446,-0.69318247,-0.8314382869348544,0.057556152,0.0033127107
7236,1,0,-0.8416004,-0.63968444,-0.7151382288493462,0.12646216,0.015992679
7237,1,0,-0.72671366,-0.5114417,-0.7729326114618584,0.04621893,0.0021361897
7238,1,0,-0.7840135,-0.57503915,-0.6090843618435775,0.17492914,0.030600205
7239,1,0,-0.62044835,-0.39552546,-0.6223318462663157,0.0018835068,3.5475978e-06
7240,1,0,-0.6337724,-0.40994406,-0.5858264334949959,0.047945917,0.002298811
7241,1,0,-0.597023,-0.37025666,-0.7229816742359509,0.12595868,0.015865589
7242,1,0,-0.7345352,-0.520056,-0.707897422870909,0.026637793,0.000709572
7243,1,0,-0.7194886,-0.5034945,-0.6634313560295131,0.056057274,0.003142418
7244,1,0,-0.67501974,-0.4547906,-0.7050926820330479,0.030072927,0.000904381
7245,1,0,-0.71668816,-0.50041604,-0.706858023620176,0.009830117,9.663121e-05
7246,1,0,-0.71845126,-0.5023534,-0.7701844670005036,0.051733196,0.0026763235
7247,1,0,-0.78130555,-0.57200885,-0.7114160232712483,0.069889545,0.0048845485
7248,1,0,-0.72300005,-0.5073552,-0.6829080147407809,0.04009205,0.0016073725
7249,1,0,-0.69451857,-0.47609997,-0.6245656704279541,0.069952905,0.004893409
7250,1,0,-0.63601804,-0.41237736,-0.5394070247827147,0.09661102,0.00933369
7251,1,0,-0.5501468,-0.32000208,-0.417817032078104,0.13232979,0.017511174
7252,1,0,-0.42664313,-0.18960238,-0.2484647969040212,0.17817834,0.03174752
7253,1,0,-0.25340796,-0.08848548,-0.3618627541306081,0.10845479,0.011762442
7254,1,0,-0.3694899,-0.14406419,-0.2486267070828658,0.1208632,0.014607913
7255,1,0,-0.25357103,-0.08855891,-0.1806944073964711,0.07287663,0.0053110034
7256,1,0,-0.18489838,-0.059568882,-0.2688158722876994,0.0839175,0.0070421468
7257,1,0,-0.2740605,-0.097786665,-0.2501994269772791,0.02386105,0.00056934974
7258,1,0,-0.2551582,-0.089267015,-0.1680751820813237,0.087083,0.007583448
7259,1,0,-0.1721139,-0.05452633,-0.1004292818600109,0.071684614,0.005138684
7260,1,0,-0.103450775,-0.029268503,-0.1108478107593575,0.0073970333,5.47161e-05
7261,1,0,-0.11404014,-0.03296733,-0.1712467712880081,0.05720663,0.0032725986
7262,1,0,-0.17532754,-0.055783987,-0.0366069205178312,0.13872062,0.01924341
7263,1,0,-0.038476944,-0.00807929,0.1227053541234881,0.1611823,0.025979733
7264,1,0,0.124377966,0.03449583,-0.0920084451503382,0.21638641,0.046823077
7265,1,0,-0.09488797,-0.026328325,-0.1556596332236988,0.06077166,0.0036931946
7266,1,0,-0.1595285,-0.049668312,-0.0492704442906046,0.11025805,0.012156838
7267,1,0,-0.05138254,-0.012085915,0.1704114444913056,0.22179398,0.04919257
7268,1,0,0.17329311,0.044764042,0.1546207064203311,0.018672407,0.00034865877
7269,1,0,0.15709591,0.04139018,0.272466732246567,0.11537081,0.013310424
7270,1,0,0.27810025,0.13224578,0.3625901416218426,0.08448988,0.00713854
7271,1,0,0.3707831,0.22582173,0.2956766429711726,0.07510644,0.0056409775
7272,1,0,0.30196,0.15622306,0.2581686978565107,0.043791294,0.0019176775
7273,1,0,0.26340556,0.11751914,0.2490906476420753,0.01431492,0.00020491693
7274,1,0,0.25407743,0.108184814,0.2309603065843655,0.023117125,0.00053440145
7275,1,0,0.23545146,0.08958459,0.1545108510254804,0.080940604,0.006551381
7276,1,0,0.15698338,0.041367054,0.2916711064790562,0.13468772,0.018140782
7277,1,0,0.2978425,0.1520791,0.2699508323734823,0.027891666,0.00077794504
7278,1,0,0.27551436,0.1296525,0.1031827857372289,0.17233157,0.02969817
7279,1,0,0.10437751,0.030021667,0.0873219514395793,0.017055556,0.000290892
7280,1,0,0.08813596,0.026240587,-0.1319469910691362,0.22008295,0.048436508
7281,1,0,-0.13546991,-0.040668964,-0.2668022785466681,0.13133237,0.017248191
7282,1,0,-0.27199006,-0.096853256,-0.2882016610370215,0.0162116,0.00026281594
7283,1,0,-0.29398012,-0.10691762,-0.1648993060334285,0.12908082,0.016661858
7284,1,0,-0.16889548,-0.05327463,-0.3718148354846451,0.20291936,0.041176267
7285,1,0,-0.3796687,-0.14938498,-0.2381309796776785,0.14153773,0.020032927
7286,1,0,-0.24297786,-0.08387375,-0.2958508833706244,0.052873015,0.0027955559
7287,1,0,-0.30183458,-0.11059308,-0.4760214970518706,0.17418692,0.030341081
7288,1,0,-0.48588753,-0.25179052,-0.4545593654243522,0.03132817,0.0009814543
7289,1,0,-0.4640677,-0.22880745,-0.6288908004531435,0.16482311,0.027166659
7290,1,0,-0.64036393,-0.41708946,-0.6338389747051272,0.00652498,4.2575364e-05
7291,1,0,-0.64533424,-0.4224832,-0.7358276252388776,0.09049338,0.008189052
7292,1,0,-0.747334,-0.5341759,-0.703036119778246,0.044297874,0.0019623016
7293,1,0,-0.7146356,-0.49816036,-0.712413089842121,0.002222538,4.939675e-06
7294,1,0,-0.7239952,-0.5084498,-0.7003137026175605,0.023681521,0.00056081446
7295,1,0,-0.71191597,-0.49517488,-0.6915769600410493,0.020339012,0.0004136754
7296,1,0,-0.703187,-0.48559737,-0.6213505885881183,0.0818364,0.006697197
7297,1,0,-0.6327863,-0.40887547,-0.5098000203869115,0.12298626,0.015125619
7298,1,0,-0.5201671,-0.2880795,-0.6073036116037591,0.08713651,0.0075927707
7299,1,0,-0.61865664,-0.39358878,-0.6416783031885114,0.023021638,0.0005299958
7300,1,0,-0.6532054,-0.43103266,-0.624098415399962,0.029106975,0.000847216
7301,1,0,-0.63554835,-0.41186786,-0.5849511957533946,0.05059713,0.0025600698
7302,1,0,-0.5961406,-0.36930656,-0.5131228375626797,0.08301777,0.0068919496
7303,1,0,-0.52353454,-0.29165745,-0.3043128773044206,0.21922165,0.048058134
7304,1,0,-0.31052017,-0.114708185,-0.3440396593072967,0.033519477,0.0011235554
7305,1,0,-0.3512466,-0.13471556,-0.4991180159898691,0.14787143,0.021865962
7306,1,0,-0.50933504,-0.27658844,-0.4968210852275549,0.012513965,0.00015659933
7307,1,0,-0.50700474,-0.27411938,-0.5563657472081709,0.04936099,0.0024365075
7308,1,0,-0.56729126,-0.3383336,-0.4449163948959485,0.12237486,0.014975607
7309,1,0,-0.45425415,-0.21850038,-0.4256341079903083,0.028620034,0.00081910635
7310,1,0,-0.43461204,-0.197927,-0.6066950105249105,0.17208296,0.029612545
7311,1,0,-0.6180439,-0.39292717,-0.6449356887378128,0.026891768,0.0007231672
7312,1,0,-0.65647435,-0.43458796,-0.7630140191852202,0.10653967,0.011350701
7313,1,0,-0.77423763,-0.5641048,-0.7440837140386845,0.03015393,0.0009092595
7314,1,0,-0.7555516,-0.54325914,-0.6669154716031493,0.0886361,0.007856358
7315,1,0,-0.6785102,-0.45860076,-0.5409142741064472,0.13759589,0.01893263
7316,1,0,-0.55167174,-0.32163,-0.587648433920597,0.035976708,0.0012943235
7317,1,0,-0.59885955,-0.37223387,-0.6659282968322029,0.067068756,0.004498218
7318,1,0,-0.67752147,-0.45752048,-0.6811239737102208,0.0036025047,1.297804e-05
7319,1,0,-0.6927335,-0.47414684,-0.7192738825464033,0.026540339,0.0007043896
7320,1,0,-0.7308383,-0.51598287,-0.938036435465024,0.20719814,0.04293107
7321,1,0,-0.9461508,-0.75803995,-0.958972950311741,0.012822151,0.00016440757
7322,1,0,-0.9666221,-0.7813587,-0.9085752420947446,0.058046877,0.0033694399
7323,1,0,-0.9173074,-0.7252643,-0.870904970952906,0.046402395,0.0021531822
7324,1,0,-0.88036823,-0.6834252,-0.9126791126232744,0.032310903,0.0010439944
7325,1,0,-0.9213271,-0.72982764,-0.8363908187038533,0.08493632,0.007214179
7326,1,0,-0.8464689,-0.6451671,-0.9329374674016342,0.08646852,0.007476805
7327,1,0,-0.9411614,-0.75236535,-0.8111870912789398,0.1299743,0.01689332
7328,1,0,-0.8216822,-0.61727977,-0.7422801962945855,0.07940203,0.006304682
7329,1,0,-0.7537565,-0.54127455,-0.6232205420337222,0.13053596,0.017039636
7330,1,0,-0.63466525,-0.4109125,-0.5164003349109136,0.11826491,0.013986589
7331,1,0,-0.5268562,-0.295187,-0.4691635299776489,0.057692647,0.0033284414
7332,1,0,-0.47891903,-0.24444008,-0.321256814185781,0.15766221,0.024857374
7333,1,0,-0.32790112,-0.12310243,-0.3714706427812979,0.043569505,0.0018983018
7334,1,0,-0.37931657,-0.14920044,-0.4123801950791881,0.03306362,0.001093203
7335,1,0,-0.42109776,-0.18381548,-0.3038616256094468,0.11723614,0.013744312
7336,1,0,-0.3100574,-0.11448789,-0.2609174671059131,0.049139947,0.0024147343
7337,1,0,-0.26596832,-0.09414315,-0.2297903260189104,0.036177993,0.0013088472
7338,1,0,-0.23455524,-0.08020449,-0.3575373873994558,0.122982144,0.015124608
7339,1,0,-0.3650639,-0.14177394,-0.3007534461232422,0.06431046,0.0041358355
7340,1,0,-0.30686712,-0.11297059,-0.4020336067126875,0.095166475,0.009056658
7341,1,0,-0.41054034,-0.1728158,-0.6200654220038349,0.20952511,0.04390077
7342,1,0,-0.63149357,-0.40747595,-0.7383766434864687,0.10688305,0.011423986
7343,1,0,-0.74987173,-0.53698015,-0.7619617652357573,0.012090027,0.00014616876
7344,1,0,-0.773201,-0.5629456,-0.6785092613274197,0.09469175,0.008966528
7345,1,0,-0.6901169,-0.47128463,-0.7444524177002187,0.054335535,0.0029523503
7346,1,0,-0.75591826,-0.5436647,-0.6072889650281863,0.14862931,0.022090672
7347,1,0,-0.6186414,-0.3935721,-0.5503485632168101,0.0682928,0.004663906
7348,1,0,-0.5612104,-0.3318255,-0.6116868771064454,0.05047649,0.0025478762
7349,1,0,-0.62306666,-0.3983562,-0.4382185900167621,0.18484807,0.03416881
7350,1,0,-0.4474337,-0.21134877,-0.322856740123814,0.124576956,0.015519418
7351,1,0,-0.32954144,-0.12390566,-0.301718083480393,0.027823359,0.0007741393
7352,1,0,-0.30785728,-0.11344147,-0.2846863672806168,0.023170918,0.00053689146
7353,1,0,-0.29036903,-0.10524154,-0.244074371611918,0.04629466,0.0021431956
7354,1,0,-0.24897742,-0.086517334,-0.3541117565618963,0.10513434,0.011053229
7355,1,0,-0.3615582,-0.13996935,-0.5158861634154555,0.15432799,0.023817128
7356,1,0,-0.52633476,-0.2946329,-0.5189465678360761,0.0073881745,5.458512e-05
7357,1,0,-0.52943563,-0.29793048,-0.8246945572976232,0.29525894,0.08717784
7358,1,0,-0.83496976,-0.63222027,-0.7810088053933679,0.05396098,0.0029117872
7359,1,0,-0.79197097,-0.5839472,-0.7145263934751669,0.07744455,0.0059976587
7360,1,0,-0.72610307,-0.51077056,-0.649979283679206,0.076123774,0.0057948288
7361,1,0,-0.6615343,-0.44009376,-0.6879582323447031,0.026423931,0.0006982241
7362,1,0,-0.6995683,-0.48163223,-0.7324593936808874,0.032891095,0.0010818241
7363,1,0,-0.743979,-0.530473,-0.6132005414358233,0.13077843,0.017102998
7364,1,0,-0.6245897,-0.40000367,-0.5198240839694281,0.104765594,0.010975829
7365,1,0,-0.530324,-0.29887605,-0.7153045188177947,0.18498051,0.03421779
7366,1,0,-0.72687936,-0.51162434,-0.6873076051822498,0.039571762,0.0015659244
7367,1,0,-0.69891787,-0.48091936,-0.5597170469231059,0.1392008,0.019376865
7368,1,0,-0.5706763,-0.3419597,-0.42945116276019,0.14122516,0.019944545
7369,1,0,-0.43850207,-0.20199633,-0.511808709955218,0.07330662,0.0053738607
7370,1,0,-0.52220273,-0.29024172,-0.5511174476908547,0.02891469,0.0008360593
7371,1,0,-0.56198764,-0.3326571,-0.6477809058939021,0.08579326,0.007360483
7372,1,0,-0.65932894,-0.4376936,-0.5554099486754871,0.10391897,0.010799152
7373,1,0,-0.5663252,-0.33729935,-0.4733223268322821,0.093002856,0.008649531
7374,1,0,-0.48314524,-0.24889684,-0.3661577626291277,0.11698747,0.013686067
7375,1,0,-0.3738835,-0.14635181,-0.4403851964423535,0.06650171,0.004422477
7376,1,0,-0.44964027,-0.21366167,-0.3533090375911958,0.09633124,0.009279707
7377,1,0,-0.3607371,-0.1395483,-0.1662760699491157,0.19446102,0.037815087
7378,1,0,-0.17029095,-0.053816557,-0.1068514767820798,0.06343947,0.0040245666
7379,1,0,-0.109978914,-0.031540394,0.0546811738678059,0.1646601,0.027112948
7380,1,0,0.054737568,0.018035173,0.1459849414981429,0.09124738,0.008326084
7381,1,0,0.14824033,0.03957534,0.167953383718979,0.019713059,0.0003886047
7382,1,0,0.1707716,0.044119596,-0.015552189380382,0.18632379,0.034716554
7383,1,0,-0.017005444,-0.0016283989,0.0980160848055491,0.11502153,0.013229951
7384,1,0,0.09908581,0.02880454,-0.0131742564558581,0.112260066,0.012602323
7385,1,0,-0.014579296,-0.0009174347,0.0259817085907423,0.040561005,0.0016451952
7386,1,0,0.025399923,0.010338306,-0.1225900968959186,0.14799002,0.021901045
7387,1,0,-0.12596893,-0.03721881,-0.0661261469223255,0.059842788,0.0035811593
7388,1,0,-0.06855035,-0.017569065,-0.1116000874849527,0.043049738,0.0018532799
7389,1,0,-0.114804745,-0.03323698,-0.2226267353180655,0.107821986,0.0116255805
7390,1,0,-0.22731781,-0.077091455,-0.1412824613902978,0.086035356,0.0074020824
7391,1,0,-0.14494514,-0.04416871,-0.2453596901495149,0.100414544,0.01008308
7392,1,0,-0.25027466,-0.0870924,-0.1522067692514341,0.098067895,0.009617312
7393,1,0,-0.15602708,-0.048335314,-0.0405538602980515,0.11547322,0.013334064
7394,1,0,-0.042500257,-0.009318113,-0.0256280453076982,0.016872212,0.00028467155
7395,1,0,-0.027282953,-0.0046827793,0.0057893850556438,0.033072338,0.0010937795
7396,1,0,0.0047757626,0.004643917,-0.1251645507771184,0.12994032,0.016884485
7397,1,0,-0.12858367,-0.03816223,-0.0933253062617742,0.03525836,0.001243152
7398,1,0,-0.09622717,-0.026784897,-0.1979981984779564,0.10177103,0.010357342
7399,1,0,-0.20241451,-0.06665611,-0.2887982653991767,0.08638376,0.007462154
7400,1,0,-0.29459238,-0.10720205,0.0294174607064698,0.32400984,0.104982376
7401,1,0,0.028910398,0.011283398,0.0386939668598849,0.00978357,9.5718235e-05
7402,1,0,0.03839135,0.013803482,-0.0092046695737426,0.047596022,0.0022653814
7403,1,0,-0.010529041,0.00026464462,-0.1021059414852438,0.0915769,0.008386328
7404,1,0,-0.10515547,-0.029859304,-0.1124956848683611,0.007340215,5.3878757e-05
7405,1,0,-0.11571455,-0.03355837,-0.0936245327727678,0.022090018,0.00048796888
7406,1,0,-0.09653139,-0.026889801,-0.0133355596189006,0.083195835,0.006921547
7407,1,0,-0.014743805,-0.0009651184,-0.0625452948021774,0.047801487,0.0022849822
7408,1,0,-0.064903975,-0.016390085,-0.0709743666432816,0.0060703903,3.684964e-05
7409,1,0,-0.07348609,-0.01917839,-0.0357538289001277,0.037732262,0.0014237236
7410,1,0,-0.037607193,-0.007812977,0.0756040822993764,0.113211274,0.012816792
7411,1,0,0.07614231,0.023361444,-0.002904149472652,0.07904646,0.0062483423
7412,1,0,-0.004098892,0.0021207333,0.0702752295665756,0.074374124,0.0055315103
7413,1,0,0.07068944,0.022026539,0.1680793731218504,0.09738994,0.0094848
7414,1,0,0.17090082,0.044145107,-0.0511738823413803,0.2220747,0.049317174
7415,1,0,-0.0533216,-0.012696743,-0.0154797021665813,0.037841897,0.0014320092
7416,1,0,-0.016931534,-0.0016076565,0.1025689541032672,0.11950049,0.014280367
7417,1,0,0.10374856,0.029877663,0.0998185377447815,0.003930025,1.5445095e-05
7418,1,0,0.10093188,0.02923131,0.0393707435410677,0.06156114,0.0037897741
7419,1,0,0.039083242,0.013986349,0.0001424558809213,0.038940787,0.0015163849
7420,1,0,-0.0009884834,0.0030097961,-0.0390031772942225,0.038014695,0.001445117
7421,1,0,-0.040919304,-0.008829355,-0.1309390207101701,0.09001972,0.0081035495
7422,1,0,-0.13444614,-0.040295362,-0.3055409431579283,0.1710948,0.029273432
7423,1,0,-0.3117802,-0.11530995,-0.3385617518690638,0.02678153,0.0007172503
7424,1,0,-0.34563613,-0.13188934,-0.2045149137767028,0.14112121,0.019915195
7425,1,0,-0.20900702,-0.069377184,-0.1882285648619217,0.020778462,0.0004317445
7426,1,0,-0.19252682,-0.06262994,-0.1206477955893641,0.07187902,0.005166594
7427,1,0,-0.123996735,-0.036509275,-0.273506286764225,0.14950955,0.022353105
7428,1,0,-0.27888155,-0.09997177,-0.3102647409522991,0.031383187,0.0009849044
7429,1,0,-0.31662703,-0.11763358,-0.4666526843735092,0.15002567,0.022507701
7430,1,0,-0.47636652,-0.24174976,-0.4581311053087975,0.018235415,0.00033253036
7431,1,0,-0.46770096,-0.2326281,-0.6067052377475548,0.13900429,0.019322192
7432,1,0,-0.6180544,-0.3929379,-0.5425531924727904,0.0755012,0.0057004318
7433,1,0,-0.5533292,-0.32340097,-0.5512625726022535,0.0020666718,4.2711326e-06
7434,1,0,-0.562134,-0.3328135,-0.5552811347530175,0.006852865,4.6961763e-05
7435,1,0,-0.5661955,-0.33716035,-0.490217717470307,0.07597777,0.005772622
7436,1,0,-0.5003035,-0.26702428,-0.4128646744835569,0.08743882,0.0076455474
7437,1,0,-0.42159224,-0.18433094,-0.5288373933740349,0.10724515,0.011501522
7438,1,0,-0.53945136,-0.30859423,-0.3850207857776135,0.15443057,0.0238488
7439,1,0,-0.39316726,-0.15655851,-0.4196390616010235,0.026471794,0.00070075586
7440,1,0,-0.4285009,-0.19154143,-0.4387238131216806,0.010222912,0.000104507926
7441,1,0,-0.44794822,-0.21188784,-0.6142183492760456,0.16627014,0.02764576
7442,1,0,-0.62561345,-0.4011109,-0.6723288108589247,0.04671538,0.0021823265
7443,1,0,-0.68393135,-0.4645214,-0.6309410584332773,0.052990317,0.0028079737
7444,1,0,-0.6424241,-0.41932464,-0.4695063487774553,0.17291775,0.029900549
7445,1,0,-0.47926712,-0.244807,-0.5026114640230932,0.023344338,0.0005449581
7446,1,0,-0.5128784,-0.28034472,-0.5018007651074803,0.011077642,0.00012271416
7447,1,0,-0.5120559,-0.2794726,-0.4225548847352391,0.08950099,0.0080104275
7448,1,0,-0.4314735,-0.19464707,-0.2888468356367464,0.14262664,0.02034236
7449,1,0,-0.2946422,-0.10722613,-0.1449656254346019,0.14967659,0.022403082
7450,1,0,-0.14868212,-0.04556513,-0.2760928718043982,0.12741074,0.016233496
7451,1,0,-0.28153968,-0.101183176,-0.3900577101500659,0.108518034,0.011776164
7452,1,0,-0.39831233,-0.16010237,-0.3402537550107487,0.05805859,0.0033707998
7453,1,0,-0.3473692,-0.13275957,-0.4702586188207456,0.12288943,0.015101812
7454,1,0,-0.48003197,-0.24561334,-0.5117892186568462,0.031757236,0.001008522
7455,1,0,-0.52218294,-0.2902212,-0.6280323719969405,0.105849445,0.011204105
7456,1,0,-0.6395018,-0.41615462,-0.6145183712084612,0.024983466,0.00062417355
7457,1,0,-0.6259153,-0.401438,-0.7210313540792543,0.09511608,0.009047069
7458,1,0,-0.7325909,-0.5179138,-0.7348061523890452,0.0022152662,4.9074047e-06
7459,1,0,-0.7463167,-0.5330529,-0.7921666498420152,0.04584998,0.0021022207
7460,1,0,-0.8029599,-0.5962634,-0.6816633437766453,0.121296585,0.014712862
7461,1,0,-0.69327307,-0.47473788,-0.6429392335192756,0.050333858,0.0025334973
7462,1,0,-0.6544709,-0.4324093,-0.7179073354615402,0.06343639,0.0040241755
7463,1,0,-0.72947526,-0.5144825,-0.8435756654402327,0.1141004,0.0130189005
7464,1,0,-0.8535297,-0.6531248,-0.8252401897656028,0.028289497,0.0008002956
7465,1,0,-0.8355062,-0.63282347,-0.7355524165387295,0.09995377,0.009990756
7466,1,0,-0.74705935,-0.53387356,-0.7874317928610561,0.04037243,0.0016299332
7467,1,0,-0.79829764,-0.59103584,-0.7904999854430739,0.0077976584,6.080348e-05
7468,1,0,-0.8013189,-0.59442353,-0.7616001391072005,0.039718747,0.0015775788
7469,1,0,-0.77284455,-0.56254673,-0.8834642403753654,0.110619664,0.01223671
7470,1,0,-0.8926909,-0.6973653,-0.7927495739626038,0.09994131,0.009988266
7471,1,0,-0.80353403,-0.5969076,-0.9549974191385484,0.15146339,0.02294116
7472,1,0,-0.9627366,-0.7769294,-0.9612904700890774,0.0014461279,2.091286e-06
7473,1,0,-0.96888685,-0.78394175,-0.9902062379305444,0.02131939,0.00045451635
7474,1,0,-0.9971194,-0.8161826,-0.8967385741233738,0.10038084,0.010076312
7475,1,0,-0.90570736,-0.7121091,-1.0974240739909564,0.19171667,0.036755282
7476,1,0,-1.1014041,-0.93598986,-1.192615693880518,0.09121168,0.00831957
7477,1,0,-1.1934052,-1.0425744,-1.180635482601811,0.012769699,0.00016306521
7478,1,0,-1.1818593,-1.029155,-1.0744166152583698,0.10744262,0.011543916
7479,1,0,-1.0790823,-0.9102528,-1.1056513410061397,0.026569128,0.0007059186
7480,1,0,-1.1093781,-0.9451966,-1.03352023269559,0.07585788,0.0057544177
7481,1,0,-1.0393281,-0.8645394,-1.1044975615025776,0.06516945,0.0042470577
7482,1,0,-1.1082606,-0.9439051,-0.8571922944093173,0.25106835,0.06303532
7483,1,0,-0.86690545,-0.6682162,-0.8153048343957185,0.051600635,0.0026626256
7484,1,0,-0.8257339,-0.6218331,-1.0560389565640187,0.23030508,0.053040426
7485,1,0,-1.0612301,-0.8897042,-1.1001985674418382,0.038968563,0.0015185489
7486,1,0,-1.104094,-0.93909454,-1.1871827015400576,0.08308864,0.0069037215
7487,1,0,-1.1881706,-1.0364883,-1.220514050040927,0.032343507,0.0010461024
7488,1,0,-1.220254,-1.0738273,-1.2909847560823684,0.070730805,0.005002847
7489,1,0,-1.2878267,-1.152764,-1.4034376053084707,0.11561096,0.013365894
7490,1,0,-1.4015461,-1.278583,-1.492366781836595,0.09082067,0.008248394
7491,1,0,-1.4911755,-1.3778249,-1.6451023513167282,0.15392685,0.023693476
7492,1,0,-1.6439301,-1.5473901,-1.6209558639574364,0.022974253,0.0005278163
7493,1,0,-1.6198901,-1.5206752,-1.5728635054406577,0.047026634,0.0022115044
7494,1,0,-1.5718839,-1.4673556,-1.7492611714951771,0.17737722,0.03146268
7495,1,0,-1.7471017,-1.662153,-1.7963240597784114,0.04922235,0.0024228396
7496,1,0,-1.79342,-1.7137216,-1.7895225879096632,0.0038974285,1.5189949e-05
7497,1,0,-1.7867382,-1.7062818,-1.7561969178031644,0.030541182,0.0009327638
7498,1,0,-1.7539399,-1.669764,-1.962303049857926,0.20836318,0.04341521
7499,1,0,-1.9551339,-1.8622833,-1.9245512286081488,0.030582666,0.0009352995
7500,1,0,-1.9185886,-1.8376849,-1.9325772053625796,0.013988614,0.00019568132
7501,1,0,-1.9263706,-1.842913,-2.049041297420275,0.12267065,0.0150480885
7502,1,0,-2.0385365,-1.9188381,-2.0386511637255365,0.00011467934,1.315135e-08
7503,1,0,-2.028589,-1.912062,-1.9359744417782807,0.09261453,0.008577451
7504,1,0,-1.9296626,-1.8451263,-2.023754424562916,0.09409177,0.008853261
7505,1,0,-2.0143056,-1.9023467,-2.1776121952942327,0.16330671,0.026669083
7506,1,0,-2.1606297,-2.002695,-2.1808744640672533,0.020244598,0.00040984375
7507,1,0,-2.1637022,-2.004823,-2.008075932772746,0.1556263,0.024219545
7508,1,0,-1.9992471,-1.8921224,-2.076803253281464,0.07755613,0.006014954
7509,1,0,-2.0650592,-1.9369458,-2.1788604593708194,0.11380124,0.012950722
7510,1,0,-2.1618059,-2.0035088,-2.2466869835631997,0.08488107,0.0072047957
7511,1,0,-2.2254205,-2.04772,-2.209408748382779,0.016011715,0.000256375
7512,1,0,-2.190526,-2.0234256,-1.9520471076509445,0.2384789,0.056872185
7513,1,0,-1.9452206,-1.8555987,-2.075262233721764,0.13004172,0.01691085
7514,1,0,-2.0635893,-1.9359417,-2.144008595083951,0.0804193,0.006467264
7515,1,0,-2.1289032,-1.9807818,-2.277344136531213,0.14844108,0.022034753
7516,1,0,-2.2539878,-2.0676897,-2.222384565013105,0.031603336,0.0009987708
7517,1,0,-2.2026916,-2.0318847,-2.27434192033936,0.07165027,0.0051337606
7518,1,0,-2.251196,-2.065736,-2.29686468220049,0.04566884,0.002085643
7519,1,0,-2.2721162,-2.0803995,-2.3908421006806324,0.118726015,0.014095867
7520,1,0,-2.3587062,-2.1415126,-2.455646474432734,0.09694028,0.009397417
7521,1,0,-2.417735,-2.1149201,-2.39314993702192,0.024585247,0.00060443435
7522,1,0,-2.360818,-2.143011,-2.291668113506171,0.06914973,0.0047816853
7523,1,0,-2.267295,-2.077016,-2.3833860790444072,0.11609125,0.013477178
7524,1,0,-2.3518786,-2.1366687,-2.298295178690875,0.053583384,0.002871179
7525,1,0,-2.273443,-2.0813308,-2.1224686313128798,0.15097427,0.022793232
7526,1,0,-2.1084967,-1.966733,-2.1180898068404983,0.009593248,9.2030416e-05
7527,1,0,-2.104342,-1.9638765,-2.1013823179561344,0.0029597282,8.759991e-06
7528,1,0,-2.0884688,-1.9529779,-2.125488200951525,0.03701949,0.0013704427
7529,1,0,-2.1113608,-1.9687023,-2.3122837681615565,0.20092297,0.04037004
7530,1,0,-2.2864017,-2.090436,-2.287192608639648,0.0007908344,6.254191e-07
7531,1,0,-2.26314,-2.0741024,-2.2639878967732145,0.00084781647,7.1879276e-07
7532,1,0,-2.2415562,-2.0589905,-2.3864990895474647,0.144943,0.021008473
7533,1,0,-2.3547297,-2.1386914,-2.390334107347728,0.035604477,0.0012676788
7534,1,0,-2.3582413,-2.1411827,-2.3162634429472937,0.041977882,0.0017621426
7535,1,0,-2.2900841,-2.0930252,-2.406067840666083,0.115983725,0.013452224
7536,1,0,-2.3726256,-2.1513996,-2.32196320345565,0.05066228,0.0025666666
7537,1,0,-2.2953544,-2.0967333,-2.2607371961294995,0.034617186,0.0011983495
7538,1,0,-2.2385273,-2.0568733,-2.234531666025226,0.003995657,1.5965275e-05
7539,1,0,-2.2140613,-2.0397992,-2.274238899740268,0.060177565,0.0036213393
7540,1,0,-2.2510996,-2.065668,-2.242639824698333,0.008459806,7.156833e-05
7541,1,0,-2.22164,-2.0450835,-2.2015089412184707,0.020131111,0.00040526164
7542,1,0,-2.1831095,-2.0182762,-2.1545648787801337,0.028544664,0.0008147979
7543,1,0,-2.1388838,-1.9876664,-2.051625709695432,0.0872581,0.007613976
7544,1,0,-2.0410094,-1.9205234,-2.068396783766869,0.02738738,0.00075006863
7545,1,0,-2.0570369,-1.9314618,-2.225358965864373,0.16832209,0.028332325
7546,1,0,-2.205477,-2.033822,-2.1291264841341,0.07635045,0.005829391
7547,1,0,-2.11481,-1.9710764,-2.0718703836758974,0.042939663,0.0018438146
7548,1,0,-2.0603523,-1.9337287,-2.043144844072168,0.017207384,0.00029609408
7549,1,0,-2.0328927,-1.9149923,-1.946741715208458,0.086151004,0.0074219955
7550,1,0,-1.9400878,-1.8521417,-1.999786286902372,0.059698462,0.0035639065
7551,1,0,-1.9912742,-1.8867173,-2.051412130811348,0.060137868,0.003616563
7552,1,0,-2.040805,-1.9203843,-1.9587959389807887,0.0820092,0.0067255083
7553,1,0,-1.9517453,-1.8599963,-2.0601405145137743,0.10839534,0.01174955
7554,1,0,-2.049151,-1.9260782,-2.054781917209114,0.00563097,3.1707823e-05
7555,1,0,-2.0440283,-1.9225812,-2.0323062163598924,0.011722088,0.00013740735
7556,1,0,-2.022508,-1.9079233,-2.0999954679455493,0.07748747,0.006004308
7557,1,0,-2.0871496,-1.9520737,-1.974743595173765,0.112406015,0.012635113
7558,1,0,-1.9671448,-1.8703918,-1.850862223027032,0.11628258,0.013521639
7559,1,0,-1.8468479,-1.7732345,-1.7726616829283737,0.074186206,0.005503593
7560,1,0,-1.770156,-1.6878177,-1.870457123916343,0.10030115,0.01006032
7561,1,0,-1.8659762,-1.7945473,-1.7099605805463698,0.15601563,0.024340877
7562,1,0,-1.7082767,-1.6189483,-1.6427558531238469,0.06552088,0.004292986
7563,1,0,-1.6415958,-1.5447958,-1.6773778659692833,0.03578198,0.00128035
7564,1,0,-1.6759923,-1.5830377,-1.834147161934093,0.15815496,0.025012992
7565,1,0,-1.8305022,-1.7550247,-1.902960965550176,0.07245886,0.005250287
7566,1,0,-1.8976243,-1.823625,-2.057213798253585,0.15958953,0.025468817
7567,1,0,-2.0463533,-1.9241679,-2.0032507705480334,0.043102503,0.0018578258
7568,1,0,-1.9946071,-1.8889762,-1.8428067192703184,0.1518004,0.02304336
7569,1,0,-1.838973,-1.7644615,-1.7708300777047516,0.06814301,0.00464347
7570,1,0,-1.7683532,-1.6858107,-1.8732030862129447,0.104849815,0.0109934835
7571,1,0,-1.8686534,-1.7975315,-1.7369376717210352,0.13171577,0.017349046
7572,1,0,-1.7349409,-1.6486188,-1.8266546699564572,0.091713786,0.008411419
7573,1,0,-1.823167,-1.7468535,-1.647686579988761,0.17548037,0.03079336
7574,1,0,-1.6465001,-1.5502472,-1.6339016537157638,0.012598515,0.00015872257
7575,1,0,-1.6327838,-1.5350028,-1.5408747228473374,0.09190905,0.008447274
7576,1,0,-1.5398623,-1.4318165,-1.4983434476782942,0.041518807,0.0017238114
7577,1,0,-1.4971819,-1.3844827,-1.4044168434440292,0.09276509,0.008605363
7578,1,0,-1.402536,-1.279678,-1.430688397202399,0.028152347,0.00079255464
7579,1,0,-1.4290602,-1.3090249,-1.4756798968931015,0.046619654,0.002173392
7580,1,0,-1.4743929,-1.3592259,-1.4490663166532507,0.02532661,0.00064143713
7581,1,0,-1.4475915,-1.3295404,-1.5429679906744125,0.09537649,0.009096676
7582,1,0,-1.5419594,-1.4341438,-1.5633770690634408,0.021417618,0.00045871435
7583,1,0,-1.5623949,-1.4568225,-1.4854662041081437,0.076928616,0.005918012
7584,1,0,-1.4842377,-1.3701353,-1.6919285228938987,0.20769083,0.043135483
7585,1,1,-1.6904203,-1.5990845,1.5337404605523308,3.2241607,10.395212
7586,1,1,1.5426946,1.5191665,-1.454470583679509,2.9971652,8.982999
7587,1,1,-1.4530374,-1.3355706,1.2658590751423868,2.7188964,7.3923974
7588,0,1,-1.1905934,1.2168274,-1.3675681930924486,0.17697477,0.03132007
7589,0,1,1.3702111,-1.2384803,1.2253711158031328,0.14484,0.020978626
7590,0,1,-1.1574521,1.1711469,-1.0544176175774571,0.1030345,0.010616108
7591,0,1,1.0402017,-0.887892,0.9460406096458924,0.09416103,0.0088663
7592,0,1,-0.91850734,0.8577907,-0.8761614068728805,0.04234594,0.0017931787
7593,0,1,0.85048056,-0.6892581,0.8135894705242461,0.036891103,0.0013609534
7594,0,1,-0.7990241,0.71102405,-0.8596817391365068,0.06065762,0.003679347
7595,0,1,0.8329706,-0.67097664,0.8107860485613885,0.02218455,0.0004921543
7596,0,1,-0.7964535,0.70793366,-0.7935506416660147,0.0029028058,8.426282e-06
7597,0,1,0.762831,-0.5977919,0.8016366213676065,0.038805664,0.0015058796
7598,0,1,-0.7880509,0.69785666,-0.8923352957293482,0.104284406,0.010875237
7599,0,1,0.86767626,-0.7072177,0.9594534209968296,0.091777146,0.008423044
7600,0,1,-0.93038774,0.87273264,-0.8125800673558699,0.11780769,0.013878651
7601,0,1,0.7829902,-0.6188197,0.7623888315187433,0.020601392,0.00042441735
7602,0,1,-0.7518008,0.65472174,-0.769864095346394,0.018063307,0.00032628304
7603,0,1,0.7377691,-0.571656,0.890427406739073,0.15265828,0.023304552
7604,0,1,-0.86881447,0.795984,-0.8540565319814375,0.014757931,0.00021779654
7605,0,1,0.8269961,-0.66473985,0.8280902965053145,0.0010942221,1.1973219e-06
7606,0,1,-0.8122952,0.72701573,-0.6231622434036308,0.18913293,0.035771266
7607,0,1,0.5835488,-0.41084814,0.5176133763680997,0.06593543,0.0043474813
7608,0,1,-0.5184121,0.38963127,-0.4170270380318572,0.10138509,0.010278936
7609,0,1,0.37091208,-0.18876123,0.3629120944937534,0.007999986,6.399978e-05
7610,0,1,-0.36557603,0.22615862,-0.1179744641447424,0.24760157,0.061306536
7611,0,1,0.07421589,-0.035536766,0.1015431715696859,0.027327284,0.0007467805
7612,0,1,-0.13268971,0.029637098,-0.1615646487130528,0.028874934,0.0008337618
7613,0,1,0.116455555,-0.051966667,-0.0934507752118274,0.20990634,0.04406067
7614,0,1,0.050615788,-0.026829004,0.1472269928646437,0.0966112,0.009333724
7615,0,1,-0.17447734,0.039838076,-0.0761360400416477,0.0983413,0.009671012
7616,0,1,0.034023285,-0.020907402,0.0756978449658354,0.04167456,0.0017367691
7617,0,1,-0.10885024,0.023384333,-0.0234402418638084,0.08541,0.007294868
7618,0,1,-0.016100883,-0.004014492,-0.0489154258015558,0.032814544,0.0010767942
7619,0,1,0.008061409,-0.011972666,-0.0579427412926474,0.06600415,0.0043565477
7620,0,1,0.01665473,-0.014885426,0.0814517179156419,0.06479699,0.00419865
7621,0,1,-0.114169836,0.024807215,-0.0810455936413245,0.033124246,0.0010972157
7622,0,1,0.03872204,-0.02256751,0.0230885662557538,0.015633471,0.0002444054
7623,0,1,-0.059886694,0.0095357895,-0.1361789164303042,0.07629222,0.0058205025
7624,0,1,0.09181142,-0.042248964,0.1015855151506266,0.009774096,9.553296e-05
7625,0,1,-0.13272882,0.029647112,-0.1569797599841633,0.02425094,0.0005881081
7626,0,1,0.11199546,-0.05017972,0.1953592647653432,0.0833638,0.0069495235
7627,0,1,-0.218014,0.053218365,-0.2112072682158903,0.006806731,4.633159e-05
7628,0,1,0.16499925,-0.07220125,0.1867186107231968,0.021719366,0.00047173086
7629,0,1,-0.21023607,0.049025297,-0.1643500507985718,0.045886025,0.0021055273
7630,0,1,0.11916661,-0.053058386,0.2101090870545139,0.09094247,0.008270533
7631,0,1,-0.2312541,0.06825924,-0.3202222353245028,0.08896813,0.007915328
7632,0,1,0.27317142,-0.122584105,0.345731662765921,0.07256025,0.00526499
7633,0,1,-0.35073447,0.20822191,-0.1259301290961207,0.22480434,0.050536994
7634,0,1,0.081897736,-0.038443327,0.2176079765160516,0.13571024,0.018417269
7635,0,1,-0.23796749,0.07592034,-0.1356804078307698,0.102287084,0.010462647
7636,0,1,0.0913291,-0.042062044,0.2457549313459073,0.15442583,0.023847336
7637,0,1,-0.26305413,0.10475898,-0.2262540303771283,0.0368001,0.0013542474
7638,0,1,0.17980337,-0.07866311,0.2245186479149441,0.04471527,0.0019994555
7639,0,1,-0.24414277,0.082989216,-0.2914468055039081,0.047304034,0.0022376718
7640,0,1,0.24441648,-0.10847163,0.1999249791032729,0.0444915,0.0019794935
7641,0,1,-0.22211766,0.057869673,-0.1616996645853596,0.060417995,0.0036503342
7642,0,1,0.116586685,-0.05201912,0.148696750925704,0.032110065,0.0010310563
7643,0,1,-0.17581415,0.040148973,-0.1806514728497759,0.0048373193,2.3399658e-05
7644,0,1,0.13506508,-0.059551477,0.1274021180918998,0.007662967,5.872106e-05
7645,0,1,-0.1563983,0.035542965,-0.1841786559323908,0.027780354,0.0007717481
7646,0,1,0.13851166,-0.060979605,0.0963919017226238,0.042119756,0.0017740739
7647,0,1,-0.12794971,0.028419018,0.0504171508382205,0.17836687,0.03181474
7648,0,1,-0.08539438,0.016919851,-0.0057241292861993,0.07967025,0.006347349
7649,0,1,-0.03282523,0.0012924671,-0.0054978875436266,0.027327344,0.00074678374
7650,0,1,-0.033038616,0.0013587475,0.1898353203147671,0.22287394,0.049672794
7651,0,1,-0.21304321,0.049824953,-0.3000517876807302,0.087008566,0.0075704907
7652,0,1,0.25300026,-0.11262965,0.0976061349259196,0.15539412,0.024147334
7653,0,1,-0.12906742,0.028707504,0.0407682916532867,0.16983572,0.02884417
7654,0,1,-0.07640576,0.014360905,-0.0022324646319606,0.0741733,0.0055016787
7655,0,1,-0.03611374,0.0023174286,-0.0172319749990061,0.018881764,0.00035652102
7656,0,1,-0.021968603,-0.0021338463,0.0178905393402879,0.039859142,0.0015887512
7657,0,1,-0.055017233,0.00808382,-0.0871871618854518,0.03216993,0.0010349044
7658,0,1,0.04460597,-0.024665356,0.1685176325845234,0.123911664,0.015354101
7659,0,1,-0.19379759,0.044261217,-0.3052011466563553,0.111403555,0.012410752
7660,0,1,0.2581439,-0.11514306,0.1511931017215513,0.106950805,0.011438475
7661,0,1,-0.1780839,0.04067421,-0.0114976374815447,0.16658626,0.027750984
7662,0,1,-0.027381897,-0.0004172325,0.0748806909441186,0.10226259,0.010457637
7663,0,1,-0.108094215,0.023180962,-0.0219023356349508,0.08619188,0.0074290396
7664,0,1,-0.017554998,-0.0035464764,-0.1137284606224966,0.096173465,0.009249335
7665,0,1,0.07012129,-0.034002304,0.2462915415046218,0.17617026,0.03103596
7666,0,1,-0.26353073,0.105309725,-0.2450811070354839,0.01844962,0.00034038845
7667,0,1,0.198385,-0.08696699,0.177872629535349,0.020512372,0.00042075742
7668,0,1,-0.20225525,0.04673028,0.0265998910416409,0.22885513,0.052374672
7669,0,1,-0.06317234,0.010507822,-0.1716870745680272,0.10851474,0.011775449
7670,0,1,0.12631583,-0.055958986,0.1714523284347855,0.045136496,0.0020373033
7671,0,1,-0.19645262,0.04504013,-0.1931283287369591,0.0033242851,1.1050872e-05
7672,0,1,0.14726686,-0.06464124,0.1886441018709113,0.04137723,0.0017120753
7673,0,1,-0.21197033,0.049519777,-0.2748596535303114,0.06288934,0.003955069
7674,0,1,0.22790504,-0.10060501,0.1665187189199062,0.061386317,0.00376828
7675,0,1,-0.19198751,0.043830156,-0.2381143531965461,0.046126842,0.0021276856
7676,0,1,0.1915021,-0.08386612,0.4281140501548042,0.23661196,0.05598522
7677,0,1,-0.43009567,0.294636,-0.3887720343661671,0.041323632,0.0017076426
7678,0,1,0.34223008,-0.15873885,0.3550267955294743,0.0127967,0.00016375553
7679,0,1,-0.35877228,0.21792006,-0.5027940255729955,0.14402175,0.020742264
7680,0,1,0.4587009,-0.28054166,0.2890557019475124,0.16964519,0.02877949
7681,0,1,-0.30130315,0.14937472,-0.159182197860018,0.14212096,0.020198366
7682,0,1,0.11413741,-0.051036835,0.2668840455315076,0.15274665,0.023331538
7683,0,1,-0.28177,0.12649226,-0.3840372170176009,0.102267236,0.010458588
7684,0,1,0.33743596,-0.15602016,0.4188123102649044,0.081376344,0.0066221096
7685,0,1,-0.4208305,0.28482795,-0.2529972911658751,0.16783321,0.028167985
7686,0,1,0.20621729,-0.09053254,0.1264699670376772,0.07974732,0.006359635
7687,0,1,-0.15554571,0.03533578,-0.0819945939248034,0.07355112,0.005409767
7688,0,1,0.03963065,-0.022890568,0.1089280466039537,0.069297396,0.004802129
7689,0,1,-0.13947463,0.03135872,-0.0243515785270136,0.11512305,0.013253316
7690,0,1,-0.015238762,-0.004292965,0.0799718891100447,0.09521065,0.009065067
7691,0,1,-0.112802505,0.024442911,-0.1711447431478308,0.058342233,0.0034038161
7692,0,1,0.1257875,-0.055743456,0.1230745652903317,0.0027129278,7.359977e-06
7693,0,1,-0.15244031,0.0345788,0.019008191070041,0.1714485,0.029394588
7694,0,1,-0.056064367,0.008397579,-0.0290723124135601,0.026992055,0.00072857103
7695,0,1,-0.010770798,-0.005740881,-0.0132338877721802,0.0024630902,6.0668135e-06
7696,0,1,-0.025743723,-0.00093483925,0.0908638947690425,0.11660762,0.0135973375
7697,0,1,-0.12285614,0.02709651,0.096763669728717,0.21961981,0.04823286
7698,0,1,-0.12829185,0.028506994,-0.1808112407470221,0.052519396,0.002758287
7699,0,1,0.13522124,-0.059616327,0.1486992215091542,0.013477981,0.00018165597
7700,0,1,-0.1758163,0.04014969,-0.1696176770861566,0.006198615,3.8422826e-05
7701,0,1,0.12429881,-0.055137396,0.3272576929111266,0.20295888,0.041192308
7702,0,1,-0.33470082,0.1889844,-0.2232662198589525,0.11143461,0.012417672
7703,0,1,0.17686081,-0.07736802,0.3111422876658767,0.13428149,0.018031517
7704,0,0,-0.32065153,0.17224741,0.2531261231923563,0.5737777,0.32922083
7705,0,0,-0.26959443,0.11233282,0.1816171776559456,0.4512116,0.20359191
7706,0,0,-0.20563531,0.047706604,0.0354196202019458,0.24105492,0.058107477
7707,0,0,-0.071415424,0.012919426,0.02041002492872,0.09182545,0.008431913
7708,0,0,-0.057378054,0.008789539,-0.076057359797641,0.018679306,0.00034891648
7709,0,0,0.033948183,-0.020881176,-0.0058509428200825,0.039799124,0.0015839703
7710,0,0,-0.032705307,0.0012555122,-0.1196282409890812,0.086922936,0.007555597
7711,0,0,0.075811625,-0.036138058,-0.0504457117063146,0.12625733,0.015940914
7712,0,0,0.009516716,-0.012462616,-0.0284422231383252,0.03795894,0.001440881
7713,0,0,-0.011367083,-0.0055468082,0.0457261753368851,0.05709326,0.0032596402
7714,0,0,-0.08102703,0.015682459,-0.081688315908341,0.00066128373,4.3729617e-07
7715,0,0,0.039337873,-0.022786379,0.0839465063978694,0.04460863,0.00198993
7716,0,0,-0.11647415,0.025418043,0.0023979064874128,0.11887206,0.014130567
7717,0,0,-0.0404706,0.0036652088,-0.0623209754728786,0.021850374,0.00047743882
7718,0,0,0.020828247,-0.016316414,-0.0775562846484909,0.09838453,0.009679516
7719,0,0,0.03538227,-0.021386385,-0.0905236367463548,0.1259059,0.015852297
7720,0,0,0.047806025,-0.025814772,-0.1573331906588468,0.20513922,0.0420821
7721,0,0,0.11233854,-0.050317287,-0.2556660023563499,0.36800453,0.13542734
7722,0,0,0.20885992,-0.091744184,-0.2997815465512046,0.5086415,0.25871617
7723,1,0,-0.30586958,-0.11249852,-0.2528498433659822,0.053019732,0.002811092
7724,1,0,-0.25783205,-0.09046626,-0.162606229765382,0.095225826,0.009067958
7725,1,0,-0.16657138,-0.052374363,-0.3072543299435901,0.14068297,0.019791696
7726,1,0,-0.31353807,-0.11615038,-0.3076613821121303,0.00587669,3.4535486e-05
7727,1,0,-0.31395674,-0.11635113,-0.3840311434258003,0.07007441,0.004910423
7728,1,0,-0.39215565,-0.15601683,-0.4151405795001412,0.022984922,0.00052830664
7729,1,0,-0.42391324,-0.18675303,-0.5461558778798521,0.12224263,0.014943261
7730,1,0,-0.556972,-0.32729316,-0.6464065813678643,0.089434564,0.007998541
7731,1,0,-0.65795016,-0.43619275,-0.4976045482745168,0.16034561,0.025710717
7732,1,0,-0.5077994,-0.27496123,-0.484852777344841,0.022946596,0.00052654627
7733,1,0,-0.49485707,-0.26126385,-0.5465519454491581,0.05169487,0.0026723596
7734,1,0,-0.5573728,-0.32772183,-0.5450145311221086,0.012358248,0.0001527263
7735,1,0,-0.55581856,-0.32605982,-0.5788439071024274,0.023025334,0.000530166
7736,1,0,-0.5899818,-0.36268187,-0.529173453383394,0.06080836,0.0036976568
7737,1,0,-0.5397918,-0.30895615,-0.5170902018258574,0.022701621,0.0005153636
7738,1,0,-0.527555,-0.29592967,-0.7138810808970937,0.18632609,0.03471741
7739,1,0,-0.7254598,-0.5100615,-0.5943794238510116,0.13108039,0.017182069
7740,1,0,-0.60564256,-0.37954283,-0.669886490107277,0.06424391,0.0041272803
7741,1,0,-0.68148494,-0.46184945,-0.5990959959191833,0.08238894,0.006787937
7742,1,0,-0.6103928,-0.3846662,-0.4860557885833985,0.12433702,0.015459694
7743,1,0,-0.49607897,-0.26255536,-0.4755775386610978,0.020501435,0.00042030882
7744,1,0,-0.48543692,-0.25131392,-0.6929603379652938,0.2075234,0.043065965
7745,1,0,-0.7045691,-0.487113,-0.5824328619796129,0.122136235,0.01491726
7746,1,0,-0.5936017,-0.36657453,-0.5845918123716651,0.009009898,8.117826e-05
7747,1,0,-0.5957782,-0.36891675,-0.5272847533825447,0.068493485,0.0046913577
7748,1,0,-0.53787947,-0.30691934,-0.4830600497961077,0.054819405,0.0030051672
7749,1,0,-0.493037,-0.2593403,-0.4663356376112739,0.026701361,0.0007129627
7750,1,0,-0.4760437,-0.2414105,-0.69635122629809,0.22030753,0.048535407
7751,1,0,-0.70795774,-0.49083018,-0.7736819203873639,0.065724194,0.0043196697
7752,1,0,-0.7847519,-0.57586503,-0.6695767999198554,0.11517507,0.013265297
7753,1,0,-0.681175,-0.46151066,-0.751043823104645,0.0698688,0.0048816497
7754,1,0,-0.7624359,-0.55092,-0.8278572467095349,0.06542134,0.004279952
7755,1,0,-0.838079,-0.63572,-0.9817887010969012,0.14370972,0.020652484
7756,1,0,-0.98890567,-0.806793,-0.9548769093584956,0.03402877,0.0011579571
7757,1,0,-0.9626186,-0.7767954,-1.0276674659187974,0.06504893,0.0042313635
7758,1,0,-1.0336308,-0.8580003,-0.9137378078372476,0.119893014,0.014374335
7759,1,0,-0.92236495,-0.73100495,-0.8864997848903502,0.035865188,0.0012863117
7760,1,0,-0.895668,-0.70073605,-0.7917164373200016,0.10395157,0.01080593
7761,1,0,-0.8025172,-0.5957668,-0.8954845078863332,0.09296733,0.008642925
7762,1,0,-0.90447783,-0.7107165,-0.8990900110363174,0.0053878427,2.9028848e-05
7763,1,0,-0.9080126,-0.7147219,-0.8995835952271425,0.00842905,7.104889e-05
7764,1,0,-0.9084959,-0.71527076,-0.8154607913316947,0.0930351,0.00865553
7765,1,0,-0.82588696,-0.6220052,-0.7409550499116757,0.08493191,0.0072134295
7766,1,0,-0.75243783,-0.5398171,-0.7871398440319166,0.034702003,0.001204229
7767,1,0,-0.7980099,-0.5907142,-0.7123139507590857,0.08569592,0.007343791
7768,1,0,-0.72389555,-0.5083411,-0.7401122992544344,0.016216755,0.00026298314
7769,1,0,-0.75159883,-0.53888917,-0.8150618246415893,0.06346297,0.0040275487
7770,1,0,-0.8254945,-0.6215639,-1.0039166416638836,0.1784221,0.031834442
7771,1,0,-1.0104918,-0.83148146,-1.0663582170983783,0.05586636,0.0031210503
7772,1,0,-1.0712569,-0.90124106,-1.187331888106802,0.11607504,0.013473415
7773,1,0,-1.1883142,-1.0366557,-1.0916463945524126,0.09666777,0.009344657
7774,1,0,-1.095802,-0.92952585,-1.0725221442237691,0.023279786,0.0005419484
7775,1,0,-1.0772431,-0.90813494,-1.106537159534556,0.029294014,0.00085813925
7776,1,0,-1.1102369,-0.94618726,-0.978265348901711,0.13197154,0.017416487
7777,1,0,-0.985466,-0.80286384,-0.8989085026004817,0.08655751,0.0074922023
7778,1,0,-0.90783453,-0.71452,-0.829123643717145,0.07871091,0.006195408
7779,1,0,-0.8393245,-0.6371219,-0.7236495542905539,0.11567491,0.013380686
7780,1,0,-0.7352011,-0.5207896,-0.893993620522227,0.1587925,0.025215056
7781,1,0,-0.90301585,-0.7090597,-0.871959827975969,0.031056046,0.000964478
7782,1,0,-0.8814037,-0.6845958,-1.039086475449618,0.15768278,0.024863858
7783,1,0,-1.0447445,-0.8707578,-1.1712434164209315,0.12649894,0.01600198
7784,1,0,-1.1728008,-1.018635,-1.164623051990253,0.008177757,6.687571e-05
7785,1,0,-1.1664121,-1.0112205,-1.0307393394088735,0.13567281,0.01840711
7786,1,0,-1.0366209,-0.8614316,-1.0744959373921046,0.037875056,0.0014345199
7787,1,0,-1.0791595,-0.9103415,-1.084535520695613,0.0053759813,2.8901175e-05
7788,1,0,-1.0889037,-0.9215708,-1.0178667692406909,0.071036935,0.005046246
7789,1,0,-1.024086,-0.8470552,-1.3121888023796109,0.28810275,0.08300319
7790,1,0,-1.3091383,-1.1765064,-1.3156308595114563,0.0064926147,4.2154046e-05
7791,1,0,-1.312632,-1.1803606,-1.4516966748348712,0.13906467,0.019338982
7792,1,0,-1.4502422,-1.3324748,-1.7255891943210062,0.275347,0.07581597
7793,1,0,-1.7237313,-1.6361446,-1.5915446169723646,0.13218665,0.01747331
7794,1,0,-1.5905515,-1.4880834,-1.6105308853810234,0.019979358,0.00039917472
7795,1,0,-1.6094984,-1.509129,-1.7665130433232643,0.15701461,0.024653587
7796,1,0,-1.7641025,-1.6810786,-1.5710226354290335,0.19307983,0.037279822
7797,1,0,-1.5700428,-1.4653122,-1.611108965548985,0.04106617,0.0016864303
7798,1,0,-1.6100744,-1.5097688,-1.7642516153088843,0.15417719,0.023770606
7799,1,1,-1.7618761,-1.6785997,1.5976079836845547,3.3594842,11.286134
7800,1,1,1.6073914,1.5910068,-1.3899784339073449,2.9973698,8.984225
7801,1,1,-1.3879424,-1.26354,1.0829462155266287,2.4708886,6.1052904
7802,0,1,-1.0378573,1.0108728,-0.8731438105742786,0.1647135,0.027130539
7803,0,1,0.8472736,-0.68590975,0.5950740160162575,0.2521996,0.06360463
7804,0,1,-0.593596,0.47272897,-0.5821237347627699,0.011472225,0.00013161195
7805,0,1,0.54078746,-0.3662393,0.4971806236375218,0.043606848,0.0019015572
7806,0,1,-0.49838352,0.3678453,-0.3904527093939576,0.10793081,0.011649059
7807,0,1,0.34393215,-0.16052103,0.3953514889174836,0.051419348,0.0026439494
7808,0,1,-0.3973925,0.2601478,-0.3449427553734114,0.052449763,0.0027509776
7809,0,1,0.29798698,-0.13518357,0.2677500022689747,0.03023699,0.00091427553
7810,0,1,-0.28253484,0.12738466,-0.2938192594363191,0.011284411,0.00012733793
7811,0,1,0.24678135,-0.10961342,0.1144114851961455,0.13236986,0.01752178
7812,0,1,-0.14450502,0.032619953,-0.0753907163761451,0.069114305,0.004776787
7813,0,1,0.03331089,-0.020656824,-0.0025742193454076,0.03588511,0.0012877411
7814,0,1,-0.035791397,0.002216816,-0.106496059068188,0.07070466,0.004999149
7815,0,1,0.06315446,-0.031413794,0.042885119528115,0.020269338,0.00041084606
7816,0,1,-0.07837987,0.014926672,-0.1740878974681838,0.09570803,0.009160027
7817,0,1,0.12865758,-0.056916237,0.0627396397670616,0.06591794,0.004345175
7818,0,1,-0.0968442,0.02011466,-0.2774797258270935,0.18063554,0.0326292
7819,0,1,0.23051,-0.10183525,0.1861011576886979,0.044408843,0.0019721454
7820,0,1,-0.20967889,0.048866987,-0.2272803403614829,0.017601445,0.0003098109
7821,0,1,0.1808145,-0.07910967,0.1780679323817819,0.0027465671,7.543631e-06
7822,0,1,-0.20243192,0.046780825,-0.2214541502867018,0.019022226,0.0003618451
7823,0,1,0.17507648,-0.07658553,-0.0617699302044005,0.23684642,0.056096226
7824,0,1,0.020303011,-0.016135931,0.0837543962284859,0.06345139,0.0040260786
7825,0,1,-0.11629677,0.025371075,-0.2234142752540999,0.107117504,0.01147416
7826,0,1,0.17700648,-0.0774312,0.2660873780183084,0.0890809,0.007935407
7827,0,1,-0.28106618,0.12567139,-0.2022774095999286,0.07878877,0.0062076706
7828,0,1,0.15623331,-0.06843901,0.3652595637190483,0.20902625,0.04369197
7829,0,1,-0.36759925,0.22861218,-0.2901365593744627,0.0774627,0.0060004704
7830,0,1,0.2431097,-0.10784316,0.3637663224756688,0.12065661,0.014558017
7831,0,1,-0.36631274,0.22705102,-0.2307691269783585,0.13554361,0.018372072
7832,0,1,0.1842537,-0.08063221,0.2479260432050658,0.06367235,0.0040541682
7833,0,1,-0.2649815,0.10698891,-0.1453220250242624,0.11965948,0.014318392
7834,0,1,0.1006732,-0.045701027,0.0139609422508422,0.086712256,0.0075190156
7835,0,1,-0.051332712,0.006975889,0.0334927479303281,0.084825456,0.007195358
7836,0,1,-0.0696156,0.012396574,-0.1882002279050305,0.11858462,0.0140623115
7837,0,1,0.14244366,-0.062618494,0.0977020222249103,0.044741638,0.002001814
7838,0,1,-0.1291554,0.028730154,-0.2446005674342415,0.11544517,0.013327586
7839,0,1,0.19791007,-0.08675194,0.1659643202487144,0.03194575,0.0010205309
7840,0,1,-0.19148612,0.04371786,-0.1727250385235126,0.018761083,0.00035197826
7841,0,1,0.12732816,-0.056372643,0.2307721994052234,0.10344404,0.010700669
7842,0,1,-0.24972177,0.089392185,-0.1515132519095869,0.09820852,0.009644913
7843,0,1,0.106683254,-0.048068047,0.0739415010004176,0.032741755,0.0010720225
7844,0,1,-0.1072247,0.02294612,-0.1710817313358132,0.063857034,0.004077721
7845,0,1,0.12572598,-0.05571866,0.1340049457705889,0.008278966,6.8541274e-05
7846,0,1,-0.16242933,0.03699541,-0.2191065875317339,0.056677252,0.0032123108
7847,0,1,0.17276645,-0.0755744,0.2132209016385289,0.040454447,0.0016365623
7848,0,1,-0.23404169,0.0714376,-0.2444661215439563,0.010424435,0.00010866885
7849,0,1,0.19777799,-0.086692095,0.1030181826866059,0.09475981,0.008979421
7850,0,1,-0.13404608,0.029983282,-0.1402366437103293,0.006190568,3.8323135e-05
7851,0,1,0.0957427,-0.04377389,0.0902804203635043,0.0054622814,2.9836518e-05
7852,0,1,-0.12231803,0.026955843,-0.0244221943746643,0.09789583,0.009583593
7853,0,1,-0.015171766,-0.004314184,0.2271802473738065,0.24235201,0.058734495
7854,0,1,-0.24651885,0.08571339,-0.0826323332996286,0.16388652,0.02685879
7855,0,1,0.04024148,-0.023107767,0.0496430253744937,0.009401545,8.8389046e-05
7856,0,1,-0.08467364,0.01671648,-0.1459760907082743,0.061302453,0.0037579907
7857,0,1,0.10130763,-0.045948744,0.0799846559394095,0.021322973,0.00045466918
7858,0,1,-0.11281371,0.02444601,-0.2223612270189754,0.10954751,0.012000657
7859,0,1,0.17596936,-0.076976776,0.184479525518729,0.0085101575,7.242278e-05
7860,0,1,-0.20821738,0.048447847,-0.1249797481469201,0.08323763,0.0069285035
7861,0,1,0.080979586,-0.03809452,0.0553821830975023,0.025597401,0.00065522693
7862,0,1,-0.0900116,0.01821804,-0.0697715660580042,0.020240031,0.00040965885
7863,0,1,0.027940273,-0.01877737,-0.0220110280034142,0.0499513,0.0024951324
7864,0,1,-0.017451763,-0.0035805702,0.1254469482866449,0.14289871,0.020420041
7865,0,1,-0.1546104,0.035107613,-0.0925036480875731,0.06210675,0.0038572485
7866,0,1,0.049705744,-0.02650094,0.0236802560376867,0.026025487,0.000677326
7867,0,1,-0.060440302,0.009700298,-0.064182124621233,0.0037418231,1.4001241e-05
7868,0,1,0.022603989,-0.01692772,0.3020134035212733,0.2794094,0.07806962
7869,0,1,-0.31266785,0.16278434,-0.2367491969672928,0.075918645,0.0057636406
7870,0,1,0.19015408,-0.083262205,0.084474994122131,0.10567908,0.011168068
7871,0,1,-0.116962194,0.025547266,-0.0729311820930145,0.04403101,0.0019387298
7872,0,1,0.03095889,-0.019832373,0.19286497900287,0.1619061,0.026213583
7873,0,1,-0.21577072,0.050678253,-0.2140484398666249,0.0017222762,2.9662353e-06
7874,0,1,0.1677916,-0.073409796,0.0873347875108661,0.080456816,0.006473299
7875,0,1,-0.11960149,0.026243925,0.0564565377152974,0.17605802,0.030996429
7876,0,1,-0.091009855,0.018496513,0.0360948496659547,0.1271047,0.016155604
7877,0,1,-0.0720458,0.013101816,0.071123461498582,0.14316925,0.020497436
7878,0,1,-0.10461521,0.022240639,0.0421782682574423,0.14679348,0.021548327
7879,0,1,-0.07772064,0.014738083,-0.195055335615645,0.11733469,0.013767431
7880,0,1,0.14915442,-0.065436125,0.1653592315891563,0.016204804,0.00026259568
7881,0,1,-0.19093776,0.043595314,-0.0682021522923155,0.122735605,0.015064029
7882,0,1,0.026440859,-0.018256664,0.1842343127906294,0.15779345,0.024898771
7883,0,1,-0.20799613,0.048384428,-0.1351652054626546,0.07283093,0.0053043445
7884,0,1,0.09083009,-0.041870117,0.0783324225476795,0.0124976635,0.0001561916
7885,0,1,-0.1112864,0.024038553,-0.0377689152549107,0.07351749,0.0054048207
7886,0,1,-0.0025265217,-0.008443356,0.1149513317560106,0.11747786,0.013801047
7887,0,1,-0.14500093,0.032742023,-0.1490061613629691,0.0040052235,1.6041815e-05
7888,0,1,0.104248285,-0.047106504,0.1203088314952043,0.016060546,0.00025794114
7889,0,1,-0.14990902,0.033956528,-0.0734457675004387,0.07646325,0.005846629
7890,0,1,0.031450987,-0.02000475,-0.0775925741574106,0.10904356,0.011890498
7891,0,1,0.03541732,-0.021398783,-0.049379222229156,0.08479654,0.0071904534
7892,0,1,0.008501768,-0.012121201,0.0149807200071307,0.0064789522,4.1976822e-05
7893,0,1,-0.05228877,0.007264614,0.0739606371239789,0.1262494,0.015938912
7894,0,1,-0.107242346,0.022950888,-0.0272712337384231,0.07997111,0.0063953786
7895,0,1,-0.012475252,-0.005186796,0.0573325588547892,0.06980781,0.0048731305
7896,0,1,-0.09182382,0.018722773,-0.0058286382817933,0.085995175,0.00739517
7897,0,1,-0.032726765,0.0012612343,0.0317204124145806,0.06444718,0.004153439
7898,0,1,-0.067959785,0.011913538,-0.1031934871344697,0.0352337,0.0012414135
7899,0,1,0.059977055,-0.03024292,0.1791197116346503,0.11914265,0.014194972
7900,0,1,-0.20338178,0.047056675,-0.3545724734439859,0.1511907,0.022858627
7901,0,1,0.30768085,-0.1402123,0.4295564541208825,0.121875614,0.014853666
7902,0,1,-0.43153048,0.29615784,-0.3454645213237142,0.08606595,0.007407347
7903,0,1,0.29851174,-0.13545418,0.3032716016899131,0.004759848,2.2656153e-05
7904,0,1,-0.31376958,0.16408777,-0.3476929627014025,0.033923388,0.0011507962
7905,0,1,0.3007536,-0.13661242,0.3222107348742464,0.021457136,0.00046040866
7906,0,1,-0.330307,0.18373895,-0.0964805203480034,0.23382649,0.054674827
7907,0,1,0.053524017,-0.027884483,0.0485105696353773,0.0050134473,2.5134654e-05
7908,0,1,-0.083619356,0.016418695,-0.0431375684162613,0.040481787,0.0016387751
7909,0,1,0.0025696754,-0.010133266,-0.0294832929741568,0.032052968,0.0010273927
7910,0,1,-0.010380983,-0.0058677197,0.0616405666318486,0.07202155,0.005187104
7911,0,1,-0.095824,0.019832373,0.1047350947165495,0.2005591,0.04022395
7912,0,1,-0.1356237,0.030384064,0.0904259190106713,0.2260496,0.05109842
7913,0,1,-0.122452736,0.026991129,0.0429224630806466,0.1653752,0.027348958
7914,0,1,-0.0784142,0.014936924,-0.0460361446648867,0.03237806,0.0010483387
7915,0,1,0.0053236485,-0.011053324,0.0272744888628904,0.021950841,0.0004818394
7916,0,1,-0.06380367,0.010694265,-0.1258590332070217,0.062055364,0.0038508682
7917,0,1,0.08182907,-0.038417578,0.1561662446220766,0.07433717,0.0055260146
7918,0,1,-0.18260121,0.041711092,-0.1646196856514503,0.01798153,0.0003233354
7919,0,1,0.11942887,-0.053164005,0.2697270906143809,0.15029821,0.022589551
7920,0,1,-0.28428102,0.12942195,-0.1728119485017729,0.11146906,0.012425351
7921,0,1,0.12741375,-0.056406975,-0.0326834542482217,0.16009721,0.025631117
7922,0,1,-0.007349491,-0.006857395,0.250615527925937,0.25796503,0.066545956
7923,0,1,-0.26736808,0.10975218,-0.0727569020514691,0.19461118,0.03787351
7924,0,1,0.030792236,-0.019773722,0.1363778526385148,0.10558562,0.011148323
7925,0,1,-0.16459394,0.037512302,-0.1364440098482822,0.028149918,0.00079241785
7926,0,1,0.092068195,-0.04234767,0.2064237803959003,0.11435558,0.0130771985
7927,0,1,-0.22795057,0.06449795,-0.1928962822289563,0.035054296,0.0012288037
7928,0,1,0.14704037,-0.06454563,-0.0235292891853657,0.17056966,0.029094009
7929,0,1,-0.016016245,-0.0040416718,0.0534110163523906,0.06942727,0.004820145
7930,0,1,-0.08817887,0.017704248,-0.1095461827240673,0.021367311,0.000456562
7931,0,1,0.0660913,-0.032501698,0.0398345865639804,0.026256714,0.000689415
7932,0,1,-0.075535536,0.014111042,-0.171002615577593,0.095467076,0.009113963
7933,0,1,0.12564898,-0.05568695,0.3050426527941221,0.17939368,0.032182094
7934,0,1,-0.31531882,0.16592264,-0.2336243847008998,0.08169444,0.0066739814
7935,0,1,0.18707061,-0.08188534,0.2438188499136431,0.05674824,0.0032203628
7936,0,1,-0.26133347,0.10277152,-0.1863201037399151,0.075013354,0.0056270035
7937,0,1,0.14060545,-0.061850786,0.2421231730401705,0.10151772,0.010305848
7938,0,1,-0.2598269,0.10103035,-0.2915120415482213,0.031685144,0.0010039484
7939,0,1,0.24448133,-0.108502865,0.2007721895725427,0.04370913,0.001910488
7940,0,1,-0.2228787,0.05873418,-0.0816520496161858,0.14122665,0.019944966
7941,0,1,0.039302826,-0.02277422,0.2290585185519291,0.1897557,0.03600722
7942,0,1,-0.24819398,0.08763671,-0.1777029797283389,0.070491,0.0049689813
7943,0,1,0.1321857,-0.058363676,0.2050665347514413,0.072880834,0.005311616
7944,0,1,-0.22673321,0.06311345,-0.135890756046209,0.090842456,0.008252352
7945,0,1,0.09153271,-0.04214096,0.1057857838641314,0.01425308,0.00020315028
7946,0,1,-0.13658929,0.030629635,0.0762826022199965,0.2128719,0.045314442
7947,0,1,-0.109390736,0.023530006,-0.1684848904097045,0.05909416,0.00349212
7948,0,1,0.123194695,-0.054688692,0.028785727583775,0.09440897,0.008913053
7949,0,1,-0.06521702,0.011110067,-0.2180326739202924,0.15281565,0.023352625
7950,0,1,0.1717093,-0.075113535,0.1837502735530773,0.012040973,0.00014498502
7951,0,1,-0.20755982,0.048259735,-0.2013535855235462,0.006206244,3.8517468e-05
7952,0,1,0.15532684,-0.068053246,0.1335316789629459,0.021795169,0.00047502937
7953,0,1,-0.16199708,0.036891937,-0.0028460240785053,0.15915106,0.02532906
7954,0,1,-0.03553629,0.0021371841,0.1467953839427838,0.18233167,0.033244837
7955,0,1,-0.17408442,0.039747,-0.1560902105656163,0.01799421,0.0003237916
7956,0,1,0.111130476,-0.04983473,0.1976682451084785,0.08653776,0.0074887844
7957,0,1,-0.22009015,0.055570364,-0.1401356061056105,0.07995455,0.00639273
7958,0,1,0.095644236,-0.04373598,-0.0048653408923091,0.10050958,0.010102175
7959,0,1,-0.033634186,0.0015451908,0.0226734633650709,0.05630765,0.0031705515
7960,0,1,-0.05949807,0.009420872,-0.0207174751211511,0.038780596,0.0015039346
7961,0,1,-0.018675089,-0.0031867027,0.0218654119149035,0.0405405,0.0016435323
7962,0,1,-0.058741093,0.009196281,-0.0913390712520243,0.03259798,0.0010626283
7963,0,1,0.048588514,-0.02609706,0.1747660025323352,0.12617749,0.015920758
7964,0,1,-0.19944882,0.045915365,-0.3012649881674134,0.10181618,0.010366534
7965,0,1,0.25421214,-0.113220215,0.193919292488454,0.060292855,0.0036352284
7966,0,1,-0.21671915,0.05175233,-0.1126051832293693,0.104113966,0.010839718
7967,0,1,0.06903887,-0.033597708,-0.0446939630389415,0.11373283,0.012935157
7968,0,1,0.0040478706,-0.010626316,0.0446307654402868,0.040582895,0.0016469714
7969,0,1,-0.08000612,0.015392065,-0.317858662753292,0.23785254,0.056573834
7970,0,1,0.2708044,-0.12140226,0.4473805125411143,0.17657611,0.031179123
7971,0,1,-0.44923496,0.3149898,-0.4497293445910082,0.0004943907,2.4442218e-07
7972,0,1,0.40425944,-0.22364354,0.3506250667622619,0.053634375,0.0028766461
7973,0,1,-0.35496855,0.21332598,-0.2541629337725797,0.10080561,0.010161771
7974,0,1,0.20737171,-0.09106088,0.2026310936861715,0.0047406107,2.247339e-05
7975,0,1,-0.22454834,0.06062913,-0.2985824710856031,0.074034125,0.0054810517
7976,0,1,0.251534,-0.11191583,0.4049759079369517,0.15344194,0.023544427
7977,0,1,-0.40701962,0.2702632,-0.5008080248211098,0.093788385,0.008796262
7978,0,1,0.45665693,-0.27840543,0.3546023598278327,0.102054566,0.010415134
7979,0,1,-0.35840583,0.21747684,-0.2976895039476317,0.06071633,0.0036864728
7980,0,1,0.25064301,-0.111483574,0.2463881649622656,0.0042548478,1.810373e-05
7981,0,1,-0.26361609,0.10540867,-0.0807486768927563,0.18286741,0.03344049
7982,0,1,0.038437605,-0.022467375,0.0947697313543827,0.056332126,0.0031733084
7983,0,1,-0.12645555,0.028032541,-0.2136833175901555,0.08722778,0.007608685
7984,0,1,0.16743302,-0.073254585,0.1461424326047438,0.021290585,0.00045328902
7985,0,1,-0.17349029,0.03960824,-0.1973312003232821,0.02384092,0.0005683894
7986,0,1,0.1513834,-0.06637907,0.0733332850880796,0.078050114,0.0060918205
7987,0,1,-0.10666156,0.022794008,-0.0174082456295319,0.089253314,0.007966154
7988,0,1,-0.021801949,-0.0021874905,-0.0407312530938859,0.018929303,0.0003583185
7989,0,1,0.00028467178,-0.009373903,-0.0553735837434659,0.055658255,0.0030978413
7990,0,1,0.014207125,-0.014051199,-0.0370787165600261,0.05128584,0.0026302375
7991,0,1,-0.003181219,-0.00822711,0.1871509360148953,0.19033216,0.036226332
7992,0,0,-0.21062517,0.04913664,0.1299072251115021,0.3405324,0.11596231
7993,0,0,-0.15868735,0.03609681,0.1476944310148646,0.30638176,0.09386978
7994,0,0,-0.17490196,0.039937735,0.0456228950991084,0.22052486,0.048631214
7995,0,0,-0.08093071,0.015654802,0.0664337275347728,0.14736444,0.021716278
7996,0,0,-0.10027027,0.021055937,-0.0595784766631455,0.040691793,0.001655822
7997,0,0,0.018213749,-0.015418768,-0.0196127883730659,0.037826538,0.001430847
7998,0,0,-0.01971984,-0.0028529167,0.0298668189578612,0.049586657,0.0024588367
7999,0,0,-0.066227674,0.011407375,0.0024766818178521,0.06870436,0.004720289
8000,0,0,-0.040544987,0.0036878586,-0.0221216809543811,0.018423306,0.00033941818
8001,0,0,-0.017347574,-0.0036139488,-0.0369340457692044,0.01958647,0.0003836298
8002,0,0,-0.0033192635,-0.008180618,-0.0737065411451274,0.070387274,0.0049543683
8003,0,0,0.031700373,-0.020091534,-0.0507254370639351,0.08242581,0.006794014
8004,0,0,0.00978303,-0.012552261,0.0847682839286645,0.07498525,0.005622788
8005,0,0,-0.11723256,0.02561903,0.036753193805525,0.15398575,0.023711612
8006,0,0,-0.07266021,0.013280153,0.1504172182962464,0.22307743,0.04976354
8007,0,0,-0.17737818,0.040511608,0.1809815835195229,0.35835975,0.12842171
8008,0,0,-0.20506167,0.04754114,0.0694490497992577,0.27451074,0.07535615
8009,1,0,0.069844246,0.021819115,0.085514168031946,0.01566992,0.00024554637
8010,1,0,0.08628583,0.025800943,0.2078808401750422,0.12159501,0.014785347
8011,1,0,0.21174955,0.06598449,0.239641513120437,0.027891964,0.0007779616
8012,1,0,0.24436927,0.09848428,0.116471995560305,0.12789726,0.01635771
8013,1,0,0.117990494,0.033088684,0.0979417173618162,0.020048775,0.00040195338
8014,1,0,0.09900975,0.028786898,0.1919292057134649,0.092919454,0.008634025
8015,1,0,0.19537425,0.05035901,0.1725790822973616,0.02279517,0.0005196198
8016,1,0,0.17551732,0.045337915,0.3055104966305393,0.12999317,0.016898224
8017,1,0,0.31207204,0.1664083,0.4010232486161404,0.0889512,0.007912316
8018,1,0,0.4098475,0.26610732,0.6112091725698403,0.20136166,0.040546518
8019,1,0,0.6188929,0.4901352,0.6558852902778369,0.03699237,0.0013684356
8020,1,0,0.66342163,0.5384977,0.8491131813411292,0.18569154,0.034481347
8021,1,0,0.85617113,0.75023603,1.0741547967710088,0.21798372,0.047516905
8022,1,0,1.0805144,1.0010085,1.0551924359464864,0.02532196,0.0006412017
8023,1,0,1.0616331,0.97974634,1.216564463058909,0.1549313,0.02400371
8024,1,0,1.2220883,1.1612167,1.269201001957136,0.047112703,0.002219607
8025,1,0,1.2742934,1.2205987,1.204198478277775,0.07009494,0.004913301
8026,1,0,1.2098131,1.1472759,1.1838130696614084,0.026000023,0.0006760012
8027,1,0,1.189569,1.1243038,1.1253146377569592,0.0642544,0.0041286284
8028,1,0,1.131423,1.0584655,1.1600378686503574,0.028614879,0.0008188113
8029,1,0,1.1659455,1.0975294,1.095623745895868,0.0703218,0.0049451552
8030,1,0,1.1018834,1.0251045,1.2038473319952314,0.10196388,0.010396632
8031,1,0,1.2094646,1.1468797,1.1042772028749197,0.1051873,0.011064367
8032,1,0,1.1104941,1.0348225,1.047019229612101,0.06347489,0.004029062
8033,1,0,1.0534935,0.9705887,0.8462081439200912,0.20728534,0.042967215
8034,1,0,0.85327315,0.7470257,0.5662066418464087,0.28706652,0.082407184
8035,1,0,0.57406545,0.44166923,0.4467149116847446,0.12735054,0.01621816
8036,1,0,0.4552114,0.31428552,0.5684539424525905,0.11324257,0.012823879
8037,1,0,0.5763037,0.44408345,0.5273603125914579,0.0489434,0.0023954564
8038,1,0,0.53539586,0.40004373,0.6638326060156934,0.12843674,0.016495997
8039,1,0,0.6713445,0.54712677,0.6710269863664409,0.00031751394,1.008151e-07
8040,1,0,0.6785176,0.55494356,0.727111769238546,0.048594177,0.002361394
8041,1,0,0.734452,0.6160865,0.6073493260806409,0.12710267,0.01615509
8042,1,0,0.615047,0.4859681,0.7569628824083128,0.14191592,0.020140128
8043,1,0,0.7642307,0.6487708,0.8699566105475203,0.105725884,0.011177963
8044,1,0,0.876966,0.7732973,0.8603194154901628,0.016646564,0.0002771081
8045,1,0,0.8673513,0.76263046,0.8057395236940206,0.06161177,0.0037960105
8046,1,0,0.81289554,0.7023752,0.9449058285634782,0.13201028,0.017426714
8047,1,0,0.9517236,0.8565264,1.0168609444367749,0.06513739,0.004242879
8048,1,0,1.0234499,0.9368291,1.0137701196078202,0.009679794,9.3698414e-05
8049,1,0,1.02037,0.9333732,0.9774432727930278,0.04292673,0.001842704
8050,1,0,0.9841647,0.8927944,0.8896073796119786,0.094557345,0.008941092
8051,1,0,0.89656925,0.7950742,0.8216968256593207,0.074872434,0.0056058816
8052,1,0,0.82881737,0.7199619,0.7761490681430798,0.052668273,0.002773947
8053,1,0,0.7833724,0.6698272,0.7818742323914045,0.0014981627,2.2444917e-06
8054,1,0,0.78908443,0.6761174,0.6686273995177192,0.12045705,0.014509901
8055,1,0,0.6761255,0.5523355,0.655474018332399,0.02065152,0.00042648526
8056,1,0,0.66301155,0.53805137,0.6224397457038156,0.04057181,0.0016460717
8057,1,0,0.63008475,0.502269,0.954798789170186,0.32471406,0.10543922
8058,1,0,0.9615884,0.8675456,0.9334854510904592,0.028102934,0.00078977493
8059,1,0,0.9403348,0.8438153,0.9038987368833816,0.03643608,0.001327588
8060,1,0,0.91082525,0.8109331,0.9136284667545588,0.0028032064,7.857966e-06
8061,1,0,0.9205301,0.82173824,0.8590235544227243,0.06150651,0.0037830507
8062,1,0,0.8660586,0.7611973,0.9719681798535248,0.105909586,0.011216841
8063,1,0,0.97870636,0.8866856,0.9336032401489192,0.045103133,0.0020342926
8064,1,0,0.9404521,0.8439472,0.7938553030114766,0.14659679,0.021490619
8065,1,0,0.8010385,0.68929243,0.9338704491820368,0.13283193,0.017644322
8066,1,0,0.9407182,0.84424424,0.8717456916447626,0.06897247,0.0047572013
8067,1,0,0.87875104,0.77527976,0.8302570246102179,0.04849404,0.002351672
8068,1,0,0.8373575,0.72940755,0.8676763651070947,0.030318856,0.000919233
8069,1,0,0.874691,0.77077293,0.8746652577006664,2.5749207e-05,6.6302164e-10
8070,1,0,0.88166356,0.7785127,0.8203532477639555,0.06131029,0.0037589518
8071,1,0,0.8274765,0.7184801,0.7543081940887837,0.07316828,0.005353597
8072,1,0,0.7615826,0.64586043,0.5876971835020544,0.1738854,0.030236134
8073,1,0,0.5954685,0.46478152,0.6690854432296796,0.07361692,0.0054194513
8074,1,0,0.67658186,0.55283284,0.6557936161150382,0.020788252,0.00043215143
8075,1,0,0.66332984,0.53839874,0.6260246389632536,0.037305176,0.0013916761
8076,1,0,0.633657,0.5061469,0.6453213556038921,0.011664391,0.000136058
8077,1,0,0.65289044,0.5270407,0.7705367960877649,0.11764634,0.01384066
8078,1,0,0.7777734,0.66366315,0.800833517077602,0.023060143,0.0005317702
8079,1,0,0.8080013,0.69697213,0.8372540720690189,0.029252768,0.0008557244
8080,1,0,0.8443389,0.7371335,0.8282066130890797,0.016132295,0.00026025093
8081,1,0,0.8353126,0.7271433,0.7781896250091913,0.057123005,0.0032630377
8082,1,0,0.7854085,0.67206836,0.7261659715427968,0.059242547,0.0035096793
8083,1,0,0.7335088,0.6150527,0.5846847213800257,0.1488241,0.022148611
8084,1,0,0.592468,0.46153784,0.7185007774878174,0.12603277,0.01588426
8085,1,0,0.72586346,0.60667634,0.7828592534021066,0.05699581,0.0032485223
8086,1,0,0.79006815,0.6772001,0.7104319608177985,0.079636216,0.0063419268
8087,1,0,0.71781516,0.59786606,0.6894657113021982,0.02834946,0.00080369186
8088,1,0,0.6969054,0.575006,0.6438502239081427,0.053055167,0.0028148508
8089,1,0,0.65142417,0.5254469,0.5524863601363523,0.09893781,0.00978869
8090,1,0,0.56040454,0.42694473,0.7059860393565334,0.14558148,0.021193968
8091,1,0,0.7133808,0.5930145,0.6924997745272341,0.020881057,0.00043601854
8092,1,0,0.6999309,0.5783117,0.795138702967841,0.09520781,0.009064527
8093,1,0,0.8023188,0.6907048,0.6865816235449458,0.1157372,0.013395099
8094,1,0,0.69402814,0.5718653,0.6067716547531647,0.08725649,0.007613695
8095,1,0,0.61447096,0.4853444,0.8117182570305692,0.19724733,0.038906507
8096,1,0,0.818861,0.70896125,0.7719592736369076,0.046901762,0.0021997753
8097,1,0,0.7791927,0.66522646,0.8164293199457862,0.03723663,0.0013865667
8098,1,0,0.82356167,0.7141545,0.8395016365748043,0.015939951,0.00025408203
8099,1,0,0.84658194,0.7396152,0.852953627456285,0.006371677,4.059827e-05
8100,1,0,0.860003,0.754483,0.7514996046573166,0.1085034,0.011772988
8101,1,0,0.7587812,0.6427815,0.6517669065785188,0.1070143,0.01145206
8102,1,0,0.6593163,0.53403044,0.6054703597545781,0.053845942,0.0028993855
8103,1,0,0.6131749,0.48394012,0.5029411097202572,0.11023378,0.012151487
8104,1,0,0.51110196,0.37398148,0.5142025451126,0.003100574,9.613559e-06
8105,1,0,0.52230453,0.38599062,0.4178686580727966,0.10443589,0.010906856
8106,1,0,0.4265654,0.28383374,0.3051426721422525,0.12142274,0.014743481
8107,1,0,0.31169367,0.16602635,0.2448974851688237,0.06679618,0.0044617304
8108,1,0,0.24976921,0.10387921,0.2038918164917125,0.045877397,0.0021047355
8109,1,0,0.20765424,0.061915398,0.3986070976862703,0.19095287,0.036462996
8110,1,0,0.40744972,0.26356816,0.4625566655363378,0.055106938,0.0030367747
8111,1,0,0.47095132,0.33105993,0.3160707762234933,0.15488055,0.023987986
8112,1,0,0.32293177,0.17736149,0.3277519513520359,0.004820198,2.3234306e-05
8113,1,0,0.3349452,0.18949866,0.2563593286141268,0.07858586,0.006175738
8114,1,0,0.2615466,0.11565733,0.2985673246385216,0.037020713,0.0013705333
8115,1,0,0.30493307,0.15921497,0.2342901240097874,0.07064295,0.004990426
8116,1,0,0.23887205,0.09299636,0.3033773776373558,0.06450534,0.004160939
8117,1,0,0.3098786,0.1641972,0.2522384126849801,0.057640165,0.0033223887
8118,1,0,0.25731182,0.111419916,0.3045091830961604,0.04719737,0.0022275918
8119,1,0,0.31104255,0.16536975,0.4744657065710749,0.16342315,0.026707126
8120,1,0,0.48278785,0.34369302,0.5412738827732979,0.058486044,0.0034206174
8121,1,0,0.54924273,0.41492987,0.5351824705443753,0.014060259,0.00019769088
8122,1,0,0.5431802,0.40840936,0.4723492263070885,0.070831,0.0050170305
8123,1,0,0.480685,0.34144735,0.3906475887632452,0.090037405,0.008106735
8124,1,0,0.39955354,0.25521016,0.3984288929380501,0.0011246502,1.2648381e-06
8125,1,0,0.40727282,0.26338053,0.4121949176173811,0.004922092,2.4226989e-05
8126,1,0,0.42093396,0.2778585,0.4442771303524147,0.023343176,0.00054490386
8127,1,0,0.45278955,0.3117075,0.4323941903852732,0.020395368,0.00041597104
8128,1,0,0.44098783,0.29915285,0.4326658584835421,0.008321971,6.92552e-05
8129,1,0,0.44125724,0.29943943,0.5555247068112772,0.11426747,0.013057054
8130,1,0,0.56342983,0.4302039,0.6013822079746145,0.037952363,0.0014403819
8131,1,0,0.6091018,0.47952962,0.4422652397601103,0.16683653,0.027834428
8132,1,0,0.45079184,0.30958056,0.5747795400704709,0.123987675,0.015372943
8133,1,0,0.582603,0.45088172,0.6649961934252095,0.08239323,0.006788644
8134,1,0,0.6725056,0.54839015,0.7712378218029325,0.09873223,0.009748054
8135,1,0,0.7784724,0.66443396,0.6164816735750516,0.16199076,0.026241006
8136,1,0,0.62414694,0.49583077,0.3794672548717237,0.24467969,0.05986815
8137,1,0,0.38814712,0.24348426,0.2872170107158824,0.100930095,0.010186884
8138,1,0,0.29326344,0.14747429,0.3513216131551173,0.058058172,0.0033707514
8139,1,0,0.35919046,0.21405172,0.3226164727413296,0.036574006,0.0013376579
8140,1,0,0.32966375,0.18416023,0.2858246766103365,0.043839067,0.0019218638
8141,1,0,0.29183173,0.14603543,0.1850204445759358,0.106811285,0.01140865
8142,1,0,0.18828368,0.04858756,0.1986947219585593,0.010411039,0.00010838973
8143,1,0,0.20231915,0.056616783,0.2055960378642365,0.0032768995,1.073807e-05
8144,1,0,0.20940399,0.06365371,0.1841886535010766,0.025215343,0.0006358135
8145,1,0,0.1874299,0.048372984,0.1913494126057866,0.003919512,1.5362575e-05
8146,1,0,0.19477916,0.050211906,0.0949076963497317,0.099871464,0.009974309
8147,1,0,0.09590268,0.02806592,0.0934869645889122,0.0024157166,5.835687e-06
8148,1,0,0.09444833,0.027726173,0.1678868476436563,0.073438525,0.005393217
8149,1,0,0.17070293,0.04410577,0.3067676975957432,0.13606477,0.018513622
8150,1,0,0.31336474,0.16771173,0.3899865607691364,0.07662183,0.005870905
8151,1,0,0.39889765,0.25451612,0.5384840445780306,0.13958639,0.01948436
8152,1,0,0.5464668,0.41194344,0.5399827715299224,0.0064840317,4.2042666e-05
8153,1,0,0.5479579,0.41354728,0.5067173528179763,0.041240573,0.0017007849
8154,1,0,0.51485825,0.3780067,0.5408219283136018,0.025963664,0.0006741118
8155,1,0,0.54879355,0.41444564,0.4761728198290149,0.07262072,0.005273769
8156,1,0,0.4844849,0.3455057,0.6234960807176817,0.13901114,0.019324098
8157,1,0,0.63113713,0.5034125,0.4820547943514559,0.14908233,0.022225542
8158,1,0,0.4903326,0.35175443,0.6698633756491383,0.1795308,0.03223131
8159,1,0,0.67735815,0.5536792,0.5694817320081604,0.10787642,0.011637322
8160,1,0,0.5773268,0.44518805,0.418495151705728,0.15883163,0.025227485
8161,1,0,0.42718744,0.28449392,0.4222653368305256,0.004922092,2.4226989e-05
8162,1,0,0.43093014,0.2884674,0.3741566162365615,0.056773514,0.0032232318
8163,1,0,0.3826828,0.23792219,0.4650269553151709,0.082344145,0.0067805583
8164,1,0,0.47340655,0.33367896,0.6521917912003627,0.17878526,0.03196417
8165,1,0,0.65973973,0.53449106,0.7763357914538491,0.11659604,0.013594638
8166,1,0,0.78355885,0.670032,0.8977588134095411,0.114199996,0.013041639
8167,1,0,0.9047005,0.80411696,1.0623500974356053,0.15764964,0.024853408
8168,1,0,1.0687609,0.9877701,1.1241457403075938,0.055384874,0.0030674844
8169,1,0,1.13026,1.0571508,1.1139561576693606,0.016303778,0.00026581317
8170,1,0,1.1201239,1.0456972,0.9809445958485994,0.13917929,0.019370874
8171,1,0,0.9876547,0.89670134,0.999122955749144,0.011468291,0.00013152171
8172,1,0,1.0057735,0.91700196,1.0323127923842077,0.026539207,0.00070432946
8173,1,0,1.0388446,0.9541192,0.9877089711665712,0.0511356,0.0026148495
8174,1,0,0.99439764,0.9042518,1.1043634647938814,0.1099658,0.012092478
8175,1,0,1.1105804,1.0349197,0.9303093730693854,0.18027109,0.032497667
8176,1,0,0.9371674,0.8402822,0.9301655290158996,0.007001877,4.902628e-05
8177,1,0,0.93702364,0.840122,0.8548949532654322,0.0821287,0.006745124
8178,1,0,0.86193967,0.75662947,0.9124454014015232,0.050505757,0.0025508315
8179,1,0,0.91935015,0.8204243,1.0938531829489926,0.17450309,0.030451328
8180,1,0,1.1001205,1.0231161,1.1328062472547118,0.032685757,0.0010683587
8181,1,0,1.1388731,1.0668898,1.1725013026484876,0.033628225,0.0011308575
8182,1,0,1.1783309,1.1115627,1.2026801803521807,0.024349332,0.00059288996
8183,1,0,1.2083054,1.1455636,1.2392522448146948,0.03094685,0.0009577076
8184,1,0,1.2445993,1.1868048,1.1775935634035748,0.06700575,0.004489771
8185,1,0,1.1833901,1.1172976,1.1620690153458244,0.021321177,0.0004545926
8186,1,0,1.1679645,1.0998158,1.1607214494453548,0.007243037,5.246159e-05
8187,1,0,1.1666245,1.0982985,1.1488660339258217,0.017758489,0.00031536393
8188,1,0,1.154841,1.0849557,1.2212054680305644,0.06636453,0.0044042505
8189,1,0,1.2266951,1.16645,1.0248110751753985,0.20188403,0.04075716
8190,1,0,1.0313711,0.945724,1.121709479997555,0.09033835,0.008161018
8191,1,0,1.1278367,1.0544119,1.0606442602790778,0.067192435,0.004514823
8192,1,1,1.0670624,0.9858575,-0.9642497843874818,2.0313122,4.1262293
8193,1,1,-0.9717777,-0.78723884,0.8371956342927853,1.8089733,3.2723844
8194,1,1,0.84428096,0.7370677,-0.8106241151032725,1.6549051,2.7387109
8195,1,1,-0.82112837,-0.61665726,0.6641889172612641,1.4853172,2.2061672
8196,0,1,-0.659657,0.5475137,-0.5451452750689514,0.11451173,0.013112936
8197,0,1,0.5024252,-0.32620096,0.622747448796467,0.12032223,0.014477438
8198,0,1,-0.6201637,0.5026021,-0.5521819665601786,0.06798172,0.004621514
8199,0,1,0.50971246,-0.33380818,0.6366180332040354,0.12690556,0.01610502
8200,0,1,-0.6334214,0.5176108,-0.6228863313405557,0.010535061,0.000110987516
8201,0,1,0.583261,-0.4105482,0.5728826673168084,0.010378361,0.00010771037
8202,0,1,-0.5721791,0.44884253,-0.5072060995301606,0.064973,0.00422149
8203,0,1,0.46324468,-0.2852881,0.36783763274983,0.09540704,0.009102503
8204,0,1,-0.3698194,0.23130894,-0.348607417010319,0.021211982,0.00044994816
8205,0,1,0.30167437,-0.13708878,0.4194516944541959,0.11777732,0.013871497
8206,0,1,-0.42146826,0.28550196,-0.2335968235728094,0.18787144,0.03529568
8207,0,1,0.18704367,-0.0818727,0.1636099310821572,0.02343373,0.0005491397
8208,0,1,-0.18935227,0.043239832,-0.2389192946205143,0.049567014,0.0024568888
8209,0,1,0.19229627,-0.08422303,0.2076403481829394,0.015344083,0.0002354409
8210,0,1,-0.22904158,0.06573987,-0.0461310809576618,0.1829105,0.03345625
8211,0,1,0.005414009,-0.011083841,-0.0811535748748446,0.08656758,0.0074939462
8212,0,1,0.038825274,-0.022604465,0.2696447906257844,0.23081952,0.053277653
8213,0,1,-0.28420806,0.12933731,-0.1594024272348555,0.12480563,0.0155764455
8214,0,1,0.11435151,-0.05112219,0.1512604131772064,0.036908895,0.0013622665
8215,0,1,-0.17814493,0.040688276,-0.2639754001013412,0.08583048,0.0073668715
8216,0,1,0.21709728,-0.09554815,0.3433720382578307,0.12627476,0.015945315
8217,0,1,-0.348691,0.20576167,-0.312961623037026,0.03572938,0.0012765885
8218,0,1,0.265903,-0.118967295,0.3618192262652342,0.09591624,0.009199926
8219,0,1,-0.36463404,0.2250166,-0.2564229476831667,0.1082111,0.011709643
8220,0,1,0.20960975,-0.09208894,0.245699645555804,0.036089897,0.0013024807
8221,0,1,-0.26300454,0.104702234,-0.3081317045132352,0.045127153,0.00203646
8222,0,1,0.2610724,-0.11658239,0.291687000196783,0.030614614,0.00093725463
8223,0,1,-0.30361414,0.15209508,-0.2010315493850458,0.10258259,0.010523188
8224,0,1,0.15501118,-0.06791878,0.3523830282652866,0.19737184,0.038955644
8225,0,1,-0.35648847,0.2151599,-0.3054761393424536,0.051012337,0.0026022585
8226,0,1,0.25841808,-0.115278244,0.2989603695320197,0.040542275,0.0016436761
8227,0,1,-0.3099935,0.15962291,-0.2592155333332764,0.05077797,0.0025784024
8228,0,1,0.21237707,-0.09336305,0.3299416970000997,0.11756462,0.01382144
8229,0,1,-0.33703518,0.19177604,-0.3311494193115218,0.00588575,3.4642053e-05
8230,0,1,0.28412843,-0.12809896,0.3831283599244863,0.09899995,0.009800989
8231,0,1,-0.38514233,0.24732208,-0.2907814858402453,0.09436083,0.008903966
8232,0,1,0.24375296,-0.10815239,0.2112322367249004,0.032520726,0.0010575977
8233,0,1,-0.2322607,0.06940627,-0.2597013660658089,0.027440667,0.0007529902
8234,0,1,0.21285892,-0.09358549,0.0576386419978462,0.15522027,0.024093332
8235,0,1,-0.09210801,0.018802166,0.0492827832912254,0.1413908,0.019991359
8236,0,1,-0.08433819,0.016622305,-0.0803837944655616,0.0039543957,1.5637244e-05
8237,0,1,0.038087606,-0.022343159,0.1417415954957106,0.10365398,0.010744148
8238,0,1,-0.16948295,0.038669825,-0.1048494122785661,0.06463353,0.0041774935
8239,0,1,0.061570406,-0.03082943,0.1572167426946316,0.09564634,0.009148221
8240,0,1,-0.18355441,0.041927814,-0.2051043646391868,0.021549955,0.00046440057
8241,0,1,0.15900707,-0.0696249,0.0167261643450387,0.1422809,0.020243857
8242,0,1,-0.053925276,0.0077569485,0.0220789101821181,0.076004185,0.0057766363
8243,0,1,-0.058941364,0.009254932,0.0290520444127975,0.08799341,0.007742841
8244,0,1,-0.06546593,0.011182785,-0.1480958175631501,0.08262989,0.0068276986
8245,0,1,0.10336518,-0.046758175,0.1179203157247594,0.014555134,0.00021185192
8246,0,1,-0.14772153,0.033417463,-0.2299071700740449,0.08218564,0.0067544794
8247,0,1,0.1834042,-0.08025551,0.1977893488835964,0.014385149,0.00020693251
8248,0,1,-0.22019935,0.055693626,-0.1328591435516508,0.087340206,0.0076283114
8249,0,1,0.08859801,-0.04100895,0.167477058986126,0.07887904,0.0062219035
8250,0,1,-0.19285536,0.044023275,-0.3714583358595038,0.17860296,0.03189902
8251,0,1,0.32471585,-0.14919305,0.3230463756168689,0.0016694665,2.7871183e-06
8252,0,1,-0.33103538,0.18460631,-0.4321201777017429,0.1010848,0.010218137
8253,0,1,0.3862834,-0.20484233,0.4574274272388274,0.071144044,0.005061475
8254,0,1,-0.45918798,0.32562518,-0.3730543902413168,0.0861336,0.007418997
8255,0,1,0.32632875,-0.15005326,0.3658032957922619,0.039474547,0.0015582398
8256,0,1,-0.3680675,0.22918105,-0.3005707112445752,0.06749681,0.004555819
8257,0,1,0.25351858,-0.1128819,0.248916944344999,0.0046016425,2.1175114e-05
8258,0,1,-0.2658608,0.10800648,-0.0785314056007542,0.18732938,0.035092298
8259,0,1,0.036315203,-0.02171588,-0.0363496764726827,0.07266488,0.0052801846
8260,0,1,-0.0038731098,-0.007998705,0.1078297852462517,0.1117029,0.012477537
8261,0,1,-0.13846684,0.031105042,-0.1216349225642554,0.016831912,0.00028331327
8262,0,1,0.077748775,-0.036869764,0.0742402858424671,0.0035084933,1.2309525e-05
8263,0,1,-0.10750198,0.023020744,-0.0990245888827665,0.008477397,7.186626e-05
8264,0,1,0.055968523,-0.028774977,0.2542307795666954,0.19826224,0.03930792
8265,0,1,-0.27057362,0.11346841,-0.3796139958425097,0.10904038,0.011889804
8266,0,1,0.3329599,-0.15360594,0.3385353949571339,0.005575508,3.108629e-05
8267,0,1,-0.34449816,0.20072174,-0.3537402760753267,0.009242117,8.541674e-05
8268,0,1,0.3068428,-0.13977504,0.4857865991686405,0.17894378,0.032020878
8269,0,1,-0.48718047,0.35572195,-0.5044248179020983,0.017244339,0.00029736722
8270,0,1,0.46038055,-0.28229523,0.4958960346502561,0.035515487,0.0012613499
8271,0,1,-0.49712253,0.36647773,-0.4894787792878441,0.0076437593,5.8427057e-05
8272,0,1,0.445004,-0.2662301,0.5035711204519044,0.058567107,0.003430106
8273,0,1,-0.50465655,0.37465262,-0.379949935821934,0.124706626,0.015551742
8274,0,1,0.3333001,-0.1537888,0.3443224038296644,0.0110222995,0.00012149109
8275,0,1,-0.349514,0.20675206,-0.3313383876629605,0.018175632,0.0003303536
8276,0,1,0.2843182,-0.12819529,0.3648402007841089,0.080522,0.006483793
8277,0,1,-0.3672378,0.22817373,-0.1484425347106954,0.21879527,0.04787137
8278,0,1,0.10370135,-0.046890497,0.2281575333206862,0.12445618,0.015489342
8279,0,1,-0.24739051,0.08671427,-0.1621312810878281,0.08525923,0.007269136
8280,0,1,0.117005825,-0.052188158,0.1645838526722784,0.047578022,0.0022636682
8281,0,1,-0.19023466,0.04343748,-0.1410493160962271,0.04918535,0.0024191986
8282,0,1,0.0965302,-0.04408002,0.0083880110616401,0.08814219,0.007769045
8283,0,1,-0.046101093,0.0053896904,0.0274852709688429,0.07358636,0.0054149525
8284,0,1,-0.06400108,0.010752678,-0.0201565352118953,0.04384455,0.0019223447
8285,0,1,-0.019205332,-0.0030171871,0.1488934474342209,0.16809878,0.028257199
8286,0,1,-0.17599249,0.04018998,-0.0424729301079467,0.13351956,0.017827474
8287,0,1,0.0019388199,-0.0099236965,-0.047805227398765,0.049744047,0.0024744703
8288,0,1,0.0070056915,-0.011617422,0.0588973552647211,0.051891662,0.0026927446
8289,0,1,-0.093277454,0.019127607,0.1814999395381979,0.2747774,0.07550263
8290,0,1,-0.20552993,0.047676325,-0.2721436841259725,0.06661376,0.0044373935
8291,0,1,0.22520638,-0.09933543,0.1736000224494538,0.051606357,0.002663216
8292,0,1,-0.19839454,0.045607805,-0.1678952368851987,0.030499294,0.00093020697
8293,0,1,0.122620344,-0.05445528,0.0570984777320897,0.065521866,0.004293115
8294,0,1,-0.09160614,0.018662691,-0.0605211071633045,0.031085033,0.0009662793
8295,0,1,0.019112587,-0.015726805,-1.2521757405625776e-05,0.01912511,0.0003657698
8296,0,1,-0.03820324,0.0029644966,-0.1038228956057389,0.065619655,0.004305939
8297,0,1,0.060582638,-0.030466318,0.2047762436965778,0.1441936,0.020791795
8298,0,1,-0.2264731,0.06281757,-0.3808870095656909,0.15441391,0.023843655
8299,0,1,0.33424807,-0.15429974,0.3146047027219492,0.019643366,0.00038586184
8300,0,1,-0.32367516,0.17584014,-0.3652426892396971,0.041567534,0.00172786
8301,0,1,0.31843996,-0.14586282,0.1793389365271784,0.13910103,0.019349096
8302,0,1,-0.20357966,0.047113657,-0.1451546475100364,0.058425024,0.0034134835
8303,0,1,0.1005106,-0.045636654,0.1660046918788609,0.06549409,0.0042894757
8304,0,1,-0.19152188,0.043726206,-0.1347332325684402,0.056788653,0.0032249512
8305,0,1,0.09041238,-0.041707993,0.1844488529886709,0.094036475,0.0088428585
8306,0,1,-0.20818925,0.04843998,-0.2227873504037147,0.014598101,0.00021310456
8307,0,1,0.17638922,-0.077160835,0.1113654346464882,0.06502378,0.004228092
8308,0,1,-0.14171171,0.03192115,-0.3010950924364035,0.15938339,0.025403064
8309,0,1,0.25404263,-0.11313748,0.5361843349394597,0.2821417,0.07960393
8310,0,1,-0.53654575,0.40948176,-0.4848120710045838,0.051733673,0.0026763729
8311,0,1,0.44020844,-0.26122022,0.4016553220875547,0.03855312,0.001486343
8312,0,1,-0.40370035,0.26677155,-0.5313990922036815,0.12769872,0.016306963
8313,0,1,0.48820782,-0.31135774,0.4227407420580715,0.06546709,0.00428594
8314,0,1,-0.42474627,0.28896928,-0.3968378307837663,0.027908444,0.00077888125
8315,0,1,0.35040474,-0.16729808,0.2978859054083922,0.052518845,0.0027582292
8316,0,1,-0.3090515,0.15850925,-0.0510283363677981,0.25802317,0.06657596
8317,0,1,0.010071278,-0.012649775,0.1286080704437515,0.1185368,0.014050973
8318,0,1,-0.1575005,0.035809755,-0.0644830033570129,0.0930175,0.008652256
8319,0,1,0.022891045,-0.017027378,0.1655741416484257,0.1426831,0.020358467
8320,0,1,-0.19113255,0.043638468,-0.1300096158296546,0.061122924,0.003736012
8321,0,1,0.08584094,-0.039949894,0.0881202358448298,0.0022792965,5.1951924e-06
8322,0,1,-0.12032604,0.02643466,-0.1418904430979011,0.021564394,0.0004650231
8323,0,1,0.09734583,-0.044398546,0.1439959699368973,0.04665014,0.0021762357
8324,0,1,-0.17153668,0.03915167,-0.047168743335459,0.12436794,0.015467384
8325,0,1,0.0064003468,-0.0114142895,0.1867466703775711,0.18034633,0.032524798
8326,0,1,-0.2102611,0.049031973,-0.1251507885465606,0.08511032,0.007243767
8327,0,1,0.08114433,-0.038157463,0.1699215911844658,0.08877726,0.007881402
8328,0,1,-0.19506836,0.044633865,-0.2036577203171536,0.008589357,7.377705e-05
8329,0,1,0.15758753,-0.069016695,0.3066265555994438,0.14903903,0.022212632
8330,0,1,-0.316705,0.16756463,-0.407725210656523,0.09102023,0.0082846815
8331,0,1,0.36145544,-0.17886496,0.2822668127911667,0.079188615,0.0062708366
8332,0,1,-0.29533386,0.1423595,-0.2347134215782218,0.060620442,0.003674838
8333,0,1,0.18814445,-0.08236432,0.2777191797880363,0.089574724,0.008023631
8334,0,1,-0.29132986,0.13766527,-0.3051933998295912,0.013863534,0.00019219756
8335,0,1,0.25813556,-0.11513972,0.1077657893302852,0.15036976,0.022611065
8336,0,1,-0.13840795,0.031089544,-0.0105312786782012,0.12787667,0.016352443
8337,0,1,-0.028293371,-0.00012946129,-0.0872328003739166,0.058939427,0.003473856
8338,0,1,0.04464984,-0.024681091,0.1406573769307493,0.09600754,0.009217448
8339,0,1,-0.16849518,0.038437128,0.0055993015584077,0.17409448,0.03030889
8340,0,1,-0.043480635,0.0045888424,0.0332180044313781,0.07669864,0.0058826813
8341,0,1,-0.069359064,0.012321711,-0.0650942249001071,0.004264839,1.8188852e-05
8342,0,1,0.023474216,-0.01722908,-0.0238408265063565,0.047315042,0.0022387132
8343,0,1,-0.015721798,-0.0041365623,0.1111723632610512,0.12689416,0.016102128
8344,0,1,-0.14153433,0.031876802,-0.0738808831449326,0.06765345,0.004576989
8345,0,1,0.031867027,-0.020150661,-0.099884691280716,0.13175172,0.017358515
8346,0,1,0.056795835,-0.029076815,0.1613803515006706,0.104584515,0.010937921
8347,0,1,-0.18733144,0.04278493,-0.1125672330880522,0.07476421,0.005589687
8348,0,1,0.06900239,-0.033584356,0.1403418549557495,0.07133946,0.0050893184
8349,0,1,-0.16820788,0.03836918,-0.0189952065608629,0.14921267,0.022264421
8350,0,1,-0.020302773,-0.0026657581,0.1007313574211523,0.12103413,0.014649261
8351,0,1,-0.13194275,0.029446125,0.0992816577823156,0.23122442,0.053464733
8352,0,1,-0.13060927,0.029103518,-0.1551659595788996,0.024556682,0.0006030306
8353,0,1,0.11023259,-0.04947734,0.1975535321991861,0.08732094,0.0076249465
8354,0,1,-0.21998692,0.05545354,-0.2806774593592189,0.060690552,0.003683343
8355,0,1,0.2336905,-0.10334158,0.2888012910346047,0.055110782,0.0030371984
8356,0,1,-0.30107927,0.14911199,-0.4454569042714453,0.14437762,0.020844897
8357,0,1,0.3998947,-0.21907735,0.4510889659106563,0.05119425,0.0026208514
8358,0,1,-0.4529109,0.3189125,-0.357783126610697,0.09512776,0.009049291
8359,0,1,0.31091666,-0.14190316,0.2549548271042496,0.055961847,0.0031317284
8360,0,1,-0.27121496,0.11421299,-0.2881234862870587,0.016908526,0.00028589828
8361,0,1,0.24110436,-0.10687971,0.2889213362088907,0.047816962,0.0022864619
8362,0,1,-0.3011849,0.14923549,-0.3087994515696199,0.007614553,5.798142e-05
8363,0,1,0.2617402,-0.116910696,0.1963417867612045,0.065398425,0.004276954
8364,0,1,-0.21889782,0.054219246,-0.1735880660886422,0.045309752,0.0020529737
8365,0,1,0.12816978,-0.05671668,0.1078990036453397,0.020270772,0.0004109042
8366,0,1,-0.13853025,0.031120777,0.0142056719468492,0.15273592,0.023328261
8367,0,1,-0.05156231,0.007045269,0.1056799394303413,0.15724224,0.024725122
8368,0,1,-0.13649154,0.030605316,-0.1737710901675013,0.037279546,0.0013897646
8369,0,1,0.12834811,-0.056789637,0.1842711135171133,0.055923,0.003127382
8370,0,1,-0.20802951,0.04839468,-0.2748768149605731,0.066847295,0.0044685607
8371,0,1,0.2279222,-0.1006124,0.0966958546194778,0.13122635,0.017220354
8372,0,1,-0.12822986,0.028491497,-0.0415115062241846,0.08671835,0.007520072
8373,0,1,0.0010256767,-0.009619474,-0.1211317867327324,0.12215746,0.014922446
8374,0,1,0.077263355,-0.036685705,-0.0012879505503931,0.07855131,0.0061703078
8375,0,1,-0.037002563,0.0025925636,-0.1343869550970073,0.09738439,0.00948372
8376,0,1,0.090076685,-0.04157877,0.0890186168310345,0.0010580644,1.1195003e-06
8377,0,1,-0.121154785,0.026650667,-0.0039107367689372,0.11724405,0.0137461675
8378,0,0,-0.0345335,0.0018253326,-0.1073531129077558,0.07281961,0.005302696
8379,0,0,0.063979864,-0.03171897,-0.1863507890034927,0.25033066,0.06266544
8380,0,0,0.14063525,-0.0618639,-0.0838935674818448,0.22452882,0.05041319
8381,0,0,0.041449785,-0.023537874,0.0792158757343131,0.03776609,0.0014262777
8382,0,0,-0.1121037,0.024256468,-0.0604738056889369,0.051629893,0.002665646
8383,0,0,0.019067287,-0.01571107,-0.0104679650176429,0.029535253,0.00087233115
8384,0,0,-0.028353691,-0.00011086464,-0.0538281321983076,0.02547444,0.0006489471
8385,0,0,0.012735844,-0.013551474,-0.1690585558793613,0.1817944,0.033049207
8386,0,0,0.123753786,-0.054915905,-0.1683803202871634,0.2921341,0.08534233
8387,0,0,0.12309265,-0.054647446,-0.1496254050911378,0.27271807,0.074375145
8388,0,0,0.104849815,-0.047343493,-0.1044222991198955,0.20927212,0.04379482
8389,0,0,0.06115961,-0.030677795,-0.1707978315305736,0.23195744,0.053804252
8390,0,0,0.12544894,-0.05560541,-0.1340505939530518,0.25949955,0.06734002
8391,0,0,0.089751005,-0.041453123,-0.0299043335755011,0.11965534,0.014317401
8392,0,0,-0.009981632,-0.0059974194,-0.0084538844954806,0.0015277481,2.3340142e-06
8393,0,0,-0.030252934,0.0004863739,0.0921501371748618,0.12240307,0.014982511
8394,0,0,-0.12404227,0.027405262,0.1039556521732847,0.22799793,0.051983055
8395,0,0,-0.13490748,0.030202866,0.0362276568381263,0.17113514,0.029287238
8396,0,0,-0.07216978,0.013138056,0.1477019049175147,0.21987168,0.048343558
8397,1,0,0.15000105,0.039939165,0.1516731351292843,0.0016720891,2.795882e-06
8398,1,0,0.15407276,0.04077506,0.1039100167062634,0.050162748,0.0025163013
8399,1,0,0.10512233,0.03019166,0.1614119252571608,0.0562896,0.003168519
8400,1,0,0.16406131,0.04279113,0.1748385988193961,0.010777295,0.00011615008
8401,1,0,0.17783546,0.045933962,0.1695609737078443,0.008274496,6.846728e-05
8402,1,0,0.17242098,0.04453826,-0.0727833023092485,0.24520427,0.060125135
8403,1,0,-0.075327635,-0.019782782,0.0509305713785739,0.12625821,0.015941136
8404,1,0,0.05090189,0.017054796,0.1689974026481691,0.11809552,0.013946551
8405,1,0,0.17184258,0.04438901,0.0191551526393931,0.15268743,0.023313452
8406,1,0,0.018425941,0.008438349,-0.0478776988729685,0.06630364,0.0043961727
8407,1,0,-0.049963713,-0.011640787,-0.0193008590941827,0.030662853,0.0009402106
8408,1,0,-0.02082944,-0.002758503,0.1652651241163618,0.18609457,0.03463119
8409,1,0,0.16801357,0.043576717,0.1850273890325446,0.017013818,0.00028947002
8410,1,0,0.1882906,0.048589468,0.1289470397954089,0.05934356,0.0035216582
8411,1,0,0.13077426,0.035885096,0.2224800679197196,0.091705814,0.0084099565
8412,1,0,0.22674179,0.08090329,0.1444500409286502,0.08229175,0.0067719324
8413,1,0,0.14666653,0.039248228,0.160952405106991,0.014285877,0.00020408629
8414,1,0,0.1635902,0.04269719,0.2074674533480514,0.04387726,0.0019252138
8415,1,0,0.2113254,0.065562725,0.4752316242898078,0.2639062,0.069646485
8416,1,0,0.48354936,0.3445065,0.30991455481829,0.1736348,0.030149043
8417,1,0,0.31660032,0.1709733,0.2783903316673504,0.038210005,0.0014600045
8418,1,0,0.28418922,0.13835764,0.32870109638454,0.044511884,0.0019813078
8419,1,0,0.335922,0.19048548,0.4692854611791945,0.13336346,0.017785812
8420,1,0,0.47763872,0.33819532,0.4458016665700643,0.031837046,0.0010135975
8421,1,0,0.45430446,0.31331968,0.3361188099167678,0.11818564,0.013967846
8422,1,0,0.34355116,0.19820452,0.3992846162043428,0.055733472,0.00310622
8423,1,0,0.40812206,0.26428032,0.4790817382714971,0.07095969,0.005035277
8424,1,0,0.48737693,0.34859586,0.6664993900117095,0.17912245,0.032084852
8425,1,0,0.6740041,0.5500233,0.668177743839478,0.005826354,3.3946402e-05
8426,1,0,0.6756773,0.5518477,0.6075189023991814,0.06815839,0.004645566
8427,1,0,0.6152158,0.48615098,0.5604164965079734,0.05479926,0.0030029588
8428,1,0,0.5683005,0.43545222,0.5839638207439548,0.015663326,0.00024533976
8429,1,0,0.5917504,0.4607618,0.6523144283211981,0.06056404,0.003668003
8430,1,0,0.6598618,0.5346241,0.7356080944925525,0.0757463,0.0057375017
8431,1,0,0.74292755,0.62537956,0.6659303499011373,0.07699722,0.005928572
8432,1,0,0.6734364,0.5494051,0.6305641342555979,0.04287225,0.0018380298
8433,1,0,0.6381812,0.51105833,0.4954828931885564,0.14269832,0.02036281
8434,1,0,0.5036845,0.36603808,0.4098718601666946,0.093812674,0.008800818
8435,1,0,0.41862798,0.2754135,0.3446765680287855,0.07395142,0.005468813
8436,1,0,0.3523543,0.20712137,0.3086360527209284,0.04371825,0.0019112852
8437,1,0,0.31528592,0.16964746,0.3676192859159704,0.052333355,0.00273878
8438,1,0,0.3759563,0.23108077,0.3904250295261042,0.0144687295,0.00020934413
8439,1,0,0.39933252,0.25497627,0.1959813940032426,0.20335113,0.04135168
8440,1,0,0.19953346,0.05385208,0.1612866022042505,0.038246855,0.001462822
8441,1,0,0.16393256,0.042765856,0.171805791786344,0.007873237,6.198786e-05
8442,1,0,0.17472363,0.04513359,0.2993391672108751,0.12461555,0.015529036
8443,1,0,0.3057258,0.16001463,0.3324759337047549,0.026750118,0.0007155688
8444,1,0,0.33980417,0.19441295,0.3871340229166589,0.047329843,0.0022401141
8445,1,0,0.3960359,0.25152278,0.3870061411574954,0.009029776,8.1536855e-05
8446,1,0,0.39590478,0.2513888,0.3439338203801489,0.05197096,0.0027009805
8447,1,0,0.35158992,0.20634747,0.4852018215153753,0.13361192,0.017852144
8448,1,0,0.49346137,0.3550992,0.5645420836421153,0.071080685,0.0050524636
8449,1,0,0.57240844,0.43988156,0.5592473551042083,0.013161063,0.00017321359
8450,1,0,0.5671363,0.43419743,0.5227571113312051,0.044379175,0.0019695112
8451,1,0,0.53081584,0.3951254,0.3043838851493761,0.22643197,0.051271435
8452,1,0,0.31091332,0.16523981,0.3151052165471708,0.0041919053,1.7572069e-05
8453,1,0,0.32193828,0.17635989,0.3623573851145631,0.0404191,0.0016337038
8454,1,0,0.37054348,0.22557807,0.4085629739802479,0.038019508,0.001445483
8455,1,0,0.41732955,0.27403665,0.5864540701677501,0.16912454,0.02860311
8456,1,0,0.5942304,0.46344233,0.7292137976386024,0.13498336,0.018220508
8457,1,0,0.7365494,0.61838484,0.6750669791823642,0.06148237,0.0037800819
8458,1,0,0.6825464,0.55933595,0.6646422172593973,0.017904162,0.00032055902
8459,1,0,0.67215204,0.548007,0.4905721032087107,0.18157995,0.032971278
8460,1,0,0.498801,0.36081195,0.5204674008256949,0.021666408,0.00046943323
8461,1,0,0.52853703,0.39267874,0.6922883422069455,0.1637513,0.026814489
8462,1,0,0.69971967,0.5780802,0.6232541902939803,0.07646549,0.0058469707
8463,1,0,0.63089585,0.50314975,0.6863386909007736,0.05544281,0.0030739051
8464,1,0,0.6937864,0.5716007,0.6304827319591295,0.06330365,0.004007352
8465,1,0,0.63810015,0.5109694,0.6204072232155826,0.017692924,0.00031303955
8466,1,0,0.62805843,0.500072,0.5477699194609658,0.08028853,0.006446248
8467,1,0,0.5557096,0.4218886,0.5037682869988824,0.051941335,0.0026979023
8468,1,0,0.511925,0.37486267,0.5621771898691343,0.0502522,0.0025252835
8469,1,0,0.5700531,0.4373424,0.4918434850494715,0.07820961,0.0061167427
8470,1,0,0.5000653,0.36216402,0.3648755668852868,0.13518977,0.018276274
8471,1,0,0.37313366,0.22821164,0.3970295247660265,0.02389586,0.0005710121
8472,1,0,0.4058845,0.26191092,0.1955699494781542,0.21031456,0.044232212
8473,1,0,0.19911122,0.05343294,0.2994938733661962,0.100382656,0.010076677
8474,1,0,0.30588555,0.16017485,0.4801342537082131,0.1742487,0.030362608
8475,1,0,0.48842263,0.34971356,0.6334405003523598,0.14501786,0.02103018
8476,1,0,0.6410477,0.51417065,0.7762164331402599,0.13516873,0.018270586
8477,1,0,0.7834399,0.66990113,0.8081114536234351,0.024671555,0.0006086856
8478,1,1,0.8152623,0.7049873,-0.6665443931157458,1.4818068,2.1957512
8479,1,1,-0.67813826,-0.45819473,0.5916245892041143,1.2697629,1.6122978
8480,1,1,0.5993812,0.46901178,-0.5745579384286814,1.1739392,1.3781333
8481,1,1,-0.5856583,-0.3580346,0.3913307299008308,0.97698903,0.9545076
8482,1,1,0.40023112,0.2559259,-0.5280850992101538,0.92831624,0.86177105
8483,0,1,0.48478413,-0.30778217,0.483953516628139,0.0008306205,6.8993046e-07
8484,0,1,-0.48537612,0.35377288,-0.5490253820065396,0.06364924,0.0040512253
8485,0,1,0.50644255,-0.33039522,0.3052244250597353,0.20121813,0.040488735
8486,0,1,-0.3154781,0.16611123,-0.2103981383215578,0.10507995,0.011041796
8487,0,1,0.16420484,-0.071858406,0.1543177991626327,0.00988704,9.775355e-05
8488,0,1,-0.18092275,0.041327477,-0.1759644976705474,0.004958242,2.4584166e-05
8489,0,1,0.13048911,-0.05766654,0.1491059607606115,0.018616855,0.0003465873
8490,0,1,-0.17618585,0.040235043,-0.2551055027266002,0.07891965,0.006228311
8491,0,1,0.20830536,-0.091489315,0.277153826756384,0.06884846,0.0047401106
8492,0,1,-0.29083133,0.13708186,-0.1943231470149742,0.096508175,0.009313828
8493,0,1,0.14843702,-0.06513405,0.2007958843216633,0.052358866,0.002741451
8494,0,1,-0.22289968,0.05875826,-0.215972519688433,0.0069271624,4.798558e-05
8495,0,1,0.16968298,-0.07423115,0.2295008480421967,0.059817865,0.003578177
8496,0,1,-0.2485888,0.08808994,-0.4302807681341751,0.18169197,0.033011973
8497,0,1,0.38440847,-0.20288062,0.4568951943437302,0.07248673,0.005254326
8498,0,1,-0.45866132,0.3250606,-0.4144846254194694,0.044176698,0.0019515806
8499,0,1,0.3683262,-0.1860547,0.4001744705531065,0.03184828,0.0010143131
8500,0,1,-0.40221906,0.2652142,-0.2788109190725745,0.12340814,0.015229569
8501,0,1,0.23183441,-0.10246086,0.1951263824914799,0.036708027,0.0013474793
8502,0,1,-0.21780515,0.05298114,-0.1756341484901233,0.042171,0.0017783934
8503,0,1,0.13016653,-0.057534218,0.2286178171115254,0.09845129,0.009692656
8504,0,1,-0.24780107,0.08718562,-0.2680390281114553,0.020237952,0.0004095747
8505,0,1,0.22113061,-0.097426414,0.293593360347741,0.07246274,0.0052508484
8506,0,1,-0.30528688,0.15406704,-0.0446199708662269,0.2606669,0.06794724
8507,0,1,0.003978014,-0.010603428,0.1331272507457321,0.12914924,0.016679527
8508,0,1,-0.16162801,0.036803722,-0.0486160184130923,0.113011986,0.012771709
8509,0,1,0.0077762604,-0.011876583,-0.0561399245863181,0.063916184,0.0040852786
8510,0,1,0.014936924,-0.01429987,-0.008302732178516,0.023239657,0.00054008164
8511,0,1,-0.030394793,0.0005311966,-0.0419349659527217,0.0115401745,0.00013317562
8512,0,1,0.0014276505,-0.009753227,-0.125001177806888,0.12642883,0.015984248
8513,0,1,0.08100009,-0.038102627,0.1955376073021923,0.11453752,0.013118844
8514,0,1,-0.21817422,0.053399563,-0.3272417786505275,0.10906756,0.011895732
8515,0,1,0.28020787,-0.12611651,0.2977747668875863,0.01756689,0.0003085956
8516,0,1,-0.30895448,0.15839458,-0.2163222505468325,0.092632234,0.008580731
8517,0,1,0.17002702,-0.07438111,0.188266775640475,0.018239751,0.00033268853
8518,0,1,-0.21163058,0.04942298,-0.1278152783218131,0.08381531,0.0070250058
8519,0,1,0.08371997,-0.039139032,0.1076709120099081,0.023950942,0.0005736476
8520,0,1,-0.13832068,0.031067848,-0.105181622152962,0.033139065,0.0010981977
8521,0,1,0.06188965,-0.030947208,0.1359597803571137,0.074070126,0.0054863836
8522,0,1,-0.16421247,0.037420988,-0.059091940904242,0.105120525,0.011050325
8523,0,1,0.017750025,-0.015259981,0.0911320104035633,0.07338198,0.0053849155
8524,0,1,-0.12310362,0.027160406,-0.015803663646273,0.10729995,0.01151328
8525,0,1,-0.023317337,-0.001704216,-0.1026297397168773,0.0793124,0.0062904567
8526,0,1,0.059434652,-0.030044317,0.1258785988017514,0.06644395,0.0044147987
8527,0,1,-0.15500522,0.035203934,-0.2553960400630237,0.10039082,0.0100783175
8528,0,1,0.20859337,-0.0916214,0.3245296821856542,0.11593631,0.013441227
8529,0,1,-0.33232665,0.18614864,-0.304963211491716,0.02736345,0.0007487584
8530,0,1,0.25790596,-0.115026474,0.1345874827031279,0.12331848,0.015207447
8531,0,1,-0.16296005,0.037122965,-0.2627051321995375,0.099745065,0.009949078
8532,0,1,0.21583724,-0.09496355,0.2222039218257059,0.006366685,4.053468e-05
8533,0,1,-0.24207544,0.080620766,-0.0592610949912493,0.18281434,0.033421084
8534,0,1,0.017911196,-0.015315533,0.0964376041848584,0.07852641,0.0061663967
8535,0,1,-0.12799144,0.028429985,-0.1343817904338582,0.006390348,4.083655e-05
8536,0,1,0.0900712,-0.041576624,0.1035303412379726,0.013459139,0.00018114841
8537,0,1,-0.13451648,0.030103207,-0.1726498294963763,0.038133353,0.0014541526
8538,0,1,0.12725472,-0.05634284,0.1407604410862273,0.013505712,0.00018240426
8539,0,1,-0.16858935,0.038459063,-0.0482786437709763,0.12031071,0.014474667
8540,0,1,0.007456064,-0.011768341,0.0711184420014472,0.06366238,0.004052899
8541,0,1,-0.10461116,0.022239208,-0.1340080149019056,0.029396862,0.0008641755
8542,0,1,0.08971,-0.041437387,0.0099774144858129,0.07973258,0.0063572847
8543,0,1,-0.047593355,0.0058436394,0.1234456035640296,0.17103896,0.029254325
8544,0,1,-0.15278006,0.03466153,-0.2816234513523326,0.1288434,0.01660062
8545,0,1,0.23463202,-0.10378909,0.3512155746674761,0.116583556,0.013591725
8546,0,1,-0.355479,0.21394181,-0.172864179127941,0.18261482,0.033348173
8547,0,1,0.12746382,-0.05642748,0.1873244524044732,0.05986063,0.0035832953
8548,0,1,-0.21078157,0.049180508,-0.3224328180203173,0.11165124,0.012465999
8549,0,1,0.2753868,-0.12369299,0.3473434749284538,0.071956664,0.0051777614
8550,0,1,-0.3521297,0.20990205,-0.3367534897849844,0.01537621,0.00023642783
8551,0,1,0.28975558,-0.13096046,0.3198485721354873,0.030092984,0.0009055877
8552,0,1,-0.32824945,0.18128443,-0.257635593912688,0.07061386,0.0049863174
8553,0,1,0.21081138,-0.092641115,0.2472090281435108,0.03639765,0.001324789
8554,0,1,-0.26434493,0.106251955,-0.1485854313917687,0.11575949,0.01340026
8555,0,1,0.103839874,-0.046945572,0.0769424233666598,0.026897453,0.000723473
8556,0,1,-0.1100018,0.023694038,-0.0376477312723242,0.07235407,0.0052351113
8557,0,1,-0.0026419163,-0.00840497,0.0647727597986507,0.06741468,0.0045447387
8558,0,1,-0.09873009,0.020633936,-0.127647330392135,0.028917238,0.00083620666
8559,0,1,0.083557844,-0.03907633,0.1388081817698987,0.05525033,0.0030525993
8560,0,1,-0.16681027,0.038038492,-0.1953588772144261,0.028548598,0.00081502245
8561,0,1,0.14945126,-0.06556177,0.3185931126249293,0.16914186,0.028608968
8562,0,1,-0.32715464,0.179981,-0.3473875191745987,0.020232886,0.00040936968
8563,0,1,0.30044627,-0.13645387,0.2071854827847588,0.093260795,0.008697576
8564,0,1,-0.22863412,0.06527543,-0.2161468328247591,0.012487292,0.00015593247
8565,0,1,0.1698544,-0.074305534,0.1747175881257212,0.0048631877,2.3650595e-05
8566,0,1,-0.19940495,0.045902252,-0.1418678299194158,0.057537124,0.0033105207
8567,0,1,0.09732318,-0.044389725,0.1433363130904017,0.04601313,0.0021172082
8568,0,1,-0.17093539,0.039010763,-0.051553674021906,0.11938172,0.014251995
8569,0,1,0.010570526,-0.012818575,0.1630102788568059,0.15243976,0.02323788
8570,0,1,-0.1888094,0.043117285,-0.1588986633652149,0.029910728,0.0008946517
8571,0,1,0.113861084,-0.05092621,0.2742019330080842,0.16034085,0.025709188
8572,0,1,-0.288229,0.13403606,-0.2936632878401446,0.0054343045,2.9531666e-05
8573,0,1,0.2466259,-0.1095376,0.3499391207293394,0.10331321,0.010673619
8574,0,1,-0.35437512,0.21260977,-0.334998304752681,0.019376814,0.00037546092
8575,0,0,0.287992,-0.1300621,-0.4546033269936158,0.7425953,0.5514478
8576,0,0,0.40924358,-0.22885442,-0.6308230971055453,1.0400667,1.0817388
8577,0,0,0.591552,-0.41919565,-0.4717627638036177,1.0633148,1.1306384
8578,1,0,-0.48156047,-0.24722528,-0.5096804983663539,0.02812004,0.0007907367
8579,1,0,-0.5200455,-0.28795123,-0.4800254356314979,0.04002008,0.0016016067
8580,1,0,-0.48995495,-0.25608444,-0.2827712735969534,0.20718369,0.042925082
8581,1,0,-0.28840184,-0.10433316,-0.3846239707408849,0.09622213,0.009258699
8582,1,0,-0.39276147,-0.15634131,-0.2333946533207123,0.15936682,0.025397781
8583,1,0,-0.23819542,-0.08178401,-0.3002721786264173,0.062076747,0.0038535225
8584,1,0,-0.30637312,-0.11273718,-0.4274627491257035,0.12108964,0.014662701
8585,1,0,-0.43647575,-0.19987607,-0.3540543781319223,0.08242136,0.006793281
8586,1,0,-0.36149955,-0.13993979,-0.3822002915572193,0.020700753,0.00042852116
8587,1,0,-0.39028502,-0.15501595,-0.3723454426940562,0.017939568,0.0003218281
8588,1,0,-0.3802111,-0.14967036,-0.2823476908191145,0.097863436,0.009577252
8589,1,0,-0.28796697,-0.10413194,-0.1948902844832289,0.093076676,0.008663268
8590,1,0,-0.19926953,-0.065368414,-0.2402856251913618,0.041016087,0.0016823194
8591,1,0,-0.24515295,-0.084828615,-0.1342829375639405,0.11087002,0.012292161
8592,1,0,-0.1378417,-0.041539907,-0.1718183678526226,0.03397666,0.0011544133
8593,1,0,-0.17590714,-0.0560112,-0.0385924955282974,0.13731465,0.018855313
8594,1,0,-0.040500402,-0.008701324,-0.0638218515050548,0.02332145,0.00054389
8595,1,0,-0.06620455,-0.016809225,-0.0545487427130475,0.011655804,0.00013585776
8596,1,0,-0.05676031,-0.013784647,-0.0244411034236162,0.03231921,0.0010445314
8597,1,0,-0.026072502,-0.004320383,-0.0005712450306272,0.025501257,0.0006503141
8598,1,0,-0.0017175674,0.0028018951,0.2323726092243245,0.23409018,0.054798212
8599,1,0,0.23690224,0.09103203,0.3003967763640314,0.06349453,0.0040315557
8600,1,0,0.30681372,0.16110897,0.3184908321969923,0.011677116,0.00013635504
8601,1,0,0.32542038,0.17987442,0.2465743442320622,0.07884604,0.0062166974
8602,1,0,0.2514925,0.105600834,0.4179401913648366,0.1664477,0.027704837
8603,1,0,0.42663717,0.28390884,0.3697967742906223,0.05684039,0.00323083
8604,1,0,0.37819767,0.23335862,0.3742147454190441,0.0039829314,1.5863743e-05
8605,1,0,0.38274288,0.23798299,0.3109526464770673,0.07179025,0.00515384
8606,1,0,0.31766796,0.17205024,0.2263236290836725,0.09134433,0.008343786
8607,1,0,0.23068857,0.084836245,0.1528435842243753,0.07784499,0.0060598426
8608,1,0,0.15527344,0.04101944,0.0898067810106804,0.06546666,0.004285883
8609,1,0,0.09068036,0.026841402,0.055605816255253,0.035074543,0.0012302236
8610,1,0,0.055683374,0.018275738,0.0257972512967774,0.029886123,0.0008931803
8611,1,0,0.025211811,0.010286808,-0.1285402752626034,0.15375209,0.023639705
8612,1,0,-0.13201094,-0.039406538,-0.1539176034699751,0.021906674,0.00047990237
8613,1,0,-0.15776205,-0.04899454,-0.3001251522114483,0.1423631,0.020267252
8614,1,0,-0.3062222,-0.11266565,-0.456865167271236,0.15064296,0.022693302
8615,1,0,-0.4664135,-0.23127341,-0.5511111446223098,0.084697664,0.007173694
8616,1,0,-0.5619817,-0.33264995,-0.5781489829918516,0.016167283,0.00026138104
8617,1,0,-0.58928084,-0.361928,-0.258297839868395,0.330983,0.10954975
8618,1,0,-0.2633264,-0.09294391,-0.3143435995718335,0.051017195,0.0026027542
8619,1,0,-0.32081127,-0.11965251,-0.2844442516563807,0.03636703,0.0013225608
8620,1,0,-0.29012012,-0.10512662,-0.0818459459463158,0.20827419,0.043378137
8621,1,0,-0.084549904,-0.022840023,-0.1122260502138199,0.027676143,0.00076596887
8622,1,0,-0.115440845,-0.03346181,-0.1883668071442703,0.072925955,0.005318195
8623,1,0,-0.19266725,-0.062686205,-0.4554160486825185,0.2627488,0.06903694
8624,1,0,-0.46493864,-0.22972369,-0.5069170006059314,0.04197836,0.0017621827
8625,1,0,-0.5172446,-0.28497648,-0.3703904483875648,0.14685413,0.021566136
8626,1,0,-0.3782122,-0.14861917,-0.4171721671535597,0.03895995,0.0015178777
8627,1,0,-0.42598486,-0.18891525,-0.3133852756648569,0.11259958,0.012678666
8628,1,0,-0.3198285,-0.11917734,-0.2976037054004692,0.022224814,0.00049394235
8629,1,0,-0.3036344,-0.11144185,-0.0857921269989088,0.21784228,0.04745526
8630,1,0,-0.08856487,-0.024186611,-0.1487824918702736,0.06021762,0.0036261617
8631,1,0,-0.15255404,-0.047020912,-0.1267540227737598,0.02580002,0.000665641
8632,1,0,-0.13019753,-0.03874755,-0.1649950411558394,0.03479752,0.0012108673
8633,1,0,-0.16899228,-0.053312063,-0.1484615620622085,0.020530716,0.00042151028
8634,1,0,-0.15222812,-0.04689789,-0.2231496546142932,0.07092154,0.005029865
8635,1,0,-0.2278459,-0.07731724,-0.1542671311785626,0.073578775,0.0054138363
8636,1,0,-0.15811634,-0.049129963,-0.2380027869293957,0.07988645,0.006381845
8637,1,0,-0.2428484,-0.08381677,-0.1879784033082376,0.054869995,0.0030107163
8638,1,0,-0.19227338,-0.06252718,-0.1977360795462157,0.005462706,2.9841158e-05
8639,1,0,-0.20214939,-0.06654692,-0.2424068051353316,0.04025741,0.001620659
8640,1,0,-0.24729371,-0.08577323,-0.1887784822688778,0.058515236,0.0034240328
8641,1,0,-0.19308352,-0.06285477,-0.1412596171149127,0.051823914,0.002685718
8642,1,0,-0.14492202,-0.04415989,-0.0256096364383466,0.11931238,0.014235444
8643,1,0,-0.027264595,-0.004677534,0.0707935114875861,0.098058105,0.0096153915
8644,1,0,0.07122016,0.02215743,0.1962822102740911,0.12506205,0.015640516
8645,1,0,0.19984221,0.054158688,0.2246966590138539,0.024854451,0.00061774376
8646,1,0,0.22901821,0.08317113,0.4196919163937624,0.19067371,0.036356464
8647,1,0,0.42837572,0.28575468,0.530082089673722,0.101706386,0.010344189
8648,1,0,0.5381048,0.40295362,0.4986271109106974,0.039477676,0.001558487
8649,1,0,0.5068109,0.36938643,0.5493411619701489,0.04253024,0.0018088212
8650,1,0,0.5572736,0.42357278,0.6474229004510121,0.09014928,0.008126893
8651,1,0,0.6549852,0.5293186,0.8486219728165176,0.19363678,0.0374952
8652,1,0,0.8556807,0.7496934,0.7576079829534264,0.09807271,0.009618256
8653,1,0,0.76487446,0.64947796,0.7941039919625696,0.029229522,0.00085436495
8654,1,0,0.8012862,0.68956614,0.8644313592954052,0.06314516,0.0039873114
8655,1,0,0.87145424,0.76718116,0.6831851346278648,0.18826908,0.035445247
8656,1,0,0.69064116,0.5681679,0.5548733139083475,0.13576788,0.018432917
8657,1,0,0.56278133,0.42950416,0.6164485752918307,0.053667247,0.0028801735
8658,1,0,0.62411356,0.49579358,0.5703992841688477,0.053714275,0.0028852234
8659,1,0,0.5782409,0.44617438,0.6144705740517367,0.03622973,0.0013125933
8660,1,0,0.6221428,0.49365687,0.6684956384588032,0.046352863,0.002148588
8661,1,0,0.67599416,0.5521927,0.5853223864839929,0.09067178,0.008221371
8662,1,0,0.59310365,0.46222472,0.5012247118764601,0.09187895,0.008441742
8663,1,0,0.50939465,0.3721528,0.5189195040034482,0.009524882,9.072338e-05
8664,1,0,0.5269973,0.39102602,0.5796813586427967,0.05268401,0.0027756048
8665,1,0,0.58748484,0.4561541,0.4991855834661431,0.088299245,0.0077967565
8666,1,0,0.50736713,0.36998105,0.3993459910410881,0.10802114,0.011668567
8667,1,0,0.4081831,0.2643447,0.2323124627136845,0.17587064,0.030930482
8668,1,0,0.23684025,0.09097028,0.1402715447471454,0.0965687,0.009325515
8669,1,0,0.14238262,0.03835416,0.1685719772057945,0.026189357,0.0006858824
8670,1,0,0.17140651,0.044275522,-0.0143834608178128,0.18578997,0.034517914
8671,1,0,-0.015812874,-0.0012784004,0.1461247214403238,0.1619376,0.026223784
8672,1,0,0.14838338,0.03960514,0.1854784952429788,0.037095115,0.0013760475
8673,1,0,0.18875408,0.048705816,0.2484769617174853,0.059722885,0.003566823
8674,1,0,0.25344706,0.10755515,0.1291655053837335,0.124281555,0.015445905
8675,1,0,0.13099813,0.03593278,0.161368148377389,0.030370012,0.00092233764
8676,1,0,0.16401625,0.04278207,0.3471524887850439,0.18313625,0.03353889
8677,1,0,0.35490084,0.20970392,0.2088708970611814,0.14602993,0.021324743
8678,1,0,0.21276665,0.0669961,0.2169595680616223,0.0041929185,1.7580565e-05
8679,1,0,0.22107172,0.07525754,0.1206999567754527,0.10037176,0.010074491
8680,1,0,0.1223228,0.03404522,0.1992570636936248,0.07693426,0.005918881
8681,1,0,0.20289636,0.05719018,0.2478000447323527,0.044903696,0.0020163418
8682,1,0,0.25275135,0.10685921,0.4212704827876807,0.16851914,0.0283987
8683,1,0,0.4299426,0.28741813,0.3256203065080756,0.104322314,0.010883145
8684,1,0,0.33275294,0.18728209,0.3990665833111588,0.066313654,0.004397501
8685,1,0,0.40790558,0.26405048,0.7370837249050086,0.32917815,0.10835826
8686,1,0,0.74439955,0.6269951,0.7137235861429105,0.030675948,0.00094101374
8687,1,0,0.72109795,0.60145855,0.5827176365410542,0.13838029,0.019149104
8688,1,0,0.5905092,0.45942068,0.5866739282600335,0.0038352609,1.4709226e-05
8689,1,0,0.5944495,0.46368003,0.5806278602710377,0.0138216615,0.00019103833
8690,1,0,0.5884273,0.4571724,0.3722929451995482,0.21613437,0.046714067
8691,1,0,0.38076544,0.23597074,0.2532847425472453,0.12748069,0.016251326
8692,1,0,0.2583871,0.1124959,0.1692020067387658,0.08918509,0.00795398
8693,1,0,0.17205238,0.044442892,0.4104546697613145,0.23840228,0.056835644
8694,1,0,0.41920686,0.27602673,0.3991165944772445,0.020090252,0.00040361824
8695,1,0,0.40795565,0.2641034,0.4115327949179228,0.003577143,1.2795952e-05
8696,1,0,0.4202764,0.27716136,0.2594377454534573,0.16083866,0.025869075
8697,1,0,0.2647097,0.11882448,0.3018153710763287,0.03710565,0.0013768292
8698,1,0,0.30827236,0.16257882,0.3370785862108203,0.02880621,0.0008297977
8699,1,0,0.34453845,0.1992042,0.1399748141555341,0.20456363,0.04184628
8700,1,0,0.14207792,0.038290024,0.2997094004551841,0.15763149,0.024847686
8701,1,0,0.30610704,0.16039777,0.2989306592628469,0.007176399,5.1500705e-05
8702,1,0,0.30530643,0.15959191,0.4153308321325739,0.11002439,0.012105367
8703,1,0,0.42404675,0.2811606,0.268507276191976,0.15553948,0.02419253
8704,1,0,0.27403092,0.12816525,0.5974749568089215,0.323444,0.10461602
8705,1,0,0.6052096,0.47531676,0.5788056545177627,0.026403964,0.0006971693
8706,1,0,0.58661246,0.4552114,0.293677472512468,0.29293498,0.08581091
8707,1,0,0.29990506,0.15415478,0.117222542062469,0.18268251,0.0333729
8708,1,0,0.11875963,0.03325963,-0.0540546201985105,0.17281425,0.029864766
8709,1,0,-0.056256294,-0.01362443,0.1007916580638297,0.15704796,0.024664061
8710,1,0,0.10192871,0.029460192,0.1739905896907223,0.07206188,0.005192915
8711,1,0,0.176965,0.045710325,0.1817310640451022,0.004766062,2.2715347e-05
8712,1,0,0.18490767,0.04773593,0.088012139049026,0.09689554,0.009388746
8713,1,0,0.08884287,0.026407719,0.2221894094459333,0.13334654,0.0177813
8714,1,0,0.22644305,0.080605984,0.0464277089322533,0.18001534,0.03240552
8715,1,0,0.04629779,0.01586914,0.0609980883463445,0.014700301,0.00021609885
8716,1,0,0.061197996,0.01966834,0.0350194308740801,0.026178565,0.00068531727
8717,1,0,0.03463602,0.0128109455,-0.024871106161886,0.059507124,0.0035410977
8718,1,0,-0.026511192,-0.0044517517,0.0119117450797587,0.03842294,0.0014763222
8719,1,0,0.011027813,0.0063951015,-0.1310633158713146,0.14209113,0.020189889
8720,1,0,-0.13457274,-0.04034114,-0.0831902002782385,0.05138254,0.0026401656
8721,1,0,-0.08591843,-0.023297787,-0.2151004408245889,0.12918201,0.016687991
8722,1,0,-0.21971107,-0.07385826,-0.2320184323023055,0.012307361,0.00015147113
8723,1,0,-0.2368052,-0.08117986,-0.2941236741506232,0.05731848,0.003285408
8724,1,0,-0.30006146,-0.109760284,-0.1880367082349909,0.112024754,0.012549546
8725,1,0,-0.19233346,-0.0625515,-0.1044440915104418,0.087889366,0.007724541
8726,1,0,-0.10753131,-0.03068614,0.0337382645687793,0.14126956,0.01995709
8727,1,0,0.03332591,0.012462616,0.0078112600862043,0.025514651,0.00065099745
8728,1,0,0.006841421,0.0052239895,-0.1599401418930135,0.16678156,0.027816089
8729,1,0,-0.16386867,-0.05133128,-0.1247674688493041,0.0391012,0.0015289037
8730,1,0,-0.12818003,-0.038016796,-0.3273729286531845,0.19919291,0.039677817
8731,1,0,-0.33417082,-0.1261828,-0.1715040731701909,0.16266674,0.026460467
8732,1,0,-0.17558837,-0.055886507,-0.2842287871742606,0.10864043,0.011802743
8733,1,0,-0.2898991,-0.105024576,-0.2950463014264826,0.005147189,2.6493553e-05
8734,1,0,-0.30100894,-0.11020446,-0.0402644025749636,0.26074454,0.06798772
8735,1,0,-0.042205334,-0.009226561,-0.0256509883398354,0.016554344,0.00027404632
8736,1,0,-0.027306795,-0.0046901703,-0.1758256413784584,0.14851885,0.022057848
8737,1,0,-0.17996669,-0.05761099,-0.0909794191800625,0.08898727,0.007918734
8738,1,0,-0.093841314,-0.025972366,-0.0762433177696122,0.017597996,0.00030968947
8739,1,0,-0.07884884,-0.020944118,-0.1144013166119899,0.03555248,0.0012639788
8740,1,0,-0.11765027,-0.0342443,-0.0818817334698644,0.03576854,0.0012793883
8741,1,0,-0.08458638,-0.02285242,-0.0451386294571451,0.03944775,0.001556125
8742,1,0,-0.047172785,-0.010767937,-0.0334284644881273,0.013744321,0.00018890636
8743,1,0,-0.035236835,-0.007088423,-0.009984258054331,0.025252577,0.00063769263
8744,1,0,-0.011324644,3.3140182e-05,-0.0584357810215494,0.04711114,0.0022194593
8745,1,0,-0.060719013,-0.015045881,-0.0689627082687329,0.008243695,6.795851e-05
8746,1,0,-0.07143879,-0.018509388,0.0088615198652761,0.08030031,0.0064481394
8747,1,0,0.007912874,0.0055248737,0.0442591234787954,0.03634625,0.0013210499
8748,1,0,0.044080496,0.015292883,0.0690137871308356,0.024933293,0.0006216691
8749,1,0,0.06939888,0.021709204,0.1409330909106185,0.07153422,0.005117144
8750,1,0,0.14306045,0.038496256,-5.970675061073294e-05,0.14312015,0.020483378
8751,1,0,-0.0011949539,0.0029509068,0.0313551581072308,0.03255011,0.0010595097
8752,1,0,0.030890703,0.011814117,0.0503305327416208,0.019439831,0.00037790704
8753,1,0,0.05028844,0.016897202,0.0370821712748106,0.013206266,0.00017440546
8754,1,0,0.03674388,0.013368607,-0.1083503349053822,0.14509422,0.02105233
8755,1,0,-0.11150217,-0.032073975,-0.0971048973056558,0.014397271,0.00020728141
8756,1,0,-0.10007024,-0.028102636,-0.0533331270055126,0.046737112,0.0021843577
8757,1,0,-0.05552149,-0.013391733,-0.0935690781982878,0.03804759,0.001447619
8758,1,0,-0.096474886,-0.026870012,-0.119282171147705,0.022807285,0.00052017224
8759,1,0,-0.12260914,-0.036011934,-0.1566285480255156,0.03401941,0.0011573203
8760,1,0,-0.16051078,-0.050043583,-0.043820257084095,0.11669052,0.013616676
8761,1,0,-0.045829058,-0.010349274,-0.013094847605966,0.032734208,0.0010715284
8762,1,0,-0.014497995,-0.000893116,0.1341175695069538,0.14861557,0.022086587
8763,1,0,0.13607383,0.037020206,0.2125606501377102,0.076486826,0.0058502345
8764,1,0,0.21655488,0.07076287,0.1194784526410797,0.09707643,0.009423833
8765,1,0,0.12107086,0.033769608,0.1005584825099576,0.02051238,0.00042075771
8766,1,0,0.10168958,0.029404879,0.1019275373132413,0.00023795664,5.6623364e-08
8767,1,0,0.10309172,0.029726982,0.205080152005848,0.101988435,0.010401641
8768,1,0,0.20887446,0.06312704,0.2483809098251757,0.03950645,0.0015607596
8769,1,0,0.2533481,0.107456684,0.4594872748624539,0.20613918,0.042493362
8770,1,0,0.46790195,0.32780647,0.437464447730612,0.0304375,0.00092644134
8771,1,0,0.4460225,0.30450678,0.3726928044910078,0.07332972,0.0053772475
8772,1,0,0.3811767,0.2363894,0.2108543244124736,0.17032239,0.029009717
8773,1,0,0.21480274,0.06902051,0.185417429084755,0.029385313,0.0008634966
8774,1,0,0.1886909,0.04869032,0.20250774366382,0.013816848,0.0001909053
8775,1,0,0.20623326,0.060503483,0.0936377348639498,0.11259553,0.012677753
8776,1,0,0.09460235,0.027761936,0.1582213140360608,0.06361897,0.004047374
8777,1,0,0.16078877,0.04213524,0.1829343427433039,0.02214557,0.00049042626
8778,1,0,0.18614268,0.04804778,0.2000459174797608,0.01390323,0.00019329981
8779,1,0,0.20370603,0.057993412,0.4369036965128008,0.23319766,0.054381147
8780,1,0,0.4454658,0.30391407,0.4758823569646582,0.030416548,0.0009251664
8781,1,0,0.4841962,0.34519744,0.4974305971622206,0.013234407,0.00017514951
8782,1,0,0.5056219,0.3681109,0.6180440185646932,0.11242211,0.012638731
8783,1,0,0.6257043,0.49751854,0.6196398211206988,0.0060644746,3.6777852e-05
8784,1,0,0.6272943,0.49924278,0.6030415711051158,0.024252713,0.00058819406
8785,1,0,0.61075497,0.48132014,0.5862413158163688,0.024513662,0.0006009196
8786,1,0,0.59401894,0.46321344,0.6138908576038506,0.01987195,0.0003948944
8787,1,0,0.62156534,0.4930308,0.7712913727953361,0.14972603,0.022417884
8788,1,0,0.7785258,0.66449237,0.7277867455789,0.05073911,0.0025744573
8789,1,0,0.7351253,0.6168251,0.7502407050429061,0.01511538,0.00022847472
8790,1,0,0.7575245,0.64140224,0.6601405664170352,0.09738392,0.009483627
8791,1,0,0.66766405,0.5431168,0.588299350098576,0.07936472,0.006298758
8792,1,0,0.5960686,0.46542954,0.5962015273149275,0.00013291836,1.766729e-08
8793,1,0,0.60394025,0.4739442,0.5669279217432495,0.03701234,0.0013699132
8794,1,0,0.5747838,0.44244313,0.5461939223787833,0.028589904,0.00081738265
8795,1,0,0.5541408,0.42019987,0.4613757924995982,0.092765,0.008605346
8796,1,0,0.46977782,0.329808,0.2938922695549224,0.17588556,0.030935729
8797,1,0,0.30012584,0.15437675,0.4204336113512874,0.12030777,0.014473961
8798,1,0,0.4291122,0.28653717,0.4903111805807358,0.06119898,0.0037453151
8799,1,0,0.4985416,0.3605337,0.4182438195964182,0.08029777,0.0064477315
8800,1,0,0.42693853,0.28422928,0.3603795598543162,0.06655899,0.004430099
8801,1,0,0.3685081,0.2235117,0.2879202790824231,0.080587834,0.006494399
8802,1,0,0.29398608,0.14820123,0.3162140186268081,0.022227943,0.00049408147
8803,1,0,0.32307863,0.1775105,0.3571024832797302,0.03402385,0.0011576224
8804,1,0,0.36513686,0.22008777,0.5284615350639825,0.16332465,0.026674943
8805,1,0,0.53649235,0.40122128,0.2947949753595993,0.24169737,0.05841762
8806,1,0,0.30105424,0.15531087,0.2629633993202391,0.038090825,0.0014509109
8807,1,0,0.26833344,0.12245393,0.4287239540489578,0.16039053,0.02572512
8808,1,0,0.4373436,0.29527855,0.4439509741663663,0.0066073835,4.3657517e-05
8809,1,0,0.45246577,0.31136274,0.5722946924802712,0.11982894,0.014358975
8810,1,0,0.58012795,0.44821095,0.5160730203855128,0.06405491,0.004103031
8811,1,0,0.5241649,0.3879869,0.4932422979177531,0.030922621,0.0009562085
8812,1,0,0.501456,0.36365294,0.4376504353485138,0.06380558,0.004071152
8813,1,0,0.44620776,0.30470276,0.5308377695264972,0.08463001,0.007162239
8814,1,0,0.53885674,0.40376234,0.5431991066291317,0.004342377,1.8856239e-05
8815,1,0,0.5511601,0.41699147,0.5086242868816373,0.04253578,0.0018092927
8816,1,0,0.51675534,0.38004017,0.4827471643895156,0.034008175,0.001156556
8817,1,0,0.49102092,0.35248995,0.5220774984753636,0.031056583,0.00096451136
8818,1,0,0.53013873,0.3943982,0.3646522232876914,0.16548651,0.027385786
8819,1,0,0.37290406,0.22797751,0.4210023380961232,0.048098266,0.0023134432
8820,1,0,0.42967653,0.2871356,0.3169844058773923,0.11269212,0.012699514
8821,1,0,0.32387114,0.17830992,0.2083508769911697,0.115520254,0.013344929
8822,1,0,0.21223235,0.06646466,0.1843360541296648,0.0278963,0.00077820354
8823,1,0,0.1875813,0.048410654,0.0975220927418223,0.090059206,0.00811066
8824,1,0,0.09857988,0.028687239,0.0585818996545,0.039997984,0.0015998387
8825,1,0,0.058727264,0.019046068,0.0034681040380366,0.05525916,0.0030535748
8826,1,0,0.0024061203,0.0039741993,0.146921686260693,0.14451556,0.020884747
8827,1,0,0.14920092,0.03977394,0.1824667094358401,0.0332658,0.0011066134
8828,1,0,0.18566275,0.047926903,0.1046546683339086,0.08100808,0.0065623084
8829,1,0,0.10588527,0.030365944,0.1017829629585804,0.0041023046,1.6828903e-05
8830,1,0,0.1029439,0.029693127,0.1153430709592808,0.012399174,0.00015373953
8831,1,0,0.11683416,0.032831907,0.1168232171907095,1.0944903e-05,1.197909e-10
8832,1,0,0.118350506,0.033168554,0.2276738792471224,0.10932337,0.011951598
8833,1,0,0.23207569,0.086218596,0.166399560931413,0.06567612,0.004313353
8834,1,0,0.16917753,0.043806076,0.084571843860155,0.08460569,0.007158122
8835,1,0,0.08532071,0.025571585,0.1324520981524242,0.04713139,0.0022213678
8836,1,0,0.13436651,0.03665638,0.1880756955580516,0.05370918,0.002884676
8837,1,0,0.1914196,0.049373865,0.0255815991287629,0.165838,0.027502242
8838,1,0,0.024990797,0.010226965,0.0142208589373691,0.010769938,0.00011599157
8839,1,0,0.01338625,0.007049322,0.1144358462466437,0.101049595,0.010211021
8840,1,0,0.11590433,0.03262472,0.2926840383428959,0.17677972,0.03125107
8841,1,0,0.29888368,0.15312672,0.198941946746272,0.09994173,0.00998835
8842,1,0,0.20257306,0.056868076,0.1708274211516904,0.031745642,0.0010077858
8843,1,0,0.17372012,0.04487443,0.0945139377224304,0.07920618,0.0062736194
8844,1,0,0.09549999,0.027972221,0.1357656804706493,0.040265694,0.0016213261
8845,1,0,0.13776374,0.037379026,0.0197237279634094,0.11804001,0.013933444
8846,1,0,0.019006968,0.008597374,-0.0468892289514402,0.0658962,0.0043423087
8847,1,0,-0.048955917,-0.011325121,-0.0314308115063317,0.017525107,0.00030712938
8848,1,0,-0.033200026,-0.006468773,-0.0019852330453429,0.031214792,0.00097436324
8849,1,0,-0.0031604767,0.002389431,-0.0326862139444505,0.029525738,0.0008717692
8850,1,0,-0.034480333,-0.0068576336,-0.0886932277479557,0.054212898,0.0029390382
8851,1,0,-0.09151602,-0.02518344,0.0893944216598408,0.18091044,0.032728586
8852,1,0,0.09025812,0.02674222,-0.0794255622961852,0.1696837,0.028792556
8853,1,0,-0.08208704,-0.022018433,0.1344480064099307,0.21653505,0.046887428
8854,1,0,0.13641262,0.037092447,0.1462148068495179,0.009802192,9.608298e-05
8855,1,0,0.14847589,0.039623737,0.145112581520415,0.0033633113,1.1311863e-05
8856,1,0,0.14734602,0.039389133,0.1296752755463979,0.01767075,0.00031225543
8857,1,0,0.13152075,0.036044836,0.1069946176298937,0.024526134,0.00060153124
8858,1,0,0.10828185,0.030910492,-0.0227259740290954,0.13100782,0.01716305
8859,1,0,-0.024323225,-0.0037972927,-0.2008428016216874,0.17651957,0.031159159
8860,1,0,-0.20529222,-0.06783962,-0.1895097510714785,0.015782475,0.00024908653
8861,1,0,-0.19382405,-0.063153744,-0.1249352613610872,0.06888879,0.0047456655
8862,1,0,-0.1283505,-0.03807807,-0.207520229918972,0.079169735,0.006267847
8863,1,0,-0.21204638,-0.07064104,-0.0648239857553223,0.1472224,0.021674436
8864,1,0,-0.06722474,-0.017139435,-0.1285890418188571,0.061364308,0.0037655784
8865,1,0,-0.13206077,-0.03942442,-0.1350025331848301,0.0029417723,8.654025e-06
8866,1,0,-0.1385715,-0.041808844,-0.0942548521075758,0.04431665,0.0019639654
8867,1,0,-0.09717226,-0.02710843,-0.219303473000382,0.12213121,0.0149160335
8868,1,0,-0.22395945,-0.0756588,-0.2387189975990566,0.014759555,0.00021784447
8869,1,0,-0.24357104,-0.084133625,-0.4361393592692493,0.1925683,0.03708255
8870,1,0,-0.44531608,-0.20912981,-0.4340954220162825,0.011220664,0.0001259033
8871,1,0,-0.44323397,-0.206949,-0.4325519955586268,0.010681957,0.00011410421
8872,1,0,-0.4416623,-0.20530295,-0.4803857843676309,0.03872347,0.001499507
8873,1,0,-0.49032092,-0.2564702,-0.5095182114554224,0.019197285,0.00036853575
8874,1,0,-0.51988125,-0.28777623,-0.5922086371250379,0.072327375,0.005231249
8875,1,0,-0.60345554,-0.3771844,-0.7581539807327524,0.15469843,0.023931604
8876,1,0,-0.7694471,-0.5587504,-0.7232050660019609,0.046242,0.0021383225
8877,1,0,-0.7347579,-0.5203016,-0.765995471787047,0.031237543,0.0009757841
8878,1,0,-0.7771778,-0.5673914,-0.7912992383255708,0.014121413,0.00019941431
8879,1,0,-0.8021059,-0.5953057,-0.96209578566332,0.1599899,0.025596766
8880,1,0,-0.9696739,-0.78483963,-1.0141932613741922,0.044519424,0.0019819792
8881,1,0,-1.0205071,-0.8429532,-0.9526615974523636,0.06784552,0.0046030153
8882,1,0,-0.96045303,-0.77432704,-0.9397073199291386,0.020745695,0.00043038384
8883,1,0,-0.9477854,-0.75990057,-0.9457906157094876,0.0019947886,3.9791817e-06
8884,1,0,-0.9537349,-0.76667476,-1.1256871154583357,0.17195225,0.029567575
8885,1,0,-1.1287801,-0.96762204,-1.1530839420304553,0.024303794,0.0005906744
8886,1,0,-1.1552699,-0.99829674,-1.1181814306857103,0.037088394,0.001375549
8887,1,0,-1.121515,-0.9592204,-1.1757475030404445,0.05423248,0.0029411616
8888,1,0,-1.177145,-1.02368,-1.071942925790309,0.10520208,0.011067477
8889,1,0,-1.0766809,-0.90748644,-0.9896939395829638,0.08698696,0.007566731
8890,1,0,-0.9966204,-0.8156109,-0.9856769942025134,0.010943413,0.00011975828
8891,1,0,-0.99270034,-0.8111305,-1.0624570852731388,0.06975675,0.0048660035
8892,1,0,-1.0674669,-0.8968799,-1.0493198796065308,0.018146992,0.0003293133
8893,1,0,-1.0546978,-0.8821938,-0.9187356654323452,0.13596207,0.018485684
8894,1,0,-0.92725897,-0.7365632,-0.7764890300832019,0.15076995,0.022731578
8895,1,0,-0.78751874,-0.5789609,-0.7315502005893344,0.055968523,0.0031324755
8896,1,0,-0.74307394,-0.5294728,-0.8370779532392834,0.094004035,0.008836758
8897,1,0,-0.8471434,-0.64592814,-0.9383641257428804,0.09122074,0.008321223
8898,1,0,-0.94647145,-0.75840497,-0.7668870969527144,0.17958438,0.03225055
8899,1,0,-0.77805614,-0.56837416,-0.7247576861648626,0.053298473,0.0028407273
8900,1,0,-0.73630595,-0.52200794,-0.7792612296659569,0.04295528,0.0018451561
8901,1,0,-0.79024935,-0.58202004,-0.873434530828741,0.083185196,0.006919777
8902,1,0,-0.8828509,-0.6862321,-0.9276635367771404,0.04481268,0.0020081762
8903,1,0,-0.9360001,-0.746495,-0.8788705781845345,0.057129502,0.0032637801
8904,1,0,-0.8881843,-0.6922655,-0.9418884830341704,0.053704202,0.0028841414
8905,1,0,-0.9499185,-0.76232934,-0.9616621930159804,0.011743665,0.00013791367
8906,1,0,-0.9692502,-0.7843559,-0.8316928000534412,0.13755739,0.018922035
8907,1,0,-0.8418505,-0.6399658,-0.8920850392059223,0.050234497,0.0025235047
8908,1,0,-0.90114546,-0.70693946,-0.8406102947183101,0.060535192,0.0036645096
8909,1,0,-0.85061574,-0.64984035,-0.8459459627441488,0.0046697855,2.1806896e-05
8910,1,0,-0.8558583,-0.6557512,-0.8209149373301505,0.0349434,0.0012210413
8911,1,0,-0.8312521,-0.6280379,-0.6433976890253978,0.18785441,0.03528928
8912,1,0,-0.6549313,-0.43290973,-0.6218995690123461,0.03303176,0.0010910972
8913,1,0,-0.63333774,-0.40947318,-0.5667373156647324,0.06660044,0.004435619
8914,1,0,-0.5777652,-0.34956074,-0.5695232108320645,0.008242011,6.793075e-05
8915,1,0,-0.5805776,-0.35257864,-0.4821215647522998,0.098456055,0.009693595
8916,1,0,-0.49208426,-0.25833297,-0.3221210107826482,0.16996324,0.028887503
8917,1,0,-0.32878733,-0.12353587,-0.2878760692513973,0.040911257,0.001673731
8918,1,0,-0.29364562,-0.10676193,-0.3543909460659153,0.06074533,0.003689995
8919,1,0,-0.36184454,-0.14011669,-0.3989412429287764,0.03709671,0.0013761658
8920,1,0,-0.40738392,-0.16953135,-0.3912589634016665,0.016124964,0.00026001447
8921,1,0,-0.39953947,-0.16137671,-0.3338937507416726,0.065645725,0.0043093613
8922,1,0,-0.3408537,-0.12949753,-0.3369716605513071,0.0038820207,1.5070084e-05
8923,1,0,-0.34400702,-0.13107204,-0.4373738148673856,0.0933668,0.00871736
8924,1,0,-0.44657326,-0.21044707,-0.3245186392287293,0.12205461,0.014897327
8925,1,0,-0.33124495,-0.124741554,-0.345211908076092,0.013966948,0.00019507563
8926,1,0,-0.3524475,-0.13532257,-0.3757855777482879,0.02333808,0.00054466596
8927,1,0,-0.3837285,-0.15152812,-0.5434450984302752,0.1597166,0.025509395
8928,1,0,-0.55423117,-0.3243642,-0.4834557084421225,0.07077545,0.005009164
8929,1,0,-0.49343896,-0.2597649,-0.2606697654692183,0.23276919,0.054181498
8930,1,0,-0.26571894,-0.09402919,-0.245879880267172,0.019839063,0.00039358845
8931,1,0,-0.25079942,-0.08732486,-0.307808275533747,0.057008862,0.0032500103
8932,1,0,-0.3141067,-0.11642289,-0.2052408318691325,0.10886587,0.011851778
8933,1,0,-0.20974112,-0.06968236,-0.1814104787274582,0.028330639,0.0008026251
8934,1,0,-0.18562317,-0.059858322,-0.2280889492184346,0.042465776,0.0018033421
8935,1,0,-0.23283625,-0.07946181,-0.3871323772938408,0.15429613,0.023807297
8936,1,0,-0.39532423,-0.15771699,-0.3269073759590499,0.06841686,0.0046808673
8937,1,0,-0.33369374,-0.12594795,-0.4876166344897852,0.15392289,0.023692254
8938,1,0,-0.49766397,-0.26423144,-0.5974002050498641,0.09973621,0.009947312
8939,1,0,-0.6086855,-0.38282347,-0.7566732932402092,0.14798778,0.021900384
8940,1,0,-0.767987,-0.5571196,-0.9072811222825968,0.13929409,0.019402843
8941,1,0,-0.9160392,-0.72382593,-0.9452031294908888,0.029163897,0.0008505329
8942,1,0,-0.9531605,-0.7660203,-0.9978296699465924,0.04466915,0.001995333
8943,1,0,-1.004556,-0.82468796,-1.0180314354796072,0.013475537,0.0001815901
8944,1,0,-1.0242462,-0.84723926,-1.141727493096847,0.11748123,0.01380184
8945,1,0,-1.1442952,-0.98558116,-1.251856868231425,0.10756171,0.01156952
8946,1,0,-1.2503521,-1.1089382,-1.212595876953211,0.037756324,0.00142554
8947,1,0,-1.2126386,-1.0649568,-1.3016913630101192,0.0890528,0.007930401
8948,1,0,-1.2984824,-1.1647531,-1.2369906145811511,0.061491847,0.0037812472
8949,1,0,-1.2360849,-1.0922849,-1.1773315310206491,0.05875337,0.0034519585
8950,1,0,-1.1786728,-1.0254545,-1.1131363594122146,0.06553638,0.004295017
8951,1,0,-1.1166298,-0.95357347,-1.1884141438851437,0.07178426,0.00515298
8952,1,0,-1.1893566,-1.0378685,-1.180557296928234,0.0087993145,7.742793e-05
8953,1,0,-1.1817831,-1.029067,-1.271941698390696,0.09015858,0.008128569
8954,1,0,-1.2696024,-1.1314354,-1.1333545910767198,0.13624787,0.018563483
8955,1,0,-1.1361984,-0.9762058,-1.061336893505478,0.07486153,0.005604248
8956,1,0,-1.0663787,-0.895627,-1.0513087580964613,0.015069962,0.00022710374
8957,1,0,-1.0566316,-0.8844166,-0.9612228582776288,0.09540868,0.009102816
8958,1,0,-0.96881986,-0.78386545,-1.0158917476891849,0.047071934,0.002215767
8959,1,0,-1.0221624,-0.8448496,-1.1197581718312928,0.09759569,0.009524919
8960,1,0,-1.1230416,-0.9609854,-1.0021119747487894,0.1209296,0.014623968
8961,1,0,-1.0087321,-0.8294673,-0.8451085245713967,0.16362357,0.026772672
8962,1,0,-0.855036,-0.6548238,-0.8491990057455219,0.0058370233,3.407084e-05
8963,1,0,-0.85905504,-0.65935564,-0.7709745989627423,0.088080466,0.0077581685
8964,1,0,-0.7820842,-0.5728798,-0.8727402496599876,0.09065604,0.0082185175
8965,1,0,-0.8821695,-0.685462,-0.8604153319181873,0.021754146,0.00047324286
8966,1,0,-0.87007093,-0.67178965,-0.749679026811767,0.120391905,0.0144942105
8967,1,0,-0.7610898,-0.5494182,-0.705067051695611,0.056022763,0.00313855
8968,1,0,-0.7166631,-0.50038886,-0.7352467106633926,0.018583596,0.00034535004
8969,1,0,-0.7467551,-0.5335376,-0.5450159193195501,0.20173919,0.040698703
8970,1,0,-0.5558195,-0.32606173,-0.6088811579342006,0.053061664,0.0028155402
8971,1,0,-0.6202438,-0.39530444,-0.7041016418764339,0.083857834,0.0070321364
8972,1,0,-0.71569896,-0.4993291,-0.4600928740159502,0.25560609,0.06533447
8973,1,0,-0.46969604,-0.23472667,-0.4949119737385574,0.025215924,0.0006358428
8974,1,0,-0.5050678,-0.27206755,-0.5708331801201343,0.06576538,0.0043250853
8975,1,0,-0.5818994,-0.35399795,-0.6653279781117192,0.08342856,0.006960325
8976,1,0,-0.6769202,-0.45686436,-0.5768988055735647,0.10002136,0.010004273
8977,1,0,-0.5880203,-0.36057234,-0.5194442275430169,0.0685761,0.004702681
8978,1,0,-0.52993965,-0.29846692,-0.6268955997781482,0.096955955,0.009400457
8979,1,0,-0.63835907,-0.4149158,-0.5918889976344386,0.046470046,0.002159465
8980,1,0,-0.6031332,-0.3768375,-0.509733405838579,0.09339982,0.008723527
8981,1,0,-0.52009916,-0.28800797,-0.4448515216347704,0.075247645,0.005662208
8982,1,0,-0.45418763,-0.218431,-0.4561495081999749,0.0019618869,3.849e-06
8983,1,0,-0.46568537,-0.23050833,-0.5604708100703117,0.09478545,0.008984282
8984,1,0,-0.5714383,-0.34277654,-0.5610147563568204,0.010423541,0.00010865021
8985,1,0,-0.5719874,-0.34336448,-0.6484288774210678,0.07644147,0.005843298
8986,1,0,-0.65997934,-0.4384017,-0.6438261135859724,0.016153216,0.0002609264
8987,1,0,-0.65536094,-0.4333768,-0.6534544675707075,0.0019064546,3.634569e-06
8988,1,0,-0.66501975,-0.44388866,-0.5248375473132012,0.1401822,0.019651048
8989,1,0,-0.5354016,-0.30428052,-0.5396039199830516,0.004202366,1.7659879e-05
8990,1,0,-0.5503466,-0.32021523,-0.5791580469141824,0.028811455,0.0008300999
8991,1,0,-0.59029865,-0.36302185,-0.481952756042538,0.108345896,0.011738833
8992,1,0,-0.4919126,-0.258152,-0.3673053443461853,0.124607265,0.015526971
8993,1,0,-0.37505746,-0.14696527,-0.3584941238316523,0.016563326,0.00027434377
8994,1,0,-0.3660431,-0.14227915,-0.3496709892054532,0.016372114,0.00026804613
8995,1,0,-0.3570125,-0.13764453,-0.4485002240963207,0.091487706,0.00837
8996,1,0,-0.45790172,-0.22232938,-0.5715842780511711,0.11368257,0.012923726
8997,1,0,-0.5826578,-0.35481167,-0.5405009190788821,0.042156875,0.0017772021
8998,1,0,-0.55125356,-0.3211832,-0.4570489103107151,0.094204634,0.008874513
8999,1,0,-0.46659994,-0.2314694,-0.6481449366271819,0.18154502,0.032958593
