,state,label,pred,predbase,target,mae,mse
0,1,0,-0.8730078,-0.8458581,-0.843590152111414,0.029417634,0.0008653972
1,1,0,-0.83785915,-0.8114033,-0.8249435664875593,0.012915611,0.00016681301
2,1,0,-0.819098,-0.7930484,-0.8971898691671552,0.07809186,0.0060983384
3,1,0,-0.8917365,-0.8642545,-0.9657991604008432,0.074062645,0.0054852753
4,1,0,-0.9605746,-0.9320922,-1.1111949599701774,0.15062034,0.022686487
5,1,0,-1.105937,-1.0765343,-1.1386853944063793,0.03274834,0.0010724539
6,1,0,-1.1333332,-1.1039462,-1.195078238254733,0.061745048,0.003812451
7,1,0,-1.1894431,-1.1602778,-1.2483052054340202,0.05886209,0.0034647456
8,1,0,-1.2422853,-1.2135692,-1.254039140770674,0.011753917,0.00013815456
9,1,0,-1.2479696,-1.2193174,-1.1462234046721589,0.1017462,0.010352289
10,1,0,-1.1408415,-1.1114693,-1.0612269725870194,0.07961452,0.006338472
11,1,0,-1.0560651,-1.0267916,-1.1895559544947227,0.13349092,0.017819826
12,1,0,-1.1839547,-1.1547565,-1.2372164470586098,0.053261757,0.0028368148
13,1,0,-1.231286,-1.2024579,-1.0684989587704354,0.16278708,0.026499633
14,1,0,-1.0633287,-1.0340247,-0.9776389958739636,0.08568972,0.007342729
15,1,0,-0.97244024,-0.94382,-1.006499563331225,0.034059286,0.001160035
16,1,0,-1.0013404,-0.9724331,-0.841653542715302,0.15968686,0.025499895
17,1,0,-0.8359113,-0.80949545,-0.8621833205644007,0.026272058,0.00069022103
18,1,0,-0.8565588,-0.8297219,-0.8184747402758159,0.03808403,0.0014503933
19,1,0,-0.81258583,-0.7866845,-0.5885301482950283,0.22405571,0.05020096
20,1,0,-0.5804715,-0.56171083,-0.6930994869784222,0.11262798,0.012685062
21,1,0,-0.68617535,-0.66371346,-0.678653512845746,0.007521808,5.65776e-05
22,1,0,-0.6715865,-0.64959145,-0.784630750884979,0.11304426,0.012779005
23,1,0,-0.77850103,-0.753417,-0.7752435157792039,0.003257513,1.0611391e-05
24,1,0,-0.76904154,-0.7442002,-0.7632381777486463,0.0058033466,3.3678833e-05
25,1,0,-0.75694084,-0.7324171,-0.8502505588331308,0.0933097,0.0087067
26,1,0,-0.8445587,-0.8179641,-1.0114841047365832,0.16692543,0.027864099
27,1,0,-1.0063286,-0.9773798,-1.0955107516537836,0.08918214,0.007953454
28,1,0,-1.0902925,-1.0609088,-1.1809751429041384,0.090682745,0.00822336
29,1,0,-1.1754231,-1.1461778,-1.389622168657331,0.21419907,0.04588124
30,1,0,-1.381979,-1.3556175,-1.3591377675475789,0.022841215,0.0005217211
31,1,0,-1.3519206,-1.3249078,-1.2387709523411443,0.11314964,0.012802842
32,1,0,-1.2328281,-1.2040157,-1.224505145447651,0.008322954,6.927157e-05
33,1,1,-1.2186718,-1.1897264,1.0727445877979518,2.2914164,5.2505894
34,1,1,1.1015778,0.98187876,-0.6329836528596928,1.7345614,3.0087035
35,1,1,-0.6254344,-0.60500956,0.7220006371973096,1.347435,1.8155811
36,0,1,-0.6478262,0.6690464,-0.5840704276754805,0.06375575,0.0040647956
37,0,1,0.5346651,-0.5573716,0.6416864424824551,0.10702133,0.011453565
38,0,1,-0.5783267,0.5963621,-0.5733349775344001,0.00499171,2.491717e-05
39,0,1,0.52474403,-0.54693174,0.617432642230983,0.09268862,0.008591181
40,0,1,-0.55706453,0.574337,-0.5816330333551969,0.024568498,0.0006036111
41,0,1,0.53241014,-0.5550003,0.5310777146148054,0.0013324022,1.7752957e-06
42,0,1,-0.4803214,0.49563885,-0.538068060776757,0.05774665,0.0033346754
43,0,1,0.4922843,-0.5126729,0.6116353276618645,0.11935103,0.014244668
44,0,1,-0.55196285,0.56906605,-0.6140507077130772,0.062087834,0.0038548992
45,0,1,0.5624647,-0.5865569,0.4592279106394503,0.103236794,0.010657836
46,0,1,-0.41522932,0.42982817,-0.275032206913707,0.14019713,0.019655235
47,0,1,0.2569871,-0.25906944,0.4376488280969397,0.18066174,0.032638665
48,0,1,-0.3954606,0.41000557,-0.4282662737676768,0.03280568,0.0010762127
49,0,1,0.39255524,-0.40639305,0.2975495795711191,0.09500566,0.009026076
50,0,1,-0.26464653,0.28066444,-0.374415527678666,0.10976899,0.012049231
51,0,1,0.344419,-0.3544879,0.3539536823707596,0.009534687,9.091025e-05
52,0,1,-0.31782436,0.33287048,-0.3872822760950232,0.06945792,0.0048244023
53,0,1,0.35587263,-0.36687565,0.2510497697890939,0.104822874,0.010987835
54,0,1,-0.22029066,0.23749208,-0.1775078342033111,0.04278283,0.0018303704
55,0,1,0.17301512,-0.16592169,0.2935355890737989,0.12052047,0.014525184
56,0,1,-0.26083612,0.27694273,-0.2063083055920715,0.05452782,0.0029732832
57,0,1,0.19762182,-0.19337845,0.3585413455878417,0.16091952,0.02589509
58,0,1,-0.3221197,0.33711004,-0.2422712567541518,0.07984845,0.0063757757
59,0,1,0.22857428,-0.22772408,0.1073393283399442,0.121234946,0.014697912
60,0,1,-0.080299854,0.10331154,-0.264932255055947,0.18463239,0.03408912
61,0,1,0.24820614,-0.24940062,0.2734760640706302,0.025269926,0.0006385691
62,0,1,-0.2417407,0.2583289,-0.2518249095323313,0.010084212,0.00010169133
63,0,1,0.2368393,-0.23685932,0.1662677455425516,0.07057154,0.0049803425
64,0,1,-0.13822794,0.15846777,0.0026729098484796,0.14090085,0.01985305
65,0,1,0.022767544,0.0048804283,0.085770748042071,0.063003205,0.003969404
66,0,1,-0.058918,0.08307552,-0.0903030627446943,0.031385064,0.0009850223
67,0,1,0.09949827,-0.0830431,-0.0101612364577183,0.10965951,0.012025207
68,0,1,0.033257484,-0.007229328,0.0301342253956908,0.0031232592,9.754748e-06
69,0,1,-0.0033211708,0.03076315,-0.0005487866394418,0.002772384,7.686113e-06
70,0,1,0.025397778,0.001842022,-0.070960129837287,0.096357904,0.009284846
71,0,1,0.08339405,-0.064713955,0.0842429571821883,0.00084890425,7.206384e-07
72,0,1,-0.057398796,0.081641674,0.1549121976592777,0.212311,0.04507596
73,0,1,-0.12712288,0.1478548,-0.2122882508817056,0.08516537,0.0072531397
74,0,1,0.20275211,-0.19908476,0.1277728905288846,0.074979216,0.0056218826
75,0,1,-0.100470066,0.12245798,-0.0862792703889372,0.014190793,0.00020137861
76,0,1,0.09614134,-0.079229355,-0.1730312302693608,0.26917255,0.072453864
77,0,1,0.16920471,-0.16165781,0.1785673271384986,0.009362608,8.765843e-05
78,0,1,-0.15022755,0.16995764,-0.0906054011972834,0.059622146,0.0035548003
79,0,1,0.099750996,-0.08333063,-0.0249518291087973,0.124702826,0.015550795
80,0,1,0.045386314,-0.021194458,-0.0492945037995165,0.094680816,0.008964457
81,0,1,0.06544304,-0.04420662,-0.0242441397271999,0.089687176,0.008043789
82,0,1,0.04480505,-0.020527363,0.0015866891784463,0.04321836,0.0018678266
83,0,1,0.023653984,0.003856659,-0.0918297151651375,0.1154837,0.013336485
84,0,1,0.10077238,-0.08449173,0.0993508026463292,0.0014215782,2.0208847e-06
85,0,1,-0.07239246,0.095819,-0.017151555133779,0.055240907,0.0030515578
86,0,1,0.038984776,-0.013829231,-0.077450703947477,0.11643548,0.013557222
87,0,1,0.08878994,-0.07086325,-0.0121018774893943,0.10089181,0.010179158
88,0,1,0.03484583,-0.00906086,-0.0055617538687213,0.040407583,0.0016327727
89,0,1,0.029493809,-0.0028882027,-0.1182383425141955,0.14773215,0.021824788
90,0,1,0.12288618,-0.10954952,0.1996126101728546,0.07672644,0.005886946
91,0,1,-0.17068577,0.1895957,-0.277061684375707,0.1063759,0.011315833
92,0,1,0.25875425,-0.26101303,0.336802000181871,0.07804775,0.0060914517
93,0,1,-0.30172825,0.3170147,-0.3407531371909629,0.03902489,0.001522942
94,0,1,0.31459808,-0.3221116,0.2653302273949753,0.04926786,0.0024273219
95,0,1,-0.23396301,0.25076294,-0.289662869339172,0.055699855,0.003102474
96,0,1,0.26974154,-0.27308416,0.2815791254647459,0.011837602,0.00014012882
97,0,1,-0.24946499,0.26585054,-0.1404089374195365,0.109056056,0.011893223
98,0,1,0.1415577,-0.13061476,0.2125942658495532,0.07103658,0.0050461954
99,0,1,-0.18325758,0.20169735,-0.3439258023930422,0.16066822,0.025814278
100,0,1,0.31739902,-0.32516146,0.3294489294406206,0.012049913,0.0001452004
101,0,1,-0.29480696,0.3102126,-0.2969303181284903,0.0021233559,4.50864e-06
102,0,1,0.27609253,-0.28005123,0.3773481855888807,0.101255655,0.010252708
103,0,1,-0.33967876,0.35447073,-0.3962959127659688,0.05661714,0.0032055005
104,0,1,0.36391497,-0.37555933,0.2954386402653819,0.06847632,0.004689006
105,0,1,-0.26264334,0.2787075,-0.3027559652674974,0.040112615,0.0016090218
106,0,1,0.28118992,-0.2856369,0.2363509366259037,0.04483898,0.002010534
107,0,1,-0.20617247,0.22381926,-0.1447048480176516,0.061467618,0.0037782681
108,0,1,0.14518642,-0.13469982,0.0780346945203342,0.06715173,0.0045093554
109,0,1,-0.051225185,0.07581186,-0.1035383806187191,0.052313194,0.0027366702
110,0,1,0.11055994,-0.09559679,0.1723359372630186,0.061775997,0.0038162738
111,0,1,-0.14415264,0.16413689,-0.0025117047371177,0.14164093,0.020062154
112,0,1,0.027000427,-9.059906e-06,0.004679222467919,0.022321206,0.0004982362
113,0,1,0.021129131,0.006772518,-0.1698317828018378,0.19096091,0.03646607
114,0,1,0.16648436,-0.15860987,-0.0494524061776688,0.21593677,0.046628688
115,0,1,0.06557417,-0.04435587,-0.0759216112986687,0.14149578,0.020021055
116,0,1,0.087516785,-0.069413185,0.0540215256330043,0.03349526,0.0011219323
117,0,1,-0.027268887,0.053243637,0.0017303970549491,0.028999284,0.00084095844
118,0,1,0.023536682,0.003991127,0.0752850256547414,0.051748343,0.002677891
119,0,1,-0.048487186,0.07323027,0.0048554763719641,0.053342663,0.0028454396
120,0,1,0.020986557,0.006939888,-0.0084589547009708,0.02944551,0.0008670381
121,0,1,0.03186512,-0.005622864,-0.0693567870783002,0.101221904,0.010245874
122,0,1,0.082062244,-0.06319618,0.0272388938901135,0.05482335,0.0030055998
123,0,1,-0.00041246414,0.02803564,-0.1661061139621731,0.16569366,0.027454387
124,0,1,0.16331911,-0.15506268,0.2138011833287789,0.05048208,0.0025484404
125,0,1,-0.1844244,0.20282221,-0.2334229366899318,0.048998535,0.0024008565
126,0,1,0.22093582,-0.21926689,0.081521908134575,0.13941392,0.019436242
127,0,1,-0.054694176,0.07908583,-0.0222124071362754,0.032481767,0.0010550652
128,0,1,0.043135643,-0.018606663,-0.1499866702007164,0.19312231,0.037296228
129,0,1,0.14965296,-0.13972235,0.0337465637216496,0.115906395,0.013434293
130,0,1,-0.006951809,0.03416443,-0.0257983867389004,0.018846577,0.00035519348
131,0,1,0.046081543,-0.021994114,-0.1779853301889904,0.22406687,0.05020596
132,0,1,0.17342138,-0.16637564,0.1494506197994889,0.023970768,0.00057459774
133,0,1,-0.12177086,0.14274645,-0.264249562437894,0.1424787,0.020300182
134,0,1,0.24761295,-0.24874592,0.3589772192372971,0.111364275,0.012402002
135,0,1,-0.3225274,0.33751202,-0.3254767782421579,0.002949357,8.698707e-06
136,0,1,0.3011341,-0.30743885,0.2525060440205271,0.048628062,0.0023646883
137,0,1,-0.22168732,0.23884583,-0.262814722121341,0.041127414,0.0016914641
138,0,1,0.2463665,-0.24737215,0.3274726052056271,0.0811061,0.006578199
139,0,1,-0.29294395,0.3083825,-0.2337434170170302,0.05920054,0.003504704
140,0,1,0.22121286,-0.21957397,0.2532066449359869,0.031993777,0.0010236017
141,0,1,-0.2223587,0.23949766,-0.1375915371176566,0.08476716,0.0071854717
142,0,1,0.13917923,-0.12793541,0.198860792152919,0.059681565,0.003561889
143,0,1,-0.1699562,0.18889427,-0.2358079181823713,0.06585172,0.004336449
144,0,1,0.22299242,-0.22154617,0.2363357863272286,0.013343364,0.00017804536
145,0,1,-0.20615816,0.22380638,-0.2537258876100381,0.047567725,0.0022626885
146,0,1,0.23848486,-0.23867798,0.0458586421006179,0.19262621,0.037104856
147,0,1,-0.019098759,0.045563698,-0.2484237077341138,0.22932495,0.052589934
148,0,1,0.23389435,-0.23360682,0.2406516090846615,0.0067572594,4.5660556e-05
149,0,1,-0.21030807,0.22782135,-0.1903499774313362,0.019958094,0.0003983255
150,0,1,0.18396759,-0.17815876,0.2043167656754017,0.020349175,0.00041408892
151,0,1,-0.17524433,0.19398165,-0.0791374050363993,0.096106924,0.009236541
152,0,1,0.090194225,-0.07246065,0.1163062457408399,0.02611202,0.0006818376
153,0,1,-0.089161396,0.111717224,-0.0476388621783243,0.041522533,0.0017241207
154,0,1,0.0640769,-0.042641163,-0.1079515187953079,0.17202842,0.029593779
155,0,1,0.114257336,-0.099784374,-0.1496831573145991,0.2639405,0.0696646
156,0,1,0.14939737,-0.13943338,0.2083407054829775,0.05894333,0.0034743163
157,0,1,-0.17914295,0.1977334,-0.1343420338782364,0.044800922,0.0020071226
158,0,1,0.13643885,-0.12484741,0.1876043351099445,0.05116549,0.0026179075
159,0,1,-0.15902472,0.17839336,-0.1962076741946736,0.037182957,0.0013825723
160,0,1,0.18897438,-0.18374348,0.0964050544026431,0.09256933,0.00856908
161,0,1,-0.06947136,0.093055725,0.0067961451784208,0.0762675,0.005816732
162,0,1,0.019403458,0.008769512,0.0139731288565299,0.0054303287,2.9488468e-05
163,0,1,0.0129442215,0.015535831,0.0417954023504467,0.028851181,0.0008323907
164,0,1,-0.015026569,0.04174137,-0.0350971242887396,0.020070557,0.00040282725
165,0,1,0.05373144,-0.030781746,0.1230388943659095,0.069307454,0.004803523
166,0,1,-0.095804214,0.118024826,-0.2734723390556111,0.17766812,0.031565964
167,0,1,0.25562906,-0.25757504,0.287059657494062,0.031430602,0.0009878827
168,0,1,-0.25468206,0.2709365,-0.1218248499923415,0.1328572,0.017651036
169,0,1,0.12590075,-0.11295557,0.2196781156580645,0.09377737,0.008794196
170,0,1,-0.19010353,0.20829725,-0.2585919496931641,0.06848842,0.0046906634
171,0,1,0.24270296,-0.24333191,0.4223352495160943,0.17963228,0.032267753
172,0,1,-0.3813696,0.3959217,-0.5159762007169943,0.1346066,0.018118937
173,0,1,0.47205257,-0.49124336,0.5718013623895342,0.09974879,0.009949821
174,0,1,-0.51671314,0.5328059,-0.4480257787171373,0.06868735,0.004717952
175,0,1,0.41034746,-0.42547655,0.3087880492892028,0.1015594,0.010314312
176,0,1,-0.27529812,0.29108095,-0.2709195678687326,0.004378557,1.9171763e-05
177,0,1,0.2534089,-0.25513124,0.2906798925057119,0.037270993,0.0013891269
178,0,1,-0.2581234,0.2742939,-0.2692756774773235,0.011152267,0.00012437307
179,0,1,0.25197887,-0.2535572,0.2737429866087817,0.0217641,0.00047367605
180,0,1,-0.24199486,0.25857735,-0.1068066273886163,0.13518822,0.018275855
181,0,1,0.113295555,-0.09869814,0.1006816684364002,0.012613885,0.0001591101
182,0,1,-0.07370901,0.097067356,-0.0480764669802145,0.025632545,0.00065702735
183,0,1,0.06443739,-0.043055534,0.0682218527728997,0.0037844628,1.4322159e-05
184,0,1,-0.04144907,0.06659269,-0.0874449034214048,0.04599583,0.0021156166
185,0,1,0.09711361,-0.08033466,0.0933961243865706,0.003717482,1.3819673e-05
186,0,1,-0.06648779,0.09023142,-0.1843116553731745,0.11782387,0.013882464
187,0,1,0.17881393,-0.17240429,0.0242968019878286,0.15451713,0.023875544
188,0,1,0.0025463104,0.025265694,0.156521520453305,0.1539752,0.023708364
189,0,1,-0.1286974,0.14935923,-0.262737078239331,0.13403967,0.017966634
190,0,1,0.24629879,-0.24729872,0.3317817136795975,0.085482925,0.0073073306
191,0,1,-0.29700375,0.31237125,-0.2591087444895894,0.037894994,0.0014360306
192,0,1,0.24315119,-0.24382544,0.0927225266789575,0.15042865,0.02262878
193,0,1,-0.06581974,0.08960056,-0.1708092263080907,0.104989484,0.011022792
194,0,1,0.16731596,-0.15954018,0.0768861510804317,0.090429805,0.00817755
195,0,1,-0.05008173,0.07473326,0.1028614622433377,0.1529432,0.023391621
196,0,1,-0.07586861,0.09911156,-0.1042247351525365,0.028356127,0.00080407
197,0,1,0.11113453,-0.09624672,0.0299872689276954,0.08114726,0.006584878
198,0,1,-0.003174305,0.030624866,0.077847728891589,0.08102203,0.0065645697
199,0,1,-0.051038265,0.07563591,-0.03886978665449,0.012168478,0.00014807186
200,0,1,0.056839943,-0.034348965,0.0195487320107528,0.03729121,0.0013906343
201,0,1,0.0073256493,0.020790577,0.186132217546473,0.17880657,0.03197179
202,0,1,-0.1575923,0.17701864,-0.3085235046429995,0.15093121,0.02278023
203,0,1,0.28624344,-0.2911687,0.2744883414183139,0.011755109,0.00013818259
204,0,1,-0.2427063,0.25926876,-0.3628517326322971,0.12014544,0.014434927
205,0,1,0.33415174,-0.34335852,0.3942671141737239,0.060115367,0.0036138573
206,0,1,-0.35540915,0.37007427,-0.2462438737921033,0.109165266,0.011917056
207,0,1,0.23200846,-0.23152208,0.3720538292143578,0.14004537,0.019612707
208,0,1,-0.33474255,0.34958553,-0.3917571119658856,0.057014555,0.0032506594
209,0,1,0.3598628,-0.37118578,0.143582363559104,0.21628045,0.04677723
210,0,1,-0.116014004,0.13725805,-0.1240526001766229,0.008038595,6.461902e-05
211,0,1,0.12777376,-0.11507082,-0.0876981099562943,0.21547186,0.046428125
212,0,1,0.0973258,-0.08057308,-0.0331864433920419,0.13051224,0.017033445
213,0,1,0.052157402,-0.028976917,0.0084314727168655,0.04372593,0.0019119569
214,0,1,0.018072605,0.01031065,-0.2375464147585493,0.25561902,0.065341085
215,0,1,0.2244935,-0.22320843,0.0385774981553987,0.185916,0.034564763
216,0,1,-0.011799812,0.0387125,-0.2390749027502465,0.22727509,0.051653966
217,0,1,0.22581387,-0.22466898,0.3220349788712235,0.09622112,0.009258504
218,0,1,-0.28781652,0.3033495,-0.329769612951349,0.041953087,0.0017600615
219,0,1,0.30491304,-0.3115611,0.2402855570639728,0.06462748,0.0041767117
220,0,1,-0.20995522,0.22748089,-0.2524847760782744,0.042529553,0.0018087629
221,0,1,0.23741007,-0.23749018,0.2733913377423409,0.035981268,0.0012946517
222,0,1,-0.24165964,0.25825024,-0.1161543056827651,0.12550533,0.015751587
223,0,1,0.12113619,-0.107571125,0.206416426987622,0.08528024,0.0072727194
224,0,1,-0.17727947,0.19593859,-0.2984811380463439,0.121201664,0.014689843
225,0,1,0.27744865,-0.28153753,0.1771062624102963,0.10034239,0.010068595
226,0,1,-0.14880466,0.16859388,-0.201732617896611,0.052927956,0.0028013685
227,0,1,0.1937027,-0.18901253,0.2289259449595766,0.035223246,0.0012406771
228,0,1,-0.1990242,0.21690845,-0.2217840645699,0.02275987,0.0005180117
229,0,1,0.21091175,-0.20815039,0.2899496276993574,0.079037875,0.006246986
230,0,1,-0.25742912,0.2736163,-0.3074878876203728,0.050058752,0.0025058787
231,0,1,0.2853365,-0.29017544,0.3897677378756095,0.10443124,0.010905884
232,0,1,-0.35123205,0.36592674,-0.3940264320465498,0.042794377,0.0018313586
233,0,1,0.36188793,-0.37337303,0.2411458652798499,0.12074207,0.014578647
234,0,1,-0.21078396,0.22828102,-0.158180215920705,0.052603737,0.002767153
235,0,1,0.15659332,-0.14751959,0.0470057083286219,0.10958761,0.012009445
236,0,1,-0.020247936,0.04664421,-0.0367703219575403,0.016522385,0.00027298921
237,0,1,0.05511093,-0.032362938,0.0398386013698726,0.0152723305,0.00023324408
238,0,1,-0.013064384,0.039899826,0.1667333811119578,0.17979777,0.03232724
239,0,1,-0.13868332,0.1589036,-0.141490801150959,0.002807483,7.881961e-06
240,0,1,0.14247084,-0.1316433,0.3099783914870038,0.16750756,0.028058782
241,0,1,-0.27642345,0.29218197,-0.4028744910212962,0.12645105,0.015989866
242,0,1,0.36979198,-0.3819008,0.4157720538321792,0.045980066,0.0021141665
243,0,1,-0.3753147,0.3898821,-0.2457798005729854,0.12953492,0.016779294
244,0,1,0.23160744,-0.23107862,0.3722754711575176,0.14066803,0.019787496
245,0,1,-0.33495092,0.34979153,-0.2259420769559739,0.10900885,0.011882929
246,0,1,0.21448994,-0.21212101,0.0821376908648625,0.13235225,0.017517118
247,0,1,-0.055306435,0.07966471,-0.2020022430539843,0.14669581,0.02151966
248,0,1,0.19393444,-0.18927002,0.1734457945575016,0.02048865,0.00041978477
249,0,1,-0.14523602,0.165174,-0.2077847363366363,0.06254873,0.003912343
250,0,1,0.1988883,-0.19478655,0.2163979325720628,0.017509624,0.00030658694
251,0,1,-0.18693495,0.2052412,-0.2444698778061411,0.057534933,0.0033102685
252,0,1,0.23047447,-0.22982597,0.3007497131111991,0.07027525,0.0049386104
253,0,1,-0.26768255,0.28363085,-0.1546876050379086,0.112994954,0.01276786
254,0,1,0.15363264,-0.14419651,0.0359305759236079,0.11770207,0.013853776
255,0,1,-0.009143829,0.03622055,0.0396512716060426,0.0487951,0.0023809618
256,0,1,-0.012877941,0.039723873,-0.0692930731598773,0.056415133,0.0031826673
257,0,1,0.08200979,-0.0631361,0.2231540058941767,0.14114422,0.01992169
258,0,1,-0.19345713,0.21153498,-0.1129041738450364,0.08055295,0.0064887777
259,0,1,0.11840773,-0.10448599,0.0616002811211178,0.056807443,0.0032270856
260,0,1,-0.034842968,0.06036997,-0.0243403900111811,0.010502579,0.00011030416
261,0,1,0.044883728,-0.020618439,-0.1576305901157066,0.20251432,0.04101205
262,0,1,0.15612793,-0.1469965,0.0194287233879109,0.1366992,0.01868667
263,0,1,0.0074472427,0.020677567,-0.0903653758343594,0.097812615,0.009567307
264,0,1,0.0995512,-0.083102226,0.187859171608796,0.08830798,0.0077982987
265,0,1,-0.1592722,0.1786313,-0.1411753199189647,0.01809688,0.00032749702
266,0,1,0.14220428,-0.13134336,0.0720496496548781,0.07015464,0.0049216733
267,0,1,-0.045265198,0.070189476,-0.0769579706650072,0.031692773,0.0010044319
268,0,1,0.08837986,-0.07039595,0.1464322330971237,0.058052376,0.0033700783
269,0,1,-0.11881161,0.13992453,-0.1977706880807126,0.07895908,0.006234536
270,0,1,0.19031143,-0.18523407,0.1465404993563268,0.04377094,0.0019158951
271,0,1,-0.11891699,0.14002466,-0.0942673103046747,0.02464968,0.0006076067
272,0,1,0.102808,-0.08680248,0.2027796799784429,0.09997168,0.009994337
273,0,1,-0.17375565,0.19254923,-0.0814156153777281,0.09234003,0.008526681
274,0,1,0.0920887,-0.07461929,0.0826490156792143,0.009439684,8.910764e-05
275,0,1,-0.05581522,0.08014536,-0.079369926046489,0.023554705,0.00055482413
276,0,1,0.09038687,-0.07268047,0.1183244484225642,0.027937584,0.00078050856
277,0,1,-0.09115267,0.11360788,-0.2538840818078363,0.16273141,0.026481511
278,0,1,0.23862219,-0.23882914,0.2531174744334814,0.014495283,0.00021011324
279,0,1,-0.2222724,0.23941422,-0.3035460568685204,0.081273675,0.00660541
280,0,1,0.28188276,-0.28639364,0.303720582697033,0.02183783,0.00047689085
281,0,1,-0.27049875,0.28638458,-0.345924814916728,0.07542607,0.0056890924
282,0,1,0.31916618,-0.32708216,0.2648844614814898,0.05428171,0.0029465042
283,0,1,-0.23353577,0.25034952,-0.2596138355132993,0.026078075,0.000680066
284,0,1,0.24358892,-0.24430943,0.2413946382007861,0.0021942854,4.8148886e-06
285,0,1,-0.21102333,0.22851324,-0.113829093815239,0.09719424,0.009446721
286,0,1,0.11918497,-0.105363846,0.1129969265167245,0.0061880425,3.829187e-05
287,0,1,-0.08589363,0.10861683,-0.2319602521307207,0.14606662,0.021335458
288,0,1,0.21967459,-0.21787024,0.2264920354988762,0.006817445,4.647756e-05
289,0,1,-0.19667864,0.21464348,-0.1232126852926756,0.07346595,0.0053972458
290,0,1,0.12706661,-0.114274025,0.127024724882772,4.1887164e-05,1.7545345e-09
291,0,1,-0.09973192,0.12175703,-0.0780152220897516,0.021716699,0.00047161503
292,0,1,0.089258194,-0.07139683,0.2981588975774514,0.20890069,0.0436395
293,0,1,-0.2652254,0.2812295,-0.3594658846071725,0.09424049,0.008881269
294,0,1,0.33114862,-0.34010172,0.233553704521249,0.09759492,0.009524768
295,0,1,-0.2034812,0.22121716,-0.1168940733629417,0.08658712,0.00749733
296,0,1,0.12175751,-0.10827303,0.2323080454134709,0.11055054,0.012221421
297,0,1,-0.20228148,0.22005749,-0.2929703248576087,0.090688854,0.008224469
298,0,1,0.2726302,-0.27625513,0.1746788247598498,0.0979514,0.009594476
299,0,1,-0.14643908,0.16632605,-0.1242161938958794,0.022222884,0.00049385655
300,0,1,0.12791061,-0.1152277,0.2027379970171985,0.07482739,0.005599138
301,0,1,-0.17371655,0.19251108,-0.0301948240727556,0.14352173,0.020598486
302,0,1,0.04969597,-0.02614832,0.2115654997271114,0.16186953,0.026201744
303,0,0,-0.18226194,0.20073748,0.23089044292887,0.4131524,0.1706949
304,0,0,-0.20091724,0.21873808,0.1851071072533781,0.38602436,0.1490148
305,0,0,-0.15659618,0.17606306,0.1250731667374696,0.28166935,0.07933762
306,0,0,-0.09780884,0.119930744,0.2458483279063852,0.34365717,0.11810025
307,0,0,-0.21530008,0.23265505,0.0142367350779837,0.22953682,0.05268715
308,0,0,0.0126776695,0.01578474,0.1064149972277324,0.09373733,0.008786687
309,0,0,-0.07938528,0.1024456,0.1170759891730597,0.19646126,0.038597025
310,0,0,-0.089921,0.1124382,0.0943646051320072,0.18428561,0.033961188
311,0,0,-0.06744766,0.09114027,0.2119320452784849,0.27937973,0.07805303
312,0,0,-0.18261814,0.2010808,0.4258912551180263,0.6085094,0.37028372
313,1,0,0.4515519,0.39919424,0.5555260981459726,0.10397416,0.010810627
314,1,0,0.58295393,0.51796436,0.3610596140290454,0.22189432,0.04923709
315,1,0,0.38568258,0.33943605,0.4677007034572717,0.08201811,0.00672697
316,1,0,0.4939785,0.43760443,0.4467669233218156,0.047211587,0.002228934
317,1,0,0.47274017,0.41838646,0.3895909453504087,0.083149225,0.0069137937
318,1,0,0.4146824,0.3657627,0.2599900598193878,0.15469232,0.023929715
319,1,0,0.28282547,0.2458024,0.2540078323565664,0.028817624,0.00083045545
320,1,0,0.27673292,0.24024153,0.0640927869346725,0.21264014,0.045215826
321,1,0,0.083021164,0.06271267,-0.1002925849625073,0.18331376,0.033603933
322,1,0,-0.08490467,-0.09251642,-0.1279218446010608,0.04301718,0.0018504777
323,1,0,-0.11306095,-0.11874771,-0.0261678108048055,0.08689314,0.007550418
324,1,0,-0.009167194,-0.02234459,0.1376737044199165,0.1468409,0.02156225
325,1,0,0.15812445,0.13172722,0.2424551016061951,0.08433065,0.0071116583
326,1,0,0.26496315,0.22949982,0.2267296149188427,0.038233534,0.0014618031
327,1,0,0.24893808,0.21486521,0.1815511061580759,0.067386985,0.004541006
328,1,0,0.20288086,0.17274284,0.1109744399150205,0.09190642,0.00844679
329,1,0,0.13087988,0.10671902,0.3261235162130447,0.19524363,0.038120072
330,1,0,0.3501506,0.30713463,0.3216546725328495,0.028495908,0.0008120168
331,1,0,0.34560347,0.3029976,0.2369129216030261,0.108690545,0.011813635
332,1,0,0.259315,0.22434235,0.1133951875881909,0.14591983,0.021292597
333,1,0,0.13334894,0.10898781,0.3375881648057568,0.20423922,0.04171366
334,1,0,0.36181355,0.31774187,0.2763917354825338,0.0854218,0.007296884
335,1,0,0.29953003,0.26103592,0.2465173433900451,0.053012684,0.0028103446
336,1,0,0.26910162,0.23327732,0.2751393961041319,0.0060377717,3.6454687e-05
337,1,0,0.29825497,0.2598734,0.2732412299581446,0.025013745,0.0006256874
338,1,0,0.29632235,0.25811005,0.2786040525493556,0.017718285,0.00031393763
339,1,0,0.30178213,0.26308966,0.2208509284496322,0.0809312,0.0065498594
340,1,0,0.2429471,0.20939016,0.2760608892941425,0.033113778,0.0010965223
341,1,0,0.29919338,0.26072836,0.331259329434121,0.032065958,0.0010282256
342,1,0,0.3553748,0.31188726,0.4801527846271236,0.12477797,0.015569543
343,1,0,0.5066061,0.44902515,0.5287654286878665,0.022159338,0.0004910363
344,1,0,0.5558653,0.49352455,0.5900432513480078,0.03417796,0.0011681329
345,1,0,0.61786413,0.54942274,0.7128963295924136,0.095032215,0.009031122
346,1,0,0.7418146,0.6608248,0.7765070362511093,0.034692407,0.0012035631
347,1,0,0.8057909,0.71815205,0.8596600689551739,0.053869188,0.0029018894
348,1,0,0.8891921,0.792727,0.7877942367336299,0.10139787,0.010281528
349,1,0,0.8171282,0.7283015,0.6912547716278397,0.12587339,0.01584411
350,1,0,0.720016,0.6412654,0.7765628052050157,0.056546807,0.0031975415
351,1,0,0.80584717,0.7182045,1.0002435533347054,0.19439638,0.037789952
352,1,0,1.0295444,0.91783667,0.824669196675992,0.20487517,0.041973837
353,1,0,0.85413074,0.76139736,0.8731050472560824,0.018974304,0.00036002422
354,1,0,0.9026513,0.80474377,0.773466140442892,0.12918514,0.016688801
355,1,0,0.80273676,0.7154188,0.7102382909049147,0.09249848,0.008555969
356,1,0,0.7391372,0.65842485,0.7546544445002965,0.015517294,0.00024078642
357,1,0,0.7838297,0.6984863,0.6980061739324137,0.085823536,0.0073656794
358,1,0,0.7268176,0.6473713,0.6329757608007105,0.09384185,0.008806293
359,1,0,0.6612358,0.5884547,0.7006908501899485,0.039455056,0.0015567015
360,1,0,0.7295232,0.64979744,0.7328522747383532,0.0033290982,1.1082895e-05
361,1,0,0.7619004,0.67883635,0.7699233663154752,0.008022964,6.436795e-05
362,1,0,0.7991767,0.71223116,0.6600755447964284,0.13910115,0.01934913
363,1,0,0.6885829,0.6130371,0.481307394528832,0.20727551,0.042963136
364,1,0,0.50777626,0.45008326,0.4838677366989419,0.023908526,0.0005716176
365,1,0,0.51037216,0.4524312,0.5531615244100294,0.04278934,0.0018309276
366,1,0,0.5805607,0.5158057,0.6399497902390827,0.059389114,0.003527067
367,1,0,0.66827583,0.59478474,0.6315711163950857,0.03670472,0.0013472365
368,1,0,0.6598182,0.58717966,0.6973832796643329,0.037565112,0.0014111376
369,1,0,0.72619057,0.6468067,0.6854391907437405,0.040751398,0.0016606764
370,1,0,0.7141557,0.6360049,0.7197058678038974,0.0055502057,3.0804782e-05
371,1,0,0.7486701,0.66697407,0.6076247282963054,0.14104539,0.019893803
372,1,0,0.6356325,0.56542015,0.5024921789139318,0.13314033,0.017726347
373,1,0,0.52924967,0.469491,0.4066982304449471,0.12255144,0.015018856
374,1,0,0.4320612,0.3815279,0.2582913953582739,0.1737698,0.030195944
375,1,0,0.28109598,0.24422407,0.1667515825673851,0.1143444,0.013074643
376,1,0,0.18778753,0.15892029,0.1311686193026604,0.056618914,0.0032057015
377,1,0,0.15148687,0.12563753,-0.0033510924476276,0.15483797,0.023974795
378,1,0,0.014141083,-0.0008034706,0.0116795356242755,0.002461547,6.059214e-06
379,1,0,0.029494286,0.013372421,0.0290974035567819,0.00039688125,1.5751473e-07
380,1,0,0.04728508,0.029786587,0.1027015308627081,0.05541645,0.0030709829
381,1,0,0.12243557,0.09896135,0.3776446239227402,0.25520906,0.065131664
382,1,0,0.40254164,0.3547454,0.4664436721077276,0.06390202,0.004083468
383,1,0,0.49270344,0.43645144,0.249964875437505,0.24273856,0.058922008
384,1,0,0.27261305,0.23648405,0.2568187763048177,0.015794277,0.0002494592
385,1,0,0.27959538,0.24285507,0.2334548186112854,0.04614055,0.0021289506
386,1,0,0.2557912,0.22112608,0.3609516522525808,0.105160475,0.011058725
387,1,0,0.3855729,0.33933592,0.4066396704022308,0.021066755,0.00044380818
388,1,0,0.4320016,0.38147354,0.2791179594357418,0.15288362,0.0233734
389,1,0,0.30230665,0.26356554,0.2184286565515849,0.083877996,0.007035518
390,1,0,0.24047804,0.20713282,0.1484757540230461,0.09200229,0.008464421
391,1,0,0.1691451,0.14183521,0.0147476652218374,0.15439744,0.02383857
392,1,0,0.032628536,0.016266346,-0.0429712622700666,0.0755998,0.005715329
393,1,0,-0.02633524,-0.038227558,0.0219215147207387,0.048256755,0.0023287144
394,1,0,0.039955616,0.023025036,0.1190346604257586,0.07907905,0.006253496
395,1,0,0.13910532,0.11427307,0.1482478396094153,0.009142518,8.358563e-05
396,1,0,0.16891289,0.14162159,0.2568622258485042,0.087949336,0.0077350857
397,1,0,0.2796402,0.2428956,0.247701554980293,0.031938642,0.0010200769
398,1,0,0.27030754,0.23437881,0.2703733344463144,6.580353e-05,4.3301043e-09
399,1,0,0.29340124,0.2554469,0.3433729265646423,0.0499717,0.0024971708
400,1,0,0.36769724,0.32309008,0.1532889694961747,0.21440826,0.0459709
401,1,0,0.17405605,0.1463356,0.1872539911902322,0.013197944,0.00017418571
402,1,0,0.20869637,0.1780672,0.253871291320487,0.045174927,0.002040774
403,1,0,0.2765932,0.24011517,0.1090372707456071,0.16755593,0.02807499
404,1,0,0.12890244,0.1049037,0.1369866360907714,0.008084208,6.535441e-05
405,1,0,0.15742254,0.13108492,0.1739257140554375,0.01650317,0.00027235463
406,1,0,0.19510508,0.16562319,0.0065035481855231,0.18860152,0.035570536
407,1,0,0.024207592,0.0084939,-0.0732629065531567,0.0974705,0.009500498
408,1,0,-0.05728531,-0.06689596,-0.1311581009942033,0.07387279,0.005457189
409,1,0,-0.11634874,-0.1218214,-0.1547651844907935,0.038416445,0.0014758232
410,1,0,-0.1403389,-0.14426994,-0.1523010670429796,0.011962175,0.00014309364
411,1,0,-0.1378355,-0.14192533,-0.1964667467174177,0.05863124,0.0034376225
412,1,0,-0.18271637,-0.18399096,-0.3999151987996407,0.21719882,0.047175325
413,1,0,-0.38932848,-0.37904787,-0.3424285271670122,0.046899945,0.0021996049
414,1,0,-0.33097982,-0.32372284,-0.4717884100653107,0.14080858,0.019827057
415,1,0,-0.46222496,-0.44844818,-0.4313316279526189,0.030893326,0.0009543976
416,1,0,-0.42120028,-0.40935326,-0.4995033828412438,0.0783031,0.006131375
417,1,0,-0.49031782,-0.47527933,-0.6956349509342665,0.20531714,0.042155128
418,1,0,-0.688735,-0.6661935,-0.6999837035963203,0.011248708,0.00012653343
419,1,0,-0.6931262,-0.67044735,-0.8670346316491404,0.17390841,0.030244136
420,1,0,-0.8614354,-0.8345041,-0.8488934132457953,0.012542009,0.000157302
421,1,0,-0.84319353,-0.8166275,-0.9076276692892096,0.06443411,0.0041517545
422,1,0,-0.9022188,-0.87456083,-0.9115721824366948,0.00935334,8.7484965e-05
423,1,0,-0.9061794,-0.8784585,-0.8873377618631464,0.018841684,0.00035500905
424,1,0,-0.88183975,-0.8545308,-0.777452481747634,0.10438728,0.010896705
425,1,0,-0.7712679,-0.74636793,-0.8224487664142721,0.0511809,0.0026194844
426,1,0,-0.816586,-0.79059315,-0.8236637830451672,0.0070777535,5.0094593e-05
427,1,0,-0.8178086,-0.7917881,-0.7847657074498748,0.033042908,0.0010918337
428,1,0,-0.7786374,-0.75355005,-0.7324298236852531,0.046207607,0.002135143
429,1,0,-0.72587204,-0.7022109,-0.7759459452534898,0.05007392,0.0025073977
430,1,0,-0.7697501,-0.74488926,-0.7038938301072664,0.06585628,0.0043370496
431,1,0,-0.69707346,-0.67427254,-0.5941009629617842,0.10297251,0.010603338
432,1,0,-0.58610773,-0.5671315,-0.7273382921742426,0.14123058,0.019946078
433,1,0,-0.720736,-0.69722366,-0.7111155245264493,0.009620488,9.255378e-05
434,1,0,-0.7043643,-0.68133926,-0.5490194887838866,0.15534478,0.024132002
435,1,0,-0.5404773,-0.52330446,-0.3628137930571471,0.17766348,0.03156431
436,1,0,-0.35167408,-0.34332228,-0.3317065343954155,0.019967556,0.0003987033
437,1,0,-0.3200941,-0.31342125,-0.2035003889630804,0.11659372,0.013594096
438,1,0,-0.1898632,-0.19069958,-0.3205950642662909,0.13073185,0.017090816
439,1,0,-0.3088112,-0.3027525,-0.3141797738303253,0.0053685904,2.8821762e-05
440,1,0,-0.30229664,-0.29659414,-0.3970279971754884,0.09473136,0.008974031
441,1,0,-0.3863988,-0.37626553,-0.4020572458354632,0.015658468,0.0002451876
442,1,0,-0.39150143,-0.38111258,-0.4144303559351083,0.022928923,0.00052573555
443,1,0,-0.40405464,-0.393044,-0.4111548227957255,0.0071001947,5.0412764e-05
444,1,0,-0.4007311,-0.38988543,-0.4386927470854163,0.03796166,0.0014410878
445,1,0,-0.4286661,-0.41646147,-0.4587838387165703,0.03011772,0.0009070771
446,1,0,-0.44903994,-0.43587446,-0.5653526258171162,0.11631268,0.01352864
447,1,0,-0.55701303,-0.5391722,-0.4237568416443702,0.1332562,0.017757215
448,1,0,-0.41351652,-0.4020419,-0.37995273087538,0.033563793,0.0011265281
449,1,0,-0.36907005,-0.35981655,-0.3889588064823517,0.019888759,0.00039556273
450,1,0,-0.3782091,-0.3684907,-0.2307741044352944,0.14743501,0.021737082
451,1,0,-0.21757555,-0.21673775,-0.244893784154474,0.02731824,0.0007462862
452,1,0,-0.23192024,-0.23023081,-0.0817985443092421,0.15012169,0.022536522
453,1,0,-0.066007614,-0.07498121,-0.1372757309987662,0.07126811,0.0050791437
454,1,0,-0.12256575,-0.12763691,-0.063570978092267,0.05899477,0.003480383
455,1,0,-0.047382355,-0.057717323,-0.1301444308813959,0.08276208,0.0068495614
456,1,0,-0.115318775,-0.120859146,-0.210803516359018,0.09548475,0.009117337
457,1,0,-0.19728374,-0.1976676,-0.2313659013535707,0.03408216,0.0011615936
458,1,0,-0.21817684,-0.21730137,-0.1104863630900645,0.107690476,0.0115972385
459,1,0,-0.09532261,-0.10218954,-0.1119486241663851,0.016626015,0.0002764244
460,1,0,-0.09681654,-0.10357809,-0.2238570465062306,0.1270405,0.01613929
461,1,0,-0.21054697,-0.21012974,-0.2371791429551377,0.026632175,0.00070927275
462,1,0,-0.22408295,-0.22285652,-0.1851605815983958,0.03892237,0.0015149509
463,1,0,-0.17122698,-0.17321253,-0.372262285703246,0.20103532,0.0404152
464,1,0,-0.36126423,-0.35241413,-0.4114313088629169,0.050167084,0.0025167363
465,1,0,-0.40101194,-0.39015055,-0.5278675353860933,0.12685561,0.016092347
466,1,0,-0.51905394,-0.5027747,-0.5026101528266818,0.016443789,0.0002703982
467,1,0,-0.49346495,-0.47828817,-0.4579578192263094,0.035507113,0.001260755
468,1,0,-0.4482031,-0.43507433,-0.6383099965904568,0.19010693,0.036140643
469,1,0,-0.6308193,-0.6102052,-0.6975008384485717,0.066681504,0.004446423
470,1,0,-0.69061947,-0.66801786,-0.6079478351519008,0.08267164,0.0068346006
471,1,0,-0.60011625,-0.58061266,-0.7310180072421932,0.13090175,0.01713527
472,1,0,-0.7244482,-0.700829,-0.5741439501765484,0.15030426,0.02259137
473,1,0,-0.5659113,-0.5477185,-0.6583903590833877,0.09247905,0.008552374
474,1,0,-0.6511154,-0.6297989,-0.7241936100001718,0.073078215,0.0053404253
475,1,0,-0.7175622,-0.6941438,-0.6713746238701823,0.04618758,0.0021332926
476,1,0,-0.66423416,-0.6424799,-0.5385403656253427,0.1256938,0.01579893
477,1,0,-0.52986383,-0.51313066,-0.4211311345833231,0.1087327,0.0118228
478,1,0,-0.4108534,-0.39950752,-0.3884188837684617,0.022434503,0.0005033069
479,1,0,-0.37766218,-0.36797047,-0.632580183220707,0.25491798,0.064983174
480,1,0,-0.6250262,-0.6046171,-0.7904226832729861,0.16539645,0.027355986
481,1,0,-0.78433704,-0.7591071,-0.7747553588102782,0.009581685,9.180869e-05
482,1,0,-0.7685509,-0.743721,-0.7759275112227266,0.007376611,5.4414395e-05
483,1,0,-0.7697315,-0.74487114,-0.9449422921523958,0.17521077,0.030698815
484,1,0,-0.93966436,-0.911448,-0.9183095285228432,0.021354854,0.00045602978
485,1,0,-0.9129424,-0.88511467,-1.0059489099631662,0.09300649,0.008650208
486,1,0,-1.0007896,-0.9718871,-0.8840178271395844,0.11677182,0.013635658
487,1,0,-0.8785043,-0.851254,-0.9660233318635464,0.08751905,0.007659584
488,1,0,-0.9607997,-0.9323139,-1.033261915680951,0.0724622,0.0052507706
489,1,0,-1.0281138,-0.99899864,-0.9715879624447616,0.056525886,0.003195176
490,1,0,-0.9663768,-0.93782616,-1.0479608823021715,0.081584096,0.0066559645
491,1,0,-1.042809,-1.0136027,-0.9883685793302996,0.05444044,0.0029637613
492,1,0,-0.9831872,-0.95445395,-0.9521223078705292,0.031064868,0.00096502603
493,1,0,-0.9468651,-0.9185529,-1.0866264943641974,0.13976145,0.019533262
494,1,0,-1.0814271,-1.0520635,-1.1702196648630263,0.08879256,0.007884119
495,1,0,-1.1647253,-1.1354299,-1.1269890405029424,0.037736297,0.0014240281
496,1,0,-1.1216803,-1.0922785,-1.1720306468209234,0.050350428,0.0025351655
497,1,0,-1.1665268,-1.1372399,-1.077121156133671,0.089405656,0.007993371
498,1,0,-1.0719376,-1.0426021,-1.0677455843421928,0.0041919947,1.757282e-05
499,1,0,-1.0625753,-1.0332742,-0.9730590535390649,0.08951628,0.008013165
500,1,0,-0.96785116,-0.9392834,-0.9299614722011986,0.03788972,0.0014356308
501,1,0,-0.9246359,-0.8966317,-0.7892698327734049,0.13536608,0.018323977
502,1,0,-0.783175,-0.7579737,-0.6879918265576963,0.09518319,0.009059841
503,1,1,-0.6810188,-0.65871954,0.6186308883246969,1.2996497,1.6890894
504,1,1,0.6467495,0.5754256,-0.5473588643527592,1.1941084,1.4258947
505,1,1,-0.538795,-0.5216923,0.4721507061554835,1.0109457,1.0220112
506,1,1,0.4984908,0.44168663,-0.6231855430813775,1.1216763,1.2581577
507,0,1,0.5709629,-0.5954585,0.6956355941768155,0.12467271,0.015543285
508,0,1,-0.62516403,0.6452284,-0.458807735865741,0.1663563,0.027674416
509,0,1,0.42008448,-0.43589687,0.4017631416865121,0.018321335,0.00033567133
510,0,1,-0.36235952,0.37698078,-0.3499321847596572,0.01242733,0.00015443853
511,0,1,0.32270813,-0.33093452,0.1692794791987575,0.15342864,0.02354035
512,0,1,-0.14116955,0.16128254,-0.1030317624606098,0.038137786,0.0014544907
513,0,1,0.11013508,-0.095116615,0.1632465724144589,0.053111494,0.0028208308
514,0,1,-0.13527584,0.15564585,-0.1104879427166478,0.024787895,0.0006144398
515,0,1,0.1163826,-0.10219097,0.1788138225669984,0.062431216,0.0038976567
516,0,1,-0.15046883,0.17018652,-0.176337017391063,0.025868192,0.00066916336
517,0,1,0.17201948,-0.16480589,0.2453754963863197,0.07335602,0.0053811055
518,0,1,-0.21484709,0.23221588,-0.070714060300185,0.14413303,0.020774331
519,0,1,0.08318949,-0.06448221,0.076908494269495,0.006280996,3.9450908e-05
520,0,1,-0.050105095,0.074754715,0.0736601474305835,0.123765245,0.015317836
521,0,1,-0.04687071,0.07170296,-0.0534828280350492,0.0066121183,4.372011e-05
522,0,1,0.068906784,-0.04816866,0.0712756136610748,0.0023688301,5.6113563e-06
523,0,1,-0.04449272,0.06946182,-0.078819606485565,0.03432689,0.0011783353
524,0,1,0.089929104,-0.07215929,0.1079155751157019,0.017986469,0.00032351306
525,0,1,-0.0808692,0.10385132,-0.0725022131627257,0.008366987,7.000647e-05
526,0,1,0.08467579,-0.066174984,0.179314315555473,0.09463853,0.008956451
527,0,1,-0.1509552,0.1706543,-0.139862376305893,0.011092827,0.0001230508
528,0,1,0.14109612,-0.13009596,-0.0151214455928316,0.15621756,0.024403926
529,0,1,0.03731966,-0.011909962,-0.0600566768556953,0.09737633,0.00948215
530,0,1,0.07434797,-0.05439043,-0.2092868191770147,0.28363478,0.08044869
531,0,1,0.20017576,-0.19622087,0.158658431810938,0.041517332,0.0017236889
532,0,1,-0.13078928,0.1513567,-0.212772025025413,0.08198275,0.0067211706
533,0,1,0.20316696,-0.19954729,0.172154465977556,0.03101249,0.00096177455
534,0,1,-0.14397669,0.16396713,-0.061358135731659,0.08261855,0.0068258247
535,0,1,0.07542801,-0.0556221,0.1368491404642418,0.061421126,0.0037725547
536,0,1,-0.109399796,0.13095617,-0.0680783712523354,0.041321427,0.0017074603
537,0,1,0.08100176,-0.06198454,-0.063233128194363,0.1442349,0.020803705
538,0,1,0.0769825,-0.057396412,-0.0527467162956449,0.12972921,0.016829668
539,0,1,0.06829691,-0.047472954,0.0580182870418211,0.010278624,0.0001056501
540,0,1,-0.03126383,0.057002068,0.2054032032502117,0.23666704,0.056011286
541,0,1,-0.17629766,0.1949954,0.0242729025082999,0.20057057,0.040228553
542,0,1,0.002571106,0.025240898,-0.0567509633541174,0.05932207,0.003519108
543,0,1,0.07161045,-0.05126238,-0.0221771357728526,0.09378759,0.008796112
544,0,1,0.04310751,-0.018574715,0.0391286035281668,0.0039789043,1.583168e-05
545,0,1,-0.012352943,0.039230824,-0.0931999652763613,0.080847025,0.0065362416
546,0,1,0.10191631,-0.08579016,0.147482668789463,0.04556635,0.0020762922
547,0,1,-0.1198411,0.14090633,-0.0761237009225421,0.0437174,0.001911211
548,0,1,0.08768654,-0.06960535,0.0110870444918447,0.07659949,0.0058674826
549,0,1,0.015853882,0.012815475,0.0381594176304744,0.022305537,0.00049753697
550,0,1,-0.011380196,0.038318157,-0.1562590614310153,0.14487886,0.020989886
551,0,1,0.1549654,-0.14568901,-0.0119343894277825,0.16689979,0.027855538
552,0,1,0.0347085,-0.00890255,0.0067566825046485,0.027951818,0.00078130414
553,0,1,0.019435406,0.008733273,0.0625731408155045,0.043137737,0.0018608643
554,0,1,-0.035812855,0.061284542,0.1151670002330673,0.15097985,0.022794914
555,0,1,-0.088037014,0.11064863,-0.1181623248166756,0.030125313,0.00090753444
556,0,1,0.122822285,-0.109478,-0.1465988737136809,0.26942116,0.07258776
557,0,1,0.14678669,-0.13650084,0.0693351288230745,0.077451564,0.0059987446
558,0,1,-0.042560577,0.06763935,-0.0247167473819303,0.01784383,0.00031840225
559,0,1,0.04519272,-0.020973682,-0.0080587042205086,0.053251423,0.002835714
560,1,0,0.00933218,-0.005244255,-0.0247133564206389,0.034045536,0.0011590986
561,1,0,-0.0076823235,-0.020969868,0.1379194794463503,0.14560181,0.021199888
562,1,0,0.15837526,0.13195848,0.2330432509050037,0.07466799,0.0055753086
563,1,0,0.255373,0.22074175,0.2573992061509607,0.0020262003,4.1054877e-06
564,1,0,0.28018665,0.2433939,0.3096867760313566,0.029500127,0.0008702575
565,1,0,0.33342505,0.2919135,0.2834263990750099,0.04999864,0.0024998642
566,1,0,0.30669308,0.26756573,0.3583441776989113,0.05165109,0.0026678352
567,1,0,0.38292122,0.33692694,0.3646852098442066,0.018236011,0.0003325521
568,1,0,0.38936853,0.34278393,0.2923327741424488,0.097035766,0.009415939
569,1,0,0.3157606,0.2758274,0.304395672716633,0.011364937,0.0001291618
570,1,0,0.32804012,0.2870102,0.3627687238160222,0.034728587,0.0012060747
571,1,0,0.38742018,0.34101486,0.411536527698229,0.024116337,0.00058159773
572,1,0,0.43697453,0.38598347,0.2316024914077674,0.20537204,0.042177673
573,1,0,0.25390482,0.2194004,0.281446615950581,0.027541786,0.00075855
574,1,0,0.3046775,0.265728,0.3040623552014532,0.00061511993,3.7837253e-07
575,1,0,0.32770014,0.28670216,0.3356047067474623,0.007904559,6.248206e-05
576,1,0,0.35979557,0.31590796,0.5351760082397794,0.17538041,0.030758288
577,1,0,0.5623555,0.49938345,0.5107955210886637,0.051559985,0.0026584321
578,1,0,0.537663,0.47709084,0.40634671139044,0.13131627,0.017243965
579,1,0,0.43170452,0.38120365,0.3094247172149087,0.12227979,0.014952348
580,1,0,0.33315802,0.29167128,0.2932553274296872,0.039902687,0.0015922245
581,1,0,0.31669998,0.27668285,0.2152091934094659,0.101490796,0.010300382
582,1,0,0.23719597,0.20413399,0.1109134184075424,0.12628254,0.01594728
583,1,0,0.13081694,0.1066618,-0.0337838246780259,0.16460076,0.02709341
584,1,0,-0.0169487,-0.029541016,0.2346997695987589,0.2516485,0.06332696
585,1,0,0.25706005,0.22228241,0.3690814409384133,0.11202139,0.012548791
586,1,0,0.39383793,0.3468418,0.3498188204187453,0.044019103,0.0019376815
587,1,0,0.37425232,0.3290491,0.2382047071781246,0.13604762,0.018508954
588,1,0,0.26063108,0.22554445,0.1807229645334267,0.07990812,0.0063853073
589,1,0,0.20203733,0.17196989,0.1666726522055883,0.035364687,0.0012506611
590,1,0,0.18770695,0.15884638,0.0336052850877619,0.15410167,0.023747325
591,1,0,0.051888466,0.034032345,-0.0072075810320448,0.059096046,0.0034923425
592,1,0,0.010201454,-0.0044407845,-0.1461934396690978,0.1563949,0.024459364
593,1,0,-0.13162804,-0.13611555,-0.1280481981495613,0.00357984,1.2815255e-05
594,1,0,-0.11318827,-0.118867874,-0.0655608603129858,0.047627404,0.0022683695
595,1,0,-0.049416065,-0.059601307,0.0043506172584777,0.053766683,0.0028908562
596,1,0,0.022008419,0.006463051,0.1217920115701556,0.09978359,0.009956765
597,1,0,0.14191866,0.11685705,0.3528598669582781,0.2109412,0.04449619
598,1,0,0.3773451,0.3318591,0.3352587253660388,0.042086363,0.0017712619
599,1,0,0.35944366,0.31558657,0.2575502526894322,0.101893425,0.01038227
600,1,0,0.2803402,0.24353409,0.3456355047795147,0.06529531,0.0042634774
601,1,0,0.36999846,0.32518244,0.2768932773319008,0.09310517,0.008668572
602,1,0,0.30004072,0.2615018,0.2122253403003693,0.08781539,0.007711543
603,1,0,0.2341547,0.20135403,0.1988239412048624,0.035330757,0.0012482625
604,1,0,0.2204938,0.18885946,0.1708839233061132,0.04960987,0.002461139
605,1,0,0.19200277,0.16278124,0.1251807450693531,0.06682202,0.004465183
606,1,0,0.14537668,0.12003088,0.1548718152626582,0.009495139,9.0157664e-05
607,1,0,0.17567015,0.14781713,0.2098158662347105,0.034145713,0.0011659297
608,1,0,0.23169899,0.19910765,0.2903101529757474,0.058611155,0.0034352674
609,1,0,0.31370163,0.2739501,0.3808498067121491,0.06714818,0.004508878
610,1,0,0.4057994,0.35770273,0.4499162638130203,0.044116884,0.0019462995
611,1,0,0.4759364,0.42127895,0.3550705054352452,0.12086591,0.0146085685
612,1,0,0.37959385,0.3339033,0.5309197346030103,0.15132588,0.022899522
613,1,0,0.5580468,0.4954939,0.4902568012375647,0.06779003,0.0045954883
614,1,0,0.51684904,0.4582863,0.4157451766391098,0.10110387,0.010221993
615,1,0,0.44124937,0.38985634,0.3841342263644973,0.057115138,0.003262139
616,1,0,0.40913725,0.36073256,0.3436674687288548,0.06546977,0.004286291
617,1,0,0.36799622,0.32336426,0.4477535194527409,0.0797573,0.0063612275
618,1,0,0.473742,0.4192915,0.4653124906021899,0.008429527,7.105693e-05
619,1,0,0.4915552,0.43541336,0.2308052724631242,0.26074994,0.06799053
620,1,0,0.2530918,0.21865845,0.2868193758829109,0.033727556,0.001137548
621,1,0,0.31014776,0.27071238,0.3451897848922414,0.035042018,0.001227943
622,1,0,0.36954403,0.32477045,0.2299789093827673,0.13956513,0.019478424
623,1,0,0.25224972,0.21788883,0.1720514283065766,0.08019829,0.0064317654
624,1,0,0.19319344,0.16387224,0.2498925831424419,0.05669914,0.0032147926
625,1,0,0.2725401,0.23641539,0.2798038427443892,0.00726375,5.276206e-05
626,1,0,0.30300522,0.26420403,0.2680877352844328,0.034917474,0.00121923
627,1,0,0.29107332,0.253325,0.3059644597525288,0.014891148,0.00022174628
628,1,0,0.32963705,0.28846502,0.2925267932179398,0.03711027,0.0013771721
629,1,0,0.3159585,0.27600718,0.2672794550662312,0.048679054,0.0023696502
630,1,0,0.2902503,0.25257397,0.3679851524933699,0.07773486,0.006042708
631,1,0,0.39272356,0.34582996,0.1731180764224404,0.21960549,0.048226573
632,1,0,0.1942811,0.16486883,0.2434571486746284,0.049176052,0.002418284
633,1,0,0.26598358,0.23043108,0.2823168614980194,0.016333282,0.0002667761
634,1,0,0.30556345,0.2665348,0.4339897673580148,0.12842631,0.016493319
635,1,0,0.45977306,0.40664196,0.2878448316688438,0.17192823,0.029559316
636,1,0,0.31119156,0.2716651,0.2561934616723134,0.0549981,0.003024791
637,1,0,0.2789588,0.24227333,0.2689714420418081,0.009987354,9.9747245e-05
638,1,0,0.2919736,0.2541461,0.3263696883185263,0.034396112,0.0011830925
639,1,0,0.3504014,0.30736256,0.4642941064257861,0.113892704,0.012971548
640,1,0,0.49052334,0.4344778,0.4993659990325616,0.008842647,7.819241e-05
641,1,0,0.52608156,0.4666295,0.3574496810139953,0.16863188,0.028436711
642,1,0,0.38201237,0.3361001,0.4098138507367128,0.027801484,0.00077292253
643,1,0,0.43522596,0.3843975,0.3428943520126939,0.09233162,0.008525128
644,1,0,0.3672104,0.32264757,0.2886472257692798,0.078563154,0.006172169
645,1,0,0.31200838,0.27240705,0.5086974308926147,0.19668907,0.03868659
646,1,0,0.5355377,0.47517157,0.5489328341795243,0.013395131,0.00017942952
647,1,0,0.576282,0.5119462,0.5055465802448227,0.070735455,0.0050035045
648,1,0,0.53234434,0.47228813,0.5219148129281841,0.0104295015,0.000108774504
649,1,0,0.54892683,0.4872632,0.5932754117495538,0.044348598,0.0019667982
650,1,0,0.6211319,0.5523648,0.6497756722529031,0.028643787,0.00082046655
651,1,0,0.6781912,0.6036997,0.7065805900347497,0.028389394,0.0008059577
652,1,0,0.7354555,0.65511894,0.6476118913178972,0.0878436,0.0077164974
653,1,0,0.6760082,0.601737,0.6738360130343084,0.0021722317,4.7185904e-06
654,1,0,0.7024584,0.6255021,0.6633017365608325,0.039156616,0.0015332405
655,1,0,0.69183636,0.61596155,0.6685826890600399,0.02325368,0.0005407336
656,1,0,0.6971617,0.6207447,0.6600081726446536,0.037153482,0.0013803813
657,1,0,0.6885147,0.612977,0.6112194669364097,0.077295244,0.005974555
658,1,0,0.6392646,0.5686898,0.6995314933304542,0.060266912,0.0036321008
659,1,0,0.72835493,0.64874935,0.7779362412613109,0.04958129,0.0024583042
660,1,0,0.8072276,0.7194395,0.7132716043640333,0.09395599,0.008827729
661,1,0,0.74219275,0.6611657,0.6895935329139489,0.05259919,0.0027666749
662,1,0,0.7183418,0.63976336,0.9155292160871592,0.19718736,0.038882855
663,1,0,0.9450717,0.8425932,0.787394412253235,0.1576773,0.02486213
664,1,0,0.81672573,0.727942,0.7929395123485303,0.023786247,0.0005657855
665,1,0,0.8222933,0.7329235,1.0163060127283623,0.19401276,0.03764095
666,1,0,1.0455246,0.9320531,0.94589689400724,0.09962767,0.009925674
667,1,0,0.97538805,0.869617,1.0012998719252932,0.025911808,0.0006714218
668,1,0,1.0305953,0.9187722,1.1109991846052836,0.080403924,0.006464791
669,1,0,1.1394835,1.0155349,1.1408823698103363,0.001398921,1.95698e-06
670,1,0,1.1690435,1.0417624,1.0316210882286008,0.13742244,0.018884927
671,1,0,1.0607495,0.94559336,0.995814299431446,0.06493521,0.004216581
672,1,0,1.025136,0.9139147,1.019301431892676,0.0058345795,3.4042318e-05
673,1,0,1.0485039,0.9347043,1.017822503128755,0.030681372,0.0009413466
674,1,0,1.0470328,0.9333949,1.119357397059435,0.072324514,0.005230835
675,1,0,1.1477556,1.0228763,1.090989045647203,0.05676663,0.0032224501
676,1,0,1.1196651,0.9979415,1.201590653496143,0.08192551,0.0067117894
677,1,0,1.2289538,1.0948677,1.342330079352969,0.11337626,0.012854177
678,1,0,1.367075,1.2170634,1.4166178438912658,0.049542904,0.0024544992
679,1,0,1.4395218,1.2810411,1.436998911961706,0.0025228262,6.364652e-06
680,1,0,1.4593391,1.2985291,1.6149158373066017,0.1555767,0.02420411
681,1,0,1.6312308,1.446702,1.4421705940779113,0.18906021,0.03574376
682,1,0,1.4643645,1.3029633,1.4694635727179488,0.005099058,2.6000394e-05
683,1,0,1.4908557,1.3263302,1.3527511146940974,0.13810456,0.01907287
684,1,0,1.3772569,1.2260609,1.4714383728679064,0.09418154,0.008870162
685,1,0,1.4927697,1.3280187,1.364608129802643,0.12816155,0.016425382
686,1,0,1.388835,1.2362885,1.3631104816182136,0.02572453,0.00066175143
687,1,0,1.387372,1.2349973,1.1974000662092363,0.18997192,0.03608933
688,1,0,1.2248249,1.0912085,0.99331740955646,0.23150748,0.053595714
689,1,0,1.0226498,0.91170216,1.0669368382362991,0.044287086,0.001961346
690,1,0,1.0958176,0.9767604,1.079350192180483,0.016467333,0.00027117305
691,1,0,1.1081285,0.9876962,0.9682335725447482,0.13989496,0.0195706
692,1,0,0.9976635,0.88945866,1.0343406466706968,0.036677122,0.0013452113
693,1,0,1.0634522,0.94799614,0.9614910089798974,0.101961255,0.010396098
694,1,0,0.9909425,0.8834715,1.217977177502558,0.22703469,0.05154475
695,1,0,1.2450914,1.1091609,1.2783424244130073,0.033250928,0.0011056243
696,1,0,1.3044143,1.1616659,1.426425614776682,0.122011304,0.014886758
697,1,0,1.4490619,1.2894602,1.4401926828123577,0.008869171,7.86622e-05
698,1,0,1.4624438,1.3012676,1.2712024406161664,0.19124138,0.03657327
699,1,0,1.2974081,1.1554694,1.2894960529005806,0.00791204,6.2600375e-05
700,1,0,1.3153524,1.1713424,1.3656905215627573,0.05033803,0.0025339173
701,1,0,1.3898916,1.2372212,1.310257023836579,0.07963455,0.0063416613
702,1,0,1.3356953,1.1893296,1.3756965069396525,0.040001273,0.0016001018
703,1,0,1.3996534,1.2458448,1.5135819884037849,0.11392856,0.012979716
704,1,0,1.533577,1.3635459,1.532208242680429,0.0013687611,1.8735068e-06
705,1,0,1.5515771,1.3788981,1.6049611831504702,0.053384066,0.0028498585
706,1,0,1.6216674,1.4385738,1.4355460355134593,0.18612134,0.034641154
707,1,0,1.4579272,1.2972836,1.6222778574692915,0.16435063,0.02701113
708,1,0,1.638299,1.4527111,1.4450898703011337,0.19320917,0.037329786
709,1,0,1.4671993,1.3054643,1.4961717486800197,0.028972387,0.00083939923
710,1,0,1.5167332,1.3491473,1.381015984967422,0.13571715,0.018419147
711,1,0,1.4048429,1.2504253,1.4426577488328114,0.037814856,0.0014299633
712,1,0,1.464838,1.3033805,1.3151825334935037,0.14965546,0.022396756
713,1,0,1.3405194,1.193594,1.435772905126225,0.09525347,0.009073223
714,1,0,1.4581485,1.2974792,1.3101226597134277,0.14802587,0.021911658
715,1,0,1.3355646,1.1892138,1.2290401866691667,0.10652447,0.011347462
716,1,0,1.2559791,1.1188011,1.2580100318438356,0.0020309687,4.1248336e-06
717,1,0,1.2844553,1.1440086,1.1342901370345926,0.1501652,0.022549588
718,1,0,1.1625266,1.0359802,1.159890828717958,0.0026358366,6.9476346e-06
719,1,0,1.1878228,1.058414,1.198369973571542,0.010547161,0.00011124261
720,1,0,1.2257805,1.0920553,1.2692530373263695,0.04347253,0.0018898607
721,1,0,1.2954946,1.1537762,1.294718384525492,0.0007761717,6.0244247e-07
722,1,0,1.3204727,1.175869,1.349727643903652,0.029254913,0.00085584994
723,1,0,1.3743024,1.2234502,1.311536132346113,0.06276631,0.00393961
724,1,0,1.3369493,1.1904383,1.3789376294166935,0.041988254,0.0017630134
725,1,0,1.4028163,1.2486353,1.499728843913224,0.0969125,0.009392033
726,1,0,1.5201759,1.352109,1.611954935379841,0.09177899,0.008423383
727,1,0,1.6283865,1.4442863,1.5600545433034636,0.06833196,0.0046692565
728,1,0,1.5784459,1.4017935,1.6365931877969029,0.05814731,0.0033811098
729,1,0,1.6520333,1.4643779,1.548918605638999,0.103114724,0.010632646
730,1,0,1.5677075,1.3926439,1.6501804770278694,0.08247292,0.0068017826
731,1,0,1.6650538,1.4754348,1.5977312803925514,0.06732261,0.004532334
732,1,0,1.614718,1.4326644,1.6441448418840618,0.029426932,0.00086594437
733,1,0,1.6592717,1.4705243,1.583080843540234,0.07619083,0.0058050426
734,1,0,1.6006246,1.4206738,1.4021363689413846,0.19848824,0.03939758
735,1,0,1.4254241,1.2685995,1.388661666070588,0.036762476,0.0013514797
736,1,0,1.4122963,1.2570076,1.4315599788733788,0.019263625,0.00037108726
737,1,0,1.4540529,1.2938647,1.3889601401330438,0.0650928,0.004237073
738,1,0,1.4125867,1.2572637,1.339665223608027,0.072921515,0.0053175474
739,1,0,1.36447,1.2147622,1.3942186487722985,0.029748678,0.00088498386
740,1,0,1.4177122,1.2617898,1.3231299545683983,0.0945822,0.008945793
741,1,0,1.3482966,1.2004695,1.244460922395798,0.1038357,0.010781853
742,1,0,1.271142,1.1322246,1.0936398852304243,0.17750216,0.031507015
743,1,0,1.122292,1.0002747,1.0287960253051107,0.093495965,0.008741495
744,1,0,1.0579429,0.94309664,0.990511491470615,0.06743139,0.0045469925
745,1,0,1.0198569,0.9092164,0.9453641246277104,0.07449281,0.005549179
746,1,0,0.9748578,0.869143,0.9881183575122908,0.013260543,0.00017584201
747,1,0,1.0174737,0.907094,1.0843666593149948,0.06689298,0.004474671
748,1,0,1.1131024,0.99211264,0.9538041196169528,0.1592983,0.02537595
749,1,0,0.9832773,0.8766446,0.9249363865708942,0.058340907,0.0034036615
750,1,0,0.9544678,0.85097075,0.8849816885674082,0.06948608,0.0048283157
751,1,0,0.91453457,0.815351,1.097611877313982,0.18307734,0.033517312
752,1,0,1.1262269,1.003767,1.2655406569531549,0.1393137,0.019408306
753,1,0,1.2918501,1.1505504,1.1468850553625805,0.14496505,0.021014867
754,1,0,1.1749754,1.0470238,1.0429714225336149,0.13200402,0.017425062
755,1,0,1.0720267,0.9556198,1.253839907305844,0.18181312,0.03305601
756,1,0,1.2803593,1.1403813,1.237461798587308,0.042897463,0.0018401924
757,1,0,1.2642612,1.1261344,1.2299958350684417,0.0342654,0.0011741176
758,1,0,1.256918,1.1196327,1.3978291826903655,0.14091122,0.019855972
759,1,0,1.4212294,1.2648959,1.570516637784683,0.14928722,0.022286676
760,1,0,1.5885267,1.4103775,1.5658877563863989,0.022638917,0.00051252055
761,1,0,1.5840664,1.40658,1.623252262022409,0.03918588,0.0015355333
762,1,0,1.6392336,1.453505,1.681115356652601,0.0418818,0.0017540852
763,1,0,1.6946559,1.5005469,1.6237325678594656,0.07092333,0.0050301184
764,1,0,1.6396947,1.4538965,1.680182891577827,0.040488243,0.0016392978
765,1,0,1.6937652,1.4997926,1.6883691769749838,0.0053960085,2.9116907e-05
766,1,0,1.7015882,1.5064249,1.6640637598787702,0.037524343,0.0014080763
767,1,0,1.6783481,1.4867148,1.7647662042894154,0.08641815,0.007468097
768,1,0,1.7743678,1.5680413,1.7050548706372446,0.06931293,0.0048042824
769,1,0,1.7175193,1.5199256,1.5517944256441734,0.16572487,0.027464734
770,1,0,1.5704803,1.3950086,1.4501245497173638,0.120355844,0.01448553
771,1,0,1.4720883,1.3097782,1.6250815378788983,0.1529932,0.02340692
772,1,0,1.6409898,1.4549961,1.6625553975207623,0.021565676,0.00046507837
773,1,0,1.6769042,1.4854913,1.507336540025637,0.1695677,0.028753206
774,1,0,1.5275369,1.3583918,1.4594891867991118,0.06804764,0.004630482
775,1,0,1.4811802,1.3177962,1.4349017492705007,0.046278477,0.0021416973
776,1,0,1.4573011,1.296731,1.563928454915409,0.106627345,0.01136939
777,1,0,1.58218,1.4049716,1.4503281167303506,0.13185191,0.017384926
778,1,0,1.4722857,1.3099518,1.4253903205752074,0.046895385,0.0021991772
779,1,0,1.4480548,1.2885714,1.4010266354626362,0.047028184,0.0022116501
780,1,0,1.4243441,1.2676435,1.226860075768439,0.19748402,0.038999937
781,1,0,1.2538338,1.1169028,1.2072123899391576,0.046621323,0.0021735476
782,1,0,1.2344918,1.0997739,1.3072093127826871,0.07271743,0.005287824
783,1,0,1.3327112,1.1866913,1.428432087828979,0.09572089,0.009162488
784,1,0,1.4510126,1.2911811,1.324639427102814,0.12637317,0.015970178
785,1,0,1.3497739,1.2017751,1.2015668999886353,0.14820695,0.0219653
786,1,0,1.228931,1.0948453,1.1750885509132427,0.053842425,0.0028990067
787,1,0,1.2028246,1.0717125,1.1652944394886111,0.037530184,0.0014085147
788,1,0,1.1931577,1.0631452,1.1558508542634032,0.037306786,0.0013917963
789,1,0,1.1838326,1.0548778,1.1733545300364927,0.010478139,0.00010979139
790,1,0,1.2011132,1.0701966,1.1814041416076888,0.01970911,0.00038844903
791,1,0,1.2090535,1.0772347,1.2242267110852303,0.015173197,0.0002302259
792,1,0,1.2512417,1.1146069,1.1950478455639484,0.05619383,0.0031577463
793,1,0,1.222506,1.0891542,1.2474037738015076,0.024897695,0.0006198952
794,1,0,1.2740355,1.1347847,1.0871676049268917,0.18686783,0.034919586
795,1,0,1.1158786,0.9945779,1.0007649171399835,0.115113616,0.013251144
796,1,0,1.0300646,0.9182987,0.881609637547407,0.14845496,0.022038877
797,1,0,0.9111614,0.8123393,0.9682133153944684,0.057051897,0.0032549188
798,1,0,0.9976435,0.88944054,0.8286224271118643,0.16902107,0.028568123
799,1,0,0.85809326,0.76494074,0.8453366371035749,0.012756646,0.00016273202
800,1,0,0.8748455,0.77991056,0.993925036780845,0.11907953,0.014179935
801,1,0,1.0232549,0.91224194,0.9714959612030708,0.051758885,0.0026789822
802,1,0,1.0009141,0.892354,0.9583821203395226,0.042531967,0.0018089683
803,1,0,0.9878416,0.8807111,0.8823790492572989,0.10546255,0.01112235
804,1,0,0.9119315,0.8130269,0.8377748069346689,0.0741567,0.0054992163
805,1,0,0.8672676,0.7731395,0.6447303571502472,0.22253728,0.04952284
806,1,0,0.6731,0.5991235,0.7653729989975355,0.092273,0.008514306
807,1,0,0.7946029,0.70813704,0.8492273767401386,0.054624498,0.0029838358
808,1,0,0.8787432,0.78339386,0.8897357547969609,0.010992587,0.00012083696
809,1,0,0.91929007,0.8195944,0.8664864187200321,0.052803636,0.002788224
810,1,0,0.8960266,0.7988281,0.8821328872982725,0.0138937235,0.00019303555
811,1,0,0.911685,0.81280756,1.0908057769736563,0.17912078,0.032084253
812,1,0,1.1194835,0.9977803,1.2246809654986237,0.10519755,0.011066524
813,1,0,1.2516894,1.1150026,1.163358235800949,0.08833122,0.007802405
814,1,0,1.1912465,1.061451,1.2917630566054124,0.10051656,0.010103579
815,1,0,1.3175759,1.173307,1.3557731290897674,0.03819716,0.001459023
816,1,0,1.3802085,1.2286687,1.2532934180930582,0.1269151,0.016107442
817,1,0,1.2798223,1.1399074,1.3585796487862538,0.078757286,0.0062027103
818,1,0,1.3829494,1.2310891,1.4441326988501189,0.061183333,0.0037434003
819,1,0,1.4662709,1.3046455,1.412370086035735,0.053900838,0.0029053004
820,1,0,1.4353876,1.2773929,1.4297028728471206,0.0056847334,3.2316195e-05
821,1,0,1.4522471,1.2922707,1.3086612069278267,0.14358592,0.020616917
822,1,0,1.3341327,1.1879497,1.3185114286516866,0.015621185,0.00024402143
823,1,0,1.3437772,1.1964741,1.2713683754627674,0.072408795,0.0052430336
824,1,0,1.2975712,1.1556139,1.2450972716327042,0.052473903,0.0027535104
825,1,0,1.2717681,1.1327796,1.1468436355603542,0.12492442,0.015606111
826,1,0,1.1749349,1.046987,1.2329237275171885,0.057988882,0.0033627104
827,1,0,1.2597971,1.1221833,1.226421679204254,0.033375382,0.0011139162
828,1,0,1.2534018,1.1165199,1.04659111394664,0.2068106,0.04277062
829,1,0,1.0756216,0.9588146,1.1801873692119536,0.10456574,0.010933994
830,1,0,1.2078533,1.0761714,1.181169223016802,0.026684046,0.0007120383
831,1,0,1.2088218,1.0770297,1.164700411200152,0.044121385,0.0019466965
832,1,0,1.1925716,1.0626264,1.3046563635999906,0.11208475,0.01256299
833,1,0,1.3302107,1.1844792,1.1780712992184723,0.15213943,0.023146404
834,1,0,1.2057667,1.0743217,1.175744700817721,0.030022025,0.000901322
835,1,0,1.2034712,1.0722871,1.3303471185411215,0.12687588,0.016097488
836,1,0,1.3553576,1.2067108,1.1966139210381392,0.15874374,0.025199575
837,1,0,1.2240496,1.0905223,0.9408701089919368,0.28317946,0.08019061
838,1,0,0.97037363,0.86514807,1.0622282864611154,0.09185469,0.008437284
839,1,0,1.0911446,0.97260857,1.0445857597516568,0.046558857,0.002167727
840,1,0,1.0736313,0.95704556,0.9912943571029542,0.0823369,0.0067793657
841,1,0,1.0206351,0.9099088,1.0204380119631686,0.00019717216,3.8876863e-08
842,1,0,1.049634,0.93570805,0.8119397595357256,0.2376942,0.056498535
843,1,0,0.8413625,0.7499819,0.783781082993106,0.057581365,0.0033156136
844,1,0,0.81309795,0.7246938,0.9379330738974864,0.12483513,0.01558381
845,1,0,0.967443,0.86253643,1.0057811224274484,0.038338184,0.0014698164
846,1,0,1.0350552,0.9227395,1.030269299878683,0.0047858953,2.2904795e-05
847,1,0,1.0594068,0.94439936,0.9857333280135796,0.07367343,0.005427774
848,1,0,1.0150981,0.90498066,1.02821143321858,0.0131133795,0.00017196072
849,1,0,1.0573616,0.94257975,1.0883542335048002,0.030992627,0.00096054294
850,1,0,1.1170535,0.99562216,1.119563897545805,0.0025104284,6.3022508e-06
851,1,0,1.1479616,1.0230575,1.1763158381032914,0.028354168,0.00080395886
852,1,0,1.2040348,1.0727863,1.2585000635426802,0.054465294,0.0029664682
853,1,0,1.2849369,1.144433,1.3551361477957062,0.07019925,0.004927935
854,1,0,1.3795867,1.228118,1.2839856845178668,0.09560096,0.009139544
855,1,0,1.3099494,1.1665621,1.1207944432861137,0.18915498,0.035779607
856,1,0,1.149178,1.024138,1.0199356926456664,0.1292423,0.016703572
857,1,0,1.0491343,0.9352641,0.9607353862830204,0.088398874,0.007814361
858,1,0,0.9901886,0.8828001,0.8102948019043561,0.17989379,0.032361776
859,1,0,0.83971214,0.7485056,0.928826333008324,0.08911419,0.007941339
860,1,0,0.95835066,0.85443306,0.8746013364690839,0.083749294,0.0070139444
861,1,0,0.9041486,0.8060813,0.9175798866294153,0.013431311,0.00018040011
862,1,0,0.9471197,0.84441996,0.8617178744365326,0.08540183,0.007293473
863,1,0,0.8912525,0.79456615,0.9018838967753916,0.010631382,0.00011302629
864,1,0,0.93143654,0.830431,0.9252869709176164,0.00614959,3.781746e-05
865,1,0,0.9548168,0.8512826,1.077005696210252,0.122188926,0.014930134
866,1,0,1.1058035,0.985631,1.1421017074096778,0.036298275,0.0013175647
867,1,0,1.170248,1.0428314,1.1817636271080678,0.011515617,0.00013260945
868,1,0,1.2094083,1.0775495,1.2900142831529653,0.080605984,0.0064973244
869,1,0,1.3158612,1.1717911,1.2275347822708724,0.088326454,0.0078015625
870,1,0,1.2544975,1.1174893,1.2753408761947602,0.020843387,0.00043444676
871,1,0,1.3014688,1.1590614,1.418024504245186,0.11655569,0.013585229
872,1,0,1.4408898,1.282248,1.5045792933132605,0.06368947,0.0040563485
873,1,0,1.5248699,1.3561158,1.6253380848427028,0.10046816,0.010093851
874,1,0,1.6412354,1.4552059,1.729439457518554,0.088204145,0.007779971
875,1,0,1.7407651,1.5396118,1.708512699623336,0.03225243,0.0010402193
876,1,0,1.720818,1.5227203,1.793967332947254,0.07314932,0.0053508235
877,1,0,1.8020778,1.5914574,1.7174891956300105,0.08458853,0.007155219
878,1,0,1.7293773,1.5299706,1.5780308885694885,0.15134633,0.022905711
879,1,0,1.5957632,1.4165363,1.6221720780115545,0.02640891,0.0006974306
880,1,0,1.638197,1.4526238,1.5478696782676309,0.09032726,0.008159014
881,1,0,1.5666947,1.3917828,1.4560806104126698,0.11061418,0.012235497
882,1,0,1.4778719,1.314878,1.5146088320453952,0.036736965,0.0013496046
883,1,0,1.5345697,1.3643928,1.4819149956721809,0.052654743,0.002772522
884,1,0,1.5029249,1.3369732,1.529384509392406,0.026459575,0.0007001091
885,1,0,1.5488496,1.3765731,1.5629547364137937,0.014105201,0.0001989567
886,1,0,1.5812402,1.4041724,1.5849656251600326,0.0037254095,1.3878676e-05
887,1,0,1.6024394,1.4222169,1.4111107859838263,0.19132864,0.03660665
888,1,0,1.4341621,1.2763109,1.4787139875893338,0.04455185,0.0019848673
889,1,0,1.4998226,1.3342371,1.6366786800992683,0.13685608,0.018729586
890,1,0,1.6521144,1.4644465,1.6300051376780456,0.02210927,0.00048881985
891,1,0,1.6457138,1.4590101,1.7175296408303886,0.07181585,0.005157516
892,1,0,1.7294164,1.5300031,1.716706499836052,0.012709856,0.00016154045
893,1,0,1.7286315,1.5293379,1.596143787193844,0.13248765,0.01755298
894,1,0,1.6131911,1.4313645,1.6153474453162089,0.0021563768,4.6499613e-06
895,1,0,1.6316452,1.4470549,1.5088282940126971,0.12281692,0.015083996
896,1,0,1.5289798,1.3596225,1.443666384000367,0.08531344,0.007278383
897,1,0,1.465817,1.3042455,1.3266795436603882,0.13913739,0.019359212
898,1,0,1.3517704,1.2035394,1.4378348795266138,0.08606446,0.007407091
899,1,0,1.4601512,1.2992463,1.4414253162407222,0.018725872,0.0003506583
900,1,0,1.4636402,1.3023233,1.4745969842742337,0.010956764,0.00012005068
901,1,0,1.4958329,1.3307204,1.44761491002709,0.04821801,0.0023249767
902,1,0,1.4696531,1.3076277,1.4326034068898057,0.03704977,0.0013726855
903,1,0,1.4550672,1.2947598,1.5910297032367184,0.13596249,0.018485798
904,1,0,1.608273,1.4271827,1.612548084414347,0.0042750835,1.827634e-05
905,1,0,1.6289573,1.4447699,1.6980794149795546,0.069122195,0.004777878
906,1,0,1.7108617,1.5142846,1.6988355241652755,0.012026191,0.00014462926
907,1,0,1.7115836,1.5148969,1.7385740517307884,0.026990414,0.00072848244
908,1,0,1.7494626,1.5469742,1.807085876621997,0.057623267,0.0033204409
909,1,0,1.814506,1.601954,1.8571943165130769,0.04268825,0.0018222868
910,1,0,1.8618617,1.6419039,2.00068138440097,0.1388197,0.019270908
911,1,0,1.9964242,1.7550817,1.9625309269839888,0.033893228,0.0011487509
912,1,0,1.9608006,1.7251668,2.0532643601556515,0.09246373,0.008549541
913,1,0,2.0453382,1.796103,1.9757307198796816,0.06960738,0.004845187
914,1,0,1.9731383,1.7355313,1.9800751009906337,0.0069367886,4.8119036e-05
915,1,0,1.9771972,1.7389388,1.8837102548123337,0.093486905,0.008739801
916,1,0,1.8868461,1.6629548,1.9727008731513536,0.08585477,0.0073710415
917,1,0,1.9703069,1.7331548,1.94930302622428,0.021003842,0.0004411614
918,1,0,1.948422,1.7147641,1.924936217029336,0.02348578,0.00055158185
919,1,0,1.9255853,1.6955628,1.9159419944317675,0.009643316,9.299355e-05
920,1,0,1.9171443,1.6884627,1.8401389830752637,0.07700527,0.0059298114
921,1,0,1.8457637,1.6283307,1.8193077567480904,0.02645588,0.00069991354
922,1,0,1.8260722,1.6117172,1.6800530790708983,0.1460191,0.021321578
923,1,0,1.6936402,1.4996862,1.8687600979285224,0.17511988,0.030666972
924,1,0,1.872766,1.651093,2.0320117570806424,0.15924573,0.025359202
925,1,0,2.0255952,1.779552,2.1595087066131957,0.13391352,0.01793283
926,1,0,2.143498,1.8782392,2.0294658912281296,0.11403203,0.013003304
927,1,0,2.0232272,1.7775674,1.8372395631608531,0.18598771,0.03459143
928,1,0,1.8430247,1.6260209,1.698263530426983,0.1447612,0.020955807
929,1,0,1.7110372,1.5144348,1.7886839974779465,0.07764685,0.0060290336
930,1,0,1.7970691,1.5872264,1.9055893158197463,0.10852027,0.011776648
931,1,0,1.9074206,1.6802793,1.7124313757176743,0.1949892,0.03802079
932,1,0,1.7245555,1.5258865,1.878195400215965,0.15363991,0.023605222
933,1,0,1.8816543,1.6585822,1.8175236051601773,0.064130664,0.004112742
934,1,0,1.8243842,1.6102924,1.7606660671215977,0.0637182,0.004060009
935,1,0,1.770473,1.5647473,1.957095604827652,0.18662262,0.034828003
936,1,0,1.9557147,1.7208943,2.021784916392333,0.06607032,0.004365287
937,1,0,2.0160813,1.7715735,2.0666874195919824,0.050606012,0.0025609685
938,1,0,2.0577893,1.8065352,1.8034457593766149,0.2543435,0.06469062
939,1,0,1.8110576,1.5990424,1.917934107648824,0.10687649,0.011422585
940,1,0,1.9190145,1.6900353,1.888974392868052,0.030040026,0.00090240315
941,1,0,1.8917994,1.6671271,1.8335398094688455,0.058259606,0.0033941818
942,1,0,1.8395305,1.6230721,1.8136657422445823,0.02586472,0.00066898373
943,1,0,1.8207345,1.6072116,1.8774929822950064,0.056758523,0.00322153
944,1,0,1.8809924,1.6580253,1.912303194737804,0.031310797,0.000980366
945,1,0,1.9137282,1.6855855,1.917072538336736,0.0033442974,1.1184326e-05
946,1,0,1.9182057,1.6893544,1.9319773987345807,0.013771653,0.00018965843
947,1,0,1.9321885,1.701117,1.9778050515905008,0.045616508,0.0020808657
948,1,0,1.9750762,1.7371593,2.1180708383207776,0.14299464,0.020447468
949,1,0,2.1053205,1.8463225,2.067046284670196,0.03827429,0.0014649212
950,1,0,2.0581222,1.8068137,2.081874846909244,0.02375269,0.00056419027
951,1,0,2.0718608,1.8183198,2.21310998467108,0.14124918,0.01995133
952,1,0,2.1926684,1.9192986,2.144569912692525,0.048098564,0.0023134719
953,1,0,2.1297507,1.8667502,2.2942824566210938,0.16453171,0.027070682
954,1,0,2.2666774,1.980988,2.2334366183500016,0.033240795,0.0011049504
955,1,0,2.2112527,1.9348006,2.260870744644299,0.049618006,0.0024619466
956,1,0,2.236281,1.955667,2.551105126911793,0.3148241,0.09911422
957,1,0,2.4970775,2.1723037,2.553147859452551,0.056070328,0.0031438817
958,1,0,2.4988875,2.173801,2.5049405511374285,0.006052971,3.6638456e-05
959,1,0,2.4560933,2.138349,2.532353458272695,0.07626009,0.0058156014
960,1,1,2.480453,2.1585336,-2.266261571666562,4.7467146,22.5313
961,1,1,-2.276729,-2.2531285,1.998526456287406,4.2752557,18.277811
962,0,1,-1.5793104,1.7533965,-1.749390654914632,0.17008018,0.028927268
963,0,1,1.6150546,-1.7207408,1.4746010395233906,0.14045358,0.019727208
964,0,1,-1.2340422,1.3307228,-1.2286370709576897,0.0054050684,2.9214765e-05
965,0,1,1.1514935,-1.1938639,0.8781725886689458,0.27332097,0.07470436
966,0,1,-0.77900934,0.8092699,-0.8301880954406782,0.051178753,0.0026192649
967,0,1,0.7665701,-0.7982087,0.6169370070431714,0.14963311,0.022390068
968,0,1,-0.5566273,0.57388544,-0.5846556628267789,0.028028369,0.00078558945
969,0,1,0.5352063,-0.55794096,0.5916730913952053,0.05646676,0.0031884948
970,0,1,-0.5343418,0.55090666,-0.5584984289976713,0.02415663,0.0005835428
971,0,1,0.51106167,-0.53251123,0.6936977933281732,0.18263614,0.03335596
972,0,1,-0.6234932,0.64347506,-0.7276746881077916,0.10418147,0.010853779
973,0,1,0.6690192,-0.69755316,0.703230068964297,0.03421086,0.001170383
974,0,1,-0.6317086,0.65209246,-0.3924425358232088,0.2392661,0.057248265
975,0,1,0.36047554,-0.37184715,0.2641887108370424,0.09628683,0.009271154
976,0,1,-0.23287106,0.24970245,-0.3020998594581963,0.0692288,0.0047926265
977,0,1,0.28061628,-0.28500795,0.1147749576788417,0.16584133,0.027503345
978,0,1,-0.0876503,0.110281944,-0.0722925584101155,0.01535774,0.00023586018
979,0,1,0.08450079,-0.065975666,0.1889054304468294,0.10440464,0.01090033
980,0,1,-0.16029072,0.17960739,-0.1454434285441745,0.0148472935,0.00022044212
981,0,1,0.1458106,-0.13540173,-0.0115271224809374,0.15733773,0.02475516
982,0,1,0.03437519,-0.008516312,-0.0255033753750435,0.059878565,0.0035854427
983,0,1,0.045838833,-0.021716595,-0.1642880020217241,0.21012683,0.044153284
984,0,1,0.16177464,-0.15333128,0.1427782458616988,0.018996388,0.00036086276
985,0,1,-0.11522579,0.13650417,-0.0052764499731097,0.10994934,0.012088858
986,0,1,0.029261112,-0.0026187897,0.1261690561654571,0.09690794,0.0093911495
987,0,1,-0.09888792,0.120955944,-0.07956745983717,0.019320458,0.0003732801
988,0,1,0.0905509,-0.0728693,0.1312335654337744,0.04068266,0.0016550787
989,0,1,-0.10387564,0.1257,-0.1075747260090276,0.0036990866,1.3683241e-05
990,0,1,0.11394024,-0.09942722,-0.1586942364679515,0.27263448,0.074329555
991,0,1,0.1570301,-0.14800835,0.2520415132105063,0.09501141,0.009027168
992,0,1,-0.22124147,0.23841476,-0.3972352237399645,0.17599374,0.030973796
993,0,1,0.36475277,-0.37646437,0.2330597807800494,0.13169299,0.017343044
994,0,1,-0.20300579,0.22075748,-0.2744796829643645,0.0714739,0.005108518
995,0,1,0.2565055,-0.2585392,0.3081507100896568,0.05164522,0.0026672287
996,0,1,-0.27469444,0.29049158,-0.2987142697236331,0.024019837,0.0005769526
997,0,1,0.27765226,-0.28176212,0.2681436299870032,0.00950864,9.041423e-05
998,0,1,-0.23665094,0.2533779,-0.3534607946504815,0.116809845,0.01364454
999,0,1,0.32582998,-0.3343277,0.3614680293654917,0.035638034,0.0012700695
1000,0,1,-0.32485676,0.33981228,-0.3077403657418776,0.017116398,0.00029297106
1001,0,1,0.28555727,-0.2904172,0.3887573677671989,0.10320011,0.010650262
1002,0,1,-0.35029316,0.36499596,-0.4211111026245104,0.07081795,0.005015182
1003,0,1,0.3861289,-0.39948845,0.5291711500087777,0.14304227,0.02046109
1004,0,1,-0.4786086,0.493896,-0.3808001614267766,0.09780845,0.009566493
1005,0,1,0.3500986,-0.36063385,0.3735729496506472,0.023474336,0.0005510444
1006,0,1,-0.33616018,0.3509884,-0.3145957318959098,0.021564454,0.00046502566
1007,0,1,0.29157066,-0.2969942,0.3444994883049261,0.052928835,0.0028014616
1008,0,1,-0.30895996,0.3241334,-0.3116820122243053,0.0027220547,7.409582e-06
1009,0,1,0.2890129,-0.29419756,0.2977754884658798,0.008762568,7.67826e-05
1010,0,1,-0.26486254,0.28087378,-0.2443891912314848,0.020473346,0.0004191579
1011,0,1,0.23040533,-0.22974968,0.2785783492795959,0.04817301,0.0023206389
1012,0,1,-0.24660683,0.26306534,-0.3259424621961457,0.07933563,0.006294142
1013,0,1,0.3015437,-0.30788517,0.1838589525845968,0.11768477,0.0138497045
1014,0,1,-0.15538168,0.17489767,-0.1412897523651777,0.014091924,0.00019858232
1015,0,1,0.14230108,-0.13145256,-0.0291244779878825,0.17142557,0.029386725
1016,0,1,0.048816204,-0.025137424,0.0117453336298032,0.03707087,0.0013742495
1017,0,1,0.015189648,0.013437271,-0.0984862313598835,0.11367588,0.012922205
1018,0,1,0.10633373,-0.09080315,0.092898497399906,0.013435237,0.0001805056
1019,0,1,-0.06599331,0.089764595,-0.0173851101695534,0.0486082,0.002362757
1020,0,1,0.039174557,-0.014047623,0.0135322650006015,0.02564229,0.00065752707
1021,0,1,0.013388157,0.015121937,0.1700217920713047,0.15663363,0.024534095
1022,0,1,-0.1418953,0.16197586,-0.1606712378174215,0.01877594,0.00035253592
1023,0,1,0.15870619,-0.14988899,0.3663153928843163,0.2076092,0.043101583
1024,0,1,-0.32938814,0.34428835,-0.2291530144257656,0.100235134,0.010047082
1025,0,1,0.21725464,-0.21518707,0.2211940891204458,0.00393945,1.5519265e-05
1026,0,1,-0.19156694,0.20970964,-0.1861950444676194,0.0053718984,2.8857292e-05
1027,0,1,0.18041945,-0.17419767,0.117931582760999,0.062487863,0.003904733
1028,0,1,-0.09076595,0.11324024,-0.2580232439969752,0.16725728,0.027974997
1029,0,1,0.24220991,-0.24278784,0.1065039366130538,0.13570598,0.018416112
1030,0,1,-0.07947302,0.102528095,-0.111817922230089,0.0323449,0.0010461926
1031,0,1,0.11749697,-0.10345411,0.0225238929823028,0.09497307,0.009019884
1032,0,1,0.004330635,0.023593903,-0.0755336494738765,0.079864286,0.006378304
1033,0,1,0.0871954,-0.06904602,-0.0319641095612226,0.119159505,0.014198988
1034,0,1,0.05115223,-0.027820587,-0.1581511982041803,0.20930342,0.043807924
1035,0,1,0.156569,-0.14749146,0.2066158166416931,0.050046816,0.0025046838
1036,0,1,-0.17747211,0.1961255,-0.0854542893716834,0.09201782,0.008467279
1037,0,1,0.09545517,-0.078446865,0.1539249632694845,0.058469787,0.003418716
1038,0,1,-0.12615538,0.14693117,-0.1043731962648912,0.021782182,0.00047446345
1039,0,1,0.11125803,-0.09638882,0.1268558722224941,0.015597835,0.00024329247
1040,0,1,-0.09956503,0.12159872,0.0131100837385815,0.112675115,0.012695681
1041,0,1,0.013813019,0.01472187,0.2067612740588371,0.19294825,0.037229028
1042,0,1,-0.1776123,0.1962614,-0.0811404644681079,0.09647184,0.009306815
1043,0,1,0.091860294,-0.07435846,-0.1936174958750953,0.2854778,0.081497565
1044,0,1,0.18675947,-0.18127489,0.1338570319679002,0.052902445,0.0027986688
1045,0,1,-0.10645819,0.12815571,-0.0858139014411776,0.020644285,0.00042618648
1046,0,1,0.09575462,-0.0787878,0.0664859004544542,0.02926872,0.0008566579
1047,0,1,-0.03971815,0.06496143,-0.1376156441098741,0.0978975,0.00958392
1048,0,1,0.13920069,-0.12795973,0.152001656276802,0.012800962,0.00016386462
1049,0,1,-0.12427139,0.14513302,-0.1955225396024289,0.071251154,0.005076727
1050,0,1,0.18838787,-0.18308973,-0.0465859940959871,0.23497386,0.055212718
1051,0,1,0.06320667,-0.041646004,0.0567197006487951,0.006486971,4.2080792e-05
1052,0,1,-0.029966831,0.05578041,-0.2101988922317463,0.18023206,0.032483596
1053,0,1,0.20095873,-0.19709158,0.0898896886167852,0.11106904,0.012336331
1054,0,1,-0.063008785,0.08694267,-0.0591511142034422,0.0038576722,1.4881635e-05
1055,0,1,0.07359886,-0.053533554,0.0345917297025897,0.03900713,0.0015215563
1056,0,1,-0.0077991486,0.03496027,-0.0313056878681452,0.02350654,0.00055255747
1057,0,1,0.050610065,-0.027197838,0.0434438228556519,0.007166244,5.1355055e-05
1058,0,1,-0.016679287,0.043293,-0.0770866823237454,0.060407393,0.0036490532
1059,0,1,0.08848572,-0.07051706,-0.0213698017203896,0.10985552,0.012068234
1060,0,1,0.04244423,-0.017812729,-0.0896896618835239,0.1321339,0.017459368
1061,0,1,0.098986626,-0.082461834,0.0598961127060642,0.039090514,0.0015280683
1062,0,1,-0.033139706,0.05876732,-0.0147343042428351,0.0184054,0.00033875875
1063,0,1,0.03700304,-0.011545181,-0.0083973025001116,0.045400344,0.0020611912
1064,0,1,0.031812668,-0.005564213,-0.1056444508138572,0.13745712,0.01889446
1065,0,1,0.11232424,-0.097595215,0.2051257203529912,0.09280148,0.008612115
1066,0,1,-0.17603016,0.194736,-0.0587116898474633,0.11731847,0.013763622
1067,0,1,0.07323551,-0.053117752,0.2034259127383038,0.1301904,0.01694954
1068,0,1,-0.17438269,0.193151,-0.1727840998102037,0.0015985817,2.5554634e-06
1069,0,1,0.1689949,-0.16142225,0.092429426050173,0.076565474,0.005862272
1070,0,1,-0.06552935,0.089325905,-0.0409063493696395,0.024622995,0.0006062919
1071,0,1,0.05851984,-0.036273003,0.0068979266624022,0.051621914,0.002664822
1072,0,1,0.019321918,0.008865356,-0.1115697138105016,0.13089164,0.017132621
1073,0,1,0.11728811,-0.1032176,0.162757667559438,0.045469552,0.0020674802
1074,0,1,-0.13479948,0.15518856,-0.1531543303406941,0.018354848,0.00033690044
1075,0,1,0.15233421,-0.14273691,0.1378438302478271,0.014490381,0.00020997114
1076,0,1,-0.110376835,0.13188648,-0.1098576465029541,0.00051918626,2.6955436e-07
1077,0,1,0.115852356,-0.10159445,0.2366839705435657,0.12083161,0.014600278
1078,0,1,-0.20649385,0.22413063,-0.1727520935336333,0.033741757,0.0011385062
1079,0,1,0.16896915,-0.1613903,0.0768821987649328,0.092086956,0.008480008
1080,0,1,-0.050078392,0.07472849,-0.0266408641089155,0.023437528,0.00054931775
1081,0,1,0.046774864,-0.022790432,0.161558010923299,0.11478315,0.013175172
1082,0,1,-0.13362503,0.154068,-0.0404838726416372,0.09314115,0.008675274
1083,0,1,0.058170795,-0.035874367,0.0232307365797899,0.034940057,0.0012208075
1084,0,1,0.0036201477,0.024260044,0.0894542608626842,0.085834116,0.0073674954
1085,0,1,-0.06257582,0.08653307,-0.1330729026060551,0.07049708,0.0049698385
1086,0,1,0.13536787,-0.12364149,0.2539074169787492,0.11853954,0.014051623
1087,0,1,-0.22302961,0.24014902,-0.1935508574890025,0.029478759,0.0008689972
1088,0,1,0.18670273,-0.181211,0.0239076038727308,0.16279513,0.026502253
1089,0,1,0.0029382706,0.024898529,0.0741893459529938,0.07125107,0.0050767153
1090,0,1,-0.047396183,0.07219982,-0.1502078081287363,0.10281162,0.010570229
1091,0,1,0.14984083,-0.13993311,0.1024747195757544,0.047366112,0.0022435486
1092,0,1,-0.07548523,0.098750114,-0.2912210456896096,0.21573582,0.046541944
1093,0,1,0.27110147,-0.2745781,0.2852421261297087,0.0141406655,0.00019995842
1094,0,1,-0.2529521,0.26924896,-0.2810178878529079,0.0280658,0.0007876892
1095,0,1,0.2621994,-0.2648015,0.2861688000509028,0.023969412,0.0005745327
1096,0,1,-0.2538333,0.27011013,-0.3483385714335316,0.09450528,0.008931248
1097,0,1,0.32129908,-0.32940245,0.4108732771529393,0.08957419,0.008023535
1098,0,1,-0.37078857,0.38537312,-0.3177244936064296,0.053064078,0.0028157963
1099,0,1,0.2943182,-0.29999733,0.1811358729882988,0.11318232,0.012810238
1100,0,1,-0.15272999,0.17235518,-0.2091028892522626,0.056372896,0.0031779034
1101,0,1,0.2000184,-0.1960454,0.2144900861184222,0.01447168,0.00020942952
1102,0,1,-0.18509197,0.20346451,-0.2135202808374758,0.028428301,0.0008081683
1103,0,1,0.20380926,-0.20026112,0.092471207330198,0.11133806,0.012396163
1104,0,1,-0.06557083,0.08936405,0.0048958433335215,0.070466675,0.004965552
1105,0,1,0.020953178,0.006977558,-0.0731288101843921,0.09408199,0.008851421
1106,0,1,0.085196495,-0.066768646,-0.0887302213494001,0.17392671,0.0302505
1107,0,1,0.09818649,-0.08155203,0.1664740281233188,0.06828754,0.0046631875
1108,0,1,-0.13843107,0.15866184,-0.105446002388307,0.03298507,0.0010880148
1109,0,1,0.112157345,-0.09740734,0.0977699902482438,0.014387354,0.00020699596
1110,0,1,-0.0708251,0.09433603,0.0754383757962449,0.14626348,0.021393005
1111,0,1,-0.048640728,0.073373795,-0.0310581958401092,0.017582532,0.00030914543
1112,0,1,0.05040741,-0.026965141,0.1266334660379291,0.076226056,0.0058104116
1113,0,0,-0.09934616,0.1213913,0.0727041021518841,0.17205027,0.029601295
1114,0,0,-0.045916557,0.07080412,0.0268086612595723,0.07272522,0.0052889576
1115,0,0,2.0503998e-05,0.02763033,0.1562277622264023,0.15620726,0.02440071
1116,0,0,-0.12840986,0.14908409,0.0493647243714425,0.17777458,0.031603802
1117,0,0,-0.022608757,0.048862457,0.0337801116328329,0.05638887,0.0031797045
1118,0,0,-0.0069851875,0.0341959,0.0322202531189308,0.03920544,0.0015370665
1119,0,0,-0.0054183006,0.032726288,0.1061124257505623,0.11153073,0.012439104
1120,0,0,-0.07908583,0.10216141,0.1412656178090152,0.22035144,0.04855476
1121,0,0,-0.11373997,0.13508892,0.1218580228440373,0.235598,0.055506416
1122,0,0,-0.09464073,0.11691952,0.0520750808376684,0.14671582,0.021525532
1123,0,0,-0.025321007,0.051412582,0.0641126436550099,0.08943365,0.007998377
1124,0,0,-0.0373497,0.06273079,-0.0198983254114297,0.017451376,0.00030455051
1125,0,0,0.041237354,-0.016421795,0.1334244809868163,0.09218712,0.008498466
1126,0,0,-0.10603142,0.1277504,0.279456193752682,0.38548762,0.1486007
1127,1,0,0.30265045,0.26388073,0.3934136390353293,0.09076318,0.008237955
1128,1,0,0.41856527,0.369287,0.3369529126730519,0.08161235,0.0066605755
1129,1,0,0.36116743,0.3171544,0.3520808762850782,0.009086549,8.256538e-05
1130,1,0,0.37655258,0.33114004,0.3803053431458609,0.003752768,1.4083268e-05
1131,1,0,0.4052453,0.35719967,0.2389909817109439,0.16625433,0.027640501
1132,1,0,0.26143312,0.22627544,0.1254768177993828,0.1359563,0.018484116
1133,1,0,0.145679,0.1203084,0.0588262784777944,0.086852714,0.007543394
1134,1,0,0.077643394,0.057760715,0.0467051492543779,0.030938245,0.00095717504
1135,1,0,0.06526613,0.046361923,-0.0175161108079491,0.08278224,0.006852899
1136,1,0,-0.0003285408,-0.014172554,-0.0508851831957626,0.05055664,0.002555974
1137,1,0,-0.034421444,-0.045711517,0.1166124977678046,0.15103394,0.02281125
1138,1,0,0.13663244,0.1120038,-0.0039996549389433,0.1406321,0.019777386
1139,1,0,0.013479233,-0.0014138222,-0.1277368053374186,0.14121604,0.01994197
1140,1,0,-0.11287117,-0.11857128,-0.2221580354355943,0.10928686,0.011943618
1141,1,0,-0.20882082,-0.20850658,-0.2597317870384117,0.05091098,0.0025919278
1142,1,0,-0.2469945,-0.24442387,-0.2734416286998407,0.026447147,0.0006994516
1143,1,0,-0.260921,-0.2575469,-0.3291543112233368,0.06823331,0.004655785
1144,1,0,-0.31750298,-0.31096983,-0.4064620095312703,0.08895904,0.007913711
1145,1,0,-0.39597082,-0.3853593,-0.6034253577150803,0.20745456,0.043037396
1146,1,0,-0.5955415,-0.57620955,-0.583420853043112,0.0121206045,0.00014690905
1147,1,0,-0.5753012,-0.5567398,-0.7874046490370601,0.21210349,0.044987887
1148,1,0,-0.7812958,-0.7561426,-0.7864696192215472,0.005173862,2.6768848e-05
1149,1,0,-0.78035355,-0.75522375,-0.8291878294359503,0.048834264,0.0023847853
1150,1,0,-0.8233681,-0.79722404,-0.9511473905791448,0.1277793,0.01632755
1151,1,0,-0.9458871,-0.91758776,-1.1078649895602108,0.16197789,0.026236836
1152,1,0,-1.1026158,-1.073216,-0.9236573019670749,0.17895854,0.032026157
1153,1,0,-0.9183092,-0.89039946,-1.050804060907292,0.1324948,0.017554874
1154,1,0,-1.04565,-1.016428,-1.05535374164688,0.009703755,9.416287e-05
1155,1,0,-1.0501976,-1.0209513,-1.0075992475412772,0.042598367,0.0018146208
1156,1,0,-1.0024409,-0.9735241,-1.0569365988308783,0.054495692,0.0029697805
1157,1,0,-1.0517788,-1.0225253,-1.1949127343378896,0.143134,0.020487342
1158,1,0,-1.1892791,-1.1601133,-1.084644767972592,0.104634285,0.010948334
1159,1,0,-1.0794482,-1.0500903,-1.2422763544396842,0.16282809,0.026512986
1160,1,0,-1.2363052,-1.2075272,-1.3646205696476077,0.12831533,0.016464824
1161,1,0,-1.3573308,-1.3304291,-1.4627511455702322,0.10542035,0.011113451
1162,1,0,-1.4539032,-1.4294367,-1.3285030009992074,0.12540019,0.015725207
1163,1,0,-1.321672,-1.2940831,-1.3699328097826893,0.048260808,0.0023291055
1164,1,0,-1.3625708,-1.3357787,-1.384473826002511,0.021903038,0.0004797431
1165,1,0,-1.3769054,-1.3504286,-1.3341669345384188,0.042738557,0.0018265842
1166,1,0,-1.3272681,-1.2997804,-1.4310259084563528,0.10375774,0.010765668
1167,1,0,-1.4227333,-1.397387,-1.48367613486469,0.06094277,0.003714021
1168,1,0,-1.4744353,-1.4505997,-1.4616057062021408,0.012829661,0.0001646002
1169,1,0,-1.4527793,-1.4282794,-1.598608432373419,0.14582908,0.021266121
1170,1,0,-1.5868087,-1.5671253,-1.6741850194251038,0.087376356,0.0076346276
1171,1,0,-1.660316,-1.6440187,-1.602067920597431,0.058248043,0.0033928344
1172,1,0,-1.5901799,-1.5706401,-1.5981222800713777,0.007942319,6.308043e-05
1173,1,0,-1.5863347,-1.5666313,-1.6523276244778593,0.06599295,0.0043550697
1174,1,0,-1.6390896,-1.6217585,-1.5007200440202109,0.13836956,0.019146135
1175,1,0,-1.4911427,-1.4678478,-1.4466617159014783,0.04448104,0.001978563
1176,1,0,-1.4381013,-1.413178,-1.369338683565231,0.06876266,0.0047283033
1177,1,0,-1.3619843,-1.3351798,-1.505860519538763,0.14387631,0.020700393
1178,1,0,-1.4961791,-1.4730515,-1.4013901905467367,0.09478891,0.008984937
1179,1,0,-1.3935709,-1.3674831,-1.563726275942412,0.1701554,0.028952863
1180,1,0,-1.5527768,-1.5317063,-1.5287600862005135,0.024016738,0.0005768037
1181,1,0,-1.5185976,-1.4962482,-1.526673904632179,0.00807631,6.5226784e-05
1182,1,0,-1.5165563,-1.4941344,-1.5240228979889157,0.007466674,5.5751218e-05
1183,1,0,-1.5139618,-1.4914474,-1.5833592078430057,0.06939745,0.004816006
1184,1,0,-1.5719385,-1.5516357,-1.5922744941472526,0.020336032,0.0004135542
1185,1,0,-1.5806332,-1.5606899,-1.72954680003659,0.14891362,0.022175267
1186,1,0,-1.7139587,-1.7004776,-1.703119175564888,0.0108395815,0.00011749653
1187,1,0,-1.688374,-1.6735125,-1.7817170364849888,0.09334302,0.008712919
1188,1,0,-1.767108,-1.7537804,-1.6818819715049198,0.08522594,0.0072634607
1189,1,0,-1.6677837,-1.6518612,-1.852373452515251,0.18458974,0.034073375
1190,1,0,-1.8416395,-1.8261232,-1.881348753771096,0.03970921,0.0015768214
1191,1,0,-1.8721929,-1.8558388,-1.8575489278248185,0.014643908,0.00021444402
1192,1,0,-1.8470979,-1.831429,-1.757173369990788,0.089924455,0.008086408
1193,1,0,-1.74121,-1.7286925,-1.830720348581488,0.08951032,0.008012097
1194,1,0,-1.8188028,-1.8039346,-1.8351862104434409,0.01638341,0.0002684161
1195,1,0,-1.8235135,-1.8085089,-2.0485298768585114,0.22501636,0.05063236
1196,1,0,-2.0482645,-2.027832,-2.004598773573304,0.043665648,0.0019066888
1197,1,0,-2.0020394,-1.9825492,-2.030697959219964,0.028658628,0.00082131696
1198,1,0,-2.0295062,-2.0094438,-2.043956155289216,0.014449835,0.00020879773
1199,1,0,-2.0434542,-2.0231147,-2.1225734586556984,0.079119205,0.006259849
1200,1,0,-2.126089,-2.1042905,-2.1585954549800253,0.032506466,0.0010566703
1201,1,0,-2.1639051,-2.1415467,-2.3103725726613984,0.14646745,0.021452714
1202,1,0,-2.3228545,-2.2989392,-2.246735995606837,0.07611847,0.0057940213
1203,1,0,-2.2562928,-2.2328691,-2.2071257759233878,0.049167156,0.0024174093
1204,1,0,-2.2148008,-2.1918006,-2.1843339794528784,0.030466795,0.0009282256
1205,1,0,-2.190905,-2.1681914,-2.2306981928462037,0.039793015,0.001583484
1206,1,0,-2.2394986,-2.2162352,-2.426909185200745,0.1874106,0.03512273
1207,1,0,-2.444388,-2.4202137,-2.617457770940192,0.17306995,0.02995321
1208,1,0,-2.641916,-2.619235,-2.4925932252654097,0.14932275,0.022297284
1209,1,0,-2.5126579,-2.4887211,-2.596792168943914,0.08413434,0.007078587
1210,1,0,-2.6205735,-2.5976095,-2.63504760747806,0.0144741535,0.00020950112
1211,1,0,-2.6600645,-2.6376483,-2.492578636440354,0.16748571,0.028051464
1212,1,0,-2.5126426,-2.4887068,-2.5308291196980943,0.01818657,0.0003307513
1213,1,0,-2.5523148,-2.5286486,-2.328267316402604,0.22404742,0.050197247
1214,1,0,-2.341548,-2.3175373,-2.3112059946567207,0.030341864,0.00092062866
1215,1,0,-2.3237252,-2.2998052,-2.3463426152712867,0.02261734,0.00051154406
1216,1,0,-2.3604193,-2.3363338,-2.4552847150407344,0.09486556,0.008999474
1217,1,0,-2.4739025,-2.4497967,-2.397652698055328,0.07624984,0.0058140378
1218,1,0,-2.4139245,-2.3897347,-2.4740292883109207,0.060104847,0.0036125926
1219,1,0,-2.4933817,-2.4693494,-2.325222786787993,0.16815901,0.028277451
1220,1,0,-2.3383684,-2.314374,-2.242005043288996,0.096363306,0.009285887
1221,1,0,-2.25134,-2.2279615,-2.220259484762238,0.031080484,0.0009659965
1222,1,0,-2.2285633,-2.2054124,-2.429351515811972,0.20078826,0.040315926
1223,1,0,-2.44693,-2.4227602,-2.612135949344089,0.16520596,0.027293008
1224,1,0,-2.6364217,-2.6136653,-2.626350980577066,0.010070801,0.00010142103
1225,1,0,-2.6510937,-2.628543,-2.464212291279186,0.18688154,0.034924712
1226,1,0,-2.483182,-2.4591079,-2.4377765001501333,0.045405388,0.0020616492
1227,1,0,-2.4556954,-2.4315414,-2.3993938005105218,0.056301594,0.0031698695
1228,1,0,-2.415738,-2.391548,-2.4517986604434583,0.03606057,0.0013003648
1229,1,0,-2.4702785,-2.44616,-2.4385731253829657,0.03170538,0.001005231
1230,1,0,-2.4565244,-2.4323723,-2.577650556979892,0.121126175,0.01467155
1231,1,0,-2.6007872,-2.577588,-2.621730862986823,0.020943642,0.00043863614
1232,1,0,-2.6463265,-2.6237068,-2.642609416150185,0.003717184,1.3817457e-05
1233,1,0,-2.6678622,-2.6455667,-2.6858750668208065,0.018013,0.0003244682
1234,1,0,-2.712419,-2.6908922,-2.553136061270138,0.15928292,0.025371049
1235,1,0,-2.5754216,-2.5519586,-2.556364350381807,0.019057274,0.0003631797
1236,1,0,-2.5787625,-2.5553324,-2.527655492631647,0.05110693,0.0026119184
1237,1,0,-2.5490255,-2.5253334,-2.5280916296932223,0.020933867,0.00043822677
1238,1,0,-2.549478,-2.5257888,-2.442792154291402,0.10668588,0.011381877
1239,1,0,-2.4609127,-2.4367702,-2.4099754112469998,0.050937176,0.0025945958
1240,1,0,-2.4267597,-2.4025705,-2.6449855449065165,0.21822572,0.047622465
1241,1,0,-2.6703115,-2.6480541,-2.654258752407745,0.016052723,0.0002576899
1242,1,0,-2.6798687,-2.657767,-2.4738102745597867,0.2060585,0.042460106
1243,1,0,-2.4931536,-2.4691205,-2.4839431655127644,0.009210348,8.483051e-05
1244,1,0,-2.5036776,-2.4796934,-2.555273767806641,0.051596165,0.0026621642
1245,1,0,-2.5776334,-2.5541925,-2.5972949745363367,0.019661665,0.00038658106
1246,1,0,-2.621093,-2.5981348,-2.5451382244047225,0.075954914,0.005769149
1247,1,0,-2.5671391,-2.5435998,-2.5763076994493894,0.009168625,8.406368e-05
1248,1,0,-2.5993977,-2.5761833,-2.534356395905515,0.0650413,0.004230371
1249,1,0,-2.55597,-2.5323343,-2.602826701876287,0.04685664,0.0021955448
1250,1,0,-2.6268077,-2.6039238,-2.579626044248899,0.047181606,0.002226104
1251,1,0,-2.60283,-2.5796542,-2.777797248616751,0.17496729,0.030613553
1252,1,0,-2.8067505,-2.7873178,-2.6926195694215425,0.114130974,0.013025879
1253,1,0,-2.7193568,-2.6979618,-2.81514146011279,0.095784664,0.009174702
1254,1,0,-2.844936,-2.8265378,-2.7337638794245698,0.11117196,0.012359205
1255,1,0,-2.7616215,-2.7411063,-2.775200736087829,0.013579369,0.00018439925
1256,1,0,-2.804092,-2.784592,-2.861839056690872,0.057747126,0.0033347306
1257,1,0,-2.8925679,-2.875615,-2.741534400661998,0.1510334,0.022811089
1258,1,0,-2.7695935,-2.7492588,-2.761463877705193,0.008129597,6.6090346e-05
1259,1,0,-2.7900233,-2.770172,-2.729401100925096,0.060622215,0.003675053
1260,1,0,-2.757144,-2.73653,-2.9366831353831926,0.1795392,0.032234326
1261,1,0,-2.9686255,-2.9543483,-2.855071704235799,0.11355376,0.012894457
1262,1,0,-2.8856733,-2.8685002,-2.782326874273787,0.10334635,0.010680468
1263,1,0,-2.8113866,-2.792074,-2.910452895363356,0.09906626,0.009814124
1264,1,0,-2.9420102,-2.926745,-2.97719747986677,0.035187244,0.0012381421
1265,1,0,-3.0096436,-2.9970043,-2.9418210502838624,0.06782246,0.0045998855
1266,1,0,-2.973833,-2.959757,-2.8886194191621044,0.08521366,0.007261368
1267,1,0,-2.9198232,-2.903776,-2.840988043705526,0.07883501,0.006214959
1268,1,0,-2.8713164,-2.853696,-2.6439212617196675,0.22739506,0.051708512
1269,1,0,-2.669214,-2.6469393,-2.5879408996089124,0.08127308,0.006605313
1270,1,0,-2.611426,-2.58835,-2.632017877605532,0.020591736,0.00042401958
1271,1,0,-2.6569395,-2.6344764,-2.5427369814341665,0.1142025,0.013042211
1272,1,0,-2.564652,-2.541091,-2.4672038368368785,0.09744811,0.009496135
1273,1,0,-2.48629,-2.4622276,-2.558468173520174,0.072178125,0.0052096816
1274,1,0,-2.580941,-2.5575318,-2.7554386492442804,0.1744976,0.030449415
1275,1,0,-2.7838488,-2.7638493,-2.7656113823962145,0.018237352,0.00033260102
1276,1,0,-2.7942722,-2.7745261,-2.646323540643876,0.14794874,0.02188883
1277,1,0,-2.671691,-2.649455,-2.6651892810129403,0.0065016747,4.2271775e-05
1278,1,0,-2.6911283,-2.6692173,-2.792060233222444,0.10093188,0.010187245
1279,1,0,-2.8213444,-2.8022947,-2.858852767213309,0.037508488,0.0014068866
1280,1,0,-2.8895261,-2.8724756,-2.6892487932458278,0.20027733,0.04011101
1281,1,0,-2.715889,-2.6944282,-2.721295354083661,0.0054063797,2.922894e-05
1282,1,0,-2.7488236,-2.728029,-2.6649584038513887,0.083865166,0.0070333662
1283,1,0,-2.690891,-2.6689754,-2.5257593500742184,0.16513157,0.027268436
1284,1,0,-2.5470607,-2.5233533,-2.5994674933775195,0.052406788,0.0027464714
1285,1,0,-2.6233375,-2.6004088,-2.646413738788836,0.023076296,0.0005325154
1286,1,0,-2.6717837,-2.64955,-2.679728847021811,0.007945061,6.312399e-05
1287,1,0,-2.7060952,-2.684451,-2.672019524282847,0.034075737,0.0011611559
1288,1,0,-2.6981606,-2.6763728,-2.704747117849792,0.0065865517,4.3382664e-05
1289,1,0,-2.7318234,-2.7106752,-2.9070892650724387,0.17526579,0.030718097
1290,1,0,-2.9385946,-2.9232056,-2.906397385302645,0.032197237,0.001036662
1291,1,0,-2.9378915,-2.9224775,-2.874946849941867,0.06294465,0.0039620292
1292,1,0,-2.9059136,-2.8893974,-2.9355901695099225,0.029676676,0.0008807051
1293,1,0,-2.9675162,-2.9531977,-2.9714385704603683,0.0039224625,1.538571e-05
1294,1,0,-3.0038195,-2.9909399,-2.9234455241367696,0.080374,0.0064599803
1295,1,0,-2.9551992,-2.9404163,-3.00794296337428,0.052743673,0.002781895
1296,1,0,-3.0406966,-3.0293913,-3.013771089500455,0.026925564,0.00072498596
1297,1,0,-3.0465763,-3.035532,-3.0775109011130386,0.030934572,0.00095694774
1298,1,0,-3.1107173,-3.1027198,-3.1181441219718,0.0074267387,5.5156448e-05
1299,1,0,-3.1514533,-3.1455762,-3.03699673083708,0.114456415,0.013100271
1300,1,0,-3.0699823,-3.0600076,-2.9424013287451927,0.12758088,0.016276881
1301,1,0,-2.974421,-2.960367,-2.911834906376995,0.06258607,0.003917016
1302,1,0,-2.9434142,-2.9281988,-3.049863502602737,0.106449366,0.011331468
1303,1,0,-3.0829318,-3.07357,-2.9824125751421,0.10051918,0.010104106
1304,1,0,-3.0149148,-3.0024967,-2.984982486047932,0.02993226,0.00089594023
1305,1,0,-3.017513,-3.005203,-2.8812499964625164,0.13626313,0.01856764
1306,1,0,-2.912328,-2.8960266,-2.74149370849788,0.1708343,0.029184358
1307,1,0,-2.7695515,-2.7492168,-2.6722834342525115,0.097268105,0.009461084
1308,1,0,-2.6984322,-2.676649,-2.551912647860328,0.14651966,0.021468012
1309,1,0,-2.5741544,-2.5506802,-2.618988109368139,0.04483366,0.002010057
1310,1,0,-2.6434956,-2.6208358,-2.6467350214388623,0.0032393932,1.0493669e-05
1311,1,0,-2.6721156,-2.6498866,-2.7151368309604926,0.043021202,0.0018508239
1312,1,0,-2.7424984,-2.7215705,-2.649165444571291,0.093333006,0.00871105
1313,1,0,-2.6746202,-2.6524317,-2.553814474341557,0.12080574,0.014594027
1314,1,0,-2.576123,-2.552667,-2.608154353331755,0.032031298,0.0010260041
1315,1,0,-2.63231,-2.6094983,-2.4522868958200505,0.18002295,0.032408264
1316,1,0,-2.4707856,-2.4466698,-2.359296206009295,0.111489296,0.012429863
1317,1,0,-2.3739362,-2.3498082,-2.2253304106029006,0.14860582,0.02208369
1318,1,0,-2.2338762,-2.2106705,-2.1716619238839723,0.062214375,0.0038706283
1319,1,0,-2.1776142,-2.1550708,-2.167402345731809,0.010211945,0.00010428381
1320,1,0,-2.1731462,-2.1506615,-2.2326251971861986,0.059479,0.0035377513
1321,1,0,-2.241517,-2.218233,-2.2000306473916886,0.0414865,0.0017211299
1322,1,0,-2.2073646,-2.1844497,-2.2493681762237383,0.04200363,0.001764305
1323,1,0,-2.259049,-2.2355986,-2.2846498280815606,0.02560091,0.0006554066
1324,1,0,-2.2959652,-2.2722192,-2.292404346598518,0.0035607815,1.2679165e-05
1325,1,0,-2.3040733,-2.280272,-2.298884798707972,0.005188465,2.692017e-05
1326,1,0,-2.3108492,-2.287004,-2.313728757836154,0.0028796196,8.292209e-06
1327,1,0,-2.3263617,-2.3024263,-2.277605341732629,0.04875636,0.0023771827
1328,1,0,-2.2885976,-2.2649045,-2.328269728168605,0.039672136,0.0015738785
1329,1,0,-2.3415504,-2.3175406,-2.2687015183384123,0.0728488,0.005306947
1330,1,0,-2.2792826,-2.2556615,-2.1660160070147167,0.11326647,0.012829293
1331,1,0,-2.171692,-2.1492267,-2.110864756714829,0.060827255,0.003699955
1332,1,0,-2.1137905,-2.0921893,-2.205669018863316,0.091878414,0.008441643
1333,1,0,-2.213274,-2.190292,-2.168715327703516,0.044558764,0.0019854833
1334,1,0,-2.1745234,-2.152021,-2.1324266618743746,0.042096615,0.001772125
1335,1,0,-2.136436,-2.1144776,-2.2007539876319413,0.06431794,0.0041367975
1336,1,0,-2.2081218,-2.1851993,-2.1483644405219344,0.059757233,0.0035709268
1337,1,0,-2.1531668,-2.130962,-1.8649055844475344,0.28826118,0.08309451
1338,1,0,-1.8548551,-1.8389711,-1.635842542098696,0.2190125,0.047966473
1339,1,0,-1.6230626,-1.6049819,-1.7465424547954411,0.12347984,0.015247271
1340,1,0,-1.730391,-1.7178311,-1.9286400213793728,0.19824898,0.03930266
1341,1,0,-1.9220395,-1.9043984,-1.9305730450157217,0.008533478,7.282024e-05
1342,1,0,-1.9240756,-1.9063854,-1.9485592179970137,0.024483562,0.0005994448
1343,1,0,-1.9430265,-1.9248738,-1.9349562531525808,0.0080702305,6.512862e-05
1344,1,0,-1.9286947,-1.9108896,-2.0131827109944265,0.084487915,0.0071382076
1345,1,0,-2.011075,-1.9913921,-1.9107643507544532,0.10031068,0.010062234
1346,1,0,-1.9032006,-1.8860354,-1.9155555149568828,0.012354851,0.00015264234
1347,1,0,-1.9082508,-1.8909554,-1.7558640852154213,0.15238667,0.023221696
1348,1,0,-1.7398291,-1.727354,-1.7497929412774598,0.00996387,9.927871e-05
1349,1,0,-1.7335315,-1.7211518,-1.5658030220182448,0.16772842,0.028132824
1350,1,0,-1.5548038,-1.5338144,-1.7133126821899651,0.15850878,0.025125032
1351,1,0,-1.6982465,-1.6839099,-1.699206320913623,0.0009598732,9.2135656e-07
1352,1,0,-1.6845822,-1.6695213,-1.7226430473956151,0.038060784,0.0014486233
1353,1,0,-1.7072783,-1.69343,-1.677056262420204,0.03022194,0.0009133656
1354,1,0,-1.6631021,-1.646944,-1.6186616590311615,0.044440508,0.0019749587
1355,1,0,-1.6063433,-1.5875072,-1.5129368098024898,0.09340644,0.008724763
1356,1,0,-1.5031095,-1.4802184,-1.364292132615672,0.13881731,0.019270245
1357,1,0,-1.3570065,-1.3300982,-1.1728774885530973,0.18412912,0.03390353
1358,1,0,-1.1673694,-1.1380854,-1.0303119398789369,0.13705742,0.018784737
1359,1,0,-1.0251646,-0.99606895,-0.930044997254348,0.095119596,0.009047737
1360,1,0,-0.92472076,-0.8967147,-1.0885923060975786,0.16387153,0.026853878
1361,1,0,-1.0833888,-1.0540199,-1.174652670104125,0.09126389,0.008329098
1362,1,0,-1.1691351,-1.1398597,-1.239245768253122,0.07011068,0.004915507
1363,1,0,-1.2332988,-1.2044916,-1.2044446982485215,0.028854132,0.00083256094
1364,1,0,-1.1987505,-1.1696482,-1.3029393185114575,0.1041888,0.010855306
1365,1,0,-1.2963972,-1.2683907,-1.3947211974185372,0.09832394,0.009667598
1366,1,0,-1.3870025,-1.3607578,-1.4650238853102078,0.07802141,0.00608734
1367,1,0,-1.4561343,-1.4317355,-1.3731123184373004,0.083022,0.0068926523
1368,1,0,-1.365706,-1.3389812,-1.427557512217458,0.0618515,0.0038256082
1369,1,0,-1.4193215,-1.3938856,-1.2628420451758515,0.15647948,0.024485826
1370,1,0,-1.2566948,-1.2281446,-1.3338165135636482,0.077121735,0.005947762
1371,1,0,-1.3269219,-1.299427,-1.2967728526309044,0.030149102,0.0009089684
1372,1,0,-1.2902966,-1.2621975,-1.2403361264745252,0.049960375,0.002496039
1373,1,0,-1.2343812,-1.205584,-1.067524084095675,0.16685712,0.0278413
1374,1,0,-1.0623541,-1.0330544,-1.149957230749601,0.08760309,0.007674302
1375,1,0,-1.1445589,-1.1151958,-1.049742180690019,0.094816685,0.008990204
1376,1,0,-1.044589,-1.0153737,-1.1617439644512295,0.117154956,0.013725284
1377,1,0,-1.1562915,-1.1269641,-1.1845755119904915,0.028284073,0.0007999888
1378,1,0,-1.1790023,-1.1497765,-1.1890031530031528,0.010000825,0.0001000165
1379,1,0,-1.1834044,-1.1542029,-1.1251918247484642,0.058212638,0.0033887113
1380,1,0,-1.1198893,-1.0904875,-1.2506127160674865,0.13072348,0.017088627
1381,1,0,-1.2445722,-1.2158833,-1.3114562761832138,0.06688416,0.0044734906
1382,1,0,-1.3048215,-1.2769475,-1.3951987422943892,0.09037721,0.008168041
1383,1,0,-1.3874726,-1.3612409,-1.3099908771714943,0.07748175,0.0060034213
1384,1,0,-1.3033719,-1.275476,-1.4320548873177683,0.12868297,0.016559307
1385,1,0,-1.4237447,-1.3984265,-1.4865727834553475,0.062828064,0.0039473656
1386,1,0,-1.4772763,-1.4535294,-1.6377794473722895,0.16050315,0.025761262
1387,1,0,-1.6249466,-1.6069531,-1.753241425475106,0.12829483,0.016459562
1388,1,0,-1.7370615,-1.7246742,-1.8260869808510467,0.0890255,0.007925539
1389,1,0,-1.8139162,-1.7991881,-1.8124321199474585,0.0014840364,2.2023642e-06
1390,1,0,-1.7995129,-1.7852068,-1.6918087577076042,0.10770416,0.011600187
1391,1,0,-1.677412,-1.6619792,-1.6097470250410495,0.06766498,0.0045785494
1392,1,0,-1.597662,-1.5784445,-1.69075881651852,0.09309685,0.008667024
1393,1,0,-1.6763935,-1.6609092,-1.771862359348491,0.09546888,0.009114306
1394,1,0,-1.75671,-1.7437043,-1.90982624912688,0.15311623,0.023444578
1395,1,0,-1.9022126,-1.8850713,-1.8454086573126336,0.05680394,0.003226688
1396,1,0,-1.8342943,-1.818984,-1.99359383284167,0.1592995,0.02537633
1397,1,0,-1.9904552,-1.9712152,-1.9356095602042125,0.05484557,0.0030080366
1398,1,0,-1.9293833,-1.9115615,-1.8636871367455927,0.06569612,0.0043159802
1399,1,0,-1.8535705,-1.8377218,-1.732897578560074,0.12067294,0.014561959
1400,1,0,-1.7171998,-1.7038975,-1.8666201278322951,0.14942038,0.02232645
1401,1,0,-1.8566632,-1.8407288,-1.7164513881598902,0.14021182,0.019659355
1402,1,0,-1.7012858,-1.6871128,-1.7388177355574843,0.037531853,0.00140864
1403,1,0,-1.7229242,-1.7099419,-1.6451193580158758,0.07780492,0.006053606
1404,1,0,-1.6320834,-1.6144223,-1.5856598054790298,0.046423554,0.0021551463
1405,1,0,-1.5741825,-1.5539713,-1.5692173507468477,0.004965186,2.4653073e-05
1406,1,0,-1.5581379,-1.5372791,-1.7113788625237143,0.15324092,0.023482779
1407,1,0,-1.6963739,-1.6819372,-1.933418771380332,0.23704481,0.05619024
1408,1,0,-1.9270749,-1.9093094,-1.9861310613861785,0.059056163,0.0034876303
1409,1,0,-1.9825969,-1.963531,-2.0093127994801305,0.026715994,0.0007137443
1410,1,0,-2.0070014,-1.9874053,-1.8265982873567568,0.18040311,0.032545283
1411,1,0,-1.8144546,-1.7997122,-1.8807096751419543,0.06625509,0.0043897373
1412,1,0,-1.8715191,-1.8551822,-1.8722356927637092,0.00071656704,5.134683e-07
1413,1,0,-1.8625836,-1.8464885,-1.807407505620107,0.05517614,0.0030444064
1414,1,0,-1.7942114,-1.7800641,-1.9256736532496357,0.13146222,0.017282315
1415,1,0,-1.9189134,-1.9013505,-1.8845640482278707,0.034349322,0.0011798759
1416,1,0,-1.8755827,-1.8591375,-1.6697597641223163,0.20582294,0.042363085
1417,1,0,-1.6560202,-1.6395106,-1.5141097084499524,0.14191043,0.020138571
1418,1,0,-1.5042577,-1.4814057,-1.4546735223643,0.04958415,0.002458588
1419,1,0,-1.4459715,-1.4212737,-1.5860691990530895,0.14009774,0.019627376
1420,1,0,-1.5745826,-1.554388,-1.533268702711709,0.041313887,0.0017068372
1421,1,0,-1.5230088,-1.5008178,-1.5691316837219969,0.04612291,0.0021273226
1422,1,0,-1.558054,-1.5371919,-1.6317644609239634,0.07371044,0.0054332293
1423,1,0,-1.6190953,-1.6008334,-1.6242345471890776,0.0051392317,2.6411702e-05
1424,1,0,-1.6117687,-1.593174,-1.721240865398717,0.109472156,0.011984153
1425,1,0,-1.7059221,-1.6920004,-1.6777210155469824,0.028201103,0.0007953022
1426,1,0,-1.6637473,-1.6476216,-1.6165673551038555,0.047179937,0.0022259464
1427,1,0,-1.6043043,-1.5853782,-1.6069014262638,0.0025970936,6.744895e-06
1428,1,0,-1.5948901,-1.5755534,-1.7308671807687466,0.13597703,0.018489752
1429,1,0,-1.7152362,-1.7018256,-1.83440226813508,0.119166136,0.014200568
1430,1,0,-1.8226862,-1.8077059,-1.815428699779432,0.0072574615,5.2670748e-05
1431,1,0,-1.8026724,-1.7882743,-1.9338640958001465,0.13119173,0.01721127
1432,1,0,-1.9275441,-1.9097681,-1.873663943865714,0.053880215,0.0029030775
1433,1,0,-1.8640895,-1.8479552,-1.9587820044462303,0.09469247,0.008966664
1434,1,0,-1.9537954,-1.9353881,-1.858932659734875,0.09486282,0.008998955
1435,1,0,-1.8485565,-1.8328462,-1.804332832211755,0.044223666,0.0019557327
1436,1,0,-1.7909675,-1.7769175,-1.823929792594214,0.032962322,0.0010865147
1437,1,0,-1.8116412,-1.7969794,-1.880816817433148,0.0691756,0.004785264
1438,1,0,-1.8716316,-1.8552928,-1.785442424690066,0.08618915,0.0074285697
1439,1,0,-1.771038,-1.7575908,-1.758057866105668,0.012980223,0.00016848618
1440,1,0,-1.7421441,-1.7295947,-1.633108745478113,0.10903537,0.011888713
1441,1,0,-1.6204028,-1.6022,-1.5095125921641888,0.11089027,0.0122966515
1442,1,0,-1.4997568,-1.4767494,-1.4019653118296531,0.09779155,0.009563188
1443,1,0,-1.3941374,-1.3680634,-1.258102551824983,0.13603485,0.01850548
1444,1,0,-1.251998,-1.2233906,-1.24173010465302,0.010267854,0.00010542882
1445,1,0,-1.235764,-1.2069807,-1.1881983341223998,0.0475657,0.0022624957
1446,1,0,-1.1826043,-1.153399,-1.1786351426221255,0.0039691925,1.575449e-05
1447,1,0,-1.1730962,-1.1438394,-0.9747982871597998,0.19829792,0.039322063
1448,1,0,-0.969594,-0.94100666,-1.1626896783493788,0.19309568,0.037285943
1449,1,0,-1.1572332,-1.1279082,-1.1843005769701485,0.027067304,0.00073263893
1450,1,0,-1.17873,-1.1495023,-1.2386636461538885,0.059933662,0.0035920439
1451,1,0,-1.2327213,-1.203908,-1.3602191690110574,0.12749779,0.016255688
1452,1,0,-1.3529882,-1.3259969,-1.1178268135948215,0.23516142,0.055300895
1453,1,0,-1.1125484,-1.0831442,-1.0700656470197494,0.042482734,0.0018047827
1454,1,0,-1.0648932,-1.0355821,-0.9969242013176922,0.067969024,0.0046197884
1455,1,0,-0.99175406,-0.96293736,-0.8713449898962216,0.12040907,0.014498345
1456,1,0,-0.8657689,-0.8387542,-0.7715083750374774,0.094260514,0.008885045
1457,1,0,-0.76527786,-0.74053335,-0.8280910928348062,0.06281322,0.003945501
1458,1,0,-0.8222642,-0.7961445,-0.7977829864533215,0.024481237,0.000599331
1459,1,0,-0.79174995,-0.7663388,-0.7954655789260929,0.0037156343,1.3805939e-05
1460,1,0,-0.78941584,-0.7640619,-0.6031737819736573,0.18624204,0.0346861
1461,1,0,-0.59528637,-0.5759635,-0.5394866316449534,0.055799723,0.003113609
1462,1,0,-0.53082275,-0.5140486,-0.471837920898718,0.058984846,0.003479212
1463,1,0,-0.4622755,-0.44849777,-0.6222082233327555,0.15993273,0.025578478
1464,1,0,-0.61453867,-0.5945053,-0.4475717038976547,0.16696697,0.027877972
1465,1,0,-0.43767118,-0.42503738,-0.3583758839881241,0.07929531,0.0062877457
1466,1,0,-0.3471694,-0.33905458,-0.5059459174877183,0.15877652,0.025209984
1467,1,0,-0.49684572,-0.48152018,-0.6232792665507807,0.12643355,0.015985442
1468,1,0,-0.61562204,-0.59555054,-0.50881239078028,0.106809676,0.011408307
1469,1,0,-0.49974918,-0.48429775,-0.4299457011043568,0.06980348,0.004872525
1470,1,0,-0.41979456,-0.4080162,-0.4207673709337891,0.0009728074,9.4635425e-07
1471,1,0,-0.41048384,-0.39915705,-0.4152189677067364,0.004735142,2.242157e-05
1472,1,0,-0.40485477,-0.3938036,-0.407973703372515,0.0031189322,9.727738e-06
1473,1,0,-0.39750385,-0.38681746,-0.5894956478682953,0.1919918,0.036860853
1474,1,0,-0.5814476,-0.5626497,-0.5227875379055691,0.05866009,0.0034410062
1475,1,0,-0.5139084,-0.49784708,-0.5711277775378507,0.057219386,0.0032740582
1476,1,0,-0.56285906,-0.5447855,-0.5100166061803844,0.05284244,0.0027923232
1477,1,0,-0.5009699,-0.48546505,-0.4804194906814345,0.0205504,0.00042231893
1478,1,0,-0.47097492,-0.45680094,-0.4360186675926769,0.034956247,0.0012219392
1479,1,0,-0.42595434,-0.41387844,-0.5409394252038506,0.11498511,0.013221575
1480,1,0,-0.5322933,-0.51546,-0.7470251912876762,0.21473187,0.046109777
1481,1,0,-0.7405939,-0.71651506,-0.6673153291818723,0.073278606,0.005369754
1482,1,0,-0.66013336,-0.6385145,-0.6091578881945523,0.0509755,0.0025985017
1483,1,0,-0.6013398,-0.5817909,-0.5716564257128312,0.029683411,0.0008811049
1484,1,0,-0.56339407,-0.54529905,-0.5552244933499146,0.008169591,6.674222e-05
1485,1,0,-0.5467591,-0.52933073,-0.3248208116162132,0.22193831,0.049256615
1486,1,0,-0.31310225,-0.30680943,-0.3128771675001589,0.00022506714,5.0655217e-08
1487,1,0,-0.30097342,-0.29534578,-0.3852787468766703,0.084305346,0.0071073915
1488,1,0,-0.37447548,-0.3649459,-0.2946631142034288,0.07981238,0.0063700154
1489,1,0,-0.28247595,-0.27787733,-0.2364427780281,0.046033174,0.0021190532
1490,1,0,-0.22333527,-0.22215319,-0.175071897894127,0.04826337,0.002329353
1491,1,0,-0.16097593,-0.1636014,-0.2520874342806571,0.09111151,0.008301307
1492,1,0,-0.23922873,-0.23710966,-0.1719148148893179,0.06731391,0.0045311623
1493,1,0,-0.15776825,-0.16059351,-0.2330823053704724,0.07531406,0.0056722076
1494,1,0,-0.21992064,-0.2189436,-0.3834975252786909,0.1635769,0.026757402
1495,1,0,-0.3726678,-0.36323023,-0.1445233448618763,0.22814445,0.05204989
1496,1,0,-0.1299305,-0.1345272,-0.1512389518439576,0.021308452,0.0004540501
1497,1,0,-0.13675642,-0.14091492,-0.2161252750646554,0.07936886,0.006299416
1498,1,0,-0.20269156,-0.20274639,-0.156864501155912,0.04582706,0.0021001196
1499,1,0,-0.14247227,-0.14626646,-0.0140325412610167,0.12843972,0.016496763
1500,1,0,0.003230095,-0.010882378,-0.0246569869713715,0.027887082,0.00077768933
1501,1,0,-0.0076241493,-0.020916939,0.0065874448075442,0.014211594,0.00020196941
1502,1,0,0.024292946,0.008571625,-0.0084783900829341,0.032771334,0.0010739603
1503,1,0,0.00890398,-0.0056409836,-0.074033043831454,0.082937025,0.00687855
1504,1,0,-0.058072567,-0.06762457,-0.1325983690686154,0.0745258,0.0055540954
1505,1,0,-0.11781216,-0.12319088,-0.2335162501611778,0.11570409,0.013387436
1506,1,0,-0.22036076,-0.21935797,-0.3091625154123694,0.08880177,0.007885755
1507,1,0,-0.29720163,-0.2917819,-0.317776033862998,0.02057439,0.00042330555
1508,1,0,-0.3059492,-0.30004692,-0.3470854229577602,0.041136205,0.0016921874
1509,1,0,-0.3357072,-0.32819796,-0.3004504623992101,0.035256714,0.0012430359
1510,1,0,-0.28835392,-0.28342533,-0.3234812350962226,0.035127312,0.001233928
1511,1,0,-0.31174135,-0.30552244,-0.3348976836117021,0.023156345,0.0005362163
1512,1,0,-0.32333374,-0.31648636,-0.3833334804348975,0.059999734,0.003599968
1513,1,0,-0.37250137,-0.36307192,-0.4035285468246634,0.031027168,0.00096268515
1514,1,0,-0.39299393,-0.3825302,-0.2432002844126053,0.14979364,0.022438135
1515,1,0,-0.23020029,-0.22861242,-0.1206244830848177,0.10957581,0.012006857
1516,1,0,-0.10564327,-0.11181593,-0.0447281975257327,0.060915075,0.0037106464
1517,1,0,-0.028130054,-0.039886475,-0.1187553781147441,0.09062532,0.008212949
1518,1,0,-0.10374403,-0.110040665,-0.2494302483013086,0.14568622,0.021224476
1519,1,0,-0.23652887,-0.23456955,-0.3140154150823164,0.077486545,0.0060041645
1520,1,0,-0.30212975,-0.29643774,-0.5285869034148085,0.22645718,0.051282853
1521,1,0,-0.5197835,-0.5034723,-0.492684239342763,0.027099252,0.00073436945
1522,1,0,-0.48340607,-0.4686737,-0.4073689726291398,0.07603711,0.005781642
1523,1,0,-0.39689112,-0.38623476,-0.3849955709246586,0.011895537,0.00014150381
1524,1,0,-0.37418795,-0.3646741,-0.51311576425966,0.13892782,0.019300938
1525,1,0,-0.50411034,-0.48847008,-0.5940303017515216,0.089919984,0.008085604
1526,1,0,-0.5860367,-0.56706285,-0.5247168792846617,0.061319828,0.0037601213
1527,1,0,-0.515862,-0.4997182,-0.3868807423621305,0.12898123,0.01663616
1528,1,0,-0.37610197,-0.36648846,-0.312582581858547,0.06351939,0.004034713
1529,1,0,-0.30067444,-0.29506302,-0.3986867661289421,0.09801233,0.009606416
1530,1,0,-0.38808203,-0.37786484,-0.4055492872129482,0.01746726,0.00030510518
1531,1,0,-0.39504433,-0.38447952,-0.2486752572712083,0.14636907,0.021423904
1532,1,0,-0.2357626,-0.23384666,-0.2427506906358649,0.0069880933,4.8833448e-05
1533,1,0,-0.22974396,-0.2281828,-0.4358284646264412,0.20608452,0.042470828
1534,1,0,-0.42576075,-0.4136939,-0.5010097481870392,0.07524902,0.0056624142
1535,1,0,-0.4918437,-0.4767375,-0.5647440472359513,0.072900355,0.005314462
1536,1,0,-0.55639696,-0.53857994,-0.6181418530280522,0.06174487,0.0038124288
1537,1,0,-0.6104269,-0.59054327,-0.7766016507606723,0.16617477,0.027614053
1538,1,0,-0.77041054,-0.74553394,-0.6309731706788044,0.13943738,0.019442782
1539,1,0,-0.62340164,-0.60305023,-0.7347454415005625,0.1113438,0.012397442
1540,1,0,-0.72820807,-0.7044802,-0.9523993832025396,0.22419131,0.050261743
1541,1,0,-0.9471431,-0.9188266,-1.0973598841296752,0.15021682,0.022565093
1542,1,0,-1.0921373,-1.0627503,-1.200494440477888,0.10835707,0.011741255
1543,1,0,-1.1948256,-1.1656957,-1.411498944381309,0.21667325,0.0469473
1544,1,0,-1.403523,-1.3776789,-1.317102940238719,0.08642006,0.0074684266
1545,1,0,-1.3104043,-1.2826219,-1.2002193726356625,0.11018491,0.012140714
1546,1,0,-1.1945529,-1.165421,-1.1674278751464984,0.027125001,0.0007357657
1547,1,0,-1.1619473,-1.1326418,-1.0932259405931273,0.068721294,0.004722616
1548,1,0,-1.0880127,-1.0586343,-1.1814427836519306,0.09343004,0.008729173
1549,1,0,-1.1758885,-1.1466455,-1.2023182054172086,0.026429653,0.00069852656
1550,1,0,-1.1966381,-1.16752,-1.3213518248186924,0.12471366,0.015553497
1551,1,0,-1.3146048,-1.2868938,-1.2939750310316889,0.020629764,0.00042558715
1552,1,0,-1.2875276,-1.259387,-1.2842919652804756,0.0032355785,1.0468969e-05
1553,1,0,-1.2779422,-1.2496657,-1.4114841055337486,0.13354194,0.01783345
1554,1,0,-1.4035082,-1.3776646,-1.4320911194629726,0.02858293,0.0008169839
1555,1,0,-1.4237804,-1.3984628,-1.304311767265773,0.11946869,0.014272768
1556,1,0,-1.2977552,-1.2697701,-1.3636008504229968,0.06584561,0.004335644
1557,1,0,-1.3563251,-1.329401,-1.4525423355791451,0.096217155,0.009257741
1558,1,0,-1.4438791,-1.4191203,-1.4679550727410948,0.024075985,0.0005796531
1559,1,0,-1.4590116,-1.4346981,-1.4908358180628491,0.03182423,0.0010127816
1560,1,0,-1.4814563,-1.4578433,-1.4725939709982423,0.008862257,7.85396e-05
1561,1,0,-1.4635649,-1.4393892,-1.3872344973012236,0.07633042,0.0058263335
1562,1,0,-1.3796263,-1.3532114,-1.4199219224649964,0.0402956,0.0016237354
1563,1,0,-1.4118114,-1.386178,-1.435958877958826,0.02414751,0.0005831023
1564,1,0,-1.4275827,-1.4023681,-1.3183442080194867,0.109238505,0.011933051
1565,1,0,-1.3116317,-1.2838702,-1.2090310862998823,0.102600574,0.010526878
1566,1,0,-1.2033062,-1.1742373,-1.2862114501076372,0.08290529,0.0068732877
1567,1,0,-1.2798429,-1.2515926,-1.1651066109287376,0.1147362,0.0131643955
1568,1,0,-1.1596384,-1.1303234,-1.313667341000718,0.15402889,0.0237249
1569,1,0,-1.3070078,-1.27917,-1.249758677999047,0.05724907,0.003277456
1570,1,0,-1.2437258,-1.2150273,-1.2014040760929916,0.042321682,0.0017911248
1571,1,0,-1.1957297,-1.1666055,-1.1852595152267045,0.010470271,0.00010962658
1572,1,0,-1.1796827,-1.1504607,-1.0540299858751894,0.12565279,0.015788624
1573,1,0,-1.0488749,-1.0196366,-0.942902767952562,0.10597211,0.011230089
1574,1,0,-0.93761873,-0.9094305,-0.8510789749649526,0.086539745,0.0074891276
1575,1,0,-0.84539175,-0.81877947,-0.9310883877052722,0.08569664,0.007343914
1576,1,0,-0.92576694,-0.8977456,-1.0047875012302665,0.0790205,0.0062442394
1577,1,0,-0.99962616,-0.97073555,-1.0407725723098211,0.041146398,0.001693026
1578,1,0,-1.0356236,-1.0064597,-0.9867415359810724,0.048882008,0.0023894506
1579,1,0,-0.98155785,-0.9528403,-1.0590674875127304,0.07750964,0.0060077445
1580,1,0,-1.0539083,-1.0246444,-1.0012887433573656,0.052619576,0.00276882
1581,1,0,-0.9961238,-0.9672642,-0.9437582778037292,0.05236554,0.0027421499
1582,1,0,-0.9384775,-0.91027594,-0.9331246300495604,0.0053529143,2.8653692e-05
1583,1,0,-0.9278102,-0.8997593,-0.798362424829274,0.12944776,0.016756723
1584,1,0,-0.7923341,-0.76690865,-0.7725073104047722,0.01982677,0.0003931008
1585,1,0,-0.766284,-0.7415137,-0.7281148190761817,0.038169146,0.0014568836
1586,1,0,-0.7215185,-0.6979842,-0.6255787693573804,0.095939755,0.009204437
1587,1,0,-0.6179471,-0.5977907,-0.453675461033221,0.16427165,0.026985176
1588,1,0,-0.44386005,-0.43093586,-0.5090287647641611,0.06516874,0.0042469646
1589,1,0,-0.49996853,-0.48450708,-0.60180427215478,0.10183573,0.010370515
1590,1,0,-0.59390116,-0.57463026,-0.6009458256512907,0.007044673,4.962742e-05
1591,1,0,-0.5930333,-0.5737953,-0.6500797403783993,0.057046413,0.0032542932
1592,1,0,-0.6427164,-0.62168694,-0.6068319077659439,0.0358845,0.0012876973
1593,1,0,-0.5989876,-0.5795264,-0.5225810568908553,0.07640654,0.0058379592
1594,1,0,-0.5137,-0.49764776,-0.6341049216689427,0.1204049,0.01449734
1595,1,0,-0.62656784,-0.6061034,-0.624313027782188,0.002254784,5.0840513e-06
1596,1,0,-0.6166682,-0.5965576,-0.616938958666573,0.0002707243,7.3291645e-08
1597,1,0,-0.60921,-0.5893717,-0.8348742364929898,0.2256642,0.05092433
1598,1,0,-0.8290906,-0.80282164,-0.902216866014049,0.07312626,0.0053474493
1599,1,0,-0.89678574,-0.86921835,-0.8832276620896282,0.01355809,0.0001838218
1600,1,0,-0.87770987,-0.8504758,-0.8138989990030314,0.063810885,0.004071829
1601,1,0,-0.80797863,-0.7821827,-0.7892681955955672,0.018710434,0.00035008034
1602,1,0,-0.7831731,-0.7579727,-0.605917850867197,0.17725521,0.03141941
1603,1,0,-0.598063,-0.57863617,-0.5422966763102925,0.055766344,0.0031098851
1604,1,0,-0.53366804,-0.51677656,-0.5310523390652948,0.0026156902,6.8418353e-06
1605,1,0,-0.5222802,-0.50586414,-0.5866331021262727,0.06435287,0.004141292
1606,1,0,-0.5785508,-0.559865,-0.5761691986824058,0.0023816228,5.672127e-06
1607,1,0,-0.5679617,-0.5496874,-0.517469106816435,0.050492585,0.0025495011
1608,1,0,-0.5085206,-0.4926901,-0.7203506863260758,0.21183008,0.044871982
1609,1,0,-0.7136841,-0.6903806,-0.7127621340575931,0.00092196465,8.500188e-07
1610,1,0,-0.7060261,-0.68295145,-0.6027468795627566,0.10327917,0.010666587
1611,1,0,-0.5948553,-0.57554865,-0.5439271381118971,0.050928175,0.0025936791
1612,1,0,-0.53531885,-0.5183592,-0.6333341776002497,0.09801531,0.009607
1613,1,0,-0.6257887,-0.6053519,-0.7589454574436676,0.13315678,0.017730728
1614,1,0,-0.75261354,-0.72820663,-0.7414372953759303,0.0111762285,0.00012490808
1615,1,0,-0.7349582,-0.7110386,-0.8203959793993807,0.085437834,0.0072996235
1616,1,0,-0.8145194,-0.78857327,-0.9950101510135134,0.18049073,0.032576904
1617,1,0,-0.9898381,-0.96103764,-0.8495642632250764,0.14027387,0.019676758
1618,1,0,-0.84386826,-0.8172879,-0.7790721121149646,0.06479615,0.004198541
1619,1,0,-0.7729001,-0.7479596,-0.6686739144853995,0.10422617,0.010863095
1620,1,0,-0.6615057,-0.63984203,-0.6746813884274712,0.013175666,0.00017359818
1621,1,0,-0.6675739,-0.64571047,-0.7073329924117466,0.03975904,0.0015807813
1622,1,0,-0.7005453,-0.67763805,-0.7473405119719905,0.04679519,0.0021897897
1623,1,0,-0.74091196,-0.716825,-0.6438260402826206,0.09708589,0.009425671
1624,1,0,-0.6363945,-0.6155858,-0.6411909925990225,0.004796505,2.300646e-05
1625,1,0,-0.63373184,-0.6130142,-0.6732300028756351,0.03949815,0.0015601038
1626,1,0,-0.66610813,-0.64429235,-0.6874085896455053,0.021300435,0.00045370855
1627,1,0,-0.68042946,-0.65814924,-0.6650355534479839,0.015393913,0.00023697256
1628,1,0,-0.65782976,-0.6362877,-0.6255276814962709,0.03230208,0.0010434245
1629,1,0,-0.6178956,-0.5977411,-0.6210666887496448,0.0031710863,1.0055788e-05
1630,1,0,-0.61338377,-0.59339285,-0.6781499384910346,0.06476617,0.0041946564
1631,1,0,-0.6710782,-0.64909935,-0.6289467627140217,0.042131424,0.0017750569
1632,1,0,-0.6213527,-0.6010742,-0.5221385061594823,0.099214196,0.009843457
1633,1,0,-0.5132518,-0.49721718,-0.4816499494675392,0.031601846,0.0009986766
1634,1,0,-0.47222185,-0.45799208,-0.5878825997545514,0.11566073,0.013377404
1635,1,0,-0.57981586,-0.56108046,-0.5826368418320031,0.0028209686,7.957864e-06
1636,1,0,-0.5745077,-0.55597687,-0.5607454117825075,0.013762295,0.00018940077
1637,1,0,-0.5523486,-0.53469515,-0.744733167608862,0.19238454,0.037011813
1638,1,0,-0.73828316,-0.71426916,-0.7748056891532613,0.036522508,0.0013338935
1639,1,0,-0.76860094,-0.7437701,-0.8867208407841858,0.118119895,0.013952309
1640,1,0,-0.88122034,-0.8539219,-0.9756484951998896,0.09442818,0.008916682
1641,1,0,-0.97044563,-0.9418483,-0.8850805739880307,0.08536506,0.007287193
1642,1,0,-0.8795724,-0.8523021,-1.0008984687136555,0.12132609,0.01472002
1643,1,0,-0.99573326,-0.96687746,-0.870354983736024,0.12537825,0.015719706
1644,1,0,-0.8647733,-0.83777905,-0.8648181781902977,4.4882298e-05,2.0144206e-09
1645,1,0,-0.85920715,-0.83231974,-1.0362345455690534,0.17702734,0.03133868
1646,1,0,-1.0310869,-1.0019517,-1.0929335365835868,0.061846614,0.0038250037
1647,1,0,-1.0877209,-1.0583425,-1.086199088145774,0.0015218258,2.3159537e-06
1648,1,0,-1.0809999,-1.0516376,-1.208409232155459,0.12740934,0.016233139
1649,1,0,-1.2026892,-1.173615,-1.090128714672021,0.11256051,0.012669869
1650,1,0,-1.0849228,-1.0555506,-1.0842645177670427,0.0006582737,4.3332426e-07
1651,1,0,-1.0790701,-1.0497122,-1.0450092044726906,0.034060836,0.0011601405
1652,1,0,-1.0398593,-1.0106697,-1.0397350395525675,0.00012421608,1.5429634e-08
1653,1,0,-1.0345864,-1.0054297,-0.9200673783042648,0.11451906,0.013114615
1654,1,0,-0.9147067,-0.8868518,-0.9541675243052952,0.039460838,0.0015571577
1655,1,0,-0.9489155,-0.9205775,-0.8796408700609479,0.069274604,0.0047989707
1656,1,0,-0.8741064,-0.8469367,-0.796563425758948,0.07754296,0.006012911
1657,1,0,-0.7905221,-0.765141,-0.7854570047016072,0.0050650835,2.565507e-05
1658,1,0,-0.7793331,-0.75422907,-0.6468669640723155,0.13246614,0.017547278
1659,1,0,-0.63946915,-0.61855173,-0.5964083416778427,0.04306078,0.0018542308
1660,1,0,-0.5884423,-0.5693774,-0.5022803781859082,0.08616197,0.007423885
1661,1,0,-0.49313116,-0.4779687,-0.5555860459595019,0.06245488,0.003900612
1662,1,0,-0.54712486,-0.5296831,-0.7099016817875343,0.16277683,0.026496295
1663,1,0,-0.70313835,-0.68015146,-0.8585180921766433,0.15537971,0.024142856
1664,1,0,-0.85287285,-0.8261094,-1.0484133089253076,0.19554043,0.03823606
1665,1,0,-1.043261,-1.0140529,-1.037765918053351,0.0054951906,3.019712e-05
1666,1,0,-1.0326176,-1.0034719,-1.08551518459881,0.052897573,0.002798153
1667,1,0,-1.080317,-1.0509572,-1.2256257817620329,0.14530873,0.021114629
1668,1,0,-1.2197838,-1.1908493,-1.105262896378182,0.11452091,0.013115038
1669,1,0,-1.1000199,-1.0706234,-1.186945805992515,0.086925864,0.007556106
1670,1,0,-1.1813602,-1.1521468,-1.1621948831137114,0.019165397,0.00036731243
1671,1,0,-1.1567402,-1.1274142,-1.1780279353735494,0.021287799,0.0004531704
1672,1,0,-1.172492,-1.1432319,-1.0458541358487032,0.12663794,0.016037166
1673,1,0,-1.0407033,-1.0115094,-1.2649055854202669,0.22420228,0.05026666
1674,1,0,-1.2587404,-1.2302146,-1.3396771072997185,0.08093667,0.0065507446
1675,1,0,-1.3327098,-1.3053226,-1.352304734251792,0.019594908,0.0003839604
1676,1,0,-1.3451777,-1.3180285,-1.267351149845478,0.0778265,0.006056964
1677,1,0,-1.2611637,-1.2326665,-1.3794696964949544,0.11830604,0.013996319
1678,1,0,-1.371974,-1.3453865,-1.416899836660856,0.04492581,0.0020183283
1679,1,0,-1.4088378,-1.3831291,-1.4088969608732445,5.9127808e-05,3.4960976e-09
1680,1,0,-1.4009619,-1.3750548,-1.2082789472336186,0.19268298,0.03712673
1681,1,0,-1.2025595,-1.1734848,-1.2898453661740366,0.087285876,0.007618824
1682,1,0,-1.2834401,-1.2552409,-1.4528154948119552,0.16937542,0.028688032
1683,1,0,-1.4441471,-1.4193959,-1.390833622233595,0.053313494,0.0028423285
1684,1,0,-1.3831725,-1.3568392,-1.5253768659347973,0.1422044,0.020222092
1685,1,0,-1.5152874,-1.4928203,-1.6040401734191878,0.08875275,0.00787705
1686,1,0,-1.5921011,-1.5726438,-1.6977511107325842,0.10565007,0.011161936
1687,1,0,-1.6831717,-1.6680379,-1.7144681091882772,0.031296372,0.0009794629
1688,1,0,-1.6993661,-1.6850886,-1.7558949833125377,0.056528926,0.0031955196
1689,1,0,-1.739862,-1.7273855,-1.7165953836500467,0.023266554,0.0005413325
1690,1,0,-1.7014246,-1.6872597,-1.6465587404647062,0.054865837,0.0030102602
1691,1,0,-1.6334829,-1.6158862,-1.825491297187248,0.19200838,0.036867216
1692,1,0,-1.8132873,-1.7985797,-1.672281145071393,0.14100611,0.019882724
1693,1,0,-1.6584687,-1.6420794,-1.6922190541438065,0.033750296,0.0011390825
1694,1,0,-1.6778097,-1.6623974,-1.7248750055543836,0.047065258,0.0022151384
1695,1,0,-1.7094388,-1.6957078,-1.5766950433586748,0.13274372,0.017620895
1696,1,0,-1.5654364,-1.5448699,-1.4785812915091645,0.086855054,0.0075438004
1697,1,0,-1.469439,-1.4454446,-1.5265807370518625,0.05714166,0.0032651694
1698,1,0,-1.5164647,-1.4940395,-1.662532829091763,0.1460681,0.021335889
1699,1,0,-1.649004,-1.6321502,-1.5574312975862608,0.09157264,0.008385548
1700,1,0,-1.5466275,-1.5253191,-1.7118248247411376,0.16519725,0.027290132
1701,1,0,-1.696806,-1.6823921,-1.5383583760620765,0.15844762,0.02510565
1702,1,0,-1.5279865,-1.5059772,-1.7083731695271291,0.18038666,0.03253935
1703,1,0,-1.6934628,-1.6788712,-1.7077233046998517,0.014260411,0.00020335933
1704,1,0,-1.6928344,-1.6782084,-1.6177320895940976,0.07510233,0.00564036
1705,1,0,-1.6054387,-1.5865626,-1.6081045725671022,0.0026658773,7.106902e-06
1706,1,0,-1.5960617,-1.5767751,-1.5695918821771953,0.026469827,0.0007006517
1707,1,0,-1.5585036,-1.5376596,-1.6816860667987923,0.123182416,0.015173907
1708,1,0,-1.6675949,-1.6516614,-1.7045668541241792,0.036971927,0.0013669233
1709,1,0,-1.6897764,-1.6749887,-1.6202662356543955,0.06951022,0.004831671
1710,1,0,-1.6079063,-1.589139,-1.5785081566964605,0.029398203,0.0008642543
1711,1,0,-1.5672069,-1.54671,-1.5895545300000338,0.022347689,0.00049941917
1712,1,0,-1.5779815,-1.5579276,-1.5399727555029346,0.03800869,0.0014446605
1713,1,0,-1.5295649,-1.5076141,-1.5022331090359715,0.02733171,0.00074702234
1714,1,0,-1.4926257,-1.4693794,-1.5946376456404323,0.10201192,0.010406432
1715,1,0,-1.5829372,-1.5630908,-1.7014062890329609,0.118469,0.014034904
1716,1,0,-1.6867142,-1.6717649,-1.6496067371634782,0.037107468,0.0013769642
1717,1,0,-1.636445,-1.618989,-1.516125470805898,0.120319605,0.014476807
1718,1,0,-1.5062318,-1.4834471,-1.4392783454332427,0.06695342,0.0044827606
1719,1,0,-1.4308457,-1.4057207,-1.4383959990981907,0.0075502396,5.7006117e-05
1720,1,0,-1.4299788,-1.404829,-1.3532114202362973,0.076767445,0.0058932407
1721,1,0,-1.3460732,-1.3189421,-1.4866039382303633,0.14053082,0.019748913
1722,1,0,-1.4773064,-1.4535604,-1.5306400973182956,0.05333376,0.0028444899
1723,1,0,-1.5204372,-1.4981537,-1.6061982562606163,0.08576107,0.0073549612
1724,1,0,-1.5942049,-1.5748382,-1.6553530309925328,0.061148167,0.0037390983
1725,1,0,-1.6420293,-1.6248393,-1.5472007965733043,0.09482849,0.008992442
1726,1,0,-1.5366316,-1.5149422,-1.718806117570388,0.18217456,0.033187572
1727,1,0,-1.7035656,-1.6895151,-1.795686817749222,0.09212124,0.008486323
1728,1,0,-1.7818465,-1.7680693,-1.7843149066565456,0.0024683475,6.0927396e-06
1729,1,0,-1.7698483,-1.7564363,-1.8606930132351776,0.09084463,0.008252747
1730,1,0,-1.8504133,-1.834652,-1.8678422976882023,0.017428994,0.00030376983
1731,1,0,-1.8579521,-1.8419828,-1.806438161446144,0.05151391,0.002653683
1732,1,0,-1.793189,-1.7790709,-1.77448847050593,0.0187006,0.00034971244
1733,1,0,-1.7594805,-1.7463894,-1.766035584411803,0.0065550804,4.296908e-05
1734,1,0,-1.7505622,-1.7377481,-1.8925496929622556,0.14198744,0.020160435
1735,1,0,-1.8840017,-1.8673329,-1.8894964373974796,0.005494714,3.0191879e-05
1736,1,0,-1.8807821,-1.8641996,-1.8339679134968727,0.046814203,0.0021915697
1737,1,0,-1.822228,-1.807261,-1.797634400473882,0.024593592,0.00060484477
1738,1,0,-1.7839012,-1.7700629,-1.776767703696617,0.007133484,5.0886592e-05
1739,1,0,-1.7618856,-1.7487197,-1.68363951995903,0.07824612,0.006122455
1740,1,0,-1.6694889,-1.6536527,-1.541367492745322,0.12812138,0.016415088
1741,1,0,-1.5309286,-1.509027,-1.4546114047464205,0.07631719,0.0058243135
1742,1,0,-1.4459109,-1.4212098,-1.6156359308757515,0.16972494,0.028806556
1743,1,0,-1.6033969,-1.5844316,-1.5497900300277578,0.053606868,0.0028736964
1744,1,0,-1.5391617,-1.5175686,-1.4156044703912611,0.12355721,0.015266384
1745,1,0,-1.4075627,-1.3818212,-1.3900288284712443,0.017533898,0.00030743759
1746,1,0,-1.3823795,-1.3560271,-1.1788024385715712,0.20357704,0.041443612
1747,1,0,-1.1732621,-1.1440072,-1.19168734787746,0.018425226,0.00033948896
1748,1,0,-1.1860733,-1.1568875,-1.1188233727064478,0.067249894,0.004522548
1749,1,0,-1.1135421,-1.0841379,-1.1095926778396272,0.0039494038,1.559779e-05
1750,1,0,-1.1043382,-1.0749373,-0.9876293649526656,0.116708815,0.0136209475
1751,1,0,-0.9824476,-0.95372105,-1.030659173148953,0.048211575,0.002324356
1752,1,0,-1.0255113,-0.9964137,-1.0327675766129802,0.0072562695,5.2653446e-05
1753,1,0,-1.0276194,-0.99850845,-1.008342441110587,0.019276977,0.00037160184
1754,1,0,-1.0031848,-0.97426176,-1.0509378089368937,0.047752976,0.0022803468
1755,1,0,-1.045784,-1.016562,-0.9930157805454184,0.05276823,0.0027844862
1756,1,0,-0.98784065,-0.95906115,-0.9501218545634718,0.037718773,0.0014227058
1757,1,0,-0.944859,-0.91657305,-0.912594967146898,0.032264054,0.0010409692
1758,1,0,-0.90720654,-0.87946796,-0.9733655441978426,0.06615901,0.0043770145
1759,1,0,-0.96815777,-0.93958664,-0.9023371618610776,0.065820634,0.0043323557
1760,1,0,-0.89690685,-0.8693366,-0.9674173310538592,0.07051051,0.0049717315
1761,1,0,-0.9621973,-0.9336953,-1.0383851034476017,0.07618785,0.0058045886
1762,1,0,-1.0332365,-1.0040874,-0.9648092583221466,0.068427265,0.0046822904
1763,1,0,-0.95958376,-0.9311123,-1.1234456158282704,0.16386187,0.026850713
1764,1,0,-1.1181488,-1.0887461,-1.1712240991092375,0.053075314,0.0028169889
1765,1,0,-1.1657252,-1.1364336,-1.257965673021931,0.09224045,0.008508301
1766,1,0,-1.251862,-1.2232542,-1.236220220793907,0.015641809,0.00024466618
1767,1,0,-1.230298,-1.2014594,-1.3062119317507648,0.075913906,0.005762921
1768,1,0,-1.2996349,-1.2716784,-1.2485803424276218,0.051054597,0.002606572
1769,1,0,-1.242557,-1.2138457,-1.2627125924789313,0.020155549,0.00040624617
1770,1,0,-1.2565675,-1.2280145,-1.3017649541711078,0.045197487,0.0020428128
1771,1,0,-1.2952352,-1.2672114,-1.3312610439283592,0.03602588,0.0012978641
1772,1,0,-1.3243971,-1.2968574,-1.2907294758822276,0.033667564,0.0011335049
1773,1,0,-1.2843156,-1.2561293,-1.1958404843606312,0.08847511,0.0078278445
1774,1,0,-1.1902003,-1.1610408,-1.1467353909870788,0.0434649,0.0018891975
1775,1,0,-1.1413512,-1.1119795,-1.1217349358085436,0.019616246,0.0003847971
1776,1,0,-1.1164436,-1.0870409,-0.97916463312127,0.13727897,0.018845517
1777,1,0,-0.9739685,-0.94533205,-0.7656318421492383,0.20833665,0.043404162
1778,1,0,-0.7593541,-0.734766,-0.875400997891985,0.116046906,0.013466884
1779,1,0,-0.86984587,-0.84275436,-0.7731203247673077,0.09672552,0.009355827
1780,1,0,-0.76690245,-0.74211454,-0.863285781532551,0.09638333,0.009289747
1781,1,0,-0.857666,-0.83080816,-0.8119686718653867,0.04569733,0.0020882462
1782,1,0,-0.80603504,-0.7802849,-1.0039877793409635,0.19795275,0.03918529
1783,1,0,-0.9988251,-0.96994114,-1.1995467931874817,0.20072174,0.040289216
1784,1,0,-1.1938839,-1.1647477,-1.2032038195515815,0.0093199015,8.6860564e-05
1785,1,0,-1.1975179,-1.1684055,-1.3260716657765137,0.12855375,0.016526066
1786,1,0,-1.3192687,-1.2916389,-1.4994894962470902,0.18022084,0.03247955
1787,1,0,-1.4899373,-1.4666014,-1.4261565043388824,0.063780785,0.0040679886
1788,1,0,-1.417944,-1.3924708,-1.445143970302098,0.027199984,0.0007398391
1789,1,0,-1.4366102,-1.4116445,-1.4688645679876595,0.03225434,0.0010403424
1790,1,0,-1.4599037,-1.4356184,-1.3585099163558674,0.10139382,0.010280707
1791,1,0,-1.3513017,-1.3242769,-1.387608250795858,0.03630662,0.0013181706
1792,1,0,-1.3799949,-1.3535876,-1.3323015918657315,0.047693253,0.0022746464
1793,1,0,-1.3254251,-1.297904,-1.313742637338203,0.01168251,0.00013648105
1794,1,0,-1.3070827,-1.2792449,-1.319361869991912,0.012279272,0.00015078053
1795,1,0,-1.3126378,-1.2848935,-1.2973273348178154,0.015310526,0.0002344122
1796,1,0,-1.2908444,-1.262754,-1.2379464664169006,0.05289793,0.002798191
1797,1,0,-1.2320099,-1.2031903,-1.2812149400411572,0.049205065,0.0024211383
1798,1,0,-1.2748957,-1.2465768,-1.3111347094320358,0.036239028,0.0013132672
1799,1,0,-1.3045034,-1.2766247,-1.28101438763869,0.023488998,0.0005517331
1800,1,0,-1.2746968,-1.2463751,-1.2625487919601373,0.012148023,0.00014757445
1801,1,0,-1.2564039,-1.2278495,-1.1662820258088669,0.090121865,0.008121951
1802,1,0,-1.1608076,-1.1314964,-1.0288588171383155,0.13194883,0.017410493
1803,1,0,-1.0237107,-0.99462605,-0.9945254850214216,0.029185236,0.00085177796
1804,1,0,-0.9893522,-0.96055794,-0.93959335588932,0.04975885,0.0024759434
1805,1,0,-0.93429947,-0.906157,-0.9623227184722296,0.028023243,0.00078530214
1806,1,0,-0.95709133,-0.9286504,-0.9288250802211956,0.028266251,0.00079898094
1807,1,0,-0.92349625,-0.8955083,-1.0504311438932472,0.12693489,0.016112465
1808,1,0,-1.0452776,-1.016058,-1.0391493507335294,0.006128192,3.7554735e-05
1809,1,0,-1.0340018,-1.0048475,-0.981556912833808,0.052444935,0.0027504712
1810,1,0,-0.9763646,-0.9477024,-0.95714366358452,0.019220948,0.00036944484
1811,1,0,-0.9518995,-0.9235225,-1.0278039319686345,0.07590437,0.0057614734
1812,1,0,-1.0226564,-0.9935789,-1.0907492663451943,0.06809282,0.0046366327
1813,1,0,-1.0855412,-1.0561686,-1.1039179903156642,0.018376708,0.0003377034
1814,1,0,-1.0986795,-1.069283,-0.9973405563182308,0.10133898,0.01026959
1815,1,0,-0.9921713,-0.9633484,-0.8410464078825095,0.1511249,0.022838734
1816,1,0,-0.83530045,-0.80889845,-0.7603541704117847,0.074946284,0.0056169457
1817,1,0,-0.75403404,-0.72958755,-0.9231031043392433,0.16906905,0.028584344
1818,1,0,-0.9177542,-0.88985157,-1.033918883442177,0.116164684,0.013494234
1819,1,0,-1.0287709,-0.99965096,-1.0433965206058495,0.014625549,0.0002139067
1820,1,0,-1.0382462,-1.0090661,-0.9430926302404076,0.09515351,0.0090541905
1821,1,0,-0.93780947,-0.9096179,-0.9588505939581832,0.021041155,0.0004427302
1822,1,0,-0.95360994,-0.92521286,-0.9765711097667128,0.02296114,0.0005272139
1823,1,0,-0.97136927,-0.9427624,-0.9081229038642222,0.06324637,0.004000103
1824,1,0,-0.90271616,-0.87505007,-0.8951133491920329,0.007602811,5.7802732e-05
1825,1,0,-0.8896518,-0.86220455,-1.0294853427923094,0.13983357,0.019553427
1826,1,0,-1.0243378,-0.9952483,-1.1177149928608427,0.09337723,0.008719307
1827,1,0,-1.1124368,-1.0830331,-1.1198266154814185,0.007389903,5.4610668e-05
1828,1,0,-1.114542,-1.0851369,-1.213557004802798,0.099015,0.009803969
1829,1,0,-1.2078018,-1.1787663,-1.1817860204483577,0.026015759,0.0006768197
1830,1,0,-1.1762285,-1.1469884,-1.1714642937165085,0.0047641993,2.2697595e-05
1831,1,0,-1.1659636,-1.1366739,-1.2215894085875734,0.055625796,0.0030942291
1832,1,0,-1.2157774,-1.1868067,-1.3031243521454012,0.08734691,0.007629483
1833,1,0,-1.2965808,-1.2685766,-1.415131473751404,0.11855066,0.014054258
1834,1,0,-1.4070983,-1.3813448,-1.544077916027886,0.13697958,0.018763406
1835,1,0,-1.5335779,-1.5117764,-1.513560181358808,0.020017743,0.00040071004
1836,1,0,-1.5037203,-1.4808488,-1.3882976115903034,0.115422726,0.0133224055
1837,1,0,-1.3806744,-1.3542829,-1.382531207647899,0.0018568039,3.4477207e-06
1838,1,0,-1.3749909,-1.3484707,-1.1978159277101526,0.17717505,0.031390995
1839,1,0,-1.1921649,-1.1630158,-1.1521729187240242,0.039991975,0.001599358
1840,1,0,-1.1467652,-1.1174073,-1.352787179838538,0.2060219,0.042445026
1841,1,0,-1.345654,-1.3185143,-1.3146768288139086,0.03097713,0.00095958257
1842,1,0,-1.3080058,-1.2801838,-1.2400401377237529,0.06796563,0.0046193264
1843,1,0,-1.234086,-1.205286,-1.100942934756536,0.13314307,0.017727077
1844,1,0,-1.0957117,-1.066319,-1.23370684214202,0.13799512,0.019042654
1845,1,0,-1.2278042,-1.1989422,-1.1885841602735443,0.039219975,0.0015382065
1846,1,0,-1.1829882,-1.1537848,-1.1313580539156494,0.05163014,0.0026656713
1847,1,0,-1.1260343,-1.0966368,-0.9994990349225406,0.12653524,0.016011165
1848,1,0,-0.9943323,-0.9654889,-0.9352802552362558,0.05905205,0.0034871446
1849,1,0,-0.9299731,-0.90189075,-0.9373089346002308,0.007335782,5.38137e-05
1850,1,0,-0.9320078,-0.9038968,-0.8433861130075915,0.088621676,0.007853801
1851,1,0,-0.83765364,-0.81120205,-0.8462656730876779,0.008612037,7.4167176e-05
1852,1,0,-0.8405504,-0.8140383,-0.6701946524269484,0.1703558,0.029021097
1853,1,0,-0.6630411,-0.6413264,-0.5498958370696236,0.11314529,0.012801857
1854,1,0,-0.5413637,-0.52415514,-0.2998046313802982,0.24155909,0.058350794
1855,1,0,-0.28769875,-0.28280783,-0.4230687860701971,0.13537005,0.01832505
1856,1,0,-0.41281796,-0.40137863,-0.5565915104395698,0.14377356,0.020670835
1857,1,0,-0.54814243,-0.5306592,-0.7011514571118083,0.153009,0.023411753
1858,1,0,-0.69430494,-0.6715889,-0.7521746742460591,0.057869732,0.0033489058
1859,1,0,-0.74578667,-0.72156525,-0.8511452940022632,0.1053586,0.011100435
1860,1,0,-0.845459,-0.81884575,-0.7893412514384224,0.056117713,0.0031491977
1861,1,0,-0.7832465,-0.75804424,-0.8716844858429171,0.088437974,0.007821275
1862,1,0,-0.8661103,-0.8390894,-0.8170068198813993,0.0491035,0.0024111536
1863,1,0,-0.8111081,-0.7852397,-0.8497119890948568,0.038603902,0.0014902613
1864,1,0,-0.8440175,-0.81743336,-0.8343349311998383,0.009682596,9.375266e-05
1865,1,0,-0.8285475,-0.80229044,-0.7445565366104541,0.08399093,0.0070544765
1866,1,0,-0.73810434,-0.71409607,-0.7260373786081207,0.01206696,0.00014561153
1867,1,0,-0.71942234,-0.69594955,-0.7823120580456813,0.062889695,0.0039551137
1868,1,0,-0.77616596,-0.75113916,-0.9164891788198056,0.14032322,0.019690607
1869,1,0,-0.91111565,-0.8833165,-0.9565756435987494,0.045459986,0.0020666104
1870,1,0,-0.9513297,-0.9229617,-1.10471982636372,0.15339017,0.023528544
1871,1,0,-1.0994787,-1.0700827,-1.1696122537610334,0.07013357,0.0049187173
1872,1,0,-1.1641207,-1.1348224,-1.1722595858419318,0.008138895,6.624161e-05
1873,1,0,-1.1667542,-1.1374683,-1.1186566642829874,0.04809761,0.0023133801
1874,1,0,-1.1133761,-1.083972,-1.022781409769122,0.09059477,0.008207412
1875,1,0,-1.017632,-0.9885917,-1.118541960570436,0.10090995,0.0101828175
1876,1,0,-1.1132612,-1.0838575,-1.0572359856329578,0.056025267,0.0031388304
1877,1,0,-1.0520773,-1.0228224,-1.0452379768586688,0.0068392754,4.6775687e-05
1878,1,0,-1.0400877,-1.0108962,-0.977693625038401,0.062394083,0.0038930215
1879,1,0,-0.9724946,-0.9438734,-1.2306745479091423,0.2581799,0.066656865
1880,1,0,-1.2247953,-1.1959047,-1.267727883761939,0.04293251,0.0018432004
1881,1,0,-1.2615366,-1.2330441,-1.2946076729587368,0.03307104,0.0010936938
1882,1,0,-1.2881536,-1.2600231,-1.0726935219700475,0.21546018,0.04642309
1883,1,0,-1.0675173,-1.038197,-1.07117801729905,0.0036606789,1.34005695e-05
1884,1,0,-1.0660033,-1.0366888,-1.1555885956629233,0.089585304,0.008025527
1885,1,0,-1.1501646,-1.1208177,-1.2647916154774137,0.114627,0.01313935
1886,1,0,-1.2586274,-1.2301006,-1.2552276276486234,0.0033997297,1.1558162e-05
1887,1,0,-1.2491479,-1.2205076,-1.0920374389993803,0.15711045,0.024683693
1888,1,0,-1.0868263,-1.0574498,-1.0570061035091998,0.029820204,0.00088924455
1889,1,0,-1.0518479,-1.0225949,-1.2258502922987704,0.17400241,0.030276839
1890,1,0,-1.2200065,-1.1910734,-1.3127249513602477,0.09271848,0.008596716
1891,1,0,-1.3060751,-1.2782226,-1.422388139827703,0.1163131,0.013528737
1892,1,0,-1.414237,-1.3886671,-1.5814459480735543,0.16720891,0.02795882
1893,1,0,-1.5700722,-1.5496936,-1.5165009264792273,0.053571224,0.002869876
1894,1,0,-1.5065994,-1.4838276,-1.471758648155464,0.034840822,0.0012138829
1895,1,0,-1.4627442,-1.4385448,-1.442604137035547,0.020140052,0.0004056217
1896,1,0,-1.4341145,-1.4090805,-1.3041786033227627,0.12993586,0.016883329
1897,1,0,-1.2976232,-1.2696352,-1.3670457660589586,0.0694226,0.004819498
1898,1,0,-1.3597231,-1.332871,-1.2906867859149207,0.069036365,0.0047660195
1899,1,0,-1.2842736,-1.2560859,-1.3041966597880048,0.019923091,0.00039692956
1900,1,0,-1.2976413,-1.2696538,-1.2964853739427964,0.0011558533,1.3359968e-06
1901,1,0,-1.2900109,-1.261908,-1.3723326636606537,0.08232176,0.0067768726
1902,1,0,-1.3649364,-1.3381958,-1.3751888681733488,0.010252476,0.00010511326
1903,1,0,-1.3677535,-1.341073,-1.6292226927414433,0.26146924,0.06836616
1904,1,0,-1.6166224,-1.5982475,-1.4178172031790002,0.19880521,0.039523512
1905,1,0,-1.4097404,-1.3840547,-1.477549519314958,0.067809105,0.0045980746
1906,1,0,-1.4684258,-1.4444013,-1.3635881416485347,0.104837656,0.010990934
1907,1,0,-1.3563123,-1.3293886,-1.46414540614035,0.10783315,0.011627988
1908,1,0,-1.4552727,-1.4308481,-1.5287745340820864,0.073501825,0.0054025184
1909,1,0,-1.5186114,-1.4962635,-1.594694903077162,0.07608342,0.005788687
1910,1,0,-1.582993,-1.563149,-1.586878193811465,0.00388515,1.5094391e-05
1911,1,0,-1.5753703,-1.5552087,-1.4801778910162389,0.09519243,0.009061599
1912,1,0,-1.4710045,-1.4470596,-1.4540269109005344,0.016977549,0.00028823715
1913,1,0,-1.4453368,-1.4206195,-1.5257818787889963,0.08044505,0.006471406
1914,1,0,-1.5156841,-1.4932308,-1.4050337697080506,0.1106503,0.012243489
1915,1,0,-1.3971586,-1.3711576,-1.423824510277683,0.026665926,0.0007110716
1916,1,0,-1.4156504,-1.3901172,-1.5021127833921204,0.08646238,0.007475743
1917,1,0,-1.4925079,-1.4692574,-1.3973208803456476,0.09518707,0.0090605775
1918,1,0,-1.3895631,-1.363379,-1.326451508216163,0.06311154,0.003983067
1919,1,0,-1.3196445,-1.2920208,-1.4871550691535926,0.16751063,0.02805981
1920,1,0,-1.4778476,-1.4541187,-1.4093906812958732,0.06845689,0.0046863453
1921,1,0,-1.4014473,-1.3755522,-1.4385491452195414,0.037101865,0.0013765483
1922,1,0,-1.4301281,-1.4049835,-1.3501440664583662,0.07998407,0.0063974513
1923,1,0,-1.3430448,-1.3158545,-1.523275644954329,0.18023086,0.03248316
1924,1,0,-1.5132298,-1.4906912,-1.5956983616404583,0.08246851,0.0068010553
1925,1,0,-1.583972,-1.5641689,-1.5351349433753914,0.048837066,0.002385059
1926,1,0,-1.5248332,-1.5027094,-1.5317604765165225,0.006927252,4.7986818e-05
1927,1,0,-1.521532,-1.499289,-1.5951527594146953,0.07362068,0.005420004
1928,1,0,-1.5834394,-1.5636144,-1.5788186116358895,0.0046207905,2.1351705e-05
1929,1,0,-1.5675092,-1.5470247,-1.6453594272523917,0.07785022,0.006060657
1930,1,0,-1.6323171,-1.614666,-1.7269502535817187,0.09463322,0.008955447
1931,1,0,-1.7114458,-1.6978264,-1.7737754013658762,0.06232965,0.0038849853
1932,1,0,-1.758728,-1.7456603,-1.8392432169097228,0.080515146,0.0064826887
1933,1,0,-1.8277917,-1.8126659,-1.7836017010139944,0.04419005,0.0019527605
1934,1,0,-1.7690964,-1.7557082,-1.760688221001251,0.008408189,7.069764e-05
1935,1,0,-1.7449193,-1.7322831,-1.812523783227478,0.06760454,0.0045703743
1936,1,0,-1.7996087,-1.7853017,-1.744790901922438,0.054817796,0.0030049908
1937,1,0,-1.7286983,-1.716042,-1.706969304000154,0.021728992,0.0004721491
1938,1,0,-1.6921034,-1.6774397,-1.7009542040835886,0.008850813,7.833689e-05
1939,1,0,-1.6862755,-1.6713042,-1.666681174966998,0.019594312,0.00038393706
1940,1,0,-1.6530318,-1.636375,-1.6827626680124332,0.029730797,0.0008839203
1941,1,0,-1.6686387,-1.6527596,-1.7132712743955754,0.044632554,0.001992065
1942,1,0,-1.6982069,-1.6838679,-1.6701387109187351,0.028068185,0.000787823
1943,1,0,-1.6563888,-1.6398964,-1.5033644338877874,0.15302432,0.023416441
1944,1,0,-1.4937344,-1.4705248,-1.535559790270976,0.041825414,0.0017493652
1945,1,0,-1.5252485,-1.50314,-1.5389830498748598,0.013734579,0.00018863866
1946,1,0,-1.5285969,-1.5066104,-1.7367658526913594,0.20816898,0.043334324
1947,1,0,-1.7209401,-1.7078466,-1.6901331229870156,0.030807018,0.00094907236
1948,1,0,-1.6757874,-1.6602712,-1.6188275180774916,0.056959987,0.00324444
1949,1,0,-1.6065049,-1.5876765,-1.677781996498429,0.07127702,0.005080414
1950,1,0,-1.6638064,-1.6476841,-1.585442287886429,0.078364134,0.0061409376
1951,1,0,-1.5739713,-1.5537515,-1.6489017668187502,0.07493055,0.005614587
1952,1,0,-1.6357608,-1.6182714,-1.600199348948709,0.035561442,0.0012646161
1953,1,0,-1.5883594,-1.5687418,-1.7143318245450931,0.12597251,0.015869074
1954,1,0,-1.699234,-1.6849504,-1.810012480399692,0.11077845,0.012271865
1955,1,0,-1.7969589,-1.7827296,-1.7055688642720703,0.09139001,0.008352134
1956,1,0,-1.6907463,-1.6760106,-1.8474928556301544,0.1567465,0.024569467
1957,1,0,-1.836493,-1.8211193,-1.9928143152204896,0.15632129,0.024436345
1958,1,0,-1.989634,-1.9704132,-2.041619991157848,0.05198598,0.002702542
1959,1,0,-2.040997,-2.0207052,-2.1856108054352443,0.14461374,0.020913135
1960,1,0,-2.1922445,-2.1695132,-2.1160578088922986,0.07618666,0.0058044065
1961,1,0,-2.119245,-2.0975556,-2.1131383949438263,0.006106615,3.729075e-05
1962,1,0,-2.1161785,-2.0945387,-2.2287183406839297,0.11253977,0.012665199
1963,1,0,-2.2374249,-2.2141824,-2.2089651979064757,0.028459549,0.0008099459
1964,1,0,-2.2167287,-2.1937075,-2.3579581508878147,0.14122939,0.01994574
1965,1,0,-2.3725395,-2.3484163,-2.3482460896382893,0.024293423,0.0005901704
1966,1,0,-2.362405,-2.338313,-2.5939459986155,0.23154092,0.053611197
1967,1,0,-2.6176326,-2.5946324,-2.6728538071997785,0.05522108,0.0030493678
1968,1,0,-2.6990192,-2.6772473,-2.722681535603298,0.023662329,0.0005599058
1969,1,0,-2.7502458,-2.7294822,-2.706117698576677,0.04412818,0.0019472962
1970,1,0,-2.7332318,-2.712113,-2.5075945815292418,0.2256372,0.050912146
1971,1,0,-2.5282247,-2.5043828,-2.546628738327616,0.018404007,0.00033870747
1972,1,0,-2.5686834,-2.545158,-2.61194444656848,0.04326105,0.0018715186
1973,1,0,-2.6362236,-2.6134646,-2.721882232218597,0.08565879,0.007337428
1974,1,0,-2.749426,-2.728644,-2.5673279849982573,0.18209791,0.03315965
1975,1,0,-2.5901093,-2.5667944,-2.595356451886712,0.005247116,2.7532227e-05
1976,1,0,-2.6190903,-2.596108,-2.446177743633583,0.1729126,0.029898766
1977,1,0,-2.4644332,-2.4402997,-2.4831894839418047,0.01875639,0.00035180215
1978,1,0,-2.502895,-2.4789073,-2.532873073102313,0.029978037,0.0008986827
1979,1,0,-2.5544333,-2.5307848,-2.5447457181312547,0.009687662,9.3850795e-05
1980,1,0,-2.5667324,-2.543189,-2.437653428257297,0.12907887,0.016661353
1981,1,0,-2.4555674,-2.4314132,-2.5701226814586597,0.11455536,0.01312293
1982,1,0,-2.593001,-2.5697167,-2.810242912299973,0.217242,0.047194086
1983,1,0,-2.839931,-2.8213916,-2.715610806367728,0.12432027,0.015455529
1984,1,0,-2.742985,-2.7220669,-2.694754831937198,0.04823017,0.0023261495
1985,1,0,-2.7215524,-2.7002,-2.7494081453726182,0.027855873,0.0007759497
1986,1,0,-2.7776675,-2.75752,-2.748029219518328,0.02963829,0.0008784283
1987,1,0,-2.7762535,-2.7560744,-2.7612551542402266,0.014998198,0.00022494594
1988,1,0,-2.7898107,-2.7699542,-2.831420652599504,0.041610003,0.0017313923
1989,1,0,-2.8615558,-2.843642,-2.808913245353691,0.052642584,0.0027712416
1990,1,0,-2.8385727,-2.8199944,-2.889285501805625,0.050712824,0.0025717905
1991,1,0,-2.9205003,-2.9044771,-2.885224750087895,0.03527546,0.001244358
1992,1,0,-2.9163709,-2.9002066,-3.05064199791892,0.13427114,0.01802874
1993,1,0,-3.0837154,-3.0743904,-3.1820109144481195,0.09829545,0.009661996
1994,1,0,-3.215229,-3.212975,-3.076845005458805,0.1383841,0.01915016
1995,1,0,-3.110049,-3.1020167,-2.9222301310616103,0.18781877,0.035275888
1996,1,0,-2.953966,-2.9391367,-3.023788393209449,0.06982255,0.0048751887
1997,1,0,-3.0566764,-3.046088,-2.944682798596616,0.11199355,0.012542555
1998,1,0,-2.9767332,-2.9627693,-2.99053462718897,0.013801336,0.00019047689
1999,1,0,-3.0231223,-3.0110521,-2.9406749765024034,0.08244729,0.006797556
2000,1,0,-2.9726715,-2.9585507,-2.88994922138758,0.08272219,0.00684296
2001,1,0,-2.9211757,-2.9051752,-3.038614692119817,0.11743903,0.013791926
2002,1,0,-3.071611,-3.0617132,-3.0038581890198617,0.06775284,0.004590447
2003,1,0,-3.0365748,-3.0250878,-2.920226959814797,0.11634779,0.013536808
2004,1,0,-2.9519334,-2.9370296,-2.9182773573874217,0.03365612,0.0011327345
2005,1,0,-2.9499545,-2.9349773,-3.2196545409195187,0.26970005,0.07273812
2006,1,0,-3.2526708,-3.252719,-3.114793083664602,0.1378777,0.01901026
2007,1,0,-3.1480982,-3.1420407,-3.109117984160773,0.038980246,0.0015194595
2008,1,0,-3.1424148,-3.1360552,-3.141970778823964,0.0004439354,1.9707863e-07
2009,1,0,-3.1752825,-3.1707163,-3.000480202778082,0.1748023,0.030555846
2010,1,0,-3.0331652,-3.0215287,-3.048143331261175,0.01497817,0.00022434558
2011,1,0,-3.081201,-3.0717566,-3.1703168274623783,0.08911586,0.007941636
2012,1,0,-3.2035751,-3.2006311,-2.9751699240494025,0.22840524,0.052168954
2013,1,0,-3.0075927,-2.9948692,-3.148362504704589,0.14076972,0.019816114
2014,1,0,-3.181668,-3.1774604,-3.071430298133465,0.11023784,0.01215238
2015,1,0,-3.1046112,-3.0963073,-2.9710016681753184,0.13360953,0.017851507
2016,1,0,-3.0033777,-2.9904795,-2.9706853797741832,0.032692194,0.0010687795
2017,1,0,-3.0030577,-2.9901462,-2.831627984760982,0.17142963,0.029388119
2018,1,0,-2.8617673,-2.8438592,-2.6353857609765776,0.22638154,0.051248603
2019,1,0,-2.6604133,-2.6380022,-2.806686705189636,0.14627337,0.0213959
2020,1,0,-2.836298,-2.8176556,-2.699758384867785,0.1365397,0.018643089
2021,1,0,-2.7266963,-2.705446,-2.55503697983014,0.17165923,0.029466892
2022,1,0,-2.5773892,-2.5539448,-2.6594944593645486,0.08210516,0.0067412574
2023,1,0,-2.6852624,-2.663251,-2.666190258206353,0.019072294,0.00036375242
2024,1,0,-2.6921585,-2.670265,-2.76733058199828,0.075172186,0.0056508575
2025,1,0,-2.7960334,-2.7763307,-2.851705067768596,0.055671692,0.0030993372
2026,1,0,-2.8822427,-2.8649611,-2.910847629158337,0.028604984,0.0008182451
2027,1,0,-2.942412,-2.9271607,-2.6976652061198982,0.24474669,0.05990094
2028,1,0,-2.7245438,-2.703251,-2.870899227422105,0.14635539,0.0214199
2029,1,0,-2.9017942,-2.8851411,-2.859047833304818,0.042746305,0.0018272466
2030,1,0,-2.8897243,-2.87268,-2.879182461167588,0.0105416775,0.00011112697
2031,1,0,-2.910224,-2.893851,-2.923824249600224,0.013600349,0.00018496951
2032,1,0,-2.955583,-2.9408147,-2.934843930967376,0.020739079,0.0004301094
2033,1,0,-2.9667604,-2.9524128,-2.7318342725707705,0.23492622,0.055190332
2034,1,0,-2.7596416,-2.7390826,-2.869281368254072,0.109639645,0.0120208515
2035,1,0,-2.9001467,-2.8834398,-2.836047187275813,0.06409955,0.004108752
2036,1,0,-2.8662763,-2.8485043,-2.9378190933056425,0.07154274,0.0051183635
2037,1,0,-2.9697766,-2.9555442,-2.9280811384663785,0.041695595,0.0017385227
2038,1,0,-2.9599018,-2.9452941,-2.9726690591300264,0.012767315,0.00016300433
2039,1,0,-3.005064,-2.9922352,-3.026275809843044,0.021211863,0.00044994312
2040,1,0,-3.0591826,-3.0487087,-3.0168444232999434,0.042338133,0.0017925175
2041,1,0,-3.0496757,-3.03877,-3.029995946085429,0.019679785,0.00038729393
2042,1,0,-3.0629299,-3.0526285,-3.0108545853474578,0.052075386,0.0027118458
2043,1,0,-3.0436347,-3.0324593,-3.143742341903346,0.10010767,0.010021546
2044,1,0,-3.1770523,-3.1725848,-3.0721533105484857,0.10489893,0.011003786
2045,1,0,-3.1053376,-3.0970695,-3.0566031015915547,0.048734426,0.0023750444
2046,1,0,-3.08971,-3.0806754,-2.93189426934853,0.1578157,0.024905793
2047,1,0,-2.9637694,-2.9493082,-3.060155180528029,0.09638572,0.009290206
2048,1,0,-3.0932815,-3.084419,-3.0643089790807707,0.028972626,0.000839413
2049,1,0,-3.0974562,-3.0887985,-2.915908556757308,0.18154764,0.032959547
2050,1,0,-2.9475503,-2.9324849,-2.999187117446456,0.051636934,0.002666373
2051,1,0,-3.03186,-3.0201669,-3.100974037471124,0.06911397,0.004776741
2052,1,0,-3.1342547,-3.1274638,-3.032850416222384,0.10140419,0.01028281
2053,1,0,-3.0658066,-3.0556376,-2.9120590639933908,0.15374756,0.023638312
2054,1,0,-2.9436417,-2.9284348,-2.896332792089168,0.04730892,0.0022381342
2055,1,0,-2.9276655,-2.9118898,-2.8239340888336497,0.103731394,0.010760202
2056,1,0,-2.853914,-2.8357754,-2.8859153762763814,0.032001257,0.0010240804
2057,1,0,-2.9170737,-2.9009326,-2.874208849653362,0.0428648,0.001837391
2058,1,0,-2.9051633,-2.8886209,-2.946142469907434,0.040979147,0.0016792904
2059,1,0,-2.978212,-2.9643056,-2.784630309753779,0.19358182,0.03747392
2060,1,0,-2.8137436,-2.7944927,-2.8862734113056394,0.07252979,0.005260571
2061,1,0,-2.9174376,-2.9013085,-2.8156182165574832,0.10181928,0.010367165
2062,1,0,-2.8454227,-2.827038,-2.82870908071168,0.01671362,0.00027934505
2063,1,0,-2.858789,-2.8407927,-2.774908347061452,0.08388066,0.0070359656
2064,1,0,-2.803793,-2.7842858,-2.935540735569961,0.13174772,0.017357463
2065,1,0,-2.9674668,-2.9531455,-2.9835766802246426,0.016109943,0.00025953026
2066,1,0,-3.016092,-3.0037231,-2.964712492938248,0.05137968,0.0026398716
2067,1,0,-2.9970152,-2.983857,-2.994034963938563,0.0029802322,8.881784e-06
2068,1,0,-3.0266576,-3.014739,-3.08134982267695,0.05469227,0.0029912442
2069,1,0,-3.1145709,-3.106767,-3.2541182869531227,0.13954735,0.019473461
2070,1,0,-3.2868516,-3.289117,-3.335494019835683,0.048642397,0.0023660827
2071,1,0,-3.36717,-3.3750956,-3.409933382850981,0.042763233,0.0018286941
2072,1,0,-3.4401493,-3.4537804,-3.5286434933842004,0.0884943,0.007831241
2073,1,0,-3.5555086,-3.5793042,-3.660762851126185,0.10525417,0.011078441
2074,1,0,-3.6823392,-3.719022,-3.7123347244016096,0.029995441,0.0008997265
2075,1,0,-3.7313814,-3.7735524,-3.686107357114474,0.04527402,0.002049737
2076,1,0,-3.7064743,-3.7458215,-3.8160551847254167,0.10958099,0.012007995
2077,1,0,-3.8291907,-3.8828692,-3.832579751553965,0.00338912,1.1486135e-05
2078,1,0,-3.8446689,-3.8998682,-3.8674858964962473,0.022817135,0.00052062166
2079,1,0,-3.8772714,-3.9357426,-3.9159168950010255,0.038645506,0.0014934752
2080,1,0,-3.922287,-3.9854329,-3.9095829607663326,0.012704134,0.00016139502
2081,1,0,-3.9164145,-3.97894,-3.7375858412755374,0.17882872,0.03197971
2082,1,0,-3.7552953,-3.8002486,-3.66467762700097,0.09061766,0.00821156
2083,1,0,-3.686072,-3.723162,-3.627887330657611,0.058184862,0.0033854782
2084,1,0,-3.650938,-3.6842577,-3.629194579622253,0.021743536,0.00047278136
2085,1,0,-3.6521893,-3.6856396,-3.4905935661870977,0.16159558,0.026113132
2086,1,0,-3.5186732,-3.5390673,-3.706577648910995,0.18790436,0.035308048
2087,1,0,-3.7259202,-3.767466,-3.910774952471885,0.18485475,0.034171276
2088,1,0,-3.917519,-3.9801621,-3.831673654915797,0.08584547,0.0073694447
2089,1,0,-3.8438208,-3.898937,-3.782260594800035,0.061560154,0.0037896526
2090,1,0,-3.797445,-3.8474724,-3.7420674383025383,0.05537772,0.003066692
2091,1,0,-3.7595334,-3.8049865,-3.85071216516838,0.091178656,0.008313547
2092,1,0,-3.8616204,-3.9185102,-3.831852714073625,0.029767752,0.000886119
2093,1,0,-3.8439882,-3.8991208,-3.984123694797334,0.14013553,0.019637967
2094,1,0,-3.9852474,-4.0552425,-4.073173261684412,0.08792567,0.007730924
2095,1,0,-4.066662,-4.146068,-4.230005262412564,0.16334343,0.026681077
2096,1,0,-4.207814,-4.305091,-4.203253155212114,0.0045609474,2.0802241e-05
2097,1,0,-4.183943,-4.2780538,-4.044534899308681,0.13940811,0.019434622
2098,1,0,-4.0405774,-4.1168985,-4.059019689065256,0.018442154,0.00034011304
2099,1,0,-4.0537825,-4.1316566,-4.024927910625475,0.02885437,0.0008325747
2100,1,0,-4.022665,-4.096905,-3.878673381054397,0.14399171,0.020733612
2101,1,0,-3.887693,-3.9472299,-4.037392310282082,0.14969921,0.022409854
2102,1,0,-4.0340567,-4.109617,-4.14459714170225,0.11054039,0.012219178
2103,1,0,-4.131304,-4.218643,-4.01904633313155,0.11225748,0.012601742
2104,1,0,-4.0172834,-4.0909057,-3.872781352496926,0.14450216,0.020880874
2105,1,0,-3.8822055,-3.9411807,-3.7946410946911966,0.08756447,0.007667536
2106,1,0,-3.8090887,-3.8605576,-3.846256601648032,0.037167788,0.0013814444
2107,1,0,-3.857459,-3.913931,-3.9071545309940903,0.04969549,0.0024696419
2108,1,0,-3.9141612,-3.97645,-4.041165811104616,0.12700462,0.016130174
2109,1,0,-4.037503,-4.1134644,-4.202076153870159,0.1645732,0.027084336
2110,1,0,-4.182891,-4.276863,-4.1243321685010494,0.05855894,0.0034291495
2111,1,0,-4.1130238,-4.1980762,-4.041293319961168,0.07173061,0.005145281
2112,1,0,-4.0376186,-4.113594,-4.188758621411231,0.15114021,0.022843365
2113,1,0,-4.170974,-4.2633886,-4.323146617828184,0.15217304,0.023156635
2114,1,0,-4.2902527,-4.3989296,-4.414120684299088,0.12386799,0.015343279
2115,1,0,-4.369743,-4.4901185,-4.247598960400466,0.122143745,0.014919095
2116,1,0,-4.2234674,-4.322852,-4.295966827607342,0.072499275,0.005256145
2117,1,0,-4.266306,-4.371595,-4.442715178890621,0.17640924,0.031120222
2118,1,0,-4.394515,-4.518682,-4.53634662358852,0.1418314,0.020116145
2119,1,0,-4.474901,-4.611872,-4.502992606313825,0.02809143,0.0007891285
2120,1,0,-4.4463935,-4.5787363,-4.536029850384861,0.089636326,0.008034671
2121,1,0,-4.4746304,-4.611558,-4.483104304246727,0.008473873,7.180653e-05
2122,1,0,-4.4293275,-4.558945,-4.399199544824479,0.030128002,0.0009076965
2123,1,0,-4.356777,-4.4751945,-4.489627115315113,0.1328497,0.017649041
2124,1,0,-4.4349303,-4.5654383,-4.591681492078848,0.15675116,0.024570925
2125,1,0,-4.521879,-4.6666937,-4.609214770916821,0.08733559,0.007627505
2126,1,0,-4.5366807,-4.684024,-4.517898298608149,0.018782616,0.00035278665
2127,1,0,-4.4591513,-4.5935535,-4.366195602041469,0.09295559,0.008640742
2128,1,0,-4.3279963,-4.442138,-4.387036310591244,0.05904007,0.00348573
2129,1,0,-4.3461857,-4.463019,-4.435360366526762,0.08917475,0.007952136
2130,1,0,-4.3881536,-4.51134,-4.395651774562246,0.0074982643,5.622397e-05
2131,1,0,-4.353689,-4.4716444,-4.522881163986583,0.16919184,0.028625878
2132,1,0,-4.4634094,-4.5985026,-4.590608470078157,0.12719917,0.01617963
2133,1,0,-4.5209713,-4.6656322,-4.593874009411824,0.07290268,0.005314801
2134,1,0,-4.523733,-4.6688623,-4.521178316917891,0.0025548935,6.5274808e-06
2135,1,0,-4.461954,-4.596812,-4.6795642867022185,0.21761036,0.04735427
2136,1,0,-4.595669,-4.7533617,-4.591049289444639,0.0046195984,2.134069e-05
2137,1,0,-4.521344,-4.666068,-4.602148221096363,0.08080387,0.0065292655
2138,1,0,-4.530721,-4.6770415,-4.443314246024261,0.08740711,0.007640003
2139,1,0,-4.395033,-4.5192804,-4.386495295099585,0.008537769,7.2893505e-05
2140,1,0,-4.345714,-4.462477,-4.561258650513548,0.2155447,0.04645952
2141,1,0,-4.4961004,-4.6365767,-4.725736097302368,0.22963572,0.05273256
2142,1,0,-4.6340294,-4.7986946,-4.769493118177583,0.13546371,0.018350419
2143,1,0,-4.670121,-4.8415246,-4.696441163317412,0.02631998,0.00069274136
2144,1,0,-4.609723,-4.769949,-4.696203025084589,0.08648014,0.0074788146
2145,1,0,-4.6095257,-4.769715,-4.801179381228539,0.19165373,0.03673115
2146,1,0,-4.696098,-4.8724594,-4.7389085747104245,0.042810917,0.0018327746
2147,1,0,-4.6449213,-4.8116016,-4.7918660168155975,0.14694452,0.021592693
2148,1,0,-4.688476,-4.8633747,-4.852607964539067,0.16413164,0.026939197
2149,1,0,-4.7379694,-4.9225206,-4.791680198212345,0.053710938,0.0028848648
2150,1,0,-4.688324,-4.8631926,-4.984778999165632,0.2964549,0.087885514
2151,1,0,-4.8439326,-5.0503235,-4.989470205683219,0.14553738,0.021181127
2152,1,0,-4.8476496,-5.0548363,-4.897474956926728,0.04982519,0.0024825498
2153,1,0,-4.774207,-4.9660444,-4.803030494171767,0.028823376,0.000830787
2154,1,0,-4.6976113,-4.8742642,-4.908996340661775,0.21138477,0.044683523
2155,1,0,-4.7834687,-4.977198,-4.862279822010154,0.07881117,0.0062112003
2156,1,0,-4.745805,-4.9319153,-4.889662336177628,0.14385748,0.020694975
2157,1,0,-4.767916,-4.958476,-4.826272907304821,0.058356762,0.0034055116
2158,1,0,-4.7165728,-4.8969088,-4.865554799606406,0.14898205,0.02219565
2159,1,0,-4.748454,-4.935095,-4.749366061915699,0.0009121895,8.3208965e-07
2160,1,0,-4.6535506,-4.8218403,-4.849717225264725,0.19616652,0.038481303
2161,1,0,-4.735626,-4.9197116,-4.8956601495127385,0.1600337,0.025610786
2162,1,0,-4.772746,-4.964286,-4.928184602525513,0.15543842,0.024161104
2163,1,0,-4.798853,-4.9957533,-5.084813550885837,0.28596067,0.081773505
2164,1,0,-4.9225345,-5.146207,-5.048229441053556,0.12569475,0.01579917
2165,1,0,-4.8939495,-5.111227,-5.1178299094193065,0.22388029,0.050122384
2166,1,0,-4.9481735,-5.1776896,-5.195003432379973,0.24682999,0.060925044
2167,1,0,-5.000144,-5.2509537,-5.079070916436063,0.07892704,0.0062294775
2168,1,0,-4.9180603,-5.140723,-5.238325692443444,0.3202653,0.102569856
2169,1,0,-5.0288954,-5.2918806,-5.2135424015102405,0.18464708,0.034094546
2170,1,0,-5.012467,-5.268485,-5.102366322811228,0.08989954,0.008081927
2171,1,0,-4.9361835,-5.1629543,-5.11404160588992,0.17785835,0.031633593
2172,1,0,-4.94524,-5.1740813,-5.040404637873159,0.095164776,0.009056334
2173,1,0,-4.887811,-5.103732,-5.059552182317085,0.17174101,0.029494975
2174,1,0,-4.9028163,-5.122064,-5.137772600927399,0.23495626,0.055204447
2175,1,0,-4.9619203,-5.196666,-5.248131117369145,0.286211,0.08191674
2176,1,0,-5.035381,-5.3011227,-5.265635958107682,0.23025513,0.053017423
2177,1,0,-5.046938,-5.317605,-5.416786256215828,0.36984825,0.13678773
2178,1,0,-5.142569,-5.4589024,-5.251862767945796,0.10929394,0.011945165
2179,1,0,-5.0378466,-5.3046384,-5.35900177353908,0.32115507,0.10314058
2180,1,0,-5.108137,-5.405101,-5.311535122467366,0.20339823,0.04137084
2181,0,0,-5.300211,-5.360705,-5.454099467405944,0.1538887,0.023681732
2182,0,0,-5.457369,-5.493498,-5.4041897910830805,0.053179264,0.002828034
2183,0,0,-5.4038115,-5.447198,-5.341696751015846,0.062114716,0.003858238
2184,0,0,-5.335217,-5.388937,-5.365400699146593,0.030183792,0.0009110613
2185,0,0,-5.3614388,-5.4110723,-5.260621278408094,0.10081768,0.010164205
2186,0,0,-5.2353506,-5.312885,-5.22669381745752,0.008656979,7.494328e-05
2187,0,0,-5.1912904,-5.280906,-5.10900759300091,0.08228302,0.0067704953
2188,0,0,-5.0246587,-5.1692853,-5.148093503449887,0.12343502,0.0152362045
2189,0,0,-5.082456,-5.206475,-5.172382033830926,0.089925766,0.008086643
2190,0,0,-5.117831,-5.229526,-5.2507706070405415,0.13293934,0.017672868
2191,0,0,-5.2226276,-5.3036094,-5.258093658848511,0.035466194,0.0012578509
2192,0,0,-5.2320914,-5.3105063,-5.134523438000814,0.097568035,0.009519521
2193,0,0,-5.062513,-5.193576,-5.232583706624591,0.17007065,0.028924026
2194,0,0,-5.198989,-5.2864647,-5.218873087209997,0.01988411,0.0003953778
2195,0,0,-5.1810374,-5.273522,-5.155896577936294,0.025140762,0.00063205796
2196,0,0,-5.0938663,-5.2138853,-5.279028631075394,0.18516207,0.03428499
2197,0,0,-5.258973,-5.3301983,-5.456240782111746,0.19726753,0.03891448
2198,0,0,-5.4596424,-5.49548,-5.468452317856227,0.008810043,7.761686e-05
2199,0,0,-5.4725738,-5.5067754,-5.428496765455932,0.04407692,0.0019427749
2200,0,0,-5.430029,-5.4697714,-5.418538536825687,0.011490345,0.00013202803
2201,0,0,-5.419319,-5.46053,-5.5267653924739335,0.10744619,0.011544685
2202,0,0,-5.53346,-5.560543,-5.6852659300334505,0.15180588,0.023045024
2203,0,0,-5.6920357,-5.705242,-5.751047593527916,0.059011936,0.0034824086
2204,0,0,-5.755017,-5.764664,-5.730214251725524,0.024802685,0.0006151732
2205,0,0,-5.7352443,-5.7458863,-5.797651804975542,0.062407494,0.0038946953
2206,0,0,-5.798676,-5.806536,-5.621771098117241,0.17690468,0.031295266
2207,0,0,-5.6296945,-5.6475325,-5.552488631709731,0.07720566,0.0059607136
2208,0,0,-5.559874,-5.584172,-5.377048482638333,0.18282557,0.033425186
2209,0,0,-5.374233,-5.421933,-5.347612507209613,0.026620388,0.00070864504
2210,0,0,-5.341785,-5.3944654,-5.340930285902433,0.0008544922,7.301569e-07
2211,0,0,-5.334365,-5.38822,-5.322161812945492,0.012203217,0.0001489185
2212,0,0,-5.313417,-5.370661,-5.392444064897937,0.079027176,0.0062452946
2213,0,0,-5.391051,-5.4362717,-5.471591992663335,0.080541134,0.006486874
2214,0,0,-5.475888,-5.5096774,-5.337380536393437,0.13850737,0.019184291
2215,0,0,-5.3304152,-5.384901,-5.392191256366736,0.06177616,0.003816294
2216,0,0,-5.390775,-5.4360356,-5.359060921665024,0.03171444,0.0010058057
2217,0,0,-5.35445,-5.405157,-5.420698367528164,0.06624794,0.0043887896
2218,0,0,-5.4216456,-5.462535,-5.423993221982012,0.0023474693,5.510612e-06
2219,0,0,-5.425191,-5.4655933,-5.403045891941014,0.022145271,0.00049041305
2220,0,0,-5.4025717,-5.4461336,-5.337612760484292,0.06495905,0.004219678
2221,0,0,-5.330673,-5.385118,-5.627143226550461,0.29647017,0.08789456
2222,0,0,-5.6350293,-5.6524286,-5.833283100753709,0.19825363,0.039304502
2223,0,0,-5.831532,-5.8384204,-5.824765262301108,0.006766796,4.578953e-05
2224,0,0,-5.823719,-5.830808,-5.711789353812933,0.11192989,0.012528301
2225,0,0,-5.7176237,-5.7292466,-5.642009708906017,0.075613976,0.005717473
2226,0,0,-5.649734,-5.6659646,-5.586766943331593,0.0629673,0.003964881
2227,0,0,-5.594657,-5.61557,-5.670039205613795,0.07538223,0.005682481
2228,0,0,-5.677227,-5.691435,-5.542839834283569,0.13438702,0.01805987
2229,0,0,-5.5499973,-5.575315,-5.538436592186727,0.011560917,0.0001336548
2230,0,0,-5.545478,-5.5712705,-5.504239219701821,0.041238785,0.0017006374
2231,0,0,-5.5101066,-5.539807,-5.569519801662013,0.059413433,0.003529956
2232,0,0,-5.5772142,-5.5997844,-5.659335980892303,0.08212185,0.0067439983
2233,0,0,-5.6667643,-5.6817164,-5.615597975715126,0.051166058,0.0026179655
2234,0,0,-5.6235504,-5.641904,-5.575373343918076,0.048177242,0.0023210468
2235,0,0,-5.583147,-5.605145,-5.70379336548418,0.12064648,0.0145555725
2236,0,0,-5.7099376,-5.722017,-5.69493291597667,0.015004635,0.00022513907
2237,0,0,-5.7013927,-5.713999,-5.851607912288417,0.15021515,0.022564592
2238,0,0,-5.848256,-5.854775,-6.023934138246022,0.17567825,0.03086285
2239,0,0,-5.9999576,-6.007109,-5.982780984520716,0.017176628,0.00029503656
2240,0,0,-5.9646225,-5.970972,-5.953200106781398,0.011422157,0.00013046568
2241,0,0,-5.938883,-5.9449024,-5.828922871826266,0.10996008,0.012091219
2242,0,0,-5.827535,-5.834525,-5.662483949835891,0.16505098,0.027241828
2243,0,0,-5.669846,-5.684576,-5.659290660934789,0.010555267,0.00011141367
2244,0,0,-5.66672,-5.6816754,-5.640615310326557,0.02610445,0.0006814423
2245,0,0,-5.6483583,-5.6646957,-5.6575214196378605,0.009162903,8.395879e-05
2246,0,0,-5.664986,-5.680069,-5.813953666091406,0.14896774,0.022191389
2247,0,0,-5.813764,-5.8211374,-5.761301463001448,0.052462578,0.002752322
2248,0,0,-5.7646904,-5.7738934,-5.826619628271695,0.061929226,0.003835229
2249,0,0,-5.825422,-5.832466,-5.915779209766595,0.0903573,0.008164442
2250,0,0,-5.905906,-5.911811,-5.8257280833638125,0.08017826,0.0064285537
2251,0,0,-5.8246036,-5.831669,-5.781034547551243,0.043569088,0.0018982654
2252,0,0,-5.783199,-5.7916284,-5.732647766411355,0.050550938,0.0025553973
2253,0,0,-5.737562,-5.748081,-5.800463841332111,0.0629015,0.003956598
2254,0,0,-5.8012857,-5.8090563,-5.821604579146396,0.020318985,0.00041286115
2255,0,0,-5.8208127,-5.8279815,-5.818037872370838,0.0027747154,7.699045e-06
2256,0,0,-5.8175297,-5.8247924,-5.590147926608288,0.2273817,0.05170244
2257,0,0,-5.5980616,-5.6186624,-5.476620537243472,0.12144089,0.014747889
2258,0,0,-5.4811873,-5.514324,-5.515452148495842,0.03426504,0.0011740931
2259,0,0,-5.5217576,-5.550133,-5.473502032925127,0.048255444,0.002328588
2260,0,0,-5.4779024,-5.5114427,-5.50729432242212,0.029391766,0.0008638759
2261,0,0,-5.5132866,-5.542622,-5.476180205540016,0.037106514,0.0013768934
2262,0,0,-5.4807243,-5.5139184,-5.389637259393352,0.091086864,0.008296817
2263,0,0,-5.3879924,-5.4336586,-5.371700492376453,0.016292095,0.00026543238
2264,0,0,-5.3683662,-5.416948,-5.371877722367904,0.0035114288,1.2330132e-05
2265,0,0,-5.3685603,-5.417113,-5.290146740836192,0.07841349,0.006148675
2266,0,0,-5.273145,-5.340642,-5.191435853606811,0.081709385,0.0066764234
2267,0,0,-5.144776,-5.2475767,-5.097445226212803,0.047330856,0.00224021
2268,0,0,-5.0073524,-5.1582613,-5.047266975067218,0.039914608,0.0015931759
2269,0,0,-4.9311223,-5.110305,-5.2566557759771655,0.3255334,0.105971985
2270,0,0,-5.2302356,-5.309152,-5.380545439228924,0.15031004,0.022593107
2271,0,0,-5.378062,-5.4251914,-5.450750107330032,0.0726881,0.00528356
2272,0,0,-5.453808,-5.4903975,-5.321888758393848,0.1319189,0.017402599
2273,0,0,-5.313111,-5.3704042,-5.285168224405522,0.027942657,0.0007807921
2274,0,0,-5.2668076,-5.335966,-5.311361452571277,0.044553757,0.0019850372
2275,0,0,-5.2999916,-5.3605423,-5.514861494107515,0.21486998,0.046169106
2276,0,0,-5.521146,-5.5495896,-5.444269827105015,0.07687616,0.0059099444
2277,0,0,-5.4469056,-5.4843955,-5.44589894176089,0.0010066032,1.0132501e-06
2278,0,0,-5.4486423,-5.485905,-5.331324911424305,0.1173172,0.013763325
2279,0,0,-5.3236637,-5.379237,-5.259387169885397,0.064276695,0.0041314936
2280,0,0,-5.2337604,-5.3117228,-5.274266065743034,0.040505886,0.0016407268
2281,0,0,-5.2528796,-5.325721,-5.256286104297391,0.0034065247,1.160441e-05
2282,0,0,-5.2297583,-5.308804,-5.541650439938451,0.31189203,0.09727664
2283,0,0,-5.548777,-5.574222,-5.593685580382037,0.044908524,0.0020167755
2284,0,0,-5.60162,-5.6218967,-5.494787119385312,0.10683298,0.0114132855
2285,0,0,-5.5002456,-5.5310926,-5.604242445754662,0.10399675,0.010815325
2286,0,0,-5.612209,-5.6315403,-5.698209811290449,0.08600092,0.0073961583
2287,0,0,-5.7045565,-5.716964,-5.632163195763664,0.07239342,0.005240807
2288,0,0,-5.640004,-5.657001,-5.681871167083078,0.04186678,0.0017528272
2289,0,0,-5.6887417,-5.702166,-5.845900412136015,0.15715885,0.024698904
2290,0,0,-5.8430595,-5.849685,-5.786792324217247,0.05626726,0.0031660048
2291,0,0,-5.788573,-5.796796,-5.760217545162297,0.028355122,0.00080401293
2292,0,0,-5.7636695,-5.772918,-5.778533976801319,0.014864445,0.00022095171
2293,0,0,-5.7808614,-5.789383,-5.909644784990968,0.12878323,0.016585119
2294,0,0,-5.9004564,-5.9063745,-5.879564638586245,0.020891666,0.00043646173
2295,0,0,-5.8735447,-5.8796678,-6.039315165842284,0.16577053,0.027479868
2296,0,0,-6.013026,-6.0205765,-6.148749224925871,0.13572311,0.018420763
2297,0,0,-6.103872,-6.115772,-6.086006907267929,0.017864704,0.00031914766
2298,0,0,-6.0522385,-6.0613265,-6.004849039545883,0.047389507,0.0022457654
2299,0,0,-5.983639,-5.990369,-6.015348832691258,0.031710148,0.0010055335
2300,0,0,-5.992631,-5.9995823,-6.046462163157198,0.0538311,0.0028977874
2301,0,0,-6.019072,-6.0268264,-5.916746362526415,0.10232592,0.010470593
2302,0,0,-5.906765,-5.9126678,-5.893427274789149,0.013337612,0.0001778919
2303,0,0,-5.885986,-5.891986,-5.774809160426821,0.11117649,0.012360212
2304,0,0,-5.777375,-5.786037,-5.714730318515809,0.06264496,0.0039243908
2305,0,0,-5.720445,-5.7319045,-5.812524938633875,0.09207964,0.00847866
2306,0,0,-5.812446,-5.819859,-5.740816110749846,0.07163,0.005130857
2307,0,0,-5.7453265,-5.7554474,-5.850175824344038,0.10484934,0.010993384
2308,0,0,-5.846953,-5.853497,-5.7595213982410645,0.08743143,0.007644255
2309,0,0,-5.7630134,-5.7722917,-6.001515498224943,0.23850203,0.056883216
2310,0,0,-5.980776,-5.9874415,-6.065252497214282,0.08447647,0.007136274
2311,0,0,-6.0348926,-6.0432363,-6.136354696802455,0.101462364,0.010294612
2312,0,0,-6.093766,-6.105045,-5.924134755492481,0.16963148,0.028774839
2313,0,0,-5.91331,-5.91921,-5.9024006415126,0.010909557,0.00011901844
2314,0,0,-5.8940034,-5.8999496,-6.062188468890454,0.16818523,0.028286273
2315,0,0,-6.0323205,-6.0405636,-6.224427119974186,0.19210672,0.036904994
2316,0,0,-6.1645827,-6.1809626,-6.341057337265308,0.17647457,0.031143274
2317,0,0,-6.2551336,-6.2803936,-6.159063659016425,0.09606981,0.009229409
2318,0,0,-6.1122456,-6.124688,-6.10021620554036,0.012029171,0.00014470096
2319,0,0,-6.0640373,-6.073687,-5.952029944942773,0.11200714,0.0125456
2320,0,0,-5.9378586,-5.9438686,-5.925172365994537,0.012686253,0.00016094101
2321,0,0,-5.9142275,-5.9201293,-5.764167943355718,0.1500597,0.022517914
2322,0,0,-5.7673874,-5.776472,-5.703041021300271,0.06434631,0.004140448
2323,0,0,-5.7092137,-5.721337,-5.734431954773839,0.02521801,0.00063594803
2324,0,0,-5.7392597,-5.749691,-5.690512492495728,0.048747063,0.002376276
2325,0,0,-5.6971188,-5.709995,-5.621962668980046,0.07515621,0.005648456
2326,0,0,-5.6298847,-5.647707,-5.688208200402118,0.058323383,0.003401617
2327,0,0,-5.694888,-5.7079086,-5.656004500447946,0.038883686,0.0015119411
2328,0,0,-5.6634984,-5.67869,-5.585816499036108,0.07768202,0.006034496
2329,0,0,-5.5936985,-5.6147013,-5.68429987766225,0.090601444,0.008208621
2330,0,0,-5.691099,-5.7043676,-5.604891937829999,0.08620739,0.007431714
2331,0,0,-5.612859,-5.6321335,-5.645441173458554,0.032582283,0.0010616052
2332,0,0,-5.653116,-5.6690865,-5.568479567402598,0.08463669,0.007163369
2333,0,0,-5.5761585,-5.598832,-5.701797244363934,0.12563848,0.01578503
2334,0,0,-5.708015,-5.7202115,-5.6341737461973205,0.073841095,0.005452507
2335,0,0,-5.641994,-5.6588326,-5.6597654592321245,0.017771244,0.0003158171
2336,0,0,-5.667185,-5.6821074,-5.579527880276891,0.087656975,0.007683745
2337,0,0,-5.5873504,-5.6089478,-5.56977289121021,0.017577648,0.00030897371
2338,0,0,-5.577471,-5.6000156,-5.593478630578626,0.0160079,0.00025625288
2339,0,0,-5.6014123,-5.6217074,-5.455550928676734,0.14586115,0.021275476
2340,0,0,-5.4589105,-5.4948416,-5.409232821373214,0.04967785,0.0024678886
2341,0,0,-5.4092717,-5.451885,-5.4231343701064585,0.01386261,0.00019217195
2342,0,0,-5.424267,-5.464796,-5.498091242517925,0.073824406,0.005450043
2343,0,0,-5.5036974,-5.5341396,-5.559563424205381,0.05586624,0.003121037
2344,0,0,-5.5670915,-5.59066,-5.474647113454133,0.09244442,0.008545971
2345,0,0,-5.4791093,-5.5125012,-5.406324565530466,0.0727849,0.0052976417
2346,0,0,-5.406124,-5.449182,-5.3956734064357965,0.01045084,0.000109220055
2347,0,0,-5.394565,-5.4392767,-5.44093760371999,0.046372414,0.0021504008
2348,0,0,-5.443349,-5.481308,-5.386254540654073,0.057094574,0.0032597904
2349,0,0,-5.384302,-5.4305096,-5.437056818072185,0.05275488,0.0027830773
2350,0,0,-5.4392014,-5.4777117,-5.305330180749151,0.13387108,0.017921466
2351,0,0,-5.2923856,-5.354889,-5.410297528799497,0.117911816,0.013903196
2352,0,0,-5.4104233,-5.452874,-5.438114570885976,0.027691364,0.00076681166
2353,0,0,-5.4403324,-5.478691,-5.412299871992491,0.028032303,0.00078581
2354,0,0,-5.4125876,-5.454735,-5.461039491297118,0.0484519,0.0023475867
2355,0,0,-5.464731,-5.49992,-5.35533475714973,0.10939646,0.0119675845
2356,0,0,-5.3503346,-5.401678,-5.44429483792659,0.093960285,0.008828535
2357,0,0,-5.446932,-5.484419,-5.357741756685529,0.089190006,0.007954857
2358,0,0,-5.352994,-5.403926,-5.23222716420087,0.12076664,0.014584581
2359,0,0,-5.1985235,-5.286128,-5.38060563043422,0.18208218,0.033153918
2360,0,0,-5.378127,-5.425247,-5.413924565928705,0.035797596,0.0012814678
2361,0,0,-5.414342,-5.456244,-5.425140984099659,0.010798931,0.00011661692
2362,0,0,-5.4264245,-5.466659,-5.419670735848372,0.0067539215,4.5615456e-05
2363,0,0,-5.420539,-5.4615803,-5.284838278348998,0.1357007,0.01841468
2364,0,0,-5.2663875,-5.3356566,-5.239845168748277,0.026542187,0.00070448767
2365,0,0,-5.2084503,-5.293313,-5.249088974571583,0.040638447,0.0016514834
2366,0,0,-5.2204504,-5.3020263,-5.277858830351208,0.057408333,0.0032957166
2367,0,0,-5.2574773,-5.3290987,-5.112763290504589,0.14471388,0.020942107
2368,0,0,-5.0302596,-5.1728644,-5.373763740920937,0.34350395,0.117994964
2369,0,0,-5.3706303,-5.4188714,-5.485471018567787,0.114840984,0.0131884515
2370,0,0,-5.49049,-5.5224977,-5.305658184164044,0.18483162,0.034162726
2371,0,0,-5.2928004,-5.355196,-5.156126838129914,0.13667345,0.018679632
2372,0,0,-5.094202,-5.2141037,-5.1853278032753165,0.091125965,0.008303941
2373,0,0,-5.1365194,-5.241794,-5.186385649250458,0.0498662,0.0024866378
2374,0,0,-5.138042,-5.2427955,-5.219193018029383,0.08115101,0.0065854862
2375,0,0,-5.1814575,-5.273823,-5.140078686263872,0.041378975,0.0017122196
2376,0,0,-5.070692,-5.1988583,-4.918509569832612,0.15218258,0.023159537
2377,0,0,-4.6880593,-4.9864,-4.823636048379947,0.13557673,0.018381048
2378,0,0,-4.461896,-4.8943415,-4.879958836385728,0.4180627,0.1747764
2379,0,0,-4.5975647,-4.9490695,-4.840419759374342,0.24285507,0.058978587
2380,0,0,-4.502756,-4.910673,-4.737156002167274,0.2343998,0.054943264
2381,0,0,-4.2454395,-4.8098855,-4.686418233238587,0.44097853,0.19446206
2382,0,0,-4.113773,-4.760101,-4.613160128805135,0.49938726,0.24938764
2383,0,0,-3.9175057,-4.6879206,-4.536356581529598,0.6188507,0.3829762
2384,0,0,-3.7038686,-4.611882,-4.612966785842599,0.9090984,0.8264599
2385,1,0,-4.5398436,-4.6877303,-4.4891616233191325,0.050682068,0.002568672
2386,1,0,-4.434531,-4.5649757,-4.415161522718716,0.019369602,0.0003751815
2387,1,0,-4.3706474,-4.491159,-4.509988453855113,0.13934088,0.01941588
2388,1,0,-4.4523854,-4.585692,-4.532615379975131,0.08022976,0.006436814
2389,1,0,-4.471719,-4.6081686,-4.492492147581429,0.02077341,0.0004315346
2390,1,0,-4.437389,-4.5682898,-4.512325174782072,0.07493639,0.0056154625
2391,1,0,-4.4543834,-4.5880146,-4.648661355505341,0.19427776,0.037743848
2392,1,0,-4.569837,-4.722943,-4.506140518891265,0.063696384,0.0040572295
2393,1,0,-4.44909,-4.5818667,-4.468481088660501,0.01939106,0.0003760132
2394,1,0,-4.4167476,-4.5443788,-4.494258914489433,0.07751131,0.0060080034
2395,1,0,-4.4389057,-4.5700483,-4.540775311489858,0.10186958,0.010377412
2396,1,0,-4.4786754,-4.6162667,-4.486867770616616,0.008192539,6.71177e-05
2397,1,0,-4.4325604,-4.5626926,-4.542095906709118,0.109535694,0.011998069
2398,1,0,-4.4797997,-4.6175776,-4.405851685003419,0.07394791,0.005468293
2399,1,0,-4.3625603,-4.4818497,-4.563818943842257,0.20125866,0.040505048
2400,1,0,-4.4982734,-4.639113,-4.665295296994694,0.16702175,0.027896265
2401,1,0,-4.5837574,-4.739324,-4.802256698552576,0.21849918,0.047741894
2402,1,0,-4.6969776,-4.8735094,-4.876545761980994,0.17956829,0.03224477
2403,1,0,-4.7573376,-4.9457593,-4.8590933270402505,0.10175562,0.010354206
2404,1,0,-4.743225,-4.9288206,-4.854884273503584,0.11165905,0.012467744
2405,1,0,-4.7398157,-4.924732,-5.117141401652275,0.37732553,0.14237456
2406,1,0,-4.94764,-5.177034,-5.112743485341308,0.16510344,0.027259145
2407,1,0,-4.9442334,-5.172845,-5.163593842582825,0.21936035,0.048118964
2408,1,0,-4.9792004,-5.2211905,-5.034111275832008,0.054911137,0.003015233
2409,1,0,-4.882869,-5.0977015,-4.959452696826372,0.07658386,0.0058650877
2410,1,0,-4.8238125,-5.025931,-4.97984113783089,0.15602875,0.02434497
2411,1,0,-4.8400173,-5.0455713,-4.974279663641075,0.13426256,0.018026436
2412,1,0,-4.835602,-5.0402164,-4.969709268566344,0.13410759,0.017984845
2413,1,0,-4.831972,-5.035815,-4.913084440597536,0.081112385,0.006579219
2414,1,0,-4.7867494,-4.9811525,-4.827219832633075,0.0404706,0.0016378695
2415,1,0,-4.7173433,-4.8978305,-4.660441217148586,0.05690193,0.0032378298
2416,1,0,-4.5796995,-4.7345457,-4.618958036220253,0.03925848,0.0015412283
2417,1,0,-4.5448885,-4.6936464,-4.500135954686684,0.044752598,0.002002795
2418,1,0,-4.443945,-4.5758953,-4.542243977109486,0.09829903,0.009662699
2419,1,0,-4.4799266,-4.6177244,-4.593013715147854,0.11308718,0.012788709
2420,1,0,-4.5230055,-4.6680107,-4.572896392859772,0.049890995,0.0024891114
2421,1,0,-4.5059757,-4.6481037,-4.730451747596897,0.22447586,0.050389413
2422,1,0,-4.6379313,-4.8033166,-4.832211725478389,0.19428015,0.037744775
2423,1,0,-4.7214055,-4.9026885,-4.639092718704251,0.082312584,0.0067753615
2424,1,0,-4.5618134,-4.7135115,-4.626198741513703,0.064385414,0.0041454816
2425,1,0,-4.550982,-4.700793,-4.64926446870635,0.09828234,0.009659418
2426,1,0,-4.570342,-4.723537,-4.560069734479014,0.010272503,0.00010552432
2427,1,0,-4.4950895,-4.635399,-4.45870873100898,0.036380768,0.0013235603
2428,1,0,-4.4083242,-4.5346375,-4.350691578619703,0.057632446,0.0033214989
2429,1,0,-4.31443,-4.4265885,-4.284096341139897,0.030333996,0.0009201513
2430,1,0,-4.2558193,-4.359644,-4.277049772728467,0.02123022,0.00045072226
2431,1,0,-4.249585,-4.352546,-4.092935112448734,0.15665007,0.024539243
2432,1,0,-4.084607,-4.166173,-4.146592855687392,0.06198597,0.0038422605
2433,1,0,-4.133102,-4.2206674,-4.216899034636621,0.08379698,0.0070219333
2434,1,0,-4.1961308,-4.29185,-4.278023802611693,0.08189297,0.006706458
2435,1,0,-4.2504473,-4.3535275,-4.459240812043129,0.20879364,0.043594785
2436,1,0,-4.4087834,-4.5351677,-4.548767538822526,0.13998413,0.019595556
2437,1,0,-4.4854803,-4.6241946,-4.582887412046289,0.09740734,0.0094881905
2438,1,0,-4.5144396,-4.6579943,-4.491282917625575,0.023156643,0.0005362301
2439,1,0,-4.4363523,-4.567087,-4.49840356595125,0.062051296,0.0038503634
2440,1,0,-4.442461,-4.5741715,-4.456036373872853,0.013575554,0.00018429567
2441,1,0,-4.406019,-4.531973,-4.433237203377882,0.027217865,0.00074081216
2442,1,0,-4.3863153,-4.5092196,-4.417912601297751,0.031597137,0.0009983791
2443,1,0,-4.3730345,-4.493909,-4.4491306458701,0.07609606,0.00579061
2444,1,0,-4.4000587,-4.525084,-4.457514597071815,0.057456017,0.003301194
2445,1,0,-4.4072948,-4.533447,-4.429173257203806,0.02187872,0.00047867835
2446,1,0,-4.3827963,-4.505161,-4.353564673219051,0.029231548,0.0008544834
2447,1,0,-4.316946,-4.429471,-4.214170909532626,0.1027751,0.010562721
2448,1,0,-4.193695,-4.2890925,-4.195663405015624,0.0019683838,3.8745347e-06
2449,1,0,-4.1771545,-4.2703767,-4.244501044344429,0.06734657,0.004535561
2450,1,0,-4.2207136,-4.3197265,-4.301000129421568,0.0802865,0.0064459224
2451,1,0,-4.270747,-4.37666,-4.316677153542935,0.04592991,0.0021095565
2452,1,0,-4.284561,-4.392427,-4.316121652817833,0.03156042,0.0009960602
2453,1,0,-4.284072,-4.3918676,-4.257281970266833,0.026790142,0.0007177117
2454,1,0,-4.232066,-4.33262,-4.168838758557971,0.06322718,0.003997676
2455,1,0,-4.1531086,-4.243218,-3.941193537255044,0.21191502,0.044907976
2456,1,0,-3.9456797,-4.011327,-3.92291364380202,0.022766113,0.0005182959
2457,1,0,-3.9287689,-3.9926033,-3.937052913424121,0.008284092,6.862618e-05
2458,1,0,-3.9418519,-4.0070868,-3.938436190069911,0.0034155846,1.1666218e-05
2459,1,0,-3.9431312,-4.008504,-4.085843752759752,0.14271235,0.020366816
2460,1,0,-4.0781727,-4.158961,-4.192701155162231,0.114528656,0.013116813
2461,1,0,-4.174504,-4.2673793,-4.150681583130539,0.023822308,0.00056750234
2462,1,0,-4.1367836,-4.224814,-4.27759879490457,0.14081526,0.019828936
2463,1,0,-4.250072,-4.353099,-4.264109459709468,0.014037609,0.00019705447
2464,1,0,-4.238122,-4.339505,-4.230513039926996,0.0076088905,5.7895217e-05
2465,1,0,-4.208267,-4.305605,-4.323585350435073,0.1153183,0.01329831
2466,1,0,-4.290639,-4.3993697,-4.460235410045256,0.16959667,0.028763032
2467,1,0,-4.4096413,-4.5361595,-4.355311784596253,0.054329395,0.0029516832
2468,1,0,-4.3184757,-4.431225,-4.401423993767764,0.08294821,0.0068804054
2469,1,0,-4.358711,-4.47742,-4.306245104252218,0.05246544,0.0027526224
2470,1,0,-4.2753725,-4.381936,-4.317716261034429,0.042343616,0.0017929819
2471,1,0,-4.2854757,-4.3934712,-4.216332332112999,0.069143295,0.0047807954
2472,1,0,-4.1956253,-4.291277,-4.287987623731984,0.092362404,0.008530813
2473,1,0,-4.259259,-4.363562,-4.326090928217348,0.06683159,0.0044664615
2474,1,0,-4.292842,-4.401888,-4.508481659447773,0.21563959,0.046500433
2475,1,0,-4.4510946,-4.584194,-4.524050256529951,0.07295561,0.0053225206
2476,1,0,-4.4644084,-4.5996647,-4.725105766661989,0.26069736,0.067963116
2477,1,0,-4.6335073,-4.7980766,-4.77798485305618,0.14447737,0.02087371
2478,1,0,-4.677096,-4.8498216,-4.792719419079575,0.115623474,0.013368788
2479,1,0,-4.6891756,-4.8642063,-4.672704616295945,0.01647091,0.00027129086
2480,1,0,-4.589946,-4.746616,-4.59171870320963,0.0017728806,3.1431055e-06
2481,1,0,-4.5219107,-4.6667295,-4.466675769905236,0.05523491,0.0030508952
2482,1,0,-4.4151917,-4.5425797,-4.41576079165557,0.00056934357,3.241521e-07
2483,1,0,-4.371166,-4.4917583,-4.48938309741643,0.11821699,0.013975257
2484,1,0,-4.4347205,-4.565196,-4.587189921413724,0.15246964,0.02324699
2485,1,0,-4.518081,-4.662251,-4.515601984796047,0.0024790764,6.1458195e-06
2486,1,0,-4.4571877,-4.5912714,-4.357748384775298,0.099439144,0.009888143
2487,1,0,-4.3206086,-4.4336677,-4.410727229710389,0.09011841,0.0081213275
2488,1,0,-4.366797,-4.4867253,-4.475135257894389,0.108338356,0.0117371995
2489,1,0,-4.422475,-4.5510087,-4.583133070443518,0.16065836,0.025811108
2490,1,0,-4.5146465,-4.6582365,-4.530643531153019,0.015996933,0.00025590186
2491,1,0,-4.4700365,-4.606211,-4.540865146646492,0.07082844,0.005016668
2492,1,0,-4.4787517,-4.6163564,-4.623499366473228,0.14474773,0.020951906
2493,1,0,-4.548712,-4.698129,-4.723648732591875,0.17493677,0.030602874
2494,1,0,-4.6323013,-4.7966475,-4.658912805852541,0.026611328,0.0007081628
2495,1,0,-4.57842,-4.733041,-4.664423905234696,0.08600378,0.00739665
2496,1,0,-4.583029,-4.7384663,-4.577764167885182,0.005264759,2.7717688e-05
2497,1,0,-4.5101004,-4.6529236,-4.606697338575523,0.096597195,0.009331018
2498,1,0,-4.534559,-4.6815367,-4.643029962317833,0.10847139,0.0117660435
2499,1,0,-4.565116,-4.717393,-4.529850619664601,0.035265446,0.0012436516
2500,1,0,-4.4693604,-4.605424,-4.506293973746695,0.036933422,0.0013640777
2501,1,0,-4.4492216,-4.582019,-4.430294453621903,0.018927097,0.000358235
2502,1,0,-4.383767,-4.5062804,-4.435560905359735,0.051793575,0.0026825743
2503,1,0,-4.388327,-4.5115395,-4.493225280005092,0.104897976,0.0110035855
2504,1,0,-4.438019,-4.56902,-4.43159539139848,0.0064234734,4.126101e-05
2505,1,0,-4.3848934,-4.5075793,-4.288187896994167,0.09670544,0.009351942
2506,1,0,-4.2594357,-4.3637643,-4.368075066153191,0.10863924,0.011802484
2507,1,0,-4.3296385,-4.444022,-4.232645202596009,0.09699345,0.009407729
2508,1,0,-4.210166,-4.3077574,-4.26562004233687,0.055454254,0.0030751743
2509,1,0,-4.239461,-4.3410273,-4.177413143928443,0.06204796,0.0038499492
2510,1,0,-4.160804,-4.251903,-4.0150921250321385,0.1457119,0.021231957
2511,1,0,-4.0136614,-4.0868692,-3.934844827769798,0.07881665,0.0062120645
2512,1,0,-3.93981,-4.0048265,-3.9723315869659688,0.032521486,0.001057647
2513,1,0,-3.9743993,-4.0431876,-4.030255337089682,0.05585599,0.0031198915
2514,1,0,-4.0275364,-4.1023397,-4.0817679907816,0.054231644,0.0029410713
2515,1,0,-4.0744715,-4.1548147,-4.119583838126778,0.045112133,0.0020351044
2516,1,0,-4.108733,-4.1932545,-4.0093226710208825,0.099410534,0.009882454
2517,1,0,-4.008377,-4.0809813,-4.063786848864244,0.05540991,0.0030702578
2518,1,0,-4.0581236,-4.136512,-4.183365472421359,0.12524176,0.015685497
2519,1,0,-4.1661406,-4.2579308,-4.184627106571067,0.0184865,0.00034175068
2520,1,0,-4.167272,-4.2592077,-4.292192393024508,0.12492037,0.015605099
2521,1,0,-4.262973,-4.3677955,-4.23592369037751,0.027049065,0.0007316519
2522,1,0,-4.213084,-4.3110676,-4.229329519772227,0.016245365,0.00026391188
2523,1,0,-4.2072134,-4.3044095,-4.228930468693839,0.021717072,0.00047163118
2524,1,0,-4.2068567,-4.3040056,-4.099253740996328,0.10760307,0.011578421
2525,1,0,-4.090335,-4.172598,-4.028597572895803,0.061737537,0.0038115236
2526,1,0,-4.0260215,-4.100649,-3.947777448151288,0.07824397,0.006122119
2527,1,0,-3.9517603,-4.0180683,-3.997411337370406,0.04565096,0.00208401
2528,1,0,-3.9974532,-4.068818,-4.08055644029061,0.08310318,0.0069061387
2529,1,0,-4.073372,-4.1535816,-4.223683434364657,0.15031147,0.022593537
2530,1,0,-4.202182,-4.2987056,-4.28401611350265,0.081834316,0.006696855
2531,1,0,-4.255748,-4.3595634,-4.273702493956643,0.017954826,0.0003223758
2532,1,0,-4.246622,-4.3491735,-4.225228733487152,0.0213933,0.00045767325
2533,1,0,-4.2035594,-4.3002667,-4.297078147054651,0.093518734,0.008745753
2534,1,0,-4.2672873,-4.372713,-4.249631070750389,0.017656326,0.00031174585
2535,1,0,-4.2252727,-4.3249025,-4.250371319220931,0.0250988,0.0006299498
2536,1,0,-4.225931,-4.3256493,-4.341479207746752,0.115548134,0.0133513715
2537,1,0,-4.306354,-4.417343,-4.355710007071579,0.049355984,0.0024360132
2538,1,0,-4.318824,-4.431623,-4.253969531089063,0.064854145,0.00420606
2539,1,0,-4.229126,-4.329279,-4.159433902864984,0.069692135,0.0048569934
2540,1,0,-4.144657,-4.2336874,-4.209841899822947,0.06518459,0.004249031
2541,1,0,-4.189831,-4.284716,-4.191930364284133,0.002099514,4.407959e-06
2542,1,0,-4.173814,-4.266599,-4.2144200705746,0.040606022,0.001648849
2543,1,0,-4.193918,-4.289345,-4.0578115863218605,0.13610649,0.018524976
2544,1,0,-4.0526824,-4.130426,-4.080715312056252,0.02803278,0.0007858367
2545,1,0,-4.073516,-4.153743,-4.271148741446022,0.19763279,0.03905872
2546,1,0,-4.24436,-4.346601,-4.154104580354404,0.09025526,0.008146012
2547,1,0,-4.139864,-4.228285,-4.220733728606652,0.080869675,0.0065399045
2548,1,0,-4.1995516,-4.2957253,-4.125005964791225,0.07454538,0.005557014
2549,1,0,-4.1136327,-4.19876,-3.914597613967977,0.19903517,0.039614998
2550,1,0,-3.9210644,-3.9840806,-3.819040708595,0.1020236,0.010408815
2551,1,0,-3.8319888,-3.8859415,-3.913541297206085,0.081552505,0.006650811
2552,1,0,-3.920085,-3.9829981,-3.987732714063773,0.067647696,0.004576211
2553,1,0,-3.9885645,-4.0589304,-3.952627171590496,0.03593731,0.0012914902
2554,1,0,-3.9562376,-4.0230303,-3.908624260992191,0.047613382,0.0022670343
2555,1,0,-3.9155245,-3.977957,-3.8003103820338566,0.11521411,0.013274291
2556,1,0,-3.8144155,-3.8665478,-3.8239181117692302,0.009502649,9.0300346e-05
2557,1,0,-3.8365595,-3.8909597,-3.941563891988331,0.10500431,0.011025906
2558,1,0,-3.9460218,-4.0117064,-3.763497713750952,0.18252397,0.033315
2559,1,0,-3.7797678,-3.8276398,-3.777852113230015,0.0019156933,3.6698807e-06
2560,1,0,-3.7932947,-3.8428125,-3.714163175438409,0.0791316,0.0062618107
2561,1,0,-3.7331157,-3.775486,-3.641001879006663,0.09211373,0.00848494
2562,1,0,-3.6634777,-3.6981258,-3.488801568814752,0.17467618,0.030511769
2563,1,0,-3.516935,-3.5371723,-3.582853665875528,0.065918446,0.0043452415
2564,1,0,-3.607752,-3.6366336,-3.5071848835729176,0.1005671,0.010113742
2565,1,0,-3.5347514,-3.5566113,-3.472650374448715,0.062101126,0.0038565497
2566,1,0,-3.5012562,-3.520093,-3.486165206948335,0.015090942,0.00022773654
2567,1,0,-3.514377,-3.534384,-3.6561862901985016,0.14180923,0.020109857
2568,1,0,-3.6779747,-3.7141833,-3.873313419563071,0.19533873,0.038157217
2569,1,0,-3.8827012,-3.9417262,-3.8524707004182255,0.030230522,0.0009138845
2570,1,0,-3.8632624,-3.9203174,-3.988884092625372,0.1256218,0.015780836
2571,1,0,-3.989623,-4.0601068,-3.821633059090879,0.16798997,0.02822063
2572,1,0,-3.8344185,-3.8886087,-3.7901566741562105,0.044261932,0.0019591188
2573,1,0,-3.8048732,-3.8558173,-3.531212750291195,0.27366042,0.074890025
2574,1,0,-3.5579908,-3.5820215,-3.436594169036841,0.12139654,0.01473712
2575,1,0,-3.4661703,-3.4819684,-3.437613728286016,0.028556585,0.00081547856
2576,1,0,-3.4671626,-3.483046,-3.589413780180733,0.12225127,0.014945374
2577,1,0,-3.6140559,-3.6435711,-3.5173173437169187,0.09673858,0.009358352
2578,1,0,-3.544558,-3.5673268,-3.5632032220693914,0.018645287,0.0003476467
2579,1,0,-3.5888472,-3.6158526,-3.699326115358057,0.11047888,0.012205582
2580,1,0,-3.7190366,-3.7597988,-3.51480908817636,0.20422745,0.04170885
2581,1,0,-3.5421317,-3.5646749,-3.3749639432902976,0.16716766,0.027945029
2582,1,0,-3.4059272,-3.4168136,-3.5335199815810423,0.1275928,0.016279923
2583,1,0,-3.56022,-3.5844612,-3.5456919405810448,0.014528036,0.00021106383
2584,1,0,-3.5719688,-3.5973332,-3.537599172227117,0.034369707,0.0011812767
2585,1,0,-3.5641594,-3.5887754,-3.513489237571206,0.050670147,0.0025674638
2586,1,0,-3.5408547,-3.5632792,-3.3944510685053366,0.14640355,0.021434
2587,1,0,-3.4250116,-3.437413,-3.313699561261674,0.11131215,0.012390395
2588,1,0,-3.3457136,-3.3520646,-3.5138364369164297,0.16812277,0.028265266
2589,1,0,-3.54119,-3.5636458,-3.52475775663628,0.016432047,0.00027001215
2590,1,0,-3.551753,-3.5751953,-3.601615789152159,0.04986286,0.002486305
2591,1,0,-3.625769,-3.656475,-3.728630017902976,0.102861166,0.01058042
2592,1,0,-3.746822,-3.79078,-3.81854257210202,0.07172036,0.00514381
2593,1,0,-3.8315225,-3.8854284,-3.7002783763826654,0.13124418,0.017225035
2594,1,0,-3.719941,-3.760805,-3.5069700707143348,0.21297073,0.045356534
2595,1,0,-3.5345435,-3.5563846,-3.5698876765839174,0.035344124,0.0012492071
2596,1,0,-3.5952826,-3.6229222,-3.395381281191117,0.19990134,0.03996055
2597,1,0,-3.425922,-3.4383965,-3.4577418847319668,0.03182006,0.0010125161
2598,1,0,-3.4867628,-3.5043292,-3.531799293473033,0.045036554,0.002028291
2599,1,0,-3.5585573,-3.5826416,-3.5123995885017627,0.0461576,0.0021305238
2600,1,0,-3.5398002,-3.5621266,-3.3594083621357185,0.18039179,0.032541197
2601,1,0,-3.390668,-3.400371,-3.2826140695168404,0.10805392,0.01167565
2602,1,0,-3.31504,-3.31922,-3.239563507824651,0.07547665,0.005696724
2603,1,0,-3.2724278,-3.2737448,-3.237975272089194,0.03445244,0.0011869705
2604,1,0,-3.2708533,-3.2720668,-3.188144773871493,0.0827086,0.006840712
2605,1,0,-3.2213385,-3.2194505,-3.230536137617101,0.009197712,8.459791e-05
2606,1,0,-3.263473,-3.2642105,-3.319308114731224,0.05583501,0.0031175483
2607,1,0,-3.3512394,-3.357991,-3.327408625201224,0.02383089,0.00056791137
2608,1,0,-3.3592153,-3.3665512,-3.287362954797521,0.07185221,0.0051627397
2609,1,0,-3.319731,-3.3242366,-3.358613917560381,0.03888297,0.0015118854
2610,1,0,-3.3898878,-3.3995314,-3.267749338948693,0.1221385,0.014917813
2611,1,0,-3.3003433,-3.3035157,-3.214327916490549,0.08601546,0.00739866
2612,1,0,-3.2473798,-3.2470944,-3.2662910847315723,0.018911362,0.0003576396
2613,1,0,-3.2989008,-3.3019755,-3.245803149204684,0.053097725,0.0028193684
2614,1,0,-3.2786138,-3.2803342,-3.3054186895282083,0.026804924,0.00071850396
2615,1,0,-3.3375506,-3.3433142,-3.3248492811908554,0.012701273,0.00016132233
2616,1,0,-3.3566961,-3.3638468,-3.1877442322122818,0.16895199,0.028544774
2617,1,0,-3.2209384,-3.219027,-3.1130821658089625,0.10785627,0.011632976
2618,1,0,-3.1463847,-3.1402361,-2.9958690132580177,0.1505158,0.022655005
2619,1,0,-3.0285096,-3.016671,-2.961443980298501,0.067065716,0.0044978103
2620,1,0,-2.993707,-2.9804146,-3.0188524190012545,0.02514553,0.0006322977
2621,1,0,-3.0517,-3.0408857,-2.932157911464237,0.11954212,0.014290319
2622,1,0,-2.964037,-2.9495852,-3.072202638508747,0.10816574,0.011699827
2623,1,0,-3.1053867,-3.0971217,-3.024105656862576,0.081281185,0.006606631
2624,1,0,-3.0569959,-3.0464218,-2.9001063426449,0.15688944,0.024614297
2625,1,0,-2.931501,-2.9158595,-2.9337375966652464,0.0022366047,5.0024005e-06
2626,1,0,-2.9656384,-2.9512477,-2.971450147992273,0.0058116913,3.3775756e-05
2627,1,0,-3.0038311,-2.990952,-3.0696154732779544,0.065784216,0.004327563
2628,1,0,-3.1027884,-3.0943935,-3.0778323457524315,0.024955988,0.0006228013
2629,1,0,-3.1110404,-3.1030583,-2.790566551766154,0.3204739,0.10270353
2630,1,0,-2.8198166,-2.8007257,-2.690822467682733,0.12899423,0.01663951
2631,1,0,-2.7175083,-2.6960778,-2.8168745095738057,0.09936619,0.00987364
2632,1,0,-2.846706,-2.828358,-2.959174760525218,0.11246896,0.012649266
2633,1,0,-2.9914098,-2.9780257,-2.9723614095972275,0.019048452,0.00036284354
2634,1,0,-3.004753,-2.9919114,-3.058690195566914,0.053937197,0.0029092212
2635,1,0,-3.0918083,-3.0828753,-3.054128065880155,0.03768015,0.0014197936
2636,1,0,-3.0872214,-3.078066,-3.160014701752381,0.072793245,0.0052988566
2637,1,0,-3.1932995,-3.1897576,-3.349594833719757,0.1562953,0.02442822
2638,1,0,-3.381032,-3.389999,-3.3817048853079776,0.00067281723,4.5268303e-07
2639,1,0,-3.412532,-3.4239392,-3.368703389129818,0.043828726,0.0019209572
2640,1,0,-3.3997877,-3.410196,-3.3739574439487896,0.025830269,0.0006672028
2641,1,0,-3.4049401,-3.4157493,-3.378975593685734,0.025964499,0.0006741552
2642,1,0,-3.409858,-3.421054,-3.39926072376149,0.010597229,0.00011230126
2643,1,0,-3.4297168,-3.442498,-3.3005717128989507,0.12914515,0.01667847
2644,1,0,-3.3327694,-3.3381927,-3.2783426452882205,0.05442667,0.0029622624
2645,1,0,-3.3108187,-3.3147066,-3.204968045023208,0.1058507,0.01120437
2646,1,0,-3.238077,-3.2372112,-3.1664966354869954,0.07158017,0.005123721
2647,1,0,-3.1997657,-3.1965988,-3.200106620459875,0.00034093857,1.1623911e-07
2648,1,0,-3.2332416,-3.232079,-2.980989700639095,0.25225186,0.063631006
2649,1,0,-3.0134776,-3.0009987,-2.907858185591093,0.10561943,0.011155464
2650,1,0,-2.9393756,-2.9240148,-2.911849791466897,0.027525902,0.00075767527
2651,1,0,-2.943429,-2.9282143,-2.937589126987108,0.0058398247,3.4103552e-05
2652,1,0,-2.969544,-2.9553018,-2.971867674820868,0.0023236275,5.3992444e-06
2653,1,0,-3.0042534,-2.9913914,-2.958357717546666,0.045895576,0.002106404
2654,1,0,-2.9905837,-2.9771655,-3.0442958117610845,0.05371213,0.0028849929
2655,1,0,-3.0773294,-3.067701,-3.053195324893888,0.02413416,0.00058245764
2656,1,0,-3.0862834,-3.077082,-2.8842998986370363,0.20198345,0.040797316
2657,1,0,-2.9154308,-2.8992333,-2.748777866590277,0.16665292,0.027773196
2658,1,0,-2.7770214,-2.756859,-2.6887331486228807,0.08828831,0.0077948254
2659,1,0,-2.715359,-2.6938884,-2.810399275931431,0.09504032,0.009032663
2660,1,0,-2.8400912,-2.8215563,-2.737615815082911,0.102475405,0.010501209
2661,1,0,-2.7655737,-2.7451477,-2.8596403235827124,0.09406662,0.008848529
2662,1,0,-2.8903286,-2.8733032,-2.969797846977294,0.079469204,0.0063153543
2663,1,0,-3.00216,-2.9892118,-2.8343887441483124,0.16777134,0.028147222
2664,1,0,-2.8645844,-2.8467607,-2.708211805554689,0.15637255,0.024452373
2665,1,0,-2.7353833,-2.7143085,-2.7123553098784208,0.023027897,0.000530284
2666,1,0,-2.7396405,-2.718653,-2.7160781932255245,0.023562193,0.0005551769
2667,1,0,-2.743465,-2.722557,-2.6149174116235376,0.12854743,0.016524442
2668,1,0,-2.6392927,-2.6165755,-2.5839231650284065,0.055369616,0.0030657942
2669,1,0,-2.6072721,-2.584148,-2.5535920142234887,0.05368018,0.0028815619
2670,1,0,-2.5758936,-2.5524356,-2.523117368094532,0.052776337,0.0027853418
2671,1,0,-2.5443215,-2.5205927,-2.67393377348648,0.1296122,0.016799325
2672,1,0,-2.700131,-2.6783788,-2.5925363258669503,0.10759473,0.0115766255
2673,1,0,-2.6161764,-2.5931575,-2.712163590471916,0.09598732,0.009213566
2674,1,0,-2.7394438,-2.7184527,-2.7760006064929783,0.03655672,0.0013363939
2675,1,0,-2.8049114,-2.785432,-2.7718256884012877,0.033085585,0.001094656
2676,1,0,-2.800636,-2.781048,-2.6708544529086677,0.12978148,0.016843233
2677,1,0,-2.6969616,-2.6751523,-2.72062284498796,0.023661137,0.0005598494
2678,1,0,-2.7481327,-2.7273238,-2.650905675260556,0.0972271,0.0094531085
2679,1,0,-2.6764138,-2.6542544,-2.7089895221595226,0.032575846,0.0010611857
2680,1,0,-2.7361832,-2.7151241,-2.8403059333441005,0.10412288,0.010841574
2681,1,0,-2.8706203,-2.8529797,-2.9055098860211563,0.034889698,0.001217291
2682,1,0,-2.9369898,-2.9215436,-2.9530291981311074,0.016039371,0.00025726145
2683,1,0,-2.985188,-2.9715557,-3.0164791049396475,0.031291008,0.0009791271
2684,1,0,-3.0493073,-3.0383852,-3.0543636222072283,0.005056381,2.5566991e-05
2685,1,0,-3.087458,-3.0783138,-3.051879350648884,0.03557849,0.0012658288
2686,1,0,-3.0849597,-3.0756948,-3.010634369911781,0.07432532,0.0055242535
2687,1,0,-3.043412,-3.0322266,-2.862958235348791,0.18045378,0.032563567
2688,1,0,-2.8937082,-2.8767912,-2.82767472570689,0.0660336,0.0043604365
2689,1,0,-2.8577332,-2.8397055,-2.976408860032117,0.11867571,0.014083924
2690,1,0,-3.008846,-2.9961734,-2.953818102762551,0.05502796,0.0030280766
2691,1,0,-2.9859867,-2.9723861,-2.839767318788148,0.14621949,0.02138014
2692,1,0,-2.8700707,-2.8524134,-2.8086335804218736,0.06143713,0.003774521
2693,1,0,-2.838287,-2.8197005,-2.8302887610020733,0.0079984665,6.3975465e-05
2694,1,0,-2.860401,-2.8424525,-2.776652441023433,0.08374858,0.0070138243
2695,1,0,-2.8055785,-2.786116,-2.7178899220524837,0.087688446,0.0076892637
2696,1,0,-2.7453256,-2.7244575,-2.684633870061961,0.060691595,0.0036834697
2697,1,0,-2.7111425,-2.689592,-2.818625967743412,0.10748339,0.011552678
2698,1,0,-2.848494,-2.8301983,-2.782129065514761,0.066365,0.004404314
2699,1,0,-2.8111842,-2.7918663,-2.852806790263226,0.04162264,0.001732444
2700,1,0,-2.8833654,-2.8661191,-2.729947945121122,0.15341735,0.023536883
2701,1,0,-2.7577052,-2.737105,-2.4461882937048838,0.311517,0.09704284
2702,1,0,-2.4644446,-2.440311,-2.60761144730486,0.14316678,0.020496728
2703,1,0,-2.6317494,-2.6089303,-2.7464642800569545,0.11471486,0.0131594995
2704,1,0,-2.7746491,-2.7544315,-2.7741978488035905,0.00045132637,2.0369549e-07
2705,1,0,-2.803065,-2.7835388,-2.7180369123247714,0.08502817,0.00722979
2706,1,0,-2.745477,-2.7246115,-2.8014391211981247,0.055962086,0.003131755
2707,1,0,-2.8309345,-2.812144,-2.8756487821009737,0.044714212,0.0019993607
2708,1,0,-2.9066286,-2.8901355,-2.7757166695983124,0.13091183,0.017137906
2709,1,0,-2.80462,-2.7851338,-2.850596994041569,0.045976877,0.0021138731
2710,1,0,-2.8811126,-2.8637962,-2.8631851723375914,0.017927408,0.00032139197
2711,1,0,-2.893939,-2.87703,-2.9233862168355067,0.029447317,0.0008671445
2712,1,0,-2.9551394,-2.9403546,-2.98113047740209,0.025990963,0.0006755302
2713,1,0,-3.0136194,-3.0011463,-3.023019676242125,0.009400368,8.836691e-05
2714,1,0,-3.055901,-3.0452776,-2.972408372070233,0.083492756,0.0069710403
2715,1,0,-3.0048003,-2.991961,-3.086422122207832,0.081621885,0.006662132
2716,1,0,-3.1196623,-3.112116,-3.138879189286245,0.019217014,0.00036929364
2717,1,0,-3.1721928,-3.1674535,-3.057612263745463,0.11458063,0.013128721
2718,1,0,-3.0907242,-3.0817392,-3.226968157442425,0.13624382,0.018562378
2719,1,0,-3.259933,-3.2604432,-3.287236732735072,0.027303696,0.0007454918
2720,1,0,-3.3196063,-3.3241034,-3.2700727403736054,0.049533606,0.0024535782
2721,1,0,-3.3026419,-3.3059702,-3.2686244724294555,0.034017324,0.0011571783
2722,1,0,-3.3012092,-3.3044407,-3.396739226367523,0.09553003,0.009125987
2723,1,0,-3.4272494,-3.439832,-3.355131659489241,0.072117805,0.005200978
2724,1,0,-3.3864691,-3.3958514,-3.5239368162090785,0.13746762,0.018897347
2725,1,0,-3.5509596,-3.574327,-3.636960087297883,0.08600044,0.0073960763
2726,1,0,-3.659615,-3.6938517,-3.490370709335716,0.16924429,0.028643629
2727,1,0,-3.5184574,-3.5388308,-3.537344921655113,0.01888752,0.0003567384
2728,1,0,-3.5639138,-3.5885065,-3.529001059355344,0.034912825,0.0012189053
2729,1,0,-3.5558538,-3.5796824,-3.502670459854642,0.053183317,0.0028284653
2730,1,0,-3.5303788,-3.5518374,-3.712466964507004,0.18208814,0.03315609
2731,1,0,-3.731507,-3.7736924,-3.783287604978341,0.051780462,0.0026812162
2732,1,0,-3.7984114,-3.848557,-3.620580378933599,0.17783093,0.03162384
2733,1,0,-3.6439445,-3.6765308,-3.71793956063272,0.07399511,0.0054752766
2734,1,0,-3.7366958,-3.7794783,-3.799030556728888,0.062334776,0.0038856242
2735,1,0,-3.8132126,-3.865196,-3.872266684671023,0.059054136,0.003487391
2736,1,0,-3.8817265,-3.9406521,-3.809150169153978,0.072576284,0.005267317
2737,1,0,-3.822714,-3.8757627,-3.941867470824012,0.1191535,0.014197556
2738,1,0,-3.9463017,-4.0120173,-3.975153806483662,0.028852224,0.00083245087
2739,1,0,-3.976997,-4.046073,-4.060976522901536,0.08397961,0.0070525743
2740,1,0,-4.0555644,-4.13365,-3.9020636394832287,0.1535008,0.023562495
2741,1,0,-3.9094362,-3.9712293,-3.9824502488849687,0.07301402,0.0053310473
2742,1,0,-3.9837093,-4.0535316,-3.883578899413799,0.10013032,0.0100260805
2743,1,0,-3.892258,-3.952265,-3.893768363933847,0.0015103817,2.2812528e-06
2744,1,0,-3.9017315,-3.9627209,-3.762131189832376,0.13960028,0.019488238
2745,1,0,-3.7784796,-3.8261957,-3.7547151669418137,0.023764372,0.0005647454
2746,1,0,-3.7714815,-3.8183565,-3.718608360944002,0.052873135,0.0027955684
2747,1,0,-3.737329,-3.7801852,-3.775236669052655,0.0379076,0.0014369861
2748,1,0,-3.790832,-3.8400486,-3.775679403608558,0.015152693,0.0002296041
2749,1,0,-3.7912488,-3.8405168,-3.853579431596287,0.062330723,0.003885119
2750,1,0,-3.8642983,-3.9214573,-3.865588667931849,0.0012903214,1.6649292e-06
2751,1,0,-3.875502,-3.933794,-3.898889297175448,0.023387194,0.0005469608
2752,1,0,-3.9064882,-3.9679737,-4.032733021183165,0.12624478,0.015937746
2753,1,0,-4.0298004,-4.104867,-3.8907926644922783,0.1390078,0.01932317
2754,1,0,-3.8989658,-3.9596672,-3.905712842726716,0.0067470074,4.552211e-05
2755,1,0,-3.9128222,-3.9749713,-4.026887986381839,0.11406565,0.013010972
2756,1,0,-4.024458,-4.098905,-4.119930035911847,0.095472336,0.009114967
2757,1,0,-4.109046,-4.1936064,-4.250824306017506,0.14177847,0.020101134
2758,1,0,-4.2263336,-4.326107,-4.043942997878983,0.18239069,0.033266366
2759,1,0,-4.040037,-4.1162953,-3.986067250873168,0.05396986,0.0029127458
2760,1,0,-3.9870338,-4.0572286,-4.052176470483379,0.06514263,0.0042435625
2761,1,0,-4.047546,-4.1246853,-4.071348325703827,0.02380228,0.00056654855
2762,1,0,-4.0650024,-4.1442103,-4.102760316341839,0.037757874,0.001425657
2763,1,0,-4.0935125,-4.176162,-4.073106981223823,0.02040577,0.00041639543
2764,1,0,-4.066601,-4.1460004,-4.023007378447122,0.043593407,0.0019003851
2765,1,0,-4.0209084,-4.094946,-4.044512733815459,0.023604393,0.0005571674
2766,1,0,-4.040557,-4.116876,-4.029741435099246,0.01081562,0.000116977644
2767,1,0,-4.027067,-4.101816,-3.931213489846084,0.095853806,0.009187952
2768,1,0,-3.9364512,-4.001107,-3.786517781188439,0.14993334,0.022480005
2769,1,0,-3.80145,-3.8519714,-3.830732015990807,0.029282093,0.000857441
2770,1,0,-3.8429396,-3.8979676,-4.00341769554908,0.16047788,0.02575315
2771,1,0,-4.0029635,-4.0749516,-4.06898264698439,0.06601906,0.004358516
2772,1,0,-4.062851,-4.141802,-4.098421682963275,0.03557062,0.0012652691
2773,1,0,-4.089581,-4.1717515,-4.046469077734043,0.0431118,0.0018586274
2774,1,0,-4.042341,-4.11887,-4.012749546699795,0.02959156,0.00087566045
2775,1,0,-4.0115166,-4.084479,-4.021050945468052,0.009534359,9.0904e-05
2776,1,0,-4.0191174,-4.09295,-3.977378592982241,0.04173875,0.0017421232
2777,1,0,-3.9790435,-4.048348,-3.8624766520486986,0.1165669,0.013587842
2778,1,0,-3.8726003,-3.9305975,-3.915700797588836,0.043100595,0.0018576613
2779,1,0,-3.9220865,-3.9852111,-3.8078543307171433,0.11423206,0.013048965
2780,1,0,-3.8214974,-3.8744283,-3.722727961743764,0.09876943,0.0097554
2781,1,0,-3.7412326,-3.7845414,-3.5976503304021348,0.14358234,0.020615889
2782,1,0,-3.6219642,-3.652282,-3.618800118432523,0.003164053,1.0011231e-05
2783,1,0,-3.64224,-3.6746478,-3.459969551647598,0.18227053,0.033222545
2784,1,0,-3.4889297,-3.5066845,-3.3000500993979447,0.18887973,0.03567555
2785,1,0,-3.332255,-3.337642,-3.140197464775351,0.19205737,0.036886033
2786,1,0,-3.1735098,-3.1688437,-3.278694044249588,0.10518432,0.011063741
2787,1,0,-3.3111665,-3.3150783,-3.218049421884031,0.093117,0.008670775
2788,1,0,-3.251077,-3.2510242,-3.1420073017747887,0.109069586,0.011896174
2789,1,0,-3.1753197,-3.1707544,-3.195481549187399,0.020161867,0.00040650088
2790,1,0,-3.2286406,-3.2271965,-3.2032530197261906,0.025387526,0.00064452644
2791,1,0,-3.2363718,-3.2354007,-3.2396653335801613,0.0032935143,1.0847236e-05
2792,1,0,-3.272529,-3.2738516,-3.266158042045551,0.006370783,4.0586874e-05
2793,1,0,-3.2987697,-3.3018348,-3.3063962411117283,0.0076265335,5.8164012e-05
2794,1,0,-3.338514,-3.3443472,-3.457561925803481,0.11904788,0.014172398
2795,1,0,-3.4865878,-3.5041385,-3.325041713280455,0.16154599,0.026097108
2796,1,0,-3.3568854,-3.36405,-3.4732519752681106,0.116366625,0.013541192
2797,1,0,-3.5018408,-3.5207288,-3.467648027679496,0.0341928,0.0011691476
2798,1,0,-3.4963953,-3.5148034,-3.4316229523210304,0.06477237,0.0041954597
2799,1,0,-3.4613228,-3.476712,-3.486255328469921,0.024932623,0.0006216357
2800,1,0,-3.5144646,-3.5344791,-3.492900672327797,0.021564007,0.0004650064
2801,1,0,-3.520911,-3.5415072,-3.4166597290469225,0.10425115,0.010868302
2802,1,0,-3.4467204,-3.4608922,-3.3930332754383143,0.053687096,0.0028823041
2803,1,0,-3.4236243,-3.435914,-3.3474245416279755,0.07619977,0.005806405
2804,1,0,-3.3788996,-3.387705,-3.2408185806222907,0.13808107,0.019066382
2805,1,0,-3.2736726,-3.27507,-3.262064909536598,0.011607647,0.00013473746
2806,1,0,-3.2947195,-3.2975106,-3.359074389450545,0.0643549,0.004141553
2807,1,0,-3.3903403,-3.4000182,-3.3282111336890488,0.06212926,0.0038600448
2808,1,0,-3.3600051,-3.3673997,-3.320714868105874,0.03929019,0.001543719
2809,1,0,-3.352624,-3.3594773,-3.4766651473444727,0.12404132,0.015386249
2810,1,0,-3.5051563,-3.5243387,-3.516293432188248,0.011137247,0.00012403827
2811,1,0,-3.543568,-3.5662436,-3.661647465348776,0.11807966,0.013942807
2812,1,0,-3.6831825,-3.719958,-3.607209560172136,0.075973034,0.005771902
2813,1,0,-3.6311336,-3.662391,-3.5556851036014,0.07544851,0.0056924783
2814,1,0,-3.581604,-3.6079013,-3.513411711725695,0.06819224,0.004650182
2815,1,0,-3.5407786,-3.5631962,-3.2991853481938085,0.24159336,0.058367353
2816,1,0,-3.3314016,-3.3367279,-3.214976114732682,0.116425514,0.0135549
2817,1,0,-3.2480237,-3.2477787,-3.194712611532084,0.05331111,0.0028420745
2818,1,0,-3.2278762,-3.2263837,-3.0890043554647395,0.13887191,0.019285407
2819,1,0,-3.1222522,-3.11484,-3.2943181192370683,0.17206597,0.0296067
2820,1,0,-3.3265991,-3.3315852,-3.533659466590528,0.20706034,0.042873982
2821,1,0,-3.5603542,-3.5846086,-3.525745664747902,0.034608603,0.0011977553
2822,1,0,-3.5527084,-3.57624,-3.555698362052976,0.0029900074,8.940145e-06
2823,1,0,-3.5816164,-3.6079154,-3.4451678683443574,0.13644862,0.018618226
2824,1,0,-3.4745235,-3.4910338,-3.521816806101165,0.047293186,0.0022366454
2825,1,0,-3.5489097,-3.5720854,-3.6213242784010338,0.07241464,0.0052438797
2826,1,0,-3.6446571,-3.677318,-3.743867563360576,0.0992105,0.009842724
2827,1,0,-3.761235,-3.8068893,-3.830144489846338,0.06890941,0.0047485065
2828,1,0,-3.84239,-3.8973641,-3.8586678145825695,0.01627779,0.00026496645
2829,1,0,-3.8690476,-3.926684,-3.8461006506702655,0.022947073,0.00052656815
2830,1,0,-3.8573132,-3.9137704,-3.763319739698493,0.093993425,0.008834764
2831,1,0,-3.7795994,-3.827452,-3.93253893541568,0.15293956,0.02339051
2832,1,0,-3.9376771,-4.0024643,-3.8587510241344254,0.07892609,0.006229327
2833,1,0,-3.8691251,-3.9267707,-3.852049607427632,0.017075539,0.00029157402
2834,1,0,-3.8628695,-3.9198844,-3.7603906603898647,0.10247874,0.010501892
2835,1,0,-3.7768373,-3.8243556,-3.615777874035551,0.16105938,0.025940124
2836,1,0,-3.639345,-3.6714513,-3.479307894621579,0.16003704,0.025611855
2837,1,0,-3.5077224,-3.527133,-3.4081561328966314,0.09956622,0.009913432
2838,1,0,-3.438413,-3.4519012,-3.31491884451682,0.12349415,0.015250805
2839,1,0,-3.346915,-3.3533525,-3.232809872339872,0.114105225,0.013020002
2840,1,0,-3.2657301,-3.2666116,-3.2025469008596725,0.06318331,0.0039921305
2841,1,0,-3.2356691,-3.234655,-3.025632453225047,0.21003675,0.04411544
2842,1,0,-3.0585344,-3.048031,-3.111587917090177,0.053053617,0.0028146864
2843,1,0,-3.1448889,-3.1386604,-3.0490329301247043,0.09585595,0.009188363
2844,1,0,-3.0820956,-3.0726948,-3.0847448314666406,0.0026493073,7.018829e-06
2845,1,0,-3.117978,-3.1103468,-2.9918648379591923,0.12611318,0.015904533
2846,1,0,-3.0244656,-3.0124533,-3.0995007281587594,0.075035095,0.0056302655
2847,1,0,-3.132778,-3.1259096,-2.8927019393048066,0.24007607,0.057636518
2848,1,0,-2.9239743,-2.9080708,-2.7156906877996554,0.20828366,0.043382086
2849,1,0,-2.743067,-2.7221506,-2.628441606036959,0.114625454,0.013138995
2850,1,0,-2.65325,-2.6307316,-2.780355791854784,0.12710571,0.016155861
2851,1,0,-2.809369,-2.790005,-2.758918382332927,0.0504508,0.0025452834
2852,1,0,-2.7874146,-2.7675006,-2.6891741395700524,0.098240376,0.009651171
2853,1,0,-2.7158132,-2.694351,-2.628776068136,0.08703709,0.0075754547
2854,1,0,-2.6535957,-2.6310823,-2.6328163674890703,0.020779371,0.00043178227
2855,1,0,-2.6577635,-2.635312,-2.5063978499265978,0.15136552,0.02291152
2856,1,0,-2.526983,-2.5031326,-2.375888438132163,0.15109468,0.022829602
2857,1,0,-2.3912404,-2.3670752,-2.349115776716776,0.04212451,0.0017744743
2858,1,0,-2.3633132,-2.3392186,-2.392910675716672,0.02959752,0.00087601325
2859,1,0,-2.4089832,-2.3847969,-2.4541899110960204,0.045206785,0.0020436535
2860,1,0,-2.4727647,-2.4486547,-2.373549265779668,0.09921551,0.009843717
2861,1,0,-2.3888009,-2.364641,-2.3688056070868497,0.019995213,0.00039980852
2862,1,0,-2.3838553,-2.3597043,-2.3966141596122075,0.012758732,0.00016278523
2863,1,0,-2.4128428,-2.3886533,-2.3314426207104386,0.081400156,0.0066259853
2864,1,0,-2.344864,-2.3208385,-2.4710459925834125,0.12618208,0.015921917
2865,1,0,-2.4902825,-2.466237,-2.5052554653555643,0.014972925,0.0002241885
2866,1,0,-2.525798,-2.5019405,-2.4189670636400424,0.106831074,0.0114128785
2867,1,0,-2.4361217,-2.411938,-2.7742011527395745,0.33807945,0.11429772
2868,1,0,-2.8030694,-2.783543,-2.7355114190602365,0.06755805,0.00456409
2869,1,0,-2.7634146,-2.7429402,-2.863739619723762,0.10032511,0.010065127
2870,1,0,-2.8945038,-2.8776126,-2.8506901822670048,0.043813705,0.0019196408
2871,1,0,-2.8812082,-2.8638947,-2.963664023054209,0.08245587,0.006798971
2872,1,0,-2.995954,-2.982753,-2.7440502385371053,0.25190377,0.06345551
2873,1,0,-2.7721732,-2.7518988,-2.625753049176715,0.14642,0.021438817
2874,1,0,-2.6504762,-2.6279175,-2.738240346151517,0.087764025,0.007702524
2875,1,0,-2.7662144,-2.7458034,-2.6473384581990773,0.11887598,0.0141314985
2876,1,0,-2.6727366,-2.6505184,-2.709256109005835,0.036519527,0.0013336759
2877,1,0,-2.7364566,-2.715403,-2.784557919619139,0.048101187,0.0023137243
2878,1,0,-2.813669,-2.7944167,-2.754227034755828,0.059442043,0.0035333566
2879,1,0,-2.7826073,-2.7625782,-2.78699073006145,0.0043833256,1.9213543e-05
2880,1,0,-2.8161583,-2.7969708,-2.921889369290373,0.10573101,0.011179047
2881,1,0,-2.9536202,-2.9387784,-2.9806963261267327,0.027076244,0.000733123
2882,1,0,-3.0131807,-3.000689,-2.8912935674390603,0.12188721,0.014856491
2883,1,0,-2.922543,-2.9065897,-2.9230445274246786,0.0005013943,2.5139622e-07
2884,1,0,-2.9547925,-2.9399943,-2.939954643804984,0.014837742,0.00022015859
2885,1,0,-2.9719412,-2.957792,-2.9461724639657936,0.025768757,0.0006640288
2886,1,0,-2.9782422,-2.964337,-3.091570981121201,0.11332893,0.012843447
2887,1,0,-3.1248271,-3.1175458,-3.207784171262304,0.08295703,0.006881869
2888,1,0,-3.2408767,-3.2401853,-3.255984598819767,0.01510787,0.00022824774
2889,1,0,-3.2886999,-3.2910886,-3.2535829817188184,0.03511691,0.0012331974
2890,1,0,-3.2863216,-3.288553,-3.2681089981320226,0.018212557,0.00033169723
2891,1,0,-3.3006997,-3.3038967,-3.3831871408086407,0.082487345,0.006804162
2892,1,0,-3.413983,-3.4255064,-3.5034728611545933,0.0894897,0.0080084065
2893,1,0,-3.5311563,-3.5526867,-3.355942253304323,0.17521405,0.030699965
2894,1,0,-3.3872657,-3.3967073,-3.325646767337506,0.061618805,0.003796877
2895,1,0,-3.3574808,-3.3646889,-3.300847599949595,0.056633234,0.0032073231
2896,1,0,-3.3330417,-3.3384843,-3.134503361252226,0.1985383,0.039417457
2897,1,0,-3.1678185,-3.1628363,-3.0566502040035948,0.111168385,0.012358409
2898,1,0,-3.0897574,-3.0807245,-3.171845895699863,0.08208847,0.006738517
2899,1,0,-3.2051003,-3.202245,-3.129913204284647,0.075187206,0.005653116
2900,1,0,-3.163229,-3.1579928,-3.082702533032095,0.08052635,0.006484493
2901,1,0,-3.1159291,-3.1081939,-3.138832056111289,0.022902966,0.00052454585
2902,1,0,-3.1721463,-3.1674035,-3.180734929486237,0.0085885525,7.3763236e-05
2903,1,0,-3.2139575,-3.2116282,-3.1954377891026438,0.01851964,0.00034297706
2904,1,0,-3.2285972,-3.22715,-3.241857404978325,0.013260126,0.00017583095
2905,1,0,-3.2747025,-3.2761667,-3.2347896898104254,0.03991294,0.0015930427
2906,1,0,-3.2676938,-3.2687018,-3.358444432677528,0.090750694,0.008235688
2907,1,0,-3.3897223,-3.399352,-3.219295387781155,0.17042685,0.02904531
2908,1,0,-3.2523155,-3.2523398,-3.248376465199402,0.0039391518,1.5516916e-05
2909,1,0,-3.2811635,-3.2830532,-3.138732659800527,0.14243078,0.020286528
2910,1,0,-3.1720471,-3.167299,-3.005375285414442,0.16667175,0.027779473
2911,1,0,-3.0381057,-3.0266857,-2.854658134114269,0.1834476,0.03365302
2912,1,0,-2.885252,-2.8680656,-2.7856669078803864,0.09958506,0.009917184
2913,1,1,-2.8148036,-2.7955806,2.595704331467747,5.410508,29.273598
2914,1,1,2.536489,2.204926,-2.446254428758323,4.9827433,24.82773
2915,0,1,1.8272634,-2.44038,2.085735222937494,0.25847197,0.066807754
2916,0,1,-1.6323628,1.8213124,-1.9477406557352757,0.31537783,0.09946318
2917,0,1,1.7490535,-1.9240332,1.7014421958341082,0.047611237,0.0022668298
2918,0,1,-1.3893309,1.517005,-1.4138201800486607,0.024489284,0.000599725
2919,0,1,1.3268886,-1.3800216,1.2554752703194565,0.07141328,0.0050998563
2920,0,1,-1.0750227,1.1418037,-1.0448779238671673,0.03014481,0.0009087096
2921,0,1,0.9737344,-1.0105386,0.8720677589663177,0.10166663,0.010336104
2922,0,1,-0.77397776,0.8038168,-0.7306230851565569,0.04335469,0.0018796291
2923,0,1,0.67180824,-0.7004409,0.3534949824672146,0.31831327,0.10132334
2924,0,1,-0.3173952,0.33244705,-0.2202743898452572,0.09712082,0.009432454
2925,0,1,0.20961285,-0.20670795,0.187072078266544,0.022540763,0.000508086
2926,0,1,-0.15850735,0.17789745,-0.2646301494820422,0.10612279,0.011262047
2927,0,1,0.2479434,-0.2491107,0.2121402668226446,0.03580314,0.0012818648
2928,0,1,-0.18281937,0.20127487,-0.2488380837618287,0.066018716,0.004358471
2929,0,1,0.23425388,-0.23400307,0.2635598676279951,0.029305995,0.0008588413
2930,0,1,-0.23227072,0.24911928,-0.1733279076159055,0.05894281,0.0034742549
2931,0,1,0.16945791,-0.1619401,0.1913460475349122,0.021888137,0.00047909052
2932,0,1,-0.16266012,0.18188477,-0.2825444200974809,0.11988431,0.014372248
2933,0,1,0.26353168,-0.26626492,0.2081859374036945,0.055345744,0.0030631514
2934,0,1,-0.17899275,0.19758844,-0.2112933633064297,0.03230062,0.0010433302
2935,0,1,0.20189714,-0.19813633,0.2803282100410245,0.07843107,0.0061514326
2936,0,1,-0.24827385,0.26468945,-0.2063069777614314,0.04196687,0.0017612182
2937,0,1,0.19762135,-0.19337797,0.2724335444785088,0.0748122,0.005596866
2938,0,1,-0.24074602,0.25736094,-0.1040768091335841,0.13666922,0.018678475
2939,0,1,0.11101103,-0.09610796,0.1064717787818292,0.0045392513,2.0604803e-05
2940,0,1,-0.0794425,0.10249853,-0.0649152231887262,0.014527276,0.00021104176
2941,0,1,0.07837725,-0.05899,-0.1015993956512719,0.17997664,0.032391593
2942,0,1,0.10893726,-0.093758106,0.0850867856666406,0.023850478,0.0005688453
2943,0,1,-0.058237553,0.08243418,-0.0896025792519958,0.03136503,0.0009837651
2944,0,1,0.09891415,-0.08237982,0.100715696101675,0.0018015504,3.245584e-06
2945,0,1,-0.07374287,0.09710026,-0.1083272871287777,0.034584418,0.001196082
2946,0,1,0.11457157,-0.100141525,-0.0225725133449126,0.13714409,0.0188085
2947,0,1,0.043432236,-0.018947124,-0.1131144493072229,0.15654668,0.024506863
2948,0,1,0.11858511,-0.10468483,-0.0702929393326403,0.18887806,0.035674922
2949,0,1,0.08283901,-0.0640831,0.1255823360062642,0.042743325,0.0018269919
2950,0,1,-0.09831047,0.12040663,-0.1922697894610392,0.09395932,0.008828353
2951,0,1,0.18560791,-0.17998886,0.2419466003759662,0.056338683,0.0031740472
2952,0,1,-0.2115531,0.22902727,-0.1858989437196765,0.025654152,0.0006581355
2953,0,1,0.18016768,-0.17391586,0.0625450858713065,0.11762259,0.013835074
2954,0,1,-0.0357852,0.061258316,0.0927750752463785,0.12856027,0.016527744
2955,0,1,-0.065873146,0.08965063,-0.2519841596525998,0.186111,0.034637306
2956,0,1,0.23697615,-0.23701048,0.0081487651392873,0.22882739,0.052361973
2957,0,1,0.018301487,0.010045052,0.0578603928078536,0.039558906,0.001564907
2958,0,1,-0.031105518,0.056853294,-0.189244954256452,0.15813944,0.025008082
2959,0,1,0.18302393,-0.1771059,0.2177451870104017,0.034721255,0.0012055655
2960,0,1,-0.18823624,0.20649672,-0.1440270538497774,0.044209182,0.001954452
2961,0,1,0.14461422,-0.13405466,0.0917317645686734,0.052882455,0.002796554
2962,0,1,-0.06483698,0.088671684,0.018813116495842,0.0836501,0.006997339
2963,0,1,0.008067131,0.020097256,0.0838433362158603,0.075776204,0.005742033
2964,0,1,-0.05700159,0.0812664,0.0918746438785067,0.14887623,0.022164132
2965,0,1,-0.0649786,0.08880377,-0.0602829003482092,0.0046956986,2.2049586e-05
2966,0,1,0.07453632,-0.05460453,0.0394606800938488,0.035075642,0.0012303006
2967,0,1,-0.012684822,0.039544106,0.0694356776711142,0.0821205,0.0067437766
2968,0,1,-0.042659283,0.06773329,0.173844248231326,0.21650353,0.046873778
2969,0,1,-0.14562416,0.16554642,-0.0893121738331759,0.056311987,0.00317104
2970,0,1,0.09867096,-0.08210468,0.1280419266261532,0.029370964,0.0008626535
2971,0,1,-0.10073376,0.12271166,-0.1394189411697111,0.038685188,0.0014965438
2972,0,1,0.14072132,-0.12967396,0.1828489381802445,0.042127624,0.0017747367
2973,0,1,-0.15439796,0.17395496,-0.2085439004283378,0.054145932,0.002931782
2974,0,1,0.19953871,-0.19551134,0.0885264781094479,0.11101223,0.012323715
2975,0,1,-0.06165552,0.085662365,0.0334287604012901,0.09508428,0.009041021
2976,0,1,-0.006631851,0.033864975,-0.1526547051019786,0.14602286,0.021322675
2977,0,1,0.15191174,-0.1422615,-0.0245059482537222,0.17641768,0.031123197
2978,0,1,0.045020103,-0.020774364,0.2800142698981567,0.23499417,0.05522226
2979,0,1,-0.24797535,0.26439953,-0.3129392702251072,0.06496391,0.004220309
2980,0,1,0.2901163,-0.2954049,0.405184052783536,0.11506775,0.013240587
2981,0,1,-0.36552668,0.38013315,-0.3006350429072197,0.06489164,0.0042109243
2982,0,1,0.27933407,-0.28360367,0.1062406051290381,0.17309347,0.02996135
2983,0,1,-0.07921314,0.10228157,-0.3110650356484701,0.2318519,0.053755306
2984,0,1,0.28847313,-0.2936077,0.2343501423100384,0.054122984,0.0029292975
2985,0,1,-0.2042489,0.22195816,-0.1919948806013147,0.0122540295,0.00015016124
2986,0,1,0.1853733,-0.17972755,0.094341066566181,0.09103224,0.008286868
2987,0,1,-0.067424774,0.091118336,-0.1549236511791125,0.08749887,0.0076560527
2988,0,1,0.15383291,-0.14442062,0.2037457036072121,0.049912795,0.0024912872
2989,0,1,-0.17469311,0.19345045,-0.3039373338405928,0.12924424,0.016704073
2990,0,1,0.28222466,-0.2867689,0.3146328251673269,0.032408178,0.00105029
2991,0,1,-0.28082561,0.29649496,-0.2554770428598925,0.025348574,0.0006425502
2992,0,1,0.24000263,-0.24035263,0.2179331347598063,0.022069499,0.0004870628
2993,0,1,-0.18841791,0.20667171,-0.0991476675166378,0.08927024,0.007969176
2994,0,1,0.10688639,-0.09143114,-0.2558346941199314,0.3627211,0.13156658
2995,0,1,0.24031258,-0.24069452,0.4116667738131543,0.1713542,0.029362263
2996,0,1,-0.37152243,0.3861022,-0.2656897160462108,0.105832696,0.011200559
2997,0,1,0.24886322,-0.25012493,0.1823719053534453,0.06649132,0.004421096
2998,0,1,-0.15393448,0.17350817,-0.2303437703696449,0.076409295,0.00583838
2999,0,1,0.21828175,-0.21632576,0.0867772626712843,0.13150448,0.017293427
3000,0,1,-0.059917927,0.084020615,-0.0495341352068425,0.010383792,0.00010782314
3001,0,1,0.06564093,-0.044434547,0.1821864812418248,0.11654556,0.013582867
3002,0,1,-0.15375328,0.17333603,-0.0843373945609862,0.06941589,0.0048185657
3003,0,1,0.09452391,-0.07738781,0.0496931598798848,0.044830747,0.002009796
3004,0,1,-0.022938251,0.049171925,-0.0674161872030634,0.044477932,0.0019782865
3005,0,1,0.08045149,-0.061357975,0.139005717965043,0.058554232,0.0034285982
3006,0,1,-0.11151934,0.13297462,-0.1296310323817202,0.01811169,0.00032803335
3007,0,1,0.13246918,-0.12037039,0.1318909090286348,0.00057826936,3.3439545e-07
3008,0,1,-0.10452318,0.12631512,-0.1287299240343395,0.024206743,0.0005859664
3009,0,1,0.13170958,-0.119515896,0.1071938545275017,0.024515718,0.00060102047
3010,0,1,-0.08015633,0.10317421,-0.15556650509592,0.07541017,0.0056866943
3011,0,1,0.15437889,-0.1450324,0.0777355442072327,0.07664335,0.0058742026
3012,0,1,-0.050927162,0.07553005,0.0290188577907262,0.07994602,0.006391366
3013,0,1,-0.0022015572,0.029711723,0.072678699670436,0.07488026,0.0056070527
3014,0,1,-0.045891285,0.07078028,-0.1468455388258354,0.10095425,0.010191761
3015,0,1,0.14699602,-0.13673496,0.0495364156027022,0.09745961,0.009498375
3016,0,1,-0.022781372,0.049024582,-0.1209206849936634,0.098139316,0.0096313255
3017,0,1,0.12514019,-0.11209679,0.016042760734007,0.10909743,0.0119022485
3018,0,1,0.010858059,0.017486572,0.058363823889314,0.047505766,0.0022567979
3019,0,1,-0.031609535,0.057326317,0.0578780255128119,0.08948756,0.008008024
3020,0,1,-0.031123638,0.056869507,-0.0926036512926149,0.061480016,0.0037797922
3021,0,1,0.101418495,-0.085225105,-0.2146016475720893,0.31602013,0.09986872
3022,0,1,0.20473862,-0.20129442,0.1932993429068528,0.011439279,0.0001308571
3023,0,1,-0.16455841,0.1837058,-0.2702934339420828,0.105735034,0.011179897
3024,0,1,0.25286436,-0.25453138,0.1807736584705521,0.0720907,0.005197069
3025,0,1,-0.15237808,0.17201567,-0.2858624729014902,0.1334844,0.017818084
3026,0,1,0.26642513,-0.2694435,0.3786094731720784,0.112184346,0.012585327
3027,0,1,-0.34085464,0.35563517,-0.3598081247638767,0.018953472,0.0003592341
3028,0,1,0.33145285,-0.34043074,0.3776908523545916,0.046238005,0.0021379532
3029,0,1,-0.33999825,0.35478735,-0.245866651015099,0.09413159,0.008860756
3030,0,1,0.2316823,-0.23116064,0.2884007407943088,0.05671844,0.0032169814
3031,0,1,-0.25595617,0.27218008,-0.3193633550580115,0.06340718,0.0040204707
3032,0,1,0.29575777,-0.30157042,0.3414605588675155,0.045702785,0.0020887447
3033,0,1,-0.3061056,0.32132196,-0.2900621786898831,0.016043425,0.00025739148
3034,0,1,0.27009058,-0.27346754,0.1544548621408017,0.11563572,0.01337162
3035,0,1,-0.12667513,0.14742756,-0.1678794705023145,0.04120435,0.0016977983
3036,0,1,0.16482544,-0.15675068,0.2123437693205314,0.047518328,0.0022579916
3037,0,1,-0.18301582,0.20146465,-0.132264233110761,0.050751597,0.0025757246
3038,0,1,0.13468742,-0.12287378,0.1505172419597489,0.015829816,0.00025058308
3039,0,1,-0.12281656,0.14374495,-0.0176684838930984,0.10514808,0.011056118
3040,0,1,0.039408207,-0.014317989,0.0523970213593916,0.012988813,0.00016870927
3041,0,1,-0.025643349,0.05171585,-0.0134634506194517,0.012179898,0.00014834992
3042,0,1,0.035960674,-0.010346413,0.0681750884301299,0.03221441,0.0010377682
3043,0,1,-0.041402817,0.06654835,-0.1545227769602952,0.11311996,0.012796125
3044,0,1,0.15349436,-0.14403868,0.267165137369159,0.11367077,0.012921043
3045,0,1,-0.23571634,0.2524686,-0.0750565903369029,0.16065976,0.025811559
3046,0,1,0.08679819,-0.06859398,0.1241275018109933,0.03732931,0.0013934773
3047,0,1,-0.09687662,0.119044304,-0.0405996246477018,0.056276996,0.0031671003
3048,0,1,0.058265686,-0.03598404,-0.0365994884570497,0.09486517,0.008999401
3049,0,1,0.054969788,-0.03220272,0.0372055664539532,0.017764222,0.00031556757
3050,0,1,-0.010421276,0.037420273,-0.0736203482625041,0.06319907,0.0039941226
3051,0,1,0.08560419,-0.067233086,0.0946340873224711,0.009029895,8.153901e-05
3052,0,1,-0.067715645,0.091394424,-0.1956631449986492,0.1279475,0.016370561
3053,0,1,0.18850851,-0.18322468,0.0281813410010141,0.16032717,0.025704801
3054,0,1,-0.0013589859,0.028923035,-0.0155759581766155,0.0142169725,0.0002021223
3055,0,1,0.037692547,-0.012340546,-0.1085337891026734,0.14622635,0.021382144
3056,0,1,0.11474419,-0.100337505,0.0461203348335486,0.068623856,0.0047092335
3057,0,1,-0.019359589,0.045809746,-0.011938888736469,0.0074207,5.506679e-05
3058,0,1,0.03471279,-0.008906841,0.0234322645833833,0.011280527,0.0001272503
3059,0,1,0.003417015,0.024450302,0.0279115865402896,0.024494572,0.000599984
3060,0,1,-0.0010895729,0.028669357,-0.0269682300619233,0.025878657,0.00066970487
3061,0,1,0.047044277,-0.023100853,0.1577810204907663,0.11073674,0.012262627
3062,0,1,-0.12993097,0.15053654,-0.0959217011526352,0.03400927,0.0011566305
3063,0,1,0.10419083,-0.08837175,0.2168975566146285,0.112706736,0.012702809
3064,0,1,-0.18741846,0.20570755,-0.2806889387890843,0.09327048,0.008699383
3065,0,1,0.26191282,-0.2644868,0.1411049897972844,0.12080783,0.014594531
3066,0,1,-0.11358166,0.13493967,0.0649483522007514,0.17853001,0.031872965
3067,0,1,-0.038184166,0.06351566,-0.2156829800171156,0.17749882,0.03150583
3068,0,1,0.20566702,-0.20232487,0.1568072684657835,0.048859745,0.0023872748
3069,0,1,-0.1289773,0.14962626,-0.1826211052552118,0.053643808,0.002877658
3070,0,1,0.17737246,-0.17079306,0.1188697487964951,0.058502704,0.0034225665
3071,0,1,-0.091691494,0.114118576,-0.1926878254071908,0.10099633,0.010200258
3072,0,1,0.18596506,-0.18038654,0.2521911088981214,0.066226035,0.0043858876
3073,0,1,-0.221385,0.23855257,-0.278435760335002,0.057050765,0.0032547896
3074,0,1,0.25995016,-0.26232862,0.0766279757179413,0.18332219,0.033607025
3075,0,1,-0.04982519,0.07449007,-0.1164294191401911,0.06660423,0.004436123
3076,0,1,0.12136698,-0.10783148,0.1222748871700023,0.00090791285,8.2430574e-07
3077,0,1,-0.095050335,0.11730909,-0.2311692695343117,0.13611893,0.018528365
3078,0,1,0.21899271,-0.21711445,0.0969204057696249,0.1220723,0.014901646
3079,0,1,-0.06998253,0.09353924,-0.1683911877586723,0.098408654,0.009684263
3080,0,1,0.16526031,-0.15723848,0.2267458636850374,0.061485544,0.003780472
3081,0,1,-0.19692278,0.21487951,-0.2995914698986555,0.1026687,0.010540863
3082,0,1,0.27842045,-0.28260088,0.320114122442523,0.041693687,0.0017383635
3083,0,1,-0.2860036,0.30157042,-0.1248979459030001,0.16110563,0.025955025
3084,0,1,0.12848473,-0.11587429,0.1429645122477323,0.014479786,0.00020966421
3085,0,1,-0.11540747,0.13667965,-0.1529305445091289,0.037523076,0.0014079813
3086,0,1,0.15214539,-0.14252281,0.2274399478564355,0.07529457,0.005669272
3087,0,1,-0.1975913,0.21552563,-0.0176482847896952,0.17994303,0.032379493
3088,0,1,0.039390564,-0.014297485,0.1055397128194899,0.066149145,0.004375709
3089,0,1,-0.07851982,0.10162401,-0.0510900737211859,0.027429748,0.0007523911
3090,0,1,0.06692791,-0.045905113,-0.0245198359890483,0.09144775,0.008362691
3091,0,1,0.045031548,-0.020787716,0.1176441978997555,0.07261265,0.005272597
3092,0,1,-0.09048271,0.11297083,0.00850270139287,0.09898541,0.009798111
3093,0,1,0.018013,0.010378361,-0.1398145530538759,0.15782756,0.024909537
3094,0,1,0.14105606,-0.13004827,0.0360049142660336,0.105051145,0.011035743
3095,0,1,-0.009218216,0.036289692,-0.0431109737800134,0.03389276,0.0011487191
3096,0,1,0.060337543,-0.038357735,-0.0013215592020987,0.0616591,0.0038018448
3097,0,1,0.026028633,0.0011124611,-0.0613720762797251,0.087400705,0.0076388833
3098,0,1,0.0754385,-0.05563593,0.0601555226864363,0.015282977,0.0002335694
3099,0,1,-0.03339815,0.059011936,0.0711673433956425,0.104565494,0.010933942
3100,0,1,-0.04438591,0.069360256,0.036252129691241,0.080638036,0.006502493
3101,0,1,-0.009466171,0.036523342,0.165017981751248,0.17448415,0.030444719
3102,0,1,-0.13700724,0.15730095,-0.0215209902669357,0.11548625,0.013337074
3103,0,1,0.042568207,-0.01795435,-0.1060399482638132,0.14860815,0.022084381
3104,0,1,0.112654686,-0.09796953,0.0916290859240351,0.021025598,0.00044207578
3105,0,1,-0.064733505,0.08857536,0.1186977528306494,0.18343127,0.03364703
3106,0,1,-0.09152222,0.11395645,-0.1648249254627911,0.073302716,0.005373288
3107,0,1,0.16223192,-0.15384293,0.3284938368866079,0.16626191,0.027643023
3108,0,1,-0.29390717,0.30932808,-0.2103443703341119,0.08356279,0.00698274
3109,0,1,0.20108366,-0.19722986,0.1154947736360609,0.08558889,0.0073254574
3110,0,1,-0.08836031,0.110955715,-0.1086398794205116,0.020279571,0.00041126102
3111,0,1,0.11483288,-0.10043764,0.1614846212985732,0.046651736,0.0021763844
3112,0,1,-0.13355494,0.15399885,-0.0995592952375004,0.033995643,0.0011557038
3113,0,1,0.10723114,-0.09182215,0.1493100385380765,0.042078897,0.0017706336
3114,0,1,-0.12163353,0.14261436,-0.016281511633613,0.105352014,0.011099047
3115,0,1,0.038270473,-0.0130057335,-0.0125147702468177,0.050785244,0.002579141
3116,0,1,0.035184383,-0.0094509125,0.0287989956966416,0.006385388,4.077318e-05
3117,0,1,-0.0019807816,0.029506207,-0.1552981304836418,0.15331735,0.02350621
3118,0,1,0.15415096,-0.1447773,0.1746965086330965,0.020545542,0.0004221193
3119,0,1,-0.14645576,0.16634274,-0.1020065793057138,0.044449188,0.0019757303
3120,0,1,0.109277725,-0.094142914,0.0656202212723791,0.043657504,0.0019059776
3121,0,1,-0.038854122,0.06414795,0.0672339178155372,0.10608804,0.011254673
3122,0,1,-0.040463924,0.06566477,-0.0037979976252557,0.036665928,0.0013443902
3123,0,1,0.028051376,-0.001224041,0.1684437334298492,0.14039236,0.019710016
3124,0,1,-0.14035416,0.16050243,-0.1822455673797005,0.04189141,0.0017548903
3125,0,1,0.17705297,-0.17043447,0.2202064033264648,0.043153435,0.001862219
3126,0,1,-0.19061375,0.20878887,-0.1512652433995729,0.039348498,0.0015483043
3127,0,1,0.15073442,-0.14093924,0.1478652136821185,0.0028692037,8.2323295e-06
3128,0,1,-0.12021685,0.14126444,-0.1550122187227876,0.034795374,0.0012107181
3129,0,1,0.15390825,-0.1445036,0.3256731217254058,0.17176488,0.029503174
3130,0,1,-0.29124832,0.30671692,-0.2414328848649782,0.04981543,0.0024815772
3131,0,1,0.227849,-0.22692299,0.2372373901075501,0.009388387,8.814182e-05
3132,0,0,-0.20702553,0.22464418,0.1330241070297821,0.34004962,0.11563375
3133,0,0,-0.10563803,0.12737465,0.2506226367769875,0.35626066,0.12692165
3134,0,0,-0.21988106,0.23709583,0.2208329621219142,0.440714,0.19422883
3135,0,0,-0.1912179,0.209373,0.3607644859501224,0.5519824,0.30468458
3136,0,0,-0.3241992,0.33916187,0.2133545583612139,0.5375538,0.28896406
3137,0,0,-0.18399334,0.20240688,0.2326519004545861,0.41664523,0.17359325
3138,1,0,0.2549739,0.2203784,0.2833613872352316,0.028387487,0.00080584944
3139,1,0,0.30662632,0.2675047,0.2500792549108643,0.056547076,0.0031975717
3140,1,0,0.2727294,0.23658991,0.133269172395738,0.13946022,0.019449154
3141,1,0,0.15363026,0.12760496,0.1052197222587763,0.048410535,0.00234358
3142,1,0,0.12500572,0.10132265,0.054659148287337,0.07034658,0.004948641
3143,1,0,0.0733881,0.053842545,0.1470854083118871,0.07369731,0.005431294
3144,1,0,0.16772747,0.14053535,0.2206401542577225,0.052912682,0.002799752
3145,1,0,0.24273252,0.20919323,0.1397169050198945,0.10301562,0.010612218
3146,1,0,0.16020918,0.13364029,0.189685665837322,0.029476494,0.00086886366
3147,1,0,0.21117592,0.18033504,0.1404076655443971,0.07076825,0.0050081457
3148,1,0,0.16091394,0.13428593,0.2966494508371502,0.13573551,0.01842413
3149,1,0,0.32015514,0.27983046,0.3412955325521123,0.021140397,0.00044691635
3150,1,0,0.36558437,0.32117176,0.3316617535618755,0.033922613,0.0011507437
3151,1,0,0.3557849,0.31226063,0.3706296440121015,0.014844745,0.00022036646
3152,1,0,0.395411,0.34827185,0.3143882407747327,0.08102277,0.0065646893
3153,1,0,0.33820963,0.29626894,0.2670470900365771,0.07116255,0.005064109
3154,1,0,0.2900133,0.2523589,0.2754081012242988,0.014605224,0.00021331257
3155,1,0,0.29852867,0.26012182,0.2244331639903638,0.0740955,0.0054901433
3156,1,0,0.24659872,0.2127266,0.1428314259867162,0.10376729,0.010767651
3157,1,0,0.16338634,0.13655424,0.0971116869949106,0.06627466,0.00439233
3158,1,0,0.11672974,0.09371996,-0.0410248780980051,0.15775461,0.024886519
3159,1,0,-0.024346828,-0.03638649,-0.0152628622252466,0.009083966,8.251843e-05
3160,1,0,0.0019731522,-0.012044907,-0.0149416530663053,0.016914805,0.00028611065
3161,1,0,0.0023012161,-0.011741638,0.0425696157760953,0.0402684,0.0016215439
3162,1,0,0.06104374,0.042470932,0.0148360226896411,0.04620772,0.0021351532
3163,1,0,0.03271866,0.01635027,-0.0035031063754376,0.036221765,0.0013120163
3164,1,0,0.013986111,-0.00094652176,0.0053599216740511,0.008626189,7.441114e-05
3165,1,0,0.023039818,0.0074157715,0.0205102884705095,0.0025295299,6.3985212e-06
3166,1,0,0.03851509,0.021697044,-0.0105050685860543,0.04902016,0.0024029762
3167,1,0,0.00683403,-0.007554531,0.2296986018297522,0.22286457,0.049668618
3168,1,0,0.25196457,0.21762943,0.1628324711195139,0.0891321,0.007944532
3169,1,0,0.1837902,0.15525818,0.062466823157723,0.121323384,0.014719363
3170,1,0,0.08136082,0.061182976,0.1379790099547335,0.0566182,0.0032056205
3171,1,0,0.1584363,0.1320138,0.2172902838704606,0.058853984,0.0034637915
3172,1,0,0.23931742,0.2060728,0.2539925206920665,0.014675111,0.00021535887
3173,1,0,0.2767167,0.2402277,0.1822078226201675,0.09450889,0.008931929
3174,1,0,0.20355129,0.17335606,0.2463834702316525,0.04283218,0.0018345957
3175,1,0,0.26896477,0.23315334,0.4102692292232177,0.14130446,0.01996695
3176,1,0,0.43568802,0.38481617,0.2896420199728791,0.14604601,0.021329438
3177,1,0,0.3130226,0.27333212,0.2431766734459541,0.069845945,0.004878456
3178,1,0,0.26569748,0.23016977,0.225562527429413,0.04013495,0.0016108144
3179,1,0,0.24774837,0.21377802,0.2025757320412156,0.045172647,0.002040568
3180,1,0,0.2243185,0.19235897,0.2297589803927611,0.0054404736,2.9598752e-05
3181,1,0,0.2520256,0.2176857,0.1674663680777053,0.08455923,0.0071502635
3182,1,0,0.1885171,0.15958786,0.1834531133230443,0.005063981,2.5643902e-05
3183,1,0,0.20482111,0.17451811,0.1890244037553712,0.015796706,0.00024953592
3184,1,0,0.21050262,0.1797185,0.1422716546667244,0.06823097,0.0046554655
3185,1,0,0.16281605,0.13603258,0.2338256086708927,0.07100956,0.005042358
3186,1,0,0.25617027,0.22147036,0.1993802611371746,0.05679001,0.003225105
3187,1,0,0.22106028,0.18937922,0.2609715171974232,0.03991124,0.0015929071
3188,1,0,0.28382587,0.24671412,0.2810996702635533,0.0027261972,7.4321515e-06
3189,1,0,0.30432367,0.26540518,0.2181826162433164,0.08614105,0.0074202805
3190,1,0,0.24022675,0.20690393,0.2387400446525989,0.0014867038,2.2102881e-06
3191,1,0,0.26117706,0.22604275,0.337492278017252,0.076315224,0.0058240136
3192,1,0,0.36171627,0.31765366,0.2112736161748794,0.15044266,0.022632994
3193,1,0,0.23318577,0.20046711,0.1070237531363087,0.12616202,0.015916856
3194,1,0,0.12684679,0.10301542,-0.0106054033002758,0.1374522,0.018893108
3195,1,0,0.00673151,-0.007648945,0.1293537938140092,0.12262228,0.015036223
3196,1,0,0.14963484,0.123939514,0.2475388340229107,0.097904,0.009585192
3197,1,0,0.27014208,0.2342267,0.3146391937860002,0.044497102,0.001979992
3198,1,0,0.3384652,0.29650164,0.5036804284012257,0.1652152,0.02729606
3199,1,0,0.53045416,0.47057867,0.6030216587254991,0.07256752,0.005266045
3200,1,0,0.63098145,0.5612345,0.6305247340313613,0.0004566908,2.0856648e-07
3201,1,0,0.6587615,0.5862298,0.6139946227681135,0.044766903,0.0020040756
3202,1,0,0.6420679,0.57121277,0.5789954395304271,0.06307244,0.003978133
3203,1,0,0.6066947,0.53936243,0.6251067707585483,0.018412054,0.00033900372
3204,1,0,0.65329075,0.5813093,0.6727544039081215,0.019463658,0.000378834
3205,1,0,0.70136833,0.62452364,0.7688261570230619,0.067457855,0.0045505622
3206,1,0,0.79807425,0.7112446,0.7723147488154583,0.025759518,0.0006635528
3207,1,0,0.8015795,0.7143831,0.7969048536745955,0.0046746135,2.185201e-05
3208,1,0,0.82627535,0.7364869,0.8216889057499515,0.004586458,2.10356e-05
3209,1,0,0.85114145,0.75872517,0.7157496641587846,0.13539177,0.018330932
3210,1,0,0.74468803,0.66340256,0.6791338177333026,0.0655542,0.0042973533
3211,1,0,0.7077999,0.6302986,0.7497212908559039,0.041921377,0.0017574019
3212,1,0,0.7788696,0.6940422,0.6491965940051827,0.12967306,0.016815104
3213,1,0,0.67760706,0.60317373,0.477795000433808,0.19981205,0.039924856
3214,1,0,0.50421524,0.44686413,0.4112460768693529,0.09296915,0.008643263
3215,1,0,0.43667984,0.385715,0.4297579102276456,0.006921917,4.7912938e-05
3216,1,0,0.45547628,0.40275097,0.45882615012159,0.0033498704,1.1221632e-05
3217,1,0,0.4849763,0.42946005,0.4005605798830469,0.084415704,0.007126011
3218,1,0,0.42582607,0.37587357,0.3540882100800928,0.071737856,0.00514632
3219,1,0,0.3785944,0.33299494,0.61071517626924,0.23212075,0.053880043
3220,1,0,0.63875484,0.5682306,0.4695239355654097,0.16923091,0.0286391
3221,1,0,0.49582672,0.4392767,0.4861263851509454,0.009700328,9.4096366e-05
3222,1,0,0.51266193,0.45450068,0.3839245107424016,0.12873742,0.016573323
3223,1,0,0.4089241,0.360538,0.3876081801681534,0.021315932,0.00045436897
3224,1,0,0.4126668,0.363935,0.4174594896889481,0.0047926903,2.296988e-05
3225,1,0,0.44298935,0.39143515,0.4099631478107435,0.03302619,0.0010907291
3226,1,0,0.43537712,0.38453484,0.4581567617792697,0.022779644,0.00051891216
3227,1,0,0.4842968,0.42884493,0.4525533455432509,0.031743467,0.0010076477
3228,1,0,0.47861195,0.42370033,0.3325674084898518,0.14604455,0.021329012
3229,1,0,0.35670614,0.31309748,0.3432473302655836,0.013458818,0.00018113978
3230,1,0,0.36756945,0.32297468,0.2906674452808264,0.076902,0.005913918
3231,1,0,0.31406593,0.27428246,0.2823659673310965,0.031699955,0.0010048872
3232,1,0,0.30561352,0.26658058,0.2930380184688905,0.012575507,0.00015814338
3233,1,0,0.31647873,0.27648163,0.3682506315531908,0.05177191,0.0026803305
3234,1,0,0.39299297,0.34607458,0.309678209888812,0.08331478,0.006941352
3235,1,0,0.333416,0.29190588,0.3484574498705566,0.0150414705,0.00022624583
3236,1,0,0.37286854,0.3277917,0.3515057167868995,0.021362811,0.00045636971
3237,1,0,0.3759675,0.33060837,0.4311418071882249,0.05517429,0.0030442025
3238,1,0,0.45688152,0.40402365,0.3742297616147461,0.082651764,0.006831314
3239,1,0,0.3990717,0.3515935,0.4104444871113335,0.011372805,0.00012934068
3240,1,0,0.43586683,0.38497734,0.379867575943428,0.05599925,0.0031359158
3241,1,0,0.40480137,0.3567958,0.2830957544707422,0.12170562,0.014812258
3242,1,0,0.3063569,0.26725912,0.193225485610931,0.11313142,0.012798718
3243,1,0,0.21478605,0.18363953,0.3194040158050404,0.10461795,0.010944916
3244,1,0,0.3433137,0.30091333,0.2446489594090373,0.09866473,0.009734729
3245,1,0,0.26719713,0.2315383,0.4181642109543189,0.15096709,0.022791063
3246,1,0,0.44370508,0.39208412,0.6745502913572077,0.23084521,0.053289514
3247,1,0,0.70317984,0.6261482,0.611267755563647,0.09191209,0.008447832
3248,1,0,0.63931227,0.5687332,0.6335035890866312,0.0058086514,3.374043e-05
3249,1,0,0.66176844,0.5889354,0.6174547205910255,0.04431373,0.0019637065
3250,1,0,0.64556265,0.57435656,0.6668050911945977,0.02124244,0.00045124124
3251,1,0,0.6953697,0.61913586,0.6404643395483252,0.054905355,0.003014598
3252,1,0,0.66879463,0.5952525,0.7008780633363232,0.03208345,0.0010293479
3253,1,0,0.72971106,0.64996624,0.6840472802744584,0.045663774,0.0020851803
3254,1,0,0.71275234,0.6347451,0.6302153642959096,0.082536995,0.0068123555
3255,1,0,0.6584482,0.5859494,0.7191726107716372,0.060724378,0.00368745
3256,1,0,0.74813366,0.66649246,0.6367061192788706,0.111427546,0.012416098
3257,1,0,0.6650009,0.5918417,0.7254782031757561,0.060477316,0.0036575058
3258,1,0,0.75448036,0.67218447,0.7625805590640047,0.008100212,6.561343e-05
3259,1,0,0.79179716,0.7056236,0.6673282229706174,0.12446892,0.015492513
3260,1,0,0.6958971,0.61960936,0.7247779826248433,0.028880894,0.00083410606
3261,1,0,0.7537751,0.6715522,0.8216902346582113,0.06791514,0.0046124663
3262,1,0,0.8511424,0.7587271,0.6490803895315072,0.20206201,0.040829055
3263,1,0,0.67749023,0.6030688,0.669646662812168,0.007843554,6.152134e-05
3264,1,0,0.6982355,0.62170887,0.6118203402182676,0.08641517,0.007467582
3265,1,0,0.6398711,0.5692344,0.3163946633238783,0.32347646,0.10463702
3266,1,0,0.34025097,0.29812717,0.2139176663297464,0.1263333,0.015960101
3267,1,0,0.2358799,0.20292997,0.3917319893664217,0.15585208,0.02428987
3268,1,0,0.41685677,0.36773682,0.3347672321758157,0.08208954,0.006738693
3269,1,0,0.35894346,0.3151331,0.3101969487258875,0.048746526,0.002376224
3270,1,0,0.33394384,0.292387,0.3502975693101051,0.016353726,0.00026744435
3271,1,0,0.3747387,0.32949162,0.3382836694701243,0.036455035,0.0013289696
3272,1,0,0.36251974,0.31838465,0.3150858784849433,0.047433853,0.0022499703
3273,1,0,0.33891916,0.29691553,0.3793607014603104,0.040441543,0.0016355184
3274,1,0,0.40428448,0.356328,0.3601817241075711,0.04410276,0.0019450532
3275,1,0,0.38479042,0.338624,0.4513786062084346,0.06658819,0.0044339877
3276,1,0,0.47741985,0.42262125,0.4221443707285566,0.05527547,0.0030553776
3277,1,0,0.44774628,0.39574528,0.5878434611226941,0.1400972,0.019627227
3278,1,0,0.61564064,0.54742,0.5203111427132194,0.09532952,0.009087718
3279,1,0,0.5473027,0.48579597,0.4473547414731538,0.09994799,0.009989601
3280,1,0,0.47333622,0.41892576,0.4596352152542282,0.013700992,0.00018771717
3281,1,0,0.4857974,0.43020344,0.4771787384407071,0.008618653,7.4281175e-05
3282,1,0,0.5035901,0.4462986,0.6028794672731079,0.09928936,0.009858376
3283,1,0,0.63083744,0.5611043,0.482479499783091,0.14835793,0.022010075
3284,1,0,0.50896406,0.45115757,0.4389817354955481,0.06998232,0.004897525
3285,1,0,0.46483946,0.41123104,0.5419270755409729,0.07708764,0.0059425044
3286,1,0,0.569191,0.50554895,0.4109189814780087,0.158272,0.025050025
3287,1,0,0.43634653,0.3854146,0.4662098495778064,0.029863328,0.0008918183
3288,1,0,0.49246597,0.43623686,0.5726665842533478,0.08020061,0.0064321384
3289,1,0,0.6002941,0.5335951,0.5426546160354162,0.05763948,0.0033223096
3290,1,0,0.5699277,0.50621414,0.5609158352880455,0.009011865,8.121371e-05
3291,1,0,0.58840704,0.5228801,0.6311381039461414,0.042731047,0.0018259423
3292,1,0,0.65937996,0.5867877,0.4868749849519682,0.17250496,0.029757962
3293,1,0,0.51342106,0.45518684,0.5583635955550106,0.044942558,0.0020198335
3294,1,0,0.58582497,0.52055216,0.5852356730755517,0.0005893111,3.472876e-07
3295,1,0,0.61300373,0.5450449,0.5626522552592084,0.0503515,0.0025352736
3296,1,0,0.5901637,0.5244627,0.4699737052793757,0.120189995,0.014445635
3297,1,0,0.49628305,0.4396901,0.4186951956185787,0.07758787,0.006019878
3298,1,0,0.44424438,0.3925724,0.407889745843554,0.03635463,0.0013216592
3299,1,0,0.4332714,0.38262606,0.5155170442375958,0.08224565,0.0067643467
3300,1,0,0.54244614,0.48141098,0.6443117842073267,0.10186565,0.010376611
3301,1,0,0.672678,0.59874296,0.5703933471067151,0.10228467,0.010462154
3302,1,0,0.59799576,0.5315232,0.7338687180500241,0.13587296,0.018461462
3303,1,0,0.76292324,0.6797533,0.7693663972691986,0.006443143,4.151409e-05
3304,1,0,0.7986164,0.71173096,0.7048739295245197,0.09374249,0.008787654
3305,1,0,0.73373604,0.6535783,0.7345563694876596,0.0008203387,6.7295565e-07
3306,1,0,0.76361465,0.6803746,0.5204082177123857,0.24320644,0.059149373
3307,1,0,0.54740095,0.4858837,0.3746449146200898,0.17275605,0.029844651
3308,1,0,0.39949226,0.3519783,0.3929798629602059,0.0065124035,4.24114e-05
3309,1,0,0.41812515,0.36888838,0.2127865590133177,0.2053386,0.04216394
3310,1,0,0.23472643,0.2018776,0.3142522018932387,0.07952577,0.006324348
3311,1,0,0.33807135,0.29614305,0.3565910767974074,0.01851973,0.00034298038
3312,1,0,0.3811388,0.3353076,0.3248777485204259,0.056261063,0.0031653072
3313,1,0,0.34888315,0.3059821,0.4474214596208989,0.09853831,0.009709799
3314,1,0,0.47340393,0.41898632,0.4803815005270921,0.006977558,4.8686317e-05
3315,1,0,0.50683784,0.4492345,0.4998872958235116,0.006950557,4.8310245e-05
3316,1,0,0.5266099,0.46710682,0.4672423485053949,0.059367537,0.0035245046
3317,1,0,0.4935131,0.43718338,0.406815212615534,0.086697906,0.007516527
3318,1,0,0.43217993,0.38163424,0.4832463278417123,0.0510664,0.002607777
3319,1,0,0.5097418,0.4518609,0.5719877232618478,0.062245965,0.0038745601
3320,1,0,0.59960747,0.5329752,0.7407320211200519,0.14112455,0.019916138
3321,1,0,0.7698288,0.6859422,0.7622120468196805,0.0076167583,5.8015008e-05
3322,1,0,0.7914262,0.7052922,0.6432397785240402,0.14818639,0.021959204
3323,1,0,0.6715956,0.5977707,0.7089194862995871,0.037323892,0.0013930729
3324,1,0,0.7378111,0.65723467,0.7954028894173621,0.057591796,0.003316815
3325,1,0,0.82476664,0.7351365,0.9222956455207028,0.097528994,0.009511905
3326,1,0,0.9518304,0.84861946,1.007837788492842,0.056007385,0.0031368271
3327,1,0,1.0371017,0.92456055,1.0129148783452375,0.02418685,0.0005850037
3328,1,0,1.0421515,0.9290528,1.0328384797758332,0.009312987,8.6731736e-05
3329,1,0,1.0619597,0.9466686,1.143270863395454,0.08131111,0.006611496
3330,1,0,1.1714044,1.0438566,1.3621146754516031,0.1907103,0.036370423
3331,1,0,1.3864017,1.234138,1.4518406512093236,0.065438986,0.004282261
3332,1,1,1.4737549,1.3112478,-1.2959140686671926,2.769669,7.6710668
3333,1,1,-1.2894468,-1.261334,1.1024663208525585,2.3919132,5.7212486
3334,0,1,-0.9584608,1.0080357,-1.1120909828281622,0.15363014,0.02360222
3335,0,1,1.0389009,-1.0774264,0.8899394397333245,0.14896142,0.022189505
3336,0,1,-0.788682,0.8197756,-0.6827014117033423,0.105980575,0.0112318825
3337,0,1,0.62662935,-0.6535473,0.4119026902603204,0.21472666,0.046107538
3338,0,1,-0.37174034,0.3863206,-0.363451341976674,0.008289009,6.8707675e-05
3339,0,1,0.33468342,-0.34393597,0.3741068003538439,0.039423376,0.0015542026
3340,0,1,-0.336658,0.35148048,-0.3254564425582149,0.0112015605,0.00012547495
3341,0,1,0.30111647,-0.3074193,0.2397453491970411,0.061371118,0.003766414
3342,0,1,-0.20943832,0.22697878,-0.1319828976194426,0.07745543,0.005999344
3343,0,1,0.13444948,-0.122605324,0.1156255492254443,0.01882393,0.0003543403
3344,0,1,-0.088489056,0.11107826,0.0362532013862466,0.124742255,0.01556063
3345,0,1,-0.009467602,0.036525726,-0.1746554343175077,0.16518784,0.027287021
3346,0,1,0.17058754,-0.16320467,0.1701335974482543,0.00045394897,2.0606967e-07
3347,0,1,-0.14200401,0.16208076,-0.2023146444843684,0.060310632,0.0036373723
3348,0,1,0.19420052,-0.18956757,0.4087889514542393,0.21458843,0.046048194
3349,0,1,-0.36886215,0.38345337,-0.418935357256494,0.050073206,0.002507326
3350,0,1,0.38417673,-0.39738894,0.3280898445835438,0.056086898,0.0031457401
3351,0,1,-0.2935257,0.30895424,-0.2215268439750417,0.07199885,0.005183834
3352,0,1,0.2106905,-0.20790482,0.348468134533733,0.13777763,0.018982675
3353,0,1,-0.31268358,0.3278017,-0.2187648467718936,0.09391874,0.00882073
3354,0,1,0.2083149,-0.20526695,0.20023959688233,0.008075297,6.521042e-05
3355,0,1,-0.17129374,0.19018126,-0.1088372642982253,0.062456474,0.003900811
3356,0,1,0.114999294,-0.10062504,0.0331807045938328,0.08181859,0.0066942815
3357,0,1,-0.0063815117,0.033630848,0.0172010358366954,0.023582548,0.00055613654
3358,0,1,0.009690285,0.018579006,-0.0407609246033224,0.050451208,0.0025453244
3359,0,1,0.058399677,-0.036136627,0.0216170546345519,0.036782622,0.0013529613
3360,0,1,0.0052433014,0.022738934,-0.0033266446507482,0.0085699465,7.344398e-05
3361,0,1,0.027667046,-0.0007801056,-0.0299616779971314,0.05762872,0.0033210695
3362,0,1,0.049504757,-0.025928497,0.0301117363001779,0.019393021,0.00037608927
3363,0,1,-0.0032987595,0.030741692,0.0055636261532123,0.0088623855,7.8541874e-05
3364,0,1,0.020409107,0.00760746,-0.050832394072585,0.0712415,0.005075351
3365,0,1,0.06671381,-0.04566145,0.0627177125042095,0.0039960966,1.5968788e-05
3366,0,1,-0.035956383,0.061420918,-0.3053967054188931,0.26944032,0.072598085
3367,0,1,0.28350306,-0.28816938,0.1314412182756745,0.15206183,0.023122802
3368,0,1,-0.104081154,0.12589407,-0.1406092126238105,0.036528066,0.0013342996
3369,0,1,0.1417265,-0.13080645,0.0312206066920071,0.11050589,0.012211551
3370,0,1,-0.004413128,0.031785488,-0.057762883479274,0.053349756,0.0028461965
3371,0,1,0.07244873,-0.052218914,-0.0752617108550968,0.14771044,0.021818375
3372,0,1,0.08696842,-0.06878853,-0.0090475197439117,0.096015945,0.009219062
3373,0,1,0.032344818,-0.0061774254,0.0189352199605457,0.013409598,0.00017981732
3374,0,1,0.00794363,0.020213604,0.0827835259190203,0.0748399,0.0056010103
3375,0,1,-0.055948257,0.08027029,-0.1527823425527437,0.09683408,0.009376839
3376,0,1,0.15202045,-0.14238262,0.0961702896077216,0.055850163,0.0031192407
3377,0,1,-0.06923914,0.09283495,0.0766128408277406,0.14585197,0.021272797
3378,0,1,-0.049809933,0.07447624,-0.0801611575844445,0.030351222,0.00092119665
3379,0,1,0.09104538,-0.07343054,0.1987217333109656,0.10767636,0.011594198
3380,0,1,-0.16982126,0.18876505,-0.2003394992367875,0.030518234,0.0009313626
3381,0,1,0.1925087,-0.18768454,0.2165819267618633,0.024073228,0.0005795203
3382,0,1,-0.18711281,0.20541239,-0.1129045464235618,0.07420826,0.0055068657
3383,0,1,0.1184082,-0.10448599,-0.0219251002771265,0.14033331,0.019693438
3384,0,1,0.042901516,-0.018336296,0.1614008261220005,0.11849931,0.014042086
3385,0,1,-0.13347197,0.1539197,-0.2115382052600978,0.078066245,0.0060943384
3386,0,1,0.20210648,-0.19836903,-0.109910809003332,0.3120173,0.09735479
3387,0,1,0.115897655,-0.101644516,-0.0311441501582203,0.1470418,0.02162129
3388,0,1,0.050477505,-0.02704668,0.0336160196221078,0.016861483,0.00028430962
3389,0,1,-0.006819725,0.034040928,-0.1111199921992165,0.10430027,0.010878546
3390,0,1,0.11691189,-0.10279131,-0.018628303028497,0.13554019,0.018371142
3391,0,1,0.040195465,-0.015221596,0.1240202769345435,0.08382481,0.0070265993
3392,0,1,-0.09677172,0.11894417,-0.0521216461834761,0.04465007,0.0019936287
3393,0,1,0.06778097,-0.046881676,0.0950030836492707,0.027222112,0.00074104336
3394,0,1,-0.06808138,0.091741085,-0.0552431533508821,0.012838226,0.00016482004
3395,0,1,0.070364,-0.049835682,0.0529195390433789,0.017444458,0.0003043091
3396,0,1,-0.026165485,0.052206993,-0.1483057862822132,0.1221403,0.014918254
3397,0,1,0.14823198,-0.13812399,0.1445918283111833,0.00364016,1.3250765e-05
3398,0,1,-0.117005825,0.13820171,-0.194866334789225,0.077860504,0.006062258
3399,0,1,0.18782711,-0.18246555,0.1315377292952382,0.056289375,0.0031684937
3400,0,1,-0.10417557,0.12598562,-0.056047537014563,0.04812803,0.0023163073
3401,0,1,0.07102871,-0.050596714,0.1776968000375181,0.106668085,0.011378081
3402,0,1,-0.14938068,0.1691451,0.0684424151138038,0.21782309,0.0474469
3403,0,1,-0.041668892,0.06680012,0.0205240645445261,0.062192954,0.0038679636
3404,0,1,0.006342888,0.021710396,-0.0105551787758155,0.016898066,0.00028554464
3405,0,1,0.033580303,-0.0076007843,0.1215436664041167,0.087963365,0.0077375537
3406,0,1,-0.094329834,0.116624355,-0.1915643814836025,0.09723455,0.009454557
3407,0,1,0.18500566,-0.17931557,0.1695967952441508,0.015408874,0.00023743339
3408,0,1,-0.14147949,0.16157913,-0.2469122732870019,0.10543278,0.011116071
3409,0,1,0.23258638,-0.23216105,0.3940286529063801,0.16144228,0.02606361
3410,0,1,-0.35518837,0.36985445,-0.3045198215571005,0.050668538,0.0025673008
3411,0,1,0.28273487,-0.28732824,-0.0282496949934083,0.31098455,0.09671139
3412,0,1,0.04809761,-0.024310112,0.0860812737724927,0.037983663,0.0014427587
3413,0,1,-0.059226036,0.083367825,-0.0702678161733292,0.011041783,0.000121920966
3414,0,1,0.08281803,-0.06405878,-0.108141165701304,0.1909592,0.036465418
3415,0,1,0.11441517,-0.09996414,0.0165298384507748,0.09788533,0.009581539
3416,0,1,0.010365486,0.017945766,-0.1341817817117832,0.14454727,0.020893913
3417,0,1,0.13630342,-0.124694824,0.1373594473660011,0.0010560155,1.1151687e-06
3418,0,1,-0.10990095,0.13143349,-0.4149229496743869,0.305022,0.093038425
3419,0,1,0.380579,-0.39351892,0.4156257861502315,0.035046786,0.0012282772
3420,0,1,-0.3751793,0.38974857,-0.3684855285071613,0.0066937506,4.4806297e-05
3421,0,1,0.33915043,-0.34878016,0.3747773122693942,0.03562689,0.0012692752
3422,0,1,-0.3372836,0.35209942,-0.2283509212782242,0.10893269,0.011866331
3423,0,1,0.21656418,-0.21442175,0.0351893620887517,0.18137482,0.032896824
3424,0,1,-0.008399487,0.03552389,-0.1806190133132048,0.17221953,0.029659566
3425,0,1,0.17566586,-0.16888475,0.2088162879973998,0.033150434,0.0010989513
3426,0,1,-0.1796031,0.19817686,-0.2718450905170311,0.092242,0.008508587
3427,0,1,0.2542138,-0.25601673,0.3303822862771035,0.07616848,0.005801637
3428,0,1,-0.2956848,0.31107616,-0.2482632364269728,0.047421575,0.0022488057
3429,0,1,0.23375559,-0.2334528,0.072715672203544,0.16103992,0.025933856
3430,0,1,-0.04592848,0.07081556,-0.0312733131567473,0.014655165,0.00021477387
3431,0,1,0.050583363,-0.02716732,-0.0340727442255799,0.084656104,0.007166656
3432,0,1,0.052888393,-0.02981472,0.1811553124175526,0.12826692,0.016452402
3433,0,1,-0.15274811,0.17237282,-0.2570843426337532,0.10433623,0.010886049
3434,0,1,0.24139643,-0.24189043,0.2046982839101163,0.036698148,0.001346754
3435,0,1,-0.17561436,0.19433784,-0.2797465202216793,0.104132175,0.01084351
3436,0,1,0.26109266,-0.2635846,0.2595395769841486,0.0015530884,2.4120836e-06
3437,0,1,-0.22842503,0.24538326,-0.3333384500072807,0.10491341,0.011006825
3438,0,1,0.30805779,-0.31498814,0.4380891478914437,0.13003138,0.01690816
3439,0,1,-0.39586496,0.41041136,-0.29068278743887,0.10518217,0.011063289
3440,0,1,0.2706318,-0.27406216,0.0971748090953399,0.17345698,0.030087324
3441,0,1,-0.07023573,0.09377813,0.0641983012491254,0.13443403,0.018072508
3442,0,1,-0.037435055,0.0628109,0.0303461071918187,0.067781165,0.0045942864
3443,0,1,-0.0035352707,0.030962467,0.1192767809216528,0.122812055,0.015082801
3444,0,1,-0.092093945,0.114500046,-0.1712170964572017,0.079123154,0.0062604737
3445,0,1,0.16766262,-0.15992975,0.2756342877192637,0.10797167,0.011657882
3446,0,1,-0.24380016,0.26033306,-0.2283367206744655,0.015463442,0.00023911803
3447,0,1,0.2165513,-0.21440792,0.1214411064729183,0.0951102,0.00904595
3448,0,1,-0.09422922,0.11652756,-0.1673018057718209,0.07307258,0.0053396025
3449,0,1,0.1643362,-0.15620089,0.2125099173767992,0.04817371,0.0023207064
3450,0,1,-0.18317747,0.20161963,-0.2393600553631332,0.05618258,0.003156482
3451,0,1,0.22605991,-0.22494125,0.1703686052003714,0.0556913,0.0031015212
3452,0,1,-0.14223337,0.16230106,-0.2345873337922439,0.092353955,0.008529253
3453,0,1,0.22194004,-0.22038078,0.180629063783785,0.04131098,0.0017065972
3454,0,1,-0.15223646,0.17188263,-0.1294664450196734,0.022770017,0.0005184737
3455,0,1,0.13232994,-0.12021446,0.1287204680312088,0.0036094785,1.3028335e-05
3456,0,1,-0.10140228,0.12334585,-0.0984379067628484,0.0029643774,8.787533e-06
3457,0,1,0.10629368,-0.09075832,0.0783000410152174,0.027993634,0.00078364357
3458,0,1,-0.051488876,0.07606125,-0.0331905282177551,0.018298347,0.0003348295
3459,0,1,0.05216217,-0.028979301,-0.0365835038148825,0.088745676,0.007875795
3460,0,1,0.054955006,-0.03218746,-0.0526823657097921,0.107637376,0.011585805
3461,0,1,0.06824446,-0.047412395,0.2406288034541956,0.17238435,0.029716365
3462,0,1,-0.21028757,0.22779989,-0.1378971691354538,0.07239041,0.005240371
3463,0,1,0.13943815,-0.12822819,0.0608858277640846,0.07855232,0.006170467
3464,0,1,-0.034129143,0.05969715,0.0251060652330581,0.059235208,0.0035088097
3465,0,1,0.0017333031,0.026026726,-0.1870945867866487,0.18882789,0.03565597
3466,0,1,0.18118858,-0.17505646,0.222901978156913,0.0417134,0.0017400079
3467,0,1,-0.19321632,0.21129942,-0.2640131711874867,0.07079685,0.0050121937
3468,0,1,0.24740648,-0.24851894,0.3574403060988258,0.11003381,0.012107439
3469,0,1,-0.32108974,0.336092,-0.2899307825390025,0.031158954,0.0009708804
3470,0,1,0.26997614,-0.27334118,0.3482228516343291,0.07824671,0.006122548
3471,0,1,-0.31245422,0.32757378,-0.2739078550240528,0.038546383,0.0014858237
3472,0,1,0.25600815,-0.25799227,0.2729904817251123,0.016982347,0.0002884001
3473,0,1,-0.2412777,0.25787735,-0.0793935983438585,0.1618841,0.026206462
3474,0,1,0.09040499,-0.07270336,0.1337276961967122,0.043322712,0.0018768574
3475,0,1,-0.10632944,0.12803364,-0.3651388636305626,0.25880942,0.066982314
3476,0,1,0.33617973,-0.34555912,0.3364809080226134,0.00030118227,9.0710756e-08
3477,0,1,-0.30142546,0.31671762,-0.2375160702210603,0.06390938,0.004084409
3478,0,1,0.22446823,-0.22317886,0.1557824285016371,0.0686858,0.0047177393
3479,0,1,-0.12797451,0.14866781,-0.0755662380276831,0.05240827,0.0027466267
3480,0,1,0.087222576,-0.069077015,-0.0194185701524105,0.10664114,0.011372333
3481,0,1,0.040843964,-0.015969753,0.0009434360112248,0.039900526,0.001592052
3482,0,1,0.024178982,0.003250122,0.0190919177383985,0.0050870646,2.5878226e-05
3483,0,1,0.007785797,0.020359516,0.0745477646125545,0.06676197,0.004457161
3484,0,1,-0.047754288,0.07253599,-0.1049874923332527,0.057233207,0.00327564
3485,0,1,0.11177254,-0.096971035,0.0522258799809032,0.059546657,0.0035458044
3486,0,1,-0.025472164,0.051553726,-0.0465814522249949,0.021109287,0.000445602
3487,0,1,0.06320381,-0.04164076,-0.2335535157324146,0.29675734,0.08806492
3488,0,1,0.22104931,-0.21939278,0.3992611018661982,0.17821178,0.031759437
3489,0,1,-0.3600402,0.37467718,-0.1774485487874706,0.18259163,0.033339705
3490,0,1,0.17296553,-0.16586399,0.2641147509335217,0.09114921,0.008308179
3491,0,1,-0.23280048,0.24963474,-0.3552855486421782,0.12248507,0.0150025925
3492,0,1,0.32744646,-0.33608246,0.3184843907373693,0.008962065,8.031861e-05
3493,0,1,-0.28446484,0.30006218,-0.4528824565831675,0.16841763,0.028364498
3494,0,1,0.4147315,-0.43016863,0.476096547397602,0.06136504,0.003765668
3495,0,1,-0.43061352,0.44530678,-0.415913818177315,0.0146996975,0.00021608111
3496,0,1,0.3814664,-0.3944745,0.3116757692995664,0.06979063,0.0048707323
3497,0,1,-0.27802944,0.293756,-0.2656044058094844,0.012425035,0.0001543815
3498,0,1,0.24878931,-0.25004292,0.2053559327828082,0.043433383,0.0018864587
3499,0,1,-0.17625332,0.19495058,-0.1243852149317827,0.051868103,0.0026903
3500,0,1,0.12805271,-0.11538744,0.0082378797260833,0.11981483,0.014355593
3501,0,1,0.018228054,0.010128498,-0.1233335564212589,0.14156161,0.02003969
3502,0,1,0.12716913,-0.11438942,0.1801943626129558,0.05302523,0.0028116752
3503,0,1,-0.15181208,0.17147684,-0.2935580233719026,0.14174595,0.020091916
3504,0,1,0.27314425,-0.27681732,0.0633905538519474,0.20975369,0.04399661
3505,0,1,-0.036628723,0.062052727,-0.130353510100015,0.09372479,0.008784336
3506,0,1,0.13307762,-0.12105703,0.0910627846180398,0.042014837,0.0017652465
3507,0,1,-0.064172745,0.088042736,-0.1721218615165352,0.10794912,0.0116530135
3508,0,1,0.16843128,-0.16079044,0.1217949652471546,0.046636313,0.0021749458
3509,0,1,-0.09457588,0.11685848,-0.1239268485186153,0.029350966,0.0008614792
3510,0,1,0.12766743,-0.11495304,0.1217301176552405,0.005937308,3.5251625e-05
3511,0,1,-0.09451342,0.1167984,-0.0285343302857983,0.065979086,0.0043532397
3512,0,1,0.048330784,-0.024580956,0.0863531956593526,0.038022414,0.0014457039
3513,0,1,-0.059497356,0.08362293,0.0058072598284777,0.065304615,0.004264693
3514,0,1,0.020209312,0.007837772,0.0117859984914838,0.0084233135,7.0952214e-05
3515,0,1,0.0151491165,0.013474941,0.0161177940348364,0.0009686779,9.3833694e-07
3516,0,1,0.010781765,0.017558098,0.0825625677414008,0.0717808,0.0051524835
3517,0,1,-0.055728436,0.08006334,-0.2190282085936878,0.16329977,0.026666814
3518,0,1,0.20854187,-0.20551825,0.1000560415696574,0.108485825,0.011769175
3519,0,1,-0.07309055,0.09648085,0.0216389935436822,0.09472954,0.008973686
3520,0,1,0.005221367,0.022759914,0.0383271033951277,0.033105735,0.0010959897
3521,0,1,-0.011548519,0.038476467,-0.1594541632442814,0.14790565,0.02187608
3522,0,1,0.15767288,-0.14873075,0.0055969413548515,0.15207595,0.023127094
3523,0,1,0.020381927,0.0076384544,0.0227483884936123,0.0023664609,5.600137e-06
3524,0,1,0.004105568,0.023806095,0.0839471074936746,0.07984154,0.0063746716
3525,0,1,-0.057104588,0.081364155,-0.2430138807811017,0.18590929,0.034562264
3526,0,1,0.22921658,-0.22843361,0.2346678508937794,0.005451277,2.971642e-05
3527,0,1,-0.20455265,0.22225428,-0.1809416031566941,0.023611054,0.00055748184
3528,0,1,0.17594051,-0.16919231,0.0338317066465823,0.1421088,0.02019491
3529,0,1,-0.007037163,0.034245014,-0.1421982193692086,0.13516106,0.01826851
3530,0,1,0.14306927,-0.13231611,0.238505431140414,0.09543617,0.009108063
3531,0,1,-0.20824575,0.22582483,-0.3479089878105226,0.13966322,0.019505816
3532,0,1,0.32092,-0.32898998,0.4493939059339382,0.12847391,0.016505545
3533,0,1,-0.40623283,0.4207983,-0.5477857812327525,0.14155293,0.02003723
3534,0,1,0.50120735,-0.5221062,0.5039060294904498,0.00269866,7.282765e-06
3535,0,1,-0.45583773,0.47078562,-0.5497383779177483,0.09390068,0.008817337
3536,0,1,0.5030036,-0.5240021,0.4697282616451099,0.033275336,0.001107248
3537,0,1,-0.4248128,0.43946552,-0.5240885847785925,0.09927577,0.009855678
3538,0,1,0.47947216,-0.4991088,0.4611045874666519,0.018367559,0.0003373672
3539,0,1,-0.41694307,0.43155146,-0.6182573386323638,0.20131427,0.040527437
3540,0,1,0.56637716,-0.59065485,0.6328097742585381,0.066432595,0.0044132895
3541,0,1,-0.57056046,0.58830404,-0.4750414980952744,0.09551895,0.009123869
3542,0,1,0.43478584,-0.45159674,0.5141411301004579,0.0793553,0.006297264
3543,0,1,-0.4650793,0.48015308,-0.5360137113560555,0.070934415,0.0050316914
3544,0,1,0.49039936,-0.51067877,0.4483260671767661,0.04207328,0.0017701609
3545,0,1,-0.40525484,0.41981792,-0.5967045460911269,0.1914497,0.03665299
3546,0,1,0.54636335,-0.5696664,0.6409904609777151,0.09462708,0.008954285
3547,0,1,-0.57771873,0.5957308,-0.6406522771314549,0.062933564,0.0039606337
3548,0,1,0.58724594,-0.61248875,0.6238315317899223,0.03658557,0.0013385039
3549,0,1,-0.56268644,0.5801511,-0.601505442804644,0.038819015,0.0015069159
3550,0,0,0.5508151,-0.57433987,-0.7390264486010558,1.2898415,1.6636912
3551,0,0,0.6797614,-0.7086749,-0.6469547181401838,1.3267162,1.7601758
3552,0,0,0.593133,-0.61863756,-0.8501208320885514,1.4432538,2.0829813
3553,1,0,-0.844429,-0.8178363,-0.7758053267940861,0.06862366,0.004709207
3554,1,0,-0.769608,-0.74475193,-1.0458576397955133,0.27624965,0.07631387
3555,1,0,-1.0407071,-1.0115123,-0.9226739229665348,0.11803317,0.0139318295
3556,1,0,-0.9173231,-0.8894272,-1.013344870988508,0.09602177,0.009220181
3557,1,0,-1.0081906,-0.97922516,-1.1186208846794683,0.11043024,0.012194838
3558,1,0,-1.1133399,-1.0839357,-1.1461914802350046,0.032851577,0.0010792261
3559,1,0,-1.1408095,-1.1114373,-1.182554833870315,0.041745305,0.0017426705
3560,1,0,-1.1769943,-1.1477575,-1.0956692307200102,0.081325054,0.0066137644
3561,1,0,-1.0904503,-1.0610671,-1.1349436067421887,0.044493318,0.0019796554
3562,1,0,-1.1296067,-1.1002135,-1.011177691199621,0.118429065,0.014025443
3563,1,0,-1.0060225,-0.9770756,-1.054289818285744,0.048267365,0.0023297386
3564,1,0,-1.0491343,-1.0198936,-1.07702551910823,0.027891278,0.0007779234
3565,1,0,-1.0718431,-1.0425076,-1.1735512186809132,0.101708055,0.010344529
3566,1,0,-1.1680388,-1.1387591,-0.9914216147604646,0.1766172,0.031193636
3567,1,0,-0.9862442,-0.95747995,-1.1400082157778328,0.15376401,0.02364337
3568,1,0,-1.1346512,-1.1052661,-1.202995971169206,0.06834483,0.004671016
3569,1,0,-1.1973109,-1.1681981,-1.2032469341900134,0.0059360266,3.523641e-05
3570,1,0,-1.1975598,-1.1684494,-1.2032481802705712,0.0056883097,3.2356867e-05
3571,1,0,-1.1975617,-1.1684518,-1.0423217753787437,0.15523994,0.02409944
3572,1,0,-1.0371718,-1.0079994,-1.0006424233917484,0.03652942,0.0013343986
3573,1,0,-0.9954767,-0.9666238,-1.0340000211074187,0.038523316,0.0014840459
3574,1,0,-1.0288525,-0.9997325,-1.1018138173574812,0.07296133,0.0053233556
3575,1,0,-1.09658,-1.0671883,-0.9571432399363342,0.13943678,0.019442616
3576,1,0,-0.9518995,-0.9235225,-1.015383814337337,0.06348431,0.004030258
3577,1,0,-1.0102305,-0.9812484,-0.9562471517827164,0.05398339,0.0029142064
3578,1,0,-0.9510002,-0.9226365,-0.9813858651032304,0.030385673,0.0009232891
3579,1,0,-0.97619295,-0.94753265,-0.959976139956968,0.016216815,0.00026298506
3580,1,0,-0.9547396,-0.9263263,-0.9672194776690244,0.012479901,0.00015574794
3581,1,0,-0.96199846,-0.93349886,-1.1344984015770845,0.1724999,0.029756214
3582,1,0,-1.1291623,-1.0997696,-1.0568267122638364,0.0723356,0.0052324394
3583,1,0,-1.0516682,-1.0224161,-1.0661071528056132,0.014438987,0.00020848434
3584,1,0,-1.0609393,-1.0316443,-1.0632519368384328,0.0023126602,5.3483973e-06
3585,1,0,-1.0580878,-1.0288048,-0.9524952909820436,0.10559255,0.011149786
3586,1,0,-0.9472389,-0.9189229,-0.8297622643801148,0.11747664,0.013800762
3587,1,0,-0.8239465,-0.79779005,-0.9419956898388032,0.118049204,0.013935614
3588,1,0,-0.9367089,-0.9085326,-0.8585356001829672,0.07817334,0.006111071
3589,1,0,-0.8528905,-0.82612705,-0.96550298784057,0.112612486,0.012681572
3590,1,0,-0.9602785,-0.93179893,-1.0247867505728934,0.0645082,0.004161308
3591,1,0,-1.0196381,-0.99058294,-1.1505208140161312,0.13088274,0.017130291
3592,1,0,-1.1451197,-1.1157584,-1.2934116644706188,0.14829195,0.0219905
3593,1,0,-1.2869701,-1.2588224,-1.2886747740649032,0.0017046928,2.9059777e-06
3594,1,0,-1.2822814,-1.254065,-1.3167919147680411,0.034510493,0.0011909741
3595,1,0,-1.3100963,-1.2823095,-1.4560238633295288,0.14592755,0.021294849
3596,1,0,-1.447298,-1.4226384,-1.2754712156300068,0.17182684,0.029524462
3597,1,0,-1.2692075,-1.2408137,-1.3336602890981428,0.06445277,0.004154159
3598,1,0,-1.3267674,-1.2992697,-1.3168541402862497,0.009913325,9.827402e-05
3599,1,0,-1.3101583,-1.2823725,-1.4185904958085098,0.10843229,0.011757562
3600,1,0,-1.410501,-1.3848343,-1.3952591113186197,0.015241861,0.00023231434
3601,1,0,-1.3875322,-1.3613005,-1.267644547564874,0.11988771,0.014373063
3602,1,0,-1.2614546,-1.2329617,-1.1702861055316376,0.09116852,0.008311699
3603,1,0,-1.1647916,-1.1354971,-1.0038578588859348,0.16093373,0.025899667
3604,1,0,-0.9986954,-0.96981335,-1.0884517059491712,0.08975637,0.008056206
3605,1,0,-1.0832477,-1.0538797,-1.0373955073418335,0.045852184,0.0021024228
3606,1,0,-1.0322471,-1.0031052,-0.9448887285619456,0.087358356,0.007631482
3607,1,0,-0.9396105,-0.9113951,-1.065662322742865,0.12605178,0.015889052
3608,1,0,-1.0604959,-1.0312014,-0.9943308313602692,0.06616503,0.004377811
3609,1,0,-0.98915815,-0.96036434,-1.2307887718541377,0.24163067,0.058385383
3610,1,0,-1.2249079,-1.1960192,-1.2275171963318412,0.0026093721,6.808823e-06
3611,1,0,-1.2216611,-1.1927428,-1.1821008973375706,0.0395602,0.0015650094
3612,1,0,-1.1765423,-1.1473036,-1.2216556719876968,0.045113444,0.002035223
3613,1,0,-1.2158432,-1.1868734,-1.408798490064223,0.19295526,0.037231732
3614,1,0,-1.4008651,-1.3749552,-1.5144160347327489,0.1135509,0.012893807
3615,1,0,-1.5045581,-1.4817157,-1.4726337466918586,0.031924367,0.0010191652
3616,1,0,-1.463603,-1.4394293,-1.5542482416309389,0.090645194,0.0082165515
3617,1,0,-1.5435185,-1.5220904,-1.5840089507445008,0.04049039,0.0016394716
3618,1,0,-1.5725727,-1.5522952,-1.5281023316173448,0.04447043,0.001977619
3619,1,0,-1.5179539,-1.4955816,-1.6198957858208145,0.10194194,0.01039216
3620,1,0,-1.6075444,-1.5887618,-1.7790668113536814,0.17152238,0.029419927
3621,1,0,-1.7643118,-1.75107,-1.6225778118739118,0.141734,0.020088527
3622,1,0,-1.6101556,-1.5914898,-1.6162945171858771,0.006138921,3.768635e-05
3623,1,0,-1.6040378,-1.5850997,-1.7236063208280203,0.11956859,0.014296647
3624,1,0,-1.708211,-1.6944141,-1.6547724004377828,0.053438544,0.002855678
3625,1,0,-1.6414652,-1.6242476,-1.746152237185023,0.104687095,0.010959388
3626,1,0,-1.7300138,-1.7174335,-1.6411873829736248,0.08882642,0.007890132
3627,1,0,-1.6282601,-1.6104198,-1.730922006274497,0.10266185,0.010539455
3628,1,0,-1.7152891,-1.7018809,-1.7455097432328568,0.030220628,0.00091328635
3629,1,0,-1.7293935,-1.7167768,-1.7809957015787343,0.051602244,0.0026627916
3630,1,0,-1.7663465,-1.7530427,-1.6725783618395695,0.09376812,0.00879246
3631,1,0,-1.6587567,-1.6423821,-1.729867266679939,0.07111049,0.005056701
3632,1,0,-1.7142687,-1.7008042,-1.6968156181067409,0.017453074,0.0003046098
3633,1,0,-1.6822653,-1.6670847,-1.6351420176079063,0.047123313,0.0022206067
3634,1,0,-1.6223812,-1.6042686,-1.5485268805116004,0.07385433,0.0054544616
3635,1,0,-1.5379267,-1.5162868,-1.6002802464074335,0.06235361,0.0038879728
3636,1,0,-1.5884376,-1.5688233,-1.5811635268188544,0.0072740316,5.2911535e-05
3637,1,0,-1.569797,-1.549406,-1.4704461495124903,0.09935093,0.009870607
3638,1,0,-1.4614563,-1.4372172,-1.3472551428231982,0.11420119,0.013041912
3639,1,0,-1.3401933,-1.3129478,-1.492680853224278,0.15248764,0.02325248
3640,1,0,-1.483264,-1.4597092,-1.4674585121478447,0.015805483,0.00024981328
3641,1,0,-1.4585247,-1.4341974,-1.5162705150668572,0.057745814,0.003334579
3642,1,0,-1.5063734,-1.4835944,-1.5644280080573356,0.058054566,0.0033703328
3643,1,0,-1.5534611,-1.5324178,-1.461746892781008,0.091714144,0.008411484
3644,1,0,-1.4529176,-1.4284234,-1.567409470651123,0.11449194,0.013108404
3645,1,0,-1.5563731,-1.5354447,-1.4708948917772808,0.08547819,0.0073065204
3646,1,0,-1.4618974,-1.4376712,-1.3257878564774108,0.13610947,0.018525789
3647,1,0,-1.3189888,-1.2913532,-1.1400669321018109,0.17892182,0.032013018
3648,1,0,-1.1347098,-1.1053243,-1.2384577509233663,0.103747964,0.01076364
3649,1,0,-1.2325182,-1.2037015,-1.1229386270467003,0.10957956,0.012007681
3650,1,0,-1.1176443,-1.0882411,-1.0050993736174902,0.112544894,0.012666353
3651,1,0,-0.9999385,-0.97104454,-1.0084824582992065,0.008543968,7.299939e-05
3652,1,0,-1.003325,-0.974401,-1.087645540440188,0.084320545,0.0071099545
3653,1,0,-1.0824437,-1.0530777,-1.253864022060922,0.17142034,0.029384932
3654,1,0,-1.2477965,-1.2191415,-1.374928068657785,0.12713158,0.016162438
3655,1,0,-1.367496,-1.3408108,-1.492352795455286,0.12485683,0.015589228
3656,1,0,-1.4829435,-1.4593778,-1.3637641317849507,0.11917937,0.014203722
3657,1,0,-1.3564858,-1.329566,-1.319976692067634,0.036509156,0.0013329185
3658,1,0,-1.3132443,-1.2855115,-1.259800552064223,0.05344379,0.0028562387
3659,1,0,-1.2536807,-1.2250938,-1.25754979690978,0.0038690567,1.49696e-05
3660,1,0,-1.2514501,-1.2228379,-1.3200514923810411,0.06860149,0.0047061644
3661,1,0,-1.3133202,-1.2855873,-1.4346012546461129,0.12128115,0.014709117
3662,1,0,-1.4262476,-1.4009972,-1.3983432023231774,0.027904391,0.00077865506
3663,1,0,-1.3905692,-1.3644104,-1.441830503380321,0.051261306,0.0026277215
3664,1,0,-1.4333549,-1.408298,-1.6507042489958,0.21734941,0.047240768
3665,1,0,-1.6375122,-1.6201067,-1.6453501128784849,0.007837892,6.143255e-05
3666,1,0,-1.6323075,-1.614656,-1.7424670131389028,0.11015952,0.012135119
3667,1,0,-1.7264519,-1.7136683,-1.680748541124898,0.045703292,0.002088791
3668,1,0,-1.6666851,-1.6507063,-1.7841910123859617,0.11750591,0.013807639
3669,1,0,-1.7697182,-1.7563109,-1.7967504765060784,0.027032256,0.0007307429
3670,1,0,-1.7829685,-1.7691579,-1.7376604016786494,0.045308113,0.0020528252
3671,1,0,-1.7218056,-1.7087603,-1.658624496672176,0.06318104,0.003991844
3672,1,0,-1.6452084,-1.6281695,-1.6880759269101857,0.04286754,0.0018376261
3673,1,0,-1.6737924,-1.6581736,-1.6812802214351343,0.007487893,5.6068544e-05
3674,1,0,-1.667201,-1.6512485,-1.7800475131592242,0.11284649,0.012734331
3675,1,0,-1.765346,-1.7520723,-1.7474899640858208,0.017856121,0.00031884105
3676,1,0,-1.7313066,-1.7187991,-1.8200143174794412,0.088707805,0.007869075
3677,1,0,-1.8075104,-1.7929692,-1.7937611412798553,0.013749242,0.00018904165
3678,1,0,-1.7798152,-1.7660995,-1.989076161539817,0.20926094,0.043790143
3679,1,0,-1.9856982,-1.9665632,-2.167734749073376,0.18203664,0.033137336
3680,1,0,-2.1734943,-2.1510053,-2.0863499238338488,0.087144375,0.007594142
3681,1,0,-2.0880299,-2.0668645,-1.931142311472096,0.15688753,0.024613697
3682,1,0,-1.9246764,-1.90697,-2.082703840458967,0.15802741,0.024972662
3683,1,0,-2.0841985,-2.0630994,-2.164499096509497,0.08030057,0.0064481813
3684,1,0,-2.1700997,-2.147657,-2.1987154383804626,0.028615713,0.000818859
3685,1,0,-2.205985,-2.1830864,-2.1269405606767364,0.07904458,0.0062480457
3686,1,0,-2.1306758,-2.1088047,-2.03230841004142,0.09836745,0.009676156
3687,1,0,-2.0312004,-2.0111046,-2.0474629942823857,0.016262531,0.0002644699
3688,1,0,-2.0471425,-2.026732,-2.15766005138423,0.1105175,0.012214119
3689,1,0,-2.1629233,-2.1405787,-2.153360940639022,0.009562492,9.144126e-05
3690,1,0,-2.1584115,-2.1361303,-2.257865617599525,0.099454165,0.009891131
3691,1,0,-2.267943,-2.2444153,-2.144798234655392,0.12314463,0.015164599
3692,1,0,-2.1494236,-2.1272721,-2.136474257920659,0.012949228,0.00016768252
3693,1,0,-2.1406856,-2.1186628,-1.9088920528955289,0.23179352,0.053728238
3694,1,0,-1.9012275,-1.8841114,-1.937722482105196,0.03649497,0.0013318829
3695,1,0,-1.9316092,-1.9137325,-2.0535695036718256,0.1219604,0.014874339
3696,1,0,-2.0535655,-2.033031,-2.1136156077622976,0.06005001,0.0036060037
3697,1,0,-2.1166801,-2.0950313,-2.0100823980567544,0.10659766,0.011363061
3698,1,0,-2.0078115,-1.9881978,-1.9447957310223671,0.06301582,0.003970993
3699,1,0,-1.9390616,-1.9210048,-1.8606080708229005,0.07845354,0.006154958
3700,1,0,-1.8503237,-1.8345647,-1.8462583880641732,0.004065275,1.6526463e-05
3701,1,0,-1.8351912,-1.8198543,-1.930759408758579,0.09556818,0.009133277
3702,1,0,-1.924273,-1.9065762,-1.9374653442549172,0.013192296,0.00017403667
3703,1,0,-1.9313383,-1.9134684,-1.973151504749553,0.041813135,0.0017483382
3704,1,0,-1.9689302,-1.9501715,-1.80792996435303,0.16100025,0.02592108
3705,1,0,-1.7947621,-1.7805991,-1.7670197513964974,0.027742386,0.00076963997
3706,1,0,-1.7515993,-1.7387547,-1.758047031873737,0.006447673,4.1572486e-05
3707,1,0,-1.7421327,-1.7295842,-1.7545704801352038,0.01243782,0.00015469937
3708,1,0,-1.7384629,-1.7260318,-1.855967291067305,0.11750436,0.013807274
3709,1,0,-1.845429,-1.8298063,-1.8522198312271936,0.0067908764,4.6116e-05
3710,1,0,-1.8414779,-1.8259654,-1.8377993857629955,0.003678441,1.3530928e-05
3711,1,0,-1.8262687,-1.8111863,-2.038734538156872,0.21246576,0.0451417
3712,1,0,-2.037961,-2.0177307,-2.1149743748783028,0.077013254,0.005931041
3713,1,0,-2.1181073,-2.096436,-2.025363806045487,0.0927434,0.008601338
3714,1,0,-2.0238938,-2.0039458,-2.2001988193678823,0.17630506,0.031083472
3715,1,0,-2.20754,-2.1846237,-2.3214206422475963,0.113880634,0.012968799
3716,1,0,-2.3343973,-2.31042,-2.3845749045501945,0.050177574,0.002517789
3717,1,0,-2.4002964,-2.3761175,-2.301307472398193,0.09898901,0.009798824
3718,1,0,-2.3133802,-2.2895207,-2.1941410359044635,0.11923909,0.014217961
3719,1,0,-2.201189,-2.1783485,-2.109109551679537,0.0920794,0.008478616
3720,1,0,-2.1119466,-2.0903745,-2.2355801987488446,0.12363362,0.015285273
3721,1,0,-2.2446122,-2.2212982,-2.321607924500322,0.07699561,0.005928324
3722,1,0,-2.3345928,-2.310615,-2.3027037032808133,0.0318892,0.0010169211
3723,1,0,-2.3148398,-2.2909713,-2.344213973023764,0.029374123,0.0008628391
3724,1,0,-2.3581977,-2.3341198,-2.373470115654373,0.015272379,0.00023324556
3725,1,0,-2.3887193,-2.364558,-2.18814590035415,0.20057344,0.040229708
3726,1,0,-2.194903,-2.1721392,-2.125648257741002,0.06925464,0.0047962046
3727,1,0,-2.1293187,-2.1074686,-2.2257729532964614,0.09645414,0.009303402
3728,1,0,-2.2343392,-2.2111287,-2.3256085351091222,0.091269255,0.008330077
3729,1,0,-2.3387718,-2.3147736,-2.21969280963523,0.11907911,0.014179835
3730,1,0,-2.2279696,-2.2048259,-2.2469992569729538,0.019029617,0.00036212633
3731,1,0,-2.2565694,-2.2331424,-2.312385163472367,0.055815697,0.003115392
3732,1,0,-2.3249578,-2.3010302,-2.307079495948239,0.017878294,0.0003196334
3733,1,0,-2.3194132,-2.295517,-2.2383046419393846,0.08110857,0.0065786
3734,1,0,-2.2474651,-2.224123,-2.077399375878212,0.17006564,0.028922323
3735,1,0,-2.0786219,-2.057623,-2.1746893662288507,0.09606743,0.009228951
3736,1,0,-2.180791,-2.158204,-2.106232102182523,0.074558735,0.005559005
3737,1,0,-2.108923,-2.0874019,-1.9608286312534524,0.1480943,0.02193192
3738,1,0,-1.9559507,-1.9374928,-2.0310476866332534,0.075096846,0.0056395363
3739,1,0,-2.0298743,-2.0098042,-1.9046350889391963,0.12523925,0.015684871
3740,1,0,-1.8967404,-1.8797402,-1.8991611462956983,0.0024206638,5.8596133e-06
3741,1,0,-1.8909712,-1.8741193,-1.7685884372731806,0.12238276,0.01497754
3742,1,0,-1.7532554,-1.7403579,-1.7914640793954255,0.038208723,0.0014599066
3743,1,0,-1.7773919,-1.7637496,-1.833048768846293,0.05565691,0.0030976916
3744,1,0,-1.8212585,-1.8063192,-1.9602302415108976,0.13897169,0.01931313
3745,1,0,-1.9553208,-1.9368773,-2.052322122270916,0.097001314,0.009409255
3746,1,0,-2.0522537,-2.031744,-1.9985529955895425,0.053700686,0.0028837635
3747,1,0,-1.9956751,-1.9763217,-1.8185394203284204,0.1771357,0.03137706
3748,1,0,-1.8059545,-1.7914596,-1.9344809108094256,0.12852645,0.016519047
3749,1,0,-1.928194,-1.9104013,-2.0487139385743296,0.12051988,0.014525041
3750,1,1,-2.048458,-2.0280213,1.7796184675066176,3.8280766,14.65417
3751,1,1,1.7884688,1.5799599,-1.6523031646428796,3.440772,11.838912
3752,0,1,1.5376902,-1.6217332,1.3557690287470423,0.18192112,0.033095296
3753,0,1,-1.1489382,1.2286654,-1.2230282515792057,0.07409012,0.0054893466
3754,0,1,1.1460986,-1.1882482,1.2466769685778747,0.10057831,0.010115996
3755,0,1,-1.0684457,1.1341543,-1.218889195047561,0.15044355,0.022633264
3756,0,1,1.1421161,-1.1841035,0.9981690116696162,0.14394706,0.020720758
3757,0,1,-0.87630653,0.9159999,-0.9269517886520884,0.050645232,0.0025649394
3758,0,1,0.8595972,-0.89365673,0.865965473486594,0.0063682795,4.0554984e-05
3759,0,1,-0.76894,0.7983632,-0.9001717017165483,0.13123173,0.017221766
3760,0,1,0.8337774,-0.86719894,0.99702139188003,0.16324395,0.026648587
3761,0,1,-0.8753905,0.9149842,-0.8937286382327443,0.018338084,0.00033628533
3762,0,1,0.82757235,-0.86083794,0.9220645089435768,0.09449214,0.008928764
3763,0,1,-0.8149457,0.848413,-0.9170854952065683,0.10213977,0.010432533
3764,0,1,0.85007906,-0.88390446,0.8282181135886901,0.021860957,0.00047790146
3765,0,1,-0.7376118,0.76457787,-0.8975158705444013,0.15990412,0.025569329
3766,0,1,0.83121777,-0.86457586,0.8604298741781458,0.029212117,0.00085334777
3767,0,1,-0.76436615,0.79341507,-0.7141666441055925,0.05019951,0.0025199908
3768,0,1,0.65625906,-0.68432665,0.553776360712078,0.10248268,0.010502699
3769,0,1,-0.50064945,0.51636696,-0.3839726123992868,0.11667684,0.013613485
3770,0,1,0.35292244,-0.36368752,0.2998820417074475,0.053040385,0.0028132824
3771,0,1,-0.26685953,0.28282785,-0.1695311077236629,0.097328424,0.009472822
3772,0,1,0.1662283,-0.15832329,0.1543052673299589,0.01192303,0.00014215865
3773,0,1,-0.12652922,0.14728689,0.1282462759677454,0.2547755,0.06491055
3774,0,1,-0.100934505,0.12290192,-0.1914813498875789,0.09054685,0.008198732
3775,0,1,0.18493414,-0.17923784,0.209697417656713,0.024763271,0.0006132196
3776,0,1,-0.18045568,0.19899797,-0.1957293471405314,0.01527366,0.0002332847
3777,0,1,0.18856382,-0.18328714,0.1827316223255142,0.0058321953,3.40145e-05
3778,0,1,-0.15428448,0.17384434,-0.0609381918150644,0.09334628,0.0087135285
3779,0,1,0.07507944,-0.055224895,0.1224316534879434,0.04735221,0.0022422317
3780,0,1,-0.09520483,0.117456436,-0.1308293398585736,0.035624504,0.0012691052
3781,0,1,0.13347816,-0.121509075,0.2325650539359376,0.099086896,0.009818213
3782,0,1,-0.20252943,0.22029734,-0.4960604316570398,0.293531,0.08616045
3783,0,1,0.45388556,-0.47194386,0.3181761674196872,0.13570938,0.018417034
3784,0,1,-0.2841735,0.29977608,-0.2112722623833862,0.07290122,0.0053145876
3785,0,1,0.2018795,-0.19811487,-0.0435914126551733,0.24547091,0.060255967
3786,0,1,0.06073475,-0.03881359,0.2460370306014034,0.18530229,0.03433694
3787,0,1,-0.2154808,0.232831,-0.3443326324874167,0.12885183,0.016602794
3788,0,1,0.31775856,-0.3255515,0.3012412484100224,0.016517311,0.00027282158
3789,0,1,-0.2681489,0.28408813,-0.2871352808620653,0.018986374,0.0003604824
3790,0,1,0.26753473,-0.27066278,0.1219081230413596,0.1456266,0.021207107
3791,0,1,-0.094688416,0.11696577,-0.1177340367022417,0.023045622,0.00053110067
3792,0,1,0.12246227,-0.109071255,-0.0390725899170716,0.16153486,0.02609351
3793,0,1,0.057008743,-0.0345397,0.1920852837556124,0.13507654,0.018245671
3794,0,1,-0.16337967,0.18257284,-0.0732684415636795,0.090111226,0.008120033
3795,0,1,0.08531189,-0.0668993,-0.0950022097142868,0.1803141,0.03251317
3796,0,1,0.10342169,-0.08749914,0.0587950573289832,0.04462663,0.0019915362
3797,0,1,-0.032039642,0.05773306,-0.2029139365756744,0.1708743,0.029198026
3798,0,1,0.19471359,-0.1901393,0.1577777388971686,0.03693585,0.0013642571
3799,0,1,-0.12992811,0.15053415,-0.142446190206436,0.012518078,0.00015670228
3800,0,1,0.14327812,-0.13255215,0.1796081425890658,0.036330014,0.00131987
3801,0,1,-0.15124178,0.17092896,-0.0904833690218547,0.060758412,0.0036915846
3802,0,1,0.099648,-0.08321428,0.1740632429797957,0.07441525,0.0055376296
3803,0,1,-0.14583778,0.16575146,-0.4440550654362143,0.29821727,0.088933535
3804,0,1,0.4067669,-0.4216404,0.2392941496833422,0.16747274,0.028047116
3805,0,1,-0.20900297,0.22655869,-0.2693736633917645,0.060370684,0.0036446194
3806,0,1,0.2520647,-0.25365067,0.3387105251661806,0.08664581,0.0075074965
3807,0,1,-0.3035221,0.31877995,-0.4986496003741321,0.19512749,0.038074736
3808,0,1,0.45624447,-0.47445107,0.4190937175337295,0.03715074,0.0013801776
3809,0,1,-0.37837934,0.3929391,-0.3498457187696697,0.028533638,0.0008141685
3810,0,1,0.3226323,-0.33085155,0.1490335667751363,0.17359875,0.030136526
3811,0,1,-0.12136221,0.14235687,-0.1716027288171462,0.050240517,0.0025241096
3812,0,1,0.16799116,-0.16029787,0.2471631081622849,0.07917194,0.0062681963
3813,0,1,-0.2165618,0.23387814,-0.3352482797027081,0.1186865,0.014086485
3814,0,1,0.3097415,-0.316823,0.2000940923761538,0.10964741,0.012022554
3815,0,1,-0.17115211,0.19004536,-0.1306979432154564,0.04045418,0.0016365406
3816,0,1,0.13336706,-0.12138462,-0.0133035467099933,0.14667061,0.021512268
3817,0,1,0.03583002,-0.010195255,-0.0289625907971515,0.06479261,0.0041980823
3818,0,1,0.048683643,-0.02498436,-0.0900165277044671,0.13870017,0.019237738
3819,0,1,0.09925985,-0.082772255,-0.0496206033042225,0.14888045,0.02216539
3820,0,1,0.065713406,-0.044514656,-0.1378140431416756,0.20352745,0.04142342
3821,0,1,0.13936615,-0.12814713,0.1067503154631328,0.032615833,0.0010637926
3822,0,1,-0.079717636,0.102758884,-0.0384611382154949,0.0412565,0.0017020986
3823,0,1,0.05650425,-0.03396225,-0.1034601583110239,0.15996441,0.025588613
3824,0,1,0.11049461,-0.09552336,0.1083686611753425,0.0021259561,4.5196894e-06
3825,0,1,-0.0813179,0.10427618,-0.0207425130994689,0.06057539,0.0036693776
3826,0,1,0.04192972,-0.017219067,0.2773229936761785,0.23539329,0.055409998
3827,0,1,-0.24540901,0.26189947,-0.2359517988461146,0.009457216,8.943893e-05
3828,0,1,0.22311735,-0.22168446,0.0724001956762219,0.15071715,0.02271566
3829,0,1,-0.04561329,0.07051754,-0.1418460913805734,0.0962328,0.009260752
3830,0,1,0.14277124,-0.13198185,0.0981942427676321,0.044577003,0.0019871092
3831,0,1,-0.07124519,0.09473467,-0.109100955958854,0.03785576,0.0014330585
3832,0,1,0.115219116,-0.10087538,0.0048786777906313,0.11034044,0.012175012
3833,0,1,0.020967484,0.0069618225,-0.0082950677279374,0.02926255,0.00085629686
3834,0,1,0.03172922,-0.005467415,0.0857166450892341,0.05398742,0.0029146418
3835,0,1,-0.058864117,0.083025455,-0.2456306779470454,0.18676656,0.03488175
3836,0,1,0.23147821,-0.2309351,0.4208084940480212,0.18933028,0.035845954
3837,0,1,-0.37996197,0.39451742,-0.4575564386740023,0.07759446,0.0060209
3838,0,1,0.41895437,-0.43468666,0.3345433569044438,0.084411025,0.007125221
3839,0,1,-0.29960155,0.31492567,-0.3080646900381616,0.008463144,7.162481e-05
3840,0,1,0.28584146,-0.29072905,0.1892677025793947,0.096573755,0.009326491
3841,0,1,-0.1606412,0.17994642,-0.1351128027381376,0.025528386,0.0006516985
3842,0,1,0.1370883,-0.12558079,0.1965203676318276,0.059432074,0.0035321715
3843,0,1,-0.16768551,0.18671179,-0.281907987581973,0.11422247,0.013046772
3844,0,1,0.26297522,-0.26565552,0.217383303811423,0.045591906,0.0020786219
3845,0,1,-0.18788719,0.20616007,-0.1741408177192465,0.013746381,0.00018896298
3846,0,1,0.1701498,-0.16271353,0.1176991116279735,0.052450694,0.0027510754
3847,0,1,-0.09053707,0.11302185,-0.1617179193419859,0.07118085,0.0050667133
3848,0,1,0.15959454,-0.15088606,-0.0041294099377946,0.16372395,0.026805531
3849,0,1,0.02832365,-0.001537323,-0.1144225956742062,0.14274624,0.020376489
3850,0,1,0.11968231,-0.10592747,0.1148427574549639,0.0048395544,2.3421288e-05
3851,0,1,-0.087717056,0.11034536,-0.1641321188486184,0.07641506,0.0058392617
3852,0,1,0.16164255,-0.15318441,0.219599084999265,0.05795653,0.0033589595
3853,0,1,-0.19002819,0.20822334,-0.1884203076079114,0.00160788,2.585278e-06
3854,0,1,0.18232107,-0.17632008,0.2006407402097938,0.018319666,0.00033561018
3855,0,1,-0.17168236,0.1905551,-0.1383565639582471,0.03332579,0.0011106083
3856,0,1,0.13982487,-0.12866402,0.1332496986979965,0.006575167,4.3232823e-05
3857,0,1,-0.10586023,0.12758732,-0.0488378515852785,0.05702238,0.003251552
3858,0,1,0.065066814,-0.04377556,0.1800534615794733,0.11498664,0.013221928
3859,0,1,-0.15167713,0.17134476,-0.1131539580109493,0.038523175,0.001484035
3860,0,1,0.11861801,-0.10472202,0.067331574793398,0.051286437,0.0026302985
3861,0,1,-0.0405612,0.06575632,-0.0324980746004026,0.008063126,6.501401e-05
3862,0,1,0.051591396,-0.02832508,-0.0625081396642217,0.11409953,0.013018703
3863,0,1,0.07638025,-0.056711197,0.1388844747211246,0.06250422,0.003906777
3864,0,1,-0.11140156,0.13286114,-0.0155591835187589,0.09584238,0.009185761
3865,0,1,0.037679195,-0.012325287,0.0382896761687305,0.00061048195,3.7268822e-07
3866,0,1,-0.011511803,0.03844118,-0.070927391264612,0.059415586,0.003530212
3867,0,1,0.08336687,-0.06468248,-0.0353833437678865,0.118750215,0.014101613
3868,0,1,0.053966045,-0.03105259,0.0140849845887123,0.03988106,0.0015904991
3869,0,1,0.012830257,0.015642166,0.0832887829286948,0.070458524,0.004964404
3870,0,1,-0.056449413,0.0807457,-0.1010454756383039,0.04459606,0.0019888086
3871,0,1,0.108474255,-0.09323263,0.0564361035433371,0.05203815,0.0027079692
3872,0,1,-0.029681683,0.055514812,0.0752131836577874,0.10489487,0.011002934
3873,0,1,-0.048415184,0.0731616,-0.1699676981928908,0.12155251,0.014775014
3874,0,1,0.16659975,-0.15873909,0.2595627261021533,0.09296298,0.008642116
3875,0,1,-0.22844553,0.24540424,-0.2185595471118739,0.009885982,9.7732634e-05
3876,0,1,0.20813799,-0.20507097,0.0660928035553176,0.14204518,0.020176835
3877,0,1,-0.039325714,0.064591885,0.0142164189297968,0.053542133,0.0028667601
3878,0,1,0.0126981735,0.015766144,0.0712113051808698,0.058513135,0.003423787
3879,0,1,-0.044429302,0.06940174,-0.0848758563757998,0.040446557,0.001635924
3880,0,1,0.09497213,-0.0778985,0.1445063569810196,0.049534217,0.0024536387
3881,0,1,-0.11692095,0.13812208,-0.181072406000653,0.06415145,0.0041154088
3882,0,1,0.1760521,-0.16931772,0.2894483971903643,0.11339632,0.012858724
3883,0,1,-0.2569523,0.27315283,-0.2047537434680002,0.052198544,0.002724688
3884,0,1,0.19629097,-0.19189548,0.2577535506205564,0.06146258,0.0037776488
3885,0,1,-0.22671413,0.24372244,-0.4158960023362503,0.18918186,0.035789777
3886,0,1,0.3814497,-0.3944564,0.3024464791044119,0.079003215,0.006241508
3887,0,1,-0.26929092,0.2852044,-0.1910375012545087,0.07825342,0.0061235973
3888,0,1,0.18455458,-0.17881441,0.2428376980233659,0.05828312,0.003396922
3889,0,1,-0.2124095,0.22985458,-0.17863122268915,0.03377828,0.0011409723
3890,0,1,0.17397308,-0.16699171,0.2243498188765516,0.05037673,0.0025378147
3891,0,1,-0.19461155,0.21264887,-0.2072099822667734,0.01259844,0.0001587207
3892,0,1,0.19839478,-0.19423866,0.2518661753515951,0.053471386,0.0028591892
3893,0,1,-0.22107363,0.23825026,-0.2831116400040283,0.062038004,0.003848714
3894,0,1,0.26402426,-0.26680708,0.1369606646140102,0.12706359,0.016145155
3895,0,1,-0.10950899,0.13105917,-0.0743678371722342,0.035141155,0.0012349008
3896,0,1,0.08622503,-0.06794119,-0.0185212592314574,0.10474629,0.0109717855
3897,0,1,0.040108204,-0.01512146,0.0438809229508461,0.0037727207,1.4233421e-05
3898,0,1,-0.017117023,0.043703556,-0.0528482002306525,0.035731178,0.001276717
3899,0,1,0.06838131,-0.047568798,0.2432368070888309,0.1748555,0.030574447
3900,0,1,-0.21279192,0.23022652,-0.122618871236579,0.09017305,0.008131179
3901,0,1,0.12656736,-0.11370993,0.0750374769662709,0.051529884,0.002655329
3902,0,1,-0.04824114,0.07299662,-0.1775031626485326,0.12926203,0.016708672
3903,0,1,0.1730113,-0.16591597,0.1178341530834252,0.055177152,0.0030445182
3904,0,1,-0.09066963,0.11314964,0.0272765487050792,0.11794618,0.013911301
3905,0,1,-0.00044965744,0.02807045,0.1369813290304575,0.13743098,0.018887274
3906,0,1,-0.109528065,0.13108015,-0.2465184046564843,0.13699034,0.018766353
3907,0,1,0.23224545,-0.23178387,0.2024183965650783,0.029827043,0.0008896525
3908,0,1,-0.17340755,0.19221258,-0.1172620130685313,0.05614554,0.0031523218
3909,0,1,0.1220665,-0.108623505,0.1221330831567044,6.658584e-05,4.433674e-09
3910,0,1,-0.0949111,0.11717558,-0.1419124353135554,0.047001332,0.0022091253
3911,0,1,0.14282656,-0.13204384,0.0795622315776025,0.063264325,0.004002375
3912,0,1,-0.05274439,0.077246666,0.1178431094384713,0.1705875,0.029100094
3913,0,1,-0.090678215,0.11315584,0.0693102601521209,0.15998848,0.025596313
3914,0,1,-0.042533875,0.06761646,-0.0290098787685906,0.013523996,0.00018289847
3915,0,1,0.04872179,-0.025030136,0.0320911087055719,0.016630683,0.0002765796
3916,0,1,-0.0052890778,0.032605648,-0.1506352114272893,0.14534613,0.0211255
3917,0,1,0.15020132,-0.1403408,0.1968541270592378,0.04665281,0.0021764846
3918,0,1,-0.16801071,0.18702269,-0.1627488378996107,0.0052618682,2.7687258e-05
3919,0,1,0.16046858,-0.15186596,0.1778713663605762,0.017402783,0.00030285685
3920,0,1,-0.14954996,0.16930771,-0.2584579720001727,0.108908,0.011860952
3921,0,1,0.24258661,-0.2432046,0.3382587785289663,0.09567216,0.009153162
3922,0,1,-0.30309725,0.31836176,-0.5022039455538545,0.1991067,0.039643474
3923,0,1,0.4594822,-0.47789478,0.3251708835561704,0.13431132,0.01803953
3924,0,1,-0.2907729,0.30625296,-0.4526400505351953,0.16186714,0.026200972
3925,0,1,0.41451168,-0.42993498,0.4472445212470948,0.032732844,0.0010714391
3926,0,1,-0.40426397,0.41882324,-0.4541169981113215,0.049853027,0.0024853244
3927,0,1,0.41584635,-0.43136168,0.5070272622048764,0.09118092,0.00831396
3928,0,1,-0.4586587,0.4736433,-0.375302747828508,0.08335593,0.0069482117
3929,0,1,0.3452077,-0.35534,0.1888201714705255,0.15638752,0.024457058
3930,0,1,-0.1602068,0.17952871,0.0012889614777202,0.16149576,0.02608088
3931,0,1,0.023896694,0.003575325,0.0116398141913309,0.01225688,0.00015023112
3932,0,1,0.015295982,0.013335705,-0.0556444547140433,0.070940435,0.0050325454
3933,0,1,0.07069492,-0.050215244,0.1329982039932957,0.062303275,0.003881698
3934,0,1,-0.1056118,0.12735128,-0.1807718790285077,0.07516007,0.0056490363
3935,0,1,0.17579556,-0.16903114,0.2685908638661374,0.09279531,0.00861097
3936,0,1,-0.23707771,0.25379276,-0.3132847644851662,0.07620704,0.0058075134
3937,0,1,0.29042006,-0.29573584,0.2227638249230681,0.067656234,0.004577366
3938,0,1,-0.19308233,0.21117115,-0.183782272173838,0.009300053,8.649099e-05
3939,0,1,0.1783619,-0.17189884,0.2010774181887251,0.022715524,0.000515995
3940,0,1,-0.17210627,0.19096184,-0.375861114389477,0.20375484,0.041516036
3941,0,1,0.34570456,-0.3558774,0.3509916679812459,0.005287111,2.7953542e-05
3942,0,1,-0.31505013,0.3301344,-0.2384207386007135,0.076629385,0.005872063
3943,0,1,0.22524834,-0.22404337,0.0693905720014669,0.15585777,0.024291646
3944,0,1,-0.042613983,0.06769037,0.0587308590687953,0.10134484,0.010270776
3945,0,1,-0.031977177,0.0576725,-0.0463480287739557,0.014370851,0.00020652136
3946,0,1,0.06300974,-0.041419506,-0.0046394348635576,0.06764917,0.00457641
3947,0,1,0.02873993,-0.002017498,0.0508640316853412,0.022124104,0.00048947596
3948,0,1,-0.024109364,0.05027342,-0.0033996756436875,0.020709688,0.00042889116
3949,0,1,0.027727127,-0.00084733963,-0.2367510299602422,0.26447815,0.06994869
3950,0,1,0.22380686,-0.22244835,0.1302046559582095,0.093602195,0.008761371
3951,0,1,-0.10286331,0.12473583,-0.1300434786503501,0.027180165,0.0007387614
3952,0,1,0.13281584,-0.1207633,-0.0815489096076733,0.21436474,0.045952242
3953,0,1,0.09220028,-0.07474518,0.1692650434305092,0.07706477,0.0059389784
3954,0,1,-0.14115667,0.16126823,-0.1048915952428801,0.036265075,0.0013151556
3955,0,1,0.11169338,-0.096880436,0.1212353329562114,0.009541951,9.104883e-05
3956,0,1,-0.094025135,0.11633539,-0.2032920823625241,0.10926695,0.011939267
3957,0,1,0.19503832,-0.19050169,-0.0171896111200435,0.21222793,0.045040693
3958,0,1,0.039013863,-0.013864517,-0.0284406500493075,0.06745452,0.004550112
3959,0,1,0.048254013,-0.02449131,0.0428728744100093,0.005381137,2.8956636e-05
3960,0,1,-0.016107082,0.042754173,-0.0450764743056204,0.028969392,0.00083922566
3961,0,1,0.06195879,-0.040216923,-0.0593497472666531,0.121308535,0.014715761
3962,0,1,0.07376242,-0.05372095,0.0228213734047786,0.050941043,0.0025949897
3963,0,1,0.0040311813,0.023874283,0.1445001997357735,0.14046901,0.019731544
3964,0,1,-0.116915226,0.13811493,-0.2387363804214253,0.12182115,0.014840392
3965,0,1,0.22552109,-0.2243452,0.3461824547643095,0.12066138,0.014559168
3966,0,1,-0.31053877,0.32568884,-0.2243811358102014,0.086157635,0.0074231382
3967,0,1,0.21314573,-0.21063042,0.2285634236423419,0.015417695,0.00023770532
3968,0,1,-0.19867563,0.21657085,-0.3859611575243642,0.18728551,0.035075862
3969,0,1,0.35469437,-0.36560297,0.3895012606485002,0.034806907,0.0012115208
3970,0,1,-0.35098457,0.36568165,-0.281889061992203,0.06909552,0.004774191
3971,0,1,0.26295948,-0.26563644,0.2184312522881475,0.04452823,0.0019827634
3972,0,1,-0.18889952,0.20713615,-0.3629019826510999,0.17400247,0.03027686
3973,0,1,0.33419657,-0.34340668,0.3253228715612266,0.008873701,7.8742574e-05
3974,0,1,-0.2909174,0.30639315,-0.2150931432456531,0.07582426,0.0057493183
3975,0,1,0.20516014,-0.20176172,0.1579241595602827,0.04723598,0.002231238
3976,0,1,-0.13007212,0.15067005,-0.0171771642731757,0.11289495,0.0127452705
3977,0,1,0.039005756,-0.013853073,0.0209666617657164,0.018039094,0.0003254089
3978,0,1,0.005897999,0.022127151,-0.0904241521047017,0.09632215,0.009277957
3979,0,1,0.09959936,-0.083156586,0.1077710895774144,0.00817173,6.677717e-05
3980,0,1,-0.0807271,0.10371542,0.0760540583792721,0.15678117,0.024580333
3981,0,1,-0.049253464,0.0739522,-0.1575060043191607,0.10825254,0.011718612
3982,0,1,0.1560216,-0.14687729,0.0020184418874054,0.15400316,0.023716973
3983,0,1,0.023301601,0.004263878,-0.0262312187902882,0.04953282,0.0024535002
3984,0,1,0.046437263,-0.022404194,-0.0571825860211108,0.10361985,0.010737074
3985,0,1,0.07196808,-0.05167055,0.1081059203882786,0.03613784,0.0013059436
3986,0,1,-0.081058025,0.104029655,-0.0055936636819424,0.07546436,0.00569487
3987,0,1,0.029519558,-0.0029182434,0.0304171754139268,0.000897618,8.057181e-07
3988,0,1,-0.0036063194,0.031029224,0.0731404596139171,0.07674678,0.0058900677
3989,0,1,-0.046350956,0.07121515,-0.1046476855354541,0.058296733,0.003398509
3990,0,1,0.11148834,-0.09664917,0.1297380123116562,0.018249676,0.00033305067
3991,0,1,-0.10240412,0.12429905,-0.0909233635949435,0.011480756,0.00013180776
3992,0,1,0.10001516,-0.08363056,0.3170211348182903,0.21700597,0.04709159
3993,0,1,-0.28308344,0.29870796,-0.2762502419876522,0.0068331957,4.6692563e-05
3994,0,1,0.25804663,-0.26023626,0.2112486490903551,0.046797976,0.0021900504
3995,0,1,-0.18195677,0.2004447,-0.2791360188105836,0.097179264,0.009443809
3996,0,1,0.260561,-0.26299953,0.1108110647953939,0.14974993,0.022425042
3997,0,1,-0.083732605,0.106565475,-0.1264080376432845,0.042675436,0.0018211928
3998,0,1,0.12975502,-0.11730957,0.1375048985343774,0.0077498853,6.0060724e-05
3999,0,1,-0.110044,0.1315713,-0.3119326269736699,0.20188862,0.040759016
